ride_id,t_start,t_end,label,mean_x,mean_y,mean_z,std_x,std_y,std_z,max_x,max_y,max_z,min_x,min_y,min_z,jerk_mean,jerk_std,mag_mean,mag_std,mag_max
2,1771107923098,1771107926559,0,-0.14525867154200872,-0.1036772092183431,-0.253421147664388,0.6032220647230586,0.7122848235719759,0.9030240295574394,1.1384626626968384,0.9978771209716796,1.0747525691986084,-1.402109980583191,-1.5226097106933594,-2.974632501602173,14.363406554645932,8.210019189858635,1.187402879242732,0.5722930483918027,3.1641482298102797
2,1771107924532,1771107927634,0,-0.27782052705685295,-0.1350547154744466,-0.4835946162541707,0.6419043925381761,0.6236471608240107,0.8757849945587138,1.1802304983139038,0.9978771209716796,0.9130251407623292,-1.402109980583191,-1.5226097106933594,-2.974632501602173,15.53180346704879,7.036393427302575,1.231052500582689,0.5838410470334617,3.1641482298102797
2,1771107925600,1771107928718,0,-0.19470076362291971,-0.05616200764973958,-0.2779344399770101,0.636085509061245,0.6345741358600155,0.769487010109908,1.1802304983139038,1.03460693359375,0.9130251407623292,-1.3978400230407717,-1.5226097106933594,-1.513377666473389,14.617528011821957,5.331325986562875,1.1286279278576055,0.4517343975470062,2.0535143986913997
2,1771107926659,1771107929779,0,-0.14975808411836625,0.06394708951314292,-0.1668609420458476,0.6085582803662756,0.6595510245039257,0.8531193072454843,1.1802304983139038,1.1009521484375,1.535211443901062,-1.3978400230407717,-1.8295254707336424,-2.0493099689483643,13.86783022916987,6.075029628660816,1.1382274705609083,0.49916000884359873,2.1186213379400582
2,1771107927743,1771107930837,0,-0.0696840522189935,0.05255980491638183,-0.029762566089630127,0.5496713700527736,0.6918310347605702,0.9604008713659047,1.3769794702529907,1.1009521484375,1.535211443901062,-1.3610223531723022,-1.8295254707336424,-2.0493099689483643,14.059770869246114,6.245243288498931,1.1916752462668014,0.4928261144571172,2.1186213379400582
2,1771107928827,1771107931913,0,-0.0660623294611772,0.014285453160603855,0.20938360293706257,0.6257573253932679,0.646382113186561,1.2755985507801182,1.3769794702529907,1.1009521484375,3.1918158531188965,-1.9762167930603027,-1.8295254707336424,-2.0493099689483643,15.916789315142129,9.486996790527774,1.4121335914311206,0.650944505010842,3.8641358130475107
2,1771107929878,1771107932981,0,0.0016847185790538825,0.029627863566080728,0.28293180068333945,0.5966639041988144,0.5441600790303128,1.245568051982828,1.3769794702529907,1.0187721252441406,3.1918158531188965,-1.9762167930603027,-1.4006881713867188,-1.8135699033737185,15.87340225204005,9.531951157630498,1.3306178774465602,0.6750425036384947,3.8641358130475107
2,1771107930947,1771107934043,0,-0.025485813121000924,0.14487066268920898,0.32210912307103473,0.5323578893454708,0.5356291358098679,1.108911283330223,0.8651558756828308,1.2209339141845703,3.1918158531188965,-1.9762167930603027,-0.9094982147216796,-1.8135699033737185,15.240471986353533,9.27940161149017,1.1683520604572264,0.7194343485066422,3.8641358130475107
2,1771107932024,1771107935123,0,0.039446077992518744,0.017025279998779296,0.177308984597524,0.39370055946999133,0.578065711493658,0.9074277968055038,0.8651558756828308,1.2209339141845703,2.5997753143310547,-0.6345312595367432,-1.2016258239746094,-1.804672360420227,13.514228264761293,6.626795537181808,1.0246501692991372,0.5107892676595729,2.664667860722613
2,1771107933106,1771107936200,0,-0.029149330407381057,0.07428309122721354,-0.09946884711583455,0.4839104348761884,0.6901265878771813,1.0631527066897128,0.7037539482116699,1.8318605422973635,2.5997753143310547,-1.2737901210784912,-1.2095718383789062,-2.851665735244751,14.920971002191159,7.057057106798583,1.1804101588960958,0.6450928885092369,3.123236219059456
2,1771107934148,1771107937259,0,0.020102330793937053,0.13480195999145508,-0.1881835341453552,0.5894519147732529,0.6847825391237156,1.153137596342886,1.0129029750823977,1.8318605422973635,2.5997753143310547,-1.2737901210784912,-1.2095718383789062,-2.851665735244751,17.11877288444445,7.676481658482449,1.3181172855226322,0.6360917614416929,3.123236219059456
2,1771107935224,1771107938327,0,0.07703895270824432,0.25467844009399415,-0.1883430322011312,0.6319752101339084,0.6940149496355976,1.2074214511620274,1.0670219659805298,1.8318605422973635,2.738949775695801,-1.2737901210784912,-1.270258903503418,-2.851665735244751,19.615955784385793,7.5241055196206235,1.3815324199623928,0.688769134396045,3.123236219059456
2,1771107936300,1771107939394,0,0.15159640908241273,0.09492851893107096,-0.10333320697148642,0.5870233054232011,0.6444492520499213,1.1083059816833707,1.0670219659805298,1.4495515823364258,2.738949775695801,-0.7306386232376099,-1.270258903503418,-2.394026756286621,19.395876417894677,6.913704567677089,1.271247159494603,0.6004993982759392,2.742603328356059
2,1771107937368,1771107940461,0,0.12192915032307307,-0.03413778940836588,-0.10623913208643596,0.46613405618359793,0.6069408950102945,1.0495033297142602,1.0670219659805298,1.4495515823364258,2.738949775695801,-0.7234360575675964,-1.270258903503418,-2.394026756286621,17.168743085793878,7.985357864167706,1.14285656739879,0.603503556919331,2.742603328356059
2,1771107938436,1771107941537,0,0.08490912566582362,-0.001100762685139974,-0.33800976673762,0.41123640772604136,0.5279496151122018,0.778166527638739,1.043713927268982,1.0481109619140625,0.8867878913879395,-0.7234360575675964,-0.9660930633544922,-1.8647098541259768,13.118169926663628,6.698849809995727,0.9574691808752498,0.4802913854741613,1.9083575063412566
2,1771107939503,1771107942607,0,0.03882728740572929,0.09415009816487631,-0.31905190149943036,0.38216882820740067,0.5680833780545459,0.84063218630025,0.7617080807685852,1.5835704803466797,1.1899325847625732,-0.6037243008613586,-0.7445411682128906,-1.8647098541259768,12.630395993757373,6.9046129743284155,0.9939273107787161,0.5191446738217559,2.1868383557106377
2,1771107940570,1771107943656,0,0.04656895672281584,0.1346501350402832,-0.3368275880813599,0.3775558827431614,0.5087587915283353,0.8256856746520815,0.7617080807685852,1.5835704803466797,1.379325270652771,-0.6037243008613586,-0.7389011383056641,-1.6882295608520508,12.261664906360519,6.307116276501062,0.9289432690022349,0.5734222552112781,2.1868383557106377
2,1771107941638,1771107944724,0,0.07453585589925447,0.03952045440673828,-0.24045141140619913,0.3531666971689641,0.4430983735626238,0.8078582132173863,0.7617080807685852,1.5835704803466797,1.379325270652771,-0.6037243008613586,-0.7389011383056641,-1.6882295608520508,11.657123372036322,6.628475399567723,0.8672509335013976,0.5126516708606478,2.1868383557106377
2,1771107942713,1771107945792,0,0.18041303207476933,0.06971127192179362,-0.12428670326868693,0.33083056067794275,0.34041470381591027,0.723468888910645,0.9676796793937684,1.1766109466552734,1.379325270652771,-0.5336428880691528,-0.4655923843383789,-1.7258963584899902,10.567722023240059,6.610198076629181,0.7703386596110527,0.43535286430715775,2.1077001469977104
2,1771107943764,1771107946859,0,0.16364316095908482,0.07855752309163412,-0.19681159257888795,0.4716448717039988,0.40087003024812295,0.8205836435622335,1.0921008586883545,1.1766109466552734,1.7544220685958862,-1.0929487943649292,-0.4655923843383789,-1.7258963584899902,12.623226207566933,7.612637021169948,0.951211647758656,0.4411989724732869,2.1077001469977104
2,1771107944832,1771107947936,0,0.09578929270307222,0.025399525960286457,-0.13043595949808756,0.4732898559916375,0.4793228708207048,0.81799060294551,1.0921008586883545,1.1766109466552734,1.7544220685958862,-1.0929487943649292,-0.8671731948852539,-1.7258963584899902,13.293897662330263,7.945627756817216,0.9587053214096506,0.4470037667479901,2.1077001469977104
2,1771107945899,1771107949002,0,-0.003103552386164666,0.06820265452067058,-0.28821496963500975,0.46365515376910427,0.5473152404665199,0.905133582627601,1.0921008586883545,1.4148063659667969,1.7544220685958862,-1.0929487943649292,-0.8671731948852539,-2.316591739654541,14.363920911679589,8.286925094710664,1.0245111767244621,0.5820086492346745,2.5643420614658328
2,1771107946967,1771107950070,0,-0.01555693360666434,0.06588643391927083,-0.3571692705154419,0.4457916575775822,0.5591730481209521,0.8856232022699442,0.8300344347953796,1.4148063659667969,1.5247564315795898,-0.9850988388061525,-0.8671731948852539,-2.316591739654541,13.545877204826082,8.155159837719019,1.0046151614562342,0.6232091776219639,2.5643420614658328
2,1771107948045,1771107951155,0,0.036683126663168274,0.15120129585266112,-0.21213734944661458,0.4757530480622959,0.6475597865204052,1.1215812021408105,1.049378514289856,1.4148063659667969,2.4570553302764893,-0.9850988388061525,-1.543527126312256,-2.316591739654541,16.170573405929566,8.420751002679475,1.1926937765482946,0.7096791595298089,2.5643420614658328
2,1771107949130,1771107952197,0,0.01110212877392768,0.1027921199798584,-0.07776182492574056,0.4986210425390364,0.7316590276303032,1.073912916541827,1.049378514289856,1.6012039184570312,2.4570553302764893,-0.7591477632522583,-1.543527126312256,-2.23132872581482,16.77392912693601,7.592508765151079,1.2311649664737763,0.6217035595217794,2.522760890869977
2,1771107950179,1771107953273,0,-0.11413274531563126,0.14178539911905924,-0.019083158175150515,0.6963694699645353,0.8366096295928085,1.2143935253678473,1.049378514289856,1.6012039184570312,2.535597801208496,-1.7759684324264526,-1.543527126312256,-2.110926389694214,21.25839020544697,10.77238926423863,1.465542388556709,0.6872911930115052,2.768015157660579
2,1771107951238,1771107954359,0,-0.18579985573887825,0.2259909152984619,-0.27558840115865074,0.7286915197676613,0.8044155599985963,1.182455762781436,0.9098451137542723,1.6012039184570312,2.535597801208496,-1.7759684324264526,-1.1614627838134766,-2.2039618492126465,21.729348274800454,10.503199672430824,1.4763942719367116,0.6989182607852082,2.768015157660579
2,1771107952306,1771107955419,0,-0.20754782631993293,0.12465551694234213,-0.12215428352355957,0.7758404447894378,0.7568113832492425,1.2732915047786162,1.5470521450042725,1.2456865310668943,2.91869592666626,-1.7759684324264526,-1.4753351211547852,-2.2039618492126465,21.429778010467114,12.034911569863251,1.464186001705135,0.8088692429891225,3.3502179919320083
2,1771107953381,1771107956476,0,-0.08783555999398232,-0.007353051503499349,-0.03420480887095132,0.6121794028772689,0.6562661562554326,1.0686097900243967,1.5470521450042725,1.0962600708007812,2.91869592666626,-1.3039761781692505,-1.4753351211547852,-2.2039618492126465,17.010704474541367,8.785405756128295,1.1861373184055126,0.7079455199241614,3.3502179919320083
2,1771107954465,1771107957551,0,-0.06167206093668938,-0.04910888671875,0.11193151871363322,0.5343978289926082,0.6107625742857,0.9553378463561744,1.5470521450042725,1.2246437072753906,2.91869592666626,-0.8039690256118774,-1.4753351211547852,-1.5426818132400513,14.937669407032987,7.988074338786722,1.0939064944195473,0.5939511090251106,3.3502179919320083
2,1771107955525,1771107958610,0,0.01577345480521521,0.043799304962158205,-0.08192309935887655,0.3905103404503138,0.5651946549217214,0.8385780320437772,0.7455766201019287,1.2246437072753906,1.2498440742492676,-0.8039690256118774,-0.9965581893920898,-1.5426818132400513,14.02185101802902,5.652201283038267,1.0033982530155603,0.3779095122901875,1.6658364805972994
2,1771107956576,1771107959695,0,0.027780686070521674,0.16032311121622722,0.001098676522572837,0.28114737217806973,0.5253246358470169,0.8259246445349222,0.5237073302268982,1.2246437072753906,1.2498440742492676,-0.6308837532997131,-0.6368513107299805,-1.5426818132400513,12.587326843478643,6.060610827243843,0.9421943032230882,0.382373252005853,1.6658364805972994
2,1771107957652,1771107960780,0,-0.0117938220500946,0.11756979624430339,-0.22593632141749065,0.3012725738003536,0.5550423351382515,0.7414524808891354,0.5237073302268982,1.1590824127197266,1.2498440742492676,-0.713406503200531,-1.0466928482055664,-1.4693537950515747,11.795652912478316,6.0718404332102605,0.9187157015339042,0.37775161510458805,1.9085610003340157
2,1771107958719,1771107961847,0,-0.018768953531980524,0.027495098114013666,-0.0627865751584371,0.35358194706257806,0.5450753839361555,0.6812101675591038,0.5112699866294861,1.001875877380371,1.2099668979644775,-0.713406503200531,-1.0466928482055664,-1.4693537950515747,10.143542046737043,4.538630066616174,0.8635149482178253,0.3464517383628761,1.9085610003340157
2,1771107959816,1771107962915,0,-0.04427516559759777,0.10379343032836914,-0.19086080193519592,0.49269264173150656,0.6222023193593357,0.6115624642630457,0.831436812877655,1.122152328491211,1.2099668979644775,-1.1458542346954346,-1.0466928482055664,-1.4693537950515747,11.789446855022252,5.653893612425336,0.9347222528587326,0.38847569695137685,1.9085610003340157
2,1771107960890,1771107963983,0,0.018382136523723603,0.07394224802652995,-0.07396957675615946,0.5092378687276697,0.8054670732657095,0.6326248348417763,0.831436812877655,2.2884035110473637,1.2099668979644775,-1.1458542346954346,-1.8807506561279297,-1.359225511550903,13.992881232277862,7.512876399409407,1.026297318219059,0.4799728226332967,2.6234285255031327
2,1771107961957,1771107965050,0,-0.04090072015921275,0.183922545115153,-0.27237648765246075,0.4992631799096771,0.825522939214711,0.5543816875939349,0.831436812877655,2.2884035110473637,0.590857982635498,-1.1458542346954346,-1.8807506561279297,-1.359225511550903,14.481582532867629,7.549174267157415,1.0400359693170347,0.48227447100366755,2.6234285255031327
2,1771107963023,1771107966168,0,-0.0026414102564255417,0.03764305114746095,-0.1780803879102071,0.3571628039479302,0.8042417462367282,0.599013083500348,0.6249676942825317,2.2884035110473637,1.1087673902511597,-0.6274704337120056,-1.8807506561279297,-1.359225511550903,12.742106158249014,7.199579085015399,0.9555618210199038,0.4721031943698085,2.6234285255031327
2,1771107964098,1771107967202,0,-0.07173546465734641,0.09949626922607421,0.002122664451599114,0.3782407213750287,0.5763755927783666,0.6411537582531526,0.6249676942825317,1.3271865844726562,1.8698145151138303,-0.9251750707626344,-0.8206548690795898,-1.1238986253738403,12.138689301676845,5.131722069791652,0.8598423925800173,0.37026871712579223,1.9584823774351472
2,1771107965177,1771107968278,0,-0.06488841784497103,-0.023156261444091792,0.16234620014826454,0.36990675370000903,0.6109312409368468,0.6953005447570589,0.4985828101634979,1.3271865844726562,1.8698145151138303,-0.9251750707626344,-1.0672988891601562,-1.010058879852295,12.335881726712536,5.569370272869268,0.9303311082791834,0.36100555565393905,1.9584823774351472
2,1771107966227,1771107969354,0,0.012399082382520032,0.047300561269124346,0.11323232253392537,0.5591268405863252,0.6369743971440204,0.9770929226994444,1.1957886219024658,1.3419103622436523,2.3175125122070312,-1.0664080381393433,-1.0672988891601562,-2.19107723236084,15.225996663972118,8.27813578546834,1.1435596058625908,0.5796415600930102,2.6109548236699247
2,1771107967311,1771107970430,0,0.22012456407149633,0.01644770304361979,0.10004576444625854,0.6725915847605248,0.6566059246454876,0.9976331981592825,1.5823359489440918,1.3419103622436523,2.3175125122070312,-1.0664080381393433,-1.0672988891601562,-2.19107723236084,14.580348281662566,8.880606252477545,1.2594994231465653,0.5463538019596825,2.6109548236699247
2,1771107968386,1771107971517,0,0.33567532934248445,0.03206211725870768,0.17244890928268433,0.7625104972222867,0.824485737024318,1.6432942431732132,1.723561406135559,1.9422149658203125,5.549637794494629,-1.1290488243103027,-1.7040348052978516,-2.4554283618927,21.94129646375979,14.810781832930779,1.704962110559724,1.0501772562624285,5.6363764655008906
2,1771107969463,1771107972616,0,0.24653484312196572,-0.05599546432495117,0.15057249069213868,0.694932860643251,0.7708394269996539,1.549628121308805,1.723561406135559,1.9422149658203125,5.549637794494629,-1.1290488243103027,-1.7040348052978516,-2.4554283618927,20.83235252020321,14.192696230551302,1.5475825496837574,1.0442446129190204,5.6363764655008906
2,1771107970539,1771107973700,0,0.09363513427476088,-0.10666065216064453,0.08021347125371298,0.5831962261976676,0.6963563097113497,1.5348273892426032,1.723561406135559,1.9422149658203125,5.549637794494629,-1.1290488243103027,-1.7040348052978516,-2.4554283618927,20.43897590815195,14.349148994504832,1.381052813187258,1.1113701960473357,5.6363764655008906
2,1771107971622,1771107974758,0,0.02001470252871513,-0.0809576670328776,0.06519721349080404,0.41778879026800325,0.34047388179473553,0.8746857505510105,0.6487264633178711,0.6793889999389648,1.8437950611114504,-0.9291300773620604,-0.7285642623901367,-1.7051949501037598,13.583824099016585,6.452445842423826,0.9272909668850453,0.42144717986408714,1.8709708677168797
2,1771107972725,1771107975809,0,-0.05657578532894452,0.003254826863606772,0.05243179400761922,0.4434132085542716,0.31359062149130235,0.8024052716909932,0.6487264633178711,0.6793889999389648,1.8437950611114504,-0.9291300773620604,-0.5254831314086914,-1.3406792879104614,12.267000591567504,6.952081109393557,0.8796256812154563,0.3802006544865756,1.8709708677168797
2,1771107973809,1771107976895,0,0.05721502726276715,0.010573577880859377,0.29795379638671876,0.4536495372448487,0.4206307392530561,0.8409317919760487,0.9589775800704956,1.4259939193725586,2.163540363311768,-0.8705118894577026,-0.5254831314086914,-1.0972614288330078,12.13670961232546,6.682409615310891,0.9665444104381068,0.4677735019868162,2.366562731549535
2,1771107974871,1771107977987,3,0.13079263120889664,0.12983919779459635,0.29159557024637855,0.41950551101329187,0.48654567819146627,0.7214897940944724,0.9589775800704956,1.4259939193725586,2.163540363311768,-0.8705118894577026,-0.551264762878418,-1.031651735305786,10.648708316521313,7.527103390896835,0.9221586181187844,0.42030388826566606,2.366562731549535
2,1771107975918,1771107979030,3,0.3476543833812078,0.25030670166015623,0.5653786341349284,0.24996739256488698,0.47869645113314235,0.512570152387867,0.9589775800704956,1.4259939193725586,2.163540363311768,-0.3736008405685425,-0.551264762878418,-0.5881786346435547,6.820126750619434,7.832214066801161,0.9456471315621172,0.38703772887074367,2.366562731549535
2,1771107977013,1771107980089,3,0.3728078881899516,0.41761515935262045,0.498251994450887,0.1753703170993712,0.29148491801224985,0.3535764589194706,0.4399892687797546,1.3120698928833008,1.0988998413085938,-0.3736008405685425,-0.551264762878418,-0.5881786346435547,2.890645871851324,6.3030716092659835,0.878160555805485,0.1548768084683218,1.4071546445063428
2,1771107978081,1771107981151,0,0.35163345249990624,0.3636116663614909,0.20985631545384725,0.24709443026042568,0.14011332594340636,0.574408862338872,0.8027141094207764,0.4540786743164062,0.5936193466186523,-0.3322802186012268,0.0431203842163085,-1.0167641639709473,2.3218831887757543,3.9486126872515883,0.8152788620212241,0.1824113116321287,1.1254089385602786
2,1771107979130,1771107982218,0,0.25507115907967093,0.23803602854410807,-0.05936355193456014,0.35637120094963354,0.1866178849671548,0.5383773413708215,0.8027141094207764,0.4540786743164062,0.5936193466186523,-0.5353253483772278,-0.1401453018188476,-1.0167641639709473,4.382713029948989,4.288704357298741,0.7034298849131833,0.2633742792945178,1.1254089385602786
2,1771107980244,1771107983266,0,0.15866374894976615,0.10908438364664713,-0.3287826100985209,0.38184191769700826,0.11540300003037775,0.296417368351259,0.8027141094207764,0.306884765625,0.2196125984191894,-0.5353253483772278,-0.1401453018188476,-1.0167641639709473,6.066407756438148,3.4806694309558215,0.5571083908360968,0.27584362207256113,1.1254089385602786
2,1771107981249,1771107984327,0,0.05263680033385755,0.05532337824503581,-0.10795459747314454,0.4161599504605385,0.116433720336938,0.29364238980993906,0.8015515804290771,0.2860603332519531,0.4783492088317871,-0.7297173738479614,-0.2113924026489257,-0.5817935466766357,5.653968742749603,3.7545087470367937,0.4858740976181955,0.21643962695250732,0.930097711067503
2,1771107982326,1771107985387,0,-0.061374201501409216,0.04598846435546875,-0.05292541186014812,0.47286390353732444,0.12312545131064338,0.29323989022551494,0.7343343496322632,0.2822103500366211,0.4783492088317871,-0.8211012482643127,-0.2113924026489257,-0.5817935466766357,6.691658985570314,4.369296119613005,0.5333741324137282,0.1985802732581546,0.8548413001344443
2,1771107983369,1771107986440,0,-0.10347990045944849,0.007477219899495454,0.06736794312795004,0.5098087347799504,0.14193472678583025,0.3034462787792618,0.7343343496322632,0.2822103500366211,0.5145375728607178,-0.8211012482643127,-0.2255802154541015,-0.4701099395751953,7.099527985648763,4.4168323449176965,0.5820759320481863,0.19355771475830685,0.8548413001344443
2,1771107984435,1771107987514,0,-0.1131951962908109,0.0015989303588867243,0.04983449776967365,0.5507013032418205,0.1316446552054252,0.2696099913349692,0.7343343496322632,0.2822103500366211,0.5145375728607178,-0.8211012482643127,-0.2255802154541015,-0.4701099395751953,8.112593352509101,3.901826613546131,0.5996718813410351,0.1926446149144963,0.8548413001344443
2,1771107985498,1771107988588,0,-0.06751177037755648,0.004464530944824219,0.01445879141489665,0.5231411429862237,0.13430263900119863,0.259635445018649,0.7325884103775024,0.2174329757690429,0.5145375728607178,-0.7059086561203003,-0.2287635803222656,-0.4701099395751953,7.203669446720908,3.80351497744079,0.5631744364766326,0.189668458307553,0.8484513455169852
2,1771107986545,1771107989656,0,-0.102187796185414,0.01222047805786133,-0.03831397692362467,0.49613575722521974,0.15351741290720855,0.21363299037130298,0.7195771932601929,0.2665443420410156,0.3723957538604736,-0.7059086561203003,-0.2697181701660156,-0.4116826057434082,7.585698655630809,3.631272300704753,0.5376956871482395,0.1695483559951183,0.757295560263641
2,1771107987622,1771107990727,0,-0.08057466919223467,0.027107461293538405,-0.13919224341710407,0.47344871766023655,0.15820672599757918,0.22521937634577785,0.7195771932601929,0.2665443420410156,0.3723957538604736,-0.7059086561203003,-0.2697181701660156,-0.6278265714645386,7.146421181312202,3.444422805417076,0.5418930457767118,0.1537914926234411,0.755803723723899
2,1771107988697,1771107991807,0,-0.08789411957065264,0.03895088831583659,-0.19929765462875365,0.4100240278353051,0.14799759506621787,0.24953903549800294,0.5924168825149536,0.28277587890625,0.3723957538604736,-0.635156512260437,-0.2697181701660156,-0.63858962059021,6.627904667936185,3.231923055453512,0.5148469760833323,0.16951551258333186,0.9075472823935834
2,1771107989765,1771107992867,0,-0.06101628007988135,0.07873436609903971,-0.2836841861406962,0.3286872671198423,0.14156626496134941,0.2566069597802779,0.5552260875701904,0.4570579528808594,0.2375538349151611,-0.635156512260437,-0.2449979782104492,-0.9109880924224854,5.3356936441298135,2.97886175658607,0.4888285789535128,0.20061483467575428,0.9470550100545722
2,1771107990832,1771107993935,0,0.038114494209488224,0.061641693115234375,-0.09925914605458577,0.2522275503215444,0.14049609440002447,0.4320400485347607,0.6366378664970398,0.4570579528808594,0.9410666227340698,-0.635156512260437,-0.2449979782104492,-0.9109880924224854,4.54117359725881,2.495387714109995,0.4712101903504055,0.23653028755058736,0.9477837383052284
2,1771107991908,1771107994994,0,0.08145963785549006,-0.009393596649169911,0.11800611813863118,0.2784318797977491,0.1692188635856862,0.43969998140760436,0.8654766082763672,0.4570579528808594,0.9410666227340698,-0.4198318719863891,-0.4336509704589844,-0.9109880924224854,5.152309620186129,2.816888958778435,0.49920870709209636,0.2511056621237124,1.0084798567758686
2,1771107992976,1771107996065,0,0.17498983119924863,-0.06530987421671548,0.28954605261484784,0.42568021650070614,0.1453479191343973,0.31481848818383956,0.9753755331039428,0.188507080078125,0.9410666227340698,-0.7652996778488159,-0.4336509704589844,-0.3009068965911865,6.555111373355525,3.401796369529225,0.5938661669213042,0.2437615703133094,1.0084798567758686
2,1771107994036,1771107997121,0,0.0992711623509725,-0.07467075983683266,0.21572080453236897,0.4541249164571087,0.1773314085514346,0.28399287691046693,0.9753755331039428,0.3121347427368164,0.7700400352478027,-0.7652996778488159,-0.4336509704589844,-0.4200820922851562,6.716288213270423,3.3836299999000405,0.5659131292522539,0.22611831651388153,1.0084798567758686
2,1771107995102,1771107998189,0,0.06023063361644745,0.013962427775065116,-0.019934225082397464,0.45026779724441346,0.1979946105792684,0.34795929045517365,0.9753755331039428,0.3580274581909179,0.5794429779052734,-0.7652996778488159,-0.401890754699707,-0.6121788024902344,6.157069521381631,3.2642684263462765,0.5633881660399543,0.19756752250349696,1.0061227927305643
2,1771107996171,1771107999261,0,-0.021599728365739184,0.049037011464436855,-0.08981328010559082,0.3183412803914186,0.18854271191596667,0.3144828835504507,0.5599029064178467,0.3580274581909179,0.5015058517456055,-0.6524258852005005,-0.323430061340332,-0.6121788024902344,5.245300593686631,2.29145316037881,0.45555051952864584,0.1800594776100249,0.7764782930259614
2,1771107997257,1771108000324,0,-0.00856284499168397,0.06903463999430338,-0.13653167088826498,0.35199441036475293,0.1740712612505313,0.28368088178572465,0.6181211471557617,0.3580274581909179,0.417259931564331,-0.5719007253646851,-0.2553358078002929,-0.6121788024902344,5.491421328298911,2.397723353076291,0.4694744215488816,0.1759514717346883,0.7808033403082675
2,1771107998290,1771108001391,0,0.0025742868582407505,0.050487963358561185,-0.04962967236836751,0.36754296626758265,0.17103062746600242,0.23202659767946454,0.6181211471557617,0.3541755676269531,0.417259931564331,-0.5781324505805969,-0.2553358078002929,-0.5138933658599854,5.830887361113609,2.358543441540904,0.43180070943126897,0.17460311963095976,0.7808033403082675
2,1771107999365,1771108002468,0,-0.010875674585501352,0.050531355539957676,-0.09098025163014727,0.36611367503010983,0.1445500615880197,0.17866103964046187,0.6181211471557617,0.3021392822265625,0.4029686450958252,-0.5781324505805969,-0.2553358078002929,-0.3691544532775879,5.594287927497264,2.413520710410363,0.4064887017632747,0.16507456978266097,0.7808033403082675
2,1771108000433,1771108003545,0,-0.006668889025847123,0.048231919606526695,-0.07435932159423828,0.30641913918823394,0.11889448875563352,0.1688112939217665,0.4584225416183471,0.3021392822265625,0.3198025226593017,-0.5781324505805969,-0.1963577270507812,-0.3691544532775879,4.703760627271455,2.0026085126878392,0.3458720602973781,0.14472661026131323,0.6350408145827203
2,1771108001500,1771108004612,0,-0.0007989828785260462,0.0312803268432617,-0.030869690577189128,0.26291025309094646,0.10355333570105654,0.16125914237151315,0.3597670793533325,0.2330894470214843,0.3198025226593017,-0.4213509857654571,-0.1974687576293945,-0.2714920043945312,4.044417850390658,1.372443575528871,0.30494734415883823,0.10792927587386955,0.46921102550461574
2,1771108002577,1771108005688,0,-0.0038712886472543036,0.035163497924804665,0.0022563536961873274,0.24645966110310627,0.1122054037550249,0.16265189156183532,0.3597670793533325,0.2330894470214843,0.3198025226593017,-0.4213509857654571,-0.1974687576293945,-0.2682316303253174,3.9026469553548124,1.2556116681742728,0.2917463568041836,0.11417952922117997,0.46921102550461574
2,1771108003653,1771108006756,0,0.01562879607081414,0.02952283223470051,0.007274532318115232,0.26622470005964605,0.11484080989557356,0.15080882168022924,0.3597670793533325,0.2106103897094726,0.2809407711029053,-0.4213509857654571,-0.1974687576293945,-0.2682316303253174,3.873279134303916,1.5752194390518253,0.3065410120281333,0.10396506433959792,0.46451989284308404
2,1771108004720,1771108007817,0,0.011178795248270033,0.025559329986572257,-0.037097692489624016,0.2741017327834564,0.10516199182840576,0.17973389425959896,0.4040140509605407,0.2106103897094726,0.2809407711029053,-0.4937450289726257,-0.1991682052612304,-0.3985538482666015,3.7503601555432606,1.8077669049366347,0.3230801914164845,0.11288801955909321,0.5182973125435221
2,1771108005796,1771108008900,0,0.09495996789385876,0.029745006561279295,-0.10121580759684241,0.3076708656329662,0.10647566826322624,0.19162748883899153,0.5820488929748535,0.2314691543579101,0.2669339179992676,-0.4937450289726257,-0.1991682052612304,-0.517061710357666,3.8280614832229896,2.222247548471081,0.37607002472739237,0.13136029801429397,0.6593382929081958
2,1771108006856,1771108009954,0,0.05727519386758407,0.1003429094950358,-0.2665816922982534,0.2852721768306919,0.13844710989710368,0.35861405541583563,0.5820488929748535,0.4143381118774414,0.2669339179992676,-0.4937450289726257,-0.1991682052612304,-1.1715208292007446,3.872878160934309,2.4362707930569028,0.48698499989089944,0.2667312061587173,1.1950118090809576
2,1771108007924,1771108011027,0,0.113126176285247,0.08746140797932943,-0.017690197626749674,0.23205468031624277,0.1709071756309573,0.6022316582535471,0.5820488929748535,0.4143381118774414,1.4369429349899292,-0.337336927652359,-0.2535295486450195,-1.1715208292007446,4.1129420144571895,2.3228868084618663,0.5904254816720829,0.32648801628944596,1.4741231996975588
2,1771108009008,1771108012126,0,0.07751956544816493,0.044950803120930964,0.2533857345581055,0.2708423455734604,0.20050478046506184,0.6780460097745756,0.616840660572052,0.4143381118774414,1.4369429349899292,-0.5573721528053284,-0.2979440689086914,-1.1715208292007446,4.759938447612912,2.566169930183045,0.7193920985223101,0.3356463555930453,1.4741231996975588
2,1771108010059,1771108013179,0,0.0779735545317332,-0.0013377507527669269,0.3503347257773081,0.30317032030761837,0.17634077148974472,0.5526641323219086,0.616840660572052,0.3450584411621094,1.4369429349899292,-0.5939640998840332,-0.2979440689086914,-0.7080463171005249,5.238464794027083,2.527925557647863,0.667245875031725,0.3180166704860703,1.4741231996975588
2,1771108011135,1771108014238,0,0.052124754960338276,-0.016789817810058602,0.16914270321528116,0.3252121499131762,0.16551755665044082,0.5264823893632241,0.616840660572052,0.3450584411621094,1.424698829650879,-0.5939640998840332,-0.3229856491088867,-0.7797237634658813,5.583244362472352,2.953470992859648,0.5882087091140821,0.29175440181303075,1.4294288778854005
2,1771108012211,1771108015323,0,0.02379009040693442,0.028088823954264323,-0.01268531878789266,0.29284350950404503,0.20089378776428005,0.5215399011156743,0.5146770477294922,0.4002103805541992,0.9553804397583008,-0.5939640998840332,-0.3663520812988281,-0.9592812061309814,6.180258715382808,3.733789354791199,0.562782390544678,0.2684066048298067,1.0957865137659115
2,1771108013290,1771108016392,0,-0.031289587169885634,-0.005775705973307301,0.002354727188746129,0.3340725639785854,0.230541411691168,0.5928799432226715,0.5146770477294922,0.4002103805541992,0.9598500728607178,-0.7873947024345398,-0.4515895843505859,-1.2662744522094729,7.47533132093152,4.18691410146897,0.6342797534035829,0.31800927475830487,1.445408783008907
2,1771108014347,1771108017451,0,-0.058478214964270595,-0.002685228983561201,0.026183070739110303,0.3324237939066023,0.2614254830805193,0.5943214379121476,0.509733259677887,0.5142974853515625,0.9598500728607178,-0.7873947024345398,-0.4515895843505859,-1.2662744522094729,8.242524885557739,3.9012834402815133,0.6654781715104412,0.27962266616777987,1.445408783008907
2,1771108015424,1771108018522,0,-0.11014419235289097,0.05357131958007811,0.010649897654851278,0.3071568864407981,0.32050973771787983,0.5348955960675783,0.4312427043914795,0.6461515426635742,0.9598500728607178,-0.7873947024345398,-0.4684391021728515,-1.2662744522094729,8.528158116001856,3.560797267171142,0.6408798872660898,0.2719032381943372,1.445408783008907
2,1771108016500,1771108019578,0,-0.01857709387938181,0.068048890431722,0.11816838184992472,0.27728624460248086,0.3618689399151438,0.45635610414840394,0.4312427043914795,0.8545341491699219,0.9618861675262452,-0.5519658327102661,-0.579798698425293,-0.9261585474014282,8.470092585802727,3.3886840089768695,0.6184610120660892,0.2000170639615971,0.9853835735299232
2,1771108017558,1771108020645,0,0.258190730959177,0.028507550557454426,-0.03891380627950032,0.9690166898328605,0.5316907448055832,0.5886141581032148,4.91427755355835,0.8545341491699219,0.9618861675262452,-0.8323460221290588,-1.8199520111083984,-1.8669562339782717,11.333731415017807,9.43752577773855,0.9186194292355085,0.8755358648406031,4.933561156738274
2,1771108018626,1771108021721,0,0.4307861420015494,-0.09155747095743814,-0.057874298095703124,0.998147947104356,0.6992950637425696,1.312178406182868,4.91427755355835,1.5147666931152344,5.18186092376709,-0.8323460221290588,-1.8199520111083984,-2.5112876892089844,19.100867526049907,15.771983437114166,1.340102708402105,1.246369021601199,5.49444589030175
2,1771108019686,1771108022789,0,0.3218390847245852,-0.12974634170532226,-0.15726542870203655,1.3839681804865411,0.9939843839643228,1.7047632231804832,4.91427755355835,2.3713502883911133,5.18186092376709,-4.224115371704102,-2.16770076751709,-3.361755132675171,25.798770973236724,17.655532695137957,1.9382591989636462,1.4399122502132418,5.49444589030175
2,1771108020754,1771108023865,0,0.24280315736929575,-0.1287702242533366,0.3736909657716751,1.1653679844580203,1.1611164571816834,2.7459463294309754,1.8274576663970947,2.3713502883911133,10.914258003234863,-4.224115371704102,-2.9836082458496094,-3.543705940246582,35.49748835150118,25.0841371081209,2.432149871815889,2.085608929416465,11.315237557184718
2,1771108021830,1771108024933,0,0.05807752211888631,-0.044548956553141277,0.47278714875380196,1.170501564962224,1.1202841386858122,2.5674552381177542,1.5786981582641602,2.3713502883911133,10.914258003234863,-4.224115371704102,-2.9836082458496094,-3.543705940246582,32.234302163592915,24.964220751432602,2.3077361603610287,1.9860578036642245,11.315237557184718
2,1771108022898,1771108025992,0,0.07241194049517313,0.06360743840535482,0.4422425518433253,0.7657387144348038,0.9593070661203231,2.346055174450436,1.5786981582641602,1.4946527481079102,10.914258003234863,-1.0251014232635498,-2.9836082458496094,-3.543705940246582,27.33949217227615,24.56259298579766,1.8556272458785392,1.9132287419088527,11.315237557184718
2,1771108023973,1771108027060,0,-0.17370704784989358,0.2280329704284668,0.17705389658610027,0.5643005469734743,0.6485989949806518,1.1452538617009653,0.8300960063934326,1.2316913604736328,3.205599308013916,-1.1985538005828855,-1.3773508071899414,-1.5579190254211426,17.64534802521137,9.17908390637895,1.3149728981388522,0.6159368803020803,3.254324392290206
2,1771108025042,1771108028137,0,-0.058726150045792264,0.18273433049519858,0.0011037747065226237,0.4848988425338699,0.6201762755751136,0.9955985304368422,0.8458436131477356,1.2316913604736328,3.205599308013916,-1.1985538005828855,-1.324228286743164,-1.8466010093688965,14.987857081841728,8.48571415495542,1.122958877031022,0.586986792430837,3.254324392290206
2,1771108026101,1771108029206,0,-0.02052835673093795,0.17705780665079754,0.2145983835061391,0.5056765800377697,0.5332086309860228,0.9647666304095637,0.8458436131477356,1.5773658752441406,3.205599308013916,-1.1985538005828855,-0.9242477416992188,-1.8466010093688965,14.729940130723314,7.885896799802169,1.0722033164077969,0.6016974240388805,3.254324392290206
2,1771108027168,1771108030291,0,0.00359583546717962,0.07241582870483398,0.04204995234807331,0.432659624533456,0.512571081793808,0.6667471432373766,0.8458436131477356,1.5773658752441406,1.3025916814804075,-1.012362003326416,-0.9242477416992188,-1.8466010093688965,11.602181325555728,6.568824530841175,0.8216331022393893,0.4509800856880703,1.9708161137612386
2,1771108028244,1771108031348,0,-0.10597421564161777,0.15658375422159831,0.26601529518763223,0.5061525940984556,0.4659733956831441,0.5058600176796431,0.7445582747459412,1.5773658752441406,1.3025916814804075,-1.444270372390747,-0.5427713394165039,-0.4321534633636474,10.721463398448952,4.258364774872812,0.8212159866210502,0.3764987404291219,1.7738465093989404
2,1771108029313,1771108032416,0,-0.10531049532194932,0.08685245513916015,0.05438664754231771,0.4462536459130462,0.3548332582482194,0.5590871913127368,0.7445582747459412,0.7940864562988281,1.183755874633789,-1.444270372390747,-0.5427713394165039,-0.9983969926834106,9.200463203504546,4.4191466469713365,0.7334568092972885,0.3216431884976378,1.5580523090537584
2,1771108030372,1771108033491,0,-0.058739360546072324,0.0641330083211263,0.06339846849441529,0.45092478034728206,0.37183883714060273,0.6332980612334087,0.7445582747459412,0.7940864562988281,1.183755874633789,-1.444270372390747,-0.5427713394165039,-0.9983969926834106,10.594214750845401,5.1591592348461575,0.7912662711380064,0.32703790481007045,1.5580523090537584
2,1771108031456,1771108034567,0,0.0707904143879811,-0.02167800267537434,-0.1253213365872701,0.36186689340191397,0.3268020719326004,0.632942082110547,0.7984078526496887,0.7279205322265625,1.301626443862915,-0.6534065008163452,-0.6672687530517578,-0.9983969926834106,10.239319271856356,5.166933436719521,0.7064230500166195,0.37952414176421934,1.6916130762597301
2,1771108032524,1771108035635,0,0.05673149327437083,0.05098056793212891,-0.026654283205668133,0.42029331809504594,0.4549673380858894,0.5696110243918773,0.7984078526496887,1.0155973434448242,1.301626443862915,-1.0663233995437622,-0.6672687530517578,-0.9892878532409668,10.724672165541284,5.203490523201132,0.7330630543083131,0.39867238112648923,1.6916130762597301
2,1771108033600,1771108036696,0,-0.08763449365894,-0.027552890777587886,-0.01835178534189859,0.5516793134686854,0.9839391934175921,0.9751669008005566,0.7984078526496887,1.4179363250732422,3.5232090950012207,-1.7464016675949097,-3.640398979187012,-1.7296898365020752,15.692835867867897,11.793845437698323,1.1249804842422249,0.9608815926096987,4.126596821729484
2,1771108034676,1771108037763,0,-0.14015202733377616,-0.025038146972656265,0.07359941800435384,0.5231953984584531,1.001663835831537,0.9938596186830568,0.4820745885372162,1.4179363250732422,3.5232090950012207,-1.7464016675949097,-3.640398979187012,-1.7296898365020752,16.029955027999712,11.68636842139173,1.1805765665025099,0.9217218468904699,4.126596821729484
2,1771108035744,1771108038838,0,-0.14763123020529748,-0.09312922159830729,0.02188419103622437,0.593300621404207,1.0353074201418384,1.082325596733388,0.9501571655273438,1.4179363250732422,3.5232090950012207,-1.7464016675949097,-3.640398979187012,-1.7296898365020752,18.24258218263112,10.977958842919685,1.347237177738868,0.8658371610001375,4.126596821729484
2,1771108036804,1771108039898,0,0.019162069757779454,-0.01892096201578776,0.19813531637191772,0.6830007430673727,0.695529449029664,0.7416583409666819,1.2521008253097534,1.1493911743164062,1.370518922805786,-1.4768189191818235,-1.4686431884765625,-1.416548252105713,16.025220024916013,6.3576031677598515,1.1505342845583166,0.41508416029072115,2.0728926287981184
2,1771108037871,1771108040957,0,-0.06652295129994551,-0.0707662582397461,0.09446788231531779,0.6810424365208984,0.7857546289741997,0.7495235481356081,1.2521008253097534,1.1493911743164062,1.370518922805786,-1.4768189191818235,-1.4686431884765625,-1.416548252105713,17.17849995116965,6.319647426385776,1.190142699837328,0.4435342751490318,2.0728926287981184
2,1771108038947,1771108042026,0,0.0183182736237844,0.030432446797688802,0.03017361164093017,0.6146393943547274,0.7862081702963497,0.8093288090254785,1.2521008253097534,1.452850341796875,1.2679771184921265,-1.4768189191818235,-1.3812313079833984,-2.188178539276123,17.2022555915316,7.488243033641451,1.141028528974086,0.5534656604153366,2.6297053412690574
2,1771108040006,1771108043102,0,-0.045302297423283254,0.16791566212972006,-0.18527108033498127,0.3814279819763959,0.748329222283805,0.8751065471620827,0.897636353969574,1.4710044860839844,1.86151385307312,-0.6953681707382202,-1.3812313079833984,-2.188178539276123,15.772823760614328,7.668984944672917,1.0829135439782251,0.5700488331957432,2.6297053412690574
2,1771108041066,1771108044146,0,0.036203850309054056,0.199556032816569,-0.4552914520104726,0.48299231915361596,0.9199246186625085,1.094923533896125,1.6052873134613037,3.0703935623168945,1.86151385307312,-0.8736667633056641,-1.790853500366211,-2.8766112327575684,19.112143550885275,10.03965174953108,1.3276218112830545,0.8438199534037598,3.7826335126964676
2,1771108042128,1771108045228,0,0.03605566682914894,0.032419872283935544,-0.3292151470979055,0.463049081792523,0.8908513050756014,1.119027498816956,1.6052873134613037,3.0703935623168945,1.86151385307312,-0.8736667633056641,-1.790853500366211,-2.8766112327575684,17.018272729660705,10.115681489376174,1.2974688320351417,0.7958207065777966,3.7826335126964676
2,1771108043193,1771108046316,0,0.1588782336562872,-0.030073483784993495,-0.1818690876166026,0.5170590105872718,0.8452656058150259,1.1098780485498894,1.6052873134613037,3.0703935623168945,1.5914289951324463,-0.8736667633056641,-1.790853500366211,-2.8766112327575684,15.610154399768613,10.089066212668312,1.2525232162855238,0.8074695282778457,3.7826335126964676
2,1771108044253,1771108047356,0,0.21876148109634716,-0.03914912541707357,0.3012131889661153,0.45860814929225735,0.5067102184464461,0.7757391059573914,1.2064499855041504,1.188982009887695,1.8538966178894043,-0.449701726436615,-0.8998279571533203,-1.5713624954223633,11.623374561589053,5.556958455651027,0.9719011841564253,0.48645050672388035,2.111500553239483
2,1771108045336,1771108048414,0,0.224320779244105,0.08875017166137696,0.28623454173405966,0.428332545577866,0.5110650249689451,0.6352747015052187,1.2064499855041504,1.188982009887695,1.8538966178894043,-0.449701726436615,-0.8333950042724609,-1.1719108819961548,10.806621661735319,5.473399473189451,0.8803746244061096,0.4374963744681785,2.111500553239483
2,1771108046395,1771108049483,0,0.09570668283849955,-0.08730414708455404,0.22549808422724407,0.5450424320388981,0.6212328168589981,0.5616450125842618,1.4237068891525269,1.0987319946289062,1.8538966178894043,-1.3910423517227173,-1.289811134338379,-0.8927582502365112,11.662312917170068,5.860766483131928,0.9284024506360417,0.4204247749187157,2.111500553239483
2,1771108047463,1771108050541,0,-0.05635712227473656,0.03482011159261067,0.014486249287923175,0.7122758010608824,0.6873345551999759,0.6236081463549468,1.4237068891525269,1.0987319946289062,0.9314379692077636,-2.396430730819702,-1.289811134338379,-1.2214550971984863,13.567879421961115,8.231558896753207,1.0571062220703695,0.4662644901012941,2.811067960735737
2,1771108048515,1771108051618,0,-0.1306663451716304,-0.10127760569254558,-0.12992109457651774,0.7327814121943761,0.6275144148942876,0.6413255227928573,1.4237068891525269,1.032710075378418,0.9314379692077636,-2.396430730819702,-1.289811134338379,-1.2214550971984863,14.125822763151485,7.724115492304168,1.0546412273160233,0.4869846056567452,2.811067960735737
2,1771108049590,1771108052693,0,-0.15903090089559554,0.14483807881673177,-0.19699774980545043,0.6215303608159652,0.5002831766879166,0.6321031390397697,0.9147872924804688,1.032710075378418,1.2281285524368286,-2.396430730819702,-0.7024898529052734,-1.2214550971984863,11.969645402014477,8.09420565822709,0.9230466698663186,0.4927000476401372,2.811067960735737
2,1771108050650,1771108053761,0,-0.15767373504738014,-0.01678431828816732,-0.2013873060544332,0.36654816244876975,0.6002925803953042,0.6106224149011408,0.3439958691596985,1.2051897048950195,1.4754648208618164,-0.914644718170166,-1.123870849609375,-1.2516733407974243,10.251117353569532,4.945609355609758,0.872230941047908,0.3853734524609175,1.703679819646854
2,1771108051726,1771108054829,0,-0.1078584140787522,0.004818820953369144,-0.005321566263834634,0.37487320859000317,0.6224365634624378,0.6591476219559016,0.5896812677383423,1.2051897048950195,1.4754648208618164,-0.9919695854187012,-1.123870849609375,-1.2516733407974243,10.719783551249808,4.980568705768259,0.8863130994855851,0.40234539973914796,1.703679819646854
2,1771108052801,1771108055914,0,-0.006915539875626577,-0.11899875005086263,0.16427063544591267,0.41414096403420425,0.5741349662692421,0.7742807866226505,0.8060200214385986,1.2051897048950195,2.036949396133423,-0.9919695854187012,-1.123870849609375,-1.2516733407974243,12.460919624615723,4.972639077254719,0.9473156855295989,0.4635905377534835,2.0765939675329763
2,1771108053869,1771108056989,0,0.06393402020136514,-0.00883878072102865,0.3483416636784871,0.36955006591670686,0.42084579256616844,0.7481441958329598,0.8060200214385986,0.987513542175293,2.2004072666168213,-0.9919695854187012,-0.9431648254394532,-0.9819545745849608,10.998127150184143,5.423527407073797,0.8415884188397122,0.52013402981699,2.2196193123888124
2,1771108054937,1771108058118,0,0.11026199484864871,-0.04354170163472493,0.47094419797261555,0.5751423030573316,0.4931378975413502,0.9185574080984095,2.0675344467163086,0.987513542175293,3.2192630767822266,-1.207686185836792,-1.4138445854187012,-0.9819545745849608,12.721256869309816,7.511027881512902,1.028805743900985,0.7528324130371699,3.390842667324719
2,1771108056022,1771108059150,3,0.06279662847518923,0.08112158775329589,0.391434915860494,0.8889183729857055,0.6772494478556086,0.8472745261567755,2.0675344467163086,1.783647537231445,3.2192630767822266,-1.9591941833496092,-1.4138445854187012,-0.9819545745849608,17.60765030033872,11.656437500694295,1.216499765565458,0.7779504414476353,3.390842667324719
2,1771108057108,1771108060225,3,0.020824011166890477,0.06875866254170736,0.22518812815348307,1.0234011603366215,0.7954713335619881,0.8583453697870166,2.0675344467163086,1.783647537231445,3.2192630767822266,-1.9591941833496092,-1.6514320373535156,-1.1014738082885742,20.84300447451309,10.41092674757188,1.3972684383670604,0.6745348105388984,3.390842667324719
2,1771108058190,1771108061278,3,-0.0626992999886473,0.1619325637817383,-0.006423012415568035,0.8840034959554446,0.7240861031399688,0.5682348739135924,1.8059098720550537,1.783647537231445,1.2318062782287598,-1.9591941833496092,-1.6514320373535156,-1.1014738082885742,17.93850708127746,11.598717160008738,1.1108409060493518,0.619169945143156,2.1360719242329234
2,1771108059258,1771108062365,0,0.03346146276841561,0.05179278055826823,0.01564199129740397,0.5865632320797557,0.5725487610473176,0.5938295857043558,1.394701361656189,1.2287654876708984,1.4816796779632568,-1.2670316696166992,-1.6514320373535156,-1.1014738082885742,12.175426915045097,7.76148977795963,0.8596788812711416,0.5139613606808004,1.8169222126526638
2,1771108060355,1771108063407,0,0.15780761918673913,0.05514758427937825,0.02936384677886963,0.3193409029168439,0.4238712243872832,0.519372626907544,0.8613952994346619,1.322589874267578,1.4816796779632568,-0.2061530202627182,-0.7477436065673828,-0.831101655960083,8.996379061089263,4.795966650233669,0.6578661781786157,0.36535160503893743,1.7164272116139887
2,1771108061387,1771108064471,0,0.16840402508775393,-0.01001725196838379,0.04719086488087972,0.4618706554913508,0.6896864974613408,0.6519098501801867,1.005237102508545,1.5915470123291016,1.4816796779632568,-1.0107436180114746,-1.705298900604248,-1.1008477210998535,12.783349154665558,6.751883146400955,0.9365406501121696,0.48823184363367783,2.106900042331327
2,1771108062446,1771108065555,0,-0.08719291985034942,0.029486290613810213,-0.19094161987304686,0.6228020250190177,0.8106612561557474,0.9949393951389507,1.005237102508545,1.5915470123291016,1.398223876953125,-1.6632013320922852,-1.705298900604248,-3.292197227478028,17.22162381369474,8.175363753000125,1.236513936383163,0.7069291439268945,3.639986636963008
2,1771108063506,1771108066607,0,-0.15964056700468063,-0.04261476198832194,-0.0067422747611999585,0.633547366038803,0.7828972126523759,1.1367506702299712,1.005237102508545,1.5915470123291016,1.8896660804748533,-1.6632013320922852,-1.705298900604248,-3.292197227478028,18.696653308528983,6.934690851540884,1.3492920217875055,0.6718884429280183,3.639986636963008
2,1771108064589,1771108067674,0,-0.0070613448818524676,0.027761205037434896,-0.07569702863693241,0.7615227262543667,0.6676237528881525,1.2638374639705143,2.4046316146850586,1.221658706665039,2.340878963470459,-1.6632013320922852,-1.3812522888183594,-3.292197227478028,18.81081767311411,10.297343204763967,1.3819335915778164,0.8087684293838859,3.639986636963008
2,1771108065656,1771108068727,0,0.24097110678752262,0.0021466573079427084,0.13622990846633912,0.6116285348659853,0.5217075153448639,0.9596515771465557,2.4046316146850586,1.1732892990112305,2.340878963470459,-0.8944811224937439,-1.2358779907226562,-2.4133877754211426,14.977613964446665,10.10017382759485,1.0729438436813,0.6749568156829653,2.7201774835131123
2,1771108066716,1771108069801,0,0.24214097360769907,0.06402517954508465,-0.16215233405431112,0.6334041909331205,0.5606203208636477,0.8809689573657417,2.4046316146850586,1.1732892990112305,2.340878963470459,-1.029392957687378,-1.2358779907226562,-2.4133877754211426,14.565722174366904,10.238193263807334,1.0444863830321551,0.6746303889800143,2.7201774835131123
2,1771108067775,1771108070877,0,0.04646383027235667,0.1888236363728841,-0.3100905140240987,0.460313708506761,0.5353615283609177,0.7401164363256457,0.8904557824134827,1.407976150512695,1.061091661453247,-1.029392957687378,-0.6069536209106445,-1.478837013244629,12.74931904412107,6.162403959671266,0.9783796014372113,0.44116614742175786,2.0358097742596564
2,1771108068834,1771108071953,0,0.047523534297943114,0.14950860341389974,-0.3410383741060893,0.45551949704922723,0.5533919315237242,0.7409263190204909,0.9422127604484558,1.407976150512695,1.061091661453247,-1.029392957687378,-0.6375322341918945,-1.478837013244629,12.706142039892049,4.982191097774091,0.9934725072692928,0.4329763423439565,2.0358097742596564
2,1771108069910,1771108073021,0,0.08204571232199669,0.12019828160603842,-0.14604447682698568,0.380478279491466,0.5120468208178601,0.8502349077742941,0.9422127604484558,1.407976150512695,1.4583041667938232,-0.4585929811000824,-0.6611404418945312,-1.478837013244629,12.522203554564424,5.777992771801702,0.981952727586939,0.4199386488906721,2.0358097742596564
2,1771108070988,1771108074081,0,0.18375661298632623,-0.11740856170654297,0.30080690383911135,0.39539321472979655,0.3853027705455145,0.677012381964428,0.9422127604484558,0.6663885116577148,1.4583041667938232,-0.6289814710617065,-0.8510046005249023,-1.199557542800903,10.238446229272034,5.310754785803339,0.8683283020887953,0.35488289684701324,1.674063374075519
2,1771108072054,1771108075149,3,0.11410401289661726,-0.08042941093444825,0.3311487674713135,0.4570223289251237,0.4879793703920514,0.6865271657883674,0.8819283246994019,0.7971782684326172,1.4583041667938232,-0.9780359268188475,-0.946274757385254,-1.199557542800903,10.593210990581582,5.938189998424072,0.9467902337597748,0.3529756838934363,1.674063374075519
2,1771108073125,1771108076216,3,0.18344587534666063,-0.02773588498433431,0.5390333573023478,0.5007892747284605,0.48551619691707965,0.5670390220514533,0.9273406863212584,0.7971782684326172,2.0382537841796875,-0.9780359268188475,-0.946274757385254,-0.6038999557495117,10.061130481612102,4.829109389699364,0.9870978586899769,0.3691517811053196,2.0599625967762822
2,1771108074189,1771108077292,3,0.22106589674949645,0.14896620114644368,0.7323286771774292,0.45999648274379595,0.441634725371305,0.7038077671207014,0.9273406863212584,0.7971782684326172,2.0596508979797363,-0.9780359268188475,-0.946274757385254,-0.6038999557495117,9.873716019774129,4.907780446851905,1.1356689846414612,0.4428040324526152,2.132022495553201
2,1771108075257,1771108078385,0,0.1869465599457423,0.25425516764322914,0.5341632763544718,0.3823606486547718,0.30179534260089586,0.896610032860605,0.9273406863212584,0.9664554595947266,2.0596508979797363,-0.5335474014282227,-0.4146976470947265,-1.5776808261871338,7.79457907465598,3.8310518046223137,1.0549763977639188,0.5366883477091089,2.132022495553201
2,1771108076324,1771108079428,0,0.05268585582574208,0.24563290278116862,0.1947221318880717,0.29194034424849513,0.26363158389433256,0.8781925649718654,0.5986992716789246,0.9664554595947266,2.0596508979797363,-0.5335474014282227,-0.4146976470947265,-1.5776808261871338,6.191755398474969,2.753948422571805,0.8274658454438271,0.5675866922775725,2.132022495553201
2,1771108077401,1771108080507,0,-0.036967115600903815,0.18665431340535482,-0.2642282764116923,0.2951571339138981,0.22941880492823363,0.4163261500711326,0.5170871019363403,0.9664554595947266,0.3766121864318847,-0.5335474014282227,-0.0504283905029296,-1.5776808261871338,5.854567822791494,2.7828129620184936,0.5269768684746237,0.36807131241002566,1.9255611582782253
2,1771108078461,1771108081572,0,-0.0195512960354487,0.07833766937255858,-0.16401875019073486,0.3362722441297972,0.12568501952536398,0.22819976549614296,0.568553626537323,0.5075159072875977,0.285231351852417,-0.5065306425094604,-0.1068973541259765,-0.603034496307373,6.209717833602055,2.7326464092734732,0.4211807012653094,0.1789255120018002,0.7792276498680466
2,1771108079536,1771108082624,0,0.01282976269721986,0.042942460378011055,-0.043879719575246175,0.37458363125686023,0.15969637020108118,0.25566271386602385,0.6326340436935425,0.5075159072875977,0.4192636013031006,-0.5065306425094604,-0.3292798995971679,-0.4515514373779297,6.720799761801378,2.631203497498357,0.44682281518849537,0.16945165630223977,0.7787117664742137
2,1771108080614,1771108083684,0,0.013528585930665324,0.06531715393066406,-0.07886385520299276,0.3888545559373632,0.1955257514746637,0.26564416776918054,0.6326340436935425,0.5075159072875977,0.4192636013031006,-0.5759164094924927,-0.3292798995971679,-0.5409756898880005,7.104895382329824,2.5399344592070396,0.475414744500467,0.1929477068755561,0.8742636476930319
2,1771108081680,1771108084750,0,0.014868500828742987,0.04632059733072916,-0.1528030554453532,0.4029766404180268,0.18029859395077494,0.30699344710372783,0.6326340436935425,0.4095039367675781,0.4192636013031006,-0.589113175868988,-0.3292798995971679,-0.8189111948013306,6.867785956257912,2.8768212157867654,0.5093901938511715,0.21752934500715007,1.011727925130693
2,1771108082732,1771108085818,0,-0.03290832042694091,0.12082653045654297,-0.3339119176069895,0.33870457264137027,0.1858687356221791,0.34354958089005677,0.6141536235809326,0.4095039367675781,0.6272966861724854,-0.589113175868988,-0.153264045715332,-1.1502925157546997,6.730783972278376,2.790630498659056,0.5684057581619038,0.2542301769959813,1.187186352639015
2,1771108083785,1771108086894,0,0.024707957512388624,0.049151039123535155,-0.0358462651570638,0.27361190927772466,0.22068656544030674,0.6269840415576495,0.6141536235809326,0.4330720901489258,1.559779405593872,-0.589113175868988,-0.4076213836669922,-1.1502925157546997,5.979473601184964,3.0248247480100985,0.6477966109316892,0.29499854702239003,1.5948259413819388
2,1771108084859,1771108087954,0,0.07308183899149298,0.02810271581013997,0.27933915456136066,0.17883621149704731,0.2345797188710228,0.659113477865893,0.4850709736347198,0.4330720901489258,1.559779405593872,-0.3003717064857483,-0.4076213836669922,-1.1502925157546997,5.7509451496213275,2.978886140629434,0.7017121400913318,0.3148405369335582,1.5948259413819388
2,1771108085928,1771108089021,0,0.10519430031999946,-0.03110990524291992,0.4644724826018016,0.2625263465536984,0.17621595013618294,0.4108620071382224,0.5508686304092407,0.4330720901489258,1.559779405593872,-0.5623872876167297,-0.4076213836669922,-0.2055385112762451,5.576750430730085,2.8901424793998447,0.6246986820388987,0.3173277197263457,1.5948259413819388
2,1771108087003,1771108090099,0,0.04277841250101725,0.026268482208251953,0.15323869387308756,0.341172375650723,0.16058643438972525,0.4995659417213678,0.5508686304092407,0.3853769302368164,1.0715763568878174,-0.653695285320282,-0.2632017135620117,-0.9638128280639648,6.40565665432351,2.8226981835300347,0.5762407452604598,0.2741312774783508,1.2050754275567044
2,1771108088062,1771108091149,0,-0.031052203476428984,0.08293387095133463,-0.12867324352264403,0.3910156878993839,0.17112117518353367,0.33746951345707366,0.5508686304092407,0.5298318862915039,0.4646835327148437,-0.653695285320282,-0.177215576171875,-0.9638128280639648,6.796001548512947,2.6526271134651993,0.5203373219697842,0.2030139080639597,1.039754037005651
2,1771108089130,1771108092208,0,-0.00902328739563624,0.05990530649820964,-0.2105358322461446,0.38553097217185084,0.20417691527914267,0.3222546110692596,0.485607773065567,0.5298318862915039,0.5127670764923096,-0.653695285320282,-0.2923746109008789,-0.9638128280639648,7.111635140737403,2.368812411514872,0.5457743688327672,0.18889087924307843,1.039754037005651
2,1771108090198,1771108093276,0,0.0027741355200608642,0.05643501281738282,-0.14866748253504436,0.34411156500528656,0.2058264513932046,0.2676687626796365,0.485607773065567,0.5298318862915039,0.5127670764923096,-0.5864474773406982,-0.2923746109008789,-0.5793722867965698,6.5256451443967025,2.0802394176216303,0.47250906564595657,0.16621406450292736,0.8032919440762047
2,1771108091249,1771108094344,0,0.027034527063369746,0.01639261245727538,-0.10700612465540568,0.2742143442882475,0.1798328359896622,0.2476731984853138,0.4258941411972046,0.4425811767578125,0.5127670764923096,-0.5238378643989563,-0.2923746109008789,-0.5793722867965698,5.280650382639296,2.1333306783222676,0.3930957325006988,0.14799287845041093,0.7069876705058571
2,1771108092318,1771108095412,0,-0.03040484140316646,0.03191461563110352,-0.11060454845428465,0.2236725758438776,0.15292530578501592,0.22179735787314836,0.3419278860092163,0.4425811767578125,0.3261418342590332,-0.373561143875122,-0.2672691345214844,-0.5713183879852295,4.036131345000038,1.8052926748381368,0.34631912144843074,0.11490061528628717,0.5980242873720581
2,1771108093392,1771108096479,0,-0.08960592771569888,0.040423965454101554,-0.08512268861134847,0.31684007440143697,0.14017361511115775,0.24481413284520617,0.6675314903259277,0.3179664611816406,0.3948292732238769,-0.6693841218948364,-0.2814826965332031,-0.5713183879852295,4.2628715331464475,3.080896464093325,0.40378959781123874,0.16968849456898172,0.7719850034009361
2,1771108094452,1771108097555,0,-0.07286886672178904,0.032900333404541016,-0.07730905612309774,0.44484478253655824,0.17541766991205113,0.25272158178456144,0.73362135887146,0.4876365661621094,0.3948292732238769,-0.7887076735496521,-0.2814826965332031,-0.5713183879852295,6.213268419647175,4.243145531694907,0.5034664689809268,0.20761219958041144,0.9735290234529121
2,1771108095520,1771108098615,0,-0.038987628370523456,0.05729214350382487,-0.09124897321065267,0.49989086537269734,0.18182736789947007,0.2880446337003899,0.7987611293792725,0.4876365661621094,0.4652900695800781,-0.7887076735496521,-0.2814826965332031,-0.6241366863250732,7.778107705210233,4.4907073777835125,0.5638691398255697,0.22492477012371664,0.9735290234529121
2,1771108096591,1771108099683,0,0.030727271487315504,0.09899263381958008,-0.07268623212973277,0.42460095116672714,0.19736632307075927,0.43646198987748835,0.7987611293792725,0.4975194931030273,0.7313768863677979,-0.7887076735496521,-0.2564859390258789,-1.4731063842773438,7.343955746259654,4.555368387408807,0.574257340582744,0.29184795342229497,1.5205814049178166
2,1771108097656,1771108100742,0,0.03757619286576907,0.1609937032063802,-0.0043195575475692746,0.33112567856848546,0.2088746992088239,0.6080151447342367,0.7987611293792725,0.5023250579833984,1.4655468463897705,-0.6810988783836365,-0.3812160491943359,-1.4731063842773438,7.706568253883319,5.523985582628607,0.6294560699330823,0.375992598295589,1.6321818708078089
2,1771108098724,1771108101810,0,-0.11129712462425231,0.18319899241129559,0.20522183279196418,0.387539202359392,0.24938485188710413,0.6238031941747624,0.6604379415512085,0.6800498962402344,1.4655468463897705,-1.0010987520217896,-0.3812160491943359,-1.4731063842773438,7.589399931569123,5.185920946211142,0.7183038398724192,0.3985716511563156,1.6321818708078089
2,1771108099791,1771108102878,0,-0.29437501927216847,0.0856604258219401,0.3703951299190521,0.41029831803771327,0.29850690833324683,0.575286099373557,0.6604379415512085,0.6800498962402344,1.4655468463897705,-1.0010987520217896,-0.5154600143432617,-0.940473198890686,8.547709028999586,4.484104783799565,0.8253925111379484,0.3504270147538689,1.6321818708078089
2,1771108100850,1771108103954,0,-0.39717413832743964,0.05610996882120768,0.5874321719010671,0.34331091333888536,0.35018109323722085,0.5468307422373925,0.3508793115615845,1.0178585052490234,1.8877620697021484,-1.0010987520217896,-0.7004117965698242,-0.4651887416839599,8.609158508772458,3.4088892632842303,0.93560241867575,0.3967317812511694,1.9955981024188274
2,1771108101918,1771108105029,0,-0.5241581579049428,0.14834496180216472,0.5676375031471252,0.4497150733147655,0.45435537899897077,0.7284457309063361,0.3508793115615845,1.2291259765625,2.0882606506347656,-1.70339035987854,-0.7004117965698242,-0.8891164064407349,10.59752618077919,6.381805707254924,1.1302120162601657,0.5081266349653575,2.532260455533694
2,1771108102987,1771108106098,0,-0.14702353477478028,0.02307926813761393,0.4596400221188863,1.460688289451961,1.2363108072633677,1.2456229123967837,5.740290641784668,4.496090888977051,4.167179584503174,-2.127009391784668,-2.9428529739379883,-2.674999952316284,22.707778866987372,22.7464565180396,1.8049389837215073,1.4439441485489748,7.294740213086073
2,1771108104062,1771108107159,0,0.23396091759204865,-0.07836084365844727,0.186618705590566,1.5951839381533444,1.2687396895115561,1.2947456012100615,5.740290641784668,4.496090888977051,4.167179584503174,-2.127009391784668,-2.9428529739379883,-2.674999952316284,24.463738975624242,22.044176578569832,1.9515624050062501,1.410587286333832,7.294740213086073
2,1771108105138,1771108108217,0,0.5082856560746829,-0.0724429448445638,-0.11903094053268433,1.4516247280719687,1.3013057713802254,1.3228601650454699,5.740290641784668,4.496090888977051,4.167179584503174,-2.127009391784668,-2.9428529739379883,-2.674999952316284,24.987180965901157,21.458558866293192,1.8962292341505314,1.4554190367890079,7.294740213086073
2,1771108106189,1771108109276,0,0.32845810428261757,0.09943132400512696,-0.21583477258682252,0.751168344653237,0.7369821691583737,0.8363909351053705,2.794661045074463,1.386063575744629,1.5624566078186035,-0.8501054048538208,-1.502603530883789,-2.148742198944092,14.850935921074818,5.8145459981543475,1.2152336662960743,0.6702634190970577,3.36202234873639
2,1771108107265,1771108110344,0,0.037037367622057595,0.23998079299926758,-0.11886093417803446,0.4519544396466016,0.675705042294333,0.7525108367271628,0.8848950862884521,1.386063575744629,1.3931283950805664,-0.8501054048538208,-1.3090829849243164,-2.148742198944092,12.861797829743768,5.905405529532929,0.9836765735718364,0.5493065763641254,2.6103884835163518
2,1771108108325,1771108111412,0,-0.01033209040760994,0.22481187184651694,-0.03864344159762066,0.5186063681156382,0.6050704417239277,0.5870445380901873,0.8848950862884521,1.3688154220581057,1.3931283950805664,-1.2353832721710205,-1.3090829849243164,-1.378470778465271,11.961067947367868,5.589101249770701,0.9207858601600198,0.39565110394285125,1.5541225191330914
2,1771108109413,1771108112480,0,0.04550245155890783,0.25254116058349607,-0.17479434808095295,0.6678789011903303,0.6525423417652635,0.7357606200062085,1.4946638345718384,1.4411487579345703,1.3931283950805664,-1.4660427570343018,-1.4455795288085938,-1.8430982828140257,13.00685808962824,5.917969775107529,1.102388509982057,0.5057432137620405,2.0802533254801787
2,1771108110445,1771108113549,0,0.09247645090023675,0.25626554489135744,-0.4302544156710307,0.7484379292053007,0.770312905634758,0.9292785983238806,1.4946638345718384,1.4411487579345703,1.5470561981201172,-1.4660427570343018,-1.535295486450195,-3.577109336853028,16.570031355630086,7.364041246160575,1.3447370722914949,0.6439814287187482,3.684685883741955
2,1771108111513,1771108114625,0,0.18143879051009815,0.12429790496826172,-0.43288222352663674,0.6463392287025042,0.7961690207293577,0.9224891860300815,1.4946638345718384,1.4411487579345703,1.5470561981201172,-1.4660427570343018,-1.535295486450195,-3.577109336853028,15.275721093436458,7.590047814310875,1.2696078278577632,0.6921166433170265,3.684685883741955
2,1771108112589,1771108115708,0,0.21882233967383702,0.19296000798543295,-0.15618054668108622,0.4644925011898203,0.7516780840903086,0.9743648863127005,1.134677171707153,1.6609554290771484,1.5470561981201172,-0.8371500372886658,-1.535295486450195,-3.577109336853028,13.526426583486044,8.237768208826202,1.1671337590180086,0.658993028798746,3.684685883741955
2,1771108113657,1771108116785,0,0.1954905331134796,0.1715624491373698,0.20992217461268106,0.38158650102762687,0.6815212223999166,0.8541677701948509,0.7268611788749695,1.6609554290771484,1.9601812362670896,-0.7997843027114868,-1.13616943359375,-1.1014870405197144,10.768489366704724,4.95455215247213,1.0862756185762017,0.4843218891434727,2.234437467481067
2,1771108114733,1771108117853,0,0.18484008287390072,0.17314815521240234,0.27513692577679955,0.42171067801121137,0.6865855893583771,1.0070904858402379,0.6825032234191895,1.6609554290771484,1.9601812362670896,-0.7997843027114868,-0.8274202346801758,-2.340641975402832,12.26370520349918,5.4072037349831,1.2165194060862317,0.5264869446204179,2.4286592226940145
2,1771108115809,1771108118914,0,0.0983349750439326,-0.016108099619547532,0.2288212815920512,0.4619798534498395,0.6548305753185192,1.017337019590144,0.6825032234191895,1.254054069519043,1.9601812362670896,-0.7997843027114868,-1.6274824142456057,-2.340641975402832,11.59612348491891,4.833450080512849,1.172423834943248,0.565387030568819,2.4286592226940145
2,1771108116894,1771108119980,0,0.019575791402409472,0.016888173421223947,-0.015366528431574504,0.47145820860959164,0.6375636592805481,0.9453822001563487,0.6825032234191895,1.4128217697143557,1.877186179161072,-1.0065901279449463,-1.6274824142456057,-2.340641975402832,12.569071401110012,6.076414378803858,1.088550562710973,0.5455649386601935,2.4286592226940145
2,1771108117962,1771108121056,0,-0.046225961949676285,0.16130139032999674,0.10063679416974386,0.4446803821167537,0.754745606045835,0.8992922965250011,0.6358124017715454,1.9317131042480469,2.157200813293457,-1.0065901279449463,-1.6274824142456057,-1.5786662101745603,14.065455802597883,7.89912515394396,1.135651272208809,0.5305984228666007,2.2730400012165815
2,1771108119013,1771108122116,0,-0.12557629163687428,0.22407655715942382,-0.08347139954566954,0.5473804496090293,0.8606725532417128,1.0317875803729026,0.8121883273124695,1.9317131042480469,2.157200813293457,-1.4294352531433103,-2.2792768478393555,-2.494602918624878,18.236117228915194,10.330970655911113,1.2854325751641253,0.6863794684484349,2.8611184241030165
2,1771108120108,1771108123193,0,-0.04101373826464017,0.19139369328816733,0.12075699567794801,0.6517963363692171,0.8540437882153669,0.9726074095880727,1.175857424736023,1.9317131042480469,2.157200813293457,-1.4294352531433103,-2.2792768478393555,-2.494602918624878,17.502116442507816,10.291160444782156,1.2871568128054267,0.6640870416884502,2.8611184241030165
2,1771108121165,1771108124261,0,-0.022796486566464113,0.007521152496337889,0.02837532758712769,0.7077661314273187,0.7060851761229038,0.9602785471605888,1.175857424736023,1.4878311157226562,1.241445779800415,-1.4294352531433103,-2.2792768478393555,-2.494602918624878,16.932456455339125,9.885902096372648,1.1930324427465888,0.6713020720045042,2.8611184241030165
2,1771108122225,1771108125328,0,0.05339840650558471,0.058116785685221356,0.22363293568293255,0.6264841172798342,0.5274142161026935,0.7612869477049771,1.175857424736023,1.4878311157226562,1.241445779800415,-1.3959465026855469,-1.156415939331055,-1.89261257648468,14.311098494506188,6.592146461940523,1.042757119755689,0.4284260934580558,2.321143717380492
2,1771108123301,1771108126380,0,0.047033824026584625,0.05502376556396483,0.08117518822352092,0.5928742337532654,0.5575814691587809,0.8746020797161931,0.9571599960327148,1.5703067779541016,1.3645503520965576,-1.2739509344100952,-1.156415939331055,-2.101191997528076,15.27850748423362,6.826587997920542,1.0827375898730256,0.4762534199628477,2.321143717380492
2,1771108124369,1771108127441,0,0.09968025597433249,0.12340307235717773,0.028940478960673022,0.5030180821025937,0.5799831960761888,0.7871973385606459,0.9571599960327148,1.5703067779541016,1.3645503520965576,-1.1064813137054443,-1.156415939331055,-2.101191997528076,14.251544200537927,6.661075572427276,0.997602491347117,0.45437611166000325,2.1728708148033045
2,1771108125434,1771108128507,0,0.06598302982747555,0.024694283803304035,-0.11309130589167277,0.5111924037699326,0.6704413806905347,0.9243253317311564,0.9829381108283995,1.5703067779541016,1.3645503520965576,-1.1064813137054443,-1.5828619003295898,-2.821930408477783,15.264665778190956,7.730318421777983,1.1022992528633622,0.5714802178318305,2.8597820911667085
2,1771108126489,1771108129567,0,0.017374857390920335,0.06979134877522784,-0.17008451223373414,0.40579460700671166,0.6102519099460842,0.8966634749636624,0.9829381108283995,0.988933563232422,1.5102651119232178,-0.6470575928688049,-1.5828619003295898,-2.821930408477783,14.427709238796732,7.380657022192799,1.018775889025623,0.5501502520259991,2.8597820911667085
2,1771108127547,1771108130626,0,0.046498371039827666,0.03528238932291667,0.037557069460550936,0.4603029268163704,0.6280834666233941,1.0079508727734459,0.9829381108283995,0.7694873809814453,2.1622743606567383,-0.6470575928688049,-1.5828619003295898,-2.821930408477783,16.05430935223316,6.893478410880892,1.1308866544063378,0.5516442710132863,2.8597820911667085
2,1771108128609,1771108131703,0,0.05391804811855158,0.15866661071777344,-0.072825296719869,0.6332619448925102,0.7651654875248881,1.196138840046019,1.7637401819229126,1.826618194580078,2.1622743606567383,-1.5418647527694702,-1.537724494934082,-3.250917673110962,20.297171428138473,9.83338595714971,1.372801046484963,0.7086718009425306,3.6015896910020686
2,1771108129667,1771108132763,0,0.021073792502284045,0.14455947875976563,-0.0965289036432902,0.6647409958903443,0.847230973950956,1.25578036993823,1.7637401819229126,1.826618194580078,2.1622743606567383,-1.5418647527694702,-1.537724494934082,-3.250917673110962,21.197512396709918,9.696280573261374,1.5080767030370013,0.6447189539326457,3.6015896910020686
2,1771108130734,1771108133838,0,-0.026663735012213387,0.17823416392008465,-0.20294653971989948,0.6772465777034059,0.8168434903721168,1.1823767699818093,1.7637401819229126,1.826618194580078,1.6078507900238037,-1.5418647527694702,-1.537724494934082,-3.250917673110962,19.365870203302517,10.682731847344728,1.4395698977842177,0.6754958732349832,3.6015896910020686
2,1771108131811,1771108134913,0,0.010457799583673488,0.15608409245808919,-0.08717430035273234,0.5944715330744823,0.5902515970916448,0.8269719018441112,1.3584723472595217,1.5579900741577148,1.595468282699585,-0.993805468082428,-0.9198808670043944,-1.7801613807678225,13.846982326419258,5.681820658122006,1.0830701093648873,0.4531690576826155,2.0058978587356897
2,1771108132871,1771108135982,0,0.1990685040752093,0.1384002685546875,-0.0146415909131368,0.6748885781950863,0.7181159289933152,1.0518621577728278,1.7329137325286863,2.340278625488281,3.583052158355713,-0.9338197112083436,-1.529484748840332,-2.600369453430176,17.23878547528844,13.529369732714603,1.1968479257485107,0.8104141762893865,4.159721555457345
2,1771108133946,1771108137084,0,0.14383772214253743,0.10289481480916339,-0.04340150753657023,0.756218863943862,0.7293135747038797,1.0815918409051946,1.7329137325286863,2.340278625488281,3.583052158355713,-1.129926681518555,-1.529484748840332,-2.600369453430176,18.296644322893005,13.500377107022599,1.260373060806399,0.8152253993764144,4.159721555457345
2,1771108135017,1771108138134,0,0.16616464282075563,0.054946962992350246,0.07305152416229248,0.7839976880740767,0.6918324392897499,1.1018350742413299,1.7329137325286863,2.340278625488281,3.583052158355713,-1.596771001815796,-1.529484748840332,-2.600369453430176,17.893046774166866,13.734556315083925,1.273441970571874,0.8166750032035108,4.159721555457345
2,1771108136112,1771108139202,0,-0.1297800359626611,0.005767917633056644,0.005707887808481863,0.7556171420739165,0.4241788023712806,0.7855501839788498,1.4406065940856934,0.8021945953369141,1.8845069408416748,-1.7794241905212402,-0.8181324005126953,-1.9542655944824217,13.252177550429419,6.070226966710199,1.0266517716052328,0.5432371610112507,2.155524429000005
2,1771108137158,1771108140262,0,-0.0449962725241979,0.0985879898071289,-0.10567346413930258,0.7019636665042714,0.5404920691469347,0.7410301591976947,1.106735348701477,1.5144453048706057,1.6884853839874268,-1.7794241905212402,-0.7841148376464844,-1.9542655944824217,12.67787968507717,6.107172722216418,1.026208596223111,0.5179705806333322,2.3227039705315082
2,1771108138242,1771108141338,0,0.0457990770538648,0.195514710744222,-0.28799133698145546,0.6858696330890031,0.6294263495624383,0.7705059570749558,1.3888707160949707,1.5144453048706057,0.839592456817627,-1.7794241905212402,-0.7841148376464844,-1.9542655944824217,13.13504810376212,6.563147694384029,1.098602656558552,0.5824440893636859,2.438556924582435
2,1771108139310,1771108142407,0,0.6876284678777059,0.2737093607584635,-0.13742727041244507,1.2681390198891218,0.6183456782366513,1.012890066647787,6.376934051513672,1.5144453048706057,3.532932996749878,-0.8644912242889404,-0.7841148376464844,-1.7610814571380615,15.612427368213146,11.014696275638718,1.3941020949839582,1.2617887241043324,7.312606478572485
2,1771108140370,1771108143474,0,0.8726610004901886,0.4937806447347005,0.022927365700403844,1.2143745385016382,0.7310369166496754,1.165116548878532,6.376934051513672,2.2573394775390625,3.532932996749878,-0.8644912242889404,-0.7553367614746094,-1.6947017908096311,18.52234243606297,13.270457379235673,1.6156881556620348,1.3064154002939383,7.312606478572485
2,1771108141464,1771108144548,0,0.5688199003537496,0.7083491325378418,0.37365988492965696,1.4047887790644142,0.8585032470855762,1.157238785055478,6.376934051513672,2.2573394775390625,3.532932996749878,-1.5265467166900637,-0.9258022308349608,-1.231234788894653,19.99314355427128,13.467542608604608,1.8382212380316747,1.24591105377288,7.312606478572485
2,1771108142513,1771108145617,0,-0.09179530143737796,0.8187424659729003,0.22053821682929992,0.8885770435101913,0.7981542785818961,1.0230092936753439,1.3295249938964844,2.2573394775390625,2.053985118865967,-1.5265467166900637,-0.9258022308349608,-1.231234788894653,16.724354671227296,11.400401495638755,1.662798499853781,0.6044938368959827,3.059831301395712
2,1771108143581,1771108146668,0,-0.4255321790774663,0.481954034169515,0.1788442353407542,0.705638819402261,0.8825818405860572,0.7887585169645619,1.0063605308532717,2.1625185012817383,1.6961538791656494,-1.5265467166900637,-1.2596006393432615,-1.2166060209274292,14.103437916908138,7.071821205121909,1.434931281020152,0.4792570662679853,2.5003741380123814
2,1771108144658,1771108147736,0,-0.3023737127582232,0.12699613571166993,-0.03569023609161377,0.6120045824356594,0.6799100607941663,0.6928179776934954,1.0063605308532717,1.4579572677612305,1.2117146253585815,-1.514899969100952,-1.2596006393432615,-1.632537603378296,12.034656158563353,4.801865919861383,1.1059831707924876,0.40500678722122224,1.8634757947072809
2,1771108145725,1771108148813,0,-0.10100324700276056,-0.11199633280436198,-0.003951114416122433,0.5535009099442165,0.5923921848744109,0.6382443565427037,1.1048351526260376,1.4579572677612305,1.2117146253585815,-1.3952773809432983,-1.2596006393432615,-1.632537603378296,12.59887382119469,5.154076448482638,0.9622046982266442,0.3611503563969548,1.8634757947072809
2,1771108146776,1771108149887,0,-0.04749921212593714,-0.02939399083455404,-0.15866275231043497,0.6213794614414244,0.6059487457546485,0.7242757631838761,1.1048351526260376,1.8811616897583008,1.2117146253585815,-1.5257368087768557,-0.915043830871582,-1.632537603378296,13.918249088406053,8.398442714402472,0.9978075379560835,0.5264786829162078,2.7811137093471117
2,1771108147845,1771108150941,0,-0.02274359563986459,0.08782297770182292,-0.24323490460713704,0.6959712418255508,0.5863392233500355,0.9258820384272575,1.1048351526260376,1.8811616897583008,2.187155246734619,-1.5257368087768557,-0.915043830871582,-1.8434393405914309,16.383399945893164,9.232463440385471,1.1589353926457262,0.604729991875156,2.7811137093471117
2,1771108148922,1771108152015,0,-0.04977567934741575,0.13897193272908528,-0.39082661469777424,0.6768913081008523,0.6678720896333235,1.0126341108903751,1.1026206016540527,1.8811616897583008,2.187155246734619,-1.5257368087768557,-1.2276649475097656,-1.8434393405914309,19.183764444457537,8.9414904041118,1.2806827451833027,0.6430493238427754,2.7811137093471117
2,1771108149989,1771108153066,0,-0.015438911194602648,0.13072649637858072,-0.3842326005299886,0.6241891127708398,0.5914920858187779,1.0368323916647209,1.1287394762039185,1.0871076583862305,2.187155246734619,-0.921862006187439,-1.2276649475097656,-1.8434393405914309,18.796519587583287,6.960538321930877,1.2744319270263114,0.5522357672385636,2.5244247587060302
2,1771108151039,1771108154146,0,-0.013981419180830318,0.09289865493774414,-0.1860785126686096,0.6446354987244911,0.5842329161265364,0.9623384845210491,1.1287394762039185,1.0871076583862305,2.30491304397583,-0.8740241527557373,-1.2276649475097656,-1.730301856994629,18.236936801917118,6.107573628545669,1.1905152851416934,0.5115931654202361,2.342866186240298
2,1771108152154,1771108155195,0,-0.02495906644811232,0.0631941795349121,0.03618967930475871,0.8251086068226601,0.6439419539684723,1.0627017761707407,1.34111225605011,1.554555892944336,2.6124191284179688,-1.4910906553268433,-1.4360027313232422,-1.6323192119598389,20.509078913366125,10.996088933685707,1.3422999534544302,0.6058315642547789,3.199346427163891
2,1771108153175,1771108156269,0,-0.07622458090384801,0.027175712585449215,0.19258582989374798,0.8262404830598704,0.7063343727548292,1.0947790968414877,1.34111225605011,1.554555892944336,2.6124191284179688,-1.4910906553268433,-1.5111284255981443,-1.5921745300292969,21.05949933123136,10.908292827971989,1.386672937499515,0.6603773191073935,3.199346427163891
2,1771108154243,1771108157339,0,-0.07311355372269948,0.11918182373046872,-0.003885058561960859,0.7971915581038506,0.7643845060090815,1.1053305702698304,1.34111225605011,1.554555892944336,2.6124191284179688,-1.4910906553268433,-1.5111284255981443,-2.12804913520813,20.144752783138397,11.373353658247591,1.3748724521765063,0.7115737766193889,3.199346427163891
2,1771108155302,1771108158414,0,0.05151886915167172,0.1980862299601237,0.1512912074724833,0.6292542159649988,0.6122841412846723,1.1004229879785346,1.0516765117645264,1.351527214050293,3.325608730316162,-0.8508746027946472,-1.5111284255981443,-2.12804913520813,15.411812701056503,6.619367828453676,1.1938161876167128,0.757929344893932,3.522006862886745
2,1771108156371,1771108159491,0,0.1782834328711033,0.14155696233113607,0.17486888964970906,0.6224130022058814,0.5549622309506863,1.2967528514459987,1.3865954875946045,1.351527214050293,3.325608730316162,-0.8508746027946472,-0.6873636245727539,-2.7293295860290527,16.91862724616635,8.901337016154315,1.301084797576699,0.843207044299982,3.522006862886745
2,1771108157447,1771108160550,0,0.1814242718120416,0.043009312947591145,0.2806654612223307,0.7372876766163347,0.5601978566318246,1.321387211854095,1.3865954875946045,1.230010986328125,3.325608730316162,-1.793731451034546,-0.9425601959228516,-2.7293295860290527,19.429088536768557,9.577008279922246,1.4162927327476815,0.803665430472192,3.522006862886745
2,1771108158523,1771108161602,0,0.1212876652677854,0.04633010228474934,0.026646208763122566,0.7689664820307466,0.6854080031748612,1.4157372950762455,1.3865954875946045,1.8247957229614256,3.1937122344970703,-1.793731451034546,-0.9425601959228516,-2.7293295860290527,22.792203267550295,10.300168759514898,1.5687458854642662,0.7333172322736358,3.47838168937032
2,1771108159599,1771108162670,0,0.04761768728494644,0.14118096033732097,-0.016176875432332354,0.9288329284799224,0.7356794873535768,1.1689863271178866,1.345801830291748,1.8247957229614256,3.104064702987671,-2.262540102005005,-0.9425601959228516,-1.904057741165161,22.643423957395274,9.861093857639876,1.533723902945598,0.600247081592688,3.2228633093372516
2,1771108160660,1771108163756,0,-0.06093407372633616,0.1103739102681478,-0.10218172868092855,0.9322674692901184,0.8210507624818165,1.182644662473029,1.1891018152236938,1.8247957229614256,3.104064702987671,-2.262540102005005,-1.8785429000854488,-1.904057741165161,23.0759032905895,10.252073878683099,1.582322978131316,0.6156768075325313,3.2228633093372516
2,1771108161704,1771108164814,0,-0.11764618710925182,0.008245499928792328,-0.03612876335779826,0.9214412081200862,0.8332458945612344,1.1561844229993568,1.1891018152236938,1.7906208038330078,2.950761079788208,-2.262540102005005,-1.8785429000854488,-2.43215560913086,22.900428758974122,10.140963715885277,1.5091120738663997,0.7347806539560233,3.3337902014658147
2,1771108162777,1771108165890,0,-0.13409214845548073,-0.02499785423278807,-0.04456734657287598,0.6779389139115236,0.9114454186647968,1.3002933485683694,0.952316403388977,1.7906208038330078,2.950761079788208,-1.4758299589157104,-1.8785429000854488,-2.43215560913086,22.22933451782628,10.551727124086895,1.5282245627408608,0.7657642262902464,3.3337902014658147
2,1771108163853,1771108166951,0,0.002426706937452152,-0.2792215665181478,0.037416756153106676,0.57188454439835,0.9155115668632305,1.1878056113982265,1.1962813138961792,1.7906208038330078,2.950761079788208,-1.411542892456055,-2.103109359741211,-2.43215560913086,19.084492998805338,10.016654772969977,1.429015179600518,0.7387164190329342,3.3337902014658147
2,1771108164923,1771108168008,0,-0.04076931153734525,-0.09784590403238932,0.02720344066619873,0.5021867408577,1.153031889697562,1.1964047568142888,1.1962813138961792,2.2400131225585938,3.1372132301330566,-1.0514791011810305,-2.4922590255737305,-1.7003438472747805,18.12074418767081,8.739753071973935,1.5713734345930923,0.686358183334814,3.2502985739052064
2,1771108165998,1771108169076,0,-0.13957196101546288,-0.1209841251373291,-0.10231931209564209,0.6060762254456843,1.1668479341954916,1.169569643439135,1.1962813138961792,2.2400131225585938,3.1372132301330566,-1.888112545013428,-2.4922590255737305,-2.749803066253662,17.499416043745107,9.944716884121844,1.5351394320992138,0.8396206728524686,3.9246732985647146
2,1771108167058,1771108170138,0,-0.04434100513656934,0.39040883382161456,-0.06747899850209554,0.7216486603592382,1.2662958428729307,1.2634315592764322,1.540452241897583,2.9847946166992188,3.1372132301330566,-1.888112545013428,-2.4922590255737305,-2.749803066253662,20.18670942259371,11.48614122707536,1.744491037158548,0.858354178508558,3.9246732985647146
2,1771108168124,1771108171204,0,0.04195177430907885,0.5431553522745768,0.06822462876637776,0.7769442476145747,1.1612997400245413,1.0766673771565511,1.540452241897583,2.9847946166992188,2.195005416870117,-1.888112545013428,-1.576690673828125,-2.749803066253662,19.606023071175787,11.119590448792136,1.654485661854601,0.7691458568719272,3.9246732985647146
2,1771108169188,1771108172279,0,0.17925106436014177,0.5592683792114258,0.017960902055104543,0.7871335641247702,1.0705086359426015,1.1171033424054349,1.540452241897583,2.9847946166992188,2.195005416870117,-1.591640830039978,-1.4501361846923828,-2.19772744178772,20.201114920489395,10.50074102793641,1.7019910024654703,0.6115268244334922,3.3624774221444595
2,1771108170244,1771108173356,0,-0.0077890232205390965,0.1531846046447754,0.03409327665964763,0.7665041391544575,1.0345653857063466,1.0775505003900863,1.3702671527862549,2.170649528503418,2.195005416870117,-1.591640830039978,-1.5299034118652344,-2.19772744178772,19.486767357143002,9.180362297444125,1.5610789136852616,0.5687779475446362,2.5646822342410087
2,1771108171312,1771108174431,0,-0.029289471109708143,-0.17435919443766276,0.04020772377649943,0.749228910519825,0.8619698461899756,1.1910447678847107,0.996846318244934,1.4338407516479492,1.9582433700561523,-1.591640830039978,-1.5299034118652344,-2.19772744178772,21.083301680419716,9.08620781423474,1.5390425508430792,0.5537177024878019,2.5646822342410087
2,1771108172389,1771108175503,0,-0.012056230753660203,-0.08097648620605469,0.45015863577524823,0.6964549130358353,1.0588558039172031,1.0406567460236997,1.4901115894317627,2.681330680847168,1.9582433700561523,-1.367725491523743,-1.5299034118652344,-1.8160542249679563,20.5975745416779,8.942242917538293,1.5762699693038607,0.5791820602308294,2.865518521123003
2,1771108173463,1771108176583,0,-0.19473275418082872,0.05234300295511881,0.0901153047879537,0.7028474542559071,1.3349750611421547,1.2536098903247475,1.4901115894317627,2.756197929382324,1.9582433700561523,-1.199899196624756,-3.034076690673828,-2.4581873416900635,21.08873702801608,8.439290879997944,1.8052510767147993,0.7258414699151576,3.7196201118664742
2,1771108174544,1771108177643,0,-0.2656943944593271,0.007768074671427409,-0.13427821000417073,0.6933043655387251,1.3104515397366026,1.1645544235133636,1.4901115894317627,2.756197929382324,1.802670955657959,-1.713259220123291,-3.034076690673828,-2.4581873416900635,18.896647357309902,8.321117107182198,1.6924841505510264,0.8261992573543275,3.7196201118664742
2,1771108175607,1771108178720,0,-0.26417818777263163,-0.2077266216278076,-0.22475431561470033,0.6376416105093178,1.1482767882295468,1.0551933267814924,1.0641802549362185,2.756197929382324,1.746878147125244,-1.713259220123291,-3.034076690673828,-2.4581873416900635,17.494181400997086,6.621166640551559,1.489612866049195,0.8439128038890491,3.7196201118664742
2,1771108176694,1771108179795,0,0.006594632441798846,-0.03288278579711914,0.16595548987388611,0.5944211616867646,0.7316788829708029,1.047750738925659,1.0641802549362185,1.560774803161621,2.2377004623413086,-1.713259220123291,-1.3742103576660156,-1.753968358039856,15.919225723613785,6.904242769450436,1.2677357224184007,0.5946037583500903,2.347982759253205
2,1771108177751,1771108180872,0,0.05980652881165346,0.13775669733683268,0.16887417833010357,0.5176267586437521,0.7721546151912717,1.0037752548282095,1.0641802549362185,1.6573495864868164,2.2377004623413086,-1.0079883337020874,-1.3742103576660156,-1.753968358039856,15.508575664122684,6.319635225109638,1.2446643756686702,0.5674051183516592,2.3847462671700823
2,1771108178827,1771108181938,0,0.015496046841144574,0.35132471720377606,0.08026975194613138,0.5671533414024521,0.685518101908107,1.1856040693567897,0.9370570182800292,1.6573495864868164,2.322962760925293,-1.2405518293380735,-0.7763996124267578,-2.459268808364868,17.304856213654208,10.032377816319565,1.356807552209618,0.6537943687435308,2.9841441387743464
2,1771108179903,1771108183014,0,-0.0427737923959891,0.20377308527628582,-0.02726455728212991,0.5404694215480211,0.6866415505318814,1.0057321057284512,0.7873697280883789,1.6573495864868164,2.322962760925293,-1.2405518293380735,-0.7792806625366211,-2.459268808364868,17.23508943501562,9.971705925805322,1.1558035161147973,0.6623829833597427,2.9841441387743464
2,1771108180979,1771108184120,0,0.014219057311614361,-0.014618301391601559,0.003690407673517863,0.5075764354727738,0.6890148125127723,1.2005445778919999,0.7873697280883789,1.2889890670776367,2.322962760925293,-1.2405518293380735,-1.7487640380859375,-2.8863525390625,18.18896512648433,11.260704138540733,1.2651855448872795,0.7198861125575505,2.9841441387743464
2,1771108182047,1771108185158,0,-0.09878100566565991,-0.03319555918375651,-0.31444656451543174,0.5288259868373308,0.6981241954159297,1.0280880290926833,0.7676690816879272,0.979379653930664,1.446198344230652,-1.677978754043579,-1.7487640380859375,-2.8863525390625,15.412513730807339,9.168079731858056,1.2126503707243592,0.6452062121197544,2.9091891655252278
2,1771108183126,1771108186236,0,-0.04496345755954583,0.05364294052124023,-0.3811712384223938,0.5788392467479283,0.7458481133343452,1.0734927123275715,0.88649982213974,1.0754032135009766,1.375637173652649,-1.677978754043579,-1.7487640380859375,-2.8863525390625,16.25102627231398,8.554067498454016,1.3422089692276071,0.5791840835032653,2.9091891655252278
2,1771108184199,1771108187319,0,-0.1682545085127155,0.2134368896484375,-0.4926062285900116,0.7128501312516468,0.6786786278957175,0.7878061664426471,1.2373223304748535,1.4294843673706057,1.375637173652649,-1.677978754043579,-1.2121505737304688,-2.0380139350891118,16.338966215255223,6.9075930234461556,1.2732937702151021,0.4895466065290145,2.4220602483227536
2,1771108185267,1771108188397,0,0.03589142231891554,0.025424925486246745,-0.23552446564038595,0.7728542939445159,0.813439448824567,0.7777856510297495,1.2373223304748535,1.4294843673706057,1.375637173652649,-1.455754637718201,-1.61279296875,-1.6667488813400269,17.722558971412536,5.423911602814974,1.3050326964238725,0.4018527838367947,2.218242119365575
2,1771108186343,1771108189471,0,0.03693913786361615,-0.11671724319458007,-0.24878153999646505,0.7847426007351025,0.8772622349139444,0.8377647641170283,1.2373223304748535,1.4294843673706057,1.6849405765533447,-1.455754637718201,-1.61279296875,-2.505032777786255,18.235420890727763,7.942799248516454,1.361003224025305,0.5005869098862933,2.826451370544209
2,1771108187428,1771108190547,0,0.10843751976887385,-0.16489295959472655,-0.25729024012883506,0.7441608367620558,0.9356418649384636,0.9202401824898848,1.144340753555298,1.3061752319335938,1.6849405765533447,-1.4453349113464355,-1.61279296875,-2.505032777786255,18.312262733199383,7.938038589557713,1.427077613951922,0.5272940790846679,2.826451370544209
2,1771108188521,1771108191605,0,0.06749263952175778,-0.011363855997721354,-0.19141750733057658,0.7572801585168675,0.8089950822058586,1.0425760174991463,1.5736348628997805,1.3061752319335938,2.062978506088257,-1.4453349113464355,-1.3707866668701172,-2.505032777786255,19.171083841367306,9.291441891112926,1.383792372225072,0.613799129463142,2.826451370544209
2,1771108189580,1771108192682,0,0.07992616295814517,0.09902811050415039,-0.26409157514572146,0.7145935992905676,0.8299920687070176,1.0726883584615585,1.5736348628997805,2.496981620788574,2.062978506088257,-1.4453349113464355,-1.2720251083374023,-2.352379322052002,19.640323719822035,8.262086804613489,1.413710063152144,0.6095909574474819,2.859325860113341
2,1771108190657,1771108193774,0,0.0800725616514683,0.13464679718017578,-0.11342341105143229,0.6811002441704006,0.8555800570020277,1.1755530000788026,1.5736348628997805,2.496981620788574,2.062978506088257,-1.4051549434661863,-1.7180166244506836,-2.6711599826812744,20.90529515681397,8.820697882422154,1.4612698065895453,0.6384316255097764,2.859325860113341
2,1771108191714,1771108194859,0,0.1320527233183384,0.16432739893595377,-0.25329791704813637,0.6673644967699303,0.8703450336331563,1.2631501732337544,1.6443533897399902,2.496981620788574,1.6263320446014404,-0.9226551055908204,-1.7180166244506836,-2.6711599826812744,21.4953023593247,8.584229440948354,1.5487350751717512,0.6553474885900346,2.859325860113341
2,1771108192791,1771108195918,0,0.1495298909644286,0.07777434984842936,0.04095404148101805,0.8151320277387485,0.925279786206917,1.2359329785465956,1.6443533897399902,2.166271209716797,2.1511342525482178,-1.8011256456375122,-1.7813901901245115,-2.6711599826812744,22.04671634249212,11.502341571929563,1.5347531038865323,0.8015895672516964,3.193252557919957
2,1771108193883,1771108196985,0,0.03163210401932399,-0.07702682813008627,-0.16431554953257244,0.8031995360204286,0.8418684124489142,1.1182853541067206,1.6443533897399902,2.166271209716797,2.1511342525482178,-1.8011256456375122,-1.7813901901245115,-2.477585554122925,18.67738712160502,12.009364454164421,1.4161626087137185,0.7515751535938895,3.193252557919957
2,1771108194967,1771108198054,0,-0.1924541418751081,-0.12473394076029459,-0.1261923948923747,0.7095282533813407,0.8801845049522279,0.8859520315841836,1.582111954689026,2.166271209716797,2.1511342525482178,-1.8011256456375122,-1.7813901901245115,-1.356494426727295,16.836639352607143,11.550756560959929,1.2669032646645786,0.6881572306856779,3.193252557919957
2,1771108196027,1771108199140,0,-0.2362790249288082,-0.09662634531656901,-0.14635036389033,0.5070236556944439,0.6754384820811407,0.8902398700305243,0.6772715449333191,1.2376842498779297,1.7133092880249023,-1.1897709369659424,-1.3189096450805664,-2.1423139572143555,13.426760210231295,7.465772615980863,1.1603405755838276,0.4500756917647189,2.286172490614875
2,1771108197100,1771108200213,0,-0.16547351951400438,0.03148574829101562,0.1812225103378296,0.5076786425595394,0.7391588469550563,0.8291614364946708,0.6772715449333191,1.8007278442382812,1.7133092880249023,-1.1897709369659424,-0.988356590270996,-2.1423139572143555,13.769505314309246,8.09296620217181,1.132506339048523,0.47762976365304305,2.286172490614875
2,1771108198179,1771108201290,3,0.14720285460352897,0.23796923955281576,0.25412650108337403,0.7915164818344379,0.810001623696594,0.8237240474597707,1.9627034664154053,1.8007278442382812,1.7133092880249023,-1.125711441040039,-0.988356590270996,-2.1423139572143555,16.447750962570932,9.565203313527043,1.3192099728425561,0.5555192358259678,2.354000397277002
2,1771108199247,1771108202350,3,0.147811721265316,0.2514405886332194,0.11583016713460288,0.7619738715759986,0.7835913554018574,0.6568477565017313,1.9627034664154053,1.8007278442382812,1.5760869979858398,-1.125711441040039,-0.933818817138672,-1.1029398441314695,15.539245181731717,8.693740424175616,1.1666443370335133,0.5656499854819564,2.354000397277002
2,1771108200322,1771108203416,3,0.20297149916489918,0.32906974156697594,-0.1671630303064982,0.7542798085306609,0.6497375247316077,0.7463640432663187,1.9627034664154053,1.7486038208007812,1.0978312492370603,-1.125711441040039,-0.8790254592895508,-1.8165745735168457,16.506949906944513,8.281480205250261,1.1748773830875694,0.5511510505687525,2.354000397277002
2,1771108201400,1771108204502,0,0.009301005800565093,0.17088152567545573,-0.17865718205769857,0.46877381532360224,0.5022540260819086,0.6872046699610136,0.8950470089912415,0.9064416885375975,1.057286500930786,-1.242908239364624,-0.8790254592895508,-1.8165745735168457,12.819002258515303,5.744522553203957,0.9210763855433848,0.36046904087802445,2.0106477227785033
2,1771108202457,1771108205586,0,-0.035090557237466166,0.25391820271809895,-0.22017468611399332,0.45308845482685994,0.5856137485602423,0.7232019886396781,0.8950470089912415,1.3837757110595703,1.057286500930786,-1.242908239364624,-1.150080680847168,-1.8165745735168457,12.815465531066875,6.969289418912806,0.9880243165970735,0.4236978986103235,2.0106477227785033
2,1771108203526,1771108206638,0,0.02357090463240942,0.21725517908732098,-0.0005290587743123372,0.4212131733761681,0.5634694765960689,0.7030997926499739,0.8950470089912415,1.3837757110595703,1.689704179763794,-1.242908239364624,-1.150080680847168,-1.189140558242798,11.344239237234312,6.60978331746528,0.9279308704647852,0.3846074083454931,1.7284320489827485
2,1771108204610,1771108207695,0,0.1015495553612709,0.14297151565551758,0.21913474400838215,0.30854712004268764,0.5437053776856239,0.9259111111317994,0.7965502738952637,1.3837757110595703,1.9078006744384768,-0.4270046949386596,-1.150080680847168,-1.189140558242798,9.308238773604453,6.138969361577822,1.035989805395683,0.4683304529643796,2.017169032674709
2,1771108205669,1771108208756,0,0.07955313424269359,0.1588732083638509,0.1353031794230143,0.30515318026154264,0.37185279946779026,0.9189201257184226,0.7965502738952637,0.779597282409668,1.9078006744384768,-0.5080163478851318,-0.712397575378418,-1.0460963249206543,7.455506347556568,4.9026527215808,0.9425853377519642,0.45639836889072305,2.017169032674709
2,1771108206744,1771108209822,0,0.03593293925126394,0.17252152760823566,0.08418259620666504,0.33059514820812547,0.3143307347790052,0.8225464057061627,0.7988938093185425,0.5527114868164062,1.9078006744384768,-0.5080163478851318,-0.712397575378418,-0.9581089019775392,6.4448903623061105,2.645157835762617,0.823449042903882,0.47189654494759153,2.017169032674709
2,1771108207796,1771108210883,0,0.014043863117694863,0.21913938522338866,-0.31399744351704917,0.35019365816246084,0.1758540296098462,0.3888764836761152,0.7988938093185425,0.5527114868164062,0.632411003112793,-0.5080163478851318,-0.1251392364501953,-0.9581089019775392,5.877032329528167,2.947393411836591,0.6235718073566507,0.23326220581427962,1.0484863960997948
2,1771108208864,1771108211957,0,0.14915259977181752,0.11467018127441404,-0.23085193236668905,0.3920864816207832,0.14564396022295725,0.34621924256162395,0.7988938093185425,0.5527114868164062,0.632411003112793,-0.7103596925735474,-0.1251392364501953,-0.8585300445556641,6.201489133789952,3.4949382266539173,0.577611993623234,0.20351419401500442,1.0226035393160187
2,1771108209931,1771108213024,0,0.21372740666071574,0.09614753723144528,-0.2530664642651876,0.3435729176840008,0.10009890548744489,0.2779500154817893,0.6656176447868347,0.3294000625610351,0.1895520687103271,-0.7103596925735474,-0.1141633987426757,-0.7372856140136719,4.949299573495602,3.3814186011200404,0.5356787771090966,0.17759614120278286,0.9541534193775698
2,1771108210990,1771108214067,0,0.15084598859151205,0.09752858479817705,-0.27334824899832405,0.3414353638131139,0.1463511328593233,0.3588538669842282,0.6656176447868347,0.5291013717651367,0.1895520687103271,-0.7103596925735474,-0.2176885604858398,-1.2538199424743652,5.202002505361374,3.4479694849385156,0.5589197994826998,0.23298962027595957,1.2919686863460111
2,1771108212065,1771108215148,0,0.05898368408282598,0.15777737299601238,-0.17655062774817148,0.26775410723982146,0.3550827223681833,0.48347375965775613,0.567051112651825,0.9593343734741212,0.7427049279212952,-0.3636867105960846,-0.5916805267333984,-1.2538199424743652,6.2638524258169435,3.9899261457631043,0.6289685310525325,0.289613775276669,1.2919686863460111
2,1771108213124,1771108216211,0,-0.008276023219029104,0.19977404276529948,-0.19478539923826854,0.22297591762107935,0.40606566614502704,0.696935843461069,0.4906311631202698,0.9593343734741212,1.2177232503890991,-0.2977323532104492,-0.5916805267333984,-1.760326623916626,8.927752734745916,5.100918031928608,0.7898878774349499,0.3680979583222962,1.8022049376337559
2,1771108214176,1771108217261,0,0.022493852923313785,0.12715482711791992,-0.21930846373240154,0.3640855871451597,0.6938700375622181,1.0671800674297063,0.534907341003418,1.945162773132324,1.2789256572723389,-1.3571367263793943,-1.279709815979004,-4.225710868835449,14.518534283152515,10.922334706231727,1.0395146734044727,0.8378775124224515,4.845834361083926
2,1771108215252,1771108218314,0,0.05318564747770628,0.13288888931274415,-0.21274885137875874,0.4379462863608953,0.7760124584341089,1.07464850711478,0.7031112909317017,1.945162773132324,1.2789256572723389,-1.3571367263793943,-1.7019710540771484,-4.225710868835449,16.719267139671302,10.539351947935328,1.14049911899827,0.8193216154631333,4.845834361083926
2,1771108216319,1771108219389,0,0.009639805058638255,0.07395871480305992,-0.2816748847564062,0.48520427153664303,0.8984599663491095,1.2763099075699678,0.7031112909317017,1.945162773132324,2.064479112625122,-1.3571367263793943,-1.7019710540771484,-4.225710868835449,19.914301142942723,10.710333229355296,1.3872271336203184,0.876751979035157,4.845834361083926
2,1771108217362,1771108220456,0,-0.03671537091334661,0.44289493560791016,-0.10981231331825256,0.502791831661363,1.0693720777145173,1.1534965784635496,0.7203373312950134,3.145082473754883,2.064479112625122,-1.0588551759719849,-1.7019710540771484,-2.731125831604004,19.997083398282335,8.053141712228605,1.5323152032158633,0.7174570083979134,3.1857235345928014
2,1771108218421,1771108221515,0,-0.1168576180934906,0.459270445505778,-0.38894601464271544,0.514229288728888,1.1377274399017832,1.26025391036537,0.7203373312950134,3.145082473754883,2.064479112625122,-1.0588551759719849,-1.8988046646118164,-2.731125831604004,22.289151100329597,8.411784743713328,1.7155834846691982,0.7008587700411568,3.1857235345928014
2,1771108219499,1771108222583,0,-0.09564676086107891,0.43275044759114584,-0.16859578986962637,0.6094637876573115,1.1161113029007959,0.9913929803690653,0.7203373312950134,3.145082473754883,1.7196415662765503,-1.357583999633789,-1.8988046646118164,-2.3271327018737797,19.456845975172072,9.23019454738148,1.4908036479412592,0.7303946834598009,3.1857235345928014
2,1771108220565,1771108223668,0,0.023789091159900026,0.12794949213663737,-0.17290830810864766,0.5949675979113266,0.8433703505143921,0.7901650673784414,1.00555419921875,1.5769767761230469,0.928519606590271,-1.357583999633789,-1.8988046646118164,-2.3271327018737797,15.589597432640353,8.6947932628369,1.1720122809155995,0.5631086316848231,2.5453213263222545
2,1771108221654,1771108224735,0,0.05619252473115921,0.08229554494222005,0.10324369668960572,0.5672759607682547,0.6880993422767469,0.6122272363077028,1.00555419921875,1.0938901901245115,1.0865795612335205,-1.357583999633789,-1.1753902435302734,-1.3737831115722656,12.06294930270126,6.307756941070074,1.0169658911853812,0.3485999674007192,1.8135156010912408
2,1771108222692,1771108225811,0,0.06061738605300585,0.16161985397338868,-0.042218275864919025,0.46510041500735794,0.7008651536475393,0.6403546243112967,1.177359938621521,2.0337209701538086,1.0865795612335205,-0.6277631521224976,-0.9051189422607422,-1.3737831115722656,11.787979855767405,5.740999344765995,0.9540457482259579,0.45679482547689254,2.4813148836930625
2,1771108223775,1771108226878,0,-0.056196004152297974,0.2700107256571452,-0.1284204880396525,0.4870524903279805,0.915831572593349,1.0638820449403463,1.177359938621521,2.556349754333496,1.7052183151245115,-0.8837699294090271,-1.6548938751220703,-2.913573265075684,17.290735179050273,13.558146282584163,1.2338576185828962,0.8536149286080772,3.956613029430463
2,1771108224846,1771108227962,0,-0.034420001157559436,0.24722506205240885,-0.1138645609219869,0.48027346850234715,0.8819441933466188,1.0534020670136326,1.177359938621521,2.556349754333496,1.7052183151245115,-0.8837699294090271,-1.6548938751220703,-2.913573265075684,16.557969067591635,13.70901396339871,1.1653074571378388,0.8895182228886613,3.956613029430463
2,1771108225911,1771108229031,0,-0.11987037102226168,0.23394320805867513,-0.016289734840393068,0.4958372038009256,0.932050319827077,1.257128951587706,0.7943257689476013,2.556349754333496,2.456732988357544,-1.1123967170715332,-2.1010618209838867,-2.913573265075684,18.420513480731362,13.682039764115803,1.4020461574605518,0.8562614848747151,3.956613029430463
2,1771108226987,1771108230100,0,-0.07567862262173249,0.06339778900146484,0.18588883479436238,0.5476289713466305,0.6990619074632676,1.0169317669569988,1.1794188022613523,1.218062400817871,2.456732988357544,-1.1123967170715332,-2.1010618209838867,-1.6146942377090454,14.925733631060496,7.618530188247302,1.2238160480127,0.5649713668285588,2.520206985005528
2,1771108228093,1771108231174,0,-0.1013489409039418,0.018627007802327452,-0.09653622706731159,0.6063869613551225,0.784571543482179,1.291745982160741,1.1794188022613523,1.385920524597168,2.456732988357544,-1.1123967170715332,-2.1010618209838867,-2.771000385284424,18.246763211275614,8.451270246860052,1.4782809783935267,0.6417322921252754,2.883190637369118
2,1771108229144,1771108232241,0,-0.006351079667607951,-0.03497266769409181,-0.26334826946258544,0.6317632190829681,0.6185854932986494,1.1824114224862918,1.1794188022613523,1.385920524597168,2.0468287467956543,-1.1283297538757324,-1.1593427658081057,-2.771000385284424,16.17989189578456,8.48468545205155,1.3273754704006155,0.6559257683927316,2.883190637369118
2,1771108230206,1771108233310,0,0.0215132225304842,0.09833148320515951,-0.4626123627026876,0.7394906965573537,0.6624143370048243,1.0751418478316717,1.720697045326233,1.385920524597168,2.0468287467956543,-1.4366638660430908,-1.1593427658081057,-2.771000385284424,16.51542241389855,8.856618079980146,1.3702252025966786,0.6566439654998364,2.883190637369118
2,1771108231274,1771108234385,0,0.09326269254088401,0.14563029607137043,-0.30565983057022095,0.8043608433592245,0.6460118466864538,0.782580107529812,1.720697045326233,1.3814010620117188,2.0468287467956543,-1.677955985069275,-1.0316991806030271,-1.3788928985595703,15.204929893267627,6.651299147179664,1.2314892475987766,0.485268072250079,2.304762791908879
2,1771108232351,1771108235460,0,0.07788004477818807,0.2474068323771159,-0.3237592418988546,0.9072172921418853,0.7150233725903821,0.6892276383845739,1.720697045326233,1.3814010620117188,1.2731425762176514,-1.677955985069275,-1.0316991806030271,-1.3998180627822876,18.08824967514099,6.36142121737886,1.3336624081937123,0.38389819940769876,2.2045659631535797
2,1771108233417,1771108236528,0,0.10885483225186669,0.19533424377441405,-0.15957835912704468,0.9528385629623095,0.7126837073878515,0.7981399319298536,1.5091049671173096,1.3004169464111328,1.2731425762176514,-1.677955985069275,-1.0316991806030271,-2.2692549228668213,19.16847634768184,8.030679955824267,1.3544826523939384,0.482735050826651,2.846716030947964
2,1771108234493,1771108237596,0,0.1112957164645195,0.17774457931518556,-0.10769026676813762,0.9825691397787599,0.7949902811593773,0.8741557040812873,1.6001797914505005,1.8994674682617188,1.383398175239563,-1.497148036956787,-1.150360107421875,-2.2692549228668213,21.511062134416985,8.747926263549816,1.440020051504576,0.5233834008507359,2.846716030947964
2,1771108235569,1771108238664,0,0.06072918574015299,-0.03332133293151859,0.07265333731969198,0.9634770819772108,0.9205660993852113,0.9305726517301458,1.6001797914505005,1.8994674682617188,1.383398175239563,-1.497148036956787,-1.8102126121521,-2.332475185394287,22.382278358126197,9.993678761923873,1.4994455299210534,0.571186541846609,2.846716030947964
2,1771108236636,1771108239739,0,-0.10947112838427225,-0.06817749341328941,-0.12374650239944458,0.79620854223194,0.9194497108731999,0.9927598030253206,1.6001797914505005,1.8994674682617188,1.383398175239563,-1.4495408535003662,-1.8102126121521,-2.332475185394287,21.2000882572891,9.388802723359243,1.4645666534168138,0.5282378563930663,2.6810677472638074
2,1771108237722,1771108240765,0,-0.20581043511629105,-0.08129665056864423,-0.13675303061803182,0.6614553248237683,0.7559164593119565,0.9109104481262215,1.1640324592590332,1.643777847290039,1.338918924331665,-1.4495408535003662,-1.8102126121521,-2.332475185394287,17.918309999820718,9.311476887440266,1.2393105527192174,0.5655441271636618,2.6810677472638074
2,1771108238771,1771108241841,0,-0.136621102442344,0.08815231323242187,-0.18966472546259563,0.7636980117486152,0.5180905129195014,0.8607628737434097,1.452967405319214,1.643777847290039,1.338918924331665,-2.157017707824707,-0.69287109375,-2.104508638381958,15.877920594323918,7.794757345914806,1.1609434806026215,0.5126994997893962,2.6810677472638074
2,1771108239822,1771108242900,0,-0.03716381167372065,0.16835031509399415,-0.144254732131958,0.874108620345048,0.6827869459690126,1.2936787522222883,1.452967405319214,2.2115955352783203,1.9104187488555908,-2.157017707824707,-0.7223024368286133,-3.5361294746398926,21.047131267602616,14.639811686635262,1.4169304113176941,0.9376678344432855,4.198106654982028
2,1771108240875,1771108243959,0,0.11074327280124031,0.17908722559611004,0.1215711792310079,0.8267835276994021,0.7495275253604855,1.3804885939840978,1.452967405319214,2.2115955352783203,1.9104187488555908,-2.157017707824707,-0.969965934753418,-3.5361294746398926,20.830786815759087,14.505286362685023,1.5418410460290408,0.8677654275095449,4.198106654982028
2,1771108241941,1771108245043,3,-0.044072309881448744,0.2500413576761881,0.43588367303212483,1.2735664402335543,0.8219710624576771,1.4682594853824673,1.5059187412261963,2.2115955352783203,2.3332672119140625,-5.426620006561279,-0.9728021621704102,-3.5361294746398926,25.590244364864695,20.38448476637143,1.8278832151492237,1.1226114589346592,5.7252888109131455
2,1771108243002,1771108246133,3,-0.027702163408199934,0.25853910446166994,0.6012148380279541,1.1833901457414573,0.6500852348951206,0.8601023031367941,1.5059187412261963,1.688014030456543,2.3332672119140625,-5.426620006561279,-0.9728021621704102,-1.3397459983825684,17.970598646685925,17.817478099747944,1.4128350308413455,0.9704275930793416,5.7252888109131455
2,1771108244104,1771108247155,3,-0.11275105476379395,0.25640087127685546,0.32494866847991943,1.178222974778973,0.6101350149807673,0.9620016225291094,1.5059187412261963,1.688014030456543,2.3332672119140625,-5.426620006561279,-0.9728021621704102,-1.5573575496673584,18.081401948780197,18.070915787679308,1.3520821373294658,0.9925464986256272,5.7252888109131455
2,1771108245152,1771108248221,3,0.031936254103978476,0.21491387685139973,0.2002694050470988,0.36953142232342007,0.534183088057284,0.7506163155987048,0.8986647129058838,1.2721738815307615,1.5414762496948242,-0.4764355421066284,-0.7477331161499023,-1.5573575496673584,10.980151655056577,5.53152987547553,0.9492586716177367,0.37880384525855176,1.6752306588353072
2,1771108246202,1771108249297,3,-0.07128946582476298,0.2456664403279622,0.08629399140675863,0.3752761257787469,0.48384127818290107,0.7413967393084544,0.8959431052207947,1.2721738815307615,1.5414762496948242,-0.696037232875824,-0.7477331161499023,-1.5573575496673584,9.775919824275045,6.1097363790341825,0.9135008703231764,0.36978170105328606,1.6752306588353072
2,1771108247262,1771108250364,0,-0.0917375236749649,0.3322434425354004,-0.12440485556920369,0.32052413496399623,0.3447182425280193,0.709110002905538,0.6253946423530579,1.2721738815307615,1.5414762496948242,-0.696037232875824,-0.4704971313476562,-1.0658376216888428,7.2859876627138815,4.671244573735594,0.8587681250968763,0.31685734581398106,1.55720363033619
2,1771108248333,1771108251423,0,-0.10181140452623368,0.2873513221740723,-0.4567919890085856,0.3529900872124865,0.17836856244243,0.375748187285825,0.5811728835105896,0.6331281661987305,0.650367259979248,-0.696037232875824,-0.0148601531982421,-1.0658376216888428,5.940361701522945,3.182635965080024,0.7302787053886112,0.2406288942267574,1.2252316675732347
2,1771108249406,1771108252500,0,-0.0013512710730234781,0.18678067525227865,-0.5391720612843831,0.3855684789405607,0.14918555784074972,0.23598742976274972,0.5840240716934204,0.5771303176879883,-0.1832046508789062,-0.5363662838935852,-0.1216812133789062,-1.0658376216888428,6.326434338960792,2.5243129832019826,0.7038471128930315,0.22571816702800468,1.2252316675732347
2,1771108250465,1771108253568,0,0.005023320019245149,0.11822795867919922,-0.3807130654652913,0.38960221757429475,0.14885877226245842,0.15937271214627616,0.5840240716934204,0.381174087524414,-0.0121703147888183,-0.5363662838935852,-0.2455511093139648,-0.6965656280517578,6.3609512642705575,2.4264798363219957,0.5681549100743783,0.17275372428882207,0.859275822262947
2,1771108251532,1771108254627,0,-0.006987996896107993,0.09089349110921222,-0.31755921443303425,0.4034355155654542,0.15072945896533263,0.17519384823599857,0.5840240716934204,0.381174087524414,-0.0121703147888183,-0.5675135850906372,-0.2455511093139648,-0.6378046274185181,6.62258251735365,2.834718632384903,0.5365939456984682,0.17671710717012087,0.859275822262947
2,1771108252609,1771108255711,0,0.016891990353663764,0.04621715545654295,-0.2128353198369344,0.34847400261997113,0.14049264702997097,0.19360148909586014,0.5591379404067993,0.381174087524414,0.1428210735321045,-0.5675135850906372,-0.2455511093139648,-0.6378046274185181,5.248918362639402,2.8761611598240684,0.4403604467861975,0.16557622786490672,0.772545632972614
2,1771108253676,1771108256821,0,0.07830571805437406,0.011422920227050775,-0.06398090124130248,0.3475397719553392,0.12388631151530421,0.29102118099846436,0.5591379404067993,0.2440671920776367,0.7798583507537842,-0.5675135850906372,-0.2782344818115234,-0.6378046274185181,4.723858822914973,2.9486438247460214,0.4328646133771562,0.19417798950700635,0.9350782802998073
2,1771108254735,1771108257862,0,0.02025744840502739,0.02561992009480794,-0.045484975973765045,0.3719549765292253,0.13305137752733825,0.30260890087646963,0.4971314668655395,0.202488899230957,0.7798583507537842,-0.8459743857383728,-0.2782344818115234,-0.6643277406692505,4.910763310221292,3.1191022529494448,0.4313214744226742,0.24169350018073302,1.035922381693891
2,1771108255819,1771108258938,0,0.033599049597978575,0.03655401865641275,-0.03540224234263101,0.34902575027885396,0.1270580836179402,0.29966518041234924,0.4971314668655395,0.202488899230957,0.7798583507537842,-0.8459743857383728,-0.2782344818115234,-0.6643277406692505,4.837882514716557,3.2217007923161254,0.40668247025962256,0.2459976152914686,1.035922381693891
2,1771108256903,1771108260005,0,-0.0004289998983343544,0.04913558959960936,-0.12643810907999675,0.3235222418533821,0.12944048660752935,0.23641052498762727,0.4248410761356354,0.2871770858764648,0.1982524394989013,-0.8459743857383728,-0.2136745452880859,-0.6643277406692505,4.778613258913411,3.1725491745286685,0.3828161028471559,0.2115312482281993,1.035922381693891
2,1771108257963,1771108261082,0,0.03057725323985021,0.12604392369588216,-0.2487132469813029,0.2043496065799136,0.22909725236420134,0.3717684034914874,0.408004492521286,0.7154874801635742,0.1982524394989013,-0.3249267935752868,-0.2136745452880859,-1.1170282363891602,3.9222142898307597,2.393494027225904,0.48082032879590836,0.2732934252124966,1.131918794678436
2,1771108259047,1771108262135,0,-0.03776177347948153,0.21855967839558918,-0.26370112697283427,0.20556427168549984,0.34295663231257906,0.4524594937276208,0.3461231887340545,0.8447265625,1.0685924291610718,-0.4883241057395935,-0.5938539505004883,-1.1170282363891602,5.7002413174808035,3.687413864816686,0.6227887131362267,0.29356744884695746,1.25816916205444
2,1771108260114,1771108263217,0,-0.09840415554742019,0.19999427795410157,-0.14612601598103842,0.25404749598239906,0.3955827782699986,0.5999193556489696,0.3748012185096741,0.8447265625,1.2791954278945925,-0.630483865737915,-0.7825584411621094,-1.1170282363891602,7.641512724268072,5.024513447012261,0.7369282794045098,0.30433999923989585,1.5712317626589778
2,1771108261182,1771108264284,0,-0.005487571905056637,0.025671005249023438,0.1956126610438029,0.3160967862549035,0.4596648421940081,0.6322776838935832,0.6107813119888306,0.8447265625,2.020451784133911,-0.630483865737915,-1.0677366256713867,-0.7365990877151489,9.24176506093567,5.2375928105522895,0.7453205370737871,0.42026502961454504,2.113882269380023
2,1771108262240,1771108265353,0,-0.03017999120056629,-0.18321377436319988,0.23704604903856913,0.3307577762426177,0.4126701697323737,0.6780764734942949,0.6107813119888306,0.4209194183349609,2.020451784133911,-0.630483865737915,-1.0677366256713867,-1.0099208354949951,9.633404267947482,5.350063151639122,0.7973006327767058,0.41913238725888874,2.113882269380023
2,1771108263325,1771108266411,0,-0.03560731249550978,-0.15262746810913086,0.1145415981610616,0.3294918672196121,0.4372651819612125,0.6758510941468896,0.6107813119888306,0.8683509826660156,2.020451784133911,-0.6517844200134277,-1.0677366256713867,-1.057852268218994,9.315613126130494,4.705385046360054,0.7754178024925362,0.4165529121639351,2.113882269380023
2,1771108264393,1771108267495,0,-0.10347490447262923,-0.1959645907084147,-0.15083606243133546,0.5136271215455749,0.771114952368693,0.6877240343547791,0.9587658047676086,1.4245595932006836,1.3316025733947754,-1.9003220796585083,-2.5736093521118164,-1.429347038269043,12.959623500877807,8.692136573901116,1.0154951137181687,0.5821890536246279,2.595609700837515
2,1771108265460,1771108268554,0,-0.10684472744663556,-0.02785975138346354,-0.2803558031717936,0.5055722738934708,0.7763772151914166,0.5957794203636406,0.9587658047676086,1.4245595932006836,0.7762384414672852,-1.9003220796585083,-2.5736093521118164,-1.429347038269043,12.387880240368894,8.811588022081928,0.9498423167390532,0.6114975957521563,2.595609700837515
2,1771108266520,1771108269613,0,-0.06072694932421049,-0.046759287516276046,-0.20726908445358277,0.48711131678662045,0.7701757551128724,0.6337851957584412,0.9587658047676086,1.4245595932006836,0.7762384414672852,-1.9003220796585083,-2.5736093521118164,-1.429347038269043,12.162341571247286,8.74153650097103,0.939118538270026,0.6085186485312598,2.595609700837515
2,1771108267603,1771108270689,0,0.007768376419941584,0.0251832644144694,0.25381017525990807,0.30681290566421054,0.34968932807014586,0.7676177289843579,0.6030600666999817,0.6353778839111328,1.6036608219146729,-0.5470787882804871,-0.8238773345947266,-1.2542414665222168,8.065460007513316,4.272211181143212,0.83373747653304,0.3923333480133842,1.6546550675283214
2,1771108268662,1771108271765,0,0.04864471182227135,-0.025374412536621094,0.4915266513824463,0.296143117519714,0.2713409977721486,0.7074817722000928,0.6030600666999817,0.5595569610595703,1.6036608219146729,-0.5470787882804871,-0.8238773345947266,-0.8583002090454102,7.031512971416978,4.339892320701316,0.8501426470726536,0.4089448161047736,1.6546550675283214
2,1771108269721,1771108272850,0,0.08626965930064519,0.0442536989847819,0.34549379348754883,0.317830424796749,0.23404655132732427,0.7697062971578089,0.6030600666999817,0.57647705078125,1.6036608219146729,-0.5470787882804871,-0.4051904678344726,-0.7812409400939941,5.996226365701331,4.20125151384392,0.8368696755310924,0.39616651515235796,1.6546550675283214
2,1771108270798,1771108273918,0,0.05525769491990407,0.1553643226623535,-0.19708243211110432,0.32512846736356565,0.18865629182806123,0.5890379765223626,0.4821220636367798,0.57647705078125,1.4387860298156738,-0.6844832301139832,-0.4051904678344726,-0.9896125793457032,5.313425210676445,2.67716397073306,0.6824076726423006,0.27356398420931777,1.4433858671072692
2,1771108271903,1771108274984,0,0.05250433919330438,0.1830918312072754,-0.45613415241241456,0.36766413849304574,0.13673935737455536,0.23255405098179902,0.4821220636367798,0.57647705078125,0.0505163669586181,-0.7184188961982727,-0.0416231155395507,-0.9896125793457032,5.443838307511713,2.532771690054624,0.6398333999306318,0.19291324187851136,1.075474900126667
2,1771108272958,1771108276052,0,0.0006861700365940785,0.12239576975504557,-0.3534404436747233,0.35850161609780473,0.12973946744794077,0.3122774315954269,0.4821220636367798,0.4002943038940429,0.3342139720916748,-0.7184188961982727,-0.1888246536254882,-0.9896125793457032,5.247164248231777,2.427389237025907,0.5686313136852531,0.23044994886090142,1.075474900126667
2,1771108274025,1771108277119,0,0.006920448566476512,0.06727523803710936,-0.17974201838175455,0.3124375027973129,0.11635912675249603,0.28191133821228836,0.3823731243610382,0.3062887191772461,0.3342139720916748,-0.7184188961982727,-0.1888246536254882,-0.6608943939208984,4.579986289965228,2.0966666312424564,0.43872358476813467,0.17224365363036934,0.9815166038917406
2,1771108275093,1771108278196,0,0.009405605991681424,0.05173079172770181,-0.0840263525644938,0.27205050317635665,0.10983410448160913,0.22897640527681867,0.3823731243610382,0.2370834350585937,0.3342139720916748,-0.3917938470840454,-0.1888246536254882,-0.5330948829650879,3.967308316216668,1.7406445910042532,0.3645959903273772,0.1056168723131627,0.5863455667800378
2,1771108276161,1771108279272,0,-0.015172697852055234,0.06947682698567706,-0.17044474283854166,0.35621003970020665,0.11315623515909978,0.2580520440882317,0.5851844549179077,0.2771368026733398,0.2992708683013916,-0.7520216703414917,-0.1278076171875,-0.6136860847473145,4.745917705152512,2.75691636360013,0.4499721311044425,0.17918923475080234,0.9076347650366361
2,1771108277227,1771108280347,0,-0.060944338887929925,0.09026269912719724,-0.2212149381637573,0.33692298482534816,0.11522073508444752,0.2679755508193067,0.5851844549179077,0.3149700164794922,0.3188879489898681,-0.7520216703414917,-0.1396064758300781,-0.7271978855133057,4.381059893660108,2.7491280038661072,0.46964118296099083,0.1825635261740848,0.9076347650366361
2,1771108278304,1771108281424,0,-0.14899476220210392,0.13616908391316732,-0.15557661155859628,0.34377367649748436,0.2101348578818338,0.4111057836842925,0.5851844549179077,0.7919025421142578,1.3119772672653198,-0.7520216703414917,-0.1917963027954101,-0.9225358963012696,5.419762302605845,3.23998725878316,0.5718680201966027,0.24539758133711084,1.3149997381236236
2,1771108279380,1771108282483,0,-0.2543064258992672,0.1181320826212565,0.11275520225365956,0.2735765244155458,0.25136468250729704,0.6001623065343231,0.183845579624176,0.7919025421142578,1.608029842376709,-0.8352457284927368,-0.6103429794311523,-0.9225358963012696,5.7861947620004255,3.8687874994251237,0.6731762774956106,0.35202379084197727,1.6235987304866348
2,1771108280455,1771108283559,0,-0.512400693198045,0.11460631688435872,0.33281199435393016,0.32927530129910965,0.2958647595952743,0.6546710893978585,0.1247034072875976,0.7919025421142578,1.608029842376709,-1.147398829460144,-0.6103429794311523,-0.9225358963012696,8.318718325023221,5.07126872132988,0.9234203253885861,0.37712406168322166,1.6235987304866348
2,1771108281526,1771108284635,0,-0.5650108655293783,0.07857624689737956,0.4584322174390157,0.35481288512876624,0.3359406872745196,0.812650053789981,0.1615328788757324,0.7187738418579102,2.0216314792633057,-1.147398829460144,-0.6103429794311523,-1.8004306554794312,10.36173822984234,6.287869268077267,1.1100660290385034,0.42243363652243965,2.033276973188985
2,1771108282591,1771108285702,0,-0.5363234599431356,0.11934712727864584,0.2175742467244466,0.5110813027404967,0.5516580483546613,0.8772741954336298,0.5768778324127197,1.6816349029541016,2.0216314792633057,-1.3343069553375244,-1.1265592575073242,-1.8004306554794312,13.201885038725777,7.746844903603934,1.218597188251287,0.40027842885700493,2.10020792830409
2,1771108283667,1771108286769,0,-0.10682350794474284,0.2552441914876302,-0.041295538345972695,0.7646438517824847,0.7570441202689977,0.9036450226203553,1.6194884777069092,2.19485855102539,2.0216314792633057,-1.600142002105713,-1.1675167083740234,-1.8004306554794312,15.288629484664197,8.9104209366486,1.291320908031007,0.5747393669121015,2.9588553373540742
2,1771108284742,1771108287845,0,0.15452876091003417,0.2929440180460612,-0.20820799668629963,0.8463362680521825,0.7305186161340348,0.6946229978417423,1.925520420074463,2.19485855102539,0.7198506593704224,-1.600142002105713,-1.1675167083740234,-1.3842220306396484,15.720567060424672,8.799048371573578,1.2297487139439478,0.5712595169253907,2.9588553373540742
2,1771108285810,1771108288913,0,0.27001743813355766,0.27227795918782555,-0.13042383193969725,0.7679268567809404,0.7060740327880377,0.7460128469687257,1.925520420074463,2.19485855102539,1.216550350189209,-1.600142002105713,-1.1726303100585938,-1.3842220306396484,15.665551585539001,7.693828841605694,1.2040532170679543,0.561038491992886,2.9588553373540742
2,1771108286878,1771108290016,0,0.12915714581807455,0.11125218073527018,0.03627406160036723,0.6214970276213556,0.533060741923127,0.7356232994016773,1.925520420074463,0.9295129776000975,1.216550350189209,-0.9921355843544006,-1.1726303100585938,-1.2992548942565918,13.066532107010143,6.144050832583993,1.024332446481816,0.39690997796781735,2.0182523329737467
2,1771108287954,1771108291103,0,0.07096870336681604,0.0473358154296875,0.11282329161961874,0.40499534076184773,0.5511214387449832,0.7076866206336531,0.7009493708610535,0.9295129776000975,1.216550350189209,-0.9435843229293824,-1.1726303100585938,-1.2803754806518557,11.743087456375017,4.973091009840668,0.9076262634161913,0.3702442381667196,1.6639205984085963
2,1771108289021,1771108292139,0,0.25407008224477373,0.04825286865234376,0.2380038619041443,0.3682401096480108,0.49281830360904144,0.6235439109102298,1.184679388999939,1.0009384155273438,1.1781947612762451,-0.4312258064746856,-1.1917791366577148,-1.0098397731781006,9.565378891031964,3.9375261831836545,0.86563475098099,0.34626680092292,1.603061650422214
2,1771108290117,1771108293183,0,0.31312485728412864,0.0224575678507487,0.28611985842386883,0.4452190711953585,0.5257859957233858,0.5965165490055098,1.184679388999939,1.0009384155273438,1.622839093208313,-0.7202886939048767,-1.1917791366577148,-0.8827100396156311,11.043769330227912,5.039349338154817,0.9138746031316773,0.3913752922015394,1.9819629932274825
2,1771108291181,1771108294249,0,0.3344235420227051,0.07270975112915039,0.2482681115468343,0.6670627057086278,0.5600329540290225,0.7787290442395262,1.95273756980896,1.0009384155273438,1.916876077651977,-1.3352746963500977,-1.1917791366577148,-1.174995183944702,13.958856284266501,7.803265962077818,1.1198767688510105,0.5025793080789941,2.737306120577822
2,1771108292241,1771108295327,0,0.08925839265187581,0.15398476918538412,0.1506801247596741,0.8331694987947091,0.6508584066587206,0.889128683405941,1.95273756980896,1.8838891983032229,1.916876077651977,-1.5143378973007202,-1.0138826370239258,-1.5821433067321775,17.510363527439505,8.513436156902001,1.2260173313510239,0.6400358325824582,2.7477311121923256
2,1771108293291,1771108296409,0,-0.03432664771874746,0.11530364354451497,0.050072473287582395,0.8494335060880744,0.6395946181570954,1.025755228397286,1.95273756980896,1.8838891983032229,2.528675079345703,-1.5143378973007202,-1.0138826370239258,-1.5821433067321775,19.728372016234324,8.442163115549247,1.314092232385115,0.6434079846614922,2.7477311121923256
2,1771108294358,1771108297486,0,-0.12674779494603475,0.1333395004272461,-0.11949261824289957,0.7193845197078922,0.7139445789104746,1.040186218950711,1.3872747421264648,1.8838891983032229,2.528675079345703,-1.5143378973007202,-1.129246711730957,-2.045161247253418,18.171496750936285,7.660391462903301,1.2948456483870672,0.6515832444581133,2.7477311121923256
2,1771108295434,1771108298555,0,-0.061024247606595375,0.016093985239664713,-0.22294965982437134,0.6921814759197156,0.7213619046763727,1.1034519260845483,0.9930222630500792,1.4013566970825195,2.528675079345703,-1.600191593170166,-1.170644760131836,-2.7393953800201416,18.96572396372613,7.413146242584209,1.3302594687895162,0.6648418062522706,3.2037701330991246
2,1771108296510,1771108299621,0,-0.04018210023641588,0.11045732498168945,-0.28361678719520567,0.6212534441923292,0.7020199587670934,1.0324816397963827,0.9930222630500792,1.4013566970825195,1.4922176599502563,-1.600191593170166,-1.170644760131836,-2.7393953800201416,17.02263806136827,8.839738749557041,1.2487336114952505,0.655136941911933,3.2037701330991246
2,1771108297595,1771108300697,0,-0.0293067615479231,0.12355566024780273,-0.27885263164838153,0.6493959813219486,0.6937351977037772,0.9998562287580088,0.9930222630500792,1.4013566970825195,1.607147455215454,-1.600191593170166,-1.170644760131836,-2.7393953800201416,17.77400947088653,10.329638341135857,1.2358565773191423,0.6479265095830384,3.2037701330991246
2,1771108298662,1771108301783,0,0.04323415743807952,0.14558467864990235,-0.19791464606920878,0.6231414458571961,0.6110449627671095,1.0752479837338902,1.4615352153778076,1.1068391799926758,2.5272555351257324,-1.2169610261917114,-1.090435028076172,-1.7101134061813354,16.7445990674723,9.584586679626959,1.243201767785888,0.61917223621974,2.587449725678534
2,1771108299732,1771108302858,0,0.13697769778470198,0.3013109842936198,-0.1574230372905731,0.6188347815816534,0.7111584289194532,1.0571486913432109,1.4615352153778076,1.8000516891479492,2.5272555351257324,-1.2169610261917114,-1.090435028076172,-1.7227253913879397,16.568887747384498,7.9131334485723075,1.301581888903119,0.6266564915912932,2.587449725678534
2,1771108300806,1771108303925,0,0.06838435878356298,0.25232168833414714,-0.16113170385360717,0.701983008106675,0.8256063943794872,1.1598199038006405,1.4615352153778076,1.8496456146240237,2.5272555351257324,-1.476689100265503,-1.5410404205322266,-2.15283465385437,18.946137273791113,9.394658609248319,1.4645014246515606,0.6312087367964022,3.025377328472683
2,1771108301890,1771108305009,0,-0.02488863120476404,0.4441000620524089,-0.1596649726231893,0.7055666529852207,0.9257301676804721,1.1403942856956648,1.305331826210022,1.964548110961914,1.5578160285949707,-1.476689100265503,-1.5410404205322266,-2.392348527908325,20.378087004083905,10.145667483386218,1.56578344328987,0.5917092723503754,3.025377328472683
2,1771108302966,1771108306118,0,-0.13002512256304424,0.2754854520161947,-0.2025746782620748,0.7442270363512239,0.949899340085936,1.2957731374233115,1.305331826210022,1.964548110961914,1.9594780206680296,-1.476689100265503,-1.5410404205322266,-2.392348527908325,21.8985814131377,9.675194597691165,1.698586779658368,0.5375633324926516,3.025377328472683
2,1771108304065,1771108307145,0,-0.13890933164705832,0.15555874506632486,-0.10539493362108866,0.6292010767226245,0.8515093877378255,1.1954112448495435,1.305331826210022,1.964548110961914,1.9594780206680296,-1.3869564533233645,-1.4002103805541992,-2.392348527908325,20.172154688826893,8.275866625845897,1.4891723110129051,0.5588839061260004,2.6656674496717003
2,1771108305130,1771108308220,0,-0.16965177971869708,0.008884588877360024,0.0048513670762379965,0.4640209585871692,0.7303038417562407,1.0799896804778975,0.8652812242507935,1.5315732955932615,1.9594780206680296,-0.911668598651886,-1.4571504592895508,-2.211623430252075,17.646165846210163,7.436860966011473,1.2709400107988498,0.5233822228782768,2.3377640769939743
2,1771108306185,1771108309280,0,-0.16722527810682852,-0.06743268966674805,0.14633418122927347,0.40669702733609225,0.7339845908272807,0.8480048557848814,0.7565979957580566,1.5315732955932615,1.698466420173645,-0.7868029475212097,-1.4795207977294922,-1.2936218976974487,16.420297719966033,7.094092425994133,1.1146371147427954,0.4401987095851892,1.9011423754612777
2,1771108307246,1771108310356,0,0.0021729848658045134,0.0971398671468099,0.10267091989517212,0.4811541626694137,0.7890008277285815,0.9124455598824136,1.1472805738449097,1.5315732955932615,1.698466420173645,-0.8146339654922485,-1.4795207977294922,-1.4381486177444458,16.619462338676243,5.902236017500352,1.203135617420949,0.45804960869568506,2.03099258760506
2,1771108308321,1771108311424,0,-0.034801929009457416,-0.028433609008789055,-0.17726893424987794,0.6232032488952709,0.8755324608427704,0.9520329326081322,1.1472805738449097,1.659296989440918,1.698466420173645,-1.0468558073043823,-1.7904014587402344,-1.953368902206421,19.233138777773014,8.526542073756891,1.327774607411217,0.5216562410859553,2.42345248769247
2,1771108309388,1771108312499,0,0.082008839212358,0.1266311009724935,-0.27856786251068116,0.6350031544641653,0.9965915086773243,1.0636158339259427,1.1472805738449097,1.871853828430176,1.4901258945465088,-1.0468558073043823,-2.172992706298828,-2.9182276725769043,22.51108959290379,12.82705826510413,1.4699203579319937,0.6295652206998081,3.5443622448190073
2,1771108310464,1771108313559,0,-0.07051241509616375,0.10617386500040692,-0.07602174679438273,0.6540150333273842,1.0860066275205795,1.378169553828715,0.9223592281341552,1.969573974609375,3.420278787612915,-1.648138165473938,-2.172992706298828,-2.9182276725769043,25.190084400198938,15.081487310356229,1.644629057182228,0.8551065224359511,3.624470772424404
2,1771108311531,1771108314639,0,-0.025968161846200623,0.11186846097310384,0.10997631152470906,0.6278087075234402,1.2149786260119524,1.4634482830570918,0.905200183391571,1.9961357116699217,3.420278787612915,-1.648138165473938,-2.172992706298828,-2.9182276725769043,27.792081114523718,18.57542095689493,1.7840849897959326,0.8633868102397585,3.624470772424404
2,1771108312608,1771108315701,0,-0.15604957640171052,0.14837632179260254,-0.1136666456858317,0.618289363681644,1.2788604746518728,1.6707492782441835,1.1420249938964844,2.1892261505126958,3.420278787612915,-1.648138165473938,-1.994062423706055,-3.827772855758667,29.9993570142921,17.25906597358101,1.988176867129338,0.8839390032504478,4.175776105768062
2,1771108313667,1771108316752,0,-0.14848210910956064,0.2407510757446289,-0.4243062178293864,0.5820023169516794,1.327890820672426,1.376543891498432,1.1420249938964844,2.1892261505126958,2.22924280166626,-1.3678128719329834,-1.994062423706055,-3.827772855758667,28.34262270006852,16.46144740087857,1.8871921986620774,0.7626270899089256,4.175776105768062
2,1771108314742,1771108317812,0,-0.1024007648229599,0.3352896849314372,-0.4544966697692871,0.5338350365735687,1.2265920196327242,1.207200303364546,1.1420249938964844,2.1892261505126958,2.22924280166626,-1.07171893119812,-1.6958599090576172,-3.827772855758667,24.823303843758346,11.771557632049092,1.705830336464733,0.7599189363196328,4.175776105768062
2,1771108315802,1771108318881,0,-0.10721405074000359,0.14427742958068848,-0.5395439585049947,0.5285920695919039,1.203881653227324,0.857986552726281,0.9745010137557985,2.003337860107422,1.1515727043151855,-1.07171893119812,-1.7018346786499023,-2.4516680240631104,21.35543820125115,8.007903480544899,1.5398161842629785,0.5887773266399131,2.815639728527008
2,1771108316853,1771108319956,0,-0.14840969269474347,-0.11246245702107747,-0.4379293203353882,0.5442040374946941,1.1266779903219166,1.2182383909644476,0.9745010137557985,2.003337860107422,2.123845100402832,-0.9861642122268676,-1.849034309387207,-3.247054100036621,24.22163044006703,10.23900556719612,1.655813062219476,0.6690824925080167,3.3094836582358567
2,1771108317921,1771108321041,0,-0.22180717438459396,-0.12490479151407878,-0.5839825987815856,0.5072422118626251,1.0818999974045294,1.3064763147162606,0.7443985342979431,1.9309568405151367,2.123845100402832,-0.9861642122268676,-1.849034309387207,-3.247054100036621,24.06419519186975,10.82445437053608,1.7400980983505303,0.6497377077545604,3.3094836582358567
2,1771108318987,1771108322146,0,-0.22904695098598798,-0.12336769104003906,-0.3175204674402873,0.6678508212172273,0.9572236711131145,1.3184668221106823,1.7808477878570557,1.823613166809082,2.123845100402832,-1.48907208442688,-1.849034309387207,-3.247054100036621,23.60714264188366,11.396470101867061,1.6690672447488224,0.6269938858087365,3.3094836582358567
2,1771108320064,1771108323170,0,-0.1603576901058356,-0.07679564158121745,-0.12778166929880774,0.8240655863190947,0.8898134674638244,1.2640649853416714,1.7808477878570557,1.823613166809082,2.878251791000366,-1.8304181098937988,-1.632430076599121,-2.188854217529297,19.641382712778103,8.70173795094983,1.6287844516636696,0.6114624888979308,2.9486870266938063
2,1771108321171,1771108324234,0,-0.18153061196208,-0.14408912658691406,-0.041990192731221516,0.819445239053158,0.7704906278951434,1.1282946314222078,1.7808477878570557,1.2419509887695312,2.878251791000366,-1.8304181098937988,-1.639328956604004,-2.036397695541382,18.369843254058004,8.02607015975014,1.4465064149833526,0.6565473855805705,2.9486870266938063
2,1771108322201,1771108325302,0,-0.05200632015864055,-0.087275759379069,0.15848385492960612,0.9150219959445425,0.998713925617479,1.2005250262103444,1.6887054443359375,2.063847541809082,2.878251791000366,-1.8304181098937988,-1.639328956604004,-2.391148328781128,19.709542726160496,9.115763547274643,1.6352492327953445,0.7391668572123296,3.1592087173347054
2,1771108323277,1771108326378,0,0.028504931430021925,-0.09439067840576172,0.05026499032974243,0.7729684933526599,1.053320247251248,1.1580649626919357,1.672315239906311,2.063847541809082,2.073014974594116,-1.4899907112121582,-1.639328956604004,-2.605778455734253,21.689659820260417,9.187209437583478,1.5635624243268227,0.7291919917551117,3.1592087173347054
2,1771108324342,1771108327445,0,0.12737171724438667,-0.06707766850789389,0.1404677112897237,0.7420992703227457,1.0426477039557933,1.103079367403871,1.672315239906311,2.063847541809082,2.073014974594116,-1.4899907112121582,-1.6046810150146484,-2.605778455734253,19.880872798601764,9.7780377043069,1.5068359287252509,0.7400062630733705,3.1592087173347054
2,1771108325412,1771108328508,0,0.01653402696053187,-0.114942200978597,-0.22408310572306314,0.46860725281206406,0.8589418387825237,1.0677582437639939,1.216672420501709,2.039003372192383,2.073014974594116,-0.9305990934371948,-1.5134639739990234,-2.605778455734253,18.02191063893888,9.769673259057075,1.2712870311467286,0.7010531951504266,2.9899321230568527
2,1771108326487,1771108329572,0,-0.1379390905300776,-0.08395992914835612,-0.3294804374376933,0.48248684670844444,0.7639369863446509,0.8269435523459882,0.7111318707466125,1.962451934814453,0.8543503284454346,-1.2195937633514404,-1.5134639739990234,-2.2066025733947754,14.891153348196523,7.671933615600705,1.1373245726537178,0.5489939910220305,2.9899321230568527
2,1771108327545,1771108330623,0,-0.1948955516020457,-0.014680830637613933,-0.2766868591308594,0.4392147879889328,0.8936856476609847,0.9217544543120783,0.4683818817138672,1.962451934814453,1.5494208335876465,-1.2195937633514404,-1.407247543334961,-2.2066025733947754,17.30781917154182,8.032402257988458,1.250204310360941,0.5856788392894614,2.9899321230568527
2,1771108328613,1771108331674,0,-0.3098902801672618,0.10125239690144856,-0.28812724351882935,0.413995752478056,0.8806256008577921,1.0590260484596636,0.4194199442863464,1.8463926315307615,1.8913888931274412,-1.2195937633514404,-1.407247543334961,-1.916836261749268,18.403236433633563,7.592818841127193,1.3770890055524267,0.5499933974787314,2.6202077484437813
2,1771108329682,1771108332725,0,-0.18489397962888082,0.16844501495361328,-0.06433340708414717,0.4375831255184133,1.0690724689959676,1.2543714705063849,0.9329894781112672,2.010985374450684,2.963348388671875,-1.0951604843139648,-1.564472198486328,-1.916836261749268,22.672098366264052,10.17264900706758,1.5697269801827283,0.654088045891598,3.2194878481516187
2,1771108330731,1771108333792,0,-0.1339555005232493,0.09918893178304036,-0.14808929363886517,0.5873228004586056,1.1048071360697564,1.4485935022083127,0.9334706664085388,2.010985374450684,2.963348388671875,-1.3432106971740725,-1.564472198486328,-2.691993236541748,26.65574030874071,12.727048430728289,1.7365245923417354,0.7719431237297709,3.4290545725983805
2,1771108331775,1771108334868,0,0.00781218409538269,0.1209707578023275,-0.011846983432769775,0.539868771524349,1.1817258031211693,1.3023304639487963,0.9334706664085388,2.010985374450684,2.963348388671875,-1.3432106971740725,-2.0900611877441406,-2.691993236541748,25.975784563773626,12.91379279310199,1.64179080670771,0.7816144392991055,3.4290545725983805
2,1771108332832,1771108335944,0,0.005376695593198141,0.01141950289408366,0.06853969097137451,0.5540879965955487,1.1618624014081873,1.1894911086687499,1.0764999389648438,1.7223873138427734,2.5051498413085938,-1.3432106971740725,-2.0900611877441406,-2.691993236541748,24.75435228992423,12.712979688588439,1.575776334309738,0.7128514121201509,3.4290545725983805
2,1771108333901,1771108337020,0,-0.005322746435801188,0.18704233169555665,-0.02193236748377482,0.5009722069391689,1.2247621503987915,1.032437364181852,1.0764999389648438,2.0401573181152344,1.680262565612793,-1.0307729244232178,-2.0900611877441406,-2.136087417602539,23.164251438656663,10.204076337289932,1.5773503982061057,0.5289914516232925,2.7485200663194815
2,1771108334968,1771108338071,0,0.058996185660362244,0.027020581563313804,-0.03366465965906779,0.567397928525236,1.2456776462704264,1.111036220787787,1.0764999389648438,2.0401573181152344,1.5684430599212646,-1.0307729244232178,-1.9942541122436523,-2.9845311641693115,24.86458742270128,9.762927505640834,1.6365011694429532,0.5857451152460319,3.0783985373847567
2,1771108336052,1771108339125,0,0.10806200305620829,0.09321157137552898,-0.12204312483469645,0.6069802754581781,1.1821107529488482,1.2719245750746793,1.173064947128296,2.0401573181152344,2.1214990615844727,-1.0307729244232178,-1.9942541122436523,-2.9845311641693115,25.017303580864617,8.76105832097159,1.7140375016817075,0.6171279462813549,3.0783985373847567
2,1771108337126,1771108340227,0,0.1454628457625707,0.02263015111287435,0.20130764643351237,0.594856687441915,1.023195391054116,1.4917170624981395,1.173064947128296,1.723794937133789,3.151695251464844,-1.0517115592956543,-1.9942541122436523,-2.9845311641693115,25.6987008933531,8.459914496027293,1.7489623005433192,0.7252563269087712,3.226146167773062
2,1771108338178,1771108341282,0,0.09153234859307607,0.08389921188354492,0.37828035751978556,0.5065211370101783,0.9168962422158135,1.4208888522044931,1.173064947128296,1.723794937133789,3.151695251464844,-1.0517115592956543,-1.8279571533203125,-2.6377525329589844,23.80346012795901,8.901683037876172,1.622658226860796,0.7458909165704742,3.226146167773062
2,1771108339230,1771108342357,0,-0.045146662990252176,-0.017983404795328766,0.21028069655100504,0.47599488012013796,0.8226899874869559,1.2612093150202435,0.9960811138153076,1.723794937133789,3.151695251464844,-1.0517115592956543,-1.5057401657104492,-2.1130192279815674,19.87571018703509,9.30442367864009,1.394170978726051,0.7290318042558975,3.226146167773062
2,1771108340315,1771108343450,0,-0.10572643081347148,-0.1161095937093099,-0.03958208163579305,0.4429770957161437,0.7109561812128384,0.9841260824919773,0.6110661625862122,1.304427146911621,2.2215735912323,-1.0020501613616943,-1.5057401657104492,-1.8141520023345947,15.79380234720032,5.835423618567158,1.163562510850574,0.544755909391116,2.406529406331186
2,1771108341390,1771108344518,0,-0.13983343342940013,-0.24264485041300457,-0.10353078444798787,0.4739165617023383,0.7603094520988938,1.2860144935461635,0.6110661625862122,1.327840805053711,2.3096301555633545,-1.0591965913772583,-1.5868520736694336,-3.0815720558166504,15.88469477995762,6.259012384186411,1.4129588992497466,0.6952893056847009,3.28504266906982
2,1771108342468,1771108345593,0,-0.0009350031614303617,-0.1904180367787679,-0.01375380357106527,0.45655446822553347,0.9635409912955414,1.5266064875283816,0.9172983765602112,2.1190052032470703,2.519843101501465,-1.0591965913772583,-1.691072940826416,-3.0815720558166504,21.196329890711887,9.992883986730133,1.6768364650771481,0.7722357455744522,3.28504266906982
2,1771108343559,1771108346669,0,0.028709266583124796,-0.25910201072692873,0.14383420546849568,0.41286112995746127,1.2286360512892558,1.6312846930510736,0.9172983765602112,2.158741950988769,3.098512649536133,-1.0591965913772583,-1.7955083847045898,-3.0815720558166504,23.50571545971348,10.853002202685445,1.95470097080409,0.6929532421850264,3.4067655274452036
2,1771108344620,1771108347745,0,0.13670359551906586,-0.13901219367980958,0.009455458323160804,0.4495267469081562,1.2274058096506768,1.5751959555950172,1.2091480493545532,2.158741950988769,3.098512649536133,-0.7301622629165649,-1.7955083847045898,-3.3584206104278564,25.66201761532579,11.371905963661412,1.8639205475238507,0.7970303223759801,3.428253039975299
2,1771108345701,1771108348805,0,0.058456706007321675,-0.18078091939290364,-0.023055382569630942,0.47764700917773273,1.1134819814687638,1.5826029334450458,1.2091480493545532,2.158741950988769,3.098512649536133,-0.7301622629165649,-1.802508354187012,-3.3584206104278564,23.905530800564225,13.10501124124884,1.7941834823268128,0.8248738139483054,3.428253039975299
2,1771108346778,1771108349889,0,-0.03377931416034699,-0.08789590199788412,-0.5222438971201578,0.5002108667751712,1.0584351623250048,1.478922937679505,1.2091480493545532,2.243472099304199,1.82958984375,-0.7837253212928772,-1.802508354187012,-3.3584206104278564,23.966300017450276,13.174682204558204,1.7197109375323856,0.8886167313661424,3.7280202153204542
2,1771108347846,1771108350964,0,-0.10649934212366739,-0.07506098747253417,-0.3917495886484782,0.5027021699231508,1.181737013357643,1.6159712928661476,0.7389892935752869,2.243472099304199,3.71392560005188,-1.0147360563278198,-2.287235736846924,-2.913412570953369,25.499512164570476,14.26297259230015,1.8819604822375149,0.8791990690844594,3.7895780597492714
2,1771108348913,1771108352040,0,-0.08073081970214843,0.0472600777943929,-0.2779327909151713,0.5186460545542168,1.306331028201202,1.5310334188034442,0.9483506083488464,2.243472099304199,3.71392560005188,-1.0147360563278198,-2.287235736846924,-2.872410535812378,26.374851388679737,11.601427456489423,1.9156464585665434,0.7824820035836038,3.7895780597492714
2,1771108349998,1771108353144,0,-0.011149225632349661,0.1907688776652018,-0.05427021582921347,0.5141526254716622,1.4947559254981042,1.5642527666504527,0.9483506083488464,2.822772979736328,3.71392560005188,-1.0147360563278198,-2.287235736846924,-2.2473583221435547,28.231924363426035,12.443720247300071,2.070292582451976,0.7432695959008035,3.7895780597492714
2,1771108351074,1771108354183,0,-0.06260677576065064,0.17371872266133626,-0.3101753274599711,0.4548685763960497,1.5012383386190125,1.6101059830497113,0.9483506083488464,2.822772979736328,2.1843409538269043,-0.9089370369911194,-2.1186695098876958,-4.577101707458496,29.65087321656275,13.012278002798666,2.077137744034883,0.8512261755661086,4.870260316989
2,1771108352148,1771108355251,0,-0.1708995670080185,0.10411790211995443,-0.5483145356178284,0.39896854636973006,1.487197373821076,1.6413915175044491,0.7365379333496094,2.822772979736328,1.9760725498199463,-1.019282579421997,-1.9185729026794436,-4.577101707458496,29.089772896143515,13.065458145455658,2.1134508266998804,0.8926615035661848,4.870260316989
2,1771108353224,1771108356335,0,-0.07563133637110392,-0.10527950922648112,-0.48757367928822837,0.46301896426947325,1.2064374517354786,1.7787191135714944,0.8325163722038269,1.9984846115112305,3.1476993560791016,-1.019282579421997,-1.927140712738037,-4.577101707458496,26.653455989051395,12.446115904813235,2.037044159864301,0.8968788657121801,4.870260316989
2,1771108354318,1771108357410,0,0.01891085008780162,0.04534168243408203,-0.24118010997772216,0.497762276888201,1.024198614938421,1.745158721786944,1.1651089191436768,1.8106107711791992,3.1476993560791016,-1.019282579421997,-1.927140712738037,-3.1453919410705566,24.2856429381618,12.090493045232295,1.913732344644454,0.785072759583769,3.351628382400328
2,1771108355360,1771108358478,0,0.14813242654005687,0.10126611391703287,-0.22229342857996623,0.46305234550487245,0.8681036941357637,1.5962974568763446,1.1651089191436768,1.8106107711791992,3.1476993560791016,-0.7253589034080505,-1.927140712738037,-3.1453919410705566,21.520178461980944,12.521388817637481,1.702475960551782,0.7760435781782072,3.351628382400328
2,1771108356443,1771108359554,0,0.14470688203970591,0.27727009455362955,-0.28880972067515054,0.4109299111576789,0.9604893821424049,1.7312181576630787,1.1651089191436768,2.0853891372680664,2.746149778366089,-0.6735578775405884,-1.4222908020019531,-3.616433620452881,25.199669833144583,16.595131624520914,1.8514560715359119,0.8543453793666119,3.905548076332381
2,1771108357511,1771108360630,0,0.026363860567410788,0.11244363784790039,-0.2430169701576233,0.4163511765064552,1.0763617458394727,1.4676793038621605,0.6317702531814575,2.0853891372680664,2.228687047958374,-0.9344782829284668,-1.6488370895385742,-3.616433620452881,21.997921032270632,14.646895979877966,1.6794698634895577,0.8018703036109371,3.905548076332381
2,1771108358586,1771108361706,0,0.07815858324368795,0.35270593961079916,-0.18880672454833985,0.45364972051169455,1.255712386472837,1.5544972484222939,1.0840468406677246,2.376821517944336,2.228687047958374,-0.9344782829284668,-1.6488370895385742,-3.616433620452881,26.695932373546068,16.696335431530805,1.9111734753836171,0.7696921148564813,3.905548076332381
2,1771108359662,1771108362798,0,0.093255615234375,0.18442659378051757,-0.11469763517379761,0.4714498778376955,1.170503237105021,1.0968039847623618,1.0840468406677246,2.376821517944336,1.9000864028930664,-0.9344782829284668,-1.983497142791748,-2.4053049087524414,22.321277723339673,12.960355298932463,1.5310439392985207,0.6543600597602772,3.1859377082287725
2,1771108360738,1771108363866,0,0.1271745930115382,0.18211299578348797,-0.26559087038040163,0.4982264043555055,1.2936105051967555,1.5800076800291212,1.0840468406677246,2.4173974990844727,3.7821531295776367,-0.9525529146194458,-1.983497142791748,-3.190183401107788,28.1783871699277,17.53729938870592,1.9209841707278386,0.8512725197284705,3.8918719085291182
2,1771108361814,1771108364933,0,0.05689488053321838,-0.04224541982014974,-0.20827485322952272,0.49653623590810847,1.357599835739812,1.5365161273075938,0.9110366106033324,2.4173974990844727,3.7821531295776367,-0.9525529146194458,-2.554105758666992,-3.190183401107788,27.35125853791594,16.522229911398348,1.897920608403067,0.8799223673194136,3.8918719085291182
2,1771108362906,1771108365984,0,-0.049002145727475487,0.04115408261617026,-0.27610861460367836,0.4955258611156276,1.45554082198169,1.600126994403725,0.9110366106033324,2.4173974990844727,3.7821531295776367,-0.9525529146194458,-2.554105758666992,-3.190183401107788,29.602078831408623,15.67417512495366,2.0579576461183824,0.7914679588969646,3.8918719085291182
2,1771108363974,1771108367060,0,-0.02038668692111968,0.10240557988484701,-0.21347981293996174,0.5718477263023598,1.4490510361969566,1.5125486302265434,1.096297025680542,2.342148780822754,2.1590166091918945,-1.495368719100952,-2.554105758666992,-2.6070339679718018,26.946510519907367,11.750709960461684,2.045777322075864,0.6659304993582232,3.089046590702864
2,1771108365041,1771108368123,0,0.0002382278442382803,0.005044507980346693,-0.1286292870839437,0.5475192346450107,1.3435431447830717,1.6765411519832865,1.096297025680542,2.1434011459350586,3.7645516395568848,-1.495368719100952,-2.3792171478271484,-2.36864709854126,26.61612514838242,12.595468656979532,2.0466428247030373,0.7743589225783037,3.806547726598808
2,1771108366109,1771108369187,0,0.015268838405609138,-0.05813447634379069,-0.03273799419403076,0.5199061919025851,1.3164976335576812,1.713292633239648,1.096297025680542,2.5207109451293945,3.7645516395568848,-1.495368719100952,-2.3792171478271484,-2.36864709854126,26.868338439883583,13.390875440645353,2.0570103394783645,0.7526539973999241,3.806547726598808
2,1771108367181,1771108370271,0,0.005077782273292549,-0.017336034774780275,-0.2836943785349528,0.4276917248659073,1.2823524122772847,1.566559297246923,0.8722853064537048,2.5207109451293945,3.7645516395568848,-1.2889879941940308,-2.3792171478271484,-4.301959037780762,23.84030281644277,13.958367692690294,1.867416880076979,0.8703767154398764,4.658216285060776
2,1771108368226,1771108371346,0,-0.11961267590522766,0.16989819208780924,-0.5407096187273661,0.5377933107975462,1.212493521461703,1.5529882893624771,0.6490810513496399,2.5207109451293945,1.701347589492798,-1.5842618942260742,-1.8161420822143557,-4.301959037780762,23.65711721640758,14.400732727550634,1.8796214127643498,0.9292153580651821,4.658216285060776
2,1771108369296,1771108372437,0,-0.22413645486036937,0.204922612508138,-0.6375972151756286,0.5890626530244176,1.1447945566524833,1.4257629138862442,0.6490810513496399,2.1140594482421875,1.701347589492798,-1.5842618942260742,-1.7002601623535156,-4.301959037780762,22.36815023684183,13.938819990161912,1.7953073172585416,0.9338296584108577,4.658216285060776
2,1771108370379,1771108373498,0,-0.2265429417292277,0.1718062400817871,-0.1525036334991455,0.5880295231398247,1.0432721593994354,1.5221285799827762,0.8684447407722473,2.1140594482421875,3.208404302597046,-1.5842618942260742,-1.6540231704711914,-3.43102502822876,23.08978700195696,12.984383918281244,1.7473946145728667,0.8367076752392965,4.134368471317817
2,1771108371455,1771108374565,0,-0.150533523162206,-0.03006663322448729,-0.08142683903376262,0.583149777748586,0.9756417106013314,1.2987688916162305,1.4198880195617676,1.519765853881836,3.208404302597046,-1.1614329814910889,-1.659595966339111,-2.5804548263549805,20.81152521600378,9.709667064266357,1.5818510169745925,0.6491838727928265,3.415346290800375
2,1771108372522,1771108375645,0,0.0852537194887797,0.06804200808207196,0.10720159808794658,0.5629757959678409,0.9346219673260558,1.3572786749922245,1.4198880195617676,1.6112489700317385,3.208404302597046,-0.8872706294059753,-1.659595966339111,-2.5804548263549805,21.099703288639486,10.852242994487572,1.5724161298826165,0.706478005540968,3.415346290800375
2,1771108373606,1771108376717,0,0.19129487574100495,0.05026396115620931,0.04355145891507466,0.4879005338704958,0.9433711646269844,1.2246167714280087,1.4198880195617676,2.4145431518554688,2.460388422012329,-0.8872706294059753,-1.6746740341186523,-2.5804548263549805,20.239202014656254,10.452778088997947,1.4590122303185105,0.6841000743175835,3.0693928646871846
2,1771108374680,1771108377787,0,0.33262181480725606,0.4430760065714518,0.2838775336742401,0.4545729166172073,1.00027771302264,1.5625442050556733,1.3307722806930542,2.4145431518554688,3.27370548248291,-0.7384089827537537,-1.6746740341186523,-3.156532287597656,23.97590572239702,13.553997870268981,1.804617330269834,0.8250443557958951,3.4183912428396983
2,1771108375750,1771108378836,0,0.1939129372437795,0.4598970413208008,0.2577139059702555,0.5349167860945577,1.0704501629442067,1.4734271625486888,1.3307722806930542,2.4145431518554688,3.27370548248291,-1.0006741285324097,-1.6746740341186523,-3.156532287597656,23.726249524825057,12.754475641208609,1.7966924451190451,0.768097369097293,3.4183912428396983
2,1771108376827,1771108379902,0,0.03890979488690694,0.3113159974416097,0.10112315018971761,0.6160340282164786,1.2428955635779468,1.6844146377702063,1.3307722806930542,2.491171836853028,3.27370548248291,-1.2994167804718018,-2.0142135620117188,-3.156532287597656,26.497017275552146,14.231930937375997,2.05716057335666,0.7043484648133276,3.4183912428396983
2,1771108377887,1771108380971,0,-0.11236487229665121,-0.03741572697957355,0.26365010341008505,0.4987784845844728,1.3538551614856402,1.616684331140646,0.8366057276725769,2.7044801712036133,3.453315019607544,-1.2994167804718018,-2.0142135620117188,-2.584429979324341,25.952632330674824,14.362795778682324,2.032050986230444,0.7142627515743473,3.614477631611361
2,1771108378947,1771108382054,0,-0.11806501348813375,0.010689385732014984,-0.13062716325124105,0.5223408177568479,1.5220782609576162,1.7781319115977865,0.8366057276725769,2.7044801712036133,3.453315019607544,-1.2994167804718018,-2.210621833801269,-2.754995822906494,28.41452856676343,13.633586588043801,2.2136780819848116,0.8450777342328216,3.614477631611361
2,1771108380013,1771108383119,0,0.05214525312185287,-0.0320193608601888,-0.3419844269752502,0.5278194549847451,1.5307479177422123,1.9144517713940838,1.4954577684402466,2.7044801712036133,3.453315019607544,-1.175546169281006,-2.6899662017822266,-4.563158988952637,30.987988748903167,13.351697640825579,2.2796281806474066,1.0177752705273226,4.591435129470901
2,1771108381082,1771108384171,0,0.22656680593887965,0.06179410616556803,-0.613966162999471,0.5813506782402802,1.6591567735684885,1.9264527408880954,1.4954577684402466,3.566143035888672,2.523556709289551,-1.175546169281006,-2.936320781707764,-5.669826507568359,33.35070776572566,16.579771612769008,2.3499775411109196,1.2394247868411992,5.794571616555862
2,1771108382162,1771108385257,0,0.27205767581860224,-0.28739789326985676,-0.1870257019996643,0.5667784568777737,1.952139517364958,2.015417709368908,1.4954577684402466,4.942342758178711,2.523556709289551,-0.6926575899124146,-3.3177332878112797,-5.669826507568359,32.905713832125194,18.522182203606924,2.536677253124549,1.3174120177927644,6.119076096705506
2,1771108383214,1771108386324,0,0.15504254500071207,-0.13559034665425618,0.026566596825917575,0.5703948192431347,1.8729081275615151,1.8070620147912602,1.368410587310791,4.942342758178711,2.523556709289551,-0.6926575899124146,-3.3177332878112797,-5.669826507568359,29.514345359034788,17.79220956179453,2.3006729149285983,1.2913588715154434,6.119076096705506
2,1771108384273,1771108387410,0,-0.026594413816928873,-0.29589441617329915,0.1325517177581787,0.5147409876285363,1.5932869829599288,1.5139521012936359,1.368410587310791,4.942342758178711,2.5900864601135254,-1.1729947328567505,-3.3177332878112797,-3.598968505859375,24.275150225450968,12.528924070590032,1.956053139029042,1.1166793820978345,6.119076096705506
2,1771108385366,1771108388476,0,-0.059620434542497,-0.17006800969441732,0.04492365916570028,0.46985084387798465,0.8718298890891317,1.4578573420906382,0.931885838508606,1.4103593826293943,2.5900864601135254,-1.1729947328567505,-1.5946664810180664,-2.723959445953369,21.323252554605414,9.348809502503004,1.5907713237414565,0.7239245167198239,3.0618543385474646
2,1771108386434,1771108389552,0,-0.011882785459359486,-0.10682557423909506,0.09640131394068394,0.5094261061711591,0.8400901257954565,1.3262522053726742,0.931885838508606,1.3766584396362305,2.5900864601135254,-1.1729947328567505,-1.5946664810180664,-2.723959445953369,19.184464596449125,9.419937743510575,1.4875438880988792,0.6757857836947336,3.0618543385474646
2,1771108387519,1771108390636,0,-0.04463778833548227,0.12258443832397461,-0.029003214836120634,0.5121632496275761,0.8679433767087876,1.2182888294028855,0.8476452827453613,1.4221935272216797,2.017644166946411,-1.305976629257202,-1.453603744506836,-2.723959445953369,18.694971574713968,8.80665652849731,1.441146942750718,0.6081276279251792,2.8042494082040643
2,1771108388585,1771108391712,0,-0.08606866200764975,0.16718037923177084,-0.17189997434616092,0.5998303530143705,0.9313947120441494,1.2980066009621205,1.010775089263916,2.0948314666748047,1.976402759552002,-1.305976629257202,-1.7123775482177734,-3.4134087562561035,20.19789117619318,11.113427161038858,1.5348965491030766,0.7362832008099985,4.044191530739389
2,1771108389661,1771108392787,0,-0.11005330383777619,0.16196343104044597,-0.23623096148173015,0.6263832263236246,0.963939375763368,1.4204435057864284,1.1432898044586182,2.0948314666748047,2.647653818130493,-1.305976629257202,-1.7123775482177734,-3.4134087562561035,20.454940546884863,10.32676572947016,1.6320787747991525,0.8252624336246038,4.044191530739389
2,1771108390744,1771108393855,0,0.04486412902673084,0.1582500457763672,-0.07165089448293051,0.6161088646834885,1.1506316156350462,1.4460450759398868,1.1432898044586182,2.245859146118164,2.647653818130493,-1.0151573419570925,-1.7123775482177734,-3.4134087562561035,20.186642277546945,11.961892210716947,1.7444143079365682,0.8246075739877794,4.044191530739389
2,1771108391820,1771108394939,0,0.023375200231870015,0.2009869416554769,0.18041839996973674,0.5750876587521018,1.1297282370794404,1.2625760279816471,1.1432898044586182,2.245859146118164,2.647653818130493,-0.8460056781768799,-1.876894474029541,-2.489760398864746,18.028152807623638,10.316766345511072,1.6422004381810817,0.6980837842810858,2.9814775844087427
2,1771108392888,1771108396015,0,0.06552769020199775,0.2234153906504313,0.31682009299596153,0.5164884848117657,1.1523823067240135,1.133607894838766,1.0512933731079102,2.245859146118164,3.030916452407837,-0.8085479736328125,-1.876894474029541,-2.074358940124512,19.210262286736434,10.80398233422952,1.584071587827905,0.6662703288934941,3.0399675526410954
2,1771108393963,1771108397126,0,0.026300036658843347,0.3439305782318115,-0.20314016739527388,0.4829495021529997,1.1342748367982642,1.4694532080429177,1.0512933731079102,2.272930145263672,3.030916452407837,-0.8085479736328125,-1.876894474029541,-4.16095495223999,20.89784199027309,9.367617576518004,1.7270740255456,0.8713464322702141,4.353744607860937
2,1771108395047,1771108398153,0,0.04471566192805767,0.3869428316752116,-0.5054647485415141,0.4799821148469663,1.1611414718195099,1.4780041634375303,0.7877565622329712,2.272930145263672,3.030916452407837,-1.3881529569625854,-1.7194890975952148,-4.16095495223999,23.099974345926356,8.389531125242414,1.8126933223029345,0.8861303769669319,4.353744607860937
2,1771108396155,1771108399217,0,0.03339036442339419,0.3774993896484375,-0.5649860302607218,0.46411316305077194,1.1989341910942286,1.4479144697480613,0.9872114658355712,2.272930145263672,1.8363416194915767,-1.3881529569625854,-1.7194890975952148,-4.16095495223999,25.466462517925333,9.657111739988578,1.8533273085722697,0.8214778465094613,4.353744607860937
2,1771108397192,1771108400293,0,-0.014046690488855047,0.20691808064778647,-0.3413214763005575,0.47939669340925345,1.0402102252963419,1.4279682174302004,0.9872114658355712,1.8491554260253904,2.2271945476531982,-1.3881529569625854,-1.6310052871704102,-3.354025363922119,25.727165511648135,9.894889822901886,1.7059463011190152,0.7108857836870842,3.3625341629094256
2,1771108398258,1771108401345,0,0.07427425732215245,0.06742132504781087,-0.06995579004287719,0.414518115623509,1.0020564698772918,1.4916354719495122,0.9872114658355712,1.8491554260253904,2.67680025100708,-0.769379734992981,-1.9917125701904297,-3.354025363922119,25.629806023481812,9.729214937964564,1.6806694683779209,0.7030925101512598,3.3625341629094256
2,1771108399326,1771108402403,0,0.02519561164081098,0.05076600710550944,-0.22632944981257122,0.49445530196508364,0.9646647311323172,1.611548101973637,0.899213433265686,1.646183967590332,2.67680025100708,-0.8636099696159363,-1.9917125701904297,-3.354025363922119,25.77937626065085,10.543338636766343,1.7910435991429077,0.7141521477381004,3.3625341629094256
2,1771108400394,1771108403479,0,0.11145521166423956,0.007698710759480795,0.11859261592229207,0.5767629917890731,1.106331262877253,1.5363338119675467,1.1442842483520508,1.9676570892333984,2.9500834941864014,-0.8636099696159363,-1.9917125701904297,-2.838594675064087,26.53939757109483,10.560617851555222,1.841814441872488,0.6596601255535172,3.178090092139493
2,1771108401453,1771108404547,0,0.07446248593429725,-0.010569095611572273,-0.19101442098617558,0.622077025235281,1.122833142430499,1.5095467531533089,1.204464316368103,1.9676570892333984,2.9500834941864014,-1.2343357801437378,-1.948347091674805,-3.300297498703003,24.74588751491432,11.279227067862955,1.8357958636996365,0.6954877212747311,3.4529538323083697
2,1771108402513,1771108405630,0,0.11222017770633101,0.0012846310933430972,-0.09324596325556439,0.5514515898819551,1.098740751992828,1.2693962215171897,1.204464316368103,1.9676570892333984,2.9500834941864014,-1.2343357801437378,-1.948347091674805,-3.300297498703003,20.47762285973653,10.228416023931507,1.5633722394024092,0.7850526253765229,3.4529538323083697
2,1771108403607,1771108406700,0,0.003706339653581379,-0.07501827875773112,-0.17162242730458577,0.4870027068767829,0.87301758999029,1.1971815094218055,1.204464316368103,1.6960325241088867,1.9129338264465328,-1.2343357801437378,-1.948347091674805,-3.300297498703003,18.709322135749776,10.033245112793548,1.3853440256451628,0.6953590629326629,3.4529538323083697
2,1771108404648,1771108407776,0,0.09003431067491571,-0.032494560877482086,0.19067768653233844,0.45060420353402997,0.8488471500678015,1.2698321562502444,1.074035406112671,1.6960325241088867,2.680692195892334,-0.815992534160614,-1.6637616157531738,-2.164811849594116,20.041464035007653,11.1349715656187,1.4397413356582973,0.6624320131745164,2.7551902417282057
2,1771108405732,1771108408842,0,0.14633972967664402,-0.000598780314127605,0.30758941968282066,0.5387800139278324,0.9527973759033977,1.6304293330089747,1.3989689350128174,1.7414779663085938,4.273521900177002,-0.815992534160614,-1.854687213897705,-2.951904296875,26.18168403353118,14.591049267479196,1.7917727395637344,0.8094934838102807,4.50224322858497
2,1771108406807,1771108409911,0,0.2334644420693318,-0.03451595306396484,0.09953136046727498,0.48954493482829636,1.0012705704966556,1.6581232233599699,1.3989689350128174,1.7414779663085938,4.273521900177002,-0.6619205474853516,-1.9430456161499023,-2.951904296875,25.432987543983682,14.40275504916317,1.821271648134978,0.7924799837353066,4.50224322858497
2,1771108407884,1771108410978,0,0.13651759885251522,0.07054700851440429,-0.23456133604049684,0.44899266949767797,1.1092760060859121,1.6405556084363606,1.3989689350128174,1.9726619720458984,4.273521900177002,-0.6619205474853516,-1.9430456161499023,-2.951904296875,26.06322365377795,14.829532006398058,1.8600855385264918,0.7909671807167534,4.50224322858497
2,1771108408943,1771108412051,0,0.044848003114263214,-0.057531245549519855,-0.3840141495068868,0.3212564269452947,1.214426909412854,1.2427574808478523,0.6677204966545105,2.0361146926879883,1.9718425273895264,-0.5238783359527588,-1.9430456161499023,-2.1443161964416504,22.391734789946668,11.390646283360978,1.7085193890988193,0.5107310168399497,2.56272132303797
2,1771108410018,1771108413140,0,0.004224904874960581,0.05030825932820638,-0.5197159210840862,0.5028615738303902,1.4090035337980387,1.2755000580840632,1.304865837097168,2.6606760025024414,1.9718425273895264,-1.0853862762451172,-2.128762722015381,-2.40304970741272,23.69889144322543,12.152819803531775,1.9141330262504666,0.5973856105688564,3.0661839372545567
2,1771108411138,1771108414208,0,0.09227719282110532,-0.010965029398600274,-0.2799450357755025,0.6364780328208126,1.436650990271642,1.127999983130728,1.359269618988037,2.6606760025024414,1.6296520233154297,-1.151420831680298,-2.128762722015381,-2.40304970741272,23.0183751852946,11.36741272810007,1.824812132016458,0.6218474063892361,3.0661839372545567
2,1771108412167,1771108415273,0,0.11232010622819265,0.11482601165771485,-0.07583904266357422,0.6733952293129337,1.2406706950060375,1.4064172139341624,1.359269618988037,2.6606760025024414,2.558699131011963,-1.151420831680298,-2.128762722015381,-2.40304970741272,21.4830097195325,11.215939645344822,1.8382378765799243,0.7125551645252989,3.0661839372545567
2,1771108413246,1771108416342,0,0.1928396612405777,0.10570473670959472,0.23933991193771362,0.5572859919197066,1.161656850451482,1.2671998638508113,1.359269618988037,2.7955188751220703,2.558699131011963,-1.151420831680298,-2.2186708450317383,-2.3394603729248047,21.206705655919336,9.932257002078654,1.6616640364787496,0.7202487591579063,2.9920831415725604
2,1771108414314,1771108417417,0,0.13839935163656872,0.08243660926818848,0.35143814484278363,0.4682522002030002,1.1596187503141548,1.2907457701665128,1.2402639389038086,2.7955188751220703,2.558699131011963,-0.6602256298065186,-2.2186708450317383,-2.3394603729248047,22.25389044889137,10.143385363961539,1.6600084064514826,0.7307280972997958,2.9920831415725604
2,1771108415382,1771108418468,0,0.1409923146168391,-0.004611253738403306,-0.02753085295359292,0.46214937040293114,1.1808160117440374,1.2091040043193084,0.9360213875770568,2.7955188751220703,2.3005294799804688,-0.8228740096092224,-2.2186708450317383,-2.496094226837158,22.982191593832372,9.389665359209998,1.580583889842298,0.7119126006843903,2.9920831415725604
2,1771108416449,1771108419555,0,-0.06028527319431305,-0.06657471656799316,-0.12444105545679728,0.44592756671900374,0.9904549836507572,1.093394027534001,0.889336109161377,1.9616079330444336,1.6515929698944092,-0.8228740096092224,-2.1302881240844727,-2.496094226837158,19.510005754848745,10.269372469621135,1.389270843918088,0.6349011398390305,2.6576780071256687
2,1771108417518,1771108420620,0,-0.12137623031934103,-0.10222501754760742,-0.2642747720082601,0.40493254348857827,0.8032570468429245,1.122396654159226,0.8268533945083618,1.6473102569580078,1.9125702381134035,-0.8228740096092224,-1.427324295043945,-2.496094226837158,17.87636491916805,10.35038168623068,1.3283919659356258,0.5846298837066201,2.6761267301008047
2,1771108418578,1771108421705,0,-0.16979189117749532,-0.2339098612467448,-0.2058581550916036,0.38208757195028814,0.8981569078507186,1.2964622239665922,0.83849036693573,1.6434335708618164,1.9125702381134035,-0.808817446231842,-2.421893119812012,-2.881361484527588,18.558680005772185,9.992290083686527,1.4629536144490898,0.7414306431764588,2.9738217375148728
2,1771108419662,1771108422773,0,-0.17358105580012004,-0.12744305928548177,-0.4924432833989461,0.45086115134833726,0.9367399054854623,1.3968105964686506,0.83849036693573,1.6434335708618164,1.9125702381134035,-0.9440858960151672,-2.421893119812012,-2.881361484527588,19.634777557935298,9.550508023125026,1.670617334911953,0.6659343337638148,2.9738217375148728
2,1771108420728,1771108423840,0,-0.019014581044514974,-0.13764718373616536,-0.6094330310821533,0.5100249133454945,1.1114068250505154,1.396291672514348,0.83849036693573,2.0924386978149414,1.9748573303222656,-0.9440858960151672,-2.421893119812012,-3.0580458641052246,21.620773738633993,10.0664453642695,1.799967828527842,0.7053839861101148,3.067446558268398
2,1771108421813,1771108424899,0,0.01880458990732829,0.20041917165120443,-0.6308479905128479,0.5373560093094893,1.2290780794402454,1.3184531311167904,0.6286728382110596,2.57407283782959,1.9748573303222656,-1.2112900018692017,-2.1040964126586914,-3.0580458641052246,22.638945313552714,12.472437701036093,1.8381552757420458,0.7042644408670768,3.3163868316854317
2,1771108422880,1771108425967,0,0.04745342632134755,0.09140580495198569,-0.3860157012939453,0.5497497943653945,1.2950058184764077,1.3337687555408708,0.6566142439842224,2.57407283782959,1.9748573303222656,-1.2112900018692017,-2.1040964126586914,-3.0580458641052246,24.816665835176092,12.059220743464738,1.8159255578805125,0.7155609361952217,3.3163868316854317
2,1771108423950,1771108427051,0,-0.08617026011149088,0.08643112182617188,-0.3523848334948222,0.5246758078566888,1.2404118184133828,1.2983722132011444,0.6763386130332947,2.57407283782959,1.9242935180664065,-1.2112900018692017,-1.6397933959960938,-2.765413522720337,21.6470911372216,11.304837789784095,1.739593348378967,0.7162448094070029,3.3163868316854317
2,1771108425000,1771108428119,0,-0.052552462120850886,-0.08928674062093099,-0.09248886505762736,0.5031723281675785,1.1185440970217937,1.180884682562154,1.036654710769653,1.9320497512817385,1.5166325569152832,-1.1160839796066284,-1.933816909790039,-2.765413522720337,19.936194353858234,9.167144142668553,1.5749312101290165,0.5939911311556191,3.0711214227335506
2,1771108426110,1771108429195,0,0.019325536986192052,-0.04359429677327474,-0.0720048705736796,0.47420732020981066,1.0416980183367806,1.1936237931669564,1.036654710769653,1.883451461791992,1.6442172527313232,-0.6161206960678101,-1.933816909790039,-2.765413522720337,19.06745687809993,8.286624179794154,1.5045849040331742,0.6329486337025073,3.0711214227335506
2,1771108427159,1771108430279,0,0.03805034110943475,0.185657533009847,-0.10332775910695394,0.49410549470781073,1.0419798173271924,1.167975772502688,1.036654710769653,2.1384315490722656,2.044600009918213,-0.6161206960678101,-1.933816909790039,-2.3896632194519043,20.119941333518607,9.425975552942598,1.518490020683612,0.5974167056529144,2.5074725380893965
2,1771108428226,1771108431354,0,-0.053432010610898334,0.14083978335062664,-0.338035523891449,0.530999563001894,1.070078341520229,1.53725218576012,0.8811866641044617,2.1384315490722656,2.044600009918213,-1.3097481727600098,-2.6960644721984863,-5.642125129699707,23.170692480270695,13.071773746872273,1.6918166498966094,0.9853488735659354,5.8047312196480325
2,1771108429304,1771108432422,0,-0.04079754551251729,0.0985806941986084,-0.15577558279037476,0.6101973997899817,1.1888959046201575,1.5232582460297213,1.4523582458496094,2.1929378509521484,2.044600009918213,-1.3097481727600098,-2.6960644721984863,-5.642125129699707,22.883729667111727,13.957513262277367,1.7498138814920643,0.9877136752095595,5.8047312196480325
2,1771108430388,1771108433481,0,-0.002603284517923988,0.0011612733205159506,0.018889363606770834,0.6552722613375384,1.190054287175017,1.472318181232156,1.4523582458496094,2.1929378509521484,2.035621166229248,-1.3097481727600098,-2.6960644721984863,-5.642125129699707,23.20364563464871,12.850238092490539,1.7223943302640237,0.9719923098941955,5.8047312196480325
2,1771108431462,1771108434565,0,0.03356641332308453,0.03346948623657225,0.11735782623291018,0.6379360827934024,0.993983853884881,1.329105126146851,1.4523582458496094,2.1929378509521484,3.3769068717956543,-1.0873973369598389,-1.6925897598266602,-2.452552795410156,20.821382765313505,9.889497542712476,1.6060845640004822,0.7138646889590378,3.5250599859900293
2,1771108432530,1771108435635,0,0.005103442072868356,0.0401586850484212,0.25995052258173623,0.6294968588866597,0.8658702762918997,1.4703135200953183,1.4989413022994995,2.08882999420166,3.3769068717956543,-1.0873973369598389,-1.4145135879516602,-2.452552795410156,21.9585179535855,9.689726654290048,1.6268198543982384,0.8010095114064332,3.5250599859900293
2,1771108433589,1771108436729,0,0.02274625996748607,-0.10895878473917643,0.20421324570973715,0.5852630332813891,0.5568638201632796,1.472760441361212,1.4989413022994995,0.7597637176513672,3.3769068717956543,-1.0075531005859375,-1.4145135879516602,-2.452552795410156,19.77608117032621,10.089162747088603,1.4560981806392788,0.8272110697680944,3.5250599859900293
2,1771108434673,1771108437785,0,0.013425644238789869,-0.15108798344930013,0.08032745122909546,0.6181544257388375,0.5105340602718962,1.2392920993115397,1.4989413022994995,0.7597637176513672,3.063665866851806,-1.3634133338928225,-1.4145135879516602,-2.1689693927764893,17.21070994284542,8.316999366395773,1.303971669060099,0.6708997146991867,3.1974925527858744
2,1771108435741,1771108438854,0,0.12057795524597167,0.06430432001749674,-0.00582964022954305,0.6397977925427666,0.6303158235704958,1.1131716536227347,1.545646905899048,1.6567888259887695,2.127812385559082,-1.3634133338928225,-0.9663419723510742,-2.1689693927764893,16.373729504482736,6.698657175705273,1.3014867041492566,0.5593448781295255,2.4101733315448293
2,1771108436809,1771108439936,0,0.10282304485638936,0.23686763445536296,-0.12315776745478312,0.6511930729691157,0.9293457791463987,1.0659591037150533,1.545646905899048,1.6862812042236328,2.1253390312194824,-1.3634133338928225,-2.4248108863830566,-2.1689693927764893,18.43881194470693,7.262729608973824,1.432671850348995,0.6207637446571971,2.704409311815315
2,1771108437893,1771108441013,0,0.12786542077859242,0.2981011231740316,-0.275492799282074,0.5897026192371124,1.2131041197049994,1.2263443943515018,1.545646905899048,2.637436866760254,2.1253390312194824,-1.1461529731750488,-2.4248108863830566,-3.726648569107056,22.550273096412447,15.507903322165067,1.6708523209217343,0.7890703580370839,4.004621984086532
2,1771108438961,1771108442072,0,-0.060579043626785276,0.12105034192403158,-0.8195050438245137,0.5665289891737028,1.2552890210372043,1.26652049227966,0.8539602160453796,2.637436866760254,1.350600004196167,-1.3789745569229126,-2.4248108863830566,-3.726648569107056,25.166447072291316,15.499946505117906,1.7815296124284656,0.9649821595635978,4.004621984086532
2,1771108440046,1771108443132,0,-0.126106858253479,0.14846502939860026,-0.7747551242510478,0.594145390381049,1.2233158456574293,1.5178378919344675,1.1726888418197632,2.637436866760254,2.2047297954559326,-1.3789745569229126,-2.111386299133301,-3.726648569107056,27.944958911536496,15.886628156595812,1.9130503978249898,1.0136955315267935,4.004621984086532
2,1771108441112,1771108444195,0,-0.16681690216064454,0.12599035898844402,-0.48135517636934916,0.6222353763523262,1.1133233607784656,1.542566809939293,1.1726888418197632,2.0186643600463867,2.628309965133667,-1.3789745569229126,-2.111386299133301,-3.6253743171691895,26.176386469458812,10.130876777214969,1.8124825395070336,0.9448317641659386,3.78423046312981
2,1771108442172,1771108445257,0,-0.08312178651491803,0.2129106839497884,-0.15588761369387308,0.6013555618197892,1.0962774728181603,1.3752761892268353,1.1726888418197632,2.126948356628418,2.628309965133667,-1.1546399593353271,-2.111386299133301,-2.491501569747925,25.395336452226882,10.062430417702275,1.6874018645644504,0.7671435453741785,3.2685964791168454
2,1771108443231,1771108446317,0,-0.06649731794993084,0.15037409464518228,0.027945520480473836,0.5421331150021516,0.932582367170193,1.260327663375451,0.9929769039154052,2.126948356628418,2.628309965133667,-1.1546399593353271,-1.635512351989746,-1.8984391689300537,21.30258248733732,9.035045079837847,1.5324151481486938,0.5929135242367529,2.699534511929654
2,1771108444299,1771108447401,0,0.043714771668116235,0.1923418680826823,0.14036984046300252,0.5537877533071537,0.771668400753521,1.2459334767379504,1.2231682538986206,2.126948356628418,2.3454370498657227,-0.828614354133606,-1.2835941314697266,-1.8984391689300537,21.36260717589022,10.696464125231206,1.460994508949057,0.5540990479797056,2.4868465622937617
2,1771108445366,1771108448477,0,0.018314009904861442,0.021248912811279295,-0.09956456025441487,0.5858129507111274,0.6328131379846517,1.3130979246832986,1.3240933418273926,1.1808013916015625,2.3454370498657227,-1.1124881505966189,-1.0561723709106443,-2.2820701599121094,17.805786510403095,10.262968783191434,1.4460071651108468,0.5620377567153485,2.4868465622937617
2,1771108446425,1771108449537,0,0.12798931499322255,0.038991546630859346,0.047401781876881925,0.6732687598777644,0.6664007448328435,1.3823350227628217,1.3919658660888672,1.9540777206420896,3.279320001602173,-1.1124881505966189,-0.9272804260253906,-2.2820701599121094,19.822520346016784,12.188232706016326,1.5151921925853287,0.6738702027244371,3.57094643810942
2,1771108447509,1771108450597,0,-0.036228540539741526,0.13589436213175457,-0.10637789964675903,0.6777043107187665,0.7522581851503849,1.3333081833156564,1.3919658660888672,1.9540777206420896,3.279320001602173,-1.1880587339401243,-0.8853139877319336,-2.2820701599121094,17.727280111012366,10.626741585359591,1.5203405213961678,0.6662691458430376,3.57094643810942
2,1771108448586,1771108451663,0,-0.09885071615378062,0.18797505696614583,0.18450305859247842,0.6730018299738361,0.8350051802845282,1.236130368131638,1.3919658660888672,1.9540777206420896,3.279320001602173,-1.4508028030395508,-1.0296926498413086,-1.5534546375274658,18.713357783104378,10.502068033265937,1.496524983136768,0.6657671702589785,3.57094643810942
2,1771108449644,1771108452731,0,-0.2245279053846995,0.08607683181762696,-0.11762457688649496,0.5868194129621012,0.8682778604542981,1.2101805526421765,0.7665184736251831,1.9129505157470703,2.5645060539245605,-1.4508028030395508,-1.23394775390625,-1.871833086013794,18.79681774639233,8.768678232411077,1.4750176560243475,0.6214728434226033,2.755841581170856
2,1771108450703,1771108453809,0,-0.12679239710172016,-0.0623446782430013,-0.007098150253295891,0.5697086873977922,0.981649099444469,1.419037591253244,0.7665184736251831,1.7605934143066406,2.646615028381348,-1.4508028030395508,-2.102677345275879,-2.4035892486572266,22.248631706246535,10.279706507654597,1.6644011726858137,0.6758829971812174,2.9753653161194253
2,1771108451816,1771108454884,0,-0.02638798157374064,0.10301644007364909,-0.32281736930211385,0.4503857084772185,1.1762262056326342,1.4404382638182585,0.7447505593299866,2.717761993408203,2.646615028381348,-1.2480964660644531,-2.102677345275879,-2.5417518615722656,23.47008327616467,10.58235372840047,1.7475890470764208,0.7882517507958098,3.3711843136562867
2,1771108452840,1771108455958,0,0.03763447403907775,0.2897673765818278,-0.4865695357322693,0.5058776208026623,1.360712390927815,1.7292479802282705,1.5185626745224,2.823540687561035,3.0222198963165283,-0.6812095642089844,-2.102677345275879,-4.177603721618652,27.139122852132104,12.878006638207632,2.040145897827941,1.0607870068883105,4.642609541453667
2,1771108453915,1771108457026,0,-0.05224077800909678,0.32262506484985354,-0.8580735961596171,0.5414356945351755,1.4691035204704352,1.5575208240382397,1.5185626745224,2.823540687561035,3.0222198963165283,-1.2897968292236328,-1.947237968444824,-4.177603721618652,27.33323099532124,12.419101937649412,2.076693722786945,1.1349443686465948,4.642609541453667
2,1771108454991,1771108458118,0,-0.1059176246325175,0.10443944931030273,-0.7508463462193807,0.70039302562241,1.4137176282605424,1.695768476454472,1.6488676071166992,2.823540687561035,3.0222198963165283,-1.2897968292236328,-1.947237968444824,-4.177603721618652,29.696101591053655,12.483784713115481,2.1552753822153745,1.0795770713131236,4.642609541453667
2,1771108456067,1771108459170,0,-0.04038873513539632,0.07937785784403481,-0.4847223480542501,0.6769670094917235,1.20345480124488,1.4525861209401167,1.649017572402954,2.4862308502197266,2.437131643295288,-1.2897968292236328,-1.947237968444824,-3.1468706130981445,25.78141196255031,12.299504161023942,1.8133590949065321,0.9306974008484528,3.548986861441251
2,1771108457149,1771108460247,0,0.19677095214525858,0.1934210777282715,0.20193733771642053,0.6810579620113886,0.9532331746323521,1.4610917917287987,1.649017572402954,1.9880971908569336,2.7525479793548584,-1.1809203624725342,-1.927207946777344,-2.938120126724243,23.404869135442162,12.515250360539438,1.6921169117169426,0.816229430961881,3.548986861441251
2,1771108458220,1771108461315,0,0.23187418679396313,0.2314732869466146,0.6150561451911927,0.5771259733610684,0.8741422022926005,1.4094241491925807,1.649017572402954,1.876952171325684,3.115417957305908,-1.3590627908706665,-1.4035701751708984,-3.272239446640014,21.61118166855965,11.788984574994736,1.691674540546232,0.790959519377694,3.381903900573243
2,1771108459279,1771108462365,0,0.1192423592011134,0.17497631708780928,0.6541589697202047,0.6002437128040311,0.9334717980348327,1.4864429492537676,1.178668737411499,1.876952171325684,3.117469787597656,-1.3590627908706665,-1.4035701751708984,-3.272239446640014,22.27452397554442,11.987357290716318,1.8026708587654765,0.7540278828217383,3.381903900573243
2,1771108460356,1771108463425,0,-0.06469076176484426,-0.05546981493631997,0.5228415171305338,0.5945325096149595,0.8694934129882973,1.4768400286654835,0.7949424386024475,1.7012720108032229,3.117469787597656,-1.3590627908706665,-1.7458672523498535,-3.272239446640014,21.572534086533633,11.355864596754046,1.6811749402999014,0.8105778475077402,3.381903900573243
2,1771108461423,1771108464476,0,0.039702849090099336,0.06266697247823079,0.35543232758839927,0.5880338075951514,0.8249028638300325,1.3272079390971152,1.0136147737503052,1.4349126815795898,3.117469787597656,-0.8729779720306396,-1.7458672523498535,-2.5650436878204346,20.595091137732137,9.789986538446142,1.5021808993492827,0.767952884093803,3.222096641181462
2,1771108462467,1771108465536,0,0.0028241559863090514,0.05024256706237793,0.19766871531804403,0.5561999696484689,0.7638220862333234,1.2442552072206858,1.0136147737503052,1.3684110641479492,2.5331578254699707,-0.8729779720306396,-1.7458672523498535,-2.1116397380828857,17.939117083396916,6.790901024007548,1.4085218994160658,0.656999257928874,2.7793990963366957
2,1771108463525,1771108466603,0,0.0036286950111389174,0.07813358306884766,-0.019356127580006918,0.49195830044860783,0.8864791113413566,1.2750735035772773,1.0136147737503052,1.3684110641479492,2.5331578254699707,-0.8854262828826904,-2.041107177734375,-2.1576855182647705,20.428078196693,8.821374129023207,1.4840036828836278,0.6182151919044472,2.7793990963366957
2,1771108464584,1771108467676,0,-0.061623851954936984,-0.21802196502685547,0.040138284365336105,0.4613340621998632,1.0600241801039896,1.2397614692451648,0.8375982642173767,2.083471298217773,2.516981363296509,-0.8854262828826904,-2.23653507232666,-2.1576855182647705,20.044019675880847,9.472565426784964,1.5887928023726703,0.5629835913648715,2.746513146334786
2,1771108465636,1771108468738,0,-0.03333120991786321,-0.30561850865681967,0.24254647493362427,0.5477842453037511,1.1460600029847805,1.2564083103983827,1.1713207960128784,2.083471298217773,2.516981363296509,-1.0742295980453491,-2.23653507232666,-2.222043514251709,23.17406804715951,10.27291482815913,1.688346587174829,0.6339599875923991,3.0412957895258836
2,1771108466713,1771108469827,0,-0.05409508347511291,-0.24013468424479167,0.3055127541224162,0.5688487883240121,1.1009856026975455,1.1611443013148182,1.1713207960128784,2.083471298217773,2.448449850082397,-1.0742295980453491,-2.23653507232666,-2.222043514251709,20.63423545960942,8.803254234019983,1.6083803143029505,0.6059380908417851,3.0412957895258836
2,1771108467782,1771108470875,0,-0.08652804394563039,0.004032611846923843,-0.03375063737233481,0.5937630286964566,0.9000630621172263,1.2692644233808534,1.3338704109191897,1.825723648071289,2.448449850082397,-1.0742295980453491,-1.6955575942993164,-2.222043514251709,20.9666059177689,8.455566338371924,1.526030673801717,0.6112026624489031,3.0412957895258836
2,1771108468847,1771108471942,0,-0.010867661237716661,0.04459304809570312,0.024596309661865233,0.49934099402946186,0.8439633684968658,1.2712711459383281,1.3338704109191897,1.4852705001831057,3.255342960357666,-0.7437826991081238,-1.638716697692871,-2.113905429840088,20.03289694812743,8.371720616717909,1.4747252402679576,0.5751025230373755,3.3320156486979733
2,1771108469906,1771108473009,0,-0.08077134887377421,0.1969925880432129,-0.23587603569030763,0.5204322759086207,1.0108189403596044,1.4398402412188724,1.3338704109191897,2.364346504211426,3.255342960357666,-0.9645482301712036,-1.638716697692871,-2.450737953186035,23.222428929567553,10.785877085640049,1.6600318549245865,0.787060191021307,3.3320156486979733
2,1771108470976,1771108474069,0,-0.14997482697168987,0.44071311950683595,-0.060029037793477374,0.5887869832791803,1.1391895757409454,1.62850422811031,0.8232110142707825,2.364346504211426,3.262242317199707,-1.6512737274169922,-1.638716697692871,-2.450737953186035,27.192557026715587,11.941937277781433,1.9180871210097494,0.847613183623284,3.3320156486979733
2,1771108472051,1771108475160,0,-0.3159516046444575,0.5210503419240315,-0.608668053150177,0.5748359729223708,1.1788741438876993,1.4776673674540306,0.8232110142707825,2.364346504211426,3.262242317199707,-1.6512737274169922,-1.480271339416504,-2.450737953186035,25.559503080039637,13.017979338583757,1.9410760362293302,0.8794070912906085,3.2765150085161725
2,1771108473118,1771108476187,0,-0.3214341600735982,0.45016050338745117,-0.5521294752756755,0.6272581653307351,1.1707733054405443,1.2549967363347039,0.8232110142707825,2.2952795028686523,3.262242317199707,-1.6512737274169922,-1.554781436920166,-1.903479814529419,23.84706089925931,11.551726423211953,1.820562699682472,0.7364195070969195,3.2765150085161725
2,1771108474182,1771108477248,0,-0.30069328447182975,0.10229988098144531,-0.3608939488728841,0.5432752851483856,1.1625798506950982,1.2618284927484043,1.0106329917907717,2.2952795028686523,2.686689853668213,-1.4818365573883057,-1.5789794921875,-2.0490355491638184,22.578991887466824,10.30764331460941,1.71611289034092,0.6568488728673292,2.9030550953910605
2,1771108475245,1771108478316,0,-0.08829965790112813,0.1257964293162028,-0.2078165292739868,0.6793306301288395,1.1171266006079703,1.465628570601365,1.4759151935577393,2.1896886825561523,2.686689853668213,-1.1915044784545898,-1.5789794921875,-3.231363534927368,24.979100059044825,9.70400161194766,1.8077595066973526,0.7388898468974174,3.84169069254417
2,1771108476298,1771108479400,0,0.021239068110783896,-0.008163197835286488,-0.19976608753204345,0.6273962616317262,0.9680023373016848,1.4501829547295806,1.4759151935577393,2.1896886825561523,2.686689853668213,-1.0753650665283203,-1.5789794921875,-3.231363534927368,22.067364245940215,11.142986082582619,1.6440229379793838,0.8243127721051622,3.84169069254417
2,1771108477348,1771108480476,0,0.16577379405498505,0.05348765055338541,-0.3226419766743978,0.6255061793838944,0.9861551488156195,1.2380077629817765,1.4759151935577393,2.1896886825561523,2.183699131011963,-1.0753650665283203,-1.4806318283081057,-3.231363534927368,20.282100215662073,9.841888052134301,1.5120767052261288,0.8187076666993565,3.84169069254417
2,1771108478424,1771108481544,0,0.035118624567985535,0.06949564615885415,-0.48651833534240724,0.6135661408407591,1.107768152343262,1.3440141485944184,1.389149188995361,2.1739625930786133,2.183699131011963,-1.0753650665283203,-2.0311241149902344,-3.993050813674927,21.966629512044598,12.18371693709536,1.654558528781169,0.9105818095974774,4.58128494370742
2,1771108479508,1771108482605,0,0.05067840913931529,0.3100325425465902,-0.6440954844156901,0.6671046648378341,1.4227203807358308,1.5091009435742286,1.389149188995361,2.571481704711914,2.183699131011963,-1.3553709983825684,-2.0311241149902344,-3.993050813674927,27.4449037863313,12.134349291760739,2.0597013501937393,0.942945023830692,4.58128494370742
2,1771108480584,1771108483688,0,0.1425120343764623,0.298157008488973,-0.806440011660258,0.7942289668370713,1.5371721445611572,1.49076143574698,1.5926727056503296,2.571481704711914,2.0183351039886475,-1.3553709983825684,-2.0311241149902344,-3.993050813674927,28.302375102112045,12.696261868771725,2.270919068887511,0.8166444917074033,4.58128494370742
2,1771108481652,1771108484747,0,0.22199883858362834,0.03757565816243486,-0.5756122628847758,0.7548536559215671,1.4972125075480578,1.4509287809403333,1.5926727056503296,2.571481704711914,1.865088701248169,-1.3553709983825684,-1.89061975479126,-3.980301856994629,26.147215593147045,11.548068069358244,2.1232932184273747,0.8049885457060804,4.245959833392759
2,1771108482712,1771108485842,0,0.19236675749222437,-0.15378114382425948,-0.2789143562316895,0.7183694563629136,1.2878322865756548,1.5171528203231135,1.5926727056503296,2.5584936141967773,3.5637056827545166,-1.3181341886520386,-2.121388435363769,-3.980301856994629,25.856173376107446,11.031502360329325,1.9611670930146292,0.8004605378429226,4.245959833392759
2,1771108483796,1771108486883,0,0.029406027495861055,0.003198130925496427,-0.22477914094924928,0.5107535320302705,1.2271925435414064,1.4911245881750745,0.9906571507453918,2.9016904830932617,3.5637056827545166,-1.2631688117980957,-2.121388435363769,-3.980301856994629,25.4499726402728,11.851232770893498,1.7713605181612446,0.8930739194237365,4.245959833392759
2,1771108484858,1771108487960,0,-0.0773521309097608,0.25042064984639484,-0.1292544921239217,0.45790632738020853,1.1627788857662344,1.2781353303176892,0.6841272115707397,2.9016904830932617,3.5637056827545166,-1.0737106800079346,-2.121388435363769,-2.3066980838775635,23.32820167702478,12.304561183081917,1.6151470738084766,0.764887602758129,3.822458746253156
2,1771108485932,1771108489027,0,-0.16099121272563935,0.34327282905578616,-0.41515300671259564,0.5196655476647312,1.068057910891124,1.1696997049456601,0.6552061438560486,2.9016904830932617,1.15851092338562,-1.7370426654815674,-1.7731728553771973,-2.854128360748291,20.93814358252209,11.156761673424047,1.5522357769342983,0.7832522738362858,3.1827201674973438
2,1771108486991,1771108490087,0,-0.1123514304558436,0.2807738463083903,-0.2736063599586487,0.5681914113973867,0.9081272941888229,1.2760945847181782,1.0535659790039062,2.073551177978516,3.334866523742676,-1.7370426654815674,-1.7731728553771973,-2.854128360748291,19.836841233884343,10.89091581383009,1.4987218377387568,0.7901804725254188,3.590199620066204
2,1771108488059,1771108491180,0,-0.0977159043153127,0.04215424855550134,-0.10765942732493082,0.5849763125111973,0.8305153270851338,1.2461621161747662,1.0535659790039062,2.073551177978516,3.334866523742676,-1.7370426654815674,-1.478607177734375,-2.854128360748291,18.71697492445433,10.195173939502725,1.3755558017898808,0.8069564452906233,3.590199620066204
2,1771108489129,1771108492226,0,0.08921656906604766,0.028217411041259764,0.29927895466486615,0.4781907833685084,0.7417500013639833,1.0900180789345109,1.0535659790039062,1.6676721572875977,3.334866523742676,-0.7579357028007507,-1.478607177734375,-1.556833028793335,17.939985882974057,9.566378494885322,1.2746836709560798,0.6227892118666915,3.590199620066204
2,1771108490195,1771108493291,0,0.02541792194048563,-0.13001524607340495,0.17979888121287027,0.53144540273048,0.743662033815582,0.9067091082058286,1.0175056457519531,1.6676721572875977,2.209758281707764,-0.7880690693855286,-1.478607177734375,-1.6389732360839844,16.432316999762392,6.140885978778444,1.2037385362177344,0.4585138186370236,2.2256698883057013
2,1771108491254,1771108494349,0,0.07407381931940714,0.015373579661051425,0.1714511553446452,0.5089521967839477,0.7154974813188415,1.156893660592763,1.0175056457519531,1.6676721572875977,2.5245532989501958,-0.992120921611786,-1.2566661834716797,-2.1173901557922363,20.056660184622732,6.64546115453187,1.3420995492708976,0.5313747021385549,2.5951232931040735
2,1771108492331,1771108495401,0,0.025212025145689647,-0.08148670196533203,0.25419405301411946,0.5167359512436969,0.7225966636586276,1.2789345040283902,1.085357427597046,1.7411737442016602,2.5245532989501958,-0.992120921611786,-1.2566661834716797,-2.1173901557922363,21.621855427800305,6.545619303203144,1.4373357008943406,0.6016907448208931,2.704971026792718
2,1771108493398,1771108496468,0,0.036910637716452276,-0.14295819600423176,0.42252607345581056,0.497651104369603,0.8307150088987967,1.3323041103814135,1.085357427597046,1.7411737442016602,2.8507933616638184,-0.992120921611786,-2.308523178100586,-2.1173901557922363,23.804304749891074,8.525057750404036,1.5454669906980443,0.6702124096771295,3.1873771830632855
2,1771108494451,1771108497545,0,-0.0026751354336738624,-0.15176369349161783,0.20489789247512818,0.5327041474068288,1.1021026328844334,1.3577282607648749,1.085357427597046,2.4848690032958984,2.8507933616638184,-0.9891687631607056,-2.712815284729004,-2.6874680519104004,23.69608624883457,12.284352320029363,1.6092174867833509,0.8545278321164498,3.649321079527005
2,1771108495509,1771108498604,0,-0.08907979329427083,-0.20958391825358072,0.0022782921791076587,0.5390783924782883,1.0868403291774735,1.2642615916378892,1.039987564086914,2.4848690032958984,2.8507933616638184,-1.020004153251648,-2.712815284729004,-2.6874680519104004,23.412413566698884,13.282184851380414,1.5167824879576874,0.8624835811190126,3.649321079527005
2,1771108496577,1771108499671,0,-0.12436624268690745,0.131982421875,-0.09348493417104085,0.5331951626563369,1.0341641962195627,1.137481548731498,1.1700680255889893,2.4848690032958984,2.0645594596862797,-1.020004153251648,-2.712815284729004,-2.6874680519104004,21.03031599575887,12.426149284076256,1.393766941095623,0.8253157248067852,3.649321079527005
2,1771108497652,1771108500732,0,-0.03293359577655792,0.21269693374633789,-0.12468439737955729,0.4976623403039233,0.8452990414796704,1.140369845637549,1.1700680255889893,2.0001001358032227,1.661531925201416,-1.020004153251648,-1.6586198806762695,-2.8049063682556152,20.899789752273133,10.402032305845836,1.3425258249109016,0.6797936957065477,3.2650702202386657
2,1771108498713,1771108501800,0,0.04589707255363464,0.24605786005655925,-0.09169519344965617,0.5055191551651702,1.0398258692264528,1.0888748961322734,1.1700680255889893,2.3970251083374023,1.661531925201416,-0.7787861824035645,-1.91510009765625,-2.8049063682556152,20.9443806037472,11.784629050762867,1.432999717138366,0.6867657522090199,3.2650702202386657
2,1771108499781,1771108502863,0,-0.07095640301704406,0.04001625378926594,-0.23114205598831178,0.5348995581411011,1.2459839866539753,1.152430476918379,0.9973391890525818,2.3970251083374023,1.661531925201416,-1.2198147773742676,-2.07205867767334,-2.8049063682556152,24.228006476639262,11.481715729630276,1.639938885600577,0.6683457667373054,3.2650702202386657
2,1771108500875,1771108503936,0,-0.13975320756435394,-0.06543707847595216,-0.18042509158452352,0.5103606369364049,1.2260466535641728,0.903926280079856,0.9973391890525818,2.3970251083374023,1.2862000465393066,-1.2198147773742676,-2.07205867767334,-2.0500080585479736,21.258144478107013,10.818566953831741,1.4699079337404348,0.6355447649587691,2.82279500303888
2,1771108501900,1771108505002,0,-0.12283041775226593,0.04901591936747233,-0.22280361652374267,0.5628404453267867,1.0663740682138974,0.9226462524103677,0.8119909763336182,1.8316993713378904,1.356201171875,-1.331636667251587,-2.07205867767334,-2.0500080585479736,20.236452780459366,8.84613436846128,1.3987885864845686,0.5921034714124794,2.82279500303888
2,1771108502966,1771108506070,0,-0.03612586160500844,0.1512730916341146,-0.25019747416178384,0.4910279757187684,0.9939082772176373,0.9055664803463028,0.8119909763336182,1.678309440612793,1.356201171875,-1.331636667251587,-1.676011085510254,-1.8488118648529053,19.820077378595524,9.314881742726051,1.327511649004711,0.5619049353795245,2.3815075807620105
2,1771108504043,1771108507173,0,-0.058066810170809426,0.30563052495320636,-0.08651032447814941,0.603607081501714,1.1117222678422591,1.0681850963685204,1.325347661972046,2.5546817779541016,2.203289747238159,-1.331636667251587,-1.6419200897216797,-1.8488118648529053,22.97591124324678,9.57401889194629,1.5640958905657607,0.564264171151462,2.725830307711375
2,1771108505132,1771108508214,0,-0.1810340235630671,0.2060791015625,-0.07592007716496786,0.5786496919669487,1.1480136906697525,1.0453555794483038,1.325347661972046,2.5546817779541016,2.23334002494812,-1.4479607343673706,-1.6419200897216797,-1.8488118648529053,22.24400705568163,8.84835841488905,1.4932009499638816,0.7230523728912334,2.782754740401811
2,1771108506180,1771108509281,0,-0.22176356514294943,0.011740875244140626,0.14833040634791056,0.6333099524395498,1.033092343685766,1.2258831508858288,1.325347661972046,2.5546817779541016,2.848052501678467,-1.4479607343673706,-1.5499954223632812,-2.425340414047241,21.88897524897419,7.911480622800465,1.5377461144923958,0.7737736573077448,3.0448638818459854
2,1771108507249,1771108510349,0,-0.1783488134543101,-0.14327319463094076,0.5096143007278442,0.517061025555103,0.7024298772992149,1.243808589579163,0.7778912782669067,1.866576194763184,2.848052501678467,-1.4479607343673706,-1.5499954223632812,-2.425340414047241,16.279878365775918,8.29461458405476,1.4163107981174343,0.7453291026705791,3.0448638818459854
2,1771108508315,1771108511443,0,-0.05051482319831848,-0.08489481608072917,0.619587246576945,0.5803192738646494,0.6437205825614122,1.3318072003187023,0.9609026312828064,1.223282814025879,3.34789514541626,-1.6608628034591677,-1.3242263793945312,-2.425340414047241,17.751780237239352,11.032401913354885,1.5424267790450996,0.686265779309684,3.5454450613402515
2,1771108509392,1771108512509,0,-0.03752186993757885,0.0379180908203125,0.5846835494041442,0.578750082902505,0.6408423380040339,1.1885623731360802,0.9609026312828064,1.3110170364379885,3.34789514541626,-1.6608628034591677,-1.8874435424804688,-1.820962905883789,17.673834186353695,13.341136871810885,1.4394732092382616,0.609396064619635,3.5454450613402515
2,1771108510493,1771108513577,0,0.005345062414805089,-0.052251974741617836,0.385790224870046,0.6383739646860469,0.8462036994910486,1.0932817401811648,0.9609026312828064,1.3110170364379885,3.34789514541626,-1.6608628034591677,-2.144303321838379,-1.820962905883789,19.923624519804175,12.274634175485804,1.4287620753655792,0.6032532080763998,3.5454450613402515
2,1771108511550,1771108514644,0,-0.12187023361523946,0.15992441177368164,0.1362641493479411,0.5400384168969022,0.9802109112179398,1.0188401382852517,0.7825191617012024,1.6359939575195312,1.6766676902770996,-1.2353637218475342,-2.144303321838379,-1.816001415252685,18.70320903631442,10.399415798153292,1.4055884167897439,0.5547205915784057,2.424916689051509
2,1771108512619,1771108515706,0,-0.06881793638070424,0.1326820691426595,-0.08784029086430865,0.5415622400209675,1.1368143148629686,1.1010439201456788,0.7373135089874268,1.6804113388061523,1.5316298007965088,-0.9868186712265016,-2.144303321838379,-2.704256772994995,20.161294123388966,10.20563705188489,1.5288829291135788,0.6410468544724734,3.261153397232898
2,1771108513685,1771108516780,0,-0.17693486114343007,0.276236883799235,-0.429323407014211,0.6209297667037204,1.29862050979137,1.207334487577217,1.368513107299805,2.6976776123046875,1.722487211227417,-1.2123634815216064,-2.6070995330810547,-3.6854357719421382,25.06436232004224,12.322329440266888,1.733303207218625,0.8506971118788126,4.65809624792887
2,1771108514745,1771108517880,0,-0.07371116081873576,0.018696943918863927,-0.23717219829559327,0.653729491644216,1.3251545186947404,1.201369696194766,1.368513107299805,2.6976776123046875,1.722487211227417,-1.4485878944396973,-2.6070995330810547,-3.6854357719421382,25.904778703828395,12.299693783870913,1.707274209739547,0.8219266888745033,4.65809624792887
2,1771108515812,1771108518924,0,0.005719168980916348,-0.15613797505696617,-0.1709975520769755,0.6505938773405409,1.3606234815786182,1.1822227766619087,1.368513107299805,2.7500476837158203,1.722487211227417,-1.4485878944396973,-2.6070995330810547,-3.6854357719421382,24.937859560030358,11.350839265033233,1.7061231230514833,0.8464578499096805,4.65809624792887
2,1771108516901,1771108519991,0,0.009735301136970522,-0.023074150085449215,-0.1355656663576762,0.6179449441175384,1.230143083242682,1.1543103236764172,1.129857063293457,2.7500476837158203,2.200165033340454,-1.4485878944396973,-1.8548088073730469,-2.260800838470459,22.225628651182053,9.373969977052791,1.6346534367231065,0.6949589350302157,3.3814298255261437
2,1771108517958,1771108521066,0,0.03664988776048025,0.2121532122294108,-0.27033244371414183,0.6155621857602315,1.2507183666238608,1.5181249348558397,1.129857063293457,2.7500476837158203,2.478811025619507,-1.3600826263427734,-1.6603803634643557,-4.542443752288818,25.90553021573686,13.860722201773907,1.8648085406521655,0.8797963751760931,4.6301277081297965
2,1771108519034,1771108522157,0,0.04979265034198761,0.44958972930908203,-0.23715132077534992,0.5901370157220391,0.9538425153768666,1.4742195523941473,0.9575320482254028,2.2380599975585938,2.478811025619507,-1.3600826263427734,-1.0999670028686523,-4.542443752288818,24.508716900824833,13.513750291059266,1.688036028223103,0.8680572014863915,4.6301277081297965
2,1771108520100,1771108523215,0,0.1526099632183711,0.2811744689941406,-0.04393694003423055,0.5394413475405196,0.9011843443014766,1.3972449704578338,0.9575320482254028,1.993736267089844,2.478811025619507,-1.0023689270019531,-1.2574958801269531,-4.542443752288818,22.74712655993808,13.59843837847159,1.536350614928737,0.8494312699793473,4.6301277081297965
2,1771108521170,1771108524257,0,0.07534954249858856,0.053183905283610014,0.15933869282404578,0.6336468598871237,0.7483397013408086,1.1620685336226724,1.1326195001602173,1.531473159790039,3.0714619159698486,-1.5525070428848269,-1.2574958801269531,-2.4209156036376958,19.855817181751714,7.060255579516257,1.350829991457373,0.677734333120238,3.4222520881039116
2,1771108522236,1771108525331,0,-0.013838777939478552,0.09628928502400716,0.0886374513308207,0.6577057722578464,0.9567262458656385,1.2389284302237022,1.1326195001602173,2.0132617950439453,3.0714619159698486,-1.5525070428848269,-1.7641525268554688,-2.4209156036376958,22.58972994520479,11.606253940260311,1.5082358607706015,0.7399639671575077,3.4222520881039116
2,1771108523299,1771108526406,0,-0.22514509658018747,0.34559424718221027,-0.08103301525115966,0.7729946726293357,1.0274475559319953,1.7960307600890375,1.1454238891601562,2.0132617950439453,4.791640281677246,-1.988480806350708,-1.7641525268554688,-4.908327579498291,28.133170828930798,17.472938407400584,1.9075651272593972,1.139034623223141,5.376972060576634
2,1771108524363,1771108527483,0,-0.20022983153661092,0.25589148203531903,-0.08026536305745442,0.6960573109785941,1.1028813635438457,1.7378647521413264,1.1454238891601562,2.0132617950439453,4.791640281677246,-1.988480806350708,-1.7641525268554688,-4.908327579498291,27.43944779902786,17.923261146876936,1.888980969638165,1.0703281516735983,5.376972060576634
2,1771108525439,1771108528557,0,-0.12874311010042827,0.13465854326883953,0.1433097243309021,0.7048535104727619,1.045011665607699,1.7405607311873998,1.1454238891601562,1.866302490234375,4.791640281677246,-1.988480806350708,-1.56889009475708,-4.908327579498291,24.812401111969628,17.319176424873742,1.8330319113619937,1.0953089290599287,5.376972060576634
2,1771108526516,1771108529642,0,0.06842017869154612,-0.2558610757191976,0.2670662005742391,0.6089061379355786,1.1153193903207876,1.4931766830611195,1.4794256687164309,2.6657752990722656,4.049785137176514,-0.9798583388328552,-2.510104179382324,-2.7529237270355225,21.555316512807742,9.956921624798486,1.7663666232138766,0.873493263350537,4.191701208903963
2,1771108527591,1771108530702,0,-0.044546662767728167,0.009752829869588217,-0.13678100109100344,0.6800872185834386,1.3088207986511908,1.861232008324485,1.4794256687164309,2.6657752990722656,4.049785137176514,-1.589606761932373,-2.510104179382324,-2.85958194732666,24.91123217617634,13.249073123181242,2.146346583731334,0.946341139775272,4.191701208903963
2,1771108528667,1771108531770,0,-0.004611064990361531,0.2981818834940592,-0.3425626397132874,0.66265136301057,1.427697782032596,1.9595997925823239,1.4794256687164309,2.6657752990722656,4.049785137176514,-1.589606761932373,-2.510104179382324,-2.85958194732666,28.425424066796054,13.329382282665177,2.347602310672033,0.9108105971026557,4.191701208903963
2,1771108529743,1771108532836,0,0.0981162210305532,0.6516636848449707,-0.2802679379781087,0.6343596873095374,1.2771273879386826,1.9595672522867327,1.512410283088684,2.8287124633789062,4.157895088195801,-1.589606761932373,-1.8038291931152344,-2.85958194732666,29.447795865792504,13.548159483152258,2.2960448988482702,0.9748271313644606,4.401651289586288
2,1771108530811,1771108533911,0,0.19144138644138972,0.522108809153239,-0.23281774520874024,0.5435512230705601,1.1965401660683688,1.8936732755079995,1.512410283088684,2.8287124633789062,4.157895088195801,-0.7707299590110779,-1.5009088516235352,-4.598178386688232,27.887963645987213,13.264778266174506,2.0620789642742463,1.135932615591796,4.70068211469259
2,1771108531910,1771108534980,0,0.08239526947339376,0.21378458340962728,-0.12959450880686443,0.5485423516144842,1.106901020989067,1.7838021660424352,1.512410283088684,2.8287124633789062,4.157895088195801,-0.7707299590110779,-1.583425998687744,-4.598178386688232,25.332385892607007,11.452594309798165,1.8749528166525071,1.0691515932103286,4.70068211469259
2,1771108532937,1771108536057,0,-0.01493791937828064,-0.017999203999837232,-0.15936654806137085,0.4097816941266972,0.937442546114654,1.66060463875754,0.9248377084732056,1.6214704513549805,3.174609661102295,-0.7707299590110779,-1.618333339691162,-4.598178386688232,24.504609654415656,11.784238052653581,1.720136350640774,0.877648993530269,4.70068211469259
2,1771108534013,1771108537152,0,0.007825754582881927,-0.11213000615437825,0.07539194027582805,0.40847539115985065,0.9095437311696863,1.405015969291641,0.9248377084732056,1.6214704513549805,3.174609661102295,-0.86943119764328,-1.618333339691162,-2.8882312774658203,21.65100165660907,9.534957552852111,1.556370992157325,0.6937750934391523,3.2238943358919636
2,1771108535089,1771108538176,0,0.023598495125770575,0.025407775243123373,0.0035968184471130427,0.4877077068222023,0.8724902710644666,1.4980437181076112,0.9248377084732056,1.480708122253418,3.174609661102295,-1.150596261024475,-1.618333339691162,-2.9306108951568604,22.47329719546752,10.459043218018811,1.590106136122962,0.7930102947636274,3.2238943358919636
2,1771108536164,1771108539243,0,-0.004528540869553884,0.12961511611938475,-0.11785517930984497,0.5020814069955035,0.9965686372281973,1.486019076794175,0.9143730401992798,1.867170333862305,2.693976640701294,-1.150596261024475,-1.668015480041504,-2.9306108951568604,22.585114647041916,9.740065176804146,1.6440634680834456,0.8301248206607736,3.209682254828425
2,1771108537216,1771108540314,0,0.06330783615509669,0.2066555341084798,0.020929229259490967,0.498894807279847,1.061369885024807,1.461930554737468,1.05637526512146,1.867170333862305,2.693976640701294,-1.150596261024475,-1.7693767547607422,-2.9306108951568604,24.706705094218787,11.463622572089385,1.6975314651140885,0.7618676627164362,3.209682254828425
2,1771108538283,1771108541370,0,0.017613050838311512,-0.0957086722056071,0.1393905242284139,0.44183001615886847,1.229392791795966,1.3717259370058381,1.05637526512146,1.867170333862305,2.693976640701294,-0.8789962530136108,-2.3558502197265625,-2.71492075920105,24.26748116708685,11.348667711588176,1.7505416426465688,0.6693909296865282,3.1858747121260085
2,1771108539343,1771108542422,0,-0.1073456625143687,-0.1798724333445231,-0.22164740959803264,0.504421093269573,1.3784606016836607,1.4709219037945027,1.05637526512146,2.7275705337524414,2.4635491371154785,-0.8888145685195923,-2.3558502197265625,-2.8686952590942383,26.48393068937059,13.224977858554698,1.91144089853734,0.7967588104856449,3.9765136458014947
2,1771108540419,1771108543472,0,-0.2044971505800883,-0.07022533416748043,-0.7812098979949951,0.4904787281183037,1.5398292038720447,1.558416600740517,0.7971583604812622,2.9988527297973637,2.2403523921966557,-1.057282328605652,-2.524458408355713,-3.629951477050781,27.215915532678874,13.066274142387773,2.1899670445761457,0.8710156990969435,3.9765136458014947
2,1771108541479,1771108544525,0,-0.13985597093900046,0.1421961307525635,-1.01200612783432,0.575970827649326,1.507055340368229,1.3157859984575329,1.0974328517913818,2.9988527297973637,1.4144067764282229,-1.1051089763641355,-2.524458408355713,-3.629951477050781,26.32394827647381,12.695830881611835,2.099124522201545,0.936273627857776,3.9765136458014947
2,1771108542530,1771108545583,0,0.0005066563685735103,0.23612682024637857,-0.8059587796529134,0.5176809799739837,1.3456003487271289,1.3880049735771187,1.0974328517913818,2.9988527297973637,2.6799874305725098,-1.1051089763641355,-2.524458408355713,-3.629951477050781,25.05671377084071,11.593574808387443,1.9383571167880085,0.9208968752555413,3.657252365280994
2,1771108543573,1771108546642,0,0.022042622168858862,0.33457441329956056,-0.5275428811709086,0.55842799108442,1.2612815577884027,1.3432264372383647,1.0974328517913818,2.6644392013549805,2.6799874305725098,-1.1051089763641355,-1.9793472290039065,-2.5793445110321045,25.161780618489427,12.064803791612594,1.831720369821356,0.8001468417330795,3.762065497513465
2,1771108544632,1771108547719,0,-0.006024267276128138,0.40620263417561847,-0.3452053944269816,0.48485321119081654,1.152854439356469,1.4603259988931587,0.9002469778060913,2.6644392013549805,2.6799874305725098,-1.0217812061309814,-1.2010011672973633,-2.5793445110321045,25.698137206501915,12.199081427405075,1.7988165425808027,0.8021181653529345,3.762065497513465
2,1771108545683,1771108548778,0,0.07167269289493561,0.413180669148763,0.007011564572652179,0.49995272830364046,1.2793288003799357,1.255343557225706,0.9002469778060913,2.88044548034668,2.1601710319519043,-1.0217812061309814,-1.9267845153808596,-2.566160202026367,23.478188453568926,12.055756559057402,1.7280978207633102,0.7451132306737224,3.762065497513465
2,1771108546752,1771108549850,0,0.1754282424847285,0.2232954025268555,0.27566510637601216,0.44462149460746403,1.205525213747794,0.9670216402046244,1.283254623413086,2.88044548034668,2.1696019172668457,-0.6264004707336426,-1.9267845153808596,-1.6981254816055298,20.558526746000418,10.54223537457871,1.4772301767227562,0.7004860300909223,3.0845517949906887
2,1771108547827,1771108550896,0,0.2648227314154307,0.21460955937703455,0.4652457455794016,0.6059828475376219,1.391658693296028,1.1079359436539769,1.3150770664215088,2.88044548034668,3.1650166511535645,-1.2508623600006104,-1.9267845153808596,-2.162834644317627,23.10760383383202,14.166693347865051,1.7583561681809576,0.8228807749863934,3.8517354447544605
2,1771108548880,1771108551948,0,0.2410438189903895,0.1731999397277832,0.39826268951098126,0.6586737163415168,1.244376840423013,1.4730226710260939,1.3150770664215088,2.6366729736328125,3.740974187850952,-1.2508623600006104,-1.803851127624512,-2.3139989376068115,25.624398471757715,14.14090508851738,1.8805498161919758,0.8654054996784647,3.936110105515607
2,1771108549940,1771108553015,0,0.18030170897642772,0.3428789138793945,0.03232147296269735,0.6364793250807508,1.3228805560072852,1.6451927738497545,1.3150770664215088,2.6366729736328125,3.740974187850952,-1.2508623600006104,-1.803851127624512,-3.598051071166992,28.05212886544449,13.383496795967122,2.0561378220062156,0.8028841189776462,3.936110105515607
2,1771108550989,1771108554091,0,0.04047337770462036,0.4299293518066406,-0.45715200503667197,0.4864430006353887,1.1632237497439157,1.6715156228156545,1.1784095764160156,2.241109848022461,3.740974187850952,-0.9368401765823364,-1.6780757904052734,-3.598051071166992,26.845489844622243,11.058678155666275,1.9721076320614201,0.8771907679135662,3.936110105515607
2,1771108552057,1771108555184,0,-0.01625232597192127,0.2907775243123372,-0.2890039324760437,0.44193627748239067,1.2425520481965195,1.6509788422294696,1.2473258972167969,2.241109848022461,3.588844060897827,-0.9368401765823364,-1.6780757904052734,-3.598051071166992,24.669618090187665,11.399923547133355,1.9344130923646887,0.8764309822131897,3.8184219760442972
2,1771108553140,1771108556218,0,-0.0018248006701469422,0.09027630488077801,-0.03644155263900757,0.5079095991699598,1.1616848655610952,1.759633048810923,1.2473258972167969,2.551730155944824,3.588844060897827,-1.0751235485076904,-1.5221309661865234,-3.405231475830078,26.9490858928097,13.92015788962624,1.9404037542562291,0.9047653577369192,3.8184219760442972
2,1771108554204,1771108557295,0,-0.02958347598711649,0.02421970367431641,0.36158897280693053,0.6629091018183327,1.1440852510513864,1.7199610647447876,1.2473258972167969,2.551730155944824,3.588844060897827,-1.2388403415679932,-1.5221309661865234,-3.000815153121948,28.11415189117083,14.702784922900467,1.98761448138863,0.8698123764032276,3.8184219760442972
2,1771108555259,1771108558379,0,-0.12698734303315481,0.03905070622762045,0.12251714666684468,0.6561903592790482,1.2193389397663394,1.6762307305958464,1.061309576034546,2.551730155944824,3.3886213302612305,-1.2388403415679932,-1.654802322387695,-3.000815153121948,28.09259862856386,14.840883386925654,1.993635831965661,0.8057739737313918,3.552518848410533
2,1771108556327,1771108559455,0,-0.18794249445199968,0.19815152486165363,-0.15789267023404438,0.5709288468777672,1.2391524064931903,1.657673602250236,1.061309576034546,2.093672752380371,3.3886213302612305,-1.2388403415679932,-1.654802322387695,-3.26375412940979,25.41240434136964,12.434104965080408,2.001295828587573,0.754316573018499,3.552518848410533
2,1771108557403,1771108560539,0,-0.06174745410680771,0.2800579071044922,-0.39721925258636476,0.4672385146985272,1.2521912150904848,1.471043101649897,1.3250901699066162,2.0955028533935547,2.5890793800354004,-0.8252882361412048,-1.654802322387695,-3.26375412940979,23.340964987089194,10.66743297255847,1.8944361195181725,0.6970829587006814,3.4942266810032696
2,1771108558487,1771108561615,0,-0.038444037735462185,0.30316101710001625,-0.63280029296875,0.47426602176748855,1.147668653628525,1.4333395482185438,1.3250901699066162,2.0955028533935547,2.285634994506836,-1.1132638454437256,-1.605316162109375,-3.26375412940979,23.42891818147062,9.689182583166005,1.878012810301086,0.6773717244013313,3.4942266810032696
2,1771108559563,1771108562683,0,-0.014934686323006948,0.2159579277038574,-0.3963756283124288,0.5893101756467822,1.0529629510746847,1.4060537591978093,1.664982557296753,2.0955028533935547,2.96970009803772,-1.1132638454437256,-1.539163589477539,-2.624523878097534,22.162263744723074,11.060916587145162,1.6985449074311287,0.8120796119823994,3.510579270376942
2,1771108560649,1771108563742,0,-0.04888443946838379,0.11990693410237631,-0.4098959525426229,0.5512557982214924,0.9922231312985493,1.4372517329719627,1.664982557296753,1.6446542739868164,2.96970009803772,-1.1132638454437256,-1.539163589477539,-3.085667133331299,22.43511931734696,12.314191327168125,1.6507720115779347,0.8521858216988759,3.510579270376942
2,1771108561725,1771108564813,0,-0.06050530821084976,-0.09734800656636557,-0.3012251694997152,0.5901853289320034,1.163592878964258,1.4350945887631008,1.664982557296753,1.719273567199707,2.96970009803772,-0.9814976453781128,-1.953303337097168,-3.085667133331299,24.14042906719104,13.2164288429222,1.7121668900077605,0.9146679101861337,3.566263510600972
2,1771108562792,1771108565869,0,-0.14905404001474382,-0.1778661568959554,-0.6130555589993795,0.6201112386463942,1.2223710025788292,1.6539348885058633,0.8813084363937378,2.213569641113281,2.881683349609375,-1.4330003261566162,-1.953303337097168,-3.265350341796875,25.407497864374182,12.703143625696196,2.047881277401721,0.8487077312438395,3.566263510600972
2,1771108563851,1771108566966,0,-0.10315660685300827,-0.20835259755452473,-0.4907020409901937,0.6761956413401382,1.242352129502948,1.7751088103272306,0.8813084363937378,2.213569641113281,3.031262159347534,-1.4330003261566162,-2.2192492485046387,-3.265350341796875,23.799592757953047,13.600592910080282,2.186171368985564,0.7159244962615864,3.566263510600972
2,1771108564918,1771108568022,0,-0.045727555950482675,0.002832396825154622,-0.6229651888211568,0.7053800326635538,1.1498323891174027,1.8591952320638139,1.293210506439209,2.213569641113281,3.031262159347534,-1.4330003261566162,-2.358121871948242,-3.265350341796875,25.026948580384875,14.39807685141642,2.236908798938169,0.7096599675448432,3.5641749094491164
2,1771108565978,1771108569098,0,0.028409922122955327,-0.02657349904378257,-0.4319529294967651,0.6501178210834697,1.2928061004848492,1.7084858814542285,1.293210506439209,2.54800796508789,3.031262159347534,-1.10510516166687,-2.358121871948242,-2.863386631011963,25.654001891228948,13.191138882123685,2.137824730362762,0.6925435416790281,3.289524398396129
2,1771108567061,1771108570149,0,-0.022949501872062683,-0.0740767002105713,-0.32704063653945925,0.595586558528528,1.3876427122755932,1.7670485756683847,1.293210506439209,2.54800796508789,2.949570655822754,-1.10510516166687,-2.4469289779663086,-3.318948268890381,29.038694492035493,13.291219751285682,2.1839301572742547,0.7652341001983035,3.4143463479475593
2,1771108568146,1771108571216,0,-0.024819540977478006,-0.006037712097167959,-0.2045653184254964,0.5540490229293096,1.387386084191231,1.843689005714303,1.0233650207519531,2.54800796508789,3.02151870727539,-1.355380296707153,-2.4469289779663086,-3.318948268890381,30.58106919055057,15.821824687496285,2.2049738385030984,0.8033696922011097,3.9112000224300787
2,1771108569213,1771108572278,0,-0.05740190347035726,0.11263092358907063,-0.34299657742182416,0.5199654901996598,1.363378431969317,2.0075461715284098,0.9026829600334167,2.3280258178710938,3.02151870727539,-1.355380296707153,-2.4469289779663086,-5.194723129272461,32.303109219527485,16.618914390604395,2.2578692284743784,1.0118676025525886,5.615772156862207
2,1771108570256,1771108573345,0,-0.08468941052754721,0.31267563501993817,-0.6695850610733032,0.5141642633674207,1.2688942021214813,1.7966931543346998,0.9026829600334167,2.3280258178710938,3.02151870727539,-1.355380296707153,-1.703521728515625,-5.194723129272461,29.643153421186096,16.61733191244405,2.0992601043257406,1.0564421773264607,5.615772156862207
2,1771108571324,1771108574418,0,-0.1650592565536499,0.2949755350748698,-0.6033271590868632,0.539098067833299,1.1759024615680016,1.6359990068894261,0.6778673529624939,2.3280258178710938,2.328547716140747,-1.1785099506378174,-1.719799518585205,-5.194723129272461,26.37383073624683,12.640117226049266,1.9404428080059675,0.9744022224488125,5.615772156862207
2,1771108572384,1771108575511,0,-0.09322871218125026,0.2865682284037272,-0.4883439819018046,0.4728670565767775,0.9299432455531755,1.496298332139244,0.6778673529624939,1.7990846633911133,2.328547716140747,-1.02944016456604,-1.719799518585205,-4.070815563201904,22.328160744871035,11.743794559421863,1.7124512655284845,0.7964574337607464,4.091258222627561
2,1771108573451,1771108576604,0,0.007212869822978973,0.21844115257263183,-0.14586228529612225,0.5141145015939775,0.9130507761880364,1.4789686373958038,0.7174655199050903,1.5509624481201172,2.523942708969116,-1.02944016456604,-1.719799518585205,-4.070815563201904,21.791376815670457,11.192451119755999,1.6655914179831675,0.6977766260897331,4.091258222627561
2,1771108574526,1771108577672,0,0.10370975385109583,0.24838177363077799,-0.15353518724441528,0.40876134114769314,0.9717982505963177,1.579402747207742,0.8685070276260376,1.5509624481201172,2.6463239192962646,-0.6166408061981201,-1.4644899368286133,-4.070815563201904,22.627274350391584,12.072544409754288,1.7282316893630745,0.7845678723809795,4.091258222627561
2,1771108575620,1771108578747,0,0.08346231778462727,0.22050070762634277,-0.11126031080881754,0.4063348320969271,1.276405175849161,1.4889199692228643,0.8685070276260376,2.230105400085449,2.6463239192962646,-0.6166408061981201,-2.147158145904541,-3.1751468181610107,24.24653673425372,12.103356944396515,1.865979409958947,0.6925069656833311,3.2799249789560156
2,1771108576712,1771108579824,0,0.044083852569262186,0.11024301846822103,-0.16163709958394368,0.4847596526229732,1.3127436548833404,1.7186280201317883,0.92972594499588,2.230105400085449,3.0454235076904297,-1.2386590242385864,-2.147158145904541,-3.1751468181610107,26.019201917389633,14.32207155053807,2.0772240777897166,0.6999517355969228,3.2799249789560156
2,1771108577781,1771108580892,0,0.012839191655317946,-0.058146985371907565,-0.04151114622751869,0.46669182466445547,1.4499906983232904,1.6816607707794762,0.92972594499588,2.230105400085449,3.0454235076904297,-1.2386590242385864,-2.307248592376709,-3.1751468181610107,25.796355531376506,14.67936524780708,2.093379555996852,0.7876283373542855,3.298681183836782
2,1771108578848,1771108581959,0,-0.012651901940504707,0.00123251279195149,-0.07742493947347005,0.5444850677461894,1.4683001071526536,1.747787782566406,0.92972594499588,2.406400680541992,3.0454235076904297,-1.2386590242385864,-2.659139633178711,-3.1641077995300293,28.262135578658768,14.88537325594279,2.167562454691198,0.8081841064849922,3.298681183836782
2,1771108579932,1771108583020,0,0.08685579746961594,0.19765578905741374,-0.4974522074063619,0.5256506940263438,1.493931218378448,1.8667822589272192,0.990891695022583,2.406400680541992,2.9160938262939453,-0.972238302230835,-2.659139633178711,-3.927050828933716,29.821291678709578,13.013088532358559,2.281928780876699,0.9541846744171554,4.0975526192659055
2,1771108581000,1771108584070,0,0.1358516901731491,0.2089673360188802,-0.4310035546620687,0.5626727084056223,1.3325239825017758,1.808190712716674,1.182850360870361,2.406400680541992,2.733422040939331,-0.972238302230835,-2.659139633178711,-3.927050828933716,28.20362722646367,12.10938268728819,2.1305915465818646,0.9603422537268095,4.0975526192659055
2,1771108582064,1771108585145,0,0.13243467112382254,0.2525144259134928,-0.5570114811261495,0.5659435499784995,1.2246467428912475,1.8117110448661893,1.182850360870361,2.1230297088623047,2.733422040939331,-0.8527745604515076,-1.6816015243530271,-3.927050828933716,25.37639190330266,11.473641592791997,2.0729852241260525,1.0305172267999936,4.221513315931923
2,1771108583148,1771108586215,0,0.053406230608622235,0.15756117502848307,-0.46010316610336305,0.5151966576868772,1.1343993101610081,1.7640169370310423,1.182850360870361,2.0408945083618164,3.2539584636688232,-0.8527745604515076,-1.6331911087036133,-4.239611625671387,23.996763617180047,10.215575373596542,1.9218070899281345,1.0444964908997143,4.553231397384618
2,1771108584184,1771108587275,0,0.026606024553378436,0.3238332748413086,-0.5180912693341573,0.4626795933965789,1.0744327296303922,1.670739411059044,0.8475669622421265,2.0408945083618164,3.2539584636688232,-0.8527745604515076,-1.4242401123046875,-4.239611625671387,22.108562807926134,10.969365179025594,1.846597387489593,1.0095710199007593,4.553231397384618
2,1771108585254,1771108588333,0,0.03701921577254931,0.2849333127339681,-0.46827555100123086,0.40694027141412403,0.9928108450517444,1.543384868630781,0.7745156288146973,1.8532781600952148,3.2539584636688232,-0.5878714323043823,-1.7122745513916016,-4.239611625671387,20.557452160565386,9.897160596701683,1.7389715114334796,0.8469118832298089,4.553231397384618
2,1771108586322,1771108589401,0,0.07695073857903481,0.21862099965413412,-0.04140911102294923,0.47974981511165943,1.0924014937557325,1.2293701717510765,1.126636028289795,2.0492048263549805,2.1884520053863525,-0.5878714323043823,-1.7122745513916016,-2.269272327423096,20.00110744214481,8.150074152110053,1.624525118398142,0.5119667372841389,2.631148327987945
2,1771108587381,1771108590460,0,0.17662762651840846,0.07874253590901695,0.025615652402241996,0.5598001488513102,1.224110111999175,1.4860971560924958,1.325730562210083,2.0492048263549805,3.337958812713623,-0.980588436126709,-2.381154060363769,-2.76009464263916,23.22990301473948,10.53495129313462,1.847055711332302,0.7282965805379202,3.7319086851902865
2,1771108588440,1771108591544,0,0.2190748155117035,-0.03528593381245931,0.037952788670857746,0.5632071614119423,1.2835051049467787,1.5370297593240583,1.325730562210083,2.635723114013672,3.337958812713623,-0.980588436126709,-2.381154060363769,-2.842066526412964,24.618797426620016,10.399675897006984,1.905827485420834,0.7887008649970638,3.7319086851902865
2,1771108589508,1771108592603,0,0.13093934853871664,0.05529294013977053,-0.01552818218866984,0.5539737657124085,1.3048853271845513,1.7305177161085734,1.325730562210083,2.635723114013672,3.337958812713623,-0.980588436126709,-2.381154060363769,-2.842066526412964,25.708871603646042,13.355988473438414,2.0435453155647827,0.83986462291681,3.7319086851902865
2,1771108590567,1771108593670,0,-0.010728342334429427,0.18401829401652017,-0.5149098674456278,0.4342243855829167,1.3418201599944588,1.6573945801890733,0.8591024875640869,2.635723114013672,2.731273889541626,-0.6502189636230469,-1.8387665748596191,-3.1044368743896484,23.762640850859245,12.39541497718546,2.0949936566578007,0.7106826985998752,3.5958961210676783
2,1771108591652,1771108594747,0,-0.010834149519602458,0.21460976600646972,-0.296678618590037,0.5131223059089057,1.271461292668812,1.9014314739199487,0.8591024875640869,2.184943199157715,3.041775703430176,-0.9527161121368408,-1.8387665748596191,-3.5683164596557617,25.215117012145665,14.094252892521702,2.222012159648361,0.7256577512145754,3.707117420388057
2,1771108592711,1771108595813,0,-0.006963568925857544,0.05207718213399251,-0.2433154582977295,0.5335542580520611,1.2626194043453727,1.6952664645046471,0.8499066233634949,2.184943199157715,3.041775703430176,-1.320939064025879,-1.84149169921875,-3.5683164596557617,22.680298168521016,11.791338524661358,2.036597072578467,0.725371046206382,3.707117420388057
2,1771108593779,1771108596881,0,-0.03933421969413757,0.051157887776692695,0.03201224803924561,0.5424628484023166,1.2688086039547737,1.6455965120586085,0.8499066233634949,2.2818918228149414,3.579787254333496,-1.320939064025879,-1.84149169921875,-3.5683164596557617,23.661466771364562,12.616330426682593,1.9580958521160603,0.8069362156616532,3.707117420388057
2,1771108594855,1771108597935,0,-0.07097496291001638,0.019474919637044254,0.13759125471115113,0.583406886817828,1.3020185882057373,1.4551508989959012,1.0123076438903809,2.2818918228149414,3.579787254333496,-1.6356090307235718,-2.2177553176879883,-2.5447094440460205,23.710407326295357,10.664677637757656,1.8626688833520242,0.7675241225498785,3.6737495050300586
2,1771108595922,1771108598992,0,-0.04075947304566703,-0.0631895383199056,-0.13199394543965656,0.6096710039086995,1.2693747582661297,1.8103580846830525,1.0384385585784912,2.2818918228149414,3.579787254333496,-1.6356090307235718,-2.2177553176879883,-3.52186918258667,28.738616561731796,13.46987347306116,2.1077178071869547,0.8298293076537476,3.6737495050300586
2,1771108596982,1771108600060,0,-0.04703575472036998,-0.14781710306803386,-0.34168214003245034,0.6536572310446067,1.0862586103415273,1.6747769262561383,1.0384385585784912,1.9402523040771484,3.4613308906555176,-1.6356090307235718,-2.2177553176879883,-3.52186918258667,26.403207136571858,14.476594403156613,1.943733266179382,0.8058470292112823,3.6540004329956104
2,1771108598034,1771108601153,0,-0.08613422314325968,-0.12015050252278646,-0.34432678620020546,0.5527708588318792,0.8831134731695902,1.5025072935151582,1.0384385585784912,1.9402523040771484,2.804687023162842,-0.9715233445167542,-1.559800148010254,-3.52186918258667,22.631977150106064,14.741147864245942,1.6489010886588227,0.8219502497132355,3.6540004329956104
2,1771108599154,1771108602196,0,-0.1510814517736435,-0.04871891339619954,-0.2519305467605591,0.46753656698293095,0.9071184641029855,1.4360427465767307,0.8758771419525146,1.3885602951049805,3.795065402984619,-0.9715233445167542,-1.9927387237548828,-3.1662628650665283,19.642548047961206,10.647938404384597,1.5576240615523433,0.8279759926487321,3.850717477949172
2,1771108600174,1771108603280,0,-0.058681748310724896,0.1127586841583252,-0.13661134640375774,0.4733931535050419,0.9429218799821467,1.679970884342593,1.0804287195205688,1.7852468490600586,3.795065402984619,-0.8766782879829407,-1.9927387237548828,-3.220577955245972,22.513254194901908,10.708554791317813,1.757871153725578,0.8802612227988662,3.850717477949172
2,1771108601245,1771108604365,0,0.082351553440094,0.16965575218200685,-0.1860588033994039,0.4457152649445144,0.9730988242884544,1.7323285134897874,1.0804287195205688,1.7852468490600586,3.795065402984619,-0.7009502649307251,-1.9927387237548828,-3.220577955245972,21.66144180600741,11.16663890939896,1.8171962205696857,0.8961457363939259,3.850717477949172
2,1771108602304,1771108605449,0,0.11894815862178802,0.2531182607014974,-0.3933175484339396,0.4038004619554513,1.050513186916458,1.5132314162086928,1.0804287195205688,2.08987808227539,2.8927981853485107,-0.6450300216674805,-1.5814390182495115,-3.601566791534424,21.236644326579253,13.185257538856666,1.7043960386306212,0.890119542984466,3.8723913445113807
2,1771108603389,1771108606525,0,-0.009880262613296505,0.11815705299377438,-0.32428527673085533,0.399315253733918,1.223678550159819,1.5335473319407384,0.7534623146057129,2.08987808227539,3.079225778579712,-0.7909331321716309,-2.0865206718444824,-3.601566791534424,21.537238318310195,13.871225626922968,1.7830962819947798,0.9180806108291325,3.8723913445113807
2,1771108604473,1771108607584,0,-0.14891502360502878,0.1876749833424886,-0.6288265864054362,0.46269844214353617,1.4163253932811735,1.5701470595359404,0.739819347858429,2.640731811523437,3.079225778579712,-1.1842875480651855,-2.354106903076172,-3.601566791534424,25.620741170607307,13.500308070545804,2.0362328418524323,0.9298634797042511,3.8723913445113807
2,1771108605557,1771108608652,0,-0.17756037414073944,0.01922663052876792,-0.6024915854136149,0.4638927730375936,1.3094706845454622,1.7506200287094553,0.739819347858429,2.640731811523437,3.079225778579712,-1.1842875480651855,-2.354106903076172,-3.712781429290772,25.00888216240158,12.138919394723098,2.055573321159075,1.015877179813146,4.025092347724362
2,1771108606633,1771108609737,0,-0.14221015671888987,0.09637908935546874,-0.4739905873934428,0.46931696126672173,1.1345700758542245,1.567668191073476,0.739819347858429,2.640731811523437,2.0617849826812744,-1.1842875480651855,-2.354106903076172,-3.712781429290772,23.754908664093897,12.057455562103753,1.7738492308248546,0.9864042105774323,4.025092347724362
2,1771108607693,1771108610804,0,-0.1530432830254237,0.1452480951944987,-0.4801316221555074,0.5078831324603339,0.9692057822113087,1.7287904450692124,0.9096577167510986,2.326411247253418,2.376554489135742,-1.4593464136123655,-1.2361421585083008,-3.88283896446228,23.21188636630624,12.484255459335984,1.7967815613469316,1.0633920000561374,4.172728346113241
2,1771108608761,1771108611873,0,-0.1731238692998886,0.31235790252685547,-0.37621690034866334,0.5077599921525179,1.0404209347347866,1.518410360272043,0.9096577167510986,2.326411247253418,2.376554489135742,-1.4593464136123655,-1.4816980361938477,-3.88283896446228,22.305530984887177,11.737020035934222,1.767394703575836,0.832361538290263,4.172728346113241
2,1771108609845,1771108612940,0,-0.06396028995513917,0.2554529825846354,-0.23906371593475342,0.5953871247683288,0.995252241795332,1.4784870688720433,1.2444181442260742,2.326411247253418,2.376554489135742,-1.4593464136123655,-1.4816980361938477,-3.88283896446228,20.08275333551737,10.308041149621635,1.6802714159732546,0.8608890018387343,4.172728346113241
2,1771108610905,1771108614054,0,-0.1270383616288503,0.1222352663675944,-0.13549046913782756,0.5336230167239788,1.0923099082421857,1.1541393411157452,1.2444181442260742,2.0964975357055664,1.8693530559539795,-1.2311885356903076,-1.6113643646240234,-1.96269965171814,17.438022914431254,9.304154949282042,1.5632607786432342,0.5770806014706034,2.921254156990681
2,1771108611980,1771108615075,0,-0.10391649107138316,0.0519070307413737,0.02743112643559773,0.5342786271775641,0.8635253991231396,1.0272838749772442,1.2444181442260742,1.9979228973388672,1.8530933856964111,-1.2311885356903076,-1.6113643646240234,-1.96269965171814,14.600404359319946,8.063593372899483,1.298586318073839,0.597246163196452,2.921254156990681
2,1771108613050,1771108616140,0,-0.20557868778705596,-0.08554549217224121,-0.32215100129445395,0.4368269525642206,1.0944839754284548,1.1272364554165368,0.6503653526306152,1.9979228973388672,1.8530933856964111,-1.2311885356903076,-2.133908271789551,-2.8041534423828125,15.803842810593528,8.49276606790046,1.496271622554989,0.7085163808039661,2.921254156990681
2,1771108614144,1771108617210,0,-0.04177247583866116,-0.03600912094116211,-0.11148178974787394,0.8519034708104192,1.152061150681699,1.30200273362285,3.8528876304626474,2.581658363342285,4.043756008148193,-1.1021606922149658,-2.268211841583252,-2.8041534423828125,19.39194735193846,15.207633592715402,1.5926239916565093,1.0678406955947648,5.701265423748353
2,1771108615184,1771108618297,0,-0.0275056938330332,-0.10644906361897787,0.15208208163579304,0.879982271158481,1.2108397008979375,1.4408051657537722,3.8528876304626474,2.581658363342285,4.043756008148193,-1.210873246192932,-2.268211841583252,-2.8041534423828125,23.381882656600602,20.636179289245177,1.766607410344479,1.0603458697013501,5.701265423748353
2,1771108616243,1771108619371,0,0.08819348961114887,0.07535510063171387,0.31757736603418985,0.8758845667066074,1.1729976426105349,1.3992194056735792,3.8528876304626474,2.581658363342285,4.043756008148193,-1.210873246192932,-2.268211841583252,-1.617068648338318,22.783341501222704,21.325557308971344,1.7452665774424838,1.0335267154810917,5.701265423748353
2,1771108617319,1771108620447,0,0.19035369803508123,-0.06932153701782226,0.3613258719444275,0.49181558185086766,0.9541660671131719,1.2595861508138415,1.0058611631393433,1.5993671417236328,2.829756021499634,-1.210873246192932,-1.5956144332885742,-1.5406558513641355,19.411105837016475,18.03486311542409,1.5308182230555345,0.7015516720967916,2.9903728889543797
2,1771108618403,1771108621514,0,0.1607680266102155,0.1350711981455485,-0.39208863576253256,0.46014702353475734,1.021360931571914,1.5996658795591554,1.0058611631393433,1.622065544128418,2.829756021499634,-0.4940539896488189,-1.6600909233093262,-4.4448065757751465,18.664793578735743,10.503038523320082,1.7469486873418016,0.9281297020341713,4.5613659222915475
2,1771108619479,1771108622591,0,0.07696786969900131,0.08790313402811686,-0.3141256014506022,0.46028481971099466,0.9997151275865231,1.6034130302401268,1.0058611631393433,1.629899978637695,2.829756021499634,-0.7345737218856812,-1.926227569580078,-4.4448065757751465,21.779315654399376,10.760952909647775,1.706438788204095,0.9413183199138431,4.5613659222915475
2,1771108620554,1771108623658,0,-0.09864475627740224,0.007663647333780923,-0.5061754902203878,0.403286818439461,1.1836707087998088,1.7201129793645384,0.5761823654174805,1.629899978637695,2.872153043746948,-0.7551718950271606,-2.2698793411254883,-4.4448065757751465,23.93468533172071,11.753859274040007,1.9498190457461653,0.9299410026894708,4.5613659222915475
2,1771108621623,1771108624742,0,-0.05711394051710764,-0.2895621458689372,0.006655553976694698,0.46135347964112544,1.2277041463531861,1.658136145899639,0.7410342693328857,1.629899978637695,3.794626474380493,-0.9488171935081482,-2.2698793411254883,-3.5703845024108887,24.99955234533983,13.348594001876286,1.93067406166755,0.8388330475439927,3.8771035496369928
2,1771108622699,1771108625810,0,-0.03584038366874059,-0.16463513374328614,-0.16386264562606812,0.49349811862143095,1.4387869996890854,1.7360630192282698,0.7410342693328857,2.979604721069336,3.794626474380493,-1.3026716709136963,-2.2698793411254883,-3.5703845024108887,23.93553714521339,14.465608260310095,2.1162127492421248,0.8671365578057331,3.8771035496369928
2,1771108623766,1771108626878,0,-0.00045019487539927163,0.08659853935241699,-0.31262466112772624,0.557008576017916,1.3942267059213653,1.5346158693948206,1.172214150428772,2.979604721069336,3.794626474380493,-1.3026716709136963,-2.1790366172790527,-3.5703845024108887,22.72183758892989,12.424148010481177,1.968695444755666,0.8417994137162,3.8771035496369928
2,1771108624851,1771108627933,0,-0.11349750260512034,0.2953937848409017,-0.4917008876800537,0.5898548560878663,1.3126180153798883,1.5889566294626416,1.172214150428772,2.979604721069336,2.658285856246948,-1.512176275253296,-1.938399314880371,-4.475945472717285,24.125293490589254,14.151612771298186,1.9514648500429153,1.0049099718883736,4.846029606901778
2,1771108625912,1771108628996,0,-0.08931265771389008,0.20587444305419922,-0.2510508815447489,0.6356368851875767,0.956549897252931,1.5422205118431231,1.3000702857971191,2.0373334884643555,2.658285856246948,-1.512176275253296,-1.4028329849243164,-4.475945472717285,22.423133330052767,13.05372286432376,1.6969377309567173,0.9142589501373485,4.846029606901778
2,1771108626978,1771108630068,0,-0.0609031875928243,0.10019130706787108,0.10944186846415202,0.5795163250046853,0.8424184765491404,1.6590464851254623,1.3000702857971191,2.0373334884643555,2.922332525253296,-1.512176275253296,-1.4028329849243164,-4.475945472717285,23.370722564109254,14.2364592013945,1.6522001075409016,1.0003301250905947,4.846029606901778
2,1771108628075,1771108631175,0,0.06740422062575817,0.10907042821248372,0.23157638708750408,0.5503174503264644,0.6689426264969865,1.1939463908913848,1.3000702857971191,1.3202457427978516,2.922332525253296,-0.8244980573654175,-1.1327667236328125,-2.6807456016540527,19.25421114513257,9.886132807937942,1.351630147718504,0.5986853887142591,3.1154047791060004
2,1771108629138,1771108632200,0,0.1363189544528723,0.11832898457845052,0.288242240746816,0.5822676544489849,0.7781302870305297,1.4506369592632615,1.1646976470947266,1.6683597564697266,2.922332525253296,-1.2082914113998413,-1.3778705596923828,-2.6807456016540527,22.919718503009314,13.46250058107475,1.56518937592018,0.7963871223116623,3.1154047791060004
2,1771108630171,1771108633259,0,0.16383640579879283,0.24378735224405926,0.17416841983795167,0.565977936019117,0.994189768183619,1.5499669737636657,1.1646976470947266,2.172682762145996,2.8256468772888184,-1.2082914113998413,-1.3778705596923828,-2.363201141357422,23.947268127571594,13.566786411767449,1.7610006386835808,0.7897554647840139,2.9750705298138587
2,1771108631233,1771108634327,0,0.09193124805266659,0.4154998779296875,-0.06705085833867391,0.5066121148362446,1.1778429076547254,1.6429946179759827,1.0713491439819336,2.963602066040039,2.8256468772888184,-1.2082914113998413,-1.3778705596923828,-2.940591335296631,23.98525973224638,14.514063257958393,1.912836057245254,0.8661845991753512,4.175137028468658
2,1771108632300,1771108635411,0,0.012103410903364423,0.3955813407897949,-0.3888604402542114,0.3662900571959776,1.2608951854560801,1.5613547710666396,0.8458426594734192,2.963602066040039,2.8256468772888184,-0.5497154593467712,-1.2285442352294922,-3.252884149551392,22.978631150664494,13.560828250827935,1.8894371057527626,0.8872640771110893,4.175137028468658
2,1771108633369,1771108636495,0,-0.08131173020228744,0.45345083872477215,-0.7015469392140706,0.4401797643115547,1.208045690820972,1.7466035499448067,0.9962857365608216,2.9691553115844727,2.527604579925537,-0.8402711749076843,-1.206883430480957,-4.76061487197876,24.448565158184692,15.552958614853733,1.9878794248773224,1.1595320629411816,4.936838908272977
2,1771108634435,1771108637562,0,-0.1272593433658282,0.1593972365061442,-0.5912140568097433,0.5060346033157135,1.2708511815772818,1.9364416628452539,0.9962857365608216,2.9691553115844727,2.527604579925537,-1.1310540437698364,-1.9853944778442385,-4.76061487197876,27.905556924726696,14.433177626323792,2.1930480812105073,1.0248222643469296,4.936838908272977
2,1771108635520,1771108638638,0,-0.0593767041961352,0.1529903252919515,-0.45122361183166504,0.5381179234980707,1.5255920291413363,1.8881037061021497,0.9962857365608216,2.9691553115844727,3.1853182315826416,-1.1310540437698364,-2.069857597351074,-4.76061487197876,31.32004595377386,19.109768692690473,2.288816542428665,1.000547871356777,4.936838908272977
2,1771108636603,1771108639715,0,-0.06793466738114755,-0.0677814324696859,-0.20840965906778972,0.4816124116132216,1.543785236663137,1.6816502163003735,0.8398531079292297,2.964950561523437,3.1853182315826416,-1.1310540437698364,-2.713320732116699,-3.352372646331787,30.861850740805668,18.20784955624248,2.155336025532071,0.8318461639942312,3.801213897550539
2,1771108637671,1771108640791,0,0.08609298809121053,-0.02364122072855633,-0.10306118726730347,0.5948214616301445,1.5830020203293202,1.5660697261168064,1.5810397863388062,2.964950561523437,3.1853182315826416,-1.71798574924469,-2.713320732116699,-3.209486961364746,31.723243740160246,19.4845282955209,2.1012246932006016,0.8741420915872353,3.801213897550539
2,1771108638747,1771108641849,0,-0.0437703267360727,-0.0902433713277181,-0.09378081162770589,0.6429061589942142,1.47425800327453,1.5691718021065895,1.5810397863388062,2.728384017944336,2.7551965713500977,-1.71798574924469,-2.713320732116699,-3.209486961364746,28.86862806541068,15.187226469300981,2.0376566974178782,0.8794038113009763,3.6843827516637537
2,1771108639822,1771108642917,0,-0.062042806297540665,-0.11582307815551755,-0.17547545035680134,0.6861176068002398,1.490988519364906,1.5480848905384343,1.5810397863388062,2.728384017944336,2.6877925395965576,-1.71798574924469,-2.0501742362976074,-2.7645926475524902,27.150695423446287,14.936303345272936,2.0930470588919694,0.7798553377937196,3.629021176734518
2,1771108640899,1771108643984,0,-0.12576330403486888,-0.1725234190622965,-0.17885570526123046,0.5359563370520571,1.2802028899787883,1.5775994525859043,1.0362701416015625,2.728384017944336,2.6877925395965576,-1.1213078498840332,-2.046850204467773,-2.7645926475524902,24.370959228054524,12.909517879168456,1.922360497350268,0.819959586209457,3.629021176734518
2,1771108641957,1771108645060,0,-0.10161765366792679,-0.28943843841552735,-0.26249447266260784,0.5399058020532428,1.0745728755926158,1.4691158181083748,1.0362701416015625,2.066274642944336,2.365206241607666,-1.1245061159133911,-2.046850204467773,-2.7645926475524902,22.686350693657236,12.285885253919432,1.7653513554452132,0.7410813929934404,3.629021176734518
2,1771108643025,1771108646173,0,-0.0178950717051824,-0.3817890644073486,0.033116587003072115,0.5269264133929094,0.8385262619079933,1.2455090333216556,1.1287596225738523,1.3112306594848633,2.365206241607666,-1.1245061159133911,-1.712247371673584,-2.363700151443481,20.86278526675147,11.16419338797582,1.482410869112081,0.64109764675659,2.813681333355215
2,1771108644171,1771108647203,0,0.006769913683334972,-0.31892825762430826,0.18399341503779093,0.6729088428352047,0.7808022309841054,1.0193979144750778,1.3633102178573608,1.3112306594848633,2.2705271244049072,-1.1245061159133911,-1.712247371673584,-1.8886890411376955,20.549201921804276,11.348230243922,1.3737859044685612,0.5381031070195667,2.813681333355215
2,1771108645207,1771108648272,0,0.028112412368257827,-0.178515354792277,0.15015052954355876,0.6898327229912616,0.7351260227504258,0.9796921161879641,1.3633102178573608,1.468245506286621,2.17002534866333,-1.0412362813949585,-1.712247371673584,-2.644322395324707,19.30816347822783,9.133081732911016,1.2894600971502157,0.5595898497780047,2.7213891795412337
2,1771108646236,1771108649356,0,0.0867549969504277,-0.12815345128377278,0.23378691673278806,0.704360181459879,0.6434102189475247,1.0386288296466362,1.3633102178573608,1.468245506286621,2.13992691040039,-1.0412362813949585,-1.1768732070922852,-2.644322395324707,17.846201904669133,10.33718088778192,1.2899822616444194,0.5905345186563857,2.7213891795412337
2,1771108647305,1771108650415,0,0.1377634226034085,0.03733444213867187,0.1302764058113098,0.5461808674235177,0.8337023834908222,1.085535433380144,1.1075820922851562,1.8014278411865234,2.2096364498138428,-0.9922500252723694,-1.1768732070922852,-2.644322395324707,19.114428284416327,16.14641639311703,1.2935558215278868,0.6923918575622242,2.7213891795412337
2,1771108648381,1771108651483,0,0.19472676813602446,0.0900396982828776,0.22079617579778035,0.3968597480302707,0.8511850716950149,1.049274949665373,1.0939664840698242,1.8014278411865234,2.2096364498138428,-0.9444704055786132,-1.3804922103881836,-1.9699265956878664,18.596034730341156,15.904354480663374,1.2684148385211231,0.6455088576899836,2.5624315092213497
2,1771108649456,1771108652542,0,0.13139535784721373,0.13780018488566081,0.10935845375061035,0.36318721385886293,1.004561406978728,1.1536989970858131,0.8872941732406616,1.8014278411865234,2.508663415908813,-0.8853704333305359,-1.863459587097168,-2.237833261489868,21.59757063986476,16.428530771794545,1.3928441116205097,0.7176584050360745,2.906501761344814
2,1771108650517,1771108653617,0,0.15423422331611317,-0.0240936279296875,0.2267017642656962,0.3879879461144403,0.9404154221590213,1.1084455875044643,1.0227808952331543,1.3591632843017578,2.508663415908813,-0.8853704333305359,-1.863459587097168,-2.237833261489868,18.26340872710041,10.19451864526505,1.3731561752950472,0.6255918786190595,2.906501761344814
2,1771108651592,1771108654685,0,0.04198444982369741,-0.049857012430826825,0.28077292839686074,0.5021644190247507,0.9996576272293336,1.1096373922600633,1.0227808952331543,1.5226402282714844,2.508663415908813,-0.9406801462173462,-1.863459587097168,-2.237833261489868,22.273532353112085,19.098007693491898,1.4624716470255612,0.5967834746885087,2.906501761344814
2,1771108652651,1771108655754,0,-0.03895214659472305,-0.08318109512329101,0.11739547650019327,0.4767481596438026,0.9461545946533687,1.040865988380957,1.0227808952331543,1.8049516677856443,2.0624325275421143,-0.9406801462173462,-1.765542984008789,-2.2032887935638428,21.80308266037866,18.60548274207093,1.3599123786978715,0.5619170425370148,2.858757555533184
2,1771108653718,1771108656829,0,-0.05454225429954627,-0.01519659360249838,0.0017963846524556627,0.47236700308157786,0.977465992905089,1.078655614434905,0.743330717086792,1.8049516677856443,2.0624325275421143,-0.9406801462173462,-1.765542984008789,-2.2032887935638428,21.930214312240643,18.756281886301664,1.3935963093369104,0.5799206474418824,2.858757555533184
2,1771108654787,1771108657892,0,0.030657684166605283,-0.03637537956237793,0.1645996689796448,0.4563550197977863,1.024894497901463,1.3434052041974158,0.9190099835395812,2.0010881423950195,3.5188801288604736,-0.7686789035797119,-1.7207159996032717,-2.2032887935638428,20.809850652786118,13.115193306271696,1.5398657533450997,0.8005141971484371,3.6854875466821797
2,1771108655862,1771108658964,0,0.07191097399530312,0.0551143487294515,0.2764082511266073,0.49345382308849023,0.9734737864419979,1.473240382941413,0.9190099835395812,2.0010881423950195,3.5188801288604736,-0.9111852645874025,-1.7207159996032717,-3.2604990005493164,21.78326518146253,13.747547712427004,1.6460926162113718,0.8037766525578297,3.6854875466821797
2,1771108656938,1771108660023,0,0.07262777922054132,0.04314883550008138,0.4110350211461385,0.489837266526684,1.0090617026331123,1.546264894712216,0.9190099835395812,2.0010881423950195,3.5188801288604736,-0.9111852645874025,-1.595606803894043,-3.2604990005493164,23.6809965978376,13.1984376470836,1.7416881191196023,0.8325619286878057,3.6854875466821797
2,1771108657997,1771108661159,0,0.06285370582093795,0.15312840143839518,0.3520863850911458,0.5030062249317366,0.9474780699257511,1.323152030576499,0.7606388330459595,1.7506723403930664,2.528712511062622,-0.9111852645874025,-1.4154367446899414,-3.2604990005493164,20.969487082631986,9.76909143356038,1.5866278990837666,0.6736837775243298,3.33623579912615
2,1771108659073,1771108662174,0,0.13934647431597114,0.12700220743815105,0.06383584340413412,0.44522104795491524,0.9869509320092398,1.1796823239081802,0.7606388330459595,1.7506723403930664,2.528712511062622,-0.823772132396698,-1.4154367446899414,-2.121439218521118,18.643453506666976,6.900467072630462,1.485351192756253,0.5679667442188605,2.771237889831793
2,1771108660139,1771108663234,0,-0.02611460397019982,0.22926712036132812,-0.2269387165705363,0.560928922224633,1.0464907450947367,1.2841842200666587,1.042335033416748,1.7281808853149414,2.4798426628112797,-1.0952214002609253,-1.560628890991211,-2.2137551307678223,20.880336915364726,8.438764535688572,1.6550174112604294,0.5777006199377113,2.8305850197186944
2,1771108661215,1771108664301,0,-0.011239227559417485,0.07074511845906575,-0.568669597307841,0.5370539794613349,1.0666375610813412,1.3276760577481113,1.042335033416748,1.578660011291504,2.4798426628112797,-1.0952214002609253,-2.218382835388184,-2.509175062179565,22.23561251523908,9.589436196629421,1.7214353936506157,0.6805783445976422,2.8305850197186944
2,1771108662276,1771108665369,0,-0.08739340851704279,-0.038542366027832044,-0.2615349253018697,0.5883451309716782,0.9784602895358288,1.4080397298236618,1.1187461614608765,1.578660011291504,2.4798426628112797,-1.0952214002609253,-2.218382835388184,-2.509175062179565,21.81025328128093,9.781970018973436,1.6440420110091696,0.7551361398491434,2.8305850197186944
2,1771108663364,1771108666437,0,-0.014471413691838592,-0.09557689030965169,-0.3042226513226827,0.5113599828199394,0.7796744416975255,1.2872898864020403,1.1187461614608765,1.284616470336914,2.194333076477051,-0.8773422837257385,-2.218382835388184,-2.509175062179565,18.537829936015477,9.310423236727663,1.4278992235805104,0.7229820148908538,2.8291842788987176
2,1771108664402,1771108667505,0,0.008626727759838098,0.0312074343363444,-0.18188345034917194,0.5766393890508846,0.7395147180350181,1.1784812900247104,1.1187461614608765,1.291635513305664,2.194333076477051,-1.4243320226669312,-1.4764785766601562,-2.748648405075073,16.620132504161077,8.027719821707818,1.3273033387136315,0.6935678446312116,3.2617437338741473
2,1771108665471,1771108668567,0,0.02723579357067742,0.1876712958017985,-0.2450600783030192,0.6340558141604664,0.9419896178722789,1.260123228434929,1.3671019077301023,1.755537033081055,2.263265609741211,-1.4243320226669312,-2.2829508781433105,-2.748648405075073,21.720991615764767,11.757667517335046,1.5435434602039673,0.7154906971372015,3.2617437338741473
2,1771108666546,1771108669632,0,0.08244601537783941,0.21554036140441896,0.13339869181315106,0.6529090937719578,0.8989328113791129,1.4237109205313099,1.3671019077301023,1.755537033081055,3.1975865364074707,-1.4243320226669312,-2.2829508781433105,-2.748648405075073,24.10673572319312,11.198843213440016,1.6211998468252673,0.7847954406282981,3.474816615319497
2,1771108667613,1771108670708,0,0.027787365174541855,0.2661671797434489,0.29392271836598716,0.6236283558616662,0.8314370148103709,1.5654833251381677,1.3671019077301023,1.755537033081055,4.085293769836426,-1.0868009328842163,-2.2829508781433105,-2.572632074356079,26.17963139578986,12.200890503362356,1.6863938583255573,0.8674119484813887,4.091143806858321
2,1771108668673,1771108671767,0,0.0723343614799281,0.19410444895426432,0.38923852841059364,0.5255130416056937,0.779577751915872,1.4377327607607833,1.253233790397644,1.6856889724731443,4.085293769836426,-1.0868009328842163,-1.7462997436523438,-2.4634175300598145,21.45263166428493,11.471496324132033,1.534750941133954,0.8458233286641628,4.091143806858321
2,1771108669741,1771108672836,0,0.05696416140223543,0.2524462064107259,0.30052573680877687,0.589726142833149,0.85783646552064,1.1400336665639912,1.7152307033538818,1.7127037048339844,4.085293769836426,-1.0868009328842163,-1.7462997436523438,-1.6649208068847656,18.75092510206121,10.635845423396415,1.375163622431607,0.7679623167774883,4.091143806858321
2,1771108670817,1771108673887,0,0.12185985073447228,0.15715586344401042,0.3091347734133402,0.5563485815095985,0.9316501737576521,0.9354485364636427,1.7152307033538818,1.7127037048339844,2.825131416320801,-0.9558207988739014,-2.0325965881347656,-1.1819124221801758,17.79518915005534,7.66693648429703,1.3265969093147116,0.609743162370334,2.8574512371266803
2,1771108671876,1771108674946,0,-0.005583418905735016,0.0993196169535319,0.07264007329940796,0.5628128339314049,0.8723396283811271,1.0129612106421957,1.7152307033538818,1.7127037048339844,2.825131416320801,-0.9558207988739014,-2.0325965881347656,-1.7685734033584597,17.9307161950722,7.237304212336386,1.3084860884908731,0.5902079592436531,2.8574512371266803
2,1771108672935,1771108676021,0,-0.03703286076585452,-0.12191076278686523,-0.1693100372950236,0.4829008113317024,0.8895406797877039,1.12221229869741,0.8990078568458557,1.4132051467895508,2.825131416320801,-1.1724809408187866,-2.0325965881347656,-3.006021499633789,18.079407768200962,7.342261794532083,1.3719032962726307,0.6190838202373079,3.227444563232276
2,1771108673995,1771108677144,0,-0.05188534216334422,-0.04367850621541341,-0.3912091930707296,0.530023049671132,0.8226148697183917,1.039018151210729,0.9862642288208008,1.23077392578125,1.3019533157348633,-1.1724809408187866,-1.517486572265625,-3.006021499633789,17.051595767305955,7.785586183037456,1.350322799894328,0.5603680741306576,3.227444563232276
2,1771108675053,1771108678166,0,0.015284759737551213,0.004972457885742183,-0.306087319056193,0.5577200100531459,0.716974081517244,1.053589542566911,0.9862642288208008,1.0900583267211914,1.3019533157348633,-1.1724809408187866,-1.4299068450927734,-3.006021499633789,17.860503117323994,9.86455869241266,1.2872044356931909,0.5641916023080122,3.227444563232276
2,1771108676175,1771108679240,0,0.032976593884329004,0.09396642049153645,-0.025710145632425945,0.5245445360775862,0.7123498767424395,1.0321686293898988,0.9862642288208008,1.5594110488891602,1.9596672058105469,-0.7915802597999573,-1.067662239074707,-2.33508563041687,18.05280526871791,9.92816883807355,1.2479294399060197,0.4978709346929043,2.4491970831466507
2,1771108677205,1771108680310,0,-0.005487127974629402,0.06831410725911459,-0.06663324832916259,0.4886733367074875,0.9220952527591347,1.1002769270016486,0.9416175484657288,1.5594110488891602,1.9596672058105469,-0.8116781711578369,-2.932042121887207,-2.306309938430786,17.869804841484047,10.85240389405984,1.350239077264664,0.650469006699653,3.5015328119925666
2,1771108678276,1771108681375,0,-0.0655114497989416,0.18256432215372723,-0.02117653290430706,0.5370496985916869,1.0841147757427736,1.1060723025683612,1.190060019493103,2.418275833129883,1.9596672058105469,-1.272935390472412,-2.932042121887207,-2.306309938430786,17.901189966194142,10.119171255247602,1.4776987894525355,0.6838243929772382,3.5015328119925666
2,1771108679348,1771108682450,0,-0.05875312959154448,0.17612380981445314,-0.1698064645131429,0.535075925541062,1.0841932129494827,1.1316475445934993,1.190060019493103,2.418275833129883,1.885209083557129,-1.272935390472412,-2.932042121887207,-2.306309938430786,17.52570566116295,10.121414945567881,1.518020406949364,0.6511900744052741,3.5015328119925666
2,1771108680410,1771108683526,0,-0.02399584154287974,0.1617990493774414,0.10554604530334473,0.5167086463544477,0.8507658724812407,0.9984020352689138,1.190060019493103,2.418275833129883,1.885209083557129,-1.272935390472412,-1.0427560806274414,-1.9174383878707888,17.043294621136155,8.659737905887418,1.2884645991019992,0.5562473981856607,2.6900653097051044
2,1771108681484,1771108684594,0,0.06890709921717643,0.03679596583048502,0.03400603930155436,0.46888187970741846,0.7419391190345139,1.0991698337125921,0.9438467621803284,2.030057907104492,2.070241689682007,-0.9082847833633424,-1.137434005737305,-2.0016977787017822,18.251733918586584,8.95376095121457,1.250715117506725,0.6064468256201813,2.8535720611000555
2,1771108682561,1771108685687,0,0.14624129477888345,0.061676375071207684,0.14115845759709675,0.48886562595020716,0.8338187006784858,1.00487211182486,1.0741496086120603,2.030057907104492,2.070241689682007,-0.9082847833633424,-1.869379997253418,-2.0016977787017822,18.734600735699438,8.264007956464887,1.2501005469416724,0.6115911736999093,2.8535720611000555
2,1771108683635,1771108686754,0,0.154659711693724,-0.06781752904256184,0.00635608832041421,0.47110487635417403,0.9955058873490787,1.0599574291604665,1.0741496086120603,2.030057907104492,2.070241689682007,-0.9082847833633424,-1.935647964477539,-2.0016977787017822,19.664121772846094,8.700929364171172,1.3850602515637678,0.6176424755671028,2.8535720611000555
2,1771108684704,1771108687821,0,0.2569679959366719,-0.12126811345418294,0.22614784240722657,0.458345881855649,1.02198071910841,0.8643731205920958,1.3524774312973022,1.7491369247436523,2.0555241107940674,-0.4786485135555267,-1.935647964477539,-1.8696718215942385,17.143240647399928,7.300248040449658,1.3498070760832612,0.5032786557900966,2.1525534545698286
2,1771108685787,1771108688890,0,0.28478298677752417,-0.09498125712076823,0.20019150575002034,0.49446636528652327,0.8653908655251726,1.0045923330010746,1.3524774312973022,1.7491369247436523,2.0555241107940674,-0.4786485135555267,-1.935647964477539,-1.8696718215942385,17.923615291985662,7.299051589097086,1.3362194217355055,0.5387415480128661,2.204090536673952
2,1771108686855,1771108689965,0,0.15583373010158538,0.08122955958048503,0.24279223680496215,0.5436219624502185,0.7865467772578825,0.8381785976483745,1.3524774312973022,1.7491369247436523,1.7944490909576416,-0.5230607986450195,-1.5443649291992188,-1.6836841106414795,16.445443327826037,6.615332027398363,1.1868673556001397,0.5024178518527547,2.204090536673952
2,1771108687924,1771108691032,0,0.01251501192649207,0.08701375325520834,0.029119014739990234,0.46906053745540033,0.8178026659108788,1.1805064144285908,1.2483835220336914,1.4634637832641602,2.201486587524414,-0.6648479104042053,-1.908700942993164,-2.9526469707489014,18.349175632275134,8.961692134089528,1.324242853695168,0.6907946724400639,3.293530652967428
2,1771108688998,1771108692084,0,-0.06807333355148633,-0.052366415659586586,-0.2600576400756836,0.43617884910743965,0.9625950760902072,1.2437050679564536,1.24985933303833,1.898665428161621,2.201486587524414,-0.6648479104042053,-1.908700942993164,-2.9526469707489014,19.931082042359883,9.92911882917626,1.4485808097006336,0.7553089892781665,3.293530652967428
2,1771108690073,1771108693170,0,-0.0614131286740303,-0.1813616116841634,-0.410028080145518,0.7244992832422342,0.9423024755819477,1.4701559254216616,1.24985933303833,1.898665428161621,2.201486587524414,-2.410085916519165,-1.908700942993164,-3.680465698242188,23.64389159022322,10.987806699084967,1.7162593826913988,0.8596063188487898,4.504799806301452
2,1771108691171,1771108694256,0,0.03518899281819662,-0.03831173578898112,-0.15628654956817628,0.7343637430333161,0.9514560954366099,1.2977224309947715,1.24985933303833,1.898665428161621,2.039274215698242,-2.410085916519165,-1.4576377868652344,-3.680465698242188,21.218542955259657,10.514805670946963,1.5550601084876845,0.8093891938362107,4.504799806301452
2,1771108692199,1771108695312,0,-0.07785713026920954,-0.015152422587076823,0.10909743706385294,0.7461067404745468,0.8518857959167975,1.1258135836375218,1.0758087635040283,1.6656064987182615,2.23107647895813,-2.410085916519165,-1.4059562683105469,-3.680465698242188,18.14916763424625,10.501758590797404,1.377903590081193,0.7775435335474546,4.504799806301452
2,1771108693270,1771108696388,0,-0.003796298553546272,0.018329620361328125,0.24910854895909626,0.47384779668012106,0.781123195842138,0.7373034770990874,0.6847565770149231,1.6656064987182615,2.23107647895813,-1.460482478141785,-1.3376522064208984,-1.1378920078277588,14.01157809838108,6.236083575250135,1.0828028795257179,0.4795489177192085,2.3054220718787133
2,1771108694354,1771108697489,0,-0.031059254954258618,-0.16576871871948243,0.13188687165578206,0.5226706195278618,0.6237818354581791,0.8767212282154845,1.3333299160003662,0.775446891784668,2.23107647895813,-1.460482478141785,-1.392477035522461,-1.7076294422149658,14.524012257511153,6.680104584163662,1.0888520832785882,0.501862136883289,2.3054220718787133
2,1771108695421,1771108698558,0,-0.06984199906388919,-0.09725589752197265,-0.13192766507466636,0.5506594103592028,0.5953113356175368,0.9909523925902027,1.3333299160003662,1.2799787521362305,1.651843786239624,-1.1092889308929443,-1.392477035522461,-3.0207629203796387,16.37664446026662,8.759658005876213,1.1388127952782334,0.575177355173046,3.1287020715017295
2,1771108696496,1771108699624,0,-0.04836438496907553,-0.08367945353190104,-0.2666697104771932,0.5656544487065656,0.6706265855587207,1.056396637536061,1.3333299160003662,1.9900074005126955,1.651843786239624,-1.1092889308929443,-1.392477035522461,-3.0207629203796387,17.63275425640322,9.425872098593677,1.2072942847973562,0.6790339053865789,3.1287020715017295
2,1771108697589,1771108700700,0,-0.06380106210708618,0.093640931447347,-0.3688121755917867,0.517503643029977,0.6114051356856912,1.0532856223849054,0.8928025364875793,1.9900074005126955,1.4626917839050293,-1.1092889308929443,-1.0177526473999023,-3.0207629203796387,17.376544539233326,8.99078610989624,1.1696692999212142,0.6998061184523848,3.1287020715017295
2,1771108698665,1771108701750,0,-0.027088568607966112,-0.006600475311279299,-0.24036470651626587,0.45855748900412124,0.6484912913866889,1.0190064591865486,0.8928025364875793,1.9900074005126955,1.467095971107483,-1.062503218650818,-1.4708232879638672,-2.686068058013916,16.392092683629052,8.797175780834495,1.1216043752291471,0.6545121328920166,2.6928078655009577
2,1771108699724,1771108702811,0,-0.05978324562311173,-0.1447080612182617,0.1293646772702535,0.6070524435415159,0.6548029809314572,1.4311004294238676,1.3643860816955566,1.3684091567993164,3.012578248977661,-1.062503218650818,-1.5103988647460938,-2.686068058013916,18.490137314693563,10.638886689443277,1.4553083058829537,0.8348928473871465,3.280283014689772
2,1771108700809,1771108703869,0,-0.1245744377374649,-0.19080785115559895,0.17483005324999493,0.635533995504898,0.8715481778890622,1.3730016542387828,1.3643860816955566,1.675798416137695,3.012578248977661,-1.062503218650818,-2.0717897415161133,-2.3171944618225098,19.780907512375066,10.710359865533984,1.5616748435935444,0.7816929755528695,3.280283014689772
2,1771108701851,1771108704945,0,-0.13699157039324442,-0.12067842483520508,0.08699366847674052,0.586743688816528,0.9366227070165488,1.5171295317947207,1.3643860816955566,1.675798416137695,3.0980796813964844,-0.9898095726966858,-2.1190357208251958,-2.3171944618225098,20.700596661473487,11.314453616348029,1.6891080553384645,0.7836147720683975,3.280283014689772
2,1771108702917,1771108706022,0,-0.08161314809694886,-0.017882347106933594,-0.19400219321250917,0.48848533107019304,0.9322787335427805,1.2362225920292453,1.3804371356964111,1.800917625427246,3.0980796813964844,-0.9898095726966858,-2.1190357208251958,-2.380975246429444,19.91353325027737,11.404957807973185,1.437112576171036,0.7386840836818318,3.119145582197671
2,1771108703977,1771108707095,0,-0.14881611202533046,-0.07825152079264325,-0.2833977103233337,0.49733430694624375,0.809288712458526,1.2169272774906879,1.3804371356964111,1.800917625427246,3.0980796813964844,-1.3038554191589355,-2.1190357208251958,-2.380975246429444,19.63349144221645,11.462571663004045,1.3757066379297724,0.7332802693004992,3.119145582197671
2,1771108705052,1771108708175,0,-0.07259422276789944,0.02277975082397461,-0.11775492032368978,0.5580873552413016,0.7552441513483492,1.0249041382932191,1.3804371356964111,1.800917625427246,2.549224853515625,-1.3038554191589355,-1.2386131286621094,-2.380975246429444,18.016573818074395,9.551912458054924,1.2441462909357939,0.5927399783973597,2.9617082904270267
2,1771108706130,1771108709257,0,0.042551560699939726,0.19712403615315754,0.02398066918055218,0.6321912952548728,0.9167549872788703,1.141880240830608,1.4707225561141968,2.9406652450561523,4.453201770782471,-1.3038554191589355,-1.2386131286621094,-1.9959145784378047,18.93041141479606,11.054908487595041,1.3399188604672847,0.8540313316177289,4.545635593032352
2,1771108707217,1771108710324,0,0.18255426213145257,0.22759749094645182,-0.006853648026784259,0.5719693230563534,0.8436641941102466,1.1599048853592737,1.4707225561141968,2.9406652450561523,4.453201770782471,-0.8903515934944153,-1.4767980575561523,-1.9381451606750488,17.825522644777802,11.402916201894824,1.2712006310146897,0.8948378061437974,4.545635593032352
2,1771108708281,1771108711408,0,0.20473502203822136,0.12818400065104166,-0.04862162272135418,0.574627050957253,1.0243802290243815,1.3429650198574636,1.4707225561141968,2.9406652450561523,4.453201770782471,-0.787765622138977,-1.831082344055176,-2.120778083801269,19.56017266509442,11.464794386404158,1.4847851129415883,0.9824989631623905,4.545635593032352
2,1771108709365,1771108712492,0,0.028778910388549166,0.1152784029642741,-0.21470379432042438,0.6714708866484975,0.8630716339556055,1.2775093338475432,2.0940945148468018,1.8928680419921875,2.720341682434082,-1.219777226448059,-1.831082344055176,-2.120778083801269,18.5268273968923,9.648539345500707,1.4512891504881125,0.8433375129352628,3.9202602121154015
2,1771108710449,1771108713577,0,0.08911243081092834,0.11698964436848959,0.0815500239531199,0.6721504703867035,1.0414105064778385,1.2679568933804015,2.0940945148468018,1.8928680419921875,2.720341682434082,-1.219777226448059,-1.831082344055176,-2.120778083801269,18.972080066609898,10.004813086712605,1.5823607662315287,0.7635994409756063,3.9202602121154015
2,1771108711517,1771108714654,0,0.175850052634875,0.036339060465494795,0.1859999974568685,0.7602472819101903,0.9352248246118042,1.1428782494931211,2.0940945148468018,1.8928680419921875,2.720341682434082,-1.275678038597107,-1.491708755493164,-1.990605711936951,18.364874596567606,9.777285792013625,1.4669600642384137,0.7757312209053385,3.9202602121154015
2,1771108712606,1771108715704,0,0.0760891189177831,-0.21016556421915691,0.07820988893508911,0.6994084984886935,0.9935833905257169,1.0700585343703406,1.54141104221344,1.7931528091430664,2.5810465812683105,-1.275678038597107,-1.8443584442138672,-2.748173713684082,18.730255586194236,9.441919610905298,1.4676867403433076,0.671588562259343,3.150389864381774
2,1771108713677,1771108716763,0,-0.08685250580310822,-0.1954327424367269,-0.19806997179985047,0.7808602717593133,1.0603736378382256,1.081962868579205,1.54141104221344,3.0112037658691406,2.5810465812683105,-1.5847938060760498,-1.8952174186706543,-2.748173713684082,21.75360755416714,11.271204359398347,1.5103987687991203,0.7954291599252069,3.4564848329217384
2,1771108714753,1771108717831,0,-0.11941104233264924,-0.1551172415415446,-0.2793249289194743,0.6596288723880833,1.0562574192820495,1.0019021519867235,1.0590405464172363,3.0112037658691406,1.613255739212036,-1.5847938060760498,-1.8952174186706543,-2.748173713684082,20.433681499730252,11.98393469034575,1.4267487249265935,0.7544183586104583,3.4564848329217384
2,1771108715813,1771108718924,0,-0.07902697324752808,-0.16806724866231282,-0.30063860019048055,0.6543145576339566,0.9612667168131537,1.0659015092426476,1.066758632659912,3.0112037658691406,1.613255739212036,-1.5847938060760498,-1.8952174186706543,-2.8264660835266118,20.10022830905999,11.355412195374104,1.4059215862676553,0.7567787564921816,3.4564848329217384
2,1771108716863,1771108719998,0,-0.05327013432979582,-0.0411354382832845,-0.38480939467748004,0.6249193712370592,0.8280719144354468,1.2360956581787184,1.066758632659912,1.795863151550293,1.586965799331665,-1.111549735069275,-1.3435869216918943,-2.902365207672119,19.015144013788323,11.46165155241993,1.4587066282899173,0.7488871330378694,3.014487257785114
2,1771108717942,1771108721075,0,-0.09714901645978292,-0.09681450525919595,-0.3333612640698751,0.6225672502736426,0.866753118428094,1.321583111738837,1.066758632659912,1.795863151550293,2.0408592224121094,-1.111549735069275,-2.3774547576904297,-2.902365207672119,19.54082252382254,11.375952349582583,1.5044858908120695,0.823605210614976,3.014487257785114
2,1771108719031,1771108722181,0,-0.11406759818394979,0.2231622060139974,-0.510245410601298,0.6252606957699784,1.1006089200564002,1.3614376598623479,0.9998962879180908,2.334315299987793,2.0408592224121094,-1.0851936340332031,-2.3774547576904297,-2.902365207672119,20.86990254594332,11.659915160074856,1.6952289382544488,0.9039980162232266,3.496242157101975
2,1771108720112,1771108723218,0,-0.0467691053946813,0.14485022226969402,-0.3844262878100077,0.6495560939029367,1.1979996772411892,1.2841377957591205,1.1267452239990234,2.334315299987793,2.0408592224121094,-1.2120599746704102,-2.3774547576904297,-2.807116985321045,21.54967739166707,10.483729885218537,1.697593255437661,0.8377276300721074,3.496242157101975
2,1771108721194,1771108724302,0,-0.07900459965070089,0.49940436681111655,-0.6354022701581319,0.6875599536328714,1.2483277272839741,1.2886534345124139,1.2011570930480957,2.334315299987793,1.5091230869293213,-1.2120599746704102,-1.8741788864135744,-2.807116985321045,23.721692330149704,11.269992570187872,1.922421528616271,0.742068513280886,3.496242157101975
2,1771108722259,1771108725397,0,0.07455361088116964,0.2947955767313639,-0.49933255910873414,0.7431302164626727,1.196734675767252,1.2736719428678185,1.2015351057052612,2.200542449951172,1.60193133354187,-1.242027997970581,-1.8741788864135744,-2.7665488719940186,24.582203680434134,10.665934200095887,1.8493404691778728,0.6498038749951237,2.982701074489834
2,1771108723327,1771108726454,0,-0.036664633949597666,0.17567885716756185,-0.7063263098398844,0.6843558465551872,1.3309997471174835,1.1790427042389868,1.2015351057052612,2.8956451416015625,1.60193133354187,-1.242027997970581,-1.973712921142578,-2.7665488719940186,24.72519873700037,9.581304091445986,1.8848895737924551,0.7100308092735989,3.2758604332093286
2,1771108724411,1771108727523,0,-0.10095789432525634,-0.05976498921712241,-0.4570646683375041,0.6479522113139345,1.2733807771749381,1.2520501333857934,1.2015351057052612,2.8956451416015625,1.9142165184021,-1.242027997970581,-1.973712921142578,-2.783700466156006,26.00570186481129,9.992762261599868,1.769798391567036,0.7740337576199017,3.2758604332093286
2,1771108725518,1771108728597,0,-0.2366731176773707,-0.08167990048726399,-0.2801145831743876,0.4854178314793504,1.276331238281677,1.1910229959885397,0.5937559604644775,2.8956451416015625,1.9142165184021,-1.1390334367752075,-1.973712921142578,-2.783700466156006,24.1472453466062,10.61290362918304,1.6611852754218863,0.7579656437339393,3.2758604332093286
2,1771108726554,1771108729656,0,-0.21713580191135406,-0.0072645028432210155,-0.15352180004119872,0.5936238715542104,1.0160351788481894,1.1957438776044091,0.7067313194274902,2.7261171340942383,1.9142165184021,-1.554526686668396,-1.821006298065185,-2.783700466156006,22.718508263700997,10.77101683869537,1.519748249468182,0.7060119640618769,2.972774111974372
2,1771108727630,1771108730716,0,-0.2265867163737615,-0.04083015124003093,-0.21271491448084515,0.6297754966084974,0.8898183793796076,1.1567799589831858,1.0246516466140747,1.3884849548339844,1.8292312622070312,-1.554526686668396,-1.821006298065185,-2.1721134185791016,19.741052033382307,8.506393103550831,1.459093573884244,0.6525426846372603,2.6790203061333653
2,1771108728706,1771108731786,0,0.016598203778266908,-0.016890843709309895,-0.0792393445968628,0.7615204407995496,0.7789242440124926,1.1127128776918678,1.1973397731781006,1.287613868713379,1.8292312622070312,-1.554526686668396,-1.4601917266845703,-2.1721134185791016,17.797830528406926,7.749988081937678,1.404059378773648,0.6264825449577294,2.6790203061333653
2,1771108729764,1771108732843,0,0.1734172970056534,0.03963340123494467,0.37742526133855187,0.6869239590842933,0.8507698242283159,1.2401410952136254,1.6255624294281006,1.8575220108032229,2.749272584915161,-1.167896747589111,-1.4601917266845703,-2.1721134185791016,20.25620217184229,11.77488354452327,1.5276301806645018,0.7068213362401322,3.266710627146086
2,1771108730816,1771108733902,0,0.2382787028948466,0.05397507349650065,0.47888869841893517,0.5744482354731725,0.9673389937709862,1.1567377752545827,1.6255624294281006,2.1137428283691406,2.749272584915161,-0.696399986743927,-1.586517333984375,-1.3130804300308228,21.100590997625115,12.334927987555151,1.5542799726063796,0.6353576725688392,3.266710627146086
2,1771108731892,1771108734970,0,0.0916438490152359,0.1249232292175293,0.2877712965011597,0.522239984664631,1.1207124229709868,1.3879269590532979,1.6255624294281006,2.1799230575561523,2.749272584915161,-0.696399986743927,-1.6412324905395508,-2.2288851737976074,24.712995172932924,12.994704508645743,1.7448391024326773,0.6450792586012347,3.266710627146086
2,1771108732951,1771108736039,0,-0.06815011302630107,-0.005283959706624349,-0.3573518713315328,0.49557218270336717,1.2595974172157751,1.475771461494602,0.976300835609436,2.1799230575561523,1.9064879417419436,-1.00226891040802,-2.1161670684814453,-2.8827826976776123,25.38530810088302,12.442396264373155,1.8945708593685888,0.6586691364406894,3.1985702479685214
2,1771108734011,1771108737088,0,0.09019035995006561,0.08283704121907552,-0.01185372670491535,0.6786871845820733,1.233686897565201,1.8096185344004798,1.2186856269836426,2.1799230575561523,3.069316864013672,-1.5706171989440918,-2.1161670684814453,-2.8827826976776123,25.96376169956878,13.15084279910912,2.1623774784545544,0.6602000954737066,3.1985702479685214
2,1771108735078,1771108738158,0,-0.06987268030643462,-0.050848865509033205,0.12285905679066977,0.7571908473084139,1.2326619686790772,1.798185498699846,1.2186856269836426,1.9252872467041016,3.069316864013672,-1.7281265258789062,-2.1161670684814453,-2.8827826976776123,26.552807593602527,12.784272723166682,2.1977031683391055,0.594270378288405,3.1985702479685214
2,1771108736165,1771108739224,0,0.04413909303645293,0.1446622848510742,0.3436239004135132,0.7559651000029051,1.2644450796307156,1.5441081421395269,1.2186856269836426,2.157404899597168,3.069316864013672,-1.7281265258789062,-2.02334976196289,-2.601613521575928,24.881229603734532,11.431334414822544,2.0521654024654667,0.5863317087677801,3.161103061441252
2,1771108737206,1771108740292,0,-0.006258573258916525,-0.014826472600301092,-0.11672755082448323,0.6448258328707825,1.3902402899778485,1.380586530252469,1.2830320596694946,2.157404899597168,2.747975349426269,-1.7281265258789062,-2.02334976196289,-2.352415084838867,27.18960360342464,11.144292244339214,1.964581097433466,0.5256261553512455,3.07888780017453
2,1771108738265,1771108741359,0,0.302134079610308,-0.08300325075785317,0.04210221767425537,0.6202568594637069,1.312447398400713,1.659058529451386,1.4396746158599854,2.157404899597168,4.066588878631592,-1.061823487281799,-2.02334976196289,-3.0965301990509038,26.450470342872983,11.403503104273076,2.068395816184087,0.7330198076559051,4.2881973635904185
2,1771108739332,1771108742436,0,0.3182720705866814,-0.13463527361551922,0.14076929887135822,0.5863543115227595,1.224080149268117,1.7181505093384348,1.4396746158599854,1.975707054138184,4.066588878631592,-1.061823487281799,-2.094303131103516,-3.0965301990509038,25.71543554518933,11.074254512233273,2.0532338383279956,0.7596876669279857,4.2881973635904185
2,1771108740400,1771108743502,0,0.16879421025514602,-0.17487274805704753,0.08529844681421912,0.6064511422880245,1.0872992306758422,1.6956452186900581,1.4396746158599854,1.9265661239624023,4.066588878631592,-1.061823487281799,-2.094303131103516,-3.0965301990509038,23.746949418012687,11.289483268417953,1.9256461131044138,0.8110931137060987,4.2881973635904185
2,1771108741468,1771108744587,0,0.006775954862435659,0.15824397404988608,-0.30978907148043316,0.39903218404723534,1.1470199348105588,1.2964971243361672,0.7982749342918396,2.0384435653686523,2.3200485706329346,-0.8696157336235046,-2.094303131103516,-2.396237373352051,21.267575010903144,10.024612102875524,1.666632634580864,0.6384129030414002,2.8271118075707182
2,1771108742596,1771108745637,0,0.0025750964879989622,0.2741671244303385,-0.23459049661954243,0.3839575988558204,1.2231685525170226,1.4725788923840144,0.8541258573532104,2.226702690124512,3.267134666442871,-0.8362571001052856,-1.8991022109985352,-2.4511005878448486,23.661163626625598,11.825202739277522,1.8372197679566509,0.6745230988032198,3.3399801056891065
2,1771108743604,1771108746698,0,0.05346717188755671,0.22088452974955242,-0.18334725499153137,0.4634267947404399,1.3043133750747706,1.5041740295301143,0.8656141757965088,2.226702690124512,3.267134666442871,-0.9824519157409668,-2.076801300048828,-2.711738348007202,24.188887696089278,10.194765380763657,1.919062336392391,0.6759800458548532,3.3399801056891065
2,1771108744679,1771108747774,0,-0.01766102761030197,-0.08551494280497234,0.01427329778671265,0.5429923863456642,1.364260276132948,1.5708830069804194,1.0341049432754517,2.226702690124512,3.267134666442871,-1.018598198890686,-2.088625907897949,-2.711738348007202,26.651796073065004,11.822352101943324,1.9990434515567066,0.7055811756846965,3.3399801056891065
2,1771108745738,1771108748832,0,-0.22158992936213812,-0.21311287879943847,-0.30817840894063314,0.5566940035688921,1.3077320554101237,1.3748067130141666,1.0341049432754517,2.0497922897338867,2.0568771362304688,-1.192959189414978,-2.088625907897949,-2.711738348007202,24.98278180316043,10.984689397043258,1.8666049515285374,0.7084016212280712,3.2485847156378274
2,1771108746805,1771108749886,0,-0.26326181590557096,-0.0925604025522868,-0.5659181753794352,0.49061300417771664,1.3635110663785412,1.415996206291064,1.0341049432754517,2.0497922897338867,3.093614101409912,-1.192959189414978,-2.307668209075928,-3.1272919178009038,26.25614433604603,13.245272686374772,1.9661319534982096,0.7195841077967352,3.61600501023724
2,1771108747883,1771108750941,0,-0.23494816621144612,0.0300352414449056,-0.5577356815338135,0.4898955896356891,1.4545070383237493,1.5716268774437734,0.8125486969947815,2.8109073638916016,3.093614101409912,-1.192959189414978,-2.307668209075928,-3.951032876968384,28.291241536184195,13.149274662497264,2.1062925267011723,0.7848455452896644,4.018051273908933
2,1771108748941,1771108752010,0,-0.16034897367159526,0.08012641270955402,-0.5350385427474975,0.4856887511997074,1.5185342507929647,1.6364592254012322,0.8125486969947815,2.8109073638916016,3.093614101409912,-1.043074131011963,-2.77602767944336,-3.951032876968384,29.725127856136883,12.512838793137373,2.1890498789895494,0.7694397295462415,4.018051273908933
2,1771108749992,1771108753086,0,-0.1496567651629448,0.1439525445302327,-0.38840629657109577,0.4885866469827862,1.5196825701800993,1.5751808087343926,0.5779429078102112,2.8109073638916016,2.6904666423797607,-1.043074131011963,-2.77602767944336,-3.951032876968384,28.4237175372614,11.778954645960992,2.0704360304892555,0.8919034061453002,4.018051273908933
2,1771108751043,1771108754181,0,-0.23477753015855948,0.3835995356241862,-0.6915080944697062,0.4904571008742336,1.39925892739055,1.317682195647286,0.4392612278461456,2.5916786193847656,1.6942167282104492,-1.2305241823196411,-2.77602767944336,-3.344886064529419,24.824731037069235,10.262778971397323,1.9441923845759748,0.8534937863326242,3.9218643229359986
2,1771108752118,1771108755223,0,-0.10972550225754579,0.4040254910786947,-0.32185731331507367,0.6587759821847308,1.219684460089834,1.4253370827494312,1.600537896156311,2.5916786193847656,2.2238125801086426,-1.3339004516601562,-2.2327442169189453,-3.344886064529419,23.97544767075494,10.860119887858334,1.8612545517956491,0.8111475209032343,3.9218643229359986
2,1771108753193,1771108756280,0,-0.01690364144742489,0.3802355766296387,-0.06864036719004313,0.7786603941999636,1.0145718940515243,1.5285236413677308,1.6678483486175537,2.537569999694824,3.904313564300537,-1.3339004516601562,-1.1513853073120115,-2.8716561794281006,24.09886691442893,10.021276182025826,1.8241327774046467,0.8273973580385657,4.081578216017099
2,1771108754253,1771108757334,0,0.05811525831619899,0.10951952934265137,0.23304911057154337,0.774858429338854,1.0607070237300453,1.4229987997968805,1.6678483486175537,2.261465072631836,3.904313564300537,-1.3339004516601562,-1.539548397064209,-2.3751888275146484,26.531818838863742,13.768778937232778,1.7660320532909115,0.77207565725659,4.081578216017099
2,1771108755329,1771108758408,0,-0.04543846050898234,-0.11363662083943685,0.09945134321848552,0.8001776406965306,1.1324313463846443,1.4182807972334783,1.6678483486175537,2.377117156982422,3.904313564300537,-1.808675527572632,-1.539548397064209,-2.3751888275146484,27.42617819088016,15.247479123581615,1.7851144209194334,0.8145023394290547,4.081578216017099
2,1771108756388,1771108759493,0,-0.16432094524304072,-0.07761236826578775,-0.12755995988845822,0.6957424564689847,1.114431529210281,1.11751332591172,1.0953640937805176,2.377117156982422,2.6587414741516118,-1.808675527572632,-1.539548397064209,-2.3751888275146484,24.26833147906302,15.201934562808582,1.570025949538627,0.6898310428547081,3.4054619307242797
2,1771108757442,1771108760552,0,-0.23838132868210474,-0.24630831082661947,-0.2539755781491598,0.6644382044729027,1.0035492831179595,1.0435401720973185,1.0953640937805176,2.377117156982422,2.6587414741516118,-1.808675527572632,-2.170745849609375,-1.8285223245620728,20.92267455584646,12.01618780731935,1.464924746207383,0.7112197342324111,2.8993613669967386
2,1771108758516,1771108761609,0,-0.1363441288471222,-0.169821294148763,-0.16743522882461548,0.5279578545077755,0.8782395006719417,1.188989214120346,0.73308265209198,1.743851661682129,2.999368190765381,-1.123692750930786,-2.170745849609375,-2.504271507263184,19.266997865201805,11.344890105160093,1.3913821530971893,0.7342371638487117,3.2479030620122433
2,1771108759593,1771108762679,0,0.011228173474470774,-0.2050099531809489,0.1244990070660909,0.6340403934366692,0.9813335270350086,1.3090734643388682,1.5190318822860718,1.743851661682129,2.999368190765381,-1.0698758363723757,-2.170745849609375,-2.504271507263184,21.523741037786927,11.640254338964255,1.5827866363725211,0.7394180828457753,3.2479030620122433
2,1771108760651,1771108763738,0,0.21541332406923175,-0.02457453409830729,0.29123950401941934,0.6439207828548875,0.9463731198823934,1.2810656859736629,1.5190318822860718,1.743851661682129,2.999368190765381,-1.0576155185699463,-2.025944232940674,-2.504271507263184,20.84021383429054,11.281741248003735,1.5812580281767346,0.7079276276092987,3.2479030620122433
2,1771108761718,1771108764807,0,0.2467410609436532,0.003799899419148763,0.3546919067700704,0.6709076133105182,1.0838799905357976,1.0967827549058158,1.5190318822860718,2.357982635498047,2.8869760036468506,-1.0576155185699463,-2.025944232940674,-1.0736502408981323,19.216025425311685,7.557640652515955,1.5447137790034267,0.743346377227264,2.9995685861004415
2,1771108762788,1771108765872,0,0.09393130829557776,0.06998791694641113,0.04368665218353271,0.7287987090491397,1.1908677318324306,1.0535307652061974,1.3202685117721558,2.357982635498047,2.5214240550994877,-1.569057822227478,-1.9102721214294436,-1.8552438020706177,20.21563062516864,9.251419049305689,1.5622588076671433,0.7420218702282844,2.871699524878725
2,1771108763849,1771108766940,0,0.09797666904826959,0.1653330167134603,0.16394052505493165,0.6855403431862154,1.2707184113846142,1.2388001718952026,1.3202685117721558,2.357982635498047,2.5214240550994877,-1.569057822227478,-1.9102721214294436,-2.463277101516724,23.415234749898577,11.972241829758497,1.7334005104406616,0.7596322288514487,3.1382959932039283
2,1771108764915,1771108767984,0,0.045507603759566945,0.24734628995259603,-0.007226538658142083,0.6387055132673913,1.1675984169425175,1.2435105673784326,1.3202685117721558,2.048177719116211,2.160806179046631,-1.569057822227478,-1.6695013046264648,-2.463277101516724,24.8590158977136,11.983020354796343,1.6917174891459485,0.6499546178866167,3.1382959932039283
2,1771108765983,1771108769064,0,0.08976613730192184,0.23583323160807293,0.07660375833511353,0.5256774662248742,1.2548923542289057,1.273982950759395,1.0507433414459229,2.060972213745117,2.160806179046631,-1.0213720798492432,-2.761897087097168,-2.463277101516724,23.970041673301857,11.994893586536268,1.7365817832373087,0.6529618121693617,3.1382959932039283
2,1771108767044,1771108770194,0,0.04311184734106064,0.20070492426554362,-0.07279316584269206,0.4616406279983765,1.359000537992497,1.1362377275592563,0.7748441696166992,2.060972213745117,2.3306846618652344,-0.9371703267097472,-2.791555404663086,-2.142096519470215,23.941149395630422,10.926421183217968,1.6707464592678998,0.7158615934041136,2.937342499158013
2,1771108768097,1771108771223,0,0.03996175080537796,0.3112233797709147,0.01065576473871867,0.5010980184863006,1.5446279250327444,1.1070665900707046,1.0630004405975342,2.0954713821411133,2.3306846618652344,-0.828128457069397,-2.791555404663086,-1.6585206985473633,24.90511572726334,11.431812371892072,1.8382163290837565,0.6848231002657568,2.937342499158013
2,1771108769168,1771108772288,0,0.09766601671775182,0.3808376948038737,0.022978238264719654,0.4750229678790096,1.4872936618517887,1.2268944235958865,1.2332735061645508,2.2642717361450195,2.3306846618652344,-0.7767862677574158,-2.791555404663086,-3.057631015777588,25.408768703137913,12.669601246120981,1.8332380527853667,0.7916827031151694,3.8020459200521053
2,1771108770245,1771108773347,0,0.004161665836970012,0.6428361574808756,-0.13486167589823406,0.6615505904719255,1.3979038116825622,1.4619991634330194,1.3856396675109863,2.2642717361450195,2.94816255569458,-1.7374849319458008,-1.869139671325684,-3.1883606910705566,25.20041003909002,11.576547963725085,2.0245879105581017,0.8574654228956959,3.9397804324320442
2,1771108771328,1771108774415,0,-0.07774022916952769,0.28475963274637855,-0.10321370363235474,0.625192053132569,1.383787382093189,1.4090860144805115,1.3856396675109863,2.2642717361450195,2.94816255569458,-1.7374849319458008,-1.9978718757629397,-3.1883606910705566,21.946121452849987,11.936211317904661,1.846091948543191,0.9310413129551104,3.9397804324320442
2,1771108772398,1771108775499,0,-0.06118194609880447,0.2553147315979004,-0.13216606378555298,0.696479081021945,1.2756238628794074,1.585692572951125,1.738978624343872,1.9023866653442385,2.94816255569458,-1.7374849319458008,-1.9978718757629397,-3.1883606910705566,24.258150200142268,12.11351367436895,1.9258964904501186,0.9376138250477831,3.9397804324320442
2,1771108773455,1771108776575,0,0.009877135852972663,-0.07072677612304687,-0.1292658050855001,0.5417257405563699,1.0532984713532514,1.3856943714623156,1.738978624343872,1.838651657104492,2.872903823852539,-0.7385547757148743,-1.9978718757629397,-3.012287378311157,22.146866055362292,11.856210168290634,1.626586093501485,0.7801273488057664,3.533884762817659
2,1771108774523,1771108777685,0,0.10632875710725784,0.21078238487243653,-0.4445566495259603,0.5771643499480139,1.156985195749333,1.5837346104199796,1.738978624343872,2.3713197708129883,2.872903823852539,-0.9599457383155824,-2.0143957138061523,-3.012287378311157,23.31310786854967,12.374584986756421,1.8757008203222412,0.8958116260424126,3.6177046712277976
2,1771108775608,1771108778727,0,-0.004773120085398371,0.16143190066019694,-0.6956696033477783,0.5629922089672095,1.257615733639981,1.4573255669366372,1.0569419860839844,2.3713197708129883,1.8199303150177,-1.1144371032714844,-2.230265617370605,-3.309556722640991,21.537638347342774,9.978813521023058,1.9148932198555202,0.8698989545402409,3.6604141171221847
2,1771108776676,1771108779787,0,-0.1013421356678009,0.08155463536580404,-0.8289823214213053,0.5624153426103976,1.4112345121486358,1.4494077149186286,1.0569419860839844,2.3713197708129883,1.8199303150177,-1.1144371032714844,-2.507282257080078,-3.309556722640991,23.164059263226736,10.507801578576764,2.0458474600092074,0.8984826002755303,3.6604141171221847
2,1771108777751,1771108780862,0,-0.08974018891652426,-0.025770982106526678,-0.6701626102129619,0.5399014346391043,1.2477942088994245,1.2457454056504036,1.0569419860839844,1.629377365112305,1.8199303150177,-1.1144371032714844,-2.507282257080078,-3.309556722640991,23.523321425399338,9.265276685937115,1.7565037028643558,0.8260104500536544,3.6604141171221847
2,1771108778827,1771108781948,0,0.017220117648442588,0.008689292271931952,-0.43822861909866334,0.552650745800201,1.1208132033396516,1.1203750300899777,0.8759371042251587,1.8022308349609373,1.7871570587158203,-1.3781099319458008,-2.507282257080078,-2.7560365200042725,22.676120752959154,9.120412197556636,1.5417147530634083,0.7463851467020042,2.894496552895742
2,1771108779896,1771108783015,0,0.15346463471651078,0.18218860626220704,-0.13426773150761923,0.5237759379693951,0.9636765135578348,1.2336074469618183,0.8759371042251587,1.8022308349609373,2.9534051418304443,-1.3781099319458008,-1.462977409362793,-2.0596795082092285,23.530168950467885,9.289025968836187,1.480137993818332,0.7319819916376986,3.337174912362986
2,1771108780971,1771108784083,0,0.11204424649477004,0.3065754572550456,-0.17547359466552734,0.4773251762647855,0.8894742886211249,1.2450751423962054,0.8759371042251587,1.989211082458496,2.9534051418304443,-1.3781099319458008,-1.441915512084961,-2.0596795082092285,21.890816724549868,8.894029737508399,1.4269455233490627,0.7777522604865821,3.337174912362986
2,1771108782055,1771108785176,0,0.08998114615678786,0.24985218048095703,-0.12851935625076294,0.39291653886353073,0.9044691218182775,1.125964452863452,0.907421350479126,1.989211082458496,2.9534051418304443,-0.8091879487037659,-1.1358661651611328,-1.5708489418029783,19.57571530048837,8.827988686531437,1.333801441586017,0.6999378897011759,3.337174912362986
2,1771108783123,1771108786259,0,0.07791052758693694,0.11943464279174805,-0.0957447091738383,0.3795440434570391,0.8072885805821274,0.9935910464532798,0.907421350479126,1.989211082458496,1.5460436344146729,-0.8091879487037659,-1.1358661651611328,-1.5262372493743896,17.104105923481857,8.89674489093155,1.2247690243006242,0.5115910423730745,2.5056011147091457
2,1771108784208,1771108787329,0,0.05737665295600891,-0.06095619201660156,-0.09957102139790854,0.4378424353484593,0.7500184137091704,0.9344311915889681,0.907421350479126,1.6307296752929688,1.463407278060913,-0.8091879487037659,-1.3650217056274414,-1.5262372493743896,16.995309838181402,8.915838622253203,1.1814371270189454,0.44830393330765234,2.190699863363975
2,1771108785283,1771108788404,0,0.03648057480653127,-0.13958641688028972,-0.012063686052958171,0.3927962606743988,0.6970831575814987,1.0180625231646805,0.9316004514694214,1.6128950119018557,2.8341052532196045,-0.6266855001449585,-1.3650217056274414,-1.5262372493743896,17.734544839494472,9.435103439508648,1.16123941510234,0.5507925773018651,3.057935599422967
2,1771108786369,1771108789471,0,-0.03883833885192871,-0.017001374562581374,-0.09623179038365683,0.4642910871567103,0.818471147633413,1.0576167471331488,0.9316004514694214,1.7428998947143557,2.8341052532196045,-1.3944909572601318,-1.3650217056274414,-2.0387518405914307,18.82464590942835,8.282097410129595,1.2476196454952273,0.6365725930351296,3.057935599422967
2,1771108787435,1771108790548,0,-0.04095573623975118,0.044198163350423175,0.07057290474573771,0.46787337613483154,0.7473711957549529,1.1799388317186457,0.9316004514694214,1.7428998947143557,2.8341052532196045,-1.3944909572601318,-1.3408269882202148,-2.0387518405914307,19.05766471848558,8.820356803216276,1.3250848443236736,0.6018611011504388,3.057935599422967
2,1771108788511,1771108791607,0,-0.029282827675342588,0.12704346974690756,-0.07172321478525799,0.7256328983891194,0.9742338731658566,1.5116715364341053,1.31538188457489,2.468836784362793,3.826983690261841,-2.32802152633667,-2.074580192565918,-3.776124000549317,23.61438136328993,16.48791036741344,1.634524582413851,1.0099176445984468,4.585763095905453
2,1771108789579,1771108792710,0,0.04961366057395935,0.19224055608113608,-0.04175304571787517,0.7378572745357054,0.9299447252689524,1.5171324177180396,1.31538188457489,2.468836784362793,3.826983690261841,-2.32802152633667,-2.074580192565918,-3.776124000549317,21.62756587433334,16.88948579768412,1.6284897532369582,1.005025132089748,4.585763095905453
2,1771108790655,1771108793751,0,0.24035566449165344,0.21694602966308593,0.012319803237915032,0.7462915409499558,0.9511582564436788,1.4156867592734068,1.31538188457489,2.468836784362793,3.826983690261841,-2.32802152633667,-2.074580192565918,-3.776124000549317,21.016620968597636,17.04433303000085,1.5635122907713568,1.0225284126728365,4.585763095905453
2,1771108791719,1771108794829,0,0.3539070631066958,0.31133076349894206,0.26684515476226806,0.49764372092651704,0.6529642111433598,1.1253816660618488,1.1393376588821411,1.683405876159668,2.261319398880005,-0.7393336296081543,-0.9883689880371094,-1.4844646453857422,17.720449640324272,9.334278779437252,1.3894174449803816,0.4969369638763296,2.583358286481874
2,1771108792784,1771108795905,0,0.28659576574961343,0.23457984924316405,0.16899769703547157,0.5325375959167317,1.1765763242560394,1.1444233360435985,1.100478172302246,3.778648376464844,2.261319398880005,-1.3449618816375732,-3.1792755126953125,-1.8843908309936523,19.510643034602968,12.082796222279956,1.5303251475985784,0.8523042696499961,4.318775069793752
2,1771108793859,1771108796962,0,0.13807409207026164,0.2939755121866862,0.18919969399770098,0.5553986897277905,1.2803714852488184,1.2198443352428543,1.1086633205413818,3.778648376464844,2.261319398880005,-1.3449618816375732,-3.1792755126953125,-1.8843908309936523,21.804356450039936,11.603478647573066,1.6671306248288906,0.8407319098381763,4.318775069793752
2,1771108794934,1771108798021,0,0.004711792866388949,0.19793561299641926,0.051544257005055744,0.5149512980906574,1.2577210845247282,1.1023007338349147,1.1086633205413818,3.778648376464844,1.8278555870056152,-1.3449618816375732,-3.1792755126953125,-1.8843908309936523,19.675686066328016,11.539976258983897,1.4909571942366668,0.8976625399770842,4.318775069793752
2,1771108796010,1771108799124,0,-0.030669862031936636,0.19769474665323894,-0.0699245055516561,0.435918159261661,0.8727051671314284,1.0886551565457232,1.1086633205413818,2.221957206726074,1.646979570388794,-0.7223159074783325,-1.2111091613769531,-2.078921318054199,18.709762073475087,8.191447840251724,1.3321361209820908,0.589484296935266,2.5683067174442202
2,1771108797073,1771108800182,0,-0.004007629553476953,0.12984310785929362,-0.061347095171610515,0.38350147257989176,0.6666724824157721,1.0829406845717757,0.912266492843628,1.9611778259277344,2.632030963897705,-0.7223159074783325,-1.2111091613769531,-2.078921318054199,15.506276348939867,8.002045712324943,1.1529097668719972,0.6407816323832498,2.7879176873809515
2,1771108798121,1771108801216,0,-0.13003506660461425,0.1427637259165446,-0.06314157644907634,0.39018925338560156,0.7576682195486053,0.9882576047810631,0.912266492843628,1.9611778259277344,2.632030963897705,-0.9921143054962158,-1.861013889312744,-2.078921318054199,15.165584436241836,8.435108869179121,1.1384013333652059,0.6364093873576988,2.7879176873809515
2,1771108799197,1771108802291,0,-0.04242824713389079,-0.006357717514038071,0.18194738626480103,0.5692338958235483,0.7527556440290587,0.8472241083493194,1.0515680313110352,1.445390701293945,2.632030963897705,-1.2366158962249756,-1.861013889312744,-1.5845801830291748,14.877559856760174,8.563695408043616,1.107673725166906,0.612664692813273,2.7879176873809515
2,1771108800256,1771108803376,0,-0.11498480240503947,0.037213182449340805,0.06915420293807983,0.5495758877964765,0.8637630950570652,0.789666805751635,1.0515680313110352,1.445390701293945,1.7388157844543457,-1.2366158962249756,-1.861013889312744,-1.6626620292663574,15.8032432894364,8.575655189328042,1.1554519841387254,0.5573554056842994,2.4833162290752697
2,1771108801324,1771108804470,2,-0.3311342274149259,0.2534883181254069,-0.23528302510579427,0.869738488780916,1.2154496513257256,1.1994856533412876,1.0515680313110352,4.081177711486816,1.7388157844543457,-2.7719802856445312,-1.6329936981201172,-3.324460029602051,19.46124590038297,17.478620062775494,1.5684618135794441,1.1682449026014718,5.315669896856159
2,1771108802400,1771108805545,2,-0.4756174052755038,0.33625144958496095,-0.26798440217971803,0.7583285700150015,1.2231013219016977,1.1954207849032308,0.5483448505401611,4.081177711486816,1.866124153137207,-2.7719802856445312,-1.6329936981201172,-3.324460029602051,19.656482854299608,17.261321513569516,1.5881463734984735,1.1472386378925108,5.315669896856159
2,1771108803485,1771108806629,2,-0.4841914157072703,0.17136624654134114,-0.40197978417078656,0.840056519121168,1.1852612490661465,1.297262870366157,1.5861581563949585,4.081177711486816,1.866124153137207,-2.7719802856445312,-1.5134878158569336,-3.324460029602051,20.680991575044686,17.0344926613286,1.652280651363096,1.1871495479574188,5.315669896856159
2,1771108804579,1771108807720,0,-0.04106007392207781,-0.01760234832763672,0.006298559904098511,0.6297079625992719,0.6708191384902288,1.1268210175848954,1.5861581563949585,1.3888921737670898,2.536194324493408,-1.1687979698181152,-1.5134878158569336,-3.180253028869629,16.46377214744752,7.330174534420127,1.2353485749553623,0.7346100407698994,3.3912429360536125
2,1771108805646,1771108808774,0,0.03329725551108519,-0.04390926361083984,0.1071389098962148,0.5893090063345469,0.4322895340231502,1.2293285100255669,1.5861581563949585,1.0189895629882812,2.536194324493408,-1.1687979698181152,-0.6489744186401367,-3.180253028869629,16.223516496031614,8.959093440072836,1.2185932195053717,0.7240501811921136,3.3912429360536125
2,1771108806738,1771108809832,0,0.06915382258594036,-0.05016228357950846,0.24782241384188333,0.4917243124380879,0.5114811039797624,0.9860170247615486,1.0919694900512695,1.0189895629882812,2.536194324493408,-0.7974206805229187,-0.9998226165771484,-1.7981114387512207,15.103275234857737,8.787736175077875,1.0821589287154714,0.5790247063607554,2.7644457327618746
2,1771108807813,1771108810916,0,-0.01166069718698659,-0.11051537195841471,0.3536518196264903,0.4888949062123761,0.6359288521680804,0.9456693730943695,0.8860383033752441,1.2516498565673828,1.864242672920227,-0.7974206805229187,-1.149993896484375,-1.7981114387512207,16.52716558413797,9.593482217237318,1.1845108796709125,0.477937767260675,2.22777106419707
2,1771108808881,1771108811984,0,0.0507239210108916,-0.028882884979248038,0.42142887314160665,0.5823878837110026,0.6921184810120946,0.8103344558913622,1.2848331928253174,1.3850345611572266,1.864242672920227,-1.0207784175872805,-1.149993896484375,-1.1344373226165771,17.737389430578407,11.805752061694218,1.1618253118251713,0.5154730944601614,2.22777106419707
2,1771108809936,1771108813053,0,0.17308215647935865,0.1192317008972168,0.6257603387037913,0.6711545675077467,0.7288013284483337,0.9482925874741462,1.7035586833953855,1.472299575805664,2.4360814094543457,-1.0207784175872805,-1.149993896484375,-1.1344373226165771,19.92118349142664,11.648290058662903,1.367589348465296,0.6299526906970331,2.708664606485415
2,1771108811017,1771108814154,0,0.13457227870821953,0.12063105901082356,0.44830080270767214,0.724943025295878,0.6129088904877281,1.028493468723369,1.7035586833953855,1.472299575805664,2.4360814094543457,-1.0207784175872805,-0.977665901184082,-1.1351587772369385,18.918489216932088,11.164073311946833,1.2961179429118963,0.6803234533179282,2.708664606485415
2,1771108812138,1771108815189,0,0.01587015216549236,-0.08734172185262044,0.04215867519378662,0.6910909077559854,0.6360828392039047,1.233015934185384,1.7035586833953855,1.472299575805664,2.4360814094543457,-1.1551294326782229,-1.0433387756347656,-2.459160566329956,18.917140447522545,7.021188648191557,1.3679923806115244,0.6903570364281539,2.7587820720158565
2,1771108813173,1771108816265,0,-0.012337484521170465,-0.11724824905395509,-0.08522462844848633,0.6554818307413451,0.622107340049681,1.1758332258004194,1.1485687494277954,1.3139829635620115,2.419572591781616,-1.1551294326782229,-1.4860115051269531,-2.459160566329956,18.013318142510965,6.602019860608306,1.3047334145712,0.6783213122536718,2.7587820720158565
2,1771108814220,1771108817323,0,0.015363238441447416,-0.17678756713867189,-0.08868618806203206,0.5975134760836767,0.7605206884821252,1.0614783729529889,1.1485687494277954,1.3139829635620115,2.3072445392608643,-1.1551294326782229,-1.5792560577392578,-2.459160566329956,18.034351992020216,6.780129694086769,1.2821354612588847,0.6342759920475012,2.7587820720158565
2,1771108815296,1771108818407,0,0.2550981667513649,-0.002930259704589851,0.18050870895385743,0.5855209512924757,0.821332319196898,1.1044342443939112,1.158501386642456,1.4137325286865234,2.5501503944396973,-0.7999836206436157,-1.5792560577392578,-1.8227713108062744,18.206105953223275,8.597019947393877,1.343826618285522,0.6856311611300244,3.0459593988248472
2,1771108816373,1771108819484,0,0.19472290749351184,-0.08313185373942057,0.0002509435017903646,0.5938337807280786,0.7839292755778716,1.2083790927296882,1.612546443939209,1.4137325286865234,2.68752670288086,-0.7235740423202515,-1.5792560577392578,-1.8227713108062744,18.293744497127854,9.44058284897753,1.4052221900002204,0.6565033961366409,3.0459593988248472
2,1771108817432,1771108820577,0,0.2755791294078032,0.016559696197509764,0.08021527528762817,0.6065659389135195,0.7833725753837022,1.243228560240768,1.612546443939209,2.099154472351074,2.68752670288086,-0.6406046748161316,-1.241682052612305,-1.8227713108062744,18.462872424663036,9.254045822455046,1.4506681883918153,0.6600831123390813,3.0459593988248472
2,1771108818508,1771108821636,0,0.09224212144811948,0.005541070302327469,0.030914270877838136,0.5893572777983989,0.7033472943954941,1.2642056906300114,1.612546443939209,2.099154472351074,2.68752670288086,-0.8852890729904175,-1.241682052612305,-1.9328159093856807,16.903823898657897,9.094485434212212,1.4012709146193905,0.6471543219532983,2.9510363156853727
2,1771108819592,1771108822696,0,0.02690438479185104,0.06967913309733073,0.2951400319735209,0.5226372112248723,0.6669950567971052,1.152254776783696,1.0632954835891724,2.099154472351074,2.559450626373291,-0.8852890729904175,-0.9326190948486328,-1.9328159093856807,15.635157348763496,7.482688142049737,1.3088688178378751,0.6077784109693813,2.5685583120436006
2,1771108820677,1771108823772,0,-0.09677621573209763,-0.04831730524698892,0.21648686329523723,0.47358169560315777,0.6064318462894565,1.2472887649519084,0.9883291721343994,1.2106752395629885,2.559450626373291,-0.8852890729904175,-1.2248220443725586,-2.261440753936768,15.653873938535279,7.927578538506019,1.3151183001071662,0.6474406941878311,2.5685583120436006
2,1771108821737,1771108824848,0,-0.057882245257496835,0.0002910296122232999,0.3260267019271851,0.465844394747887,0.7155929891011058,0.9546397888440327,0.9883291721343994,1.8852081298828125,2.312772035598755,-0.7408930063247681,-1.2248220443725586,-2.261440753936768,15.151517930746708,5.90394847687408,1.1710566012355281,0.5789506175227069,2.4517954929936012
2,1771108822797,1771108825950,0,-0.01745865431924661,-0.12015326817830403,0.11033122936884562,0.49376387013344075,0.7551172232561103,0.9123542551999874,0.9883291721343994,1.8852081298828125,1.6236026287078855,-1.0552369356155396,-1.3236045837402344,-2.261440753936768,15.150338185405936,6.560286585690993,1.1546463025164677,0.5431914698012955,2.4517954929936012
2,1771108823881,1771108827001,0,-0.020212977503736813,0.028320153554280594,0.19245465993881225,0.5031277079057598,0.6882923792562078,0.9647809597898656,0.7689374685287476,1.8852081298828125,2.4452321529388428,-1.0552369356155396,-1.3236045837402344,-1.5369200706481934,16.245242701127513,7.342078181820166,1.1613837364657722,0.549483009872266,2.546082974331545
2,1771108824957,1771108828069,0,-0.04418169322113196,0.011386648813883456,0.04336933294932047,0.5967601584673005,0.7094148371996627,0.9855334347353658,1.1292610168457031,1.843210220336914,2.4452321529388428,-1.6746007204055786,-1.3236045837402344,-1.5369200706481934,17.458680820462668,7.952758460911787,1.2058502765873633,0.5749365733571151,2.6069499438451413
2,1771108826050,1771108829151,0,-0.008279741679628692,0.10340760548909507,0.10332109133402506,0.5535150943937902,0.8203865549233057,1.0749620107662399,1.1292610168457031,1.843210220336914,2.4452321529388428,-1.6746007204055786,-2.284295082092285,-2.174766778945923,19.33903021765344,8.486394763706167,1.3015329204203572,0.6361848812196382,2.6069499438451413
2,1771108827143,1771108830228,0,0.035775849347313246,0.1366449038187663,-0.17028653621673584,0.5647702368060116,0.8598481821593514,0.9661877227459278,1.3160828351974487,1.843210220336914,1.880278825759888,-1.6746007204055786,-2.284295082092285,-2.174766778945923,18.079879684357273,9.257632785171522,1.280958070912079,0.5873886665191976,2.6069499438451413
2,1771108828180,1771108831280,0,0.11243444457650184,0.0643731435139974,0.052002819379170735,0.46940697638074147,0.8440946911913116,1.0536004639564547,1.3160828351974487,1.4650049209594729,1.880278825759888,-0.6604347229003906,-2.284295082092285,-2.174766778945923,17.44134228127955,9.595403041844602,1.2874011018251728,0.5903567365438543,2.47106531432378
2,1771108829252,1771108832347,0,0.20069403077165285,0.09617096583048503,0.08015025456746419,0.5433773235638393,0.6937768662343874,0.9152192397885403,1.3160828351974487,1.4650049209594729,1.7623717784881592,-0.6604347229003906,-1.738072395324707,-2.01824951171875,15.337592938929534,8.294821537097379,1.1761383674601809,0.49100953171151523,2.159486807205129
2,1771108830312,1771108833417,0,0.05852784557888905,-0.123700745900472,-0.0768175403277079,0.6088594200126701,0.6593801351866717,1.0770964659379845,1.1999996900558472,0.9392318725585938,1.7623717784881592,-1.3705230951309204,-1.738072395324707,-3.040350437164306,15.920457743072289,6.96657496801995,1.2066512279981194,0.6963418647908273,3.216323690551627
2,1771108831387,1771108834474,0,-0.012840318741897738,-0.09822495778401692,0.028935265541076654,0.5928123821863637,0.6648177305099527,1.2706578734006848,1.047378659248352,1.1939659118652344,2.786590099334717,-1.3705230951309204,-1.52239990234375,-3.040350437164306,16.405595491024194,7.167522450464237,1.332692037670282,0.7626836100457173,3.216323690551627
2,1771108832456,1771108835550,0,-0.09757737896094719,-0.08367160161336264,0.3133810003598531,0.7203585748759405,0.9931533597702529,1.8959134548217609,2.2726612091064453,2.503720283508301,5.817078113555908,-1.3705230951309204,-1.613631248474121,-3.040350437164306,19.584807213686428,7.835832175407926,1.7835246702116625,1.388450757018212,6.486653285010332
2,1771108833524,1771108836652,0,0.07230143050352732,0.17590948740641277,0.5083446423212687,0.7531840122749922,1.0853202162955784,1.8415584295614007,2.2726612091064453,2.503720283508301,5.817078113555908,-1.1968882083892822,-1.613631248474121,-3.2153360843658447,23.603231969998216,14.411179245244112,1.8884289875233435,1.323688943125687,6.486653285010332
2,1771108834583,1771108837713,0,0.08297884414593379,0.00044043858846028644,0.22812031904856364,0.7503366245356076,1.0813933867563006,1.7617753793772182,2.2726612091064453,2.503720283508301,5.817078113555908,-1.1968882083892822,-1.613631248474121,-3.2153360843658447,22.5850149131237,14.87230333188079,1.7315976469881913,1.3399257722912263,6.486653285010332
2,1771108835660,1771108838771,0,0.07992631246646245,-0.008530712127685556,0.14296250343322753,0.5660309275073444,0.7355286433283709,1.13359307262424,1.3521901369094849,2.424468994140625,1.960740089416504,-0.8883116245269775,-1.4090652465820312,-3.2153360843658447,19.321602115712057,15.413247584963996,1.2818910221752187,0.6887272883566692,3.4881113492618825
2,1771108836759,1771108839838,0,-0.020468667149543773,-0.1734511693318685,0.09814544121424357,0.5961305348065674,0.5785967862150909,1.0751850373782157,0.93148273229599,0.8297853469848633,1.960740089416504,-1.7095282077789309,-1.4090652465820312,-1.883517026901245,16.06062508181223,7.764606038695511,1.2407719564618989,0.5432198230765481,2.4035959534314544
2,1771108837819,1771108840915,0,-0.0873280182480812,0.018540477752685545,0.004820410410563159,0.6740845816856336,0.5824724320571564,1.1587024624431344,0.93148273229599,1.023716926574707,1.960740089416504,-1.7095282077789309,-1.2124662399291992,-1.9357329607009888,16.877417987674065,8.080096280694772,1.3217348925745365,0.5807757097880109,2.2138669813877287
2,1771108838874,1771108841982,0,-0.12284043282270432,0.08625961939493815,-0.08802191813786825,0.6453642885317086,0.7176695681776835,1.0842009202674858,0.8859239816665649,1.318002700805664,1.5523526668548584,-1.7095282077789309,-1.2124662399291992,-1.9357329607009888,17.640818095107576,7.992069989208699,1.3421830900306129,0.5241985711952561,2.2138669813877287
2,1771108839939,1771108843054,0,0.011130011826753631,0.11481075286865235,0.16984402736028034,0.553952626697757,0.658650416678683,1.1080031221165538,1.1574372053146362,1.318002700805664,2.7050020694732666,-1.650459051132202,-1.1854629516601562,-1.9357329607009888,17.72961651227964,8.882507828332074,1.2588341166028258,0.6104537790908631,2.8273699185035523
2,1771108841025,1771108844164,0,0.0668865008900563,0.06342992782592774,0.2276559829711914,0.5353313457036353,0.6069532260906653,1.0394729162964094,1.1908142566680908,1.318002700805664,2.7050020694732666,-0.9795179963111876,-1.0996713638305664,-1.4913125038146973,16.472900077201256,8.434806887231858,1.2169587278775222,0.5155805023969522,2.8273699185035523
2,1771108842091,1771108845189,0,0.0089932132512331,-0.014132086435953765,0.10602209568023682,0.5854407139797941,0.6418244212681452,1.0679480460095256,1.1908142566680908,1.1083974838256836,2.7050020694732666,-1.0082770586013794,-1.2822895050048828,-1.4913125038146973,17.460933086347495,8.028120387256047,1.2478508780959578,0.5443206737217652,2.8273699185035523
2,1771108843167,1771108846245,0,-0.03147884346544742,-0.13460936546325683,-0.015270022551218673,0.5693683980151135,0.7311268301059338,1.0044603332562085,1.1908142566680908,1.277729034423828,1.4735431671142578,-1.0082770586013794,-1.578239917755127,-2.939581871032715,16.24477180827282,6.899160882387443,1.2503554935222039,0.5199801473597412,2.943210225775226
2,1771108844227,1771108847296,0,-0.12948499222596485,-0.2710917313893636,-0.29623907804489136,0.5925604931750105,1.1486734059334087,1.1235117956756708,0.957047164440155,1.618220329284668,1.4735431671142578,-1.4622961282730105,-4.104267120361328,-3.1798486709594727,20.165254240460015,11.323720788959665,1.463659116714266,0.9491259401005101,5.393955518192937
2,1771108845294,1771108848372,0,-0.06788621793190638,-0.31606221199035645,-0.13713157176971436,0.6057264334101256,1.0660493630736574,1.2383083023318433,0.957047164440155,1.618220329284668,2.219759702682495,-1.4622961282730105,-4.104267120361328,-3.1798486709594727,19.252985252972696,12.396613244434905,1.4686043660010781,0.9660036299078099,5.393955518192937
2,1771108846354,1771108849431,0,-0.016859033207098643,-0.11048596700032552,-0.0747778058052063,0.6074809234770879,1.0800403771437213,1.191595417939534,0.957082748413086,1.798675537109375,2.219759702682495,-1.4622961282730105,-4.104267120361328,-3.1798486709594727,18.727288015426854,12.362188951650921,1.420024674488904,0.9424028081610057,5.393955518192937
2,1771108847404,1771108850491,0,0.09019247243801752,0.18758535385131836,0.1514281709988912,0.47548849410241817,0.6074547881815314,1.0333285454766585,0.957082748413086,1.798675537109375,2.219759702682495,-0.9914371967315674,-0.8382024765014648,-1.6107786893844604,15.027568343437286,7.298312270286984,1.1894615249728153,0.5174852443979345,2.2595461096489164
2,1771108848472,1771108851550,0,0.01954712867736817,0.2480882962544759,-0.12921114762624106,0.43210868596198787,0.630035826911897,1.0844105599179263,0.957082748413086,1.798675537109375,1.882115602493286,-0.8193297982215881,-1.0501070022583008,-3.164288282394409,15.873156233250366,8.303581099863957,1.2003007539664188,0.5920675564987471,3.1776160979301977
2,1771108849540,1771108852634,0,-0.01641654074192048,0.3114160537719727,-0.20752146641413372,0.465764196097382,0.7000833674827683,1.0066286909634865,1.0347398519515991,2.032918930053711,1.7257084846496582,-0.855147123336792,-1.0501070022583008,-3.164288282394409,16.141738664617307,8.71431076469685,1.2210242442018278,0.5685040263757086,3.1776160979301977
2,1771108850600,1771108853727,0,-0.054616579413414,0.2609551429748535,0.06796215375264486,0.504297807142071,0.7546299729294939,1.2112769873952847,1.0347398519515991,2.032918930053711,3.061314582824707,-1.113194465637207,-1.0501070022583008,-3.164288282394409,18.788842804124343,10.798292684816861,1.343657770783423,0.7082460127732936,3.1776160979301977
2,1771108851658,1771108854814,0,-0.07240061809619268,0.20521999994913737,0.07380561431248983,0.6117064261378463,0.8578880240013537,1.1585004984395002,1.1512343883514404,2.032918930053711,3.061314582824707,-1.1977787017822266,-1.820582389831543,-1.38578200340271,19.040691293167633,9.762256741347102,1.407080957983028,0.6773158704161762,3.076170942493363
2,1771108852773,1771108855863,0,-0.0014847402771313986,0.1658294677734375,0.09564690589904785,0.6256249058521208,0.8076071695684983,1.3440507910919146,1.2394853830337524,1.944798469543457,3.061314582824707,-1.1977787017822266,-1.820582389831543,-2.65079402923584,20.489210562852755,11.55973737725695,1.4923027392162462,0.7643707764497099,3.076170942493363
2,1771108853836,1771108856922,0,0.08556908170382178,0.13934268951416015,-0.13121550480524696,0.6792950291053231,0.8392559483918134,1.6240900405056686,1.2394853830337524,1.7099637985229492,3.327269554138184,-1.1977787017822266,-1.820582389831543,-4.258214473724365,21.606201114076093,11.739191398943932,1.6890992236403852,0.9473621231535325,4.668583127460755
2,1771108854912,1771108857990,0,0.09213932206233343,0.3713348070780436,-0.09065902630488075,0.7065402778460198,1.034194671820619,1.7257440386786584,1.3290703296661377,3.9508113861083984,3.327269554138184,-1.1747465133666992,-1.211771011352539,-4.258214473724365,22.680427073474142,13.031521186262438,1.820420993008719,1.1307844038274626,5.435002367861055
2,1771108855971,1771108859058,0,0.012676515181859327,0.3399954795837402,-0.18279281457265215,0.7303648108150814,1.0523311311069103,1.7419433845752268,1.3290703296661377,3.9508113861083984,3.327269554138184,-1.1747465133666992,-1.211771011352539,-4.258214473724365,24.911825366260885,14.653840849556717,1.8464926751161537,1.1412316145140395,5.435002367861055
2,1771108857032,1771108860130,0,-0.13915767545501392,0.23731307983398436,-0.29561020533243815,0.6582310111180133,1.0539213280700344,1.4243218536623963,1.3290703296661377,3.9508113861083984,1.9747862815856931,-1.1747465133666992,-1.5880918502807615,-3.7267889976501465,23.318672099027786,13.519056444983528,1.6386955554931018,0.9815708205490298,5.435002367861055
2,1771108858142,1771108861193,0,-0.07196054731806119,0.15104872385660809,-0.17968784173329672,0.6090480965456739,0.7302808270668482,1.3985683234645918,1.1934747695922852,1.3037805557250977,2.7735965251922607,-1.0367364883422852,-1.5880918502807615,-2.905805349349976,22.21855575251968,12.195791632127895,1.5132220677486687,0.7441790128011808,3.065024873499948
2,1771108859217,1771108862241,0,0.010467213578522205,0.0858922004699707,-0.0009204506874084565,0.6614189950357947,0.6274437788475042,1.2986497441801839,1.1934747695922852,1.2725553512573242,2.7735965251922607,-1.4066591262817385,-1.5880918502807615,-2.505836248397827,19.116988871524985,8.486772369952204,1.4226661941073353,0.6569829074674315,2.836960073909308
2,1771108860217,1771108863304,0,0.1556329457089305,0.20140066146850585,0.04857393900553386,0.6397615964091917,0.6889495535209785,1.2050083572014456,1.1934747695922852,1.7739782333374023,2.7735965251922607,-1.4066591262817385,-0.8596391677856445,-2.105417490005493,18.43736514358208,9.414569106901176,1.384789417006497,0.6493710611103749,2.836960073909308
2,1771108861287,1771108864371,0,0.1748744267349442,0.062175559997558597,-0.11933165788650513,0.5817769469009332,0.6445452416658866,1.1272252021309286,1.1085455417633057,1.7739782333374023,1.6741087436676023,-1.4066591262817385,-0.9841575622558594,-2.701300621032715,17.620375433730132,10.05652403369002,1.2671206157802695,0.6433859043213787,2.883480882114815
2,1771108862345,1771108865431,0,-0.036791350319981576,0.1464274247487386,-0.35429749488830564,0.5356142815073835,0.8383899620926073,1.203479721580992,1.099110126495361,1.9370336532592771,1.566727638244629,-1.216205358505249,-1.6344923973083496,-2.701300621032715,18.384885788735023,8.756384122404151,1.4221257845405473,0.7066813614816124,2.973021454046981
2,1771108863412,1771108866524,0,-0.06571949496865273,-0.19167153040568033,-0.42124427954355875,0.5696339439789296,1.8241964786259977,1.566080864176338,1.2069528102874756,2.6732282638549805,3.154540538787842,-1.216205358505249,-7.59965705871582,-4.216894149780273,22.707873739899814,13.441914668993382,1.968598110740931,1.5237490001906904,7.926403307438334
2,1771108864482,1771108867585,0,-0.1196536622941494,-0.008855342864990233,-0.4053280750910441,0.5633367327152843,1.9086023533586647,1.4339035998172576,1.2069528102874756,2.6732282638549805,3.154540538787842,-1.216205358505249,-7.59965705871582,-4.216894149780273,21.520554387955304,13.243782175124936,1.9307229866785682,1.5312760306693507,7.926403307438334
2,1771108865539,1771108868651,0,-0.01809808413187662,0.09244360923767089,-0.40016507705052695,0.5132649814240248,1.8989325162608668,1.3088705796735114,1.2069528102874756,2.6732282638549805,3.154540538787842,-1.049801468849182,-7.59965705871582,-4.216894149780273,21.982859373160363,15.085077948773252,1.789053531267615,1.5640585429552663,7.926403307438334
2,1771108866632,1771108869727,2,0.1656027302145958,0.4535593350728353,-0.4179125189781189,0.7315527210612653,0.9228105079408235,0.9601647350785317,2.2695374488830566,2.1912155151367188,1.3178603649139404,-0.6964582204818726,-1.5763092041015625,-2.432058572769165,18.64417054041282,11.75898761153032,1.4356196165597834,0.773592356326996,3.1913197961102773
2,1771108867692,1771108870791,2,0.1927362526456515,0.45699618657430013,-0.398187776406606,0.8275185728473238,0.8599639799453916,1.0647378533333547,2.2695374488830566,2.1912155151367188,1.3178603649139404,-2.0234034061431885,-1.5763092041015625,-2.4488863945007324,19.55063032191909,12.264876741250193,1.4839068699103304,0.8358097610765982,3.480422568446521
2,1771108868787,1771108871837,2,0.211755866309007,0.36172377268473305,-0.24882795413335165,0.9030495478695516,0.8052841945645804,1.04389159337861,2.2695374488830566,2.1912155151367188,1.3580167293548584,-2.0234034061431885,-1.5763092041015625,-2.4488863945007324,17.976508161045682,9.587566307159477,1.443997730818239,0.8015319113956202,3.480422568446521
2,1771108869827,1771108872908,0,0.009201715389887493,0.19189459482828777,0.1455861210823059,0.6885728760706872,0.7141804740188334,0.9293935221259063,1.2636593580245972,1.580906867980957,2.257615327835083,-2.0234034061431885,-0.9613761901855468,-2.4488863945007324,16.276015320388346,8.21912772491985,1.180583446362906,0.6828083263731903,3.480422568446521
2,1771108870873,1771108873990,0,0.03777948319911957,0.024309921264648444,0.29208759069442747,0.5555440722179077,0.7184863581533227,0.9449907754275093,1.2636593580245972,1.5276689529418943,2.257615327835083,-0.8358998894691467,-1.2278203964233398,-1.6711868047714231,16.897908999659844,7.488190805455088,1.222093798984375,0.5130210889600868,2.3818620949053635
2,1771108871938,1771108875057,0,-0.011506975193818417,-0.1185182253519694,0.42449074586232505,0.47839833872349946,0.7450901317551321,1.1200991124484925,0.9822371006011964,1.2672786712646484,2.257615327835083,-1.0525002479553225,-1.7080459594726562,-2.12845516204834,19.79177629737268,8.450070698520317,1.3419839768922932,0.6137576176011301,2.5800435352261757
2,1771108873014,1771108876156,0,-0.04713649849096935,-0.07803767522176107,0.17710165977478026,0.49610585201071017,0.7457350410443866,1.1610043391729008,0.9822371006011964,1.2672786712646484,2.024578332901001,-1.0525002479553225,-1.7080459594726562,-2.225313186645508,19.843357181416216,7.019231071502991,1.3453660560731278,0.5646182567042682,2.5800435352261757
2,1771108874144,1771108877211,0,-0.09899218380451202,-0.18138043085734049,0.24132180611292522,0.552734770759735,0.9144244656587512,1.3626357517362788,0.9822371006011964,1.7650957107543943,4.579540729522705,-1.1364997625350952,-2.396725654602051,-2.225313186645508,21.101048041073227,8.428107675841842,1.5278568715103438,0.8294803912451579,4.620672938828733
2,1771108875166,1771108878277,0,-0.05175788352886834,-0.07479219436645508,0.17971155246098836,0.6737571999261763,0.991017034225166,1.3840194724427255,1.0767420530319214,1.7650957107543943,4.579540729522705,-1.326030135154724,-2.396725654602051,-2.225313186645508,21.90110945921845,9.572827787197937,1.6231411993437326,0.8173776101875173,4.620672938828733
2,1771108876226,1771108879379,0,0.11663295576969784,-0.14162076314290364,0.40201671520868937,0.7047797214059751,1.074885406469701,1.5750415585101694,1.1891494989395142,1.7650957107543943,4.579540729522705,-1.326030135154724,-2.396725654602051,-2.346796989440918,24.877467478647297,9.229519680888933,1.8740996066268554,0.8375550384350915,4.620672938828733
2,1771108877317,1771108880416,0,-0.008973640203475955,0.12573490142822263,0.01811191240946452,0.818183270679154,1.1092246558515584,1.4616371808594977,1.1891494989395142,2.010321617126465,3.3600564002990723,-2.396458864212036,-1.4959049224853516,-2.346796989440918,24.375300278203785,8.442487231232878,1.8381322353024205,0.7468101962670123,3.565349103643373
2,1771108878378,1771108881472,0,-0.03393387347459794,0.11807177861531573,0.034274955590566,0.84271014829375,1.1829973813076964,1.4704065386643497,1.6142083406448364,2.07501220703125,3.3600564002990723,-2.396458864212036,-2.3535890579223637,-2.346796989440918,24.115833421833717,10.763489888588687,1.8887142212528174,0.7735095456370993,3.565349103643373
2,1771108879498,1771108882515,0,-0.06547240503132343,0.20857257843017576,-0.1900521715482076,0.8779802104550362,1.1824566889124937,1.2976828641956932,1.6142083406448364,2.07501220703125,2.6620917320251465,-2.396458864212036,-2.3535890579223637,-3.1401889324188232,22.830026137564428,11.652279454491431,1.8000162668199746,0.766845203739219,3.363793731521606
2,1771108880514,1771108883582,0,-0.00978920894364516,0.045102628072102836,-0.19553310076395672,0.8356523445581406,1.057776836168243,1.3250790192707593,1.6142083406448364,2.07501220703125,2.6620917320251465,-2.0210793018341064,-2.3535890579223637,-3.1401889324188232,22.784749076512632,12.136062040342598,1.7003456421446808,0.7898893508514098,3.3374447030102177
2,1771108881580,1771108884643,0,-0.040543446068962416,0.1880975405375163,-0.3677162686983744,0.6851133076996628,1.0280109695659576,1.1115856702430786,1.2717711925506592,2.114251136779785,1.9536669254302976,-1.4671028852462769,-1.5934133529663086,-3.1401889324188232,20.64630326527601,9.941863274824751,1.5344609368722457,0.7100887706560208,3.3374447030102177
2,1771108882624,1771108885718,0,-0.15657342597842216,0.2898188273111979,-0.46229594548543296,0.5993105601090453,0.9886601222174808,0.9631503332850477,0.9549343585968018,2.114251136779785,1.663994550704956,-1.4671028852462769,-1.569427490234375,-2.348730564117432,19.907559181015277,8.23263471779051,1.45517344103916,0.6380216073094692,3.23631191328458
2,1771108883683,1771108886814,0,-0.1381777249276638,0.44413169225056964,-0.28939767678578693,0.5585919167309977,1.1289003581911885,1.2246170044697755,1.2122024297714231,2.3535032272338867,3.2839901447296143,-0.9592657089233398,-1.569427490234375,-2.383178472518921,22.333684941541307,10.417111886850147,1.6771703746601025,0.6976216423582299,3.5120160908035634
2,1771108884750,1771108887863,0,-0.13766343221068383,0.2492382049560547,-0.28246423800786336,0.6246273969558356,1.0450780170600973,1.191556892085391,1.2122024297714231,2.3535032272338867,3.2839901447296143,-1.074678897857666,-1.4086370468139648,-2.383178472518921,22.08444747101134,11.436294104240025,1.563679882098182,0.7342687707935581,3.5120160908035634
2,1771108885829,1771108888955,0,-0.12745253468553225,0.16253159840901693,-0.230664590994517,0.6072650874376476,0.9684959330450885,1.1866537778502346,1.2122024297714231,2.3535032272338867,3.2839901447296143,-1.074678897857666,-1.4086370468139648,-2.383178472518921,20.91816080873673,12.062315017118824,1.4816115691800602,0.737025484760567,3.5120160908035634
2,1771108886896,1771108890024,0,-0.13585819949706396,0.021453762054443368,-0.25040401617685953,0.6377935989815693,0.8812344928593688,0.8240231710844147,1.1352437734603882,1.8906488418579104,1.1674659252166748,-1.3946452140808103,-1.5196304321289062,-2.176866292953491,19.72460191844566,10.222284593362055,1.2841858964101258,0.4907172007627855,2.434075754132856
2,1771108887964,1771108891123,0,-0.09066080873211226,-0.03310314814249674,-0.25155888001124066,0.5986791899821594,0.8717150214071625,0.84380553313402,0.9259631037712096,1.8906488418579104,1.189002513885498,-1.3946452140808103,-1.80427360534668,-2.176866292953491,17.871987413050565,9.318414486953714,1.2517182042070092,0.5334660728745885,2.434075754132856
2,1771108889064,1771108892179,0,-0.10945807124177612,-0.09506791432698568,-0.37433035373687745,0.6327916981597576,0.9013529993766053,0.7415908312888141,1.0526814460754397,1.8906488418579104,1.189002513885498,-1.3946452140808103,-1.80427360534668,-1.6426002979278564,17.032566554089907,9.931683672710701,1.2715888709699323,0.5067776574819851,2.434075754132856
2,1771108890160,1771108893244,0,-0.0700974106788635,-0.13067814509073894,-0.27236529588699343,0.570462531642127,0.7487629241107879,0.9476817622986902,1.0526814460754397,1.4099454879760742,1.8237791061401367,-1.5348703861236572,-1.80427360534668,-1.704861760139465,16.08818713010332,10.945091269317302,1.2526604023988843,0.5102908532432607,2.351696027082274
2,1771108891216,1771108894313,0,-0.0811594729622205,-0.1475374221801758,-0.045059049129486085,0.6086477634209669,0.7871787797422509,1.1208579606199798,1.0526814460754397,1.4099454879760742,1.9912402629852293,-1.5348703861236572,-1.3665056228637695,-2.1574323177337646,18.401655892826305,10.340995566387523,1.3918218855689948,0.5233452445873188,2.351696027082274
2,1771108892284,1771108895380,0,-0.12284893294175465,0.17781464258829752,-0.0013994733492533366,0.5965941857968841,0.8927919668032637,1.1893171490635361,0.9070241451263428,1.6986284255981443,1.9912402629852293,-1.5348703861236572,-1.3665056228637695,-2.9543793201446533,20.078043645655637,10.026972915884624,1.4511504557390664,0.6613223745911132,3.5577062092254814
2,1771108893344,1771108896464,0,-0.042949094374974565,0.2420008341471354,-0.09422182639439904,0.5597918579193825,0.9437356006368085,1.1911059427998687,0.9361189007759094,1.9643793106079104,1.9912402629852293,-1.1078524589538574,-1.6498565673828125,-2.9543793201446533,19.900711722283937,9.691987239767869,1.4473434753177963,0.7262061890393676,3.5577062092254814
2,1771108894419,1771108897548,0,-0.031033264100551596,0.3688608169555664,-0.36455568472544353,0.546121495497094,1.0629454856455458,1.048490321406705,0.9361189007759094,2.360884666442871,1.5007128715515137,-1.1078524589538574,-1.6775226593017578,-2.9543793201446533,19.61703359342863,10.391441576316769,1.482015613601628,0.7311336661661672,3.5577062092254814
2,1771108895488,1771108898607,0,0.0011813680330912345,-0.0972894827524821,-0.17966854572296143,0.6274578335906501,1.2242958579111187,1.1461948477557127,0.9361189007759094,2.360884666442871,1.985301494598389,-1.5872939825057983,-2.398552417755127,-2.515100717544556,20.943885154492357,11.31965719684865,1.6133924132849902,0.7461624433661734,2.948582249892063
2,1771108896571,1771108899667,0,-0.0121931125720342,-0.2843646049499512,-0.21338454484939576,0.6881752733996614,1.290621215607266,1.002174609470501,1.112696886062622,2.360884666442871,1.985301494598389,-1.5872939825057983,-2.4302563667297363,-2.3021342754364014,22.169535647095,9.435451144384547,1.6367724407563364,0.709328270947534,2.948582249892063
2,1771108897655,1771108900725,0,-0.012799036999543508,-0.32379652659098307,-0.17276223500569662,0.7382921857696682,1.2212902030953394,0.9850642267751385,1.112696886062622,2.0113353729248047,1.985301494598389,-1.5872939825057983,-2.4302563667297363,-1.6629972457885742,22.964905331296432,8.642905856166305,1.5900708425246226,0.7286787283000663,2.948582249892063
2,1771108898717,1771108901793,0,-0.06681199024120967,-0.08922171592712402,-0.23210243781407675,0.7431339058964368,1.163412319753401,0.7505273498967152,1.112696886062622,2.0113353729248047,0.9884316921234132,-1.786838173866272,-2.4302563667297363,-1.6629972457885742,21.37104539764601,7.060452005051584,1.4509135354189118,0.5999233492193518,2.7733943040915974
2,1771108899767,1771108902863,0,-0.2599918896953265,0.30204617182413734,0.031074460347493504,1.384850181623576,1.0660832770363164,1.2436350665702058,3.029724597930908,2.354241371154785,3.03225040435791,-4.646312236785889,-1.4403057098388672,-2.589370012283325,25.191768467390812,13.372624432457178,1.8843135232801453,1.045562976557124,5.403828434705119
2,1771108900836,1771108903922,0,-0.2807452936967214,0.2932959238688151,0.13574806451797486,1.473873044287187,1.1144429109223566,1.5736563261034446,3.029724597930908,2.354241371154785,3.03225040435791,-4.646312236785889,-2.420485496520996,-4.046505928039551,27.220115251545668,14.55884751956742,2.194143065067325,1.048805815904647,5.403828434705119
2,1771108901905,1771108905005,0,-0.15589699596166612,0.2087367375691732,-0.008362142244974764,1.5744377538287844,1.0971744472329554,1.745256625236387,3.029724597930908,2.354241371154785,3.03225040435791,-4.646312236785889,-2.420485496520996,-4.046505928039551,30.076238579818376,13.470852228211179,2.4045040527243273,0.904349389615225,5.403828434705119
2,1771108902963,1771108906135,0,0.10619845241308212,-0.0581602414449056,-0.29163413445154823,1.1722755070370383,0.9502268091836721,1.5384531257940723,2.322572708129883,1.422565460205078,3.002375602722168,-1.7572015523910522,-2.420485496520996,-4.046505928039551,24.939165742375664,11.615153301569116,1.982207300773626,0.8261445485241207,4.115699167233454
2,1771108904029,1771108907156,0,0.06474296326438586,-0.07553898493448893,-0.4438074628512065,1.0141176139513548,0.8108634140373997,1.1962852107742676,2.1661956310272217,1.329390525817871,1.5859651565551758,-1.7572015523910522,-2.1226634979248047,-3.263611316680908,21.943426002197825,10.223692462531691,1.660653073766028,0.691494230402138,3.5382259047139324
2,1771108905137,1771108908212,0,0.05026446639870604,-0.22786428133646647,-0.05651445786158244,0.7821799167848154,0.8632892888586365,1.1094905619491728,2.093202590942383,1.329390525817871,1.6061574220657349,-1.7572015523910522,-2.42146110534668,-3.263611316680908,18.45380497007813,9.758449071795456,1.4395511867932111,0.7098639499497785,3.5382259047139324
2,1771108906198,1771108909284,0,-0.061523142363876106,-0.4258281707763672,-0.058475553989410414,0.5068290841298798,0.9246122967273137,1.0547424662715483,0.9624510407447816,1.205399513244629,1.6061574220657349,-1.2858195304870603,-2.42146110534668,-2.272804975509644,18.199665815261415,6.895694778548265,1.4171677811586498,0.5845358124228327,2.5111950599308708
2,1771108907249,1771108910346,0,-0.01908963487173121,-0.18309837977091473,-0.10247428019841513,0.4870972406769011,1.1103835939329092,1.0378696353282681,0.9624510407447816,1.886662483215332,1.6061574220657349,-1.2858195304870603,-2.42146110534668,-2.272804975509644,17.126649414842245,6.941136703456843,1.4674993402452707,0.6045619347811361,2.5111950599308708
2,1771108908317,1771108911419,0,-0.022133829444646834,0.05335621833801268,-0.2017581264177958,0.5314986594072292,1.0304215352594597,1.0306346449451516,0.8047906756401062,1.886662483215332,1.7466745376586914,-1.2858195304870603,-1.555224895477295,-2.272804975509644,17.364207019873813,6.371648415252786,1.4435494073170219,0.5443691141916072,2.495654795265764
2,1771108909385,1771108912504,0,-0.059623516350984576,0.17970191637674968,-0.3440999150276184,0.5940906015150149,1.0002815937291178,1.2461802951769103,0.8314979076385498,1.886662483215332,1.7466745376586914,-1.292542576789856,-1.542430400848389,-3.431412696838379,19.773563985487012,9.441739840935986,1.5746924336541182,0.7077302694067027,3.5177651821150198
2,1771108910451,1771108913580,0,-0.08247583881020545,-0.1747225284576416,0.02601225773493449,0.6595653648199816,0.976429736957805,1.595868386295716,1.1712175607681274,1.8598546981811523,4.05972957611084,-1.292542576789856,-2.293198585510254,-3.431412696838379,22.283112162490276,9.278119263637862,1.7462481907455152,0.9055500981610288,4.268929023612692
2,1771108911524,1771108914656,0,-0.07005391617616018,-0.11162052154541016,-0.2475834608078003,0.6337761518568206,1.0700380046580196,1.7097474557349586,1.1712175607681274,1.449751853942871,4.05972957611084,-1.292542576789856,-2.293198585510254,-3.431412696838379,25.174756186800504,9.959935987679359,1.865463632893952,0.9753531300750202,4.268929023612692
2,1771108912613,1771108915716,0,0.09400016913811364,-0.0015394687652588058,-0.11699723402659098,0.5391931802682712,1.1955347840657193,1.7271077558449777,1.1712175607681274,2.4003047943115234,4.05972957611084,-0.9145813584327698,-2.293198585510254,-3.428422451019287,26.31804701622777,12.31838009332854,1.8970227597288079,1.0017230909613415,4.268929023612692
2,1771108913689,1771108916783,0,0.12127982378005982,0.34514085451761883,-0.5814315915107727,0.39774129357202376,1.25033791227144,1.634726154485196,1.0419070720672607,2.8917770385742188,2.601391077041626,-0.5425703525543213,-1.7603702545166016,-4.136233329772949,26.42920713213287,12.63452579221504,1.920914222043184,1.0319344720833146,4.273255348649964
2,1771108914756,1771108917888,0,0.06954209009806316,0.25280221303304035,-0.6167545239130656,0.5276600572441812,1.289069841712029,1.5633138037227206,1.3332042694091797,2.8917770385742188,2.601391077041626,-1.154963731765747,-1.7603702545166016,-4.136233329772949,26.29064427671481,13.688131896212935,1.9560555014097214,0.9437188614034121,4.273255348649964
2,1771108915847,1771108918927,0,-0.13224582225084305,0.20962799390157064,-0.5418453375498454,0.536427785730159,1.2230038750808825,1.3675170597151307,1.3332042694091797,2.8917770385742188,1.5864033699035645,-1.154963731765747,-1.6144156455993652,-4.136233329772949,23.7132715368361,11.709037959724379,1.785225633804472,0.8508464005355257,4.273255348649964
2,1771108916892,1771108920003,0,-0.14516505350669226,0.007018995285034173,-0.25662460724512737,0.6008200310432187,1.070848940947169,1.1573799468398631,1.3332042694091797,2.4346160888671875,1.9378764629364011,-1.2187085151672363,-1.6144156455993652,-2.067316770553589,23.27501465352311,11.17789669870592,1.5928941409935284,0.5589300976140221,2.7743192434304675
2,1771108917961,1771108921062,0,-0.24610165109237034,0.13925706545511882,-0.35877965688705443,0.5585316246965437,1.0994337679628687,1.1000662174748252,0.845569372177124,2.394500732421875,1.9378764629364011,-1.2882481813430786,-1.6144156455993652,-1.9386786222457888,21.44838345371105,10.283707067710665,1.5870828242764796,0.5839923037633145,2.607908406771923
2,1771108919035,1771108922195,0,-0.13677818458527327,0.18807786305745441,-0.30292616685231527,0.5960711089534269,1.127647682003159,1.0543570759653147,0.845569372177124,2.394500732421875,1.9378764629364011,-1.2882481813430786,-2.0230607986450195,-1.7729793787002563,19.033078442407106,10.697412190230251,1.5384280375695651,0.6641239486920542,2.75851550548385
2,1771108920128,1771108923252,0,-0.12449160398294526,0.2551148732503255,-0.030963786443074546,0.6361622974011525,1.1148329778764525,1.168119555388772,1.0868955850601196,2.394500732421875,3.0230607986450195,-1.2882481813430786,-2.0230607986450195,-1.7729793787002563,18.066976504763268,10.531479782730878,1.5703629815701232,0.7384678981061511,3.040804348118575
2,1771108921171,1771108924276,0,0.013040755130350605,0.10530551274617513,0.2263579289118449,0.588252580106854,0.9542191852685433,1.0691313210147895,1.0868955850601196,2.0128936767578125,3.0230607986450195,-1.2749711275100708,-2.0230607986450195,-1.619607925415039,19.00072509208061,12.929473991112978,1.3719002841149122,0.7192069843144702,3.040804348118575
2,1771108922247,1771108925358,0,0.0345242569843928,0.14943965276082358,0.41703238487243655,0.5909407480666604,0.7499182026990786,1.0064045897800926,1.0868955850601196,2.0128936767578125,3.0230607986450195,-1.2749711275100708,-1.3630828857421875,-1.619607925415039,17.974719455776263,12.3999171780078,1.2853856625009001,0.6476863627767184,3.040804348118575
2,1771108923314,1771108926426,0,0.05600392917792003,-0.10261650085449218,0.27915809949239095,0.49995048164225053,0.775521162618063,1.1204363325241322,0.8763399124145508,1.5451993942260742,2.9102935791015625,-1.2749711275100708,-1.95011043548584,-1.619607925415039,18.14214902489495,12.444378746130173,1.3075428705645924,0.657946047244403,3.0150890167443647
2,1771108924382,1771108927494,0,0.08802998835841815,-0.010659154256184895,0.3698497136433919,0.5835664455268926,0.9791564081116425,1.0620807747835301,1.0308479070663452,1.9321966171264648,2.9102935791015625,-1.5199402570724487,-1.95011043548584,-1.549504041671753,19.16248763451614,10.542371183029324,1.4478075124805314,0.639159469034125,3.0150890167443647
2,1771108925466,1771108928569,0,0.16562305316329,0.01651862462361653,0.20142252445220948,0.5460936457739438,1.0151282856924924,1.2593074282946861,1.0308479070663452,1.9321966171264648,2.9102935791015625,-1.5199402570724487,-1.95011043548584,-2.9402647018432617,20.806240232938528,10.946929057731174,1.547510713298792,0.7126147298523029,3.25684639651477
2,1771108926534,1771108929629,0,0.2371326689918836,0.17849397659301758,0.1431921124458313,0.55976546206978,0.9626228988641219,1.059072471159833,1.0308479070663452,1.9321966171264648,2.0584733486175537,-1.5199402570724487,-1.4367752075195312,-2.9402647018432617,18.54075665567137,11.057556906569145,1.4055018914580326,0.6560498113182899,3.25684639651477
2,1771108927597,1771108930714,0,0.18887858514984449,0.10730791091918945,0.13740371863047282,0.4571027068803634,0.7799567669875178,1.1383782265053821,1.0236320495605469,1.3585386276245115,2.0584733486175537,-1.0138397216796875,-1.4288005828857422,-2.9402647018432617,16.52013569416718,10.704634589637763,1.261731496211496,0.7312091565753609,3.25684639651477
2,1771108928678,1771108931782,0,0.048027704780300454,-0.024344889322916667,-0.13601580063501995,0.4535325970702589,0.6675908964044762,1.0763978528065952,1.0236320495605469,1.3585386276245115,2.0584733486175537,-1.0138397216796875,-1.2673559188842771,-2.7445156574249268,15.293430490188273,9.228286471050042,1.1486752100733275,0.6835101550381469,3.2258122043686943
2,1771108929740,1771108932876,0,0.017362248773376148,-0.10809545516967774,0.07538233995437622,0.4141202485845702,0.5854107256231996,1.2033287798699135,0.7001703381538391,1.3585386276245115,2.606813669204712,-1.0138397216796875,-0.8660421371459961,-2.7445156574249268,16.42149567101034,8.901834355294444,1.1913970033289398,0.7156163161133702,3.2258122043686943
2,1771108930822,1771108933933,0,0.0981807560970386,-0.06502478917439777,0.10260451634724933,0.5039309487260084,0.5842597954759192,1.1882700576967702,1.1242897510528564,0.9495105743408204,2.606813669204712,-0.7747794985771179,-0.9800100326538086,-2.2970311641693115,15.604926847735488,7.014172079019219,1.2665648497999171,0.6107576728860399,2.7939573441649803
2,1771108931890,1771108935002,0,0.10332578321297964,-0.01065759658813476,0.32385132312774656,0.5291115598889126,0.5984089357365515,1.1826117978026067,1.1242897510528564,1.1877260208129885,2.606813669204712,-0.7747794985771179,-0.9800100326538086,-2.222850561141968,17.898917114645773,8.116687191731259,1.3458859263562284,0.5314223763339477,2.7939573441649803
2,1771108932966,1771108936061,0,0.011182918151219683,0.057401974995931034,-0.08919087648391726,0.5788757220919484,0.6871615255022662,1.1436650004358568,1.1242897510528564,1.1877260208129885,1.7362754344940186,-1.0330464839935305,-1.922687530517578,-2.222850561141968,17.62881521418024,8.77930067303715,1.347238891478074,0.4993839652005052,2.2674702562709252
2,1771108934034,1771108937171,0,-0.028276060024897277,0.12904179890950523,-0.1752121647198995,0.5913549515304547,0.8847985830328645,1.292972129046123,1.2012181282043457,2.0395822525024414,3.653266668319702,-1.200892448425293,-1.922687530517578,-2.248405933380127,20.226741551737238,12.217852226385869,1.4801591386733908,0.7666412289350032,3.9447379425677114
2,1771108935105,1771108938265,0,-0.041412635023395226,-0.00117796262105306,-0.11948365767796834,0.5634770126604122,1.0264369840043401,1.2477724855644519,1.2012181282043457,2.0395822525024414,3.653266668319702,-1.200892448425293,-1.922687530517578,-2.248405933380127,19.56530533641343,11.871786640711164,1.5225479636961203,0.7392367859913513,3.9447379425677114
2,1771108936176,1771108939281,0,-0.03790618069469929,0.1113006591796875,0.26316378513971966,0.563659106184398,1.091491986726951,1.40759558352644,1.2012181282043457,2.0395822525024414,3.653266668319702,-1.200892448425293,-1.606065273284912,-2.248405933380127,22.538943566454588,11.83668769997362,1.6825869848085309,0.8047442607735341,3.9447379425677114
2,1771108937245,1771108940385,0,-0.0946953787157933,0.23915058771769207,0.31848869323730467,0.5369716024977196,1.1262338100618061,1.2665414988190737,1.2816013097763062,2.2439069747924805,2.970503091812134,-0.9348983764648438,-1.606065273284912,-2.3992369174957275,20.899607465887197,9.722040565685282,1.6648228124211217,0.6833990495255708,3.032812017059301
2,1771108938315,1771108941408,0,-0.054880723853905994,0.3172444502512614,0.15068033933639527,0.6190107381433043,1.0279956551671972,1.2942521622996292,1.2816013097763062,2.2439069747924805,2.970503091812134,-0.9348983764648438,-1.6128063201904297,-2.3992369174957275,21.20153523184309,10.521907051762236,1.6117014175115683,0.74739718040153,3.032812017059301
2,1771108939380,1771108942468,0,0.0197468047340711,0.26915117899576824,-0.1242119272549947,0.5869686349598933,0.987453023013137,0.9606304555725365,1.2816013097763062,2.2439069747924805,1.5990381240844729,-0.9348983764648438,-1.6128063201904297,-2.3992369174957275,18.371309033615415,10.120919039489568,1.3538647852264216,0.6614800636589151,2.885581450749861
2,1771108940450,1771108943536,0,0.004001912971337651,0.05683987935384115,-0.22465715805689493,0.5712119645913387,0.8390496535119952,0.9881218709663124,1.012267827987671,1.5475473403930664,1.6377097368240356,-0.9152665138244628,-1.6309928894042969,-2.238887310028076,17.965966597819563,9.124758132884036,1.295512948682624,0.5709764881680325,2.5392078059228673
2,1771108941510,1771108944613,0,0.12462557392815751,0.17792161305745444,0.056394596894582115,0.5817716571836573,0.9629652636759513,1.1458239162337223,1.2558547258377075,1.8702983856201167,2.74756121635437,-0.9152665138244628,-1.6309928894042969,-2.238887310028076,19.387154606922874,8.93299836281004,1.438589937547911,0.6999093708359602,3.0615268604162877
2,1771108942577,1771108945680,0,0.11082123331725598,0.08554887771606445,0.05929157336552938,0.6018596187697068,0.8906750950558465,1.2130844413660604,1.2558547258377075,1.8702983856201167,2.74756121635437,-0.9918298721313475,-1.6309928894042969,-2.238887310028076,20.598543945632187,9.446467003316208,1.4498729865320608,0.6902206477196172,3.0615268604162877
2,1771108943644,1771108946756,0,0.0872189433624347,-0.010775343577067073,0.08332630395889282,0.5512560761629671,0.8744821754434338,1.153311953581775,1.2558547258377075,1.8702983856201167,2.74756121635437,-0.9918298721313475,-1.9785099029541016,-2.5343832969665527,19.030241201288145,10.042571386692817,1.3453686237204387,0.7358477848138845,3.0615268604162877
2,1771108944720,1771108947817,0,-0.07944391096631685,0.13685884475708007,-0.12304321924845378,0.5691142391933148,0.8038717663995953,1.016758984669162,0.9076182246208192,1.961634635925293,1.8116707801818848,-1.3032790422439575,-1.9785099029541016,-2.5343832969665527,16.0015591250685,8.960715990016407,1.2656844754559855,0.6231127081676078,2.666394425070468
2,1771108945788,1771108948898,0,-0.07111128667990368,0.20695921579996746,-0.1199962596098582,0.747804375937043,0.8336090526827451,1.1696260899560966,1.7688000202178955,1.961634635925293,2.306593894958496,-1.891146540641785,-1.9785099029541016,-2.5343832969665527,15.624842664431277,8.895739748592119,1.4507460049390424,0.7136791539860252,2.8459229247793356
2,1771108946883,1771108949942,0,0.0027128607034683154,0.2790748914082845,-0.13332152962684632,0.7474237781885356,0.8151088261902086,1.1180596304070387,1.7688000202178955,1.961634635925293,2.306593894958496,-1.891146540641785,-1.429412841796875,-2.0097360610961914,16.06262903104892,7.7818301507549155,1.445077242240747,0.6417233161968815,2.8459229247793356
2,1771108947924,1771108951027,0,0.014458798865477246,0.10929873784383139,-0.17491135795911153,0.6766810687437886,0.7452472486286583,1.139821422180605,1.7688000202178955,1.561722755432129,2.306593894958496,-1.891146540641785,-1.429412841796875,-2.6667122840881348,16.137821514962003,8.285697301030037,1.3560857512531486,0.6740368664085432,2.8459229247793356
2,1771108948983,1771108952086,0,-0.009576894839604696,0.05350424448649089,-0.16362539132436116,0.6146345155748133,0.7190472950726675,0.918549950497094,1.2601571083068848,1.561722755432129,1.5531246662139893,-1.4833868741989136,-1.0628280639648438,-2.6667122840881348,15.876772626751583,6.329392115908225,1.187940030279361,0.5562623100747107,2.7616807567801116
2,1771108950051,1771108953156,0,0.008182332416375481,0.15297346115112304,-0.19528127908706666,0.7183887451988474,0.8731452102134871,1.0874529495645497,1.6016523838043213,2.179555892944336,2.053981304168701,-1.4833868741989136,-1.4196395874023438,-2.6667122840881348,19.677613007414568,10.184721245481192,1.39812055430108,0.7089426999009049,2.9714895487106605
2,1771108951157,1771108954198,0,0.047238244116306304,0.19109420776367186,-0.22289841969807941,0.6870437051523438,0.9383401362109817,1.070600776814435,1.6016523838043213,2.179555892944336,2.053981304168701,-1.4833868741989136,-1.4196395874023438,-2.016390323638916,20.89363322740816,11.920647935616394,1.4605808881846836,0.6191286983418699,2.9714895487106605
2,1771108952243,1771108955281,0,0.05702163428068161,0.20731112162272136,-0.18554128011067708,0.5875768495812568,1.0914161394527095,1.3743884041362544,1.6016523838043213,2.179555892944336,3.1857705116271973,-0.777833104133606,-1.6971979141235352,-2.635666847229004,23.60496991642642,12.952256920359302,1.6751832503039,0.7783377073955104,3.266500471486967
2,1771108953247,1771108956359,0,0.054738522569338484,0.13708518346150717,-0.23456072807312012,0.4686902583082059,0.96965877752966,1.2901416520895166,1.5219732522964478,1.8512554168701167,3.1857705116271973,-0.9088983535766602,-1.6971979141235352,-2.635666847229004,21.481356245390813,11.780908842233028,1.5215541536823929,0.7133520134734512,3.266500471486967
2,1771108954306,1771108957420,0,0.0801764577627182,0.16645320256551108,-0.27108264366785684,0.6404394420965395,1.0091615358224222,1.3005640674783774,1.5219732522964478,2.182549476623535,3.1857705116271973,-1.3720016479492188,-1.6971979141235352,-2.635666847229004,22.693943549973834,9.34742615540982,1.6134498317439436,0.7337450453757239,3.266500471486967
2,1771108955393,1771108958486,0,0.004601773122946421,0.2565075238545736,-0.32789065440495807,0.6514789672574055,0.8805182113300986,1.0934833282835135,1.109246850013733,2.182549476623535,1.9288787841796875,-1.3720016479492188,-1.135523796081543,-1.9879393577575684,20.5205797972578,11.030578446986244,1.4678552210526228,0.5880934772618868,2.5423328476228333
2,1771108956459,1771108959553,0,0.05560093348224958,0.17425432205200195,-0.038424642880757656,0.7795127065389947,0.8102383181701868,1.1397073789879217,1.6550209522247314,2.182549476623535,2.593109130859375,-1.3720016479492188,-1.1171913146972656,-1.9879393577575684,20.83187933478051,10.643808218654263,1.4388498697568453,0.6764007200327229,2.651000685368026
2,1771108957526,1771108960616,0,-0.08735632772246997,0.08515141805013024,0.05704348882039388,0.7816773792692341,0.7231466230929287,1.0224418943261255,1.6550209522247314,1.8256349563598635,2.593109130859375,-1.5867286920547483,-1.6713285446166992,-1.6681523323059082,19.875832666806517,10.38187311425641,1.3215798061256154,0.625547257486983,2.651000685368026
2,1771108958594,1771108961680,0,-0.08559267098704972,0.05478130976359051,0.15871918201446533,0.8853390555514723,0.6284455205407158,0.8630995770550814,1.6550209522247314,1.0798139572143557,2.593109130859375,-1.5867286920547483,-1.6713285446166992,-1.065288543701172,19.345857869204348,7.2192282519317175,1.289136940311699,0.49119599718077006,2.651000685368026
2,1771108959653,1771108962748,0,-0.11578144331773123,0.13807330131530762,0.043635451793670656,0.7846808796024658,0.7766176152606598,0.7664881359009115,1.161418914794922,1.0865955352783203,1.963773727416992,-1.5867286920547483,-1.9749436378479004,-1.591995358467102,18.419388606965324,8.469083002179563,1.2634800249178926,0.4364545501587674,2.1586128972418925
2,1771108960720,1771108963817,0,-0.0054128487904866384,0.06823636690775553,0.233647874991099,0.6875762481493015,0.764000934489151,0.805647764801011,1.161418914794922,1.2428207397460938,1.963773727416992,-1.4720624685287476,-1.9749436378479004,-1.591995358467102,17.41707525937322,8.798184459620416,1.2239713725550092,0.4659216232088129,2.321030375317056
2,1771108961788,1771108964905,0,0.01879978130261103,-0.03355743090311688,0.1888262152671814,0.5786686154051124,0.9620234114588729,1.1589464115438128,1.081505537033081,1.7311325073242188,2.740352869033813,-1.294766902923584,-1.9749436378479004,-1.657955527305603,19.814583294797636,11.871288200121159,1.4235743974078667,0.7385614371243285,3.356922565103739
2,1771108962856,1771108965951,0,-0.05794272323449453,0.07155032157897948,0.08682218790054322,0.5996115646110116,1.1049166386761755,1.2879419115019437,1.081505537033081,1.962599754333496,2.740352869033813,-1.294766902923584,-1.9203872680664065,-2.519033432006836,21.590834794992517,11.750517202078521,1.6232412219426517,0.7279870952525614,3.356922565103739
2,1771108963926,1771108967019,0,-0.015832614898681648,0.13448739051818848,-0.17480342388153075,0.6742952269576427,1.1370470224444114,1.2993885945461514,1.220802903175354,1.962599754333496,2.740352869033813,-1.294766902923584,-1.9203872680664065,-2.519033432006836,22.099998127500815,11.382836718919751,1.7102464054750575,0.6787765464279628,3.356922565103739
2,1771108964983,1771108968081,0,-0.01062593807776769,0.2531679630279541,-0.223561958471934,0.6029253890503783,0.9698081990034388,0.9446913941177182,1.220802903175354,1.962599754333496,1.963001728057861,-0.981511414051056,-1.7878632545471191,-2.519033432006836,17.845818796217042,9.4908971671348,1.3483275358180888,0.6587387933790001,2.918756146056207
2,1771108966059,1771108969150,0,0.011527056246995928,0.09938462575276692,-0.21092459360758464,0.5544820636813512,0.7670070972338668,0.7388726956333985,1.220802903175354,1.7137174606323242,1.3912906646728516,-0.8792657852172852,-1.665308952331543,-1.5700860023498535,14.232417536681096,7.426150998184988,1.089500614254535,0.5197294809037557,2.12001749954311
2,1771108967173,1771108970221,0,-0.0749504377444585,0.1559857686360677,-0.18040058612823487,0.4468604249588843,0.746141621499046,0.7927076244105742,0.8288678526878357,1.5611028671264648,1.819653272628784,-0.9093826413154602,-1.665308952331543,-2.4369988441467285,14.368464343107345,7.824418260509857,1.0570908621088762,0.5417304147265757,2.602226385618821
2,1771108968203,1771108971281,0,-0.03525319894154866,-0.00344222386678061,-0.19149696032206218,0.4876163968321576,0.7630039259510629,1.0141027390950055,0.9484028816223145,1.5611028671264648,1.819653272628784,-0.9093826413154602,-1.2255535125732422,-2.4369988441467285,16.360511906521904,8.003102265529947,1.237118290242727,0.5516760000399005,2.602226385618821
2,1771108969246,1771108972365,0,-0.046216547737518945,0.112299378712972,-0.12496598561604817,0.4713361963601037,0.9523878928359535,1.1076542872182742,0.9484028816223145,1.718830108642578,1.819653272628784,-0.9093826413154602,-1.7841768264770508,-2.4369988441467285,19.386287925317955,8.575863907799672,1.4063050512326387,0.5844817607091682,2.602226385618821
2,1771108970329,1771108973442,0,0.1011602555712064,0.006220944722493493,0.2801419218381246,0.5634821162905095,0.8270137830302146,1.244264685686988,1.3629029989242554,1.718830108642578,2.5838184356689453,-0.8482035994529724,-1.7841768264770508,-1.7759146690368652,19.470120805299356,9.216537643934245,1.4739626809290678,0.627684985606505,2.7000004646803184
2,1771108971391,1771108974517,0,0.2274664483964443,0.06815010706583659,0.40274980465571086,0.634344261756463,0.7949586705401727,1.1983783022145933,1.5720462799072266,1.718830108642578,2.5838184356689453,-0.8153412938117981,-1.7841768264770508,-1.7759146690368652,19.193725464826624,9.264884345200457,1.4936922215863773,0.6233309664026031,2.7000004646803184
2,1771108972474,1771108975619,0,0.24628741058210532,0.01852839787801107,0.43182969093322754,0.6895214319284172,0.48700442407263617,1.1529850091234652,1.5720462799072266,1.2900381088256836,2.5838184356689453,-1.3000328540802002,-1.100703239440918,-1.8351224660873413,17.751378666431588,7.868358714103375,1.3620081449242583,0.6156012865274066,2.7000004646803184
2,1771108973550,1771108976697,0,0.10643016062676906,0.06817652384440104,0.34586655696233115,0.6262265597630824,0.8579261729349461,0.9147133478300495,1.5720462799072266,2.9113645553588867,1.9603517055511477,-1.3000328540802002,-1.2922983169555664,-1.8351224660873413,17.03273165460694,7.2105431308504775,1.294355914719353,0.6099543273799843,2.9514834144294197
2,1771108974626,1771108977762,0,-0.012516867493589717,0.1272639274597168,0.26023863156636556,0.524276265593338,1.161081519482664,0.874702880890645,1.0041290521621704,2.9113645553588867,1.573612928390503,-1.3000328540802002,-1.4098196029663086,-1.8351224660873413,18.148179580430728,8.685171315297303,1.4041764486305448,0.6598148268050062,3.077571765576627
2,1771108975727,1771108978813,0,-0.0022998703022797952,0.045035266876220705,0.11410396893819173,0.4991497030334286,1.3149635402372202,0.8562318156996627,0.8156154751777649,2.9113645553588867,1.573612928390503,-0.9549079537391664,-1.9619016647338867,-1.633281946182251,18.353665817656243,9.735335127993766,1.500413532961244,0.6309635124385782,3.077571765576627
2,1771108976803,1771108979927,0,0.011570894966522851,-0.021232000986735024,-0.15690378745396932,0.6159465535911163,1.3379077292123935,0.8930618922487739,1.329765558242798,2.606417655944824,1.418734073638916,-0.9549079537391664,-1.9619016647338867,-2.0862977504730225,20.668556222539948,10.169588407880143,1.6027314113776931,0.5793909442406121,3.077571765576627
2,1771108977871,1771108980973,0,-0.006529011080662417,-0.03659515380859375,-0.2693744540214539,0.6751941110448021,1.0940437628858404,1.0931316477363153,1.329765558242798,2.4835500717163086,2.109198808670044,-1.145504355430603,-1.9619016647338867,-2.6675710678100586,20.6563947894812,10.53749907902124,1.5445749620473532,0.6754791941046956,2.969456324670861
2,1771108978925,1771108982051,0,0.07365303995708625,-0.07072307268778483,-0.16187707980473837,0.7838392548608848,1.1290413247003197,1.1253210833121545,1.7713465690612793,2.4835500717163086,2.109198808670044,-1.5219966173171997,-2.073713779449463,-2.6675710678100586,22.404828137307334,12.231663609961126,1.5779114513983628,0.7859515210612075,2.969456324670861
2,1771108980008,1771108983175,0,0.06352383208771546,-0.01718853314717609,-0.19668149550755817,0.7258441146492454,0.9717952861126167,1.1404712553146454,1.7713465690612793,2.164462089538574,2.109198808670044,-1.5219966173171997,-2.073713779449463,-2.6675710678100586,20.610980512061023,11.85078746259721,1.4621066714479143,0.7777765665833928,2.969456324670861
2,1771108981074,1771108984215,0,0.051677369698882106,-0.03006078402201334,-0.18501853545506794,0.7064472141672782,1.0695788988607051,0.7939677474619553,1.7713465690612793,2.164462089538574,1.3861346244812012,-1.5219966173171997,-2.4668760299682617,-2.109992742538452,19.24166174371249,10.535848517376964,1.3254077764487415,0.7037608636696858,2.7020824087064477
2,1771108982179,1771108985287,0,-0.03595840136210125,0.009575144449869798,-0.1978478153546651,0.6134296942462236,0.9160406490866815,0.8534447914741142,1.3306964635849,2.1107940673828125,1.964818000793457,-1.0278881788253784,-2.4668760299682617,-2.109992742538452,17.76621770204755,7.582787401290509,1.2444768239781534,0.6193493857234881,2.566482724373904
2,1771108983251,1771108986356,0,0.14919566089908282,0.08947839736938475,0.08566959301630656,0.639661345953931,0.9136210215932736,0.9109187721801539,1.4141165018081665,1.9181804656982424,2.219209909439087,-1.0278881788253784,-2.4668760299682617,-1.8676220178604128,17.748399918649056,7.685326983592331,1.2773510847814429,0.6516563498685941,2.566482724373904
2,1771108984319,1771108987413,0,0.1350262239575386,0.12935787836710613,0.14203298091888428,0.6202205884053746,0.8092114524362982,0.9947422493254986,1.4141165018081665,1.9181804656982424,2.219209909439087,-1.0278881788253784,-1.0981130599975586,-1.8676220178604128,18.20874244280409,7.994058437174937,1.283603573967579,0.6177344928429902,2.5229569662338647
2,1771108985396,1771108988515,0,0.1448127306997776,0.037909380594889325,0.1721169908841451,0.5093277371118804,0.7823462383832511,0.9111576803613303,1.4141165018081665,1.6116580963134766,2.219209909439087,-0.9426658153533936,-1.2141199111938477,-1.2706432342529297,15.775458643956291,7.422244746107087,1.1785111161316715,0.5645651956800105,2.5229569662338647
2,1771108986459,1771108989582,0,0.09176094780365626,0.07504355112711587,0.12052983045578003,0.5613114616006112,0.7589789066301067,1.0034770749033066,1.1671830415725708,2.1165590286254883,2.702698230743408,-0.9426658153533936,-1.2141199111938477,-1.832569122314453,16.829044251115246,7.930671346514457,1.2482028898902258,0.562063479708033,2.806660562472432
2,1771108987522,1771108990658,0,0.09428085510929424,0.25140625635782876,0.2194561799367269,0.4647019275979481,0.8076697621132308,1.1122771035894605,1.1671830415725708,2.136707305908203,2.980566501617432,-0.5522982478141785,-1.2141199111938477,-1.832569122314453,15.655559403601378,8.605466623267665,1.306136405727396,0.6819243171623556,3.668794870451134
2,1771108988625,1771108991735,0,0.0990535537401835,0.48239434560139977,0.00030732154846194366,0.4681918065412028,0.8699720705191732,1.2545359599299692,1.1671830415725708,2.2813587188720703,2.980566501617432,-0.5522982478141785,-1.6783456802368164,-2.01282262802124,18.324975338467617,10.101868833031725,1.4953227375838403,0.6983558379430012,3.668794870451134
2,1771108989691,1771108992810,0,0.0276951864361763,0.3198086738586426,-0.12132911682128904,0.65141299990627,0.8754086048479632,1.1473068370109696,1.3967838287353516,2.2813587188720703,2.980566501617432,-2.0975892543792725,-1.6783456802368164,-2.01282262802124,19.04949153448805,10.831874061354013,1.4243505324668184,0.7280701628371424,3.668794870451134
2,1771108990769,1771108993887,0,-0.04058247829476991,0.13602151870727539,-0.3140812873840332,0.8631933034624604,0.8579615975337713,1.0258922939087551,1.3967838287353516,2.2813587188720703,1.6036698818206787,-2.0975892543792725,-1.6783456802368164,-2.117719888687134,20.359483370548286,9.599794457051573,1.4744593141270022,0.6383973725978753,2.6422453570118605
2,1771108991843,1771108994957,0,-0.016761034230391183,0.08980143864949544,-0.10912395318349202,0.884777904554936,0.8108021540925062,1.0184137653241916,1.3967838287353516,1.739882469177246,1.9205546379089355,-2.0975892543792725,-1.4927339553833008,-2.117719888687134,20.731914335852725,7.651814430384144,1.427492393133567,0.6247792304143756,2.6185545346931405
2,1771108992958,1771108996014,0,0.007190414269765218,0.1169404665629069,-0.19492743015289307,0.7624583276817821,0.9288069051247728,1.069204154909688,1.305845856666565,1.739882469177246,1.9205546379089355,-1.6558798551559448,-1.816422462463379,-2.885416030883789,21.336200901282407,7.694846086892084,1.4597316863553433,0.6606334148667767,3.303386184866523
2,1771108993988,1771108997074,0,0.037277170146505036,0.07336066563924154,-0.14815770785013835,0.535254310798592,0.9147228191088607,1.126558209198501,0.9614518284797668,1.739882469177246,1.9205546379089355,-1.0594284534454346,-1.816422462463379,-2.885416030883789,19.339047531374252,8.5317901871649,1.3864692319569563,0.6583903683703476,3.303386184866523
2,1771108995049,1771108998163,0,-0.013404128824671105,-0.04153658548990886,-0.1015374223391215,0.5022919118498684,0.8831405175874248,1.0838638215219893,0.9614518284797668,1.4364280700683594,1.7724666595458984,-1.0594284534454346,-1.816422462463379,-2.885416030883789,18.435331526675018,8.637109957448494,1.3355170480204983,0.6119817773095075,3.303386184866523
2,1771108996153,1771108999204,0,-0.1320588920265436,0.02016852696736655,-0.12868812481562297,0.35678332721936346,0.8325417484793588,0.9382268910551425,0.599064290523529,1.445295333862305,1.7724666595458984,-1.0443108081817627,-1.5763731002807615,-2.033473014831543,14.861433553357976,6.1863420567001235,1.2061576635484232,0.4809374348825297,2.0403307919529197
2,1771108997185,1771109000301,0,-0.0632778619726499,0.033886146545410174,0.08948243856430053,0.400784929196242,0.9347815732261909,0.9595399630376487,1.0074374675750732,1.562209129333496,2.149977445602417,-1.0443108081817627,-1.5763731002807615,-2.1058123111724854,17.239709415584944,8.096164888813009,1.2564906359945165,0.5792808567829817,2.575139389232686
2,1771108998241,1771109001363,0,-0.04221172407269478,0.10551389058430989,0.06216707229614258,0.4417279387469524,0.9022179218413493,0.9241100511006214,1.0074374675750732,1.9317522048950195,2.149977445602417,-1.0443108081817627,-1.4635028839111328,-2.1058123111724854,16.699107570701727,8.378872060876484,1.1938805354394288,0.6371481355457889,2.575139389232686
2,1771108999310,1771109002429,0,-0.07097538188099861,0.05999167760213217,0.0645829240481059,0.5158640152319054,0.8651288490095577,0.9973254879654584,1.0074374675750732,1.9317522048950195,2.149977445602417,-1.0855973958969116,-1.4635028839111328,-2.1058123111724854,17.547274998282926,7.8592142099396725,1.2358262998548852,0.6652366668886941,2.575139389232686
2,1771109000402,1771109003505,0,-0.03866985614101092,0.13397916158040366,0.13298211495081586,0.53471324382808,0.8108206582568935,0.85413051186288,0.8295921087265015,1.9317522048950195,1.5546674728393557,-1.0855973958969116,-1.1034049987792969,-1.9257066249847408,15.73291354157406,5.952424738544201,1.1441912244852257,0.597478210556468,2.416936897210894
2,1771109001469,1771109004572,0,0.06979363063971201,0.147814146677653,0.05752443472544354,0.6404246732371435,0.8414347414006031,1.1277979482692742,1.305879831314087,2.0125083923339844,2.3260698318481445,-1.0855973958969116,-1.4766168594360352,-2.6493687629699707,17.65674704344354,6.879394682895614,1.373212188900048,0.6858665065561478,2.867171456497282
2,1771109002539,1771109005644,0,0.11575638006130855,0.15618995030721028,-0.04307421445846558,0.664335816789909,0.8736418873734572,1.2010368696261122,1.305879831314087,2.0125083923339844,2.3260698318481445,-1.1711671352386477,-1.4766168594360352,-2.6493687629699707,19.428239809259217,9.719110118328611,1.4800363533261942,0.6496590737449359,2.867171456497282
2,1771109003614,1771109006725,0,0.08058363993962604,0.1613813082377116,-0.2588125546773275,0.7002695376381803,1.0581169123212317,1.2408696327541258,1.305879831314087,2.055238723754883,2.3260698318481445,-1.1711671352386477,-1.995877265930176,-2.6493687629699707,21.688689328085793,11.042068826565105,1.6786869068641783,0.5809800745579049,2.960456916748592
2,1771109004681,1771109007784,0,-0.04585370818773906,0.16083513895670573,-0.16085315148035687,0.6081962494201015,1.0157333515233997,1.1289913708036372,1.0464177131652832,2.055238723754883,2.2684645652771,-1.1711671352386477,-1.995877265930176,-1.949640274047852,20.726570565361843,11.558975261314725,1.5267953704425847,0.5660851261228433,2.960456916748592
2,1771109005749,1771109008853,0,-0.04688290506601335,0.007960621515909832,0.23955968618392945,0.5774638546486499,1.0984033349995714,1.0117799938119825,1.2461624145507812,2.055238723754883,2.2684645652771,-0.9446606636047364,-1.995877265930176,-1.949640274047852,19.427295085230988,10.273203222522985,1.47700239814172,0.6071233853445309,2.960456916748592
2,1771109006833,1771109009928,0,-0.11477547859152158,-0.06719482739766439,0.33050859371821084,0.5383487922689316,0.9138074749214784,1.0421240809888703,1.2461624145507812,1.7447576522827148,2.448524475097656,-0.9913304448127748,-1.7464599609375,-1.949640274047852,18.81466186132128,9.035079819764913,1.3844959257365739,0.5993836807641126,2.7272730216362677
2,1771109007885,1771109010979,0,0.03901315592229366,-0.09936559995015462,0.22237308820088705,0.6140311113893766,0.8642307682393544,1.0397709940971978,1.2461624145507812,1.2699499130249023,2.448524475097656,-0.9913304448127748,-1.7464599609375,-1.8195146322250368,18.97773759901481,8.194601256191884,1.369314072038524,0.5729915144074961,2.7272730216362677
2,1771109008988,1771109012055,0,0.15507752411067485,-0.059859975179036455,0.13786457777023314,0.5332283236061448,0.8142800165055529,1.2476971541377146,1.0472981929779053,1.289266586303711,3.626378059387207,-0.9913304448127748,-1.7464599609375,-1.8195146322250368,20.27104687236844,11.228763355010452,1.399411569442232,0.7256015215120146,3.776932758736282
2,1771109010036,1771109013167,0,0.10843228287994862,-0.0469782511393229,-0.12420777877171835,0.8498913525750932,0.8681565813930996,1.248861927119893,1.9370189905166624,1.499673843383789,3.626378059387207,-2.3145575523376465,-1.593374252319336,-2.0461268424987797,22.955454812863785,12.247778128991374,1.537366323493823,0.7880849161882032,3.776932758736282
2,1771109011088,1771109014193,0,-0.26820962925752007,-0.010332616170247395,-0.37905614376068114,0.9247417700725222,0.9727857556859614,1.3779391103433989,1.9370189905166624,1.5082674026489258,3.626378059387207,-2.3145575523376465,-1.593374252319336,-2.0461268424987797,25.363433905332645,13.831496601555658,1.7975278882454797,0.7621136829595002,3.776932758736282
2,1771109012161,1771109015225,0,-0.2665930539369583,-0.00446732838948567,-0.4628407617410024,0.9339809622441624,0.9503109047452263,1.179187692211273,1.9370189905166624,1.5082674026489258,1.8621453046798704,-2.3145575523376465,-1.521712303161621,-2.0461268424987797,23.97956494486681,12.312477553697333,1.7167928099448952,0.6418998229580736,3.222849266745873
2,1771109013223,1771109016294,0,-0.11645342707633975,-0.022114499409993504,-0.2213204522927602,0.7450539173277921,0.784984934654921,1.0898746282778278,0.9889378547668456,1.5082674026489258,1.8621453046798704,-1.9504024982452397,-1.521712303161621,-2.0364327430725098,19.692648099886583,11.500447998650579,1.4158975181263622,0.5919835378905144,2.7628826167041853
2,1771109014274,1771109017369,0,-0.030652853846549987,-0.19689008394877117,-0.23258409301439922,0.5912040227498352,0.7505439793190621,0.9229305044484879,0.9889378547668456,1.0877113342285156,1.8621453046798704,-1.0654419660568235,-1.6860289573669434,-1.7148802280426023,15.773443764792884,7.1181650711327,1.2784872749767624,0.41325723247486956,2.295755155732779
2,1771109015333,1771109018436,0,-0.138205756743749,-0.04626901944478353,-0.21207743485768635,0.6102248921590061,0.8770065110221515,1.047711669946452,0.9083422422409058,1.3672122955322266,2.868862628936768,-1.4051272869110107,-1.6860289573669434,-1.7867884635925293,18.053050624510167,8.382975157752162,1.4045635491401194,0.5166141341302063,3.130691249035917
2,1771109016401,1771109019495,0,-0.12772519638140997,-0.08171442349751791,-0.21965032418568928,0.5726627759563089,0.9911085893420115,1.264451154915259,0.998916506767273,1.3672122955322266,2.868862628936768,-1.4051272869110107,-1.6860289573669434,-2.086258172988892,21.31204364871557,8.902388209915898,1.6100730720326502,0.5486739820523292,3.130691249035917
2,1771109017478,1771109020554,0,0.013166854282220197,0.13203372955322265,0.12543127139409382,0.5796654106633867,0.9303093835291503,1.1462107072207892,0.998916506767273,1.3672122955322266,2.868862628936768,-1.4051272869110107,-1.5973806381225586,-2.086258172988892,21.3965190068181,9.699867928299955,1.4405520473539495,0.6348440317474495,3.130691249035917
2,1771109018546,1771109021630,0,0.0681895111997922,0.19452269872029623,0.022969285647074345,0.5685906032289046,0.8516284598624932,1.2593777177536205,0.998916506767273,1.8313512802124023,2.1974005699157715,-1.1538960933685305,-1.4240951538085938,-2.7258691787719727,20.272197871571514,9.245547815688097,1.4713393683702627,0.6630302951165347,2.8025792512004744
2,1771109019604,1771109022723,0,-0.039304070671399446,0.21700290044148762,0.12215498685836794,0.5913566338437874,0.8486748136299224,1.3720977757337969,0.9896695613861084,1.941690444946289,3.6738476753234863,-1.1538960933685305,-1.2488269805908203,-3.084644556045532,19.917349633697526,8.94600579910396,1.5078729541859885,0.8162529064295114,3.8140405648359192
2,1771109020662,1771109023799,0,0.009534562627474456,0.17332585652669272,0.12884321212768554,0.5138397881056473,0.811159977229505,1.388004211699261,0.9896695613861084,1.941690444946289,3.6738476753234863,-1.1538960933685305,-1.1864871978759766,-3.084644556045532,19.146069010830118,8.719101474932032,1.4544803645512612,0.8416950140531839,3.8140405648359192
2,1771109021741,1771109024858,0,-0.051971819003423056,0.0051699002583821835,-0.08362182776133219,0.48975095606271235,0.8346499594433667,1.3235966386461988,0.8420553207397461,1.941690444946289,3.6738476753234863,-0.9957489967346193,-1.3862991333007812,-3.084644556045532,19.28612555781952,8.294518703839017,1.4084908618229208,0.8038688959568956,3.8140405648359192
2,1771109022831,1771109025942,0,0.05541903177897135,-0.04031216303507484,-0.24829026063283285,0.4048417719025522,0.8387637467687421,0.9956550085996468,0.7767231464385986,1.3717470169067385,1.868124008178711,-0.8590137958526611,-1.4479894638061523,-2.828134059906006,16.0892578479992,8.268896196234122,1.2378106899677022,0.5851269731714077,2.971517182683159
2,1771109023900,1771109027020,0,0.04194432695706685,-0.013325723012288408,-0.23188139200210572,0.47811729357467575,0.8834444080649995,1.0022446395870175,0.9664062857627868,1.5945863723754885,2.003935575485229,-0.8875381350517273,-1.4479894638061523,-2.828134059906006,15.817049006163975,8.717922357794318,1.2879488277980882,0.5959686710588535,2.971517182683159
2,1771109024966,1771109028069,0,0.0042232781648635885,0.005576101938883465,-0.05379516283671062,0.5053066666644221,0.8202464091703117,0.8460097525810887,0.9664062857627868,1.5945863723754885,2.003935575485229,-1.285170078277588,-1.4762535095214844,-1.532515048980713,14.455726178604777,8.4432002570205,1.1513695404956257,0.5249303536689789,2.397832211183855
2,1771109026051,1771109029180,0,-0.07364741961161296,0.14313205083211264,-0.1567378163337708,0.5114175309863382,0.8811121114886374,1.0006359410496064,0.9664062857627868,1.5945863723754885,2.003935575485229,-1.285170078277588,-1.789323806762695,-2.225597381591797,16.958822062181635,9.431435072184437,1.2955712398036627,0.5958292438518923,2.7447967510311324
2,1771109027138,1771109030222,0,-0.08481952349344889,0.08610188166300456,-0.24478229284286498,0.4805973021405388,0.8812258325657901,1.0685678098284048,0.6519875526428223,1.594283103942871,1.630521297454834,-1.285170078277588,-1.789323806762695,-2.225597381591797,18.020619785160196,9.11588187114219,1.3651018356633773,0.5465384522454075,2.7447967510311324
2,1771109028183,1771109031240,0,0.11330137153466542,0.0892451286315918,-0.027054607868194573,0.46287675781334453,0.843072100985643,1.0427172659472743,1.12895667552948,1.594283103942871,1.630521297454834,-0.7546353340148926,-1.789323806762695,-2.225597381591797,16.250117163597725,8.789581204167172,1.2645914135370726,0.616624012957311,2.7447967510311324
2,1771109029231,1771109032305,0,0.18489078481992086,0.09849700927734376,-0.03685074051221212,0.44557473201672876,0.7127467210708656,0.9724575112190725,1.12895667552948,1.594283103942871,1.630521297454834,-0.7546353340148926,-1.1376714706420898,-1.9607186317443848,14.508272892418548,6.551076590618725,1.162458008955807,0.5487415203300222,2.5249964359423878
2,1771109030298,1771109033357,0,0.05823758244514465,0.0267635981241862,-0.024619756142298384,0.5638276097559868,0.6812842329150343,0.9336740434126749,1.12895667552948,1.531264305114746,1.4450901746749878,-1.0647274255752563,-1.1376714706420898,-2.4445526599884038,14.733713427876372,6.767166703995457,1.119257274942681,0.6022781090866881,2.6709080022215104
2,1771109031347,1771109034442,0,-0.019662425915400183,0.17847121556599935,-0.04493009845415751,0.5403757160803334,0.8583776079148175,0.9533187943682062,0.8663928508758545,2.2626638412475586,1.4381847381591797,-1.0647274255752563,-1.068802833557129,-2.4445526599884038,15.868824796779364,6.055899830489229,1.2616022170244678,0.5714446993963642,2.6709080022215104
2,1771109032407,1771109035517,0,-0.09661575555801391,0.0657827059427897,0.12142128944396971,0.5854182399411016,0.8977837528129917,1.086570359120189,0.8663928508758545,2.2626638412475586,2.1601204872131348,-1.3430604934692385,-1.068802833557129,-3.0866050720214844,16.44858541986898,7.098261917446315,1.3466113804126778,0.6948798247572286,3.1378921998860805
2,1771109033458,1771109036587,0,0.0006756842136382908,0.1565858840942383,0.14590043624242147,0.6311864882438213,0.8675842280119822,1.1319385940626567,1.0743203163146973,2.2626638412475586,2.1601204872131348,-1.4443877935409546,-1.068802833557129,-3.0866050720214844,16.088461769702572,6.956772280337786,1.4136313012226651,0.6422675682882384,3.1378921998860805
2,1771109034550,1771109037644,0,-0.08429082036018372,-0.055867195129394545,0.08156895637512207,0.6118452429554255,0.7141261048693955,1.1140539742387479,1.0743203163146973,1.6649703979492188,2.1601204872131348,-1.4443877935409546,-1.3438997268676758,-3.0866050720214844,15.086308450515189,7.027509659207095,1.2939126384777213,0.6410673093424304,3.1378921998860805
2,1771109035619,1771109038705,0,0.003578571726878484,0.03548634847005208,-0.06374059518178304,0.6182064479735707,0.6187839341146426,0.8957563978955324,1.0743203163146973,1.3244619369506836,1.351691484451294,-1.4443877935409546,-1.3438997268676758,-2.182336807250977,14.5677517723752,6.419694091490892,1.1310241796073162,0.49964450093023705,2.2669929562969116
2,1771109036693,1771109039763,0,0.0816208736350139,-0.15793342590332032,-0.23240028222401937,0.5191972521496303,0.6949961358455893,0.9082071587636245,1.155603528022766,1.3244619369506836,1.3012802600860596,-0.914762556552887,-1.6025114059448242,-2.5850813388824463,14.637000543909016,6.234651170535629,1.1496740976517397,0.5465021353551718,2.65395659721349
2,1771109037753,1771109040833,0,0.2506032012403011,-0.0018144607543945331,-0.1471960465113322,0.514295340308727,0.6731511816487348,1.009073362617164,1.29692280292511,1.3244619369506836,1.8931679725646973,-0.8188896775245667,-1.6025114059448242,-2.5850813388824463,14.997533790023303,6.718982191308384,1.1913963856388852,0.5957138325757524,2.65395659721349
2,1771109038813,1771109041891,0,0.21419673711061477,-0.07326838175455729,-0.22965208292007447,0.4741191227947753,0.7119299811163163,1.1098213645456285,1.29692280292511,1.3383331298828125,1.8931679725646973,-0.6758074760437012,-1.6025114059448242,-2.5850813388824463,15.366101681999746,5.999841795739533,1.3007783514424978,0.5661634977532514,2.65395659721349
2,1771109039873,1771109042965,0,0.12381388259430727,0.226456356048584,-0.12489384810129801,0.48719388071630076,0.7126144735418911,0.9891380810776889,1.29692280292511,2.005908966064453,1.8931679725646973,-0.8384699821472168,-0.8776378631591797,-2.024098873138428,15.43189364906822,7.101826083842168,1.2005891768663361,0.5634703023029488,2.118383394619559
2,1771109040939,1771109044071,0,0.014142579212784763,0.20374101003011066,-0.11017958323160808,0.44297241032964463,0.7528124072352307,1.0529374321263898,0.7615676522254944,2.005908966064453,2.9180586338043213,-0.8384699821472168,-0.8776378631591797,-2.024098873138428,16.26112523110717,7.363924458673353,1.226566426023237,0.6090910049009819,3.0367836792741945
2,1771109041998,1771109045163,0,-0.05761761826773484,0.24333842595418295,0.07652378082275389,0.4551423674252641,0.8071248062862066,1.020363363724651,0.7615676522254944,2.005908966064453,2.9180586338043213,-1.042460799217224,-0.9329118728637696,-1.863193392753601,16.934306472834848,8.425363535396286,1.2172024231250513,0.6616820810559171,3.0367836792741945
2,1771109043086,1771109046203,0,-0.1143319578220447,0.10883820851643879,0.055489965279897024,0.48606945069079477,0.764307856077323,1.23306419747867,0.7615676522254944,1.6517019271850586,2.9180586338043213,-1.042460799217224,-1.8714303970336916,-2.099822521209717,18.528418253966603,11.795877724681498,1.3515126140552658,0.6930132281218718,3.0367836792741945
2,1771109044169,1771109047261,0,-0.07522287964820862,-0.0012377421061198232,-0.20191331704457607,0.559881227465535,0.82956080913356,1.2548961479445229,1.3341927528381348,1.6517019271850586,2.206837654113769,-1.042460799217224,-1.8714303970336916,-3.10041618347168,19.28827968594701,11.894960787303113,1.433877027635124,0.7053598169519346,3.171782133655333
2,1771109045217,1771109048348,0,-0.015218826755881312,-0.001692803700764974,0.10748586257298781,0.6035501571344737,0.7615507269404161,1.4061523729446157,1.3341927528381348,1.399526596069336,2.659852981567383,-1.0759633779525757,-1.8714303970336916,-3.10041618347168,19.605338241306615,11.93931596884732,1.4998866500689172,0.7787531792781617,3.171782133655333
2,1771109046285,1771109049415,0,0.07023248560726643,0.047593307495117185,0.06181869904200233,0.5409149900086161,0.7428820844192854,1.2927327235406876,1.3341927528381348,1.399526596069336,2.659852981567383,-1.0759633779525757,-1.5228214263916016,-3.10041618347168,18.04284475158035,7.814242194187977,1.369833384400043,0.7654224418635086,3.171782133655333
2,1771109047369,1771109050481,0,-0.021462200582027434,0.07900660832722982,-0.058653553326924665,0.44410759200348016,0.6154136029215309,1.3130247671563593,0.8256936073303223,1.399526596069336,2.659852981567383,-1.0759633779525757,-1.1449718475341797,-1.9633400440216064,16.03854873114424,8.227667798863592,1.3425351312401008,0.6677872695927453,2.7261673507495874
2,1771109048449,1771109051540,0,-0.0027386584629615148,0.04204988479614259,-0.2199158787727356,0.42384287947614946,0.6400311260300137,1.1258053544354607,1.1507554054260254,1.3196802139282229,2.333930253982544,-0.7823227643966675,-1.1883554458618164,-1.9633400440216064,16.295295712807647,11.338850561347996,1.253134718751522,0.5330022748299068,2.838443633974685
2,1771109049522,1771109052617,0,-0.054078258946537956,-0.004807504018147759,-0.012675158182779978,0.5315933031354598,0.580029242215202,1.149038458558579,1.1507554054260254,1.3196802139282229,2.333930253982544,-1.2805794477462769,-1.1883554458618164,-1.812427401542664,17.09500286185736,13.693358203141988,1.2536984333963117,0.5626471156856373,2.838443633974685
2,1771109050582,1771109053684,0,-0.07073968301216761,0.08026889165242514,0.11579844355583191,0.5323087264185873,0.6554920119550918,1.0164532160811321,1.1507554054260254,1.3196802139282229,2.333930253982544,-1.2805794477462769,-1.1883554458618164,-1.7331881523132324,17.73936444413304,13.121116155557171,1.1735325377778254,0.5892754538722342,2.838443633974685
2,1771109051641,1771109054736,0,6.910165150960287e-06,0.03252693812052409,-0.21736120184262595,0.6012076167996803,0.5867491694013988,1.0251832123438944,1.052164077758789,1.0778751373291016,2.143202066421509,-1.2805794477462769,-1.1214275360107422,-2.0580201148986816,16.22777657689692,9.60922890966608,1.2098484093623414,0.5408221696116093,2.198803850478003
2,1771109052726,1771109055794,0,0.02809555903077126,0.0013281186421712258,-0.34750906427701317,0.5464277090382657,0.677865312329679,1.0342236599588135,1.052164077758789,1.4263620376586914,2.495995283126831,-0.7589161396026611,-1.1214275360107422,-2.0580201148986816,16.317889786040514,6.675121064858461,1.246586277580277,0.5881204031078923,2.7128229740376018
2,1771109053792,1771109056853,0,0.025077849999070166,-0.035604349772135425,-0.1791618307431539,0.6110930428100569,0.7188051444115828,1.1168529237770533,1.052164077758789,1.4263620376586914,2.495995283126831,-1.0698604583740234,-1.1214275360107422,-2.0580201148986816,18.61736961193038,10.513822790165014,1.3307010322644173,0.5837959215016798,2.7128229740376018
2,1771109054843,1771109057921,0,-0.04205020156999429,0.05449177424112956,0.05552312135696411,0.55404193160159,0.8239783282665225,0.9995969474710711,1.0127992630004885,1.5513315200805664,2.495995283126831,-1.0698604583740234,-1.518259048461914,-1.9349582195281985,17.941819245981456,11.793694643796917,1.2647388492724887,0.5817775475895811,2.7128229740376018
2,1771109055903,1771109058980,0,-0.05384454218049843,-0.005101648966471362,0.19372959931691489,0.5679376312966385,0.7885805014317033,0.8728967130107844,1.0127992630004885,1.5513315200805664,2.128553867340088,-1.2207515239715576,-1.518259048461914,-1.863808035850525,16.485493558315856,11.73888574933059,1.2115926634707548,0.47920404676786954,2.2048398383495473
2,1771109056962,1771109060023,0,0.03383929406603179,0.02541898091634115,0.019640409946441652,0.5422362771648513,0.8728926934213744,0.8763380135558739,1.0127992630004885,1.6180458068847656,2.128553867340088,-1.2207515239715576,-1.518259048461914,-1.7989096641540527,15.574274180576152,9.56120787088707,1.2482736910822108,0.46288700917790343,2.2048398383495473
2,1771109058030,1771109061188,0,0.020369136333465578,-0.026925023396809897,-0.08891425927480062,0.4729341696742818,0.8867313123950952,0.9580466637817434,0.9630795121192932,1.6180458068847656,2.128553867340088,-1.2207515239715576,-2.313631057739258,-1.7989096641540527,18.50630976692865,11.978783294703142,1.2627507643882767,0.5363268287953623,2.432175398637816
2,1771109059194,1771109062181,0,-0.1391650762408972,0.06457977294921875,-0.4097315510114034,0.508551424709551,0.9804684809649508,1.0215197114904575,0.9630795121192932,1.6180458068847656,1.7545442581176758,-1.1222224235534668,-2.313631057739258,-2.2590560913085938,20.732534030427917,13.381979293037775,1.436615198790123,0.571342802073658,2.6009287933548495
2,1771109060191,1771109063244,0,-0.10487018239994844,0.014400641123453784,-0.36225024064381917,0.5247331205241161,0.8548924816540746,1.0764141827859204,0.7686627507209778,1.586151123046875,1.7545442581176758,-1.1222224235534668,-2.313631057739258,-2.2590560913085938,19.145600017598,13.463293059162385,1.380231108651048,0.5843512493389671,2.6009287933548495
2,1771109061230,1771109064287,0,-0.15743532193203766,-0.04274528821309407,-0.385283625125885,0.5450878350466607,0.810548439182734,0.9703288410457357,0.7686627507209778,1.586151123046875,1.145087957382202,-1.1222224235534668,-1.9898333549499512,-2.2590560913085938,15.47790835193444,11.577093504610627,1.2911876559847235,0.5933687662685097,2.6009287933548495
2,1771109062290,1771109065374,0,0.01080702195564906,0.05063598950703939,-0.2759461045265198,0.5062484626820728,0.754718992703816,0.9275896412335243,0.8574102520942688,1.2151250839233398,1.145087957382202,-1.050365924835205,-1.9898333549499512,-2.231076717376709,13.17802112406797,8.526234956229434,1.1996636896065347,0.5282383139933127,2.408665214380592
2,1771109063345,1771109066446,0,-0.04966456480324268,0.030798037846883137,-0.22287979125976562,0.5099358707911682,0.9171712860374008,0.8796931901575745,0.9139460921287536,2.166619300842285,1.8386330604553225,-1.050365924835205,-1.9898333549499512,-2.083219289779663,14.434516912862337,8.929011851573334,1.2594447247792833,0.5377001614172972,2.510706605415864
2,1771109064396,1771109067523,0,0.03216765460868676,0.17337474822998047,-0.1369428277015686,0.5198572817095276,0.8410652704307945,1.012160981797702,0.9139460921287536,2.166619300842285,1.9933390617370603,-0.8024563789367676,-1.316716194152832,-2.083219289779663,15.408602729885283,7.3664701693998085,1.3156619285854554,0.5128578650477623,2.510706605415864
2,1771109065478,1771109068624,0,0.07251106090843676,0.07321379979451498,-0.0011968493461609034,0.547808767781775,0.8892408038407074,1.044399653740925,1.0816104412078855,2.166619300842285,2.301287174224853,-0.8959068655967712,-1.5282487869262695,-1.3457882404327393,16.626322561582292,6.9323057523153135,1.369121542731323,0.5034565643554736,2.510706605415864
2,1771109066554,1771109069700,0,0.16670745039979618,-0.04982326825459798,0.07013663450876868,0.6518523442973264,0.9864517188904883,1.0997703354993817,2.064684629440308,1.2426519393920898,2.3926219940185547,-1.1268045902252195,-2.535895824432373,-1.8720766305923464,18.81232100418271,7.70186994973358,1.482891918453017,0.6075399169237966,2.8121723671313177
2,1771109067632,1771109070752,0,-0.07020770659049352,-0.021239837010701496,-0.19583009878794352,0.7804318961268357,1.144833947794314,1.4282688591365986,2.064684629440308,1.7692108154296875,2.3926219940185547,-1.623828411102295,-2.535895824432373,-4.769147872924805,20.97295485963017,12.214694110321519,1.7540729034450615,0.9066647222818375,5.404473108868477
2,1771109068732,1771109071835,0,-0.10029538348317145,-0.08764472007751464,-0.278449809551239,0.7611743216346727,1.173373866065812,1.5333694862088731,2.064684629440308,1.848226547241211,2.3926219940185547,-1.623828411102295,-2.535895824432373,-4.769147872924805,22.82973251209766,11.956413223978702,1.831492506187833,0.9674411666423541,5.404473108868477
2,1771109069801,1771109072903,0,-0.14008348037799198,0.16497580210367835,-0.5778786778450012,0.8645410649802799,1.0777025987223088,1.564763515933466,2.3307700157165527,2.029609680175781,2.136276960372925,-1.81888747215271,-1.956205368041992,-4.769147872924805,22.96451612265278,13.471608044490809,1.8913492993271948,1.0250461869926737,5.404473108868477
2,1771109070858,1771109073980,0,0.3360559716820717,0.1532109578450521,-0.3922582745552063,1.0616935911606706,1.3483241638681394,1.6056321892596601,3.3740053176879883,2.7670936584472656,2.6702919006347656,-1.81888747215271,-2.6125550270080566,-3.50917911529541,24.35165519544192,11.599554032894018,2.1058638592331116,1.1117226606006974,5.03566454899514
2,1771109071944,1771109075066,0,0.27270681311686834,0.1205197016398112,-0.24178420305252074,1.1700893177351113,1.508982278499106,1.8171746630410706,3.3740053176879883,2.7670936584472656,4.941544055938721,-1.9107341766357424,-2.6575193405151367,-3.50917911529541,27.71421452874897,16.6035285702268,2.3132211122679838,1.2510740072231321,5.709645941715038
2,1771109073011,1771109076219,0,0.09895042156179747,-0.14745359420776366,-0.05741800864537557,1.1158551414261726,1.4787761020431296,1.9550193999553462,3.3740053176879883,2.7670936584472656,4.941544055938721,-1.9107341766357424,-2.6575193405151367,-4.185910224914551,28.251807290395952,18.641543725167402,2.3104998725049497,1.3294928313687573,5.709645941715038
2,1771109074089,1771109077204,0,-0.1346797026693821,-0.2769136428833008,0.1781941850980123,0.8679516718269762,1.0791187837676548,1.8187379937642707,1.4164726734161377,2.500822067260742,4.941544055938721,-1.9107341766357424,-2.6575193405151367,-4.185910224914551,28.054510672538626,18.029824542622073,2.005999098697541,1.0926073232948184,5.709645941715038
2,1771109075200,1771109078283,0,-0.03928591584165892,-0.12765639623006184,0.04192585945129394,0.8045559853784472,0.780559627239638,1.55823936069514,1.4164726734161377,1.3306922912597656,3.3471100330352783,-1.700687050819397,-2.5212831497192383,-4.185910224914551,24.11231203090421,14.258485602777633,1.710050355765909,0.8245346954945415,4.234213700990952
2,1771109076253,1771109079358,0,0.07959809799989065,-0.06060345967610677,0.23916711807250976,0.6967326006967441,0.7239080655083971,1.2884503304986372,1.4164726734161377,1.3306922912597656,2.81030797958374,-1.2926172018051147,-1.3845767974853516,-2.0718250274658203,20.729738662347152,9.725893126259917,1.5219500670950386,0.5855809522341252,2.969353841195845
2,1771109077306,1771109080418,0,-0.06261329700549444,-0.09078286488850912,0.12224365472793576,0.6411811687894873,0.7856348082248659,1.117189974929233,1.296477437019348,1.3306922912597656,2.81030797958374,-1.259791374206543,-2.1044492721557617,-2.0718250274658203,17.57312219111555,8.130432712266769,1.3662882744061013,0.6110440242691095,2.969353841195845
2,1771109078390,1771109081501,0,-0.11127831290165584,-0.12827874819437662,0.09305036862691243,0.6366571625423305,0.8588573104302412,1.0673987866301848,1.097461819648743,1.5189390182495115,2.81030797958374,-1.8041645288467407,-2.1044492721557617,-1.6347755193710327,18.138646790114425,8.418145055018622,1.3660448817057265,0.6250375144797088,2.969353841195845
2,1771109079458,1771109082569,0,-0.09862359749774138,0.023008330663045234,0.09818966388702392,0.6758542772771675,0.9133010291069233,1.015470023998232,1.097461819648743,1.540635108947754,2.7209177017211914,-1.8041645288467407,-2.1044492721557617,-1.472063064575195,20.619687249731335,11.99823306665785,1.3891558730054814,0.5885262774332698,2.824309344739408
2,1771109080519,1771109083637,0,-0.021318346634507178,0.11885959307352702,0.11236921151479086,0.7655496674748328,0.9031759686585125,1.1953278812777228,1.7774415016174316,1.540635108947754,2.7209177017211914,-1.8041645288467407,-1.846947193145752,-2.1893129348754883,22.923134441685036,11.14057282681948,1.5452810352989523,0.6233092233537127,2.824309344739408
2,1771109081611,1771109084721,0,0.09016013443470001,0.14208313624064128,0.25927937030792236,0.7624730878480395,0.8496144064746713,1.2036717578133842,1.7774415016174316,1.9963045120239256,2.7209177017211914,-1.289297103881836,-1.4671144485473633,-2.4412786960601807,23.09956990756319,11.587396161578607,1.5369125624315625,0.63821658821794,2.824309344739408
2,1771109082678,1771109085798,0,0.05440835518141587,0.026969194412231445,0.1934272329012553,0.8087063381211149,0.9412396395404112,1.252313421255653,1.7774415016174316,1.9963045120239256,2.397202253341675,-1.5323151350021362,-2.4177613258361816,-2.4412786960601807,23.87531197295876,13.27482142622887,1.6010980020752528,0.7062818358831414,2.9307800020681922
2,1771109083746,1771109086873,0,0.16314546701808771,0.17227056821187336,-0.02886653741200764,0.6838416530198113,0.9451123023382856,1.2173892165419686,1.199385643005371,1.9963045120239256,1.9134325981140137,-1.5323151350021362,-2.4177613258361816,-2.4412786960601807,21.181938540493626,14.480610286157713,1.5447568935933547,0.6583697823079264,2.9307800020681922
2,1771109084830,1771109087960,0,0.11647024750709534,0.34191692670186363,-0.2992826779683431,0.6395540846362348,0.9217576416784133,1.289122070297928,1.2044869661331177,1.9485931396484373,2.084681272506714,-1.5323151350021362,-2.4177613258361816,-2.425567150115967,18.87916919691528,13.883721021663042,1.6115436513304682,0.6793418956618694,2.9307800020681922
2,1771109085905,1771109089026,0,0.08329563314716021,0.32931976318359374,-0.40928475856781005,0.6202460726354901,0.766257526021016,1.1293633784136305,1.2837549448013306,1.9485931396484373,2.084681272506714,-1.17311692237854,-1.0382194519042969,-2.425567150115967,15.839946021129759,7.301732044652174,1.4565292079640337,0.5876603481224258,2.784240518316726
2,1771109086982,1771109090116,0,-0.12456565548976263,0.3915210405985514,-0.31187150478363035,0.6092829036202526,0.7708736754577235,0.9774703287171993,1.2837549448013306,1.6976318359375,2.084681272506714,-1.1883513927459717,-1.031415939331055,-2.425567150115967,15.697892839669406,6.341375584537683,1.3353617863777403,0.5928605543096668,2.784240518316726
2,1771109088067,1771109091197,0,-0.25310401767492297,0.19912640253702799,-0.6502059698104858,0.62118651269076,0.9620863414293651,1.1570218570753488,1.2837549448013306,1.8207902908325195,1.4212173223495483,-1.6602452993392944,-1.357473373413086,-3.1070215702056885,18.448306329470412,8.772407562638945,1.5366769112568806,0.8671879752153767,3.6704875037778195
2,1771109089133,1771109092245,0,-0.1335315597554048,0.38880043029785155,-0.7702456672986349,0.630771913613749,1.0217103969070331,1.207184689692114,1.2625502347946167,2.1501541137695312,1.8862245082855225,-1.6602452993392944,-1.357473373413086,-3.1070215702056885,21.21121091025615,11.370123467267954,1.6853919212385071,0.8655198488568976,3.6704875037778195
2,1771109090204,1771109093322,0,0.007755574335654575,0.23812851905822754,-0.7282922466595968,0.6634549932075955,1.051975580687562,1.3439538860495492,1.2625502347946167,2.1501541137695312,1.8862245082855225,-1.6602452993392944,-1.5018324851989746,-3.1070215702056885,24.157086522446413,10.792739239072295,1.786611975242989,0.8114239581817245,3.6704875037778195
2,1771109091288,1771109094398,0,0.1686941973865032,0.21385575930277506,0.2448267658551534,0.5978356068948477,0.9719550175044415,1.4066816707790835,1.2625502347946167,2.1501541137695312,3.150254487991333,-0.9813756346702576,-1.6134357452392578,-1.8295555114746092,23.5621512275731,10.470865903880282,1.7100018564112915,0.6282333163689987,3.4524375336744444
2,1771109092354,1771109095466,0,0.06113990843296051,0.00864202181498208,0.3440905769666036,0.5986339258647048,0.8782145909911143,1.3129929041306492,1.2148314714431765,1.6675128936767578,3.150254487991333,-0.8935046195983887,-1.6134357452392578,-1.6049739122390747,20.152809257350913,9.838172725674122,1.5880173429792015,0.609295835040634,3.4524375336744444
2,1771109093425,1771109096541,0,0.11984833230574926,-0.10230525334676106,0.5890025695164999,0.5498919451807138,0.7147948757417049,1.2606246612753833,1.051400899887085,1.5933513641357422,3.150254487991333,-0.8935046195983887,-1.6134357452392578,-1.4747244119644165,19.205004967109993,12.350687970010812,1.5129509591237058,0.6473856432900902,3.4524375336744444
2,1771109094506,1771109097627,3,-0.06843237976233164,-0.04594338734944661,0.09502678712209066,0.6307064091694872,0.5456516964536186,1.1275833830709,1.051400899887085,1.0676164627075195,2.0645883083343506,-1.3462648391723633,-1.126394271850586,-2.384744882583618,17.54763317773305,11.652617067040518,1.2857128014264707,0.5227626358651509,2.6275874710607523
2,1771109095573,1771109098685,3,0.22530850172042846,0.0670612176259359,0.5037246942520142,1.3802047581540433,0.9673806775720926,1.4177719505424227,3.7998080253601074,2.760825157165528,4.705174446105957,-2.421433925628662,-2.5576462745666504,-2.384744882583618,25.822236258688903,20.850223547387827,1.8725301370638083,1.2422738493873606,6.648260159343769
2,1771109096641,1771109099753,3,0.22704306120673814,0.13312279383341477,0.40633620421091715,1.4787685404480475,1.0860286247242108,1.74838107924439,3.7998080253601074,2.760825157165528,4.705174446105957,-2.421433925628662,-2.5576462745666504,-2.7437784671783447,30.53052847510467,21.17397080310654,2.178570194227694,1.3250219980533327,6.648260159343769
2,1771109097733,1771109100820,0,0.30535651768247285,-0.0033205032348632294,0.3937290509541829,1.4832770371286927,1.1737153052105558,2.4704319347354513,3.7998080253601074,2.760825157165528,4.705174446105957,-2.421433925628662,-2.5576462745666504,-7.028933525085449,39.704962385701975,24.15727300300876,2.6904375229065582,1.565098669104023,7.1050435058713886
2,1771109098793,1771109101880,0,0.06105153784155846,-0.031126038233439127,0.05364903608957925,0.8633869285675646,0.8397142610503344,2.2704785588911705,2.2879765033721924,1.8563051223754885,4.638766288757324,-1.7664132118225098,-1.578099250793457,-7.028933525085449,31.05641402008246,22.605626999011402,2.0141915584510404,1.5545424950603242,7.1050435058713886
2,1771109099861,1771109102956,0,-0.10783131668965022,-0.1435320536295573,-0.09164011478424074,0.6429727123131809,0.6657697679962129,1.9434848583555324,0.890385627746582,1.1058273315429688,4.638766288757324,-1.7664132118225098,-1.578099250793457,-7.028933525085449,22.595503409892775,22.49625648906119,1.5249097475637954,1.5067482732125075,7.1050435058713886
2,1771109100931,1771109104016,0,-0.04577641934156419,-0.015215174357096356,0.19644850095113117,0.44395460435848333,0.5102736382724778,0.6569568946580954,0.7374455332756042,1.046025276184082,1.7155630588531494,-1.0720726251602173,-1.0085582733154297,-1.4358408451080322,11.097466840132528,8.482455920973637,0.8479235852576764,0.43316348670152915,2.0748849424761975
2,1771109101988,1771109105145,0,-0.0731376126408577,-0.12279694875081382,0.12842785914738972,0.4199450275083237,0.4432437558280614,0.6912487816167106,0.9647555351257324,0.6142044067382812,1.5939464569091797,-0.8813300132751465,-0.9405403137207032,-1.8233911991119385,10.608805480539381,8.6030551600788,0.8230863623604302,0.4335972583412566,2.0427530776768577
2,1771109103070,1771109106146,0,-0.12051807194948197,0.0262783368428548,0.20553931792577107,0.47360468722607046,0.46664297380606573,0.7701268320371267,0.9647555351257324,0.7298831939697266,1.5939464569091797,-1.223930835723877,-0.9405403137207032,-1.8233911991119385,12.956964845134241,9.415856150603389,0.9161612575177516,0.47571083676252307,2.0427530776768577
2,1771109104125,1771109107203,0,-0.14245925744374593,-0.06348129908243817,0.24979873100916544,0.47062122708641113,0.611774292253325,0.9686956170494414,0.9647555351257324,0.7907571792602539,2.118782997131348,-1.223930835723877,-1.8123416900634768,-1.8233911991119385,13.990730264122076,7.114134179338073,1.1070534566791543,0.5966652534791934,2.4965243746664982
2,1771109105227,1771109108284,0,-0.08063041567802429,0.07652184168497721,0.36348822911580403,0.5473094020378217,0.6102039287248516,0.9524882746095369,1.127314209938049,0.8822717666625977,2.118782997131348,-1.223930835723877,-1.8123416900634768,-1.689887285232544,14.683928977260477,6.711481205218683,1.1794242547311022,0.5381305072338772,2.4965243746664982
2,1771109106255,1771109109345,0,0.029054562250773096,0.056575441360473634,0.16943909327189127,0.7424273163208454,0.7164537059400417,1.0306164861478622,1.2896685600280762,1.4341812133789062,2.118782997131348,-1.8587493896484373,-1.8123416900634768,-1.858184099197388,15.586446914697378,8.516197648251593,1.3387335854972868,0.5536702274082029,2.5651313632444346
2,1771109107313,1771109110407,0,0.07484635512034098,0.14854826927185058,-0.17382949988047283,0.7368622098771663,0.5575308006515292,0.8079103492469704,1.2896685600280762,1.4341812133789062,1.45251727104187,-1.8587493896484373,-1.1922812461853027,-1.858184099197388,14.386362572635015,8.319125338336512,1.118342311610173,0.5221017095674167,2.5651313632444346
2,1771109108386,1771109111473,0,0.07743598222732544,0.08673586845397949,-0.22007492383321126,0.6746589627944559,0.5629228605379811,0.6824332779149609,1.2896685600280762,1.4341812133789062,0.778205156326294,-1.8587493896484373,-1.1922812461853027,-1.858184099197388,13.951722002228665,8.308511584863588,1.000498450337541,0.5160779534807317,2.5651313632444346
2,1771109109446,1771109112527,0,0.1923695961634318,0.06982666651407878,0.031132578849792484,0.341690620887913,0.35366623134030795,0.6581735540498079,1.088830828666687,1.0248966217041016,1.7023732662200928,-0.5678759813308716,-0.5839118957519531,-1.175386667251587,10.575980725027017,5.636690017356259,0.7596970204528916,0.3497319958359854,1.7070166256545871
2,1771109110519,1771109113609,0,0.20712753534317016,0.10283438364664714,0.11822474797566732,0.3495727667610638,0.4017813832362099,0.6073984878058605,1.088830828666687,1.0248966217041016,1.7023732662200928,-0.5285601615905762,-0.5839118957519531,-0.830024242401123,10.922926490219854,5.277947060324199,0.7770598078065691,0.3125679797658073,1.7070166256545871
2,1771109111573,1771109114670,3,0.21257771054903665,0.14968907038370768,0.11211210091908773,0.29720252118071033,0.3186317370655718,0.576258905895666,0.803020179271698,0.7720165252685547,1.7023732662200928,-0.5285601615905762,-0.4176540374755859,-0.7614812850952148,9.241365681419877,5.006133827713224,0.6883126748776847,0.3387447513872088,1.7070166256545871
2,1771109112632,1771109115727,3,0.12339668869972228,0.17104291915893555,-0.04927053451538086,0.29228734555062397,0.30547786809980454,0.4972972040781966,0.803020179271698,0.7720165252685547,1.1133689880371094,-0.5285601615905762,-0.3931798934936523,-0.7614812850952148,8.490729014076715,4.542926126010867,0.6208519662382436,0.2753759869256503,1.3986449449029437
2,1771109113710,1771109116787,3,0.09792989095052082,0.09891386032104492,-0.03593565622965495,0.23439398065735398,0.2980776649120576,0.4925564355137622,0.803020179271698,0.843815803527832,1.1133689880371094,-0.3103312849998474,-0.4048385620117187,-0.7614812850952148,7.41399674430756,4.537336261411082,0.571728253983252,0.26388668373290114,1.3986449449029437
2,1771109114776,1771109117845,0,0.0860812117656072,0.08911514282226562,-0.07198374271392823,0.20429742551779922,0.3306538416266991,0.464460547101778,0.5052600502967834,0.843815803527832,0.8143458366394043,-0.3065476417541504,-0.5275373458862305,-0.7334229946136475,6.975038772957285,3.6606727602267797,0.5788067148867774,0.20362871187650503,0.9225580061607453
2,1771109115835,1771109118923,0,0.07301485041777293,0.06002747217814128,-0.03862078189849854,0.24963503575019538,0.3435429357360771,0.41866730728336105,0.5760044455528259,0.843815803527832,0.8079640865325928,-0.7288928627967834,-0.5275373458862305,-0.7334229946136475,7.252204688643977,3.9293358250113792,0.5588793074512525,0.2080639998996057,0.9225580061607453
2,1771109116887,1771109119997,0,0.09442720810572305,0.07438735961914063,-0.01988765796025594,0.2517178714084465,0.27551650948824474,0.43873585946283494,0.5760044455528259,0.7190351486206055,0.7059979438781738,-0.7288928627967834,-0.5275373458862305,-0.7772289514541626,7.306101977331438,3.8786166793964796,0.5461189024668082,0.1964372728767168,0.9225580061607453
2,1771109117954,1771109121049,0,0.02664243181546529,0.05891580581665038,-0.1585968017578125,0.25052643887294046,0.22489937987728634,0.508390419313966,0.5760044455528259,0.415837287902832,0.7059979438781738,-0.7288928627967834,-0.3955364227294922,-1.2875021696090698,7.3252866933773655,4.091666223707597,0.5763494374729973,0.24190139204546537,1.3110538125517988
2,1771109119029,1771109122162,0,0.016666596134503688,0.06846332550048828,-0.22494457761446635,0.1965398307518751,0.2411420031979005,0.5546887826503987,0.3666655421257019,0.7606258392333984,0.7059979438781738,-0.3232321739196777,-0.3602495193481445,-1.2875021696090698,7.593272609718171,3.8144359608999943,0.6202235429052162,0.25297458919708643,1.3110538125517988
2,1771109120107,1771109123246,0,-0.081719238559405,0.03549095789591472,-0.35306267539660136,0.1987658002790323,0.2921420107834098,0.5551509637143721,0.3983214497566223,0.7606258392333984,0.6863465905189514,-0.4937309920787811,-0.6978225708007812,-1.2875021696090698,7.886673292860639,3.349061488741495,0.6624307940608944,0.34097549999157395,1.429981061133843
2,1771109121165,1771109124235,0,-0.038727041085561104,-0.0028531074523925736,-0.07873103618621827,0.23423428214809125,0.31893038571143745,0.7068162517180021,0.6079202890396118,0.7606258392333984,1.1148433685302734,-0.4937309920787811,-0.6978225708007812,-1.146350383758545,9.050438428031002,4.6207675414293305,0.7292960904462085,0.3375359483636662,1.429981061133843
2,1771109122217,1771109125318,0,0.03946405450503033,-0.0724344253540039,0.24268349607785542,0.29163569608680795,0.2573712939935611,0.7448542249203438,0.7321368455886841,0.4209699630737304,1.1292833089828491,-0.4937309920787811,-0.6978225708007812,-1.146350383758545,8.255315279804817,4.9744882002805655,0.8025206877565068,0.32835408011703815,1.429981061133843
2,1771109123327,1771109126395,0,0.0939060926437378,-0.10724716186523438,0.41500589648882547,0.2704222112874768,0.30215972469444263,0.6096198267657297,0.7321368455886841,0.4209699630737304,1.1900453567504885,-0.4585827887058258,-0.9228954315185548,-0.9073740243911744,8.160643481729583,5.096969390321149,0.7816552355622662,0.3212499286154194,1.5410286300164053
2,1771109124344,1771109127489,0,0.09160653948783874,-0.07866665522257486,0.2490527629852295,0.2703328686678401,0.3040613132655193,0.659760488827027,0.7321368455886841,0.5290088653564453,1.1900453567504885,-0.4585827887058258,-0.9228954315185548,-1.3066555261611938,7.462428994899179,3.8966553364788465,0.7223376467989335,0.3745695645373913,1.5410286300164053
2,1771109125403,1771109128555,0,0.0877339502175649,-0.0003971417744954575,0.05699389576911928,0.29160477183259015,0.3746370270849886,0.7565853554128409,0.7132823467254639,0.7325925827026367,1.6908303499221802,-0.6003850698471069,-0.9228954315185548,-1.6931288242340088,9.10837308750138,4.450165041341652,0.7550234172661398,0.4684156025472721,1.910895364579228
2,1771109126503,1771109129639,0,0.06765037377675374,0.07501932779947916,-0.013984145720799764,0.32357417935063915,0.34878431010465005,0.8691257970455686,0.7132823467254639,0.7637453079223633,1.6908303499221802,-0.6003850698471069,-0.5077419281005859,-1.6931288242340088,10.868782679162953,6.794881967283723,0.8399749001720415,0.5124467122327844,1.910895364579228
3,1771109315830,1771109318916,3,0.0006717520455519451,0.039949893951416016,-0.06336934169133504,0.31154454053900726,0.3139767697827431,0.6224686553448442,0.6325253248214722,0.6431884765625,1.425447940826416,-0.8996260166168213,-0.5156574249267578,-1.5099705457687378,8.089729249312144,4.622900874339191,0.6609969970595937,0.37004208552657475,1.563552450565645
3,1771109316873,1771109320000,0,0.0265624973922968,0.07890345255533854,-0.03363674879074097,0.26715485719643434,0.323998266407418,0.601584721292968,0.7190315127372742,0.6431884765625,0.9077391624450684,-0.5447177886962891,-0.6490869522094727,-1.5099705457687378,7.575627955320221,3.4942153590008544,0.6511709343290354,0.3285520666088823,1.563552450565645
3,1771109317956,1771109321084,0,0.08569288911918799,0.003134282430013021,0.09985274076461792,0.33046579229725764,0.2845398115690823,0.5954460306608901,0.7190315127372742,0.4950332641601562,0.9387552738189696,-0.5447177886962891,-0.6490869522094727,-1.5099705457687378,7.811412606857783,3.9715628434710477,0.6649528700207902,0.3244044641497705,1.563552450565645
3,1771109319026,1771109322144,0,0.14281058597067992,0.0025355656941731717,0.18249778747558593,0.28953034561172775,0.2581554199605153,0.5639172677359685,0.7190315127372742,0.4835681915283203,0.9387552738189696,-0.3372002840042114,-0.6490869522094727,-0.8586771488189697,8.008722339888855,3.976312385148724,0.665525843175399,0.2565843067119267,1.1946645152321604
3,1771109320108,1771109323214,0,0.10778561619420847,0.01933530171712239,-0.019075270493825278,0.28270605796234866,0.19201990774616004,0.5357823743851191,0.6554622650146484,0.257944107055664,0.9387552738189696,-0.3921271860599518,-0.3127832412719726,-0.8586771488189697,7.973023702227812,3.8263690186243773,0.5840625647619047,0.25248063454079733,1.0571565221074717
3,1771109321186,1771109324289,0,0.013342561696966489,0.1334811528523763,-0.117333984375,0.27146549554032057,0.27422486473580526,0.5496491782534908,0.5184563994407654,0.8745660781860352,0.8004770278930664,-0.4338736534118652,-0.3127832412719726,-1.2283146381378174,8.301139656551815,3.448295374388249,0.6381304645608067,0.2502249885033467,1.3310810728885305
3,1771109322252,1771109325356,0,-0.05020523058871428,0.1718447685241699,-0.1495549221833547,0.2856863513035543,0.31867819499380085,0.5248185936734671,0.563663125038147,0.8745660781860352,0.9497696161270142,-0.5499832034111023,-0.4598035812377929,-1.2283146381378174,8.371835421701638,3.252508385020728,0.6485339798404971,0.2824920132318282,1.3310810728885305
3,1771109323311,1771109326423,0,-0.029425021012624106,0.11332759857177735,0.18107754588127137,0.3160346762589393,0.3643969866667008,0.6996775436805173,0.563663125038147,0.8745660781860352,1.594611883163452,-0.5499832034111023,-0.4598035812377929,-1.2283146381378174,8.898421794382642,3.6002444211953133,0.795509301965241,0.34008268568927513,1.735727325898298
3,1771109324395,1771109327491,0,-0.02494774200022221,-0.0001700083414713597,0.15897551377614338,0.2901337561187988,0.34981755806557563,0.6778669226449074,0.563663125038147,0.8613386154174805,1.594611883163452,-0.5499832034111023,-0.6433839797973633,-1.1217920780181885,8.834376807041458,3.765872284225993,0.7384192375066317,0.35885502510452894,1.735727325898298
3,1771109325464,1771109328533,0,-0.01750586243967215,0.018584823608398426,0.1616568386554718,0.28357873753447527,0.3888013375555626,0.7588214504898022,0.545535147190094,0.8796224594116211,1.594611883163452,-0.492966890335083,-0.7264738082885742,-1.4545836448669434,10.648164730045346,5.424208208691203,0.8268289489061006,0.35760544913157916,1.735727325898298
3,1771109326531,1771109329600,0,-0.016522061700622242,0.04429585138956705,-0.06774174571037292,0.2893782717999733,0.3936816675586493,0.6848381447905222,0.6189684271812439,0.8796224594116211,1.0816454887390137,-0.492966890335083,-0.7264738082885742,-1.4545836448669434,11.251750007493335,5.503445936207752,0.7795888960428207,0.29337967321911995,1.4832276429333004
3,1771109327591,1771109330676,0,0.016454903595149523,-0.023301919301350924,0.05843677520751953,0.3500803095902591,0.40842806329358716,0.7153492982787453,0.6189684271812439,0.8796224594116211,1.084775447845459,-0.6750902533531189,-0.9643306732177734,-1.4545836448669434,12.346895531912105,4.894614551118649,0.8365921630898947,0.2853914427804879,1.4832276429333004
3,1771109328641,1771109331744,0,0.11538404654711484,-0.008919461568196617,0.14000303347905477,0.4118755071439096,0.35742692469675524,0.6160752281331758,0.9563507437705994,0.5821437835693359,1.1657416820526123,-0.6750902533531189,-0.9643306732177734,-0.974451780319214,11.023741452095285,3.784517564864897,0.7803112618522241,0.2849456234599348,1.302947903116602
3,1771109329706,1771109332841,0,0.08347119645526012,0.02571172714233398,0.25869396726290383,0.437153778975241,0.34665685783158,0.6571785584468255,0.9563507437705994,0.5821437835693359,1.9539825916290283,-0.6792815923690796,-0.9643306732177734,-0.974451780319214,10.837412804623238,3.2446138355305028,0.8007183472439487,0.39625926269668715,1.9549408543770133
3,1771109330785,1771109333896,0,0.14497443909446397,0.09622154235839844,0.3488954941431681,0.4009068321632464,0.28533482034045216,0.7801047001739148,0.9563507437705994,0.5901021957397461,2.168075561523437,-0.6792815923690796,-0.4423608779907226,-0.9451881051063538,11.15532676531423,3.8124142301648676,0.879784145190481,0.45523715102379636,2.175292559806218
3,1771109331850,1771109334964,0,0.09603185479839643,0.11404813130696614,0.2823323408762614,0.35235279174748296,0.3065355978032709,0.8819727567686823,0.8034247756004333,0.7818164825439453,2.168075561523437,-0.6792815923690796,-0.4423608779907226,-1.3163816928863523,11.269276531526247,4.248718269153935,0.9246234707790586,0.46587496927042,2.175292559806218
3,1771109332929,1771109336032,0,0.08543499484658242,0.05726467768351237,0.20421156684557598,0.30516359895079054,0.3758162017055018,0.854235250774185,0.663133978843689,0.7922658920288086,2.168075561523437,-0.443065881729126,-0.5908107757568359,-1.3163816928863523,11.454880322822364,4.739225645423718,0.9047484928327,0.41396576180782285,2.175292559806218
3,1771109334005,1771109337091,0,0.056950647632280985,0.05730123519897461,0.18992148637771605,0.318694378423464,0.3944023398795999,0.7854784810671354,0.7352617979049683,0.7922658920288086,1.663958191871643,-0.6384425163269043,-0.5908107757568359,-1.3163816928863523,11.233781978590704,6.119631489124342,0.8320569600109483,0.4494104478801647,1.8505834344274463
3,1771109335072,1771109338172,0,0.02493036364515622,0.023260911305745445,0.24196040630340576,0.2824791878319174,0.35553398900315863,0.700958533440257,0.7352617979049683,0.7922658920288086,1.663958191871643,-0.6384425163269043,-0.5908107757568359,-0.943734645843506,10.894265631628668,5.7945057838289165,0.7417280611363182,0.4360923224563591,1.8505834344274463
3,1771109336165,1771109339206,0,0.038448911656936,0.06505441665649414,0.08513548771540323,0.3015444936392941,0.3020959039564044,0.691958588592002,0.7352617979049683,0.6821861267089844,1.663958191871643,-0.6384425163269043,-0.4767971038818359,-1.116431474685669,10.262090606026735,5.624960208801049,0.6983689816927157,0.412147857128634,1.8505834344274463
3,1771109337200,1771109340261,0,0.038657776514689116,0.06100680033365886,-0.027989538510640462,0.293689451891304,0.30780070699560896,0.5271252089596149,0.6845294833183289,0.6343164443969727,1.1649281978607178,-0.5238168239593506,-0.703826904296875,-1.116431474685669,8.872564319828193,3.8403825523416923,0.6127025205112069,0.27697102883576014,1.2185442113047547
3,1771109338267,1771109341321,0,0.12279061650236446,0.02526407241821289,0.043790686130523684,0.35986674214386394,0.42322722306938526,0.5759815956659505,0.8046175241470337,1.1407356262207031,1.6651051044464111,-0.5238168239593506,-0.7922849655151367,-1.116431474685669,8.979007536258061,3.975981834848821,0.707248856103049,0.3757291345755263,1.738100534419669
3,1771109339311,1771109342389,0,0.18568367312351863,0.09885985056559245,0.31430598100026447,0.32690899478179253,0.485289739165068,0.6203934183109817,0.8046175241470337,1.1407356262207031,1.804903626441956,-0.5238168239593506,-0.7922849655151367,-0.7503769397735596,9.719909254716509,4.116424123706962,0.8041473375924394,0.4541857060977092,1.841265985457166
3,1771109340362,1771109343473,0,0.14546250278751055,0.04873876571655274,0.34992735385894774,0.33738610839858185,0.4962240480937818,0.6681160659029163,0.8046175241470337,1.1407356262207031,1.804903626441956,-0.8438308238983154,-0.7922849655151367,-0.7503769397735596,9.943022086406822,3.778245526232885,0.8543626150341368,0.4498432975326676,1.841265985457166
3,1771109341430,1771109344533,0,0.07976460084319115,0.03720169067382813,0.3398085912068685,0.28588658700996505,0.5463711614816096,0.648530614812353,0.6095736026763916,1.333169937133789,1.804903626441956,-0.8438308238983154,-0.7672052383422852,-0.7503769397735596,10.778626394879263,4.548163409313118,0.8569851413784152,0.4105619744411837,1.841265985457166
3,1771109342497,1771109345593,0,-0.002081764241059614,-0.11245024998982747,0.2566290577252706,0.33408776293144365,0.4736788498042082,0.6091286733116832,0.6936903595924377,1.333169937133789,1.360893964767456,-0.8438308238983154,-0.7573947906494141,-0.7046914100646973,10.894465890668304,4.692621771247423,0.8068236248956833,0.3388622900474743,1.522899230150431
3,1771109343581,1771109346669,0,0.008944027622540795,-0.06615025202433268,0.2841726620992025,0.3546912553109234,0.44667604897557145,0.6065262208826442,0.7985095977783203,1.333169937133789,1.2590982913970947,-0.6292518377304077,-0.7573947906494141,-0.9957876205444336,11.314918519138129,4.754843262942427,0.8098830618817889,0.32065477328667996,1.522899230150431
3,1771109344642,1771109347737,0,0.043119439855217934,-0.046514733632405596,0.22019994656244915,0.359410149936466,0.30437272260483555,0.6553904190107728,0.7985095977783203,0.733454704284668,1.3423519134521484,-0.6292518377304077,-0.6583538055419922,-1.0217276811599731,10.466850714244636,4.837228582172818,0.7712381668710654,0.30059559967239013,1.395450724964561
3,1771109345702,1771109348804,0,0.096205435693264,0.017640749613444022,0.08231422901153565,0.3494349042950117,0.29048702595317993,0.6600071499180271,0.7985095977783203,0.733454704284668,1.3423519134521484,-0.6292518377304077,-0.5149602890014648,-1.0282196998596191,9.41774456543685,4.837667462387136,0.7426374237057715,0.2974471443489855,1.395450724964561
3,1771109346779,1771109349883,0,0.12575094401836395,0.04941527048746745,0.023762722810109455,0.32704140827645395,0.33785586628650105,0.7532653530965636,0.7946310043334961,0.7447977066040039,1.3423519134521484,-0.5562921166419983,-0.6439628601074219,-1.3660399913787842,10.88491166888896,6.593365080593402,0.8102055801691467,0.35904240886012734,1.6297044521524056
3,1771109347856,1771109350958,0,0.06448111894230046,0.04206829071044922,0.13839898506800333,0.36669080753502276,0.3670418828021756,0.9545381997087202,0.7946310043334961,0.7447977066040039,2.8807857036590576,-0.8571066856384277,-0.8988475799560547,-1.3660399913787842,13.191163338693274,8.526883864151154,0.9133629310909922,0.5858953262104416,2.961309620799313
3,1771109348906,1771109352040,0,0.08618184179067612,0.09791574478149415,0.2175687372684479,0.35347175776396716,0.3743433614009032,0.9845970147301831,0.772049069404602,0.7447977066040039,2.8807857036590576,-0.8571066856384277,-0.8988475799560547,-1.3660399913787842,14.462058535418246,8.059470112977584,0.9496902608266097,0.6066831816464548,2.961309620799313
3,1771109349989,1771109353108,0,0.07531213983893395,0.10432424545288084,0.20182172258694966,0.3298043889547092,0.3853014287208032,0.9312775789992592,0.772049069404602,0.716273307800293,2.8807857036590576,-0.8571066856384277,-0.8988475799560547,-1.063004732131958,13.238752369617163,7.37082445110912,0.8848464621344507,0.611406010492535,2.961309620799313
3,1771109351065,1771109354172,0,0.2244679297010104,0.11525402069091797,0.18160677552223206,0.31377579023474605,0.38947236255301526,0.7868081567638618,0.8966500163078308,0.7747974395751953,1.9095484018325808,-0.2733124494552612,-0.7410163879394531,-1.1158902645111084,12.019908620081587,5.397117956494523,0.8562566770526369,0.4590607425500432,2.053118756550127
3,1771109352155,1771109355236,0,0.26497155080238977,0.04305572509765625,0.3322979132334391,0.3174995224194118,0.4299289968344931,0.7534296231764418,0.8966500163078308,0.8207197189331055,1.9095484018325808,-0.2742921113967895,-0.7410163879394531,-1.1158902645111084,11.904955572396057,5.195902768483463,0.8949241768481467,0.46213976348542773,2.053118756550127
3,1771109353210,1771109356296,0,0.2513187561184168,0.06094783147176107,0.2867312987645467,0.33317837229652575,0.4937549255602251,0.7857797145355458,0.8966500163078308,0.9957637786865234,1.9095484018325808,-0.3540424704551697,-0.7522487640380859,-1.2577247619628906,12.55443447393778,5.359149749071178,0.9518079053739363,0.43509265903949296,2.053118756550127
3,1771109354276,1771109357381,0,0.13882112987339496,0.09085931777954101,0.1781447172164917,0.34323401571507345,0.45620710552987076,0.7103297592474767,0.8282703161239624,0.9957637786865234,1.480041265487671,-0.3812969624996185,-0.7522487640380859,-1.2577247619628906,11.735250222260325,4.4381708317713064,0.8545028738381898,0.36939823035315816,1.5248664637925995
3,1771109355347,1771109358430,0,-0.007385614141821851,0.06374632517496745,-0.0618209958076477,0.39986187985070554,0.4406778512516129,0.8511817247470679,0.8400796055793762,0.9957637786865234,1.5629065036773682,-0.9343974590301514,-0.7522487640380859,-1.6052011251449585,12.67313215358418,5.5039905803077485,0.9559364992599806,0.37614511908373066,1.650995447216457
3,1771109356404,1771109359489,0,-0.06700767104824384,-0.010699812571207683,-0.0611098051071167,0.40259268716324587,0.3579837155675163,0.8339929225930791,0.8400796055793762,0.5980329513549805,1.5629065036773682,-0.9343974590301514,-0.5927791595458984,-1.6052011251449585,11.938423059028114,5.681810448670623,0.9039372891060826,0.38616745519876156,1.650995447216457
3,1771109357487,1771109360569,0,-0.195443561176459,-0.08148558934529622,0.015858721733093276,0.4029695203954007,0.5088174935221115,0.9898406395521252,0.8400796055793762,1.0598773956298828,2.353304862976074,-0.9343974590301514,-1.4577369689941406,-1.6052011251449585,14.818682946098999,8.546300051176868,1.0824981611073765,0.4852827252674114,2.5042082455018924
3,1771109358531,1771109361642,0,-0.21421488672494887,-0.10703535079956054,0.00686552127202352,0.3348713223371653,0.47303586008821913,0.7896647432617018,0.5967684984207153,1.0598773956298828,2.353304862976074,-0.9205433130264282,-1.4577369689941406,-1.19883394241333,12.535656054075556,8.472605531551268,0.8568101409593607,0.5093178312727078,2.5042082455018924
3,1771109359599,1771109362700,0,-0.19622888068358105,-0.10303599039713542,0.0503601352373759,0.4480643153267997,0.4925045245537197,0.7634830341072099,0.8450199365615845,1.0598773956298828,2.353304862976074,-0.9361734986305236,-1.4577369689941406,-1.19883394241333,12.870327575406431,8.458740064940326,0.9000603219113293,0.49155363175309685,2.5042082455018924
3,1771109360674,1771109363763,0,-0.09449729472398757,-0.07346712748209636,-0.00048531691233316975,0.4695383086792131,0.31002005350451695,0.6733626034500158,0.8450199365615845,0.4665040969848633,1.6430132389068604,-0.9361734986305236,-0.7370767593383789,-1.1340079307556152,10.485669017321898,5.969518186367364,0.7860754211205953,0.38156955740896026,1.8332815854981948
3,1771109361749,1771109364844,0,-0.06109648123383522,-0.012086677551269515,0.05739241441090902,0.4758392925695808,0.37383135817887464,0.793390653185622,0.8450199365615845,0.6935462951660156,2.067978620529175,-0.9361734986305236,-0.7370767593383789,-1.1340079307556152,11.970081540906522,6.598330687471695,0.8952637281005635,0.4170452773777206,2.09849907049695
3,1771109362808,1771109365916,0,-0.06757704056799411,0.010929298400878923,0.11454403400421143,0.38614944600104534,0.31747302036530395,0.7938590181281755,0.7435804605484009,0.6935462951660156,2.067978620529175,-0.8715802431106567,-0.4544286727905273,-1.1340079307556152,11.030760361474393,6.4629261254191785,0.8285310744745126,0.4340486217433653,2.09849907049695
3,1771109363868,1771109366973,0,-0.06544704449673494,0.004975287119547544,0.23740126689275107,0.3607449684735595,0.309626007194795,0.682432189104158,0.6116716861724854,0.6935462951660156,2.067978620529175,-0.8715802431106567,-0.4544286727905273,-1.023768424987793,9.730664430671101,5.293036862970552,0.7761270076488219,0.3623998910429252,2.09849907049695
3,1771109364953,1771109368031,0,-0.056307494516174006,-0.03784338633219401,0.3120001435279846,0.3548460103953035,0.26211906848323124,0.5092282239504476,0.6116716861724854,0.3619794845581054,1.2366700172424316,-1.0087411403656006,-0.4787521362304687,-0.6182727813720703,7.820979274532472,3.7282401055811856,0.6715643831649271,0.30470843582896273,1.2749553249424015
3,1771109366012,1771109369108,0,-0.024685480197270713,-0.028305180867513026,0.29710573752721153,0.39563589316086967,0.25605135207443763,0.4448574564750589,0.7400532960891724,0.4039726257324219,1.1482398509979248,-1.0087411403656006,-0.4787521362304687,-0.5372174978256226,7.432774927216742,3.4192870853614736,0.6457362822221538,0.2853231084587725,1.2111049385203314
3,1771109367073,1771109370191,0,-0.002746969461441036,-0.016888395945231133,0.2926818370819092,0.3857206923267043,0.25687277807185227,0.43275026216797374,0.7400532960891724,0.4039726257324219,1.1482398509979248,-1.0087411403656006,-0.4787521362304687,-0.4620232582092285,7.3429302818563995,2.8561654945301354,0.6155400401791691,0.3146451492179283,1.2111049385203314
3,1771109368143,1771109371242,0,0.01433090666929882,0.000894387563069654,0.26341503461201987,0.36064411689081005,0.23659734625035972,0.49497045045736,0.7400532960891724,0.4039726257324219,1.2905290126800537,-0.6924087405204773,-0.4430885314941406,-0.8500220775604248,7.60632995919435,3.9162345436276103,0.6203011423290821,0.32402177005784333,1.4033637566082742
3,1771109369208,1771109372301,0,0.04543920780221621,0.01112480163574218,0.21872517267862956,0.33160671634890665,0.21607601733027887,0.4814599692894559,0.7116566300392151,0.3435745239257812,1.2905290126800537,-0.7146090269088745,-0.3907623291015625,-0.8500220775604248,7.560703683505422,3.7309855230551103,0.5668900331245751,0.3282743552300127,1.4033637566082742
3,1771109370292,1771109373369,0,0.021674384176731103,0.044398053487141924,-0.0005395968755086189,0.3052391358887193,0.17469422535915202,0.4129499307634077,0.5501768589019775,0.3435745239257812,1.2905290126800537,-0.7146090269088745,-0.3692893981933594,-0.8500220775604248,6.343831020283583,3.6605807083697375,0.46391606423936577,0.27221803273032164,1.4033637566082742
3,1771109371343,1771109374428,0,0.013346153000990537,0.11601187388102213,-0.22377155224482217,0.37065670776721327,0.1481979021953998,0.3123472512358196,0.7191151976585388,0.4425697326660156,0.3489162921905517,-0.7146090269088745,-0.1480178833007812,-0.7834886312484741,6.424105111889398,3.18422937873229,0.5015580173046778,0.2501646950942336,0.9436746847756771
3,1771109372410,1771109375487,0,-0.010029502461353944,0.11217384338378905,-0.3379443407058716,0.3325348583687534,0.12996100446252934,0.29595453370473696,0.7191151976585388,0.4425697326660156,0.2101709842681884,-0.6509926319122314,-0.1092338562011718,-0.7834886312484741,5.93742722259106,3.213604008811946,0.5212890684668855,0.2553646775963066,0.9436746847756771
3,1771109373477,1771109376564,0,-0.0018729622165362004,0.0805014928181966,-0.39641038576761883,0.3204061277015638,0.20432365513746237,0.27125267444208745,0.7191151976585388,0.4862289428710937,0.2101709842681884,-0.6509926319122314,-0.3632192611694336,-0.7834886312484741,6.013567954527721,3.4158656748189236,0.5651108883378504,0.23851897285694632,0.9436746847756771
3,1771109374528,1771109377624,0,0.031204757591088598,0.05841763814290364,-0.2708156486352285,0.2132784373915743,0.20257961939375774,0.4336390790711375,0.3968269526958465,0.4862289428710937,0.7974286079406738,-0.4257994890213012,-0.3632192611694336,-1.060139775276184,5.453176089504171,3.4067205486973666,0.5456242434592025,0.21680692496049028,1.1003433407735743
3,1771109375596,1771109378690,0,0.007591859747966128,0.07723182042439779,-0.11105523506800333,0.2538726092378268,0.26829033676892966,0.7891960229052352,0.478111982345581,0.6200113296508789,2.110170125961304,-0.453815221786499,-0.4348726272583008,-1.6621124744415283,7.942242571284457,5.628843458204355,0.736729614837115,0.4655783800854642,2.121143101022881
3,1771109376664,1771109379758,0,0.10051569292942683,0.10658582051595052,0.13597265481948853,0.2998840420437602,0.25122470825332216,0.8727812020316446,0.6390916109085083,0.6200113296508789,2.110170125961304,-0.453815221786499,-0.4348726272583008,-1.6621124744415283,10.088648509885987,5.782066647860535,0.8392715954195876,0.47692329571119285,2.121143101022881
3,1771109377731,1771109380817,0,0.06298705339431762,0.08156216939290364,0.24443041682243347,0.31677275718406245,0.2634799112534781,0.8143992305884574,0.6390916109085083,0.6200113296508789,2.110170125961304,-0.5516444444656372,-0.4348726272583008,-1.6621124744415283,11.034060892859676,4.743538537267995,0.8024296535210876,0.4896004295871838,2.121143101022881
3,1771109378799,1771109381876,0,0.08021410175909599,-0.031279818216959625,0.4210981845855713,0.27629575228977815,0.2636548494618705,0.5873422105402032,0.6390916109085083,0.528228759765625,1.4409945011138916,-0.5516444444656372,-0.7996234893798828,-0.9197133779525756,9.691168041102323,4.325547222826872,0.7202584753863366,0.38114269707501225,1.5321754310205098
3,1771109379858,1771109382981,0,0.029999897815287117,-0.047655550638834636,0.45524556636810304,0.23553191154811856,0.25194067560445776,0.497929580473853,0.5071040987968445,0.3949909210205078,1.4409945011138916,-0.5516444444656372,-0.7996234893798828,-0.722453236579895,7.830726708781332,3.566829968614823,0.6636261341950683,0.3591278743962222,1.5321754310205098
3,1771109380926,1771109384021,0,-0.008161864243447784,-0.03575700124104818,0.31220837036768595,0.25716198911005167,0.2564071641596922,0.6144324967651641,0.5071040987968445,0.3949909210205078,1.4409945011138916,-0.6604689955711365,-0.7996234893798828,-0.935417413711548,7.693542518767245,3.830925117747139,0.6723879293077544,0.3793885187934343,1.5321754310205098
3,1771109381979,1771109385078,0,0.0060057998945315565,0.07006842295328776,0.05667810440063477,0.30150127800819193,0.20762848359012784,0.4994320090115785,0.5071040987968445,0.3949909210205078,0.9360647201538086,-0.6604689955711365,-0.3860731124877929,-0.935417413711548,6.963663142956318,2.9747532330085433,0.54235323300773,0.2959633129182629,1.149230883750942
3,1771109383056,1771109386147,0,-0.05833619696398576,0.08248036702473958,-0.1958973964055379,0.32998415024951266,0.20200508187159058,0.3620559902508745,0.4673751592636108,0.3592252731323242,0.5417275428771973,-0.6604689955711365,-0.3515834808349609,-0.935417413711548,7.424863761769682,3.199718943167152,0.5132619615593627,0.24189952259371136,1.149230883750942
3,1771109384148,1771109387212,0,0.03839713074266911,0.08721631368001301,-0.11588443915049235,0.44567561777121767,0.1728656261751532,0.33321713351229904,1.0243359804153442,0.3592252731323242,0.7186198234558105,-0.7346582412719727,-0.3484554290771484,-0.9780721664428712,7.940413969680019,3.3517300725629666,0.5241782019877264,0.2803426756034448,1.223301215637138
3,1771109385187,1771109388265,0,0.09712833588322003,0.10259583791097003,-0.15104835430781047,0.42208186375549195,0.1627944706592162,0.35269101390002083,1.0243359804153442,0.3407049179077148,0.7186198234558105,-0.7346582412719727,-0.3484554290771484,-0.9780721664428712,7.305523277822303,3.6117018134864356,0.5338819502002419,0.2800678042831508,1.223301215637138
3,1771109386255,1771109389332,0,0.10355410551031431,0.08815491994222002,-0.09034434954325359,0.38021248464035007,0.12950866923441193,0.3570846646371676,1.0243359804153442,0.337158203125,0.7186198234558105,-0.7346582412719727,-0.1380758285522461,-0.9780721664428712,6.803429005127669,3.611444448952012,0.4773097222430744,0.2841459865321393,1.223301215637138
3,1771109387314,1771109390400,0,0.04038503319025039,0.09635403951009112,-0.12989909251530965,0.22409624850212984,0.14352905365462054,0.3906190114918477,0.4250310361385345,0.4454345703125,0.6035761833190918,-0.2868190407752991,-0.1023769378662109,-0.7302552461624146,5.795926980159385,2.998477060317685,0.45875225753115906,0.1855783817787268,0.791193836681863
3,1771109388375,1771109391484,0,0.020284039775530515,0.05356438954671223,0.01834001938501994,0.2808447358374127,0.17835681825908822,0.6359049888485039,0.9817400574684144,0.4454345703125,1.7790415287017822,-0.4858201146125793,-0.3858022689819336,-1.4875580072402954,7.230993569152422,4.4026744748868145,0.5887798267434828,0.40023268745078466,2.056556346327422
3,1771109389446,1771109392551,0,0.07566301027933757,0.028979778289794908,0.11433128118515015,0.3084090747787759,0.2007915390898299,0.7554557534726452,0.9817400574684144,0.4454345703125,1.7790415287017822,-0.4858201146125793,-0.3858022689819336,-1.4875580072402954,8.467620030114421,4.489775778896262,0.7333424585203623,0.41246161902052,2.056556346327422
3,1771109390509,1771109393628,0,0.11958501810828845,0.0048773129781087155,0.2916002313296,0.3290009583150333,0.22714824268833658,0.8111876661989298,0.9817400574684144,0.3342952728271484,1.7790415287017822,-0.5788878798484802,-0.5336074829101562,-1.4875580072402954,10.027624111055491,5.296690602383064,0.8406951823430174,0.43532145285553236,2.056556346327422
3,1771109391593,1771109394696,0,0.08503006398677826,0.04299856821695964,0.37401697238286336,0.3557139445673842,0.26231799914161963,0.7817491586186103,1.0030282735824585,0.5038738250732422,1.7081400156021118,-0.7213559150695801,-0.5336074829101562,-1.165877103805542,10.836712714778885,5.86991686404912,0.8793755377339791,0.40076488285088896,2.022204820648574
3,1771109392660,1771109395754,0,0.009941056867440545,0.04983094533284505,0.2451615333557129,0.41490966054359196,0.2690775194412975,0.9018102426671705,1.0030282735824585,0.5038738250732422,1.8851218223571775,-0.7320574522018433,-0.5336074829101562,-1.3697994947433472,11.84655796324727,6.8992885534446975,0.9521390112864592,0.42992148235020744,2.022204820648574
3,1771109393737,1771109396822,0,-0.06444777101278305,0.09974768956502279,-0.056472428639729816,0.41477396459684485,0.2728293884191214,0.9532546325333893,1.0030282735824585,0.510228157043457,1.8851218223571775,-0.7320574522018433,-0.4509010314941406,-1.7744401693344116,11.44548479276312,6.73127671541997,0.9603243738424266,0.4680091399678189,2.022204820648574
3,1771109394804,1771109397899,0,0.002430872619152069,0.06322962443033854,-0.03669994672139486,0.43570529516178114,0.2784943861366824,0.9859544682107264,0.7469972372055054,0.5762434005737305,2.135375738143921,-0.7320574522018433,-0.4509010314941406,-1.7744401693344116,11.85950978548356,6.74480216452412,1.001464160204858,0.4555496216174827,2.1870036557701704
3,1771109395862,1771109398948,0,0.01256397869437932,0.008318773905436202,0.01676871577898661,0.40095019021206524,0.31962375959539063,0.8992094395675486,0.8082864880561829,0.5762434005737305,2.135375738143921,-0.5391048192977905,-0.7665691375732422,-1.7744401693344116,11.82772283049196,6.048869310272403,0.9107236392291773,0.4626074339077072,2.1870036557701704
3,1771109396930,1771109400046,0,0.08936882174263398,-0.01999918619791665,0.06182496945063273,0.43550945621315607,0.3380345831641348,0.8735241436350866,0.8824929594993591,0.8880176544189453,2.135375738143921,-0.5144160389900208,-0.7665691375732422,-1.4519975185394287,12.01521912996165,5.865934589349891,0.9298992868362832,0.430209270412606,2.1870036557701704
3,1771109398034,1771109401084,0,0.06181607165684304,-0.02456836700439453,-0.2845475117365519,0.3819073163039559,0.3375223301252265,0.7151730450105893,0.8824929594993591,0.8880176544189453,1.044790744781494,-0.5144160389900208,-0.7665691375732422,-1.4519975185394287,11.332089613405525,4.502424938292199,0.8103046082710942,0.4246751277382269,1.4884881019840375
3,1771109399050,1771109402160,0,0.03639694650967916,0.05669053395589192,-0.21413158774375915,0.39471930738045774,0.28943870947888467,0.7054088645662713,0.8824929594993591,0.8880176544189453,1.2636566162109375,-1.0076780319213867,-0.6263914108276367,-1.4519975185394287,10.274423995823181,3.756438968379926,0.7734294173622115,0.41290175813735275,1.4884881019840375
3,1771109400174,1771109403228,0,0.01611341920991739,-0.0302562713623047,0.05822977224985758,0.3083667252656589,0.38008464981717494,0.6818197920331982,0.4816815555095672,0.7547149658203125,1.471186280250549,-1.0076780319213867,-1.0324573516845703,-1.325843095779419,10.332955830026666,3.288578873758163,0.7319791960300974,0.39355642022962767,1.7980910352896067
3,1771109401185,1771109404305,0,-0.01747476086020471,-0.056236584981282554,0.2502566933631897,0.28041392066870185,0.4239671911684415,0.621361182955774,0.4696976244449615,0.9465913772583008,1.471186280250549,-1.0076780319213867,-1.0324573516845703,-0.912532925605774,10.239760820819082,3.713278511548396,0.742953750373816,0.37660497238794277,1.7980910352896067
3,1771109402271,1771109405379,0,0.06031561090300481,-0.09323415756225586,0.3397244373957316,0.32792208288710445,0.43215707992014424,0.6385529145999989,0.980439841747284,0.9465913772583008,1.7427423000335691,-0.8278205394744873,-1.0324573516845703,-0.912532925605774,11.322681340887073,4.324384656268212,0.799520823693105,0.4158300015511464,1.7980910352896067
3,1771109403336,1771109406447,0,0.08711269280562799,-0.05869175593058267,0.2658843437830607,0.41517868014154696,0.39453249014513103,0.6825490318562254,0.980439841747284,0.9465913772583008,1.7427423000335691,-0.8278205394744873,-0.6832313537597656,-1.0653239488601685,10.714235288253823,4.339580672949201,0.8355368354393741,0.39528908761768045,1.7908171521519771
3,1771109404413,1771109407507,0,0.14514664833744367,0.05245552062988281,0.3894989212354024,0.43941462759129396,0.5157606608175347,0.7688432399069834,0.980439841747284,1.432478904724121,1.963944911956787,-0.8278205394744873,-1.1026086807250977,-1.199697494506836,11.299621108552934,6.283558842982434,0.9902286854538186,0.4662943642536954,1.9806312389306997
3,1771109405487,1771109408565,0,0.09914290675272544,0.01835047403971354,0.09100622336069743,0.38937251641630066,0.5577719546379315,0.907778939539299,0.8769209384918213,1.432478904724121,1.963944911956787,-0.7496880888938904,-1.1026086807250977,-2.110692024230957,11.159595237539362,6.032138964619297,1.029891235458752,0.4567455047414719,2.16786908425687
3,1771109406555,1771109409617,0,0.0879197989280025,-0.04119895299275715,-0.06559298435846965,0.3486599071560578,0.6099916338101499,0.9062318107980323,0.6310593485832214,1.432478904724121,1.963944911956787,-0.6189659833908081,-1.1026086807250977,-2.110692024230957,12.401182641207203,6.571932701813885,1.0389419781470477,0.46096811415080746,2.16786908425687
3,1771109407615,1771109410685,0,-0.050762598340709994,-0.098986021677653,-0.23578356504440307,0.37195781204185807,0.4757564943580998,0.7100286723140639,0.6310593485832214,0.7671165466308594,0.9702777862548828,-0.6658849120140076,-0.919142723083496,-2.110692024230957,12.295829798343153,4.821245633020476,0.874898431253693,0.38380762611872304,2.16786908425687
3,1771109408674,1771109411751,0,-0.05347024289270242,-0.06196254094441732,-0.16700320641199748,0.4069797935543526,0.5114983147717419,0.7153782069589062,0.6310593485832214,0.7737007141113281,1.1512157917022705,-0.7563053369522095,-0.987966537475586,-1.4612922668457031,13.401629991090863,5.362286463440641,0.9047749015227341,0.3577211792343728,1.6501555541510944
3,1771109409727,1771109412803,0,-0.0565211933106184,-0.019842306772867836,-0.046681455771128325,0.4027044108454155,0.3957948697215576,0.7213288257881433,0.5909088850021362,0.7737007141113281,1.505290985107422,-0.8221896886825562,-0.987966537475586,-1.4612922668457031,12.694950721185823,5.118841950579028,0.8167230136993828,0.39378719890275493,1.6501555541510944
3,1771109410794,1771109413863,0,0.06915412793556848,-0.055791409810384114,-0.018375504016876206,0.38150528258764127,0.36173959338565814,0.6969592352362821,0.5909088850021362,0.7737007141113281,1.505290985107422,-0.8221896886825562,-0.987966537475586,-1.4612922668457031,11.205694820978998,5.540887367910788,0.768480883491001,0.399679124316542,1.6501555541510944
3,1771109411853,1771109414938,0,0.10548153594136238,-0.058717505137125627,0.16031198501586913,0.3470319628441714,0.24971139924255242,0.645389952424346,0.6167250871658325,0.6490478515625,1.8934173583984373,-0.8221896886825562,-0.4322948455810547,-0.7287130355834961,9.634700357113566,4.153754992644125,0.6868816370662869,0.3910273391683095,1.8938700471792056
3,1771109412911,1771109416006,0,0.09784533977508544,0.0033329327901204576,0.28194650014241535,0.3062372054665379,0.2696690241728742,0.6261663576083287,0.6167250871658325,0.6490478515625,1.8934173583984373,-0.5640993118286133,-0.400146484375,-0.7287130355834961,9.501935650649475,3.547107153938827,0.7032475167075452,0.37299662144306067,1.8938700471792056
3,1771109413970,1771109417108,0,-0.0004912212491035554,0.006405131022135421,0.2413377364476522,0.3113685382346457,0.3275172328692619,0.6336161369648864,0.6167250871658325,0.6490478515625,1.8934173583984373,-0.5597522258758545,-0.8136959075927734,-0.7287130355834961,9.729919145524775,3.435951489497807,0.7054343915357453,0.3888247884951015,1.8938700471792056
3,1771109415046,1771109418147,0,0.01654622082908947,-0.01188386281331381,0.1407159368197123,0.30456084710449244,0.36614088268270023,0.6584250504681188,0.5364012122154236,0.577906608581543,1.258169651031494,-0.5597522258758545,-0.8136959075927734,-1.1872601509094238,10.261432857269465,4.195437558184168,0.7224876196293641,0.37585253050791834,1.4386168489947098
3,1771109416107,1771109419226,0,0.043859685212373725,0.0016622543334960855,-0.026525827248891194,0.3160830468449535,0.37757107852258276,0.6223173479314527,0.7206994891166687,0.6407804489135742,1.0833146572113037,-0.5597522258758545,-0.8136959075927734,-1.1872601509094238,9.52192586605209,4.287481305405818,0.6911708840551191,0.37185728707465093,1.4386168489947098
3,1771109417196,1771109420277,0,0.07912555585304896,0.02693173090616862,0.12287346919377645,0.27187071219743253,0.33148288148857025,0.6811401770555886,0.7206994891166687,0.6407804489135742,1.1927757263183594,-0.3757184147834778,-0.8058071136474609,-1.1872601509094238,9.438519750946664,4.375327306242288,0.7147689332105907,0.37693556764187636,1.4386168489947098
3,1771109418251,1771109421332,0,0.10309193208813668,0.039889017740885414,0.1584458510080973,0.3092618851870038,0.2897743805245433,0.6505575826631231,0.8104031085968018,0.6407804489135742,1.1927757263183594,-0.4998937547206878,-0.552922248840332,-1.042769193649292,8.618762505272732,3.2669216863121964,0.7111802564967097,0.3438466606126136,1.313595021624939
3,1771109419334,1771109422395,0,0.14122247969110807,-0.01795759201049805,0.08535503149032593,0.35817875985240155,0.30109435635113,0.6661542074698054,0.8104031085968018,0.4969091415405273,1.1927757263183594,-0.7911984920501709,-0.6674556732177734,-1.042769193649292,9.547036339646736,3.4615338566802376,0.755284395797103,0.31794292731256923,1.313595021624939
3,1771109420385,1771109423472,0,0.1972759005924066,-0.0036362012227376247,-0.08218486706415812,0.35669203376421466,0.2785515288505939,0.6084316341257539,0.8104031085968018,0.3734893798828125,1.1296441555023191,-0.7911984920501709,-0.6674556732177734,-1.042769193649292,9.349448302802832,3.584796517292129,0.7166497517232239,0.30161758627389795,1.2087689427883421
3,1771109421436,1771109424533,0,0.1145233708123366,0.021821053822835286,-0.2985470553239187,0.3468318593599506,0.24886396924000453,0.5457981006638968,0.678537905216217,0.3734893798828125,0.6045436859130859,-0.7911984920501709,-0.6674556732177734,-1.3460177183151243,8.612538453814176,3.6228043241695054,0.6776583665420391,0.3336605510357467,1.402966079249288
3,1771109422504,1771109425601,0,0.00789639838039875,0.014106082916259765,-0.11350843707720439,0.30616034150171745,0.20436763818958878,0.7055792567595756,0.5991156101226807,0.312204360961914,1.6073851585388184,-0.7668290138244629,-0.5130434036254883,-1.3460177183151243,8.070281339959678,4.712929937575159,0.6778006586581007,0.4143495880951207,1.6383399321872
3,1771109423580,1771109426660,0,-0.018550906454523404,-0.03308566411336263,0.11201189160346985,0.2968156396377269,0.25627582113230624,0.8522001958612359,0.3847039937973022,0.5267105102539062,1.6303105354309082,-0.7668290138244629,-0.6151819229125977,-1.3460177183151243,10.680897747797697,6.947320723276348,0.8053982194666871,0.4727109239364459,1.6577939474188657
3,1771109424640,1771109427719,0,0.01881563824911913,-0.062392107645670575,0.37524736722310387,0.3268118055749949,0.31416708913293817,0.7574662618507948,0.7758747339248657,0.5267105102539062,1.6303105354309082,-0.7668290138244629,-0.6151819229125977,-1.0906319618225098,11.952993821292775,6.616458782596454,0.8381273147105796,0.4501570375218593,1.7380592933820964
3,1771109425710,1771109428785,0,0.008653125663598379,-0.023684787750244143,0.3744783322016398,0.3952148838978703,0.3858237591343288,0.7890962296739731,0.7758747339248657,0.5835170745849609,1.6303105354309082,-1.030252456665039,-0.6637163162231445,-1.0209898948669434,13.767788383688572,6.315379137881027,0.9262856826849813,0.4311189336343372,1.7380592933820964
3,1771109426767,1771109429853,0,-0.04192123264074325,-0.03199351628621419,0.10775880018870036,0.412203394861911,0.3552942991663751,0.9317829365206286,0.7758747339248657,0.5835170745849609,1.7208482027053833,-1.030252456665039,-0.6637163162231445,-1.6987123489379885,13.852794205878814,6.734256743769413,0.9637868266395064,0.46726736927180756,1.912833862754777
3,1771109427826,1771109430929,0,-0.05049721424778302,-0.011335086822509765,0.12974950869878132,0.4085655838151529,0.311323123235106,0.9048379117920522,0.7533074021339417,0.5835170745849609,1.7208482027053833,-1.030252456665039,-0.6637163162231445,-1.6987123489379885,13.511000331414925,7.146898651450448,0.9163868966394415,0.48378040166994873,1.912833862754777
3,1771109428888,1771109431991,0,0.05968007495005925,-0.06687227884928384,0.1661778450012207,0.3823228670174142,0.2611969222978544,0.8288234415074293,0.9772940278053284,0.3452720642089844,1.7208482027053833,-0.8684122562408447,-0.8110580444335938,-1.6987123489379885,12.145822896965138,6.816584159158079,0.8117328571266014,0.5065467249859895,1.912833862754777
3,1771109429954,1771109433048,0,0.173554644236962,-0.0718451182047526,0.48397552569707236,0.35957345925779827,0.3427850865924156,0.6202655426086164,0.9772940278053284,0.5760602951049805,1.574565291404724,-0.6104694604873657,-0.8359861373901367,-0.6832945346832275,10.66337712130362,5.0174334741130355,0.8005794072939911,0.49729726916913,1.8583260526266185
3,1771109431030,1771109434185,0,0.17090721130371092,-0.0733740488688151,0.47577441136042276,0.33298535949071556,0.33970228899011207,0.6342023451892885,0.9772940278053284,0.5760602951049805,1.574565291404724,-0.3705856204032898,-0.8359861373901367,-0.8892669677734375,9.70188993435136,5.883734528197798,0.7967188484979231,0.4917245359915781,1.8583260526266185
3,1771109432116,1771109435173,0,0.06231524323423702,-0.05391438802083333,0.3823273022969564,0.3226580614122683,0.3206036502904449,0.6318215406129487,0.9382712841033936,0.5760602951049805,1.4966068267822266,-0.4658832550048828,-0.8359861373901367,-0.8892669677734375,8.678673933711542,5.482090211021793,0.7454756887452322,0.4352411767701001,1.7483726336288412
3,1771109433160,1771109436221,0,-0.026644991834958408,-0.04995123545328775,0.11485379934310913,0.2693878544677113,0.24364855144811712,0.6298721302835112,0.4787036776542663,0.4794158935546875,1.1355218887329102,-0.4658832550048828,-0.623387336730957,-1.1812952756881714,8.777026340579495,5.189268538801684,0.6517037970002796,0.32599374840951895,1.2364290451882842
3,1771109434217,1771109437288,0,-0.08207468464970588,-0.10722815195719401,0.06965880791346232,0.28289207323471643,0.2572286357750509,0.769308188260148,0.5203527808189392,0.3467864990234375,2.633383274078369,-0.4666664004325866,-0.623387336730957,-1.1812952756881714,9.86805962186011,5.037268794772928,0.7231167761913063,0.4700886267937076,2.6876570242488533
3,1771109435261,1771109438355,0,-0.132241377979517,-0.07432495752970378,-0.1144236425558726,0.27482779591226036,0.28704085019437137,0.866596624921678,0.5203527808189392,0.5894079208374023,2.633383274078369,-0.5620661973953247,-0.7656536102294922,-1.274555206298828,10.593423798343528,5.3401849060876145,0.8170561276723579,0.5056297852443745,2.6876570242488533
3,1771109436327,1771109439414,0,-0.09434145266811053,-0.054585774739583336,0.06310288310050964,0.289432768274864,0.3468141300349856,0.8242722459450305,0.5203527808189392,0.7145366668701172,2.633383274078369,-0.5620661973953247,-0.7656536102294922,-1.274555206298828,10.222934535142254,5.4607372688190665,0.8064094872001127,0.4766179661088978,2.6876570242488533
3,1771109437395,1771109440465,0,-0.060472377575933926,-0.026179917653401694,0.07613429427146912,0.2798242033373328,0.32515529997180737,0.7939496259760953,0.4588459432125091,0.7145366668701172,1.703213810920715,-0.5620661973953247,-0.7656536102294922,-1.274555206298828,11.817467839213746,6.215605432245198,0.8154141629459039,0.37019460941904864,1.7160835393968477
3,1771109438463,1771109441524,0,-0.012829293124377741,-0.02549718221028645,0.22988783121109008,0.3105921373493881,0.31335460909311913,0.7277599966138372,0.4588459432125091,0.7145366668701172,1.703213810920715,-0.8037024736404419,-0.5625181198120117,-1.039079189300537,12.417498838564752,5.967905073170127,0.7956274611723663,0.353490205504665,1.7160835393968477
3,1771109439519,1771109442584,0,-0.059301425796002165,-0.06101722717285156,-0.00520863135655721,0.32232871907721977,0.2632137651268914,0.8579057524788347,0.7799537777900696,0.4963722229003906,1.703213810920715,-0.8037024736404419,-0.5602073669433594,-1.5175108909606934,12.64418212679938,6.467895042089212,0.8620409369203034,0.3846528633989404,1.7160835393968477
3,1771109440574,1771109443660,0,-0.05909404465928674,-0.045496686299641924,0.08376737435658772,0.3702841787036717,0.29138519870459256,0.8860642920956133,0.7799537777900696,0.6473894119262695,1.853832721710205,-0.8037024736404419,-0.5602073669433594,-1.5175108909606934,11.866667934101624,5.778237456267583,0.8758433612350714,0.4760095076815415,1.9453520212297186
3,1771109441626,1771109444713,0,0.012875543069094416,-0.03567749659220377,0.25138144493103026,0.33783583056989636,0.3143402988384362,0.8311278040404891,0.7799537777900696,0.7061405181884766,1.853832721710205,-0.7119498252868652,-0.5602073669433594,-1.5175108909606934,11.343797050043966,8.450971857191123,0.8610448606188312,0.451234472444794,1.9453520212297186
3,1771109442693,1771109445787,0,-0.005232722436388346,-0.05629908243815102,0.325544281800588,0.3328255466878016,0.3269569090305518,0.7642661499580133,0.5951579213142395,0.7061405181884766,1.853832721710205,-0.7119498252868652,-0.6354150772094727,-1.2221039533615112,11.127904549095044,8.0448493727568,0.8341538353529069,0.4414872500369063,1.9453520212297186
3,1771109443769,1771109446847,0,0.0739542368799448,-0.0572898546854655,0.1617820700009664,0.30739920644842245,0.42012250646161975,0.7502105245188427,0.6607062220573425,0.8928260803222656,1.6862421035766602,-0.6752977967262268,-0.8386373519897461,-1.2243486642837524,11.123780161648984,8.196692096794388,0.8467129063100632,0.35818696514776355,1.910576842145661
3,1771109444820,1771109447915,0,0.0745633315294981,-0.03284893035888672,0.15662315289179485,0.36912603877675065,0.41481499303649916,0.9224244898276807,0.771308422088623,0.8928260803222656,2.122968912124634,-0.6752977967262268,-0.8386373519897461,-1.2243486642837524,13.163740610235276,6.298232621709772,0.9498541011860653,0.5080382586274091,2.1406467536825047
3,1771109445895,1771109448968,0,0.10984458227952322,0.05544907251993814,0.29201212724049885,0.3551745277992161,0.39058394751013525,0.8980404170309886,0.771308422088623,0.8928260803222656,2.122968912124634,-0.6074270009994507,-0.8386373519897461,-1.2243486642837524,13.610274340551541,5.937305184071185,0.9410600455562015,0.5224209054355673,2.1406467536825047
3,1771109446955,1771109450032,0,0.04827420264482498,0.11535708109537761,0.2193639834721883,0.3596951485563942,0.2830494776381091,0.9459160710124309,0.771308422088623,0.6894083023071289,2.122968912124634,-0.6074270009994507,-0.3526992797851562,-1.6845895051956177,14.029668548287273,5.667518624840854,0.9297586090340892,0.5253112053537818,2.1406467536825047
3,1771109448015,1771109451091,0,0.019672657052675884,0.1159570058186849,0.05977190732955932,0.2669678324876827,0.2860861281380723,0.7471538052576122,0.7008554935455322,0.7336368560791016,1.2789607048034668,-0.6074270009994507,-0.2995624542236328,-1.6845895051956177,11.658988411774875,5.503876684737211,0.7474529123852994,0.38911558447692446,1.7150863546582296
3,1771109449075,1771109452180,0,-0.011927181979020445,0.12919413248697917,-0.1160815715789795,0.28542075577820913,0.33866723544545335,0.7205983951390488,0.7008554935455322,0.9976396560668944,1.4024066925048828,-0.5137321949005127,-0.4686746597290039,-1.6845895051956177,11.795268282894948,6.505926554815428,0.7456002002637362,0.414350909579667,1.7150863546582296
3,1771109450190,1771109453241,0,-0.03312140901883444,0.0888336181640625,0.0838892420132955,0.26786725516487375,0.3765471721455033,0.6484994894559581,0.6129540801048279,0.9976396560668944,1.4024066925048828,-0.4725125133991241,-0.6631641387939453,-1.0782177448272705,10.04463164145098,6.676441675803701,0.7018996925316582,0.3755251295560957,1.5390748937639638
3,1771109451194,1771109454304,0,-0.09579042792320251,0.022220452626546223,-0.004103668530782072,0.31272732652071694,0.37718670588771336,0.8131679423157782,0.6129540801048279,0.9976396560668944,1.4024066925048828,-0.7859984040260315,-0.6631641387939453,-1.911306619644165,11.695533788538077,7.265115113230028,0.8108980027900666,0.48072944740515494,2.0790717871716726
3,1771109452276,1771109455381,0,-0.011515289545059204,0.014656480153401687,0.13527612288792928,0.3394647631686958,0.3890654495929592,0.8302866625380584,0.6517056226730347,0.8281307220458984,1.2610055208206177,-0.7859984040260315,-0.6631641387939453,-1.911306619644165,11.946213361611472,6.6544439736974565,0.8542421215110966,0.4694481279442895,2.0790717871716726
3,1771109453344,1771109456464,0,0.0470419317483902,0.03930362065633138,0.04777494271596272,0.3522273580477142,0.3327068974695306,0.8545209703816233,0.6517056226730347,0.7439441680908203,1.3608317375183103,-0.7859984040260315,-0.4772796630859375,-1.911306619644165,12.523140024608479,5.7907706469236295,0.8461837358307791,0.4800989759693097,2.0790717871716726
3,1771109454412,1771109457533,0,0.08346376717090606,0.15472532908121744,0.30060394008954366,0.3132748471701729,0.3554217143808156,0.8164621359948193,0.6517056226730347,0.8710832595825195,2.420226573944092,-0.6177878379821777,-0.333078384399414,-1.2527596950531006,10.599735138970003,5.141223095797027,0.8606385619318337,0.5002865337857952,2.536357652863451
3,1771109455489,1771109458604,0,0.029605276385943104,0.12603559494018554,0.16853944857915243,0.31209749385160934,0.30435285885896746,0.8005228251354558,0.7698248624801636,0.8710832595825195,2.420226573944092,-0.6177878379821777,-0.2653665542602539,-1.2527596950531006,9.55737060727153,4.69045575654038,0.7984066308572887,0.4670786683075193,2.536357652863451
3,1771109456576,1771109459674,0,0.05691599349180857,0.10972261428833008,0.2820496698220571,0.34606803312651996,0.3154517971482576,0.7917346360935859,1.090245485305786,0.8710832595825195,2.420226573944092,-0.4133962094783783,-0.3566236495971679,-1.0020315647125244,9.204661723532856,5.590766891425899,0.838500911722552,0.46571356272901393,2.536357652863451
3,1771109457650,1771109460729,0,0.06320801277955373,0.05945539474487303,0.21639732122421265,0.3972901564504598,0.2481797611545268,0.7238431572189107,1.090245485305786,0.6049213409423828,1.59998619556427,-0.7417995929718018,-0.3566236495971679,-1.0020315647125244,9.222835884022409,5.645853586279572,0.822157087235432,0.31680176649646413,1.6828465201557044
3,1771109458708,1771109461786,0,0.09765621026357013,-0.030301348368326837,0.3028093596299489,0.37369003056810185,0.3339112898033899,0.6523498405143825,1.090245485305786,0.6049213409423828,1.59998619556427,-0.7417995929718018,-0.8588943481445312,-0.8434931039810181,8.885398499149693,5.687687988913322,0.7983429920634202,0.3507747216168847,1.6828465201557044
3,1771109459790,1771109462871,0,0.06675437291463214,-0.06155738830566406,0.26969154278437296,0.32584166179333757,0.376650911286868,0.5947804562600032,0.6004948019981384,0.6049213409423828,1.1196523904800415,-0.7417995929718018,-0.8588943481445312,-0.8352341651916504,8.922490787459804,5.679595256095514,0.758121756085784,0.30167257075885445,1.2375330369805375
3,1771109460837,1771109463965,0,0.07715843915939331,-0.06138909657796224,0.19367048343022664,0.25407691302010793,0.4014294337923275,0.7235053602371492,0.6004948019981384,0.5389118194580078,1.72908616065979,-0.4592732489109039,-0.8588943481445312,-1.611689805984497,8.702071265983054,5.13560355605707,0.7749341036376589,0.42046290862148716,1.7879839443194154
3,1771109461894,1771109464985,0,0.10184011856714884,0.0013625780741373579,0.23015105724334717,0.39564195962437065,0.3322337975955077,0.859653327172915,0.7885713577270508,0.5389118194580078,1.72908616065979,-0.75864577293396,-0.8041706085205078,-1.611689805984497,12.991085706092386,9.02794506350886,0.9062624547445747,0.4709670697093976,1.8485281538721412
3,1771109462973,1771109466045,0,0.03231067458788554,0.007048797607421862,0.08257569471995035,0.3923676809238325,0.28885566473444174,0.9242251554130676,0.7885713577270508,0.4459285736083984,1.72908616065979,-0.75864577293396,-0.6001663208007812,-1.611689805984497,13.163187633191354,8.879107663812691,0.9034593274390161,0.5053537988144149,1.8485281538721412
3,1771109464054,1771109467108,0,0.05416562259197235,0.0036407152811686124,0.1582117001215617,0.44097000188656515,0.33525698083908695,0.8137137761273326,0.7885713577270508,0.749847412109375,1.7073715925216677,-0.839278519153595,-0.6080923080444336,-1.4004058837890625,14.979551744182595,9.110811975481225,0.8928351259813688,0.41627168854936747,1.8485281538721412
3,1771109465187,1771109468213,0,0.008137643337249749,0.023829523722330714,0.13981182177861531,0.42516443710234036,0.4652612630501896,0.7166646120162089,0.7351115942001343,0.7876224517822266,1.7073715925216677,-0.8483142852783203,-0.8683567047119141,-1.1506037712097168,12.340397548003077,6.648125107083396,0.8712576556877278,0.38269167073667043,1.9003997399195882
3,1771109466240,1771109469244,0,0.05625927646954853,-0.014519341786702474,0.28641074895858765,0.4321509439858236,0.5086861750666334,0.6166730469339095,0.7351115942001343,0.7876224517822266,1.6892223358154297,-0.8483142852783203,-0.8683567047119141,-1.0093281269073486,12.372208815559423,5.889799142124394,0.8622951875433228,0.3807375288917854,1.9003997399195882
3,1771109467217,1771109470312,0,0.08744660913944242,-0.10539093017578124,0.2328954021135966,0.41470538888766423,0.513948942233902,0.6471499484512567,0.7351115942001343,0.7876224517822266,1.6892223358154297,-0.8483142852783203,-0.8683567047119141,-1.0858670473098757,11.29650989103102,4.512631179244493,0.8561313990655629,0.41497363401505066,1.9003997399195882
3,1771109468285,1771109471373,0,0.11117863357067108,-0.09859148661295573,0.1594978928565979,0.2983257140551779,0.418454342618377,0.6134635262482471,0.5977287292480469,0.7557411193847656,1.6844723224639893,-0.4497648477554321,-0.8342208862304688,-1.0858670473098757,9.961566744778716,4.0605693933022025,0.7303907331825975,0.3711236881504768,1.8296508952430846
3,1771109469353,1771109472447,0,0.1548434813817342,-0.026497364044189453,0.1614987095197042,0.3433090878636867,0.3877851947694343,0.6109426704262599,1.0838943719863892,0.5748500823974609,1.6844723224639893,-0.429461807012558,-0.8342208862304688,-1.0858670473098757,9.782493634854266,4.033039712046475,0.7415616117565893,0.35372882028705327,1.8296508952430846
3,1771109470421,1771109473515,0,0.06374694208304087,0.010420481363932303,0.1666772484779358,0.3690832235933518,0.2810318063860768,0.6069503089480791,1.0838943719863892,0.5040073394775391,1.331855535507202,-0.486784279346466,-0.585453987121582,-0.8073368072509766,10.330096973738561,3.9901904189530977,0.7171867557919341,0.2907784472674597,1.3765175351177699
3,1771109471480,1771109474582,0,0.039261503020922336,-0.03364073435465494,0.28984573284784954,0.3690513793533695,0.270843660990013,0.5384474844672235,1.0838943719863892,0.4978437423706054,1.331855535507202,-0.486784279346466,-0.6512632369995117,-0.7808903455734253,9.177648972366681,4.154982958093778,0.6962055988761962,0.29620534054202896,1.3765175351177699
3,1771109472548,1771109475642,0,0.06866452594598134,-0.0744779904683431,0.3873287320137024,0.3390278493077571,0.2667794334934036,0.5849069215557371,0.9909313917160034,0.5606880187988281,1.4224824905395508,-0.486784279346466,-0.7397918701171875,-0.7808903455734253,9.294212660748057,4.6490041331015455,0.7504779731763339,0.3337681836126478,1.5240144750481497
3,1771109473625,1771109476730,0,0.17455628911654156,-0.031810569763183597,0.4403265635172526,0.2583720493382667,0.3082007327093945,0.6560872475044577,0.9909313917160034,0.5606880187988281,1.8744242191314695,-0.4606951475143432,-0.7397918701171875,-1.43243145942688,8.857248449275316,5.024365229150497,0.7826394747238562,0.43782285028763185,1.9062171615783121
3,1771109474683,1771109477795,0,0.1365979770819346,0.0008466720581054669,0.17689907948176067,0.3070613174010378,0.28477986257001764,0.83006786821224,0.9909313917160034,0.5606880187988281,1.8744242191314695,-0.3656706511974334,-0.7397918701171875,-1.43243145942688,9.524124351640381,5.069289825004781,0.8508487467654873,0.408860921003649,1.9062171615783121
3,1771109475751,1771109478853,0,0.07140469749768576,0.03947102228800457,0.06983120838801066,0.3380342713654344,0.3052216052747888,0.7346046450605253,0.8630827069282532,0.5781688690185547,1.8744242191314695,-0.3656706511974334,-0.6381921768188477,-1.43243145942688,9.067908433854202,4.52022081653344,0.763400553997161,0.3951275477430395,1.9062171615783121
3,1771109476835,1771109479938,0,-0.04378948807716369,-0.015376154581705718,-0.07729200124740601,0.3527780075051034,0.2947171558496604,0.5815691038040081,0.8630827069282532,0.5781688690185547,1.0012774467468262,-0.431033730506897,-0.6381921768188477,-1.251288890838623,8.086328051259562,3.6978819209539844,0.6738437541548977,0.2970161425465622,1.2758567436554986
3,1771109477904,1771109480997,0,-0.0024379362662633225,-0.01877295176188151,0.0720441738764445,0.32572477542048445,0.323505350994059,0.5712578886064744,0.8630827069282532,0.6323156356811523,1.1340490579605105,-0.431033730506897,-0.6381921768188477,-1.169320583343506,8.284985356213511,3.801740845357539,0.6599322491248943,0.30380882655092817,1.2735995598361596
3,1771109478965,1771109482057,0,0.04724279642105103,-0.0033926328023274744,0.15162969032923382,0.2924669168132498,0.2910172207805048,0.6219011786762152,0.5636307001113892,0.6323156356811523,1.2032407522201538,-0.431033730506897,-0.503239631652832,-1.169320583343506,7.53182675823481,3.7156695608003365,0.6806585464293641,0.32221474042825965,1.402249266564046
3,1771109480038,1771109483107,0,0.13273697495460507,0.03221953709920248,0.35175084273020424,0.23723966743033,0.2763037311600457,0.56760393035194,0.5526652336120605,0.6323156356811523,1.2032407522201538,-0.2624033987522125,-0.503239631652832,-0.7919507026672363,7.267038956017987,3.426704970273202,0.694693651900809,0.32071127968607904,1.402249266564046
3,1771109481150,1771109484166,0,0.10583451092243194,0.08346360524495443,0.46433817148208617,0.2525044055585857,0.3074529920561988,0.5180582425753493,0.5526652336120605,0.6858310699462891,1.205742120742798,-0.2682641148567199,-0.4352035522460937,-1.414739012718201,7.449482717570343,3.6304657385027785,0.7225607767414126,0.35834504615765955,1.577442451442571
3,1771109482165,1771109485293,0,0.02745839158693951,0.04538558324178061,0.35509258111317954,0.2578518379484123,0.29939544058643985,0.5470373864491034,0.425272524356842,0.6858310699462891,1.205742120742798,-0.447191059589386,-0.471287727355957,-1.414739012718201,8.11515355812924,3.456876407396231,0.6840967015476921,0.3234174053277475,1.577442451442571
3,1771109483228,1771109486318,0,-0.02654012044270832,0.04790821075439453,0.22985129952430725,0.2925319000641193,0.34953488658899995,0.7400431891027225,0.6303746104240417,0.6858310699462891,1.328630447387695,-0.447191059589386,-0.5780162811279297,-1.414739012718201,10.985117320710383,5.427472807081371,0.8046431313532423,0.3786732481521886,1.577442451442571
3,1771109484275,1771109487393,0,-0.044529134531815846,-0.02079935073852539,0.11363100012143452,0.31396546287570015,0.3546436108487127,0.7851453803522472,0.6303746104240417,0.6852331161499023,1.328630447387695,-0.8676711320877075,-0.7572097778320312,-1.5890107154846191,11.26564250047956,5.3999513531042735,0.8270368506550695,0.3861086016341878,1.605904139381186
3,1771109485351,1771109488445,0,-0.026256477336088817,-0.018648592631022136,0.1314691205819448,0.2947502645561447,0.3657826034262435,0.8241947149763144,0.6303746104240417,0.6852331161499023,1.6164933443069458,-0.8676711320877075,-0.7572097778320312,-1.5890107154846191,11.509727313083632,5.563953668558277,0.8516816618484094,0.4105490311929528,1.6245641746481665
3,1771109486427,1771109489512,0,0.021633140742778764,-0.04473260243733724,0.18824708064397175,0.24862325562693238,0.3596528567536819,0.7414328665227563,0.4213383793830871,0.6852331161499023,1.6164933443069458,-0.8676711320877075,-0.7572097778320312,-1.5890107154846191,8.683907495239662,4.478898120053851,0.767562595888012,0.4130756875974383,1.6245641746481665
3,1771109487503,1771109490596,0,0.11671048998832702,-0.03154058456420898,0.33489902019500734,0.29726688709027727,0.2957218159846807,0.6479686164577879,0.5908116698265076,0.6534585952758789,1.6164933443069458,-0.5271258354187012,-0.678736686706543,-0.9906713962554932,8.04570153808936,4.305366420198301,0.764739587438689,0.34904763411617096,1.6245641746481665
3,1771109488553,1771109491649,0,0.11730348567167918,-0.05468069712320962,0.43688502311706545,0.3035752812660937,0.2635358869286338,0.5900981719655398,0.5908116698265076,0.6534585952758789,1.3324506282806396,-0.5271258354187012,-0.678736686706543,-0.9906713962554932,7.107187738042182,4.095466748169527,0.774811607166797,0.32182087319403757,1.3468666726865661
3,1771109489623,1771109492720,0,0.13299165864785512,0.011404609680175785,0.31734490394592285,0.4003589905625415,0.21198921656358752,0.6895563905106172,0.9712826013565063,0.4645195007324219,1.6852731704711914,-0.5271258354187012,-0.4077367782592773,-1.10687255859375,8.29804423095288,4.257767434813084,0.8210036514665636,0.32563240040937935,1.8408583155648184
3,1771109490698,1771109493774,0,0.04861129522323608,0.04332551956176757,0.16574238141377767,0.36378397930998563,0.22352546205089513,0.6518134670060503,0.9712826013565063,0.4645195007324219,1.6852731704711914,-0.537529706954956,-0.3654346466064453,-1.10687255859375,7.847841988857175,4.026604932143865,0.6963436004070168,0.37195762227612483,1.8408583155648184
3,1771109491756,1771109494848,0,0.08363019327322642,0.11538699467976889,-0.11027835210164388,0.36320973754271685,0.22181649616018714,0.5872765882590405,0.9712826013565063,0.4645195007324219,1.6852731704711914,-0.537529706954956,-0.3654346466064453,-1.10687255859375,8.008549663328198,4.004438343532259,0.6510877065789773,0.347956628539185,1.8408583155648184
3,1771109492824,1771109495909,0,0.017441225051879884,0.10684226353963217,-0.22797308564186097,0.27409115004664636,0.23272323706526724,0.44346531070957834,0.6498627662658691,0.6097393035888672,0.655447244644165,-0.537529706954956,-0.3654346466064453,-1.2012863159179688,6.507592365513968,3.350910857181456,0.545796184960961,0.2892564995161547,1.255120619845797
3,1771109493883,1771109496978,0,0.032043201227982855,0.07524073918660482,-0.10675597190856934,0.2441266269181346,0.2258192340026525,0.6042276162930085,0.6498627662658691,0.6097393035888672,1.1978905200958252,-0.4383021593093872,-0.400761604309082,-1.2012863159179688,7.429117268713194,3.6915461740815916,0.6118716965837803,0.3272532138663265,1.297507977992044
3,1771109494951,1771109498038,0,0.024627231061458595,0.038595962524414065,0.020776196320851644,0.29028985028673404,0.24454062172362148,0.704929668585234,0.8215194344520569,0.6097393035888672,1.1978905200958252,-0.4541749358177185,-0.4707555770874023,-1.3540716171264648,8.996609703420207,5.364390625051898,0.6867732653255673,0.39457261036413266,1.46332635158863
3,1771109496019,1771109499112,0,0.11202411502599716,0.014781888326009117,0.28162341316541034,0.3408439219688263,0.28437966413655275,0.871940361389826,0.8215194344520569,0.7151546478271484,3.141113758087158,-0.5021435022354126,-0.4986495971679687,-1.3540716171264648,10.442759795071355,6.184531730016796,0.8259200718726524,0.5889949145768765,3.2308632837807414
3,1771109497085,1771109500171,0,0.17359316398700078,0.03258816401163736,0.4558437426884969,0.3547268205692534,0.31525291193989685,0.9185989708671737,0.8215194344520569,0.7151546478271484,3.141113758087158,-0.5021435022354126,-0.4986495971679687,-1.3540716171264648,10.331885654589776,6.228029424178745,0.9409443043150109,0.632743485453883,3.2308632837807414
3,1771109498147,1771109501233,0,0.12265069683392843,0.008739916483561202,0.49840593338012695,0.36154946952449074,0.32876106812804673,0.9745664453605871,0.7545444369316101,0.7151546478271484,3.141113758087158,-0.5068240761756897,-0.4986495971679687,-1.0589497089385986,11.04767815817822,6.501303758087498,0.9930956859012939,0.6640403296263148,3.2308632837807414
3,1771109499213,1771109502300,0,0.12131041983763377,-0.003937594095865889,0.44805108308792113,0.33966872743883736,0.2724349807584085,0.8241449398943328,0.7545444369316101,0.499481201171875,2.173879623413086,-0.5068240761756897,-0.4899892807006836,-1.0589497089385986,10.79715876301582,5.719973974359163,0.8816521779997106,0.5362910233009941,2.233355473896461
3,1771109500277,1771109503375,0,0.1525107795993487,-0.010904979705810539,0.4533731023470561,0.3266748809000994,0.22910770142252315,0.8504775106100817,0.7526469826698303,0.4591445922851562,2.154007911682129,-0.5068240761756897,-0.4886817932128906,-1.0589497089385986,10.743960893028946,6.722542749136057,0.8976719628109955,0.5345434976814855,2.155979248173022
3,1771109501339,1771109504434,0,0.19666890601317089,-0.05093727111816405,0.4095617850621541,0.28905188577493957,0.33975912809232006,0.6741026006091032,0.7526469826698303,0.5554370880126953,1.818102598190308,-0.4978854656219482,-0.9440507888793944,-0.5711265802383423,9.049347297759805,5.306589311749814,0.8044683389754059,0.44736739475423887,1.8780894351239275
3,1771109502407,1771109505486,0,0.09007112582524618,0.028590075174967464,0.3705297112464905,0.3266223773111987,0.4257911781505731,0.768593742143701,0.5673574209213257,1.029296875,1.818102598190308,-0.6498739719390869,-0.9440507888793944,-1.4375187158584597,10.720854858928154,6.62981138945778,0.894132645067794,0.4504886661894996,1.8780894351239275
3,1771109503475,1771109506552,0,-0.03676324387391408,0.0665773073832194,0.27384225527445477,0.37522982828346685,0.46854652846145206,0.8725067642801855,0.7922958731651306,1.029296875,2.545289993286133,-0.7811028957366943,-0.9440507888793944,-1.4375187158584597,12.557242605508337,6.767233113289082,0.9326422558607531,0.5525801800090208,2.737113440092855
3,1771109504537,1771109507612,0,-0.038414201140403746,0.11035016377766928,0.2637803018093109,0.42743243263759206,0.4940446021478339,0.9624963996715236,0.9949201941490172,1.2192087173461914,2.545289993286133,-0.7811028957366943,-0.8496952056884766,-1.4375187158584597,14.822837717821818,6.350397904984636,1.0567051103874912,0.5330579742706197,2.737113440092855
3,1771109505594,1771109508664,0,0.027637614309787742,0.07619816462198893,0.2456234316031138,0.40963516870774114,0.48205597947017975,1.016439975938132,0.9949201941490172,1.2192087173461914,2.545289993286133,-0.7811028957366943,-0.8496952056884766,-1.3358958959579468,13.92256916590246,6.411150375854785,1.056859164065155,0.5891265599539726,2.737113440092855
3,1771109506661,1771109509739,0,0.046975693603356676,-0.04374055862426758,0.01607319315274557,0.4166067052200336,0.5255523526400153,0.9583315586033821,0.9949201941490172,1.2192087173461914,2.323629379272461,-0.7065168619155884,-1.1766300201416016,-1.5621562004089355,14.771102942285744,6.0838451201306745,1.0521212144237504,0.4770377579471485,2.437594835826628
3,1771109507722,1771109510807,0,0.05324622541666031,0.013154697418212898,-0.033285383383433016,0.3772826723138733,0.43963625095096404,0.9863508700421102,0.7869699001312256,0.6671113967895508,2.323629379272461,-0.7065168619155884,-1.1766300201416016,-1.5621562004089355,12.77248000094473,6.847797069057658,0.9953936205085027,0.5364644226088481,2.437594835826628
3,1771109508772,1771109511874,0,-0.0009464412927627563,-0.026361306508382153,-0.17359082102775575,0.44192881994529043,0.4213486143930371,0.9595915660006092,0.8296509981155396,0.6345186233520508,1.955435395240784,-0.7065168619155884,-1.1766300201416016,-1.5621562004089355,13.529231260752965,7.438120378892705,1.0382756243176503,0.4586448952458207,2.1439413842157897
3,1771109509850,1771109512941,0,0.08018333911895752,0.024053700764973953,0.08515366117159526,0.3942458410925926,0.35664958209858816,0.9509098157387413,0.8296509981155396,0.6345186233520508,1.955435395240784,-0.7044214010238647,-0.8275327682495117,-1.279721975326538,11.551784303369095,6.452011866899183,0.9593007027587988,0.49961795943646553,2.1439413842157897
3,1771109510917,1771109514009,0,0.05043274958928426,0.0014239311218261718,-0.01510056455930074,0.398571645707083,0.37985537644046063,1.0163560813260957,0.8296509981155396,0.7750959396362305,1.8370165824890137,-0.7044214010238647,-0.8275327682495117,-2.073092222213745,12.316840937331254,6.495135853792293,1.0321097013232643,0.48684195997115465,2.091224387304072
3,1771109511975,1771109515079,0,0.07538379629453024,-0.06645021438598633,0.09278020064036051,0.30012490716593854,0.43898558767036894,0.9526546898395069,0.8292825222015381,0.7750959396362305,1.8370165824890137,-0.4850326478481293,-0.964735984802246,-2.073092222213745,13.054529034678978,5.743422614992947,0.9853811658550475,0.453020811004465,2.091224387304072
3,1771109513051,1771109516170,0,0.040423424541950234,-0.030570952097574867,-0.17804716030756632,0.3143021540448557,0.46510301076762717,0.9074715956963902,0.6915086507797241,0.7750959396362305,1.4876441955566406,-0.6187772154808044,-0.964735984802246,-2.073092222213745,14.077454071251557,6.342457376996084,0.9919028954872585,0.39530308780111867,2.091224387304072
3,1771109514150,1771109517210,0,0.08632675260305404,-0.07498229344685872,-0.06509083509445189,0.29422379756022227,0.4886673923701804,0.7812355027113191,0.6915086507797241,0.7909145355224609,1.1742005348205566,-0.6187772154808044,-0.964735984802246,-1.739842176437378,13.21803866409189,7.024366513356487,0.8742586515393765,0.4036291075038132,1.96401254060551
3,1771109515185,1771109518272,0,0.12663030972083408,-0.00610621770222981,0.004059843222300204,0.32937963163396555,0.48846083095732656,0.7441381983501211,0.6915086507797241,1.040421485900879,1.051753044128418,-0.6187772154808044,-0.899815559387207,-1.739842176437378,11.614763433807505,6.247746012178281,0.8375600848323462,0.437919617608981,1.96401254060551
3,1771109516245,1771109519356,0,0.18303832709789275,-0.023109467824300137,0.2874229351679484,0.4044235350738384,0.4738094937229972,0.8858106294254083,1.166276931762695,1.040421485900879,2.350621461868286,-0.4839361310005188,-0.899815559387207,-1.739842176437378,12.071700874516258,6.870274615029165,0.9394057032948806,0.6168242678194817,2.6404259786406317
3,1771109517325,1771109520415,0,0.08458372553189596,0.04540061950683594,0.10836103359858194,0.48307223179089703,0.43127155339118634,0.9824062960396784,1.166276931762695,1.040421485900879,2.350621461868286,-1.015167236328125,-0.6343050003051758,-1.736655831336975,12.64671650964304,5.707034123500249,1.016455341194577,0.5808167300240521,2.6404259786406317
3,1771109518381,1771109521492,0,0.05492525398731231,0.043362363179524736,0.059174708525339764,0.4929005026835634,0.38153790729723974,1.0353782672025644,1.166276931762695,0.9360637664794922,2.350621461868286,-1.015167236328125,-0.6343050003051758,-1.736655831336975,13.491570416111186,7.69529386610307,1.0337596868242054,0.6030830525437062,2.6404259786406317
3,1771109519456,1771109522561,0,-0.030525391300519306,0.04903071721394858,-0.21852936347325644,0.39270957385596267,0.3615476736639391,0.7384029629316358,0.819942831993103,0.9360637664794922,1.426619052886963,-1.015167236328125,-0.5105152130126953,-1.736655831336975,10.757539085605407,6.951955119762863,0.8149284897817928,0.44274188775781526,1.7725320142732657
3,1771109520523,1771109523618,0,0.04856066107749938,-0.000750192006429034,0.038541102409362794,0.3654915102179544,0.34074107983663243,0.6737333099641687,0.7843152284622192,0.9347362518310548,1.426619052886963,-0.6251524686813354,-0.5403833389282227,-1.3116230964660645,10.388270279953415,7.033281939199289,0.7202584052870872,0.4134258186171781,1.6201778851861481
3,1771109521600,1771109524679,0,0.05077833235263823,-0.02289415995279947,0.011285563309987387,0.35895836935415215,0.33276284814157586,0.6428174662348426,0.7843152284622192,0.4293756484985351,1.5313835144042969,-0.6251524686813354,-0.6556196212768555,-1.3116230964660645,9.800739753417776,5.42987018500744,0.702108077345418,0.38233965973621337,1.7214448617501064
3,1771109522659,1771109525745,0,0.043372729420661935,-0.0236390749613444,-0.004345401128133138,0.3635336684864548,0.30963952912396187,0.7703197558324794,0.7843152284622192,0.4304695129394531,1.5313835144042969,-0.4327276349067688,-0.6556196212768555,-1.3034220933914185,11.430959584758279,7.230082211473796,0.8061720953224406,0.38941662472320143,1.7214448617501064
3,1771109523726,1771109526805,0,-0.023844529688358294,-0.03986829121907552,-0.06738109588623047,0.3007708794415206,0.2728052127569376,0.7213448468649749,0.7703779935836792,0.4304695129394531,1.5313835144042969,-0.4327276349067688,-0.6556196212768555,-1.3034220933914185,10.457795947956948,7.338012285398917,0.7146078942459865,0.40482077702416985,1.7214448617501064
3,1771109524777,1771109527873,0,-0.06043350969751675,0.020132287343343096,-0.09623289704322815,0.24307521634637463,0.22255529199517662,0.6503377939894229,0.683957576751709,0.4304695129394531,1.3066792488098145,-0.4327276349067688,-0.4101514816284179,-1.405771017074585,9.226369421580719,6.649764923657178,0.6271709596848374,0.37205675152157525,1.4114589815717806
3,1771109525856,1771109528948,0,-0.016705914586782455,0.00378367106119792,0.021674601236979167,0.241478407383361,0.22538881346406903,0.5930775670994874,0.5088924169540405,0.4195737838745117,1.2834240198135376,-0.5215877294540405,-0.4101514816284179,-1.405771017074585,8.560427849358394,4.580197232260072,0.5886814354475175,0.3211646920014584,1.4114589815717806
3,1771109526915,1771109530016,0,0.025251659502585726,0.0368490219116211,-0.04942144155502319,0.2691699724990082,0.2783017479927179,0.8200469836552214,0.5271873474121094,0.5213832855224609,1.6741069555282593,-0.5215877294540405,-0.4088087081909179,-1.8241161108016968,9.562577217969146,4.771600954104429,0.7833239431288672,0.43842616853579586,1.9398201416184615
3,1771109527980,1771109531083,0,0.10846616774797439,-0.05415131251017253,0.03355477452278136,0.27233433598188356,0.3483563165340644,0.9569492519850719,0.6173077821731567,0.5213832855224609,1.6741069555282593,-0.5215877294540405,-1.0113306045532229,-1.8241161108016968,11.995244491660817,7.435850427374989,0.9561065577829442,0.42658762182634113,1.9398201416184615
3,1771109529057,1771109532151,0,0.045946601529916135,0.06334625879923501,-0.09179264307022095,0.3416192753218213,0.42402057913360675,0.9919551659925865,0.8137760162353516,1.0548429489135742,1.6741069555282593,-0.753827691078186,-1.0113306045532229,-1.8241161108016968,12.796236190651618,7.303000367279559,1.0151266188079715,0.4790696805630099,1.9398201416184615
3,1771109530143,1771109533227,0,0.10781646271546681,0.0983944574991862,0.06580282251040141,0.4745019386916171,0.4267416495975634,0.9734812743024575,1.0694987773895264,1.0548429489135742,2.42916202545166,-0.7748177647590637,-1.0113306045532229,-1.5432411432266235,14.6550066243955,7.52779069503591,1.0448295432681522,0.5021291241197522,2.5423987475042202
3,1771109531191,1771109534304,0,0.08007383942604067,0.15222654342651368,-0.0449124276638031,0.5274749642656621,0.3577858317194423,0.9389116555707913,1.0694987773895264,1.0548429489135742,2.42916202545166,-0.7748177647590637,-0.5186824798583984,-1.5432411432266235,13.443009381443497,6.037015898343174,1.0068659129668347,0.5212968061961393,2.5423987475042202
3,1771109532257,1771109535382,0,0.081290536125501,0.01585944493611653,-0.04280261794726054,0.5238901189198806,0.3767615914766662,1.04272421775738,1.0694987773895264,0.9136533737182616,2.42916202545166,-0.7748177647590637,-0.6586523056030273,-2.5489001274108887,13.643232356949863,6.779579537776561,1.058115496131689,0.5953652750906595,2.7577288244787668
3,1771109533366,1771109536413,0,0.010770591100056971,-0.046990362803141277,-0.18030486504236856,0.4080664580721531,0.3755817099150255,1.1065062937422656,0.910973072052002,0.9136533737182616,1.7609269618988037,-0.6152693033218384,-0.6586523056030273,-2.5489001274108887,15.560447408894708,8.787611352339598,1.091029143003537,0.5801553168831288,2.7577288244787668
3,1771109534412,1771109537482,0,0.006922269860903429,-0.1170151392618815,0.1308813174565633,0.43819082275937815,0.42446938868752526,1.4407523739396655,1.226966142654419,0.9136533737182616,2.477767944335937,-0.8634463548660278,-0.925344467163086,-2.7698354721069336,17.141958804138792,9.83961258083913,1.3450720657035649,0.7799243672344327,3.045289893127189
3,1771109535454,1771109538549,0,0.06163134872913361,-0.05712375640869139,0.2518858551979065,0.4555882669854369,0.39959263092563596,1.338809201678041,1.226966142654419,0.7646017074584961,2.477767944335937,-0.8634463548660278,-0.925344467163086,-2.7698354721069336,17.488937526900415,9.387118836017667,1.2758668957967563,0.7406859909014295,3.045289893127189
3,1771109536515,1771109539626,0,-0.03819654832283655,-0.08890447616577149,0.24745595057805378,0.5285759844643454,0.452733337465218,1.318038927123504,1.226966142654419,0.7646017074584961,2.477767944335937,-0.9990862607955932,-0.925344467163086,-2.7698354721069336,16.21803835544011,8.051550402975245,1.28609302493199,0.763902818233103,3.045289893127189
3,1771109537590,1771109540693,0,-0.06627259130279223,-0.0495639165242513,0.16634727716445924,0.5208255916248036,0.4407815778699926,0.9102380533337104,0.9339711666107178,0.7003488540649414,1.4707441329956057,-0.9990862607955932,-0.9205093383789062,-2.2606453895568848,14.456100657777375,6.0165977463037414,1.0238894394544389,0.49526946367082053,2.515106455221656
3,1771109538658,1771109541753,0,-0.08265653923153878,-0.040662956237792966,0.15190292199452718,0.5312871686706365,0.44045517997487044,0.8756083346407953,0.918147087097168,0.7003488540649414,1.651554822921753,-0.9990862607955932,-0.9205093383789062,-2.2606453895568848,13.140075464185667,6.084514390374132,0.995493136325371,0.5004257260180766,2.515106455221656
3,1771109539735,1771109542820,0,0.04776935254534086,-0.0601572354634603,0.10805059671401977,0.4741425093332986,0.3601295221542355,0.7626882351208927,0.918147087097168,0.47271728515625,1.651554822921753,-0.9904969334602356,-0.6521663665771484,-1.275155782699585,10.68924365045685,6.564991873540327,0.8737962121589871,0.4056247541007055,1.8648309895199364
3,1771109540801,1771109543896,0,0.023253761480251947,-0.018614705403645834,0.03039909601211548,0.4600481070311725,0.3425591646989787,0.9179042697462043,0.918147087097168,0.47271728515625,1.8782055377960205,-0.7831014394760132,-0.7349824905395508,-1.3691576719284058,11.977179516874799,8.584310663166415,0.9505972585696928,0.48848553702682374,2.027412765045889
3,1771109541862,1771109544955,0,-0.008196761459112157,-0.01814626057942709,0.060016051928202314,0.4189762776194921,0.47118393112548956,0.956449246563028,0.7369416952133179,1.027362823486328,1.8782055377960205,-0.9540247917175292,-0.7349824905395508,-1.3691576719284058,13.359852713194739,8.850502777824023,1.0254508986821302,0.4782018200205228,2.027412765045889
3,1771109542929,1771109546023,0,-0.023931502054135006,0.10886017481486003,0.1699531078338623,0.42945231608455936,0.48500781203097787,0.9319582000025064,1.0249749422073364,1.027362823486328,1.8782055377960205,-0.9540247917175292,-0.7349824905395508,-1.3691576719284058,13.840288740027653,8.098062226888361,1.002623732427901,0.5394639632177891,2.188567786797977
3,1771109544005,1771109547108,0,0.011579512928922982,0.02277987798055013,0.17159984906514486,0.39645401293131177,0.5203045898625034,0.7533615861929134,1.0249749422073364,1.027362823486328,1.8553290367126465,-0.9540247917175292,-0.7693986892700195,-1.1656562089920044,12.644895812285608,6.747349856777166,0.8791502408524405,0.476473202904032,2.188567786797977
3,1771109545065,1771109548169,0,-0.01253580190241335,0.02423865000406901,0.12415960629781088,0.36917351773049756,0.4765894004939962,0.6966090826657727,1.0249749422073364,0.7780332565307617,1.8553290367126465,-0.5937795639038086,-0.9371519088745116,-1.1656562089920044,12.094807089882506,5.800460272632226,0.817193057960576,0.4178229752426996,2.188567786797977
3,1771109546132,1771109549243,0,0.041074568157394714,-0.0006133079528808612,0.30995632807413737,0.3701589786836562,0.474594033989258,0.5865619873731488,0.70518958568573,0.7780332565307617,1.2931256294250488,-0.5937795639038086,-0.9371519088745116,-1.123258113861084,11.21881747770284,4.72795411973874,0.8413022472258042,0.2743129555511923,1.3437802147833195
3,1771109547216,1771109550305,3,0.012787689020236337,0.11486635208129883,0.16588524182637532,0.3555938911939952,0.4434585285411899,0.7968792253258405,0.70518958568573,0.7780332565307617,2.1865551471710205,-0.6511716842651367,-0.9371519088745116,-1.951959609985352,11.66670246662853,6.057335666690155,0.8896126008964595,0.42626706049516233,2.2409401256468864
3,1771109548276,1771109551389,3,-0.04775964369376499,0.0786924680074056,0.12957481543223062,0.3810360083057482,0.3528837178991619,0.7356593282796873,0.70518958568573,0.7259130477905273,2.1865551471710205,-0.759820818901062,-0.5273914337158203,-1.951959609985352,9.532535108179509,6.240916057762086,0.7769812799544411,0.4610066383410669,2.2409401256468864
3,1771109549344,1771109552481,3,-0.15497088084618252,0.04746090571085612,0.0056995272636413425,0.3614442325423002,0.31276918886362304,0.7856327536060197,0.7413883209228516,0.7259130477905273,2.1865551471710205,-0.759820818901062,-0.4637784957885742,-1.951959609985352,10.442324426927586,6.800749060559334,0.786435688918192,0.48278900384341117,2.2409401256468864
3,1771109550411,1771109553489,0,-0.10532853479186693,0.06616322199503581,0.027025500933329265,0.40737450359659566,0.27922181386390815,0.6305925104168594,1.059722661972046,0.7064180374145508,1.082835674285889,-0.759820818901062,-0.4359521865844726,-1.2557756900787354,9.768246031403498,5.321836591557902,0.7160827736602672,0.3575892106806164,1.3801256760322451
3,1771109551489,1771109554557,0,0.01514498218894005,0.07598689397176107,0.13280745347340903,0.3866671818956857,0.29259935130967546,0.6568314641275067,1.059722661972046,0.7064180374145508,1.2378486394882202,-0.6893602609634399,-0.3941879272460937,-1.2557756900787354,10.327703711613538,5.039333423066579,0.7355885045407136,0.3622997858929996,1.3801256760322451
3,1771109552550,1771109555628,0,0.12354131812850634,0.044048468271891274,0.18824610312779744,0.32899010350942354,0.270282136232863,0.579228485561069,1.059722661972046,0.5658969879150391,1.2378486394882202,-0.3860023617744446,-0.4555788040161133,-1.2557756900787354,8.555701867499064,4.489090141735392,0.6690317991733089,0.3289511750956188,1.3801256760322451
3,1771109553599,1771109556709,0,0.08029470058778922,-0.0661330223083496,0.1985301931699117,0.2638730748366944,0.23612866516898676,0.5515405104769582,0.5782127380371094,0.5606689453125,1.2378486394882202,-0.3892961144447326,-0.4555788040161133,-1.295132756233215,7.179454606452612,3.4540421121441636,0.606803897716648,0.3172413543926941,1.31914157197452
3,1771109554665,1771109557769,0,0.06374129150062799,-0.09271764755249022,0.18679948250452677,0.2493200319498053,0.27958569376488507,0.5653343051633186,0.5132478475570679,0.5727024078369141,1.1713519096374512,-0.4453320503234863,-0.6054201126098633,-1.295132756233215,7.7722373872198895,3.6807091659276874,0.6356829666950525,0.3018240949946761,1.31914157197452
3,1771109555733,1771109558828,0,-0.015491028316318982,-0.002984364827473947,0.08404224713643392,0.25754496787567066,0.3332548624197868,0.6056342473759253,0.6864818334579468,0.7256860733032227,1.21036696434021,-0.4498231709003448,-0.6054201126098633,-1.295132756233215,8.767494753375091,3.4191603772139225,0.6494682627319576,0.33969251859820526,1.422639051224438
3,1771109556818,1771109559888,0,-0.06666586616386969,0.048381551106770844,0.0639669140179952,0.2888687604410423,0.3962329028990575,0.6847444845767191,0.6864818334579468,1.1375913619995115,1.3883788585662842,-0.6432848572731018,-0.6054201126098633,-1.3436551094055176,10.448970611230656,4.387123792610262,0.7354992448118696,0.40119786113149003,1.4709125415714615
3,1771109557878,1771109560938,0,-0.09928117735932271,0.05153722763061522,0.02169876495997111,0.3047317156047912,0.35411358277644356,0.7179958517827516,0.6864818334579468,1.1375913619995115,1.3883788585662842,-0.6432848572731018,-0.3825464248657226,-1.3436551094055176,10.501441633493398,4.648093847135412,0.7581438332896691,0.390647072302817,1.4709125415714615
3,1771109558936,1771109562007,0,-0.09137951911737521,-0.06012115478515625,-0.018601560592651376,0.31630381714854205,0.41352403016016576,0.7194389601886687,0.6243467926979065,1.1375913619995115,1.3883788585662842,-0.6512753963470459,-0.871826171875,-1.3436551094055176,11.54600447087692,5.22148689412622,0.8055020135105669,0.3607920189361059,1.4709125415714615
3,1771109559992,1771109563058,0,-0.04581748240937789,-0.04535627365112305,0.1445841073989868,0.35263364703135114,0.36316119124566043,0.7284217194363569,0.7079945206642151,0.7914066314697266,1.2830810546875,-0.6512753963470459,-0.871826171875,-1.534855842590332,11.398535739376145,4.8454689302396075,0.8220881014976599,0.337085480657858,1.5718880849460297
3,1771109561047,1771109564133,0,-0.01611707905928293,0.013014380137125643,0.10335495471954345,0.3516481707207038,0.372291913193918,0.694165336414791,0.7079945206642151,0.7914066314697266,1.2830810546875,-0.6512753963470459,-0.871826171875,-1.534855842590332,10.588090096449797,5.038444157376363,0.7825733227360046,0.34939773865710333,1.5718880849460297
3,1771109562120,1771109565212,0,0.013665068397919335,0.03242867787679036,0.09263439377148946,0.3105261448431123,0.27515922439322826,0.6545623817433291,0.7079945206642151,0.6876773834228516,1.2830810546875,-0.6355222463607788,-0.6298360824584961,-1.534855842590332,8.645662353749264,4.756531792621844,0.6876859940133845,0.3486111679674703,1.5718880849460297
3,1771109563165,1771109566260,0,0.07725696687897045,0.003767108917236328,0.02603313326835631,0.2707631767738741,0.3328414046339009,0.6614519431841487,0.8204199075698853,0.8875789642333984,1.9972234964370728,-0.5639894008636475,-0.6457014083862305,-1.0349828004837036,8.434735275801366,4.980578977818937,0.6692885259463337,0.40633904103483376,2.1858461407649106
3,1771109564242,1771109567329,0,0.13559618343909582,-0.08439493179321289,0.04126612146695453,0.26007290540800615,0.3679405441675888,0.7122156444358603,0.8204199075698853,0.8875789642333984,1.9972234964370728,-0.2980777621269226,-0.6457014083862305,-1.7587512731552124,9.559971215562673,6.558410587203564,0.7114853136894536,0.4634138824115673,2.1858461407649106
3,1771109565300,1771109568418,0,0.10219079181551934,-0.04805475870768229,0.0507047176361084,0.301356905024594,0.40178565154911294,0.6852529349363465,0.8204199075698853,0.8875789642333984,1.9972234964370728,-0.427986204624176,-0.6457014083862305,-1.7587512731552124,10.239873235668073,6.462996603869732,0.7118907158685701,0.46195995238966403,2.1858461407649106
3,1771109566398,1771109569463,0,0.07193015143275262,-0.03532905578613281,-0.09898224671681723,0.3043420112210997,0.4334066430551026,0.640246193439417,0.6083864569664001,0.8182258605957031,1.04750657081604,-0.489564299583435,-0.9889078140258788,-1.7587512731552124,9.857929818894705,6.051849561120854,0.7320700327272808,0.3908358707366465,1.8395872701770895
3,1771109567444,1771109570522,0,0.014685750007629395,0.013943767547607415,-0.15133310556411744,0.3545265643385343,0.4559336774318031,0.6633080282016731,0.8437156677246094,0.7205076217651367,1.04750657081604,-0.5024306178092957,-0.9889078140258788,-1.762465476989746,10.78802071188187,5.133151441275554,0.7999603908705922,0.3683129108970686,1.834846471006232
3,1771109568495,1771109571598,0,-0.0026638338963190676,0.022177537282307938,-0.2278055707613627,0.34800639691297286,0.43643917881828626,0.753809322710194,0.8437156677246094,0.6985750198364258,1.04750657081604,-0.5024306178092957,-0.9889078140258788,-1.8433146476745603,11.294633295006731,4.814722928715035,0.8662971824503486,0.3970743127973085,1.8816220843473508
3,1771109569572,1771109572666,0,0.0029290452599525394,0.028491210937499987,0.031083786487579347,0.3484437759821807,0.39591303584878396,0.767168129356315,0.8437156677246094,0.7908039093017578,1.284949779510498,-0.5024306178092957,-0.908832550048828,-1.8433146476745603,10.485310025243033,4.9540623003466,0.82772331313369,0.39975537119266785,1.8816220843473508
3,1771109570632,1771109573742,0,-0.055944430828094485,0.03772576649983723,0.03006907304128011,0.29438616551072644,0.33284520508379645,0.7169897539071792,0.5203418135643005,0.7908039093017578,1.284949779510498,-0.617641806602478,-0.6071043014526367,-1.8433146476745603,9.196548395101809,5.290876026802689,0.7197118794484164,0.4258192626864716,1.8816220843473508
3,1771109571707,1771109574811,0,-0.028629352897405615,0.007953898111979137,0.10898591677347819,0.3248697567094589,0.3655227702284949,0.6961618664121908,0.7283753156661987,0.7908039093017578,1.284949779510498,-0.617641806602478,-0.6835803985595703,-1.7362403869628906,9.142797266393973,5.325207894324266,0.7366917094626887,0.4189993888712461,1.8423267084053188
3,1771109572775,1771109575869,0,-0.059890917812784515,-0.0014764785766601756,-0.021173306306203208,0.334767057483906,0.33370483825748903,0.6355134238141954,0.7283753156661987,0.643742561340332,1.082962989807129,-0.617641806602478,-0.6835803985595703,-1.7362403869628906,9.445749009362116,4.990996598547331,0.6813140106969496,0.3889557234765372,1.8423267084053188
3,1771109573843,1771109576930,0,0.02283668853342533,-0.006932608286539719,0.03957386215527852,0.35366067612590396,0.3410186470732029,0.6016160578087492,0.7283753156661987,0.643742561340332,1.082962989807129,-0.4820859432220459,-0.6835803985595703,-1.684311866760254,9.784952182137287,4.2179250844032,0.690728892500667,0.33460788134702996,1.7441051100446776
3,1771109574917,1771109578004,0,0.010814820726712545,-0.04480822881062826,-0.0006443480650583829,0.3238637075314656,0.3605332302534451,0.5540806037493242,0.6286751627922058,0.610621452331543,1.1389727592468262,-0.4820859432220459,-1.1253070831298828,-1.1825016736984253,9.32618039941219,4.300002067005328,0.6555473816139565,0.3154593297412352,1.6738954350008224
3,1771109575977,1771109579072,0,0.06984413626293341,-0.09170761108398437,0.12008846004803976,0.28092124572388094,0.35459768716708145,0.6752497400657961,0.6084928512573242,0.610621452331543,1.473233938217163,-0.4565804004669189,-1.1253070831298828,-1.1825016736984253,10.287359907234752,4.696128160141865,0.7339886658046761,0.3632728065700607,1.6738954350008224
3,1771109577037,1771109580159,0,0.04751666684945424,-0.106352965037028,0.2480760931968689,0.27698320189471276,0.3549602211708438,0.7748133684926393,0.5769363045692444,0.5220098495483398,1.473233938217163,-0.5147415995597839,-1.1253070831298828,-1.4011133909225464,9.985224407574606,5.11012541928327,0.8303358745877364,0.4092929209538307,1.6738954350008224
3,1771109578116,1771109581216,0,0.1040001840641101,-0.061979420979817706,0.40758090019226073,0.26613418712974,0.2828208072889319,0.7378561079494899,0.5769363045692444,0.5220098495483398,1.473233938217163,-0.5147415995597839,-0.7438716888427734,-1.4011133909225464,9.563551851376369,5.1435687898003,0.8376646000055165,0.3954518898610619,1.5416318472992818
3,1771109579184,1771109582292,0,0.03522145462532838,0.013699372609456379,0.3190951267878214,0.31704071473793494,0.27325273885760704,0.7185284355326677,0.5769363045692444,0.6483592987060547,1.3080236911773682,-0.5280960202217102,-0.7438716888427734,-1.4011133909225464,8.965916755446214,4.868207778028533,0.8046312804481004,0.3584948131375251,1.4574796871444786
3,1771109580258,1771109583370,0,0.002216642598311082,0.02784388860066732,-0.00252910852432251,0.33139413193521,0.26235984356956393,0.7060575098705753,0.5540979504585266,0.6483592987060547,1.3080236911773682,-0.6402838230133057,-0.4714365005493164,-1.2706403732299805,8.502095803755411,3.425422637854818,0.7428813045118094,0.3272353250507441,1.4054381944742058
3,1771109581328,1771109584450,0,-0.026175433148940417,0.01794799168904621,-0.1315362056096395,0.36313404250797343,0.31889661777729955,0.6140953527883226,0.6152838468551636,0.7260847091674805,0.814021110534668,-0.6402838230133057,-0.5175266265869141,-1.2706403732299805,9.475732637737828,3.3137689091135893,0.7229135163965937,0.29831210792798457,1.3534303362811124
3,1771109582400,1771109585487,0,0.08079798693458239,-0.015221436818440761,-0.09221207698186239,0.4030419785308075,0.3185230251080591,0.6046412029333595,1.0768609046936035,0.7260847091674805,1.0812726020812988,-0.6402838230133057,-0.5175266265869141,-1.2706403732299805,9.257931992238063,3.75907098551262,0.7237014642137777,0.3216771432269045,1.4112014573524343
3,1771109583477,1771109586538,0,0.1694552406668663,0.04810148874918619,0.25399755239486693,0.3734758558213357,0.3588888426301935,0.6047731075426578,1.0768609046936035,0.7260847091674805,1.4736125469207764,-0.3968689739704132,-0.7647457122802734,-0.9993308782577516,8.826970926462874,4.291851114705441,0.7512795692493953,0.3859926667849215,1.744906661183179
3,1771109584528,1771109587614,0,0.17194405322273573,0.08318990071614583,0.358439044157664,0.3216376005114529,0.31730958723776614,0.5613394231294542,1.0768609046936035,0.6401100158691406,1.4736125469207764,-0.374496191740036,-0.7647457122802734,-0.6913467645645142,7.8401672002853235,4.745540490874005,0.7230263294847667,0.38613057221285096,1.744906661183179
3,1771109585589,1771109588691,0,0.07445368232826394,0.12773717244466146,0.2622781276702881,0.2791451466929262,0.3156868653480099,0.6277361896875714,0.8180347681045532,0.7300662994384766,1.4736125469207764,-0.5186278223991394,-0.7647457122802734,-1.2073845863342283,7.706921334262774,4.333424469795191,0.6954371693466164,0.40632363317005976,1.744906661183179
3,1771109586646,1771109589749,0,0.037621406838297844,0.02836310068766277,0.1432335416475932,0.23516519988917367,0.274424891015726,0.6065351146479296,0.5917659997940063,0.7300662994384766,1.2866973876953125,-0.5186278223991394,-0.4706697463989258,-1.2073845863342283,8.31806940945474,4.8169016171375825,0.6256874968516686,0.3420992378305568,1.4724873927275528
3,1771109587715,1771109590817,0,0.04721244685351849,0.03882385889689128,0.16427659193674723,0.2554897743987984,0.28887182520387183,0.6221976702825661,0.5917659997940063,0.7300662994384766,1.2866973876953125,-0.5186278223991394,-0.5528059005737305,-1.2073845863342283,8.581121489448787,4.003817282012463,0.6520275232332685,0.3575395545738935,1.4724873927275528
3,1771109588800,1771109591886,0,0.004798439890146261,-0.028927389780680355,0.2751310388247172,0.3145717454613668,0.2889606430591182,0.5676180841436583,0.5917659997940063,0.5457935333251953,1.2866973876953125,-0.921687662601471,-0.7211036682128906,-0.711216926574707,8.437722006311782,4.017581746070711,0.6772542125866513,0.33068283663856557,1.4724873927275528
3,1771109589857,1771109592953,0,0.0044602639973163735,0.001788330078125,0.21949065526326497,0.3297642357111717,0.28718385063554,0.5894809315660626,0.4210911989212036,0.5457935333251953,1.211520433425903,-0.921687662601471,-0.7211036682128906,-1.0981786251068115,8.234173649299688,3.587326646151029,0.6951913581082877,0.29767739980388364,1.2600465395039693
3,1771109590925,1771109594020,0,-0.03877118316789468,-0.034504127502441403,0.021442377567291268,0.34580202814220246,0.3072916518073788,0.5988467450054815,0.4877825081348419,0.7182407379150391,1.211520433425903,-0.921687662601471,-0.7211036682128906,-1.179654836654663,8.320935855638867,3.4381811286644375,0.6854714600557584,0.29968868480547667,1.2600465395039693
3,1771109591994,1771109595098,0,0.025465829794605575,-0.014522838592529286,0.009411108493804925,0.2905385231658312,0.2818660759517716,0.5645828632657044,0.4877825081348419,0.7182407379150391,1.0680429935455322,-0.5782415866851807,-0.5007295608520508,-1.179654836654663,7.690161334551424,3.2822057249786303,0.6193284965184503,0.2946206804022922,1.191808700166681
3,1771109593061,1771109596189,0,0.012192556013663602,-0.024231243133544918,-0.007918647925059008,0.2938242648364649,0.3079281048129427,0.5186762720058086,0.4926443099975586,0.7182407379150391,0.9536247253417968,-0.5782415866851807,-0.5012178421020508,-1.179654836654663,7.617957972833494,2.818506886666619,0.6059656934919242,0.26673440870552784,1.191808700166681
3,1771109594164,1771109597250,0,0.020035920850932597,-0.03283243179321289,0.15621744791666667,0.24476020332572898,0.33909826887724753,0.44636002588261137,0.4926443099975586,0.6677331924438477,0.9536247253417968,-0.490689754486084,-0.6623926162719727,-1.0392608642578125,7.202339649868135,2.8317528257382483,0.5760473793223494,0.24007347606224713,1.0910229872664705
3,1771109595214,1771109598334,0,0.031018315814435475,-0.028807258605957026,0.026268148422241216,0.29306410062238636,0.36520675618600257,0.4574557475115073,0.7492345571517944,0.6677331924438477,0.8613321781158447,-0.5133398175239563,-0.6623926162719727,-1.1146104335784912,7.908025058668202,3.1493008399671,0.5922928136565921,0.26112870109921926,1.2273541941155366
3,1771109596298,1771109599384,0,0.09243917260318994,0.0031143506368001323,0.1281631549199422,0.3026912170895823,0.3652423752081865,0.6245789197548302,0.9683764576911926,0.6677331924438477,2.195747137069702,-0.5133398175239563,-0.6623926162719727,-1.1146104335784912,8.5759415629696,5.522972024897412,0.6399334911680609,0.4661851642336563,2.4650771046598123
3,1771109597358,1771109600467,0,0.09073824658989907,-0.0031234105428059765,0.11294928789138795,0.30506771118098275,0.3253223279434415,0.6770334641473844,0.9683764576911926,0.6153621673583984,2.195747137069702,-0.5133398175239563,-0.5694169998168945,-1.1146104335784912,9.398936075747018,6.383183476535832,0.650630317652196,0.4910021198203223,2.4650771046598123
3,1771109598461,1771109601494,0,0.10282630249857902,0.00637302398681642,0.18949105342229208,0.24963284083112822,0.3187797978511196,0.7455273903378139,0.9683764576911926,0.6126289367675781,2.195747137069702,-0.2061643749475479,-0.5694169998168945,-1.0728282928466797,9.89874822871141,6.187562552054962,0.7094299033981613,0.49721971804506304,2.4650771046598123
3,1771109599492,1771109602570,0,-0.008067245781421657,-0.01253121693929035,0.13997309605280558,0.23423290338625552,0.35176037298296026,0.5619451039550009,0.482373297214508,0.5864734649658203,1.5777583122253418,-0.542885959148407,-0.5694169998168945,-1.027686357498169,8.54733929933521,4.664089817521217,0.6334512264616977,0.31588531139698384,1.5916374708858654
3,1771109600545,1771109603631,0,0.012460976590712861,0.02761363983154297,0.2508750836054484,0.2997827400157435,0.33250426616524936,0.5646655236342102,0.7293390035629272,0.6738147735595703,1.5777583122253418,-0.638793408870697,-0.5549831390380859,-1.027686357498169,8.16063979064514,3.1301302347826163,0.6788549035791671,0.32954333698539057,1.5916374708858654
3,1771109601602,1771109604696,0,-0.036839155852794646,0.0174613316853841,0.30810275077819826,0.3122474657503662,0.30933356306708815,0.4223411466409727,0.7293390035629272,0.6738147735595703,1.318495273590088,-0.638793408870697,-0.5549831390380859,-0.4374022483825683,7.053274506620485,2.9568600128650555,0.6120055605937423,0.28984723388747374,1.4890473434004277
3,1771109602681,1771109605773,0,-0.04595729112625122,0.046651109059651676,0.33302466869354247,0.38322919505202163,0.22895416916154085,0.38767690626343054,0.7293390035629272,0.6738147735595703,1.318495273590088,-0.638793408870697,-0.3564901351928711,-0.3252267837524414,7.459947295889223,3.030689437738157,0.6093610659883589,0.2908933871438741,1.4890473434004277
3,1771109603737,1771109606833,0,-0.048149478435516355,0.04108616511027018,0.167301074663798,0.3871249331426656,0.2054433089162755,0.3826965068334605,0.7359865307807922,0.5380144119262695,0.9839076995849608,-0.6225553750991821,-0.3650999069213867,-0.8099973201751709,7.265067690985797,3.515569181525734,0.5624868457331572,0.21054023401280958,1.0283279225646453
3,1771109604807,1771109607900,0,-0.08443376645445824,0.026001421610514323,-0.0995822528998057,0.3770003306722527,0.22665281401145299,0.45756025681442264,0.7359865307807922,0.5380144119262695,0.9839076995849608,-0.6225553750991821,-0.3770303726196289,-0.924212634563446,7.2738635352094585,3.7454833624778225,0.5975291767985217,0.2276886280946471,1.0283279225646453
3,1771109605873,1771109608967,0,-0.034486403316259386,0.026039377848307295,-0.10737863580385844,0.3421993406169204,0.23877368532076754,0.6189317494309184,0.7359865307807922,0.6988801956176758,1.1890708208084106,-0.6224617958068848,-0.3770303726196289,-1.100372076034546,9.037764537001614,5.444616904978957,0.6733781826612911,0.31933573619381145,1.392947911216865
3,1771109606940,1771109610035,0,-0.008025308201710381,-0.020366319020589194,-0.08607220848401388,0.3043384096390679,0.28729826261833025,0.6075546609626413,0.5089505910873413,0.6988801956176758,1.1890708208084106,-0.6224617958068848,-0.5178899765014648,-1.100372076034546,8.81113888932805,5.1532473571222654,0.6625866383124401,0.3135039385274378,1.392947911216865
3,1771109608008,1771109611115,0,0.056793336073557535,0.004685974121093738,0.10061660607655844,0.3305018989386947,0.2770273577328287,0.6213192862807614,0.6906254291534424,0.6988801956176758,1.1890708208084106,-0.5550952553749084,-0.5178899765014648,-1.100372076034546,9.161583557290975,5.488550561585365,0.6728062738122315,0.34288190552324904,1.392947911216865
3,1771109609076,1771109612147,0,0.09338801304499308,0.026969210306803378,0.21435632705688476,0.2740968922375447,0.27579993319072493,0.6415560971256515,0.6906254291534424,0.5451822280883789,1.831817865371704,-0.4949654638767242,-0.5178899765014648,-0.9703115224838256,7.781913329274369,4.477832596279016,0.661482333113428,0.4092057756694638,1.8603003112770422
3,1771109610143,1771109613212,0,0.036009185512860614,0.08547118504842123,0.229187273979187,0.354651606468076,0.26229373886151164,0.703398119030063,0.9583488702774048,0.7271862030029297,1.831817865371704,-0.7582842707633972,-0.3191366195678711,-1.1501619815826416,9.30870242439747,5.360924021263691,0.7369622824374348,0.4367378022248924,1.8603003112770422
3,1771109611210,1771109614273,0,-0.0014128888646761557,0.05592819849650065,0.14802879095077515,0.33374107313904267,0.2849214257714438,0.6813479519054808,0.9583488702774048,0.7271862030029297,1.831817865371704,-0.7582842707633972,-0.6413764953613281,-1.1501619815826416,9.371772639939985,4.6457108890674315,0.7020966981073039,0.41565210704048583,1.8603003112770422
3,1771109612256,1771109615334,0,-0.03686543554067613,0.007582855224609374,-0.025751165548960373,0.3488675255646782,0.2858935150985375,0.5723711604572516,0.9583488702774048,0.7271862030029297,0.953420877456665,-0.7582842707633972,-0.6413764953613281,-1.1823816299438477,9.437072409579338,4.078381517254576,0.647370388844781,0.315696132775088,1.3814437969529345
3,1771109613313,1771109616400,0,0.01864874462286632,0.005718676249186204,0.028766278425852457,0.31343170981249174,0.24762082082310777,0.5424871835692976,0.6492831110954285,0.6013221740722656,0.963165521621704,-0.5956078171730042,-0.6413764953613281,-1.1823816299438477,8.062986639578417,2.931428582504233,0.6071382570372197,0.2716057705504719,1.199019320331528
3,1771109614381,1771109617502,0,0.04791219681501389,0.00599498748779296,0.10792559385299683,0.3540326763765622,0.27153669649396417,0.506193879467664,0.8228507041931152,0.6013221740722656,0.963165521621704,-0.587957501411438,-0.5062828063964844,-1.1823816299438477,8.081359295772815,3.0278326879695614,0.6306170503122677,0.2416074616378936,1.199019320331528
3,1771109615440,1771109618538,0,0.03015492459138235,0.016551049550374335,0.2729398846626282,0.37024996811231875,0.29744947760760126,0.4630722776539759,0.8228507041931152,0.6013221740722656,1.0438486337661743,-0.587957501411438,-0.5786027908325195,-0.6496163606643677,7.73050378559356,3.264409242472808,0.6731218555963151,0.22264165810466294,1.199177161225333
3,1771109616509,1771109619596,0,0.0185638353228569,-0.049641863505045576,0.3375403920809428,0.367458292644761,0.3436591564391325,0.4699482866260357,0.8228507041931152,0.5147113800048828,1.093671798706055,-0.587957501411438,-0.6743860244750977,-0.4420263767242431,8.579403852745205,3.442549871008623,0.7133198758264937,0.261487494684371,1.2192695603487456
3,1771109617584,1771109620670,0,0.012611803909142825,0.003781064351399732,0.32655991315841676,0.3203056870997545,0.34389334555375145,0.4819686575359701,0.6123838424682617,0.4962635040283203,1.093671798706055,-0.5636190176010132,-0.6743860244750977,-0.680622935295105,8.475521313450413,3.60207733834883,0.6786651564318078,0.29526507860027124,1.2192695603487456
3,1771109618644,1771109621713,0,0.007845863699913025,0.03089952468872069,0.11424913803736368,0.3401585925535718,0.3402804353844012,0.6704209486815825,0.7501579523086548,0.5387687683105469,1.4391353130340576,-0.5259844064712524,-0.6743860244750977,-1.5212645530700684,10.101437607436479,4.224410745527675,0.7347235135580504,0.37024878479499723,1.6194105392934224
3,1771109619705,1771109622772,0,0.004262074331442515,0.09680236180623372,0.025364742676417026,0.36061441336945527,0.3396551217193014,0.701274650952366,0.7501579523086548,0.8386335372924805,1.4391353130340576,-0.50642329454422,-0.4312992095947265,-1.5212645530700684,10.028042985485373,4.8969013966475545,0.7596635130825502,0.3880520620097606,1.6194105392934224
3,1771109620772,1771109623848,0,0.07909389734268188,0.07755540211995443,0.18197428385416667,0.3869355002173324,0.40429762053194906,0.8196407878875246,0.7870834469795227,0.913034439086914,1.5716760158538818,-0.50642329454422,-0.7096490859985352,-1.5212645530700684,11.792265368322665,5.155499033882752,0.9155485771749993,0.4059597916154682,1.6194105392934224
3,1771109621825,1771109624909,0,0.1055450364947319,0.06942434310913086,0.26464684009552003,0.36543470133198946,0.43981355716785575,0.6899399944392163,0.7870834469795227,0.913034439086914,1.5716760158538818,-0.6025635004043579,-0.9328041076660156,-1.187087059020996,10.77506997497078,4.659915634991795,0.8527755431136471,0.37370531870367896,1.5740095394973943
3,1771109622881,1771109625995,0,0.12789126088221867,0.01954186757405598,0.20973174770673117,0.34961924261796445,0.4138308049101886,0.6909995505777419,0.936427652835846,0.913034439086914,1.5716760158538818,-0.6025635004043579,-0.9328041076660156,-0.9343181252479552,11.577338500095776,4.94920764943688,0.8235739097350808,0.3634922731780385,1.5740095394973943
3,1771109623957,1771109627060,0,0.11072911222775778,-0.034317747751871755,0.1839847723642985,0.4015411398803384,0.33682534880619736,0.6708541865591394,1.2696532011032104,0.7807779312133789,1.9219729900360107,-0.6025635004043579,-0.9328041076660156,-0.9343181252479552,10.969279058373216,5.550511426350727,0.7660291009533011,0.4081869093817189,2.3044787904988024
3,1771109625020,1771109628150,0,0.14380782494942349,-0.10112873713175456,0.23104118108749389,0.41760063830428207,0.27902359589870684,0.7370303932333737,1.2696532011032104,0.2555170059204101,1.9219729900360107,-0.4736711382865906,-0.7274637222290039,-1.253965139389038,10.852643077734816,6.444379029907201,0.8220434238818829,0.42848007313807357,2.3044787904988024
3,1771109626102,1771109629180,0,0.12890377938747405,-0.025679365793863932,0.26069215734799706,0.46640373679028696,0.370713958456065,0.7154628141923963,1.2696532011032104,0.8570461273193359,1.9219729900360107,-0.9781842231750488,-0.7274637222290039,-1.253965139389038,10.959510472697373,6.297772758175506,0.8625447036291846,0.43056421890858654,2.3044787904988024
3,1771109627169,1771109630238,0,0.08328208277622859,0.056086953481038405,0.17092627088228862,0.38218589053166013,0.44552498927565615,0.7676816342520043,1.2135063409805298,0.8570461273193359,1.571466088294983,-0.9781842231750488,-0.7274637222290039,-1.432053565979004,12.05349378143916,6.588052690560952,0.9077266777457197,0.3495222266947608,1.6137290998984837
3,1771109628227,1771109631322,0,0.11458802670240402,0.07339032491048177,0.12684460481007895,0.33912160409037023,0.5182840379237883,0.7199221961783698,0.8226239681243896,0.9412670135498048,1.571466088294983,-0.9781842231750488,-1.0800886154174805,-1.432053565979004,12.553818374122004,6.222173944873283,0.8729909631912807,0.38641455761411997,1.6137290998984837
3,1771109629286,1771109632392,0,0.04598906983931858,0.08345025380452474,-0.033027044932047514,0.3273627765330046,0.4778799773754335,0.6939710191279338,0.8381308913230896,0.9412670135498048,1.3103193044662476,-0.6424953937530518,-1.0800886154174805,-1.432053565979004,11.009082133913783,6.072190026539594,0.8084027657870266,0.3893607685379578,1.582244380203052
3,1771109630346,1771109633449,0,-0.01971512784560522,0.05604267120361329,-0.1893211881319682,0.6050068787764941,0.468222573969197,0.6720137161618197,1.1607130765914917,0.9412670135498048,1.1906448602676392,-1.9480992555618288,-1.0800886154174805,-1.8303889036178589,11.38497545860659,6.571860234308198,0.8944309244540866,0.5000046550196962,2.161419156099149
3,1771109631431,1771109634538,0,-0.13038645337025326,0.056568272908528644,-0.2813382009665171,0.70554945454312,0.4782139148880313,0.6587991408573899,1.1607130765914917,0.8826913833618164,0.6549184322357178,-1.9480992555618288,-0.8434791564941406,-1.8303889036178589,12.852723981374096,6.8818923628971715,1.0093206793621188,0.45763063611881283,2.161419156099149
3,1771109632538,1771109635594,0,-0.14656516512235004,0.010455958048502604,-0.2556833684444427,0.7046271601228858,0.6259849057291589,0.8112717131196883,1.1607130765914917,1.3116168975830078,1.05795156955719,-1.9480992555618288,-1.1976871490478516,-1.8303889036178589,14.341797493527347,6.707537421181183,1.1783849178792534,0.44722288288318784,2.161419156099149
3,1771109633557,1771109636669,0,-0.06440502256155015,0.1366299311319987,-0.06648374398549398,0.629607736560083,0.6640240447989264,0.850435770855468,1.072072982788086,1.3116168975830078,2.432384967803955,-1.1013389825820925,-1.1976871490478516,-1.6787948608398438,13.549046636756977,6.10941148401755,1.1473595210196506,0.47636298384473913,2.7060406464942672
3,1771109634634,1771109637728,0,0.016919939219951614,0.16835587819417316,0.2150457501411438,0.5155431568215565,0.6156092843142378,0.9448229447604853,1.072072982788086,1.3116168975830078,2.432384967803955,-0.8613096475601196,-1.1976871490478516,-1.602908968925476,13.349972314699292,6.66867989506512,1.1320934986158568,0.537658308095845,2.7060406464942672
3,1771109635703,1771109638797,0,0.023914562662442525,0.17863918940226237,0.350866303841273,0.489274018823851,0.4968337463912036,0.7986346424852776,1.072072982788086,1.152202606201172,2.432384967803955,-0.6390213966369629,-0.6736993789672852,-1.0348354578018188,12.420105753895452,6.8623047668807065,0.9959343615746538,0.5088400282010049,2.7060406464942672
3,1771109636778,1771109639856,0,0.04131398797035217,0.0747610410054525,0.23270982106526691,0.354199873664079,0.5341804759710642,0.7347830595645367,0.6858112812042236,1.069169044494629,1.7238715887069702,-0.611296534538269,-1.138324737548828,-1.0348354578018188,12.56726731780521,6.547644726208453,0.9091385158348502,0.3990581223774475,1.836152550784747
3,1771109637829,1771109640915,0,0.10126239856084188,0.02581450144449871,0.07827099959055582,0.5225410541890654,0.719677867018529,0.629240889377915,1.7313419580459597,1.3734016418457031,1.140018343925476,-1.0564345121383667,-1.8322296142578125,-1.3349130153656006,13.854546318162761,8.293825028537185,0.9644257274616514,0.4923150734277988,2.526153919576528
3,1771109638906,1771109641984,0,0.20762986540794373,-0.0704578717549642,0.19950695037841798,0.6246131841274012,0.7720913758048428,0.6815934462908476,1.7313419580459597,1.3734016418457031,1.4652769565582275,-1.0564345121383667,-1.8322296142578125,-1.3349130153656006,15.74113665109902,7.757685417771862,1.0974464706738674,0.5438976926624902,2.526153919576528
3,1771109639965,1771109643043,0,0.185124929745992,-0.11762688954671224,0.21650294065475464,0.6723577511432042,0.7515262766073206,0.8317661967310894,1.7313419580459597,1.3734016418457031,1.9775824546813965,-1.0564345121383667,-1.8322296142578125,-1.3440555334091189,18.47524786892201,11.593869281745448,1.1979635911234896,0.5677536393767882,2.526153919576528
3,1771109641016,1771109644165,0,0.07038662532965342,-0.0522369384765625,0.10826271375020345,0.6536925510432559,0.7164211415226295,1.0116424106739708,1.1151928901672363,1.2424860000610352,1.9775824546813965,-1.3121296167373655,-1.3532657623291016,-2.5494987964630127,18.959570454765064,10.803762585048046,1.2772407208882965,0.5444900007613565,2.7188207720481032
3,1771109642170,1771109645211,0,0.07525892555713654,0.09172954559326175,0.04232623577117921,0.5729908608461655,0.6680135531491836,1.0641025888207114,0.8986921310424805,1.3375062942504885,1.9775824546813965,-1.3121296167373655,-1.3532657623291016,-2.5494987964630127,18.35689206409725,11.044395840648814,1.2766306506876153,0.4871412337846202,2.7188207720481032
3,1771109643175,1771109646280,0,0.10634562323490779,0.14084024429321293,0.03779098987579346,0.6109211016347799,0.6071376783064261,1.0627594216446539,1.2218217849731443,1.3375062942504885,1.6351118087768557,-1.3121296167373655,-1.1820154190063477,-2.5494987964630127,17.062570349775758,7.249806882780282,1.2587159620207207,0.515747915197021,2.7188207720481032
3,1771109644235,1771109647356,0,0.14740747859080633,0.14828297297159831,0.15873467127482097,0.5304329438398823,0.6335753529398872,0.9842857592458798,1.2218217849731443,1.6815900802612305,1.646195411682129,-0.9747357368469238,-1.6103668212890625,-1.9721263647079468,15.884620151509017,7.321988423202746,1.1805908132611647,0.5301212752169466,2.444949787332932
3,1771109645313,1771109648433,0,0.12928606321414313,0.1657991091410319,-0.08428482611974081,0.5475861530271406,0.7544441376485992,0.9195927946802257,1.4194220304489136,1.6815900802612305,1.646195411682129,-0.9747357368469238,-1.6103668212890625,-1.9721263647079468,15.669099803403888,7.3958922178764945,1.1713786046624266,0.5901883437298767,2.444949787332932
3,1771109646390,1771109649483,0,0.11527039309342703,0.19107913970947266,-0.10045855442682902,0.5304116094536359,0.8476652742921907,1.017414338290912,1.4194220304489136,1.6815900802612305,1.865896224975586,-0.7608402967453003,-1.6103668212890625,-1.7465808391571045,16.546258614843182,8.128769356639651,1.3119600654752774,0.5624661305427823,2.444949787332932
3,1771109647464,1771109650547,0,0.13675452570120494,0.08491913477579753,-0.20351405143737794,0.5121845741752152,0.7556939645742019,0.9684035929003728,1.4194220304489136,1.449955940246582,1.865896224975586,-0.8217464685440063,-1.2794666290283203,-1.7465808391571045,14.620182128764295,7.888163375330225,1.2226869679000174,0.5425410851514276,2.262264543379762
3,1771109648546,1771109651610,0,0.09743582010269165,-0.008719476064046217,-0.11592406829198201,0.5158911531186765,0.7118753793693625,1.1567498118762305,1.3143504858016968,1.449955940246582,1.8961026668548584,-0.8217464685440063,-1.1562700271606443,-2.8474926948547363,17.708770332227868,10.106263964461949,1.2926847596812794,0.6372802848392607,3.1034809185411625
3,1771109649592,1771109652661,0,0.12504636148611706,0.006368287404378266,0.06044391393661499,0.5707397770380418,0.720828564620044,1.0837398459004413,1.3143504858016968,1.6751070022583008,1.8961026668548584,-1.0978368520736694,-1.1562700271606443,-2.8474926948547363,16.240791899682097,10.10660438404096,1.245946369739277,0.6587216188640265,3.1034809185411625
3,1771109650651,1771109653720,0,-0.0754023959239324,0.08784058888753256,-0.031429402033487944,0.6228419137647003,0.7895590038640946,1.1237655329413327,1.3143504858016968,1.6751070022583008,1.8961026668548584,-1.0978368520736694,-1.2817907333374023,-2.8474926948547363,18.142001280922948,10.289605160699686,1.3576898638812684,0.618211401941017,3.1034809185411625
3,1771109651720,1771109654782,0,-0.07952477683623632,0.20716155370076497,-0.074801234404246,0.6055171017950304,0.9015377992170986,0.9586365623512855,1.261725664138794,1.892104148864746,1.67756187915802,-1.0978368520736694,-1.3715486526489258,-1.6801328659057615,16.843825831989808,8.566449504802458,1.34423423673546,0.5346557540466481,2.34991997229021
3,1771109652762,1771109655849,0,-0.10160993337631226,0.09877751668294271,-0.20638846556345622,0.52491943620053,0.9240130258926018,1.0147557279045945,1.0568042993545532,1.892104148864746,2.653127431869507,-0.8920847773551941,-1.7016735076904297,-1.6801328659057615,18.674806693607206,8.589397481202127,1.3280259113767934,0.6320129078504123,2.8633644397173263
3,1771109653821,1771109656918,0,0.13257038195927937,0.11621160507202148,-0.0661777377128601,0.6114401263561633,0.8602325063690491,1.3933289835476805,1.4309165477752686,1.892104148864746,3.3647706508636475,-0.8920847773551941,-1.7016735076904297,-3.9917616844177246,20.571717639002234,8.972102065411846,1.465664096798142,0.9325560644295239,4.160789606069137
3,1771109654889,1771109657987,0,0.10338377505540848,0.14968064626057942,-0.12026706536610922,0.6397561215350792,0.7345148913303008,1.4570327177387838,1.4309165477752686,1.6541872024536133,3.3647706508636475,-0.9681872725486756,-1.7016735076904297,-3.9917616844177246,19.157418667823315,9.345650055611612,1.4659885535185955,0.9474760180332107,4.160789606069137
3,1771109655957,1771109659069,0,0.1534413700302442,0.33032143910725914,-0.1702405333518982,0.6277624147672392,0.6255821081135826,1.3948306360057203,1.4309165477752686,1.6541872024536133,3.3647706508636475,-0.9681872725486756,-1.0160408020019531,-3.9917616844177246,16.905239262222818,8.971898706332745,1.4308630671355926,0.8833092080447291,4.160789606069137
3,1771109657019,1771109660129,0,0.04352373331785202,0.31919272740681964,-0.20314738750457764,0.5711662235241259,0.6307544968731553,0.8962870048095591,0.977684497833252,1.6541872024536133,1.782846450805664,-1.1146312952041626,-1.0160408020019531,-2.3262200355529785,13.781652922021177,6.371440878437255,1.1596404246499965,0.5350926392847367,2.5199278101720015
3,1771109658093,1771109661182,0,0.09853675713141759,0.04583821296691894,-0.09361408154169719,0.5581151909846345,0.8131772145566298,0.8238402313616893,0.9012937545776368,1.603555679321289,1.782846450805664,-1.1146312952041626,-1.7521390914916992,-1.986299991607666,15.526005934338343,7.619739704046629,1.1766787483673842,0.49033600019713586,2.2886989119705983
3,1771109659192,1771109662264,0,-0.1043814778327942,-0.08527782758076986,-0.482186750570933,0.5558210298649848,0.7702714145724942,1.029099252631094,0.8869535326957703,1.2666921615600586,0.9023315906524658,-1.1146312952041626,-1.7521390914916992,-2.9287211894989014,15.868125946572826,7.007823436591765,1.3263506211653833,0.6330464568899742,3.0222558888456708
3,1771109660230,1771109663317,0,-0.046990841627120965,-0.0970797061920166,-0.5221267183621724,0.6568775904412943,0.8547371821555688,1.1818556262820745,1.8713643550872805,1.5992488861083984,2.0225605964660645,-1.0658714771270752,-1.7521390914916992,-2.9287211894989014,19.86028976713545,9.609733294279685,1.502160263108609,0.7201401577534197,3.1859618509309473
3,1771109661288,1771109664392,0,-0.10926430622736613,0.06121269861857096,-0.5306764682133992,0.6345381120406343,0.7081131716887951,1.1600183833241826,1.8713643550872805,1.5992488861083984,2.0225605964660645,-1.1060138940811155,-1.5070924758911133,-2.9287211894989014,17.777441938349778,10.425716580563035,1.379753432884963,0.766743453705157,3.1859618509309473
3,1771109662365,1771109665460,0,-0.03636094778776167,0.05834461847941079,0.025502129395802826,0.7040234779878886,0.7966195084700072,1.14806009693553,1.8713643550872805,1.5992488861083984,3.2326831817626958,-1.3859193325042725,-1.5070924758911133,-2.2983503341674805,19.524410486107122,12.509414119428914,1.343143611581325,0.7665590643347754,3.348945553870928
3,1771109663425,1771109666520,0,-0.06608947763840355,0.028425916035970045,0.16370484828948975,0.55311088002646,0.7473325518619464,1.1750433822821966,0.9470379948616028,1.5336503982543943,3.2326831817626958,-1.3859193325042725,-1.2400236129760742,-1.7761094570159912,17.72714428092306,10.751705816246385,1.3376422765915164,0.6536481099681943,3.348945553870928
3,1771109664502,1771109667576,0,-0.015678964555263512,-0.08064435323079427,0.31392314434051516,0.5361673462904857,0.8010200767519484,1.1661681485726705,0.9470379948616028,1.5336503982543943,3.2326831817626958,-1.3859193325042725,-1.7142105102539062,-1.5414983034133911,18.89761299739568,9.410160807058471,1.402231970159104,0.6032647644357576,3.348945553870928
3,1771109665563,1771109668653,0,-0.10535999834537506,-0.03844331105550131,0.2176642696062724,0.5220809890857325,0.7741901628437132,1.0087079235829592,0.7235372066497803,1.4112091064453125,2.4545116424560547,-1.2792001962661743,-1.7142105102539062,-1.688830018043518,17.134761406093624,6.936433046025066,1.2975989616843695,0.4578543369547041,2.6059222313119665
3,1771109666628,1771109669715,0,-0.16003944476445517,-0.08180853525797524,0.15807525316874185,0.5795613053430926,0.809514001723842,0.9705159103468086,0.6439919471740723,1.4112091064453125,1.7003309726715088,-1.2792001962661743,-1.7142105102539062,-2.6694374084472656,16.84334717831684,6.453331843604444,1.293124506134126,0.5123884944128008,2.675422466843787
3,1771109667679,1771109670780,0,-0.10393055727084478,0.013956705729166663,0.22611970106760662,0.6208327025962027,0.7943030278534893,1.025336441911766,1.097069501876831,1.6503753662109375,2.147005796432495,-1.2792001962661743,-1.2736215591430664,-2.6694374084472656,17.567571899074267,7.9343748718537705,1.3296667237085793,0.5504130659837353,2.675422466843787
3,1771109668748,1771109671826,0,0.0046986445784568814,0.07038942972819011,0.16529453198115032,0.5288461724267536,0.8149945738756842,1.1416125709803593,1.097069501876831,1.6503753662109375,2.4964919090271,-1.217965006828308,-1.2736215591430664,-2.6694374084472656,19.654591374363488,8.885871196096353,1.3712109968848443,0.5792510045850001,2.675422466843787
3,1771109669826,1771109672884,0,0.11211680124203365,0.13663495381673177,0.15182929436365764,0.426371297618631,0.8803969550988798,1.0924566450141489,1.097069501876831,1.6503753662109375,2.4964919090271,-0.6138579845428467,-2.210878372192383,-1.7942655086517334,17.994683942337577,9.519855708269079,1.3345167493264534,0.6034648616129181,2.5659187813698128
3,1771109670883,1771109673944,0,0.14674141506354013,0.27609402338663735,-0.03675562143325803,0.4560657364363525,0.8686032560348839,1.1876733807443671,1.111248016357422,1.6875333786010742,2.4964919090271,-0.7018905878067017,-2.210878372192383,-2.171375274658203,17.420640390303397,9.159231701829574,1.4236703498287644,0.6154973660174764,2.6040807596602122
3,1771109671933,1771109675004,0,0.25388062397638955,0.14368406931559244,-0.011657472451527906,0.4270061069687851,0.9094876868741814,1.080951657991168,1.111248016357422,1.6875333786010742,2.3384106159210205,-0.7018905878067017,-2.210878372192383,-2.171375274658203,15.852964222477587,9.74354064333855,1.353766924213116,0.6084843502012814,2.6040807596602122
3,1771109672993,1771109676070,0,0.07466567158699036,0.2488133112589518,-0.030245220661163332,0.5556578353390094,0.7984673544101374,0.9669333291642671,1.111248016357422,1.6875333786010742,2.3384106159210205,-0.9320584535598756,-0.9980678558349608,-2.171375274658203,15.977292429356206,9.363973478137321,1.2680525834527474,0.5372317878909775,2.6040807596602122
3,1771109674053,1771109677141,0,-0.10120247105757395,0.05903046925862629,-0.033873903751373294,0.49741465833836,0.784800575669454,0.7561113308247274,0.7672140598297119,1.5969629287719729,1.302635908126831,-0.9320584535598756,-1.462590217590332,-1.3114190101623535,15.264838689807503,8.772911674067469,1.1151968913594568,0.40481530159556406,2.204252215534228
3,1771109675115,1771109678190,0,-0.2568003008762995,0.22843443552652995,0.05006759564081828,0.41621452838832274,0.7526093680709212,0.8732979038952804,0.6088624596595764,1.559946060180664,2.6411120891571045,-0.9320584535598756,-1.462590217590332,-1.4244580268859863,14.56389921605338,7.833873823753614,1.1619541073695556,0.48000636318952494,2.8088357277843023
3,1771109676272,1771109679268,0,-0.1951836387316386,0.05246788660685221,0.0070566534996032715,0.3764089283412587,0.7278042298006078,1.108540391726819,0.6088624596595764,1.4503421783447266,2.6411120891571045,-0.9291130304336548,-1.462590217590332,-1.823491215705872,15.34343241717031,8.826634768452317,1.2694861000395197,0.5247732178639861,2.8088357277843023
3,1771109677246,1771109680310,0,-0.054442611336708066,0.10468559265136719,-0.1250794013341268,0.427464305344938,0.8372175498846836,1.1913645885881226,0.7400434017181396,2.229269027709961,2.6411120891571045,-0.8450861573219299,-1.3992414474487305,-1.823491215705872,15.95272238854375,9.4886051738419,1.39296908252289,0.5712478652443663,2.8088357277843023
3,1771109678292,1771109681383,0,-0.05146425863107045,-0.042952473958333334,-0.2435925285021464,0.4408393625841061,0.7167375795893434,1.0710098922570086,0.7400434017181396,2.229269027709961,2.625135660171509,-0.8898733258247375,-1.3992414474487305,-1.823491215705872,14.71193810201707,7.792583074727682,1.2530338696172167,0.5448955050259444,2.7313504315523836
3,1771109679349,1771109682452,0,0.055435208479563396,0.08442522684733073,-0.005614149570465088,0.4846152704721925,0.7573876192022335,1.0040837614940146,1.2266610860824585,2.229269027709961,1.8398970365524288,-0.8898733258247375,-1.3992414474487305,-1.5770821571350098,14.218693593316802,6.4993705528975445,1.2196772873711343,0.5369800053418466,2.7313504315523836
3,1771109680408,1771109683504,0,-0.13214236895243328,-0.018126519521077473,0.02313110828399659,0.5074410083442089,0.6458392929376355,0.9661860376597117,1.2266610860824585,1.2781696319580078,1.8398970365524288,-0.9792560338974,-1.5418205261230469,-1.586660861968994,15.246526528664342,5.880889396397562,1.1591696353676268,0.48689785304933114,2.301264775444833
3,1771109681486,1771109684593,0,-0.030760149161020916,-0.17533416748046876,-0.1656269351641337,0.6013783005532293,0.7159847379154599,1.0721848360746917,1.2266610860824585,1.2781696319580078,1.8398970365524288,-1.1352643966674805,-1.5418205261230469,-2.0619120597839355,15.404929144154794,5.828942923084354,1.3281562273121363,0.5101009619253398,2.301264775444833
3,1771109682589,1771109685634,0,-0.13465010325113932,-0.19580437342325846,-0.32352691094080605,0.5816966239831757,0.8966051027544271,0.9352202393870821,0.9646064639091492,2.0040388107299805,1.4893572330474854,-1.18523907661438,-1.7370977401733398,-2.0619120597839355,17.17159854075402,7.745023810531956,1.3410167800984625,0.5685662037020938,2.588950902521008
3,1771109683604,1771109686681,0,-0.11087411443392435,-0.025795841217041017,-0.2862785577774048,0.6369022508466701,1.025360161660055,0.9260907950865698,1.0906120538711548,2.0040388107299805,1.401180386543274,-1.18523907661438,-1.7370977401733398,-2.0619120597839355,17.186650179144216,8.72087511841068,1.43233353742345,0.5389948249268527,2.588950902521008
3,1771109684663,1771109687733,0,-0.15158678889274596,0.1687765121459961,0.05892847776412964,0.6230949955564354,0.9901787028338747,0.9881154024748922,1.0906120538711548,2.0040388107299805,1.5521855354309082,-1.18523907661438,-1.7370977401733398,-1.6001969575881958,20.980978833608837,8.604229651505145,1.4371101941090392,0.5151716458703226,2.588950902521008
3,1771109685739,1771109688817,0,-0.06744478344917297,0.1299001693725586,-0.058210853735605875,0.6296105282543286,0.9001012030003037,1.0101742523371233,1.0906120538711548,1.8600282669067385,1.5521855354309082,-1.0241278409957886,-1.5807991027832031,-1.6001969575881958,19.368261502102094,7.865960385734031,1.4200727567424694,0.40812466120843277,2.2623298619567045
3,1771109686789,1771109689877,0,0.1805385023355484,0.014096641540527343,-0.0605105996131897,0.6056246480865851,0.8033284613644978,1.0956453198361327,1.259331464767456,1.8600282669067385,1.5521855354309082,-1.0052499771118164,-1.3621711730957031,-2.0756306648254395,20.624843413615615,7.390514994325863,1.4090804291407906,0.4430513605593893,2.2623298619567045
3,1771109687840,1771109690936,0,0.264414644241333,0.02717555363972982,-0.17247050205866496,0.6810828151124019,0.8424021614225854,1.035682727320876,2.570899486541748,1.8600282669067385,1.9875047206878664,-0.696618914604187,-1.3621711730957031,-2.0756306648254395,19.352882145564433,8.539182309275992,1.3927356384203966,0.5860174595768648,3.3919041442945628
3,1771109688926,1771109692012,0,0.3471098025639852,0.18988669713338216,0.0072329680124918585,0.711004910475382,0.9113127565573869,1.087991501821356,2.570899486541748,1.810641288757324,1.9875047206878664,-0.5240376591682434,-1.3621711730957031,-2.0756306648254395,21.009337317715882,10.138260118005084,1.4710715707757087,0.6656310505324363,3.3919041442945628
3,1771109689985,1771109693080,0,0.0983889510234197,0.19990631739298503,-0.013170254230499268,0.7666520905717872,0.8783580284927146,1.0396035428376806,2.570899486541748,1.810641288757324,1.9875047206878664,-1.438527226448059,-1.2027015686035156,-2.787554979324341,18.66695680391958,10.362515782780585,1.3491312039205903,0.7801660031675844,3.3919041442945628
3,1771109691054,1771109694178,0,-0.12318626840909322,0.15343159039815266,0.10705970525741577,0.713629121193766,1.057323724247521,0.9526857128427569,1.7721681594848633,2.538212776184082,1.7968541383743286,-1.438527226448059,-2.242519855499268,-2.787554979324341,19.011748204438824,10.178446545465857,1.3916739147490877,0.7636604125343027,2.967816501146529
3,1771109692112,1771109695217,0,-0.316184268395106,-0.054303471247355156,-0.2269464373588562,0.6100484400754085,1.043036116807473,1.0081744799174748,0.651167094707489,2.538212776184082,1.3512849807739258,-1.438527226448059,-2.242519855499268,-2.787554979324341,19.7251920448078,8.732556822630139,1.4362291303451373,0.7087783398720882,2.967816501146529
3,1771109693198,1771109696300,0,-0.2640613426764806,-0.0019219557444254557,-0.27061649163564044,0.5591569359905302,1.3040629301048716,1.210496303647051,0.651167094707489,2.551891326904297,1.7726624011993408,-1.3972522020339966,-2.242519855499268,-3.295319080352783,23.234869498040105,10.036954040178406,1.7195438565050774,0.7534204349438205,3.9907660131961538
3,1771109694258,1771109697362,0,-0.1359206219514211,0.20546312332153321,-0.2631816864013672,0.4955045233439023,1.3213708824427706,1.3350134374924016,0.6268287897109985,2.551891326904297,2.274502754211426,-1.038216233253479,-1.6616878509521484,-3.295319080352783,24.634878424352486,9.561829205018446,1.8320771177706154,0.6602982171287642,3.9907660131961538
3,1771109695324,1771109698427,0,-0.055912394324938455,0.32814118067423503,-0.07571004629135135,0.6115902874209482,1.3228584563834247,1.4693349652670487,1.318148136138916,2.551891326904297,2.274502754211426,-1.6413421630859375,-1.6616878509521484,-3.328091144561768,26.045917000933812,9.605853411623968,1.923766164292015,0.7582895371836889,4.032379939058322
3,1771109696401,1771109699488,0,-0.10874509116013843,0.41349029541015625,-0.09681022564570109,0.6502991587739351,1.2729598160338498,1.375443809604146,1.318148136138916,2.536548614501953,2.274502754211426,-1.6413421630859375,-2.051520347595215,-3.328091144561768,25.792175552262957,8.366480386054409,1.874338824946814,0.7068740502135853,4.032379939058322
3,1771109697469,1771109700548,0,-0.0605014036099116,0.14732505480448405,-0.36360511382420857,0.6881613880573256,1.2386328145333334,1.3182601896522843,1.318148136138916,2.276005744934082,1.6792981624603271,-1.6413421630859375,-2.051520347595215,-3.328091144561768,26.18644151271314,9.93240767942176,1.7757544649512187,0.8040871121071185,4.032379939058322
3,1771109698528,1771109701639,0,0.0005579988161722819,0.28301822344462074,-0.31039387782414757,0.6743741094667803,1.164022391119575,1.116089041888437,1.2904422283172607,2.276005744934082,1.6792981624603271,-1.3069223165512085,-2.051520347595215,-2.9395925998687744,23.402083083496507,10.198705981875117,1.6219961427804763,0.7185543704130334,3.3353383611879095
3,1771109699611,1771109702675,0,0.10896581013997396,0.11177058219909668,-0.39796036084493003,0.6524763421792928,0.9911867018868081,1.2650403532938719,1.2904422283172607,1.877781867980957,2.6458330154418945,-1.3069223165512085,-1.8001494407653809,-3.470402717590332,28.07385757722147,37.22364942767949,1.5760157367580587,0.7925079066265499,3.812143585625089
3,1771109700655,1771109703735,0,0.10580790489912033,0.16125303904215496,-0.10590521097183228,0.6169601297441981,0.8610579868062354,1.3409252840902495,1.2904422283172607,1.877781867980957,2.6458330154418945,-1.3069223165512085,-1.3252801895141602,-3.470402717590332,25.405593947251926,36.980802038846974,1.526930494772322,0.7472018606261926,3.812143585625089
3,1771109701723,1771109704793,0,0.018647310634454087,-0.007132975260416663,-0.1400863806406657,0.4773883144050292,0.8306677776416244,1.3723881955452482,0.7414378523826599,1.7966556549072266,2.6458330154418945,-0.9999004006385804,-1.3252801895141602,-3.470402717590332,25.36927277166313,37.1362385064287,1.4854999239322517,0.7343484748440452,3.812143585625089
3,1771109702781,1771109705870,0,0.0878848229845365,0.034641106923421226,0.33812830845514935,0.5173521945612641,0.7621910873415579,1.300705029273372,1.1427061557769775,1.7966556549072266,3.4682748317718506,-0.5685278177261353,-1.3252801895141602,-1.954991698265076,18.317300089078604,7.257060996204472,1.4772556382430948,0.6406179640550418,3.5239398471023637
3,1771109703841,1771109706929,0,-0.007164426644643146,-0.0753979206085205,0.07653446594874064,0.5632316483852855,0.9344458190902587,1.4364433833652788,1.1427061557769775,1.7966556549072266,3.4682748317718506,-1.0527023077011108,-1.747666835784912,-2.329699993133545,21.54401998205962,9.25836762087347,1.6481691916265033,0.6750179094370656,3.5239398471023637
3,1771109704902,1771109708005,0,0.038396238287289934,-0.14002647399902343,0.11312965154647826,0.5975247309328495,1.1234588757082837,1.392206107166597,1.1427061557769775,1.7984209060668943,3.4682748317718506,-1.0527023077011108,-2.045053482055664,-2.329699993133545,23.229832057039303,8.444272356108591,1.7616629324319224,0.6180693741848944,3.5239398471023637
3,1771109705970,1771109709077,0,-0.0037073810895283887,-0.19761873881022135,0.21495973269144694,0.56536695712437,1.2320960219719048,1.5476322305656989,1.1806129217147827,2.0422468185424805,4.039177894592285,-1.0527023077011108,-2.045053482055664,-2.329699993133545,25.859288395810914,9.487204911406774,1.930934576577755,0.6811779746852924,4.1510974930139755
3,1771109707040,1771109710184,0,-0.01293584903081257,-0.10921168327331543,0.2830382466316223,0.5961927089097665,1.2824105683492937,1.4666846105717009,1.1806129217147827,2.1070995330810547,4.039177894592285,-1.094370722770691,-2.045053482055664,-2.032496929168701,26.4500648311238,10.10606793465303,1.9250244772939407,0.6427039478206052,4.1510974930139755
3,1771109708105,1771109711205,0,0.08261405328909556,-0.18517718315124512,0.4821666479110718,0.5841275395831064,1.214813044934129,1.5946671204232314,1.1806129217147827,2.1070995330810547,4.039177894592285,-1.094370722770691,-2.1436686515808105,-2.032496929168701,26.804823265685446,10.224874771565384,2.007457900197826,0.6885673055517219,4.1510974930139755
3,1771109709189,1771109712268,0,0.0188247005144755,-0.16199472745259602,-0.0203164537747701,0.5267391942408405,1.297376935388985,1.4651304518993975,0.9172140955924988,2.1070995330810547,2.601256847381592,-1.094370722770691,-2.1436686515808105,-2.4096498489379883,27.26180641533778,10.71405114781251,1.8853845726097185,0.6767119954546701,3.144676427783776
3,1771109710249,1771109713336,0,0.10604833960533142,-0.19856022198994955,-0.008427854379018147,0.4262044481227022,1.160283192865336,1.545109680305004,0.9172140955924988,1.9746885299682615,2.572621583938598,-0.7542351484298706,-2.1436686515808105,-2.9245524406433105,23.629331043219704,11.482665217010188,1.8017668036713934,0.7806774432000262,3.144676427783776
3,1771109711310,1771109714388,0,-0.07541381319363911,-0.09911406834920247,-0.3808339516321818,0.49415861093033725,1.0371915475056814,1.3567756478214716,0.8535199761390686,1.9746885299682615,2.2772011756896973,-1.3866081237792969,-1.7647457122802734,-2.9245524406433105,21.746986996673858,11.753282995243874,1.5966632850881308,0.8304449900471077,3.144676427783776
3,1771109712379,1771109715456,0,-0.1661554346481959,-0.014409287770589203,-0.2611180543899536,0.6435196427359839,0.7927046340989331,1.191404571172195,0.8535199761390686,1.6707525253295898,2.061347246170044,-1.3866081237792969,-1.369976043701172,-2.9245524406433105,19.27903260671132,8.835371737797004,1.4069331626046686,0.7166121608126929,3.061900076658315
3,1771109713444,1771109716515,0,-0.14790638089179992,0.07173093159993489,-0.17320820490519206,0.6479470250964064,0.7790278859392737,1.070877457483571,0.8807121515274048,1.728358268737793,2.0521464347839355,-1.3866081237792969,-1.369976043701172,-2.738842248916626,19.52866856551428,7.582234319364901,1.3577029872870463,0.5705838061556472,3.061900076658315
3,1771109714496,1771109717575,0,-0.13746652007102966,0.023473548889160156,-0.013931715488433824,0.6291467592320981,0.7565718666843062,1.2642638899382928,0.8807121515274048,1.728358268737793,3.73252534866333,-1.257595777511597,-1.3274459838867188,-1.6277318000793457,20.31477277805482,9.59807648169317,1.4373467052255855,0.670599384678452,3.9939274591697074
3,1771109715564,1771109718653,0,-0.007075752814610802,-0.0209676742553711,0.008522593975067138,0.5335559458114306,0.7588784925330399,1.2188424769087012,0.8807121515274048,1.728358268737793,3.73252534866333,-0.997286319732666,-1.3274459838867188,-1.499414563179016,18.285374256981644,9.289991030651384,1.367363505312759,0.6423258137184489,3.9939274591697074
3,1771109716638,1771109719703,0,0.06081034193436305,-0.1267269770304362,0.03494005997975667,0.5251392147821299,0.6687632025984165,1.08290502499848,0.7784951329231262,1.249897003173828,3.73252534866333,-0.997286319732666,-1.3274459838867188,-1.4606531858444214,15.92373377078298,8.986998594336352,1.1796450869481858,0.6912691875008856,3.9939274591697074
3,1771109717684,1771109720753,0,0.22713686774174371,-0.08710209528605144,0.31431244214375814,0.4442739916856062,0.6077493798041629,0.994550232858185,1.0781060457229614,1.249897003173828,2.6834557056427,-0.997286319732666,-1.092665672302246,-1.323036551475525,14.483144626508897,6.742920269923303,1.1328644818348585,0.6258193534044754,2.991677270887246
3,1771109718743,1771109721823,0,0.2270499015847842,-0.03679990768432617,0.40881011486053465,0.3652563072685523,0.6226812747512183,1.014681827573161,1.0781060457229614,1.6468505859375,2.6834557056427,-0.2834985852241516,-1.092665672302246,-1.323036551475525,14.585401856233146,7.945343214131743,1.1440960695869913,0.6513447818468678,2.991677270887246
3,1771109719810,1771109722881,0,0.09967149396737417,0.013884925842285149,0.18274316787719727,0.48559017845334973,0.7418212095907466,1.1512894430985583,1.0781060457229614,1.6468505859375,2.6834557056427,-1.3731026649475098,-1.166646957397461,-2.482116222381592,16.42732374450405,8.309811956531197,1.2732900713148823,0.6923969641494927,2.991677270887246
3,1771109720856,1771109723957,0,-0.016325674454371126,0.020009167989095036,-0.07948762973149617,0.5277509040996161,0.8633267965535091,1.0356581654852273,0.7426584362983704,1.6468505859375,1.6656651496887207,-1.3731026649475098,-1.7617788314819336,-2.482116222381592,17.870865911075644,8.69377494466548,1.2895207668903812,0.6192447953186496,2.836609613301922
3,1771109721929,1771109725020,0,-0.0360494871934255,-0.013934230804443374,-0.18443438212076824,0.5883480284976456,0.8595105771619068,1.363346143116069,0.7426584362983704,1.5610895156860352,2.670426607131958,-1.3731026649475098,-1.7617788314819336,-3.0054218769073486,20.462690158346252,9.345427299511352,1.5249152370083032,0.7581604409232683,3.036044007441627
3,1771109722992,1771109726094,0,-0.04398483832677205,0.08340253829956054,-0.05735588471094767,0.5366854418994227,0.8772800605059489,1.4194063490750477,0.7793177962303162,2.636209487915039,2.670426607131958,-1.3076777458190918,-1.7617788314819336,-3.0054218769073486,22.30007803758027,9.82107791461659,1.5397313382777393,0.7952628103921728,3.067492914243684
3,1771109724066,1771109727156,0,-0.07315280735492706,-0.06334520975748698,-0.09482362270355223,0.5277021825511279,0.8276700453084839,1.4293044217756659,0.7793177962303162,2.636209487915039,2.670426607131958,-1.2952156066894531,-1.2611055374145508,-3.0054218769073486,20.687789599992314,9.837451158981143,1.5173672140223826,0.8022533046218308,3.067492914243684
3,1771109725140,1771109728237,0,0.0022170444329579716,-0.012650998433430989,-0.02666389544804891,0.6256372465336179,1.0059907550312912,1.3216253722829197,1.175745964050293,2.636209487915039,2.3940768241882324,-1.2952156066894531,-2.1084232330322266,-2.982067108154297,21.62274928542174,10.095575380253509,1.5501761134906866,0.8155547078082735,3.2571590164749193
3,1771109726214,1771109729264,0,0.05345304310321808,-0.06776746114095052,-0.1293138066927592,0.630989920222315,1.0869369950985912,1.4243578800710988,1.175745964050293,2.3575572967529297,2.3940768241882324,-1.2952156066894531,-2.1084232330322266,-2.982067108154297,24.226416308686684,11.375423529672734,1.681935125560277,0.840789310499933,3.6331127936060152
3,1771109727261,1771109730344,0,0.060981142520904544,-0.1130726178487142,0.02169644832611084,0.5823143331246375,1.0886213380143297,1.3999804799897198,1.175745964050293,2.3575572967529297,2.3940768241882324,-0.8783488273620605,-2.1084232330322266,-2.982067108154297,22.946736961215944,12.423851683355652,1.6541817967388444,0.8191573396525288,3.6331127936060152
3,1771109728313,1771109731408,0,-0.11602385938167574,-0.3031623681386312,-0.13655914862950644,0.534952965807349,1.0090808917141854,1.2836360406393288,0.869491696357727,2.3575572967529297,2.070522785186768,-1.0739229917526243,-1.8632245063781736,-3.038961887359619,21.96492244912165,11.300785526160002,1.5425113783986066,0.7867951573099934,3.6331127936060152
3,1771109729372,1771109732509,0,-0.2637793034315109,-0.28669398625691733,-0.2393718481063843,0.5644225700274754,0.9373046830097101,1.3598172510239093,0.7683677077293396,1.440988540649414,1.7512924671173096,-1.500205397605896,-2.3485312461853027,-3.4276890754699707,19.39404774506049,10.577770743155995,1.586038746160444,0.8125491648560089,3.757052814651208
3,1771109730449,1771109733611,0,-0.23550631602605185,-0.15589621861775715,-0.3061952789624532,0.6954990717949716,0.9209480635238865,1.6707567828072587,0.9003667831420898,1.440988540649414,4.900057792663574,-1.5789393186569214,-2.3485312461853027,-3.4276890754699707,23.451101510010332,11.148431965205726,1.7496657559605129,1.0657884817753995,4.996045403883097
3,1771109731518,1771109734770,0,-0.09484239021937052,0.003880675633748384,0.20278854767481488,0.7017380674494496,0.8533098692957835,1.723370005517907,0.9003667831420898,1.529338836669922,4.900057792663574,-1.5789393186569214,-2.3485312461853027,-3.4276890754699707,21.73883487756394,11.697366927124135,1.7522313820126745,1.0325950575124532,4.996045403883097
3,1771109732626,1771109735866,0,-0.008775266011555989,0.016276486714681026,0.36024874448776245,0.6589492216477014,0.7564469741140839,1.4328118237048986,0.9003667831420898,1.529338836669922,4.900057792663574,-1.5789393186569214,-1.2949533462524414,-3.1029744148254395,19.028588991125837,9.886488533224531,1.5021754001545513,0.92716853940318,4.996045403883097
3,1771109733728,1771109737015,0,0.03312153418858846,0.13641475041707357,0.4419200897216797,0.5475522930365783,0.6924906319719977,0.9056980389496715,1.2510271072387695,1.529338836669922,2.398266077041626,-0.8995436429977417,-1.2949533462524414,-1.1837074756622314,14.337725671035177,6.127446820708647,1.200460590344216,0.5755518725534013,2.494527319765547
3,1771109734867,1771109738149,0,0.07016420165697733,0.10860420862833658,0.17559279203414918,0.57069240974619,0.6783906892468701,0.845616965757526,1.7023038864135742,1.3434247970581057,1.9979469776153564,-0.8995436429977417,-1.3827781677246094,-1.2732908725738523,13.730297670851563,7.032660105111189,1.0982628734649214,0.5498985408601024,2.8683311034742367
3,1771109735980,1771109739286,0,0.08547125260035197,0.2015225410461426,0.0016376376152038574,0.5240409606016061,0.5985813107713965,0.9543124794660451,1.7023038864135742,1.2364463806152344,1.9979469776153564,-0.5916561484336853,-1.3827781677246094,-1.7306723594665527,12.693304824322098,7.00969128761171,1.114548797123173,0.5551111649789212,2.8683311034742367
3,1771109737171,1771109740422,0,0.005543295542399077,0.1473825772603353,-0.04239731232325236,0.632634027900983,0.6935802698870178,0.9450092545655345,1.7023038864135742,1.2364463806152344,1.9979469776153564,-1.1400697231292725,-1.3827781677246094,-1.7306723594665527,14.384361517333483,7.862667249991317,1.1964424571180439,0.5637801875186176,2.8683311034742367
3,1771109738251,1771109741574,0,-0.05170165399710337,0.003148937225341797,0.02759279410044353,0.719718746735997,0.6274707800655586,1.080434609316047,1.1723053455352783,1.2280378341674805,2.4137842655181885,-1.324207067489624,-1.355332374572754,-1.7306723594665527,16.935483611054845,8.780312903278723,1.3119706167201357,0.5495414256795055,2.672454330109164
3,1771109739404,1771109742693,0,-0.0487144668896993,-0.10591955184936523,0.2318126916885376,0.7291446283286669,0.5816764002345296,1.0299327417797952,1.1723053455352783,1.2280378341674805,2.4137842655181885,-1.324207067489624,-1.355332374572754,-1.6195955276489258,16.64816193817905,8.735354130123524,1.2735086123891226,0.5680338800671328,2.672454330109164
3,1771109740522,1771109743860,0,0.021297703186670947,0.05828056335449219,0.036946062246958414,0.6597575734290317,0.6804457890192037,1.2367780658947611,1.1723053455352783,1.8478670120239256,2.4137842655181885,-1.324207067489624,-1.2559823989868164,-2.7370078563690186,16.734536601238297,8.016207025740833,1.3890215884518973,0.6613548392346144,3.063707209065107
3,1771109741702,1771109744978,0,-0.014511109391848253,0.32664419809977213,-0.14301193952560426,0.5268315994540341,0.5920090168632759,1.0112001713603778,0.8739190101623535,1.8478670120239256,2.150052547454834,-1.061567306518555,-0.5377206802368164,-2.7370078563690186,12.937601878642651,5.1386485026963955,1.1717552014186419,0.6016208831495321,3.063707209065107
3,1771109742808,1771109746095,0,0.021224187811215704,0.22608184814453125,-0.25109869639078775,0.5829525190819512,0.73993533538855,1.0653812255773778,0.9481265544891356,1.8478670120239256,2.150052547454834,-1.061567306518555,-1.851245880126953,-2.7370078563690186,17.680351840308298,14.932874288726627,1.2703561110181476,0.6866500143105306,3.063707209065107
3,1771109743977,1771109747195,0,-0.08652277489503225,0.08503506978352865,-0.17427417834599812,0.606799547908115,0.7234730235711052,1.0244690291307887,0.9481265544891356,1.0900993347167969,1.7028412818908691,-1.061567306518555,-1.874211311340332,-2.5934176445007324,17.00038375365095,15.569152481766762,1.2559189938256887,0.5967208953525167,2.6702128165163503
3,1771109745095,1771109748301,0,-0.003841303785641992,-0.009247557322184232,-0.1515401005744934,0.6551454692521044,0.7257696351595735,1.1974804377937869,1.072888731956482,1.6028366088867188,2.308311462402344,-1.0198334455490112,-1.874211311340332,-2.5934176445007324,18.998853244153548,16.150130629878404,1.3762326190979008,0.6741286454847081,2.6702128165163503
3,1771109746199,1771109749419,0,0.03048023283481598,0.22199611663818358,-0.1422293782234192,0.6181814869231039,0.6263708584979781,1.134991522892522,1.072888731956482,1.6028366088867188,2.308311462402344,-1.0198334455490112,-1.874211311340332,-2.518554210662842,14.029968532553028,9.356436264003392,1.3138199902409862,0.5915400337844103,2.6037145183888155
3,1771109747282,1771109750570,0,0.25044718583424885,0.16374324162801107,-0.04436659415562947,0.6619715340852618,0.5959692969868412,1.1135761576349592,1.2257373332977295,1.6028366088867188,2.308311462402344,-1.0041385889053345,-1.341045379638672,-2.518554210662842,15.974181254785986,8.954363114715319,1.3266028828017664,0.554559610342023,2.6037145183888155
3,1771109748403,1771109751717,0,0.2044586310784022,0.3777486801147461,-0.02807442744572957,0.6125280124123141,0.7347139689189304,1.1261708877102377,1.2257373332977295,2.251502990722656,2.7550344467163086,-0.9642959833145142,-1.341045379638672,-1.7755961418151855,15.827802542980058,8.208073391266275,1.4094156932435957,0.5656675851792169,2.7621941424477643
3,1771109749535,1771109752807,0,0.10804702043533326,0.36126810709635415,0.005839808781941743,0.6654769517119434,0.8321221856601292,1.1733856557218088,1.2257373332977295,2.251502990722656,2.7550344467163086,-1.0298819541931152,-1.341045379638672,-1.8769962787628172,18.20967184375275,8.686614624684966,1.4911726271520773,0.5991464146694228,2.7621941424477643
3,1771109750708,1771109753893,0,-0.0221900075674057,0.5388827006022135,-0.12353770732879639,0.522604375442289,0.8142385606914431,1.1580645853980083,1.0564820766448977,2.251502990722656,2.7550344467163086,-1.0298819541931152,-0.6843748092651367,-1.8769962787628172,17.533030372451783,9.901899772826196,1.454078530422038,0.6377036333162314,2.7621941424477643
3,1771109751789,1771109755044,0,-0.062323753039042154,0.24307669003804525,-0.049220414956410725,0.5801999793400815,0.8903775653024169,1.082184968214627,0.9905134439468384,1.840437889099121,2.202460527420044,-1.1014777421951294,-1.6627821922302246,-1.8769962787628172,16.407717137847765,10.021070272236404,1.4034369843756178,0.5749980990757196,2.593677354001376
3,1771109752907,1771109756189,0,-0.07694385945796967,0.21501262982686362,-0.1444753646850586,0.6507170301117419,0.8551317007744935,1.085584951302536,1.1687270402908323,1.840437889099121,1.971086025238037,-1.2221946716308594,-1.6627821922302246,-2.1751883029937744,17.28070831514035,15.068058637536133,1.4013610529236844,0.6141572011241762,2.593677354001376
3,1771109754011,1771109757282,0,-0.1534514009952545,0.18462761243184408,-0.2741115689277649,0.6585272511657836,0.7932669090010759,1.060049870019658,1.1687270402908323,1.6797418594360352,1.7516121864318848,-1.2221946716308594,-1.6627821922302246,-2.1751883029937744,16.82495073926642,14.734659980854167,1.3606753652908556,0.6393014275382357,2.593677354001376
3,1771109755261,1771109758400,0,-0.04846781889597575,0.3327544848124186,-0.32871166865030926,0.6820553688479271,0.6696652724755869,1.0129461392583807,1.1687270402908323,1.6797418594360352,1.400409460067749,-1.2221946716308594,-1.136824607849121,-2.1751883029937744,18.363627446842063,14.328901671879054,1.3114727090782823,0.6238528694590199,2.579421324567849
3,1771109756279,1771109759510,0,0.044016458590825404,0.06068642934163412,-0.038000245889027916,0.5531173388045786,0.8307927730877799,1.1601592100996139,1.0216549634933472,1.2249822616577148,1.9355530738830569,-0.9535222053527832,-1.5625104904174805,-2.868164539337158,17.812266413318255,8.342838525712148,1.3675709817456991,0.643965013896487,3.1196803929131494
3,1771109757398,1771109760644,0,0.19067677756150564,0.021276156107584637,0.007892560958862305,0.5543194151925632,0.8909684006248324,1.3434528127602647,1.060008525848389,1.2517690658569336,2.2248635292053223,-0.7041307687759399,-1.5625104904174805,-3.181030750274658,18.458825744412827,7.972094228044394,1.5595366639279866,0.6542799313524217,3.184542834937356
3,1771109758516,1771109761762,0,0.12744979659716288,-0.010566806793212891,-0.22019850015640258,0.4873373113879674,0.9291407815371585,1.3455469486643985,1.060008525848389,1.3889379501342771,2.2248635292053223,-0.7017961144447327,-1.5625104904174805,-3.181030750274658,18.306136365931973,8.195369456690605,1.5715319819620204,0.6507687713548238,3.184542834937356
3,1771109759625,1771109762901,0,0.20699463586012523,0.2190692901611328,-0.35919569730758666,0.5398726727504316,0.8424419586868998,1.1394581158074353,1.0952374935150146,1.4246959686279297,2.2248635292053223,-0.7017961144447327,-1.4743709564208984,-3.181030750274658,17.57167591418005,7.343821640279407,1.4628978569856792,0.5595633499946183,3.184542834937356
3,1771109760761,1771109763999,0,0.01260324517885844,0.0921783447265625,-0.304249385992686,0.611817300036036,0.809603948075598,0.9023529813160033,1.0952374935150146,1.4246959686279297,1.291748285293579,-1.5185630321502686,-1.3474397659301758,-2.4658091068267822,17.268869328965724,7.232486409871014,1.2945678331407713,0.4637218682730209,2.502703424066246
3,1771109761878,1771109765095,0,0.05687430600325267,-0.1170752207438151,-0.07453864415486654,0.6480176256310455,0.8726749619281771,0.9505767366480856,1.2373487949371338,1.8620424270629885,1.4414570331573486,-1.5185630321502686,-1.729034423828125,-1.8733813762664795,17.061103919715528,7.35934512636038,1.3459573896054906,0.484032367018028,2.303847969361696
3,1771109763013,1771109766233,0,-0.09924046893914541,-0.12103974024454753,0.033220283190409344,0.5745327614260716,0.807779572223913,0.9753022022474963,1.2373487949371338,1.8620424270629885,2.112605571746826,-1.5185630321502686,-1.729034423828125,-1.8733813762664795,15.520285443962731,7.656952060438773,1.2575437796316897,0.5695154915843921,2.303847969361696
3,1771109764100,1771109767371,0,0.04198065896828969,-0.06849018732706706,0.19968103170394896,0.5250014364865359,0.7809318842772899,1.0271466728947538,1.2373487949371338,1.8620424270629885,2.112605571746826,-0.949802577495575,-1.729034423828125,-1.7432032823562622,14.866177130917176,7.597652737924893,1.2699008575390986,0.5658426413730291,2.303847969361696
3,1771109765218,1771109768524,0,-0.0619256724913915,0.04748617808024088,-0.008614039421081545,0.4743810839229933,0.5936740780641538,1.1363960657270618,1.0575194358825684,1.0121679306030271,2.112605571746826,-1.085785984992981,-1.520517349243164,-3.270394802093506,14.991986343121324,7.985595572451289,1.1627638087571202,0.6903750979143275,3.4634526788104023
3,1771109766337,1771109769640,0,-0.0021678785483042425,0.05412848790486654,-0.24874545733133951,0.5071252109184701,0.7241690410669958,1.2654181893830048,1.0575194358825684,1.3771610260009766,2.2316250801086426,-1.085785984992981,-1.520517349243164,-3.270394802093506,17.62816013106861,9.534223822335662,1.3568557287173875,0.7384994581606096,3.4634526788104023
3,1771109767488,1771109770777,0,0.005538230141003926,0.04409290949503581,-0.2470184842745463,0.5214172282549705,0.727104588916187,1.1890899345250252,0.9307197332382202,1.3771610260009766,2.2316250801086426,-1.085785984992981,-1.520517349243164,-3.270394802093506,17.397405920546216,8.818526943982274,1.2891245539738156,0.7486721749717131,3.4634526788104023
3,1771109768640,1771109771911,0,-0.09028650919596354,0.06459929148356118,-0.022668842474619547,0.643520139617407,0.7195368558768247,1.1243637691461084,0.9307197332382202,1.3771610260009766,2.2316250801086426,-1.9949581623077397,-0.971543312072754,-1.9776216745376587,17.553066098394513,8.453222747548464,1.3463323713463402,0.5781106941189889,2.329551353383302
3,1771109769742,1771109773028,0,-0.08238825599352519,-0.014832115173339844,0.03196696043014526,0.6762298307920779,0.6979960070706095,1.0788309593529533,0.9307197332382202,1.6655311584472656,1.8292362689971924,-1.9949581623077397,-1.1196308135986328,-2.316633462905884,17.30460558472886,8.194342110270368,1.3017372545511707,0.6030890797789235,2.779171357377408
3,1771109770902,1771109774163,0,-0.16698922117551168,0.12336692810058594,-0.07806862990061442,0.6927305668191606,0.7370466525432073,1.0352047862973763,1.287609577178955,1.6951580047607422,1.8292362689971924,-1.9949581623077397,-1.1196308135986328,-2.316633462905884,17.40087580205257,8.270658835040768,1.3170447268108392,0.5926529845583435,2.779171357377408
3,1771109772026,1771109775298,0,-0.028236757715543112,0.16522569656372071,-0.15676936308542888,0.5910243851316526,0.8555495399073353,1.0243184984756388,1.287609577178955,1.6951580047607422,1.8292362689971924,-0.9287575483322144,-1.327408790588379,-2.316633462905884,17.510849284963356,7.99710927900398,1.3159473835429119,0.6273444965469392,2.779171357377408
3,1771109773167,1771109776434,0,0.006275211771329243,0.11826324462890625,-0.05227824846903483,0.523736354121683,0.859435368461628,0.8585100828898402,1.287609577178955,1.6951580047607422,1.590135097503662,-0.9088618755340576,-1.5443220138549805,-2.147277593612671,15.939985718667538,8.19707503106396,1.1918232154110406,0.5457853050905377,2.2145737833589005
3,1771109774265,1771109777569,0,0.059583036104838054,-0.0372937838236491,-0.051801915963490805,0.4460579594771827,0.9802517635921104,1.0684072728893221,1.1163856983184814,1.64923095703125,1.7813594341278076,-0.9930132627487184,-2.1964731216430664,-2.147277593612671,17.263256758567305,8.770499048706311,1.3790943708693366,0.584601189528767,2.46234587957057
3,1771109775401,1771109778704,0,0.15439705550670624,0.07231731414794922,-0.06632751226425171,0.4625163623488844,1.0441872858442993,1.0937353967950505,1.427535057067871,2.254887580871582,1.813737630844116,-0.9930132627487184,-2.1964731216430664,-1.9019038677215576,16.05807014132982,9.589855910365781,1.4101530687183923,0.6913938780999935,2.8052371494169606
3,1771109776534,1771109779872,0,0.07819911638895669,0.06829071044921875,-0.10531890392303467,0.5220793648829135,1.03119903029156,1.1551419011959232,1.427535057067871,2.254887580871582,1.813737630844116,-0.9930132627487184,-2.1964731216430664,-1.9019038677215576,15.616901373668584,8.02160104395722,1.4874625873300507,0.6356700975242731,2.8052371494169606
3,1771109777690,1771109781023,0,-0.04538895388444264,0.3117802302042643,-0.3554025530815125,0.6129261114954887,1.02838852183848,1.1324385119361022,1.427535057067871,2.254887580871582,1.813737630844116,-1.290640354156494,-1.414107322692871,-2.4258604049682617,16.04935626764773,8.54624310473972,1.535759029401291,0.7135472260216649,2.8052371494169606
3,1771109778822,1771109782161,0,-0.14810742884874345,0.4138033866882324,-0.4192182699839274,0.5243034471328454,0.9170697549118242,1.0659274553521134,0.9693262577056884,2.192588806152344,1.7616995573043823,-1.290640354156494,-1.256575584411621,-2.4258604049682617,14.968063109431876,7.682514934612667,1.4844147173728033,0.5952118650637639,2.6516981083679076
3,1771109779992,1771109783295,0,-0.09226707518100738,0.5251015027364095,-0.4987336993217468,0.5263964481672679,0.8353334729561159,1.0810293453835866,0.9990902543067932,2.192588806152344,2.5350489616394043,-1.290640354156494,-1.160932540893555,-2.4258604049682617,15.777642643784711,8.00186506234332,1.4655175924212016,0.6877910507464204,2.9618269596087816
3,1771109781157,1771109784431,0,-0.11329774856567383,0.34552157719930016,-0.35640546480814617,0.46987507107571364,0.7916667529413376,1.1015690373385616,0.9990902543067932,1.8031883239746092,2.5350489616394043,-0.9993449449539183,-1.1610393524169922,-2.125719785690308,15.181312521310433,7.912642161983032,1.3707291630042717,0.6208631579397467,2.9618269596087816
3,1771109782277,1771109785565,0,-0.08429880837599436,0.2072898228963216,-0.030870612462361655,0.5756924235245585,0.7068519505632677,1.39365523425052,1.1138912439346311,1.3183298110961914,3.0161783695220947,-0.9993449449539183,-1.1610393524169922,-2.125719785690308,17.986993443215542,8.710954907416834,1.4661557497825592,0.7761359761688618,3.235845507669847
3,1771109783396,1771109786682,0,-0.15687052607536317,0.12671225865681965,0.11745897928873698,0.5883351629653567,0.6724038306011324,1.3289896826407863,1.1138912439346311,1.3183298110961914,3.0161783695220947,-0.9993449449539183,-1.1610393524169922,-2.125719785690308,17.73522488935704,9.347142256490695,1.4458639333477528,0.6769107693911979,3.235845507669847
3,1771109784545,1771109787817,0,0.05830855369567869,0.03031915028889974,0.23841695388158163,0.6810527909311326,0.5696892254309371,1.424202130033462,1.2914942502975464,1.3183298110961914,3.0161783695220947,-0.8418881893157959,-1.1266250610351562,-2.704312801361084,18.862656683630448,9.952089194900639,1.5043724944875534,0.7340472999944653,3.235845507669847
3,1771109785680,1771109789003,0,0.14716064681609473,-0.03467445373535157,0.035204259554545085,0.6995736530720303,0.6645178909710109,1.2971975838493242,1.2914942502975464,1.2821731567382812,2.8170323371887207,-0.8418881893157959,-1.613276481628418,-2.704312801361084,17.237370933362723,8.444687970039539,1.4685771583663298,0.6383958684819626,3.1050896475342573
3,1771109786800,1771109790199,0,0.12215194950501124,0.11793222427368164,-0.07485979398091634,0.7035279173352974,0.7908957479199064,1.4015367587865064,1.2914942502975464,1.4095745086669922,2.8170323371887207,-1.1583503484725952,-1.613276481628418,-2.704312801361084,17.63640489548772,7.388806103133488,1.5806398002799507,0.7319963653345978,3.1050896475342573
3,1771109787917,1771109791272,0,0.11208829383055369,0.2094697634379069,-0.1024488091468811,0.5516994101651786,0.8596494849170789,1.2598185676673954,1.2600126266479492,1.4095745086669922,2.77101469039917,-1.1583503484725952,-1.613276481628418,-2.871283531188965,15.565495069889229,5.992683756137698,1.448699949040873,0.7270873445868077,3.0608199537055656
3,1771109789120,1771109792396,0,0.024966465433438625,0.1395472526550293,-0.020556863149007162,0.575191152166051,0.9595428872578489,1.2478234524103535,1.1969038248062134,1.862059593200684,2.482302188873291,-1.1583503484725952,-1.672407150268555,-2.871283531188965,17.674324136359058,9.64004215867745,1.4996662267281964,0.7094414822230863,3.0608199537055656
3,1771109790256,1771109793529,0,-0.024613396823406186,-0.0931195259094238,0.02689920266469321,0.682080892846531,0.9868799694939053,1.3373070422553455,1.1969038248062134,1.862059593200684,2.151266574859619,-1.838836669921875,-2.0282583236694336,-3.086011409759521,19.150846463417963,11.007940581371692,1.603568458350611,0.7601316748057076,3.5944253006367837
3,1771109791388,1771109794649,0,-0.12087241411209107,-0.06280927658081052,0.22916327317555746,0.6730268948225293,1.021831306621691,1.2719292546749175,1.1969038248062134,1.862059593200684,2.151266574859619,-1.838836669921875,-2.0282583236694336,-3.086011409759521,18.952726560469397,10.91861984916356,1.5916089351794713,0.7535640259851726,3.5944253006367837
3,1771109792507,1771109795777,0,-0.1189689040184021,0.04219627380371093,0.14867152770360312,0.6507463198634915,0.8911681776962961,1.31721970420896,1.0173637866973877,1.4840850830078125,2.565146923065185,-1.838836669921875,-2.0282583236694336,-3.086011409759521,17.68522667506236,10.175235235825463,1.5052738253951412,0.8050380120753279,3.5944253006367837
3,1771109793642,1771109796901,0,-0.15357781847318014,-0.018033361434936522,0.2315971811612447,0.5704536517713376,0.8672150639034925,1.1210783569813638,1.0173637866973877,1.4840850830078125,2.565146923065185,-1.2581911087036133,-1.85269832611084,-1.6066726446151731,16.65185911805029,9.305439320933694,1.384227724569233,0.6575411567562129,2.744614219459113
3,1771109794800,1771109798033,0,-0.10358957648277282,0.015412187576293939,0.13594046036402385,0.648217043116284,0.8682620384665805,1.0952135603550106,1.050156593322754,2.0631542205810547,2.565146923065185,-1.2581911087036133,-1.85269832611084,-1.8024327754974363,17.395580295611225,9.043900927225193,1.4026274990961292,0.6073027312452518,2.744614219459113
3,1771109795879,1771109799177,0,-0.06989634136358897,-0.16736318270365397,0.054106465975443524,0.5745591998697683,0.9993197664527868,1.0349199956347004,1.050156593322754,2.15291690826416,1.6824331283569336,-1.2559261322021484,-2.084439277648926,-1.9384883642196653,17.452691378147566,9.867015804558164,1.4080114952674125,0.6213035383609969,2.900935188668435
3,1771109797015,1771109800288,0,-0.0060935844977696735,0.03315099080403646,-0.09024010300636291,0.5764449295689588,0.9412546801110366,1.0291671500441473,1.050156593322754,2.15291690826416,1.958367943763733,-1.2061488628387451,-2.084439277648926,-1.9384883642196653,17.415394904551007,10.531937802923308,1.3460498286949962,0.6424218203860741,2.900935188668435
3,1771109798175,1771109801439,0,-0.010112459460894266,-0.14248488744099935,-0.1470588207244873,0.551748217930884,0.8554362231742993,1.0088640320730566,0.8883004188537598,2.15291690826416,1.958367943763733,-1.2061488628387451,-2.084439277648926,-1.9384883642196653,16.849648084979925,10.588174764428773,1.274149415715774,0.6465645306233033,2.900935188668435
3,1771109799271,1771109802573,0,-0.06398190557956696,-0.01703189214070638,-0.06662309169769284,0.6024359601472089,0.8040794735035192,0.9588661830612702,1.1181055307388306,1.3212394714355469,1.958367943763733,-1.2061488628387451,-1.6303949356079102,-1.7888699769973757,16.300527087540726,8.574105010217433,1.2514211527991792,0.5638856930314777,2.442970634721198
3,1771109800404,1771109803707,0,-0.04931905468304952,0.07626746495564779,-0.17325215538342792,0.5554714820793527,0.8065496966903243,0.8782895171877474,1.1181055307388306,1.3212394714355469,1.6878750324249268,-1.0010535717010498,-1.6303949356079102,-1.6754603385925293,14.626841929130428,7.017555406749265,1.1910459616257587,0.5500372370663386,2.191057573770806
3,1771109801557,1771109804827,0,-0.02645763506491979,0.08977038065592445,-0.07310324112574258,0.5384290506710367,0.8921235546698123,0.9806338574976456,1.1181055307388306,1.8747491836547847,1.7938551902770996,-0.966938614845276,-1.6303949356079102,-1.6754603385925293,15.69787731131923,8.148741477345366,1.3013680148188693,0.5568346891851758,2.2307420561588955
3,1771109802690,1771109805929,0,0.03181249896685283,-0.014716402689615922,0.16339327891667685,0.5080454766618311,0.8642483295162743,1.1288462225452667,1.2651046514511108,1.8747491836547847,2.574857473373413,-0.966938614845276,-1.2513246536254885,-1.6754603385925293,16.44654952060031,9.18179331905879,1.3915340559496756,0.5523402987066731,2.8343355097412295
3,1771109803811,1771109807030,0,0.12321063801646233,-0.14490327835083008,0.5676713744799297,0.5276857009403166,0.9558026829988304,1.0388499195275758,1.2651046514511108,1.908380508422852,2.574857473373413,-0.7298454642295837,-1.7263879776000977,-1.623518943786621,18.832826057064924,9.017728159359864,1.489624426645608,0.5886517007875751,2.8343355097412295
3,1771109804928,1771109808147,0,0.12029233947396278,0.12199465433756511,0.5813046296437582,0.5066070145059148,0.9319746039254826,1.1563539655395538,1.2651046514511108,1.908380508422852,2.574857473373413,-0.7298454642295837,-1.7263879776000977,-1.623518943786621,19.61760276184282,9.827076145844323,1.5340422274416134,0.6386555559582139,2.8343355097412295
3,1771109806046,1771109809267,0,0.05460098733504613,0.14771509170532227,0.2645788590113322,0.5017158637013381,0.9315526090906227,1.164939342210249,1.0739984512329102,1.908380508422852,2.569725275039673,-0.9739798307418824,-1.97542667388916,-1.419505596160889,17.79377135551607,9.416061055097911,1.4238921849544826,0.6908568034208069,2.6479838164209752
3,1771109807174,1771109810387,0,-0.02333308557669323,0.26727962493896484,0.09608091910680133,0.4850015249887994,0.8408924245529624,1.2002449406413784,0.8820239901542664,1.7648496627807615,2.569725275039673,-0.9739798307418824,-1.97542667388916,-1.419505596160889,18.02650288106797,9.167920772174703,1.424367525972616,0.6067512490873636,2.605613019453395
3,1771109808266,1771109811552,0,-0.060814964274565377,0.042065016428629566,0.002445626258850098,0.6053569014872975,0.8282304545234956,1.0866647289807008,1.1661653518676758,1.7457027435302734,2.4946274757385254,-1.446873903274536,-1.97542667388916,-1.419505596160889,17.641764626912234,7.258739893820045,1.3790594384337747,0.521096098547722,2.539699919700807
3,1771109809385,1771109812588,0,-0.08909056819975376,0.16449254353841145,-0.035980355739593475,0.5947305123785898,0.8675974450967351,1.1255745413577134,1.1661653518676758,1.7462682723999023,2.225471258163452,-1.446873903274536,-1.5714454650878906,-2.163854122161865,20.684089578567516,8.795265051688514,1.456881980948997,0.4638897436751579,2.2884388620294627
3,1771109810504,1771109813688,0,-0.0950555872172117,0.02514362335205078,-0.14937371015548703,0.5860115341823734,0.8668629268955268,1.1066820010300529,1.1661653518676758,1.7462682723999023,2.225471258163452,-1.446873903274536,-1.5714454650878906,-2.163854122161865,19.92144435614623,8.776868593509112,1.4210288673421858,0.5135504576082642,2.2884388620294627
3,1771109811605,1771109814826,0,-0.09279561700920264,0.009195454915364583,-0.24047064383824665,0.5062254152399674,0.9152030422354057,1.0318863128418445,0.9474698305130004,1.7462682723999023,1.6880621910095217,-1.05681574344635,-1.5714454650878906,-2.163854122161865,18.002100337940607,8.558755826912657,1.3681060651964052,0.5396384280788459,2.252129654328428
3,1771109812708,1771109815964,0,-0.12265091265241305,0.12117500305175781,-0.16399883429209391,0.5794653822974997,0.883098011594185,0.9712441437408724,1.1120009422302246,2.131837844848633,1.5202805995941162,-1.11773681640625,-1.332439422607422,-1.9083144664764404,16.159439129720873,6.3621773391387775,1.3428324398364992,0.5021492952412664,2.2035048445281378
3,1771109813807,1771109817111,0,-0.15317341114083927,0.061831458409627275,-0.33656773567199705,0.6423451375115424,0.8842531739970171,1.0784795961901195,1.249042510986328,2.131837844848633,1.5202805995941162,-1.27057147026062,-1.6738886833190918,-2.6654281616210938,15.778759333287299,5.755544226728062,1.43583557337744,0.6085433324005523,3.3942248702681383
3,1771109814941,1771109818230,0,-0.20551376566290855,0.11122517585754395,-0.4752972404162089,0.5930475001368695,0.8705049978495901,1.0863988246294487,1.249042510986328,2.131837844848633,1.5202805995941162,-1.27057147026062,-2.0149049758911133,-2.6654281616210938,17.65058467989994,7.133533848249172,1.4625000984154923,0.6060297718282971,3.3942248702681383
3,1771109816079,1771109819347,0,-0.02806166137258211,-0.1526040554046631,-0.421990434328715,0.6910231224399376,0.7983118277271944,1.1596707758863896,1.4717873334884644,1.290151596069336,2.067357063293457,-1.27057147026062,-2.0149049758911133,-2.6654281616210938,18.11750912792177,6.525680219701414,1.4594703973279641,0.682106431490431,3.3942248702681383
3,1771109817225,1771109820467,0,0.053262179841597874,0.002602068583170573,-0.28419313828150433,0.7028658616677945,0.863503494097601,1.078742400669066,1.4717873334884644,1.6642570495605469,2.067357063293457,-1.1664910316467283,-2.0149049758911133,-2.271567821502685,19.34781576213512,9.424775735804081,1.446160517944269,0.5712613405245227,2.478292214144401
3,1771109818346,1771109821617,0,0.16649979228774706,0.15203590393066407,-0.008713746070861814,0.8986625377314418,0.7992911894759619,1.0849975005823238,1.4717873334884644,1.6642570495605469,2.067357063293457,-2.1090402603149414,-1.397308349609375,-1.8561280965805051,18.237540857848252,9.055279363757522,1.5172207178711596,0.5431504333714109,2.478292214144401
3,1771109819448,1771109822736,0,-0.026286675532658895,0.1364765167236328,-0.15610955158869425,0.9774276281973058,0.8261867227760058,1.0724777116943778,1.427086591720581,1.6642570495605469,1.451359748840332,-2.1090402603149414,-1.467206954956055,-1.8561280965805051,17.978320673482227,8.913300466002545,1.5927351464962338,0.4572416117122736,2.572881540456015
3,1771109820585,1771109823822,0,0.010392662882804871,0.025107065836588543,0.1267820556958517,1.1429712102247374,0.7460814817804441,1.1625840147626585,2.264965295791626,1.3580121994018557,2.006394386291504,-2.1090402603149414,-1.467206954956055,-1.7654318809509275,20.703921920181603,8.982188567248437,1.6984009387128292,0.49797651681358635,2.572881540456015
3,1771109821719,1771109824939,3,-0.07772575914859772,-0.09707371393839519,0.10102698802948001,1.025397762703583,0.7275339362321287,1.1106579187296248,2.264965295791626,1.0803537368774414,2.006394386291504,-2.003408670425415,-1.467206954956055,-1.7654318809509275,20.712174073696215,9.088725109204079,1.558551298385222,0.5727301895278246,2.572881540456015
3,1771109822838,1771109826059,3,-0.07448632667462031,-0.14222148259480794,0.48561304410298667,0.8867892543317935,0.6929665181972966,1.022685057603652,2.264965295791626,1.0803537368774414,2.1180307865142822,-2.003408670425415,-1.5074396133422852,-1.7654318809509275,19.87939016750405,9.077606717139469,1.4460404109927556,0.6480438005675245,2.6006007329387946
3,1771109823922,1771109827192,3,-0.07770941108465194,-0.21191569964090984,0.599154257774353,0.5982365496258899,0.7836694814142393,0.972102974547585,1.0952630043029783,1.0832843780517578,2.634636402130127,-0.9213097095489502,-1.5526237487792969,-1.2547590732574463,16.204571520956865,6.740617373810134,1.3788135817299578,0.6118778323689907,2.922893769620338
3,1771109825057,1771109828312,3,0.08228080024321874,0.0255545457204183,0.47222900390625,0.5677312530124141,0.9697546804441303,1.1030215731815673,1.0028709173202517,2.049992561340332,2.634636402130127,-0.8617814779281616,-1.5526237487792969,-2.1089115142822266,15.957443754363998,8.101881238576398,1.4645899280580936,0.7062425559384499,2.9539922389611353
3,1771109826185,1771109829449,3,0.1735023895899455,0.19643034934997558,0.2668113946914673,0.46704789372793276,0.9011298376762839,1.0901845500362497,1.0028709173202517,2.049992561340332,2.634636402130127,-0.8617814779281616,-1.5526237487792969,-2.1089115142822266,14.443772642620088,8.5020594425591,1.354728601906942,0.6817589322339654,2.9539922389611353
3,1771109827294,1771109830584,3,0.1354022006193797,0.3604056676228841,0.04678479035695394,0.38642589640186525,0.7432480207232133,0.9051548925440902,0.8943617343902588,2.049992561340332,1.3903090953826904,-0.7652724385261536,-0.7204504013061523,-2.1089115142822266,12.926880036913293,7.431478098906349,1.1166698500856609,0.6218517711840867,2.9539922389611353
3,1771109828416,1771109831716,0,-0.0474447637796402,0.13823782602945964,0.08390835920969646,0.27627507566602183,0.5355869644530097,0.7541366199598897,0.6053228378295898,1.5090084075927734,1.3903090953826904,-0.7652724385261536,-0.7204504013061523,-1.724670648574829,10.736850789507782,5.248757579496129,0.8691738852895412,0.42399330956720555,1.745199173981051
3,1771109829564,1771109832852,0,-0.09893401761849721,0.1554375966389974,-0.08648893833160401,0.2642844385452384,0.443027292456804,0.6077753510246002,0.6053228378295898,1.5090084075927734,0.8688838481903076,-0.7652724385261536,-0.6306438446044922,-1.468022346496582,9.206045804716613,5.528179895027472,0.7054134348214749,0.40447623206536376,1.630411228041471
3,1771109830702,1771109833988,0,-0.08558912078539531,0.07515490849812825,-0.08569367329279581,0.2269900861695511,0.3537045931703763,0.5297378922463672,0.4775205850601196,0.7502651214599609,0.8105530738830566,-0.6375266313552856,-0.4544830322265625,-1.4363324642181396,7.424467140038021,3.9299560855943025,0.6000138199380962,0.3253313375625566,1.5258561042861374
3,1771109831842,1771109835107,0,0.007252682248751319,0.032516193389892596,0.01780284643173219,0.2784849556671073,0.3821232071065791,0.4728232700412255,0.5370804667472839,0.8128223419189453,0.924959659576416,-0.436049610376358,-0.6150760650634766,-0.9542288780212402,7.778955183474822,3.817109657412443,0.6060252629033258,0.2620666371759936,1.0414331421642318
3,1771109832968,1771109836224,0,0.05208857655525207,-0.006492614746093744,0.18860941330591838,0.3366038900445345,0.36591565856864655,0.4952027036958472,0.5750194191932678,0.8128223419189453,1.0403008460998535,-0.7545552849769592,-0.6150760650634766,-0.6674635410308838,8.517999504739956,3.0907615567942957,0.6610322835256657,0.282915787971115,1.1648997689478076
3,1771109834102,1771109837325,0,0.05592887401580811,0.0258270263671875,0.17117899258931477,0.3200036877662186,0.36962618328291796,0.5034671711803778,0.5750194191932678,0.8128223419189453,1.0403008460998535,-0.7545552849769592,-0.6150760650634766,-0.8275794982910156,8.352110174447665,3.344720028713407,0.6522387789317082,0.29437859052864074,1.1648997689478076
3,1771109835218,1771109838443,0,-0.01831725885470707,0.06779003143310547,0.11265955368677776,0.2857885860574466,0.2733795887354782,0.49288321308013283,0.5750194191932678,0.5533123016357422,1.0403008460998535,-0.7545552849769592,-0.5215311050415039,-0.8416687250137329,7.040242386888911,2.792062561714675,0.5601734924214069,0.3048957567136327,1.1648997689478076
3,1771109836339,1771109839611,0,-0.0396052668491999,0.07369597752888997,-0.030273306369781497,0.20714894377031176,0.2592780253316044,0.4188609372329224,0.3809227645397186,0.5533123016357422,0.9047870635986328,-0.4351158440113067,-0.5215311050415039,-0.8692851066589355,5.564048900347802,2.7593048742735484,0.47369126469823186,0.24829137851305372,1.053090513457617
3,1771109837441,1771109840733,0,-0.03794642388820648,0.061864757537841784,-0.1488669554392497,0.23609694050644528,0.1944802000561171,0.448524712857994,0.3809227645397186,0.4399747848510742,0.5934648513793945,-0.5281615853309631,-0.2894849777221679,-1.2244528532028198,6.026682330021846,3.250787935398838,0.48457989571147425,0.28319296746459127,1.327325368526403
3,1771109838561,1771109841849,0,-0.03901726305484772,0.022697448730468743,-0.3795757373174032,0.22206726421078815,0.17479277091853748,0.48683795593097495,0.3809227645397186,0.3894414901733398,0.4375214576721191,-0.5281615853309631,-0.2894849777221679,-1.4042388200759888,5.805009740906286,3.55615717220403,0.5860936220293996,0.33567921814047014,1.4411128827357138
3,1771109839727,1771109842981,0,-0.0210055852929751,0.04093694686889648,-0.285348105430603,0.2267671893621685,0.17631742503811165,0.6864479429069148,0.3730286657810211,0.3894414901733398,1.2761623859405518,-0.5281615853309631,-0.2894849777221679,-1.4042388200759888,7.322636279654621,4.259137930234043,0.7145208999484736,0.33466153495277184,1.4411128827357138
3,1771109840847,1771109844133,0,0.012999067952235535,0.005648104349772128,-0.012500170866648357,0.1941446600898404,0.2087499359019282,0.7690198536392712,0.3997312188148498,0.3894414901733398,1.3821760416030884,-0.2990013062953949,-0.5498008728027344,-1.4042388200759888,6.668948968288727,4.830636978643594,0.7416272005249416,0.3225722682455401,1.4411128827357138
3,1771109841968,1771109845252,0,0.06356619174281755,-0.04891217549641927,0.2570422013600667,0.19336685427219474,0.25088869782966283,0.5819565984701321,0.3997312188148498,0.3093833923339844,1.3821760416030884,-0.2507838606834411,-0.5917282104492188,-0.9070900082588196,6.58165119893546,4.600403086713662,0.6339637488259346,0.31343937913705916,1.419944001768793
3,1771109843086,1771109846389,0,0.04484122668703396,-0.09849971135457357,0.2542568604151408,0.19639187344955644,0.23439427822682402,0.408980657050935,0.3997312188148498,0.2597360610961914,1.3821760416030884,-0.2765033543109894,-0.5917282104492188,-0.4279308319091797,5.0606403448449235,3.66568657222915,0.513647799993238,0.2585273681107077,1.419944001768793
3,1771109844233,1771109847505,0,-0.0001395036776860666,-0.05403477350870768,-0.01746704975763956,0.20083666141507084,0.2113193750729141,0.3822656552849365,0.3607286512851715,0.3754510879516601,0.6275501251220703,-0.3340305685997009,-0.5917282104492188,-0.8996021747589111,4.857305076049633,2.752298073932663,0.4385146106656173,0.18848984751058825,0.9657571841906422
3,1771109845368,1771109848655,0,-0.02354684074719747,0.015619214375813798,-0.13431437810262045,0.16699992449030265,0.14585154647357193,0.37313745463128006,0.2392966747283935,0.3754510879516601,0.6275501251220703,-0.3340305685997009,-0.4546947479248047,-0.8996021747589111,4.217320989866532,2.741736551223394,0.4050670353173201,0.19530585417853022,0.9657571841906422
3,1771109846503,1771109849775,0,-0.036643555387854576,0.03846092224121092,-0.23864331245422363,0.15384017801489244,0.11667774204368071,0.30445181644555364,0.2392966747283935,0.3754510879516601,0.6275501251220703,-0.3340305685997009,-0.220005989074707,-0.8996021747589111,4.030523209553012,2.627007732095587,0.3793715576826507,0.20717026666113575,0.9657571841906422
3,1771109847621,1771109850876,0,-0.04053967855870722,0.05237197875976561,-0.13783837954203287,0.1886726644007311,0.11947959602283989,0.4349714480274134,0.2471584677696228,0.3080978393554687,0.9944223165512084,-0.5836039185523987,-0.220005989074707,-0.7574406862258911,4.964258866374158,4.065504523274954,0.44505175889391885,0.2415862499128996,1.0303979280572304
3,1771109848756,1771109851996,0,-0.011993123032152641,0.03614908854166666,-0.0557216207186381,0.20887547348162072,0.14696866159409752,0.540687857269624,0.3315898478031158,0.4008026123046875,1.1225783824920654,-0.5836039185523987,-0.2381772994995117,-0.858077883720398,5.882735280054724,4.411813155996486,0.5136366026184411,0.2989394541107734,1.2009286135454462
3,1771109849875,1771109853114,0,0.054642771867414314,0.027232996622721346,0.17091540098190308,0.22919140327286186,0.23085792567975508,0.5610598271515126,0.3315898478031158,0.5553121566772461,1.1225783824920654,-0.5836039185523987,-0.6829319000244141,-0.858077883720398,6.9167530899387994,4.273369907059076,0.6106822867070075,0.2624785536393525,1.2009286135454462
3,1771109850993,1771109854230,0,0.09294896169255176,-0.01764071782430014,0.25884222189585365,0.2104607861978713,0.24402679567376154,0.44722889879541355,0.5916635394096375,0.5553121566772461,1.1225783824920654,-0.3733490109443664,-0.6829319000244141,-0.858077883720398,5.8668589906034665,3.0763588782888704,0.5542957416418575,0.25413990494370176,1.2009286135454462
3,1771109852112,1771109855334,0,0.08604534715414047,-0.01141885121663412,0.25772178173065186,0.20667920795068545,0.2486684236815288,0.3314301442163993,0.5916635394096375,0.5553121566772461,0.7530473470687866,-0.3733490109443664,-0.6829319000244141,-0.7423462867736816,5.464976139903478,2.7607643571689438,0.4944998552791852,0.19478427037746054,0.8143437413550144
3,1771109853228,1771109856484,0,0.05027989943822224,0.023572254180908202,0.0933212955792745,0.21755484113132353,0.19586903551923018,0.4062812528799067,0.5916635394096375,0.3832578659057617,0.9728454351425172,-0.3733490109443664,-0.3034791946411133,-0.7636829614639282,5.762253326878573,3.654180110129565,0.45406733133461963,0.22287164671845167,0.9948075052604076
3,1771109854346,1771109857619,0,0.05126458133260408,0.06547842025756836,0.02949229081471761,0.257218871449689,0.18966249661941204,0.5002792261993101,0.546247661113739,0.4415311813354492,1.1225347518920898,-0.4860708713531494,-0.2178335189819336,-1.0916748046875,6.9002398328556565,4.241712743677495,0.5093384958972998,0.30347163152007217,1.2204644001052465
3,1771109855450,1771109858736,0,0.024873305733005214,0.04874814351399739,-0.03827614386876424,0.2765988952133987,0.18159191922569992,0.6061342303440576,0.546247661113739,0.4415311813354492,1.182863712310791,-0.4860708713531494,-0.2178335189819336,-1.0916748046875,7.814070980071661,4.470847744918166,0.5966082117264652,0.33657095000611537,1.231809413646146
3,1771109856600,1771109859871,0,0.04799240368107955,-0.012586847941080734,0.1596504807472229,0.2678768554748372,0.18666537042657855,0.6268707860383321,0.546247661113739,0.4415311813354492,1.182863712310791,-0.4860708713531494,-0.340555191040039,-1.0916748046875,7.190177598347962,4.0153796742741426,0.6452747706910426,0.31264240901087603,1.231809413646146
3,1771109857735,1771109861007,0,0.017878066872557018,-0.051315116882324235,0.1724031925201416,0.1969376661996337,0.1878765342611072,0.5461884729075759,0.3976365327835083,0.2483463287353515,1.182863712310791,-0.3507730960845947,-0.5069208145141602,-0.9015344381332396,5.966879165265384,3.5164564042398148,0.5602984255668634,0.2853887062702181,1.231809413646146
3,1771109858888,1771109862141,0,0.046451473236084,-0.053495724995930985,0.29491912126541137,0.20618769003389142,0.19026018310145953,0.3714060636686964,0.5450584888458252,0.2483463287353515,0.8914108276367188,-0.2907788753509521,-0.5069208145141602,-0.5074737071990967,5.223166528849621,2.5900330804223,0.49404010840545803,0.24358131990762846,0.960082861261171
3,1771109859988,1771109863246,0,0.04359326163927715,-0.006462319691975906,0.19759527444839478,0.19580214387660494,0.23909313380318525,0.3204772569598064,0.5450584888458252,0.411386489868164,0.7473196983337402,-0.2907788753509521,-0.5069208145141602,-0.5074737071990967,5.2540262025983155,2.306304997239354,0.44152393708062593,0.19734093192361074,0.8279489068576766
3,1771109861169,1771109864396,0,0.11095612893501917,0.06822624206542967,0.16653356154759724,0.2236771483780094,0.2215429123275842,0.3292420256514072,0.6071499586105347,0.411386489868164,0.7314621210098267,-0.2907788753509521,-0.4756546020507812,-0.6847841739654541,5.27729839782584,2.232060479915542,0.4577694843053049,0.19228897391742014,0.8279489068576766
3,1771109862241,1771109865546,0,0.09886658688386281,0.11563994089762367,0.006143458684285484,0.21564501003869238,0.22980801135015033,0.4227568275466805,0.6071499586105347,0.4791908264160156,0.6761131286621094,-0.2598471939563751,-0.4756546020507812,-1.069460153579712,5.550245733884571,1.8920152857349544,0.4990428163607845,0.2106912454354834,1.1363538496070489
3,1771109863358,1771109866679,0,0.025773472587267563,0.08712968826293946,-0.11160902579625448,0.24297393448533622,0.19997201579297855,0.4227880130815522,0.6071499586105347,0.4791908264160156,0.892749547958374,-0.455201506614685,-0.342782974243164,-1.069460153579712,5.382343176219975,2.6849555193163144,0.48264253668483453,0.24129884183344824,1.1363538496070489
3,1771109864511,1771109867804,0,0.0014002859592437864,0.03380908966064453,-0.09460421800613403,0.2163833936904468,0.2084924702238249,0.42581025621892943,0.4352962672710418,0.4791908264160156,0.892749547958374,-0.455201506614685,-0.342782974243164,-1.069460153579712,5.372256235452779,2.653227813114871,0.466304316343227,0.23897844418315117,1.1363538496070489
3,1771109865649,1771109868936,0,0.019006463885307343,0.01950693130493164,0.05501047372817993,0.24662586686256546,0.20483442835357085,0.38008296190505025,0.6143726706504822,0.405858039855957,0.892749547958374,-0.455201506614685,-0.342782974243164,-0.4998244047164917,5.4167599864988745,2.7117343501482822,0.4477295681860271,0.20920832852339502,0.9533966294916909
3,1771109866780,1771109870072,0,0.06426343123118085,0.027909564971923834,0.11550400257110596,0.2204835806190507,0.21224726071264893,0.35540947943090906,0.6143726706504822,0.405858039855957,0.6730935573577881,-0.3029168844223022,-0.4200305938720703,-0.6143572330474854,5.54022646550018,2.3100009963062353,0.44600988042231127,0.18185909785170007,0.9533966294916909
3,1771109867914,1771109871229,0,0.034948297341664644,-0.003154150644938138,0.18673131068547566,0.24152495743761018,0.2289923792177149,0.3991769896390348,0.6143726706504822,0.405858039855957,1.01263165473938,-0.3654490411281585,-0.4200305938720703,-0.6143572330474854,5.859737876407423,2.638385598750316,0.502252634299908,0.21564455176578737,1.0778442666929222
3,1771109869052,1771109872290,0,0.028068832556406666,-0.060248947143554686,0.23789019187291463,0.2189942586547557,0.20651748098152717,0.4059175743579768,0.4994375109672546,0.3608675003051758,1.01263165473938,-0.4907397031784057,-0.4200305938720703,-0.6143572330474854,5.205910379429053,2.7914596350820964,0.49646887242532317,0.252011210329811,1.0778442666929222
3,1771109870187,1771109873426,0,0.019582012295722963,-0.09672568639119465,0.260313081741333,0.22980066089271284,0.186756624427462,0.38580711916218063,0.4994375109672546,0.3608675003051758,1.01263165473938,-0.4907397031784057,-0.3788967132568359,-0.4406318664550781,4.990565934857926,2.8930584772203356,0.4952215499830316,0.2510122139320022,1.0778442666929222
3,1771109871305,1771109874509,0,0.03387664953867595,-0.04835583368937175,0.052832647164662676,0.27920755642053047,0.18000329982343583,0.43015257397522666,0.6181238293647766,0.257817268371582,0.8442103862762451,-0.6815304756164551,-0.3788967132568359,-0.8915591239929199,4.900372924854921,2.800343849948367,0.4818076641405675,0.24847441902160466,1.1245388572385784
3,1771109872404,1771109875627,0,-0.035137574871381125,0.012815984090169274,-0.21111098925272623,0.38820912714360045,0.18969733999104682,0.4176789412035514,0.6181238293647766,0.4620561599731445,0.5657224655151367,-0.8158627152442932,-0.3788967132568359,-0.8915591239929199,5.685017908725956,2.9358454941832615,0.5759396212159624,0.256035765411871,1.191327410838572
3,1771109873540,1771109876744,0,0.011020566026369728,0.06149295171101888,-0.33607166608174643,0.39933073892351656,0.17816746874664724,0.2910706917025716,0.6181238293647766,0.4620561599731445,0.2123894691467285,-0.8158627152442932,-0.219390869140625,-0.8915591239929199,5.595119434422376,2.696622642066842,0.5684769362964542,0.24999471590292027,1.191327410838572
3,1771109874624,1771109877890,0,-0.004051851232846581,0.08095550537109375,-0.38261744181315105,0.3449510761714385,0.17107533987320417,0.28161815358031067,0.6055353283882141,0.4620561599731445,0.2123894691467285,-0.8158627152442932,-0.1816730499267578,-1.0669394731521606,4.977388145377472,2.5766337009816014,0.5558119504731169,0.25734848589642445,1.191327410838572
3,1771109875743,1771109878997,0,0.054875033597151436,0.08766689300537107,-0.27109318574269614,0.19506268609225064,0.14372283265792118,0.3148429242695913,0.4780211448669433,0.3569726943969726,0.2985810041427612,-0.222871646285057,-0.1816730499267578,-1.0669394731521606,4.024334966983359,2.1446852046376144,0.44790352261802213,0.19335891751418974,1.0775742258924548
3,1771109876892,1771109880135,0,0.0247799704472224,0.14751091003417968,-0.16653717954953512,0.1800760452132599,0.14110634106233033,0.4937242406326826,0.353995680809021,0.4637708663940429,0.7063503861427307,-0.2654302716255188,-0.2025384902954101,-1.0669394731521606,5.523456639684695,3.717020009359012,0.5350192445968113,0.2276442233775953,1.0775742258924548
3,1771109877982,1771109881230,0,0.06092610458532969,0.1226825714111328,0.22547025084495545,0.18189681747860284,0.19968714651632255,0.6088118632740558,0.3612839877605438,0.4865427017211914,1.6358400583267212,-0.2654302716255188,-0.2877979278564453,-0.9297126531600952,6.2453455700683795,3.877542610225889,0.6470800664240901,0.2871622315203919,1.6455247000234863
3,1771109879157,1771109882374,0,0.09046568920214969,0.07941452662150066,0.4071643849213918,0.1850128813594019,0.2323750358817406,0.512722677405971,0.3629932403564453,0.4865427017211914,1.6358400583267212,-0.294719934463501,-0.3436698913574219,-0.9297126531600952,6.301620910878875,3.695992914053782,0.6693324822864276,0.2723010967454086,1.6455247000234863
3,1771109880249,1771109883519,0,0.04715937773386636,0.03720181783040363,0.3340733905633291,0.21344330577880444,0.2268449259160333,0.49602091384154845,0.3629932403564453,0.4865427017211914,1.6358400583267212,-0.3014369308948517,-0.3448152542114258,-0.7259231805801392,5.579423238114878,2.905492726807771,0.6029853213629238,0.29344566509892833,1.6455247000234863
3,1771109881338,1771109884621,0,0.02735420862833659,-0.02511049906412761,0.2177503526210785,0.21188382424789431,0.21905497903832089,0.40046048937953294,0.3629932403564453,0.3408002853393554,0.814994215965271,-0.3014369308948517,-0.5387020111083984,-0.7259231805801392,4.947256088383407,2.575796602741689,0.5041145429408087,0.20206527073547173,0.8777865272452614
3,1771109882487,1771109885741,0,0.01823161890109381,-0.06238536834716797,0.18752888639767964,0.2087917947075466,0.2346266660877564,0.45303694802724315,0.357691079378128,0.3408002853393554,1.124085545539856,-0.3251600861549377,-0.5387020111083984,-0.7259231805801392,5.978427853251754,3.1533817254030962,0.5299032374053668,0.23271395460382974,1.1937078064767581
3,1771109883621,1771109886909,0,0.039892835418383295,-0.11787789662679037,0.29722857077916465,0.18878030515055877,0.19100542538509346,0.35327190543674136,0.357691079378128,0.3252410888671875,1.124085545539856,-0.3251600861549377,-0.5387020111083984,-0.3537303209304809,4.866991505024619,2.884972876633359,0.49350747957399865,0.22888004505296045,1.1937078064767581
3,1771109884738,1771109888025,0,0.022113563617070512,-0.07774467468261718,0.19304303328196207,0.1857551676969112,0.2040448400446059,0.3756454625748169,0.3609002828598022,0.3252410888671875,1.124085545539856,-0.3251600861549377,-0.4256315231323242,-0.5337784290313721,5.3439269404703955,3.204057909979362,0.45597503842933196,0.2178882678848717,1.1937078064767581
3,1771109885856,1771109889195,0,-0.021428470313549042,-0.04855432510375977,0.06261938412984212,0.17399542697238868,0.1771854847455881,0.3547697998517598,0.3609002828598022,0.1800603866577148,0.9203081130981444,-0.3795364499092102,-0.4208974838256836,-0.6816636323928833,4.70738981914595,2.331378044764145,0.3965579013505713,0.17838184040546423,0.9228146838244629
3,1771109887023,1771109890279,0,-0.020851500829060864,0.012265300750732417,-0.07641711632410687,0.1846613432529843,0.21424919436363762,0.3539827614321042,0.3609002828598022,0.4476709365844726,0.9203081130981444,-0.3795364499092102,-0.4208974838256836,-0.6816636323928833,5.28947451263381,2.3008622488973245,0.41257248135247854,0.18938610318485016,0.9228146838244629
3,1771109888142,1771109891399,0,-0.05696065848072369,0.015945752461751304,-0.11256361802419027,0.20268595164848205,0.2085302771419308,0.3057477892307946,0.3179464936256408,0.4476709365844726,0.5847196578979492,-0.3795364499092102,-0.4463748931884765,-0.6816636323928833,5.209376706277124,1.8045180482949235,0.4012013768153066,0.1681134151564668,0.7172889819403148
3,1771109889278,1771109892516,0,-0.019412709524234125,0.05050452550252279,-0.06933046181996663,0.23001641775962894,0.21126936093912208,0.33820529714634784,0.4079092442989349,0.4476709365844726,0.5945329666137695,-0.3957540392875671,-0.4463748931884765,-0.6283351182937622,5.559903297835344,2.2727898989264115,0.4339701278576051,0.1584357234019286,0.686182847301416
3,1771109890379,1771109893652,0,0.02375312720735867,0.007198143005371088,0.08151004711786905,0.24092463140319753,0.19277372176578905,0.35364554310898294,0.4079092442989349,0.4150676727294922,0.6804516315460205,-0.3957540392875671,-0.4463748931884765,-0.6283351182937622,5.305292719619724,2.234970305387017,0.4420109452628172,0.16022206726988986,0.7097997245796108
3,1771109891520,1771109894803,0,0.08139088451862334,0.024793275197346996,0.13898759682973225,0.2304129493753733,0.18653845193557922,0.3911573635586316,0.4079092442989349,0.4150676727294922,0.8310151100158691,-0.3957540392875671,-0.3894939422607422,-0.6707220077514648,5.498333409486829,2.177011127740729,0.4733522907325627,0.19124489009115245,0.9460332150722183
3,1771109892633,1771109895939,0,0.05040017565091451,0.05414212544759112,0.06736159722010295,0.21404062834731383,0.19399561272489546,0.3796999308586571,0.4038954973220825,0.4524736404418945,0.8310151100158691,-0.3864879608154297,-0.3894939422607422,-0.7000470161437988,4.762102889589858,2.5528237653378527,0.4327549700256437,0.21033143744362912,0.9460332150722183
3,1771109893767,1771109897056,0,0.024396704137325288,0.09459377924601235,0.031222836176554362,0.1892586191076091,0.19134670788128436,0.3933505351096952,0.3923814594745636,0.4524736404418945,0.8310151100158691,-0.3864879608154297,-0.3800592422485351,-0.7000470161437988,5.327202977525762,3.012390160714775,0.43505879339298503,0.20551119777346943,0.9460332150722183
3,1771109894929,1771109898157,0,0.0249694221963485,0.1424679438273112,-0.03133044640223185,0.20489087792377164,0.21047788699819148,0.44616447183521873,0.5484431982040405,0.6088705062866211,0.7290473580360413,-0.3864879608154297,-0.3232278823852539,-1.1183651685714722,6.248024020590309,4.616339369595946,0.4894258979206956,0.24536452429359745,1.1626972939716858
3,1771109896054,1771109899258,0,0.1164098683744669,0.13431482315063475,0.17897279063860574,0.23240048164128024,0.2730718309564549,0.5450254777253818,0.7266282439231873,0.7748222351074219,1.3877804279327393,-0.3022390604019165,-0.3493547439575195,-1.1183651685714722,8.275063176459708,4.762199938863876,0.6018304143344165,0.34169923572641037,1.486106220984176
3,1771109897188,1771109900377,0,0.12702702345947425,0.09869407018025717,0.11066951950391134,0.25231692306125936,0.31752203959173547,0.7819920959137666,0.7266282439231873,0.7748222351074219,1.4015464782714844,-0.3022390604019165,-0.4550495147705078,-1.6757562160491943,9.96629489614333,5.829025011031044,0.7727342250022995,0.4446639185957196,1.7419193047894714
3,1771109898273,1771109901480,0,0.11832479486862818,0.04034481048583985,0.25911741852760317,0.2263562229587876,0.3253868917469765,0.7670685968668265,0.7266282439231873,0.7748222351074219,1.4015464782714844,-0.2972898781299591,-0.4550495147705078,-1.6757562160491943,9.27036689818246,5.463869171649626,0.765064806786152,0.47499968065101583,1.7419193047894714
3,1771109899361,1771109902597,0,0.0497887313986818,-0.059253915150960276,0.2853752851486206,0.19175608395214286,0.3015423755706661,0.7429292587089003,0.421648621559143,0.7178506851196289,1.4015464782714844,-0.2972898781299591,-0.6279811859130859,-1.6757562160491943,7.911198925750251,5.245686543934758,0.7349868289005451,0.45962207820364415,1.7419193047894714
3,1771109900495,1771109903736,0,0.11486512875805298,-0.05689789454142253,0.4352075457572937,0.216000651861708,0.27308190929870596,0.3945362818530654,0.4892566800117492,0.7178506851196289,1.2393938302993774,-0.2985356450080871,-0.6279811859130859,-0.3774306774139404,5.5221710750864705,2.9721848268005777,0.6053686436228651,0.33273947603740117,1.2851885586543228
3,1771109901595,1771109904850,0,0.07619141868005196,-0.04346132278442383,0.2521236062049866,0.2941642544168614,0.2789682294433605,0.47537206288421724,0.4892566800117492,0.5367584228515625,1.2393938302993774,-0.7189999222755432,-0.6279811859130859,-0.873145341873169,5.643722987441702,2.7702547050391546,0.6070599041590719,0.28778931749150344,1.2764318617300323
3,1771109902714,1771109905968,0,0.06250477619469166,0.0248038609822591,0.07445544401804606,0.3410987289888562,0.23339759262979193,0.46659540834927454,0.7465075850486755,0.5367584228515625,0.7224189043045044,-0.7189999222755432,-0.3638391494750976,-0.8928003311157227,6.000017756190393,2.9546712181495574,0.5668249613712528,0.25802580863523666,1.0994373122632637
3,1771109903849,1771109907106,0,0.0035081632435321865,0.02177209854125976,0.03539907932281494,0.352426036490047,0.23225268954715458,0.6252853948493381,0.7465075850486755,0.5367584228515625,1.0490347146987915,-0.7189999222755432,-0.5108737945556641,-1.087995529174805,7.750778612446029,4.940553396678942,0.6667958618579296,0.33313409020239637,1.267699328417339
3,1771109904968,1771109908256,0,0.09053758556644122,-0.027525488535563143,0.2270852486292521,0.3167076005053861,0.20057109919020036,0.5799559477858497,0.7465075850486755,0.3285169601440429,1.0490347146987915,-0.5394330024719238,-0.5108737945556641,-1.087995529174805,6.808749594482018,5.133854171082032,0.6472343081667913,0.325781013453558,1.267699328417339
3,1771109906086,1771109909390,0,0.10935517686108746,-0.06999314626057941,0.2824962695439657,0.2749804346147277,0.20972879345201725,0.5079195346382572,0.6663504242897034,0.3005619049072265,1.0490347146987915,-0.5394330024719238,-0.5108737945556641,-1.087995529174805,6.126124394503338,5.018251926903684,0.6051247177249507,0.3142847129411012,1.267699328417339
3,1771109907219,1771109910523,0,0.11032348095128933,-0.06404698689778646,0.24645745356877644,0.22313982631557217,0.26840943846974236,0.30767318083059364,0.4856692254543304,0.6280860900878906,0.7959530353546143,-0.2905436158180237,-0.5367021560668945,-0.3171552419662475,5.437643560793308,2.6417483542692937,0.4941287521554749,0.2087711372192743,0.861334390832041
3,1771109908376,1771109911659,0,-0.011503284020970268,0.03700615564982097,-0.029935165246327722,0.22540209276655485,0.2924466295651291,0.41104128824540315,0.4351330995559692,0.6280860900878906,0.7959530353546143,-0.4075450897216797,-0.5367021560668945,-0.9741007089614868,5.942783084641255,2.891076273680926,0.5005254435746462,0.22045888252561613,1.0154846238579112
3,1771109909506,1771109912777,0,-0.051186273836841184,0.08324963251749674,-0.1559405525525411,0.19131156524973883,0.2712107927731038,0.40418633599954445,0.4351330995559692,0.6280860900878906,0.6068103313446045,-0.4075450897216797,-0.5367021560668945,-0.9741007089614868,5.889741645074202,2.8357189349894893,0.4990480056993636,0.22565693314611532,1.0154846238579112
3,1771109910625,1771109913879,0,-0.06476079452161988,0.11042925516764321,-0.19725793202718098,0.1728697823880221,0.21112424362440177,0.3980312377553558,0.3297245502471924,0.495941162109375,0.4578977823257446,-0.4075450897216797,-0.333251953125,-0.99188494682312,5.311895347943419,3.1190268564355494,0.4740863946697497,0.23996715588614967,1.024001810835754
3,1771109911776,1771109914983,0,0.01597331538796426,0.03670701980590819,-0.09505490660667419,0.21070635250248507,0.21834220967948512,0.4538390342206715,0.5994817018508911,0.4792137145996094,0.7721585035324097,-0.3257797360420227,-0.3751869201660156,-1.079451560974121,8.159760475726134,9.243919354026033,0.4890042295758478,0.24834319019618448,1.1338441509599368
3,1771109912877,1771109916081,0,0.042368850360314056,0.04317391713460286,-0.010224167505900066,0.2442016635890639,0.29439527432800633,0.5186403331186978,0.5994817018508911,0.6942405700683594,0.976800799369812,-0.4033824205398559,-0.5032777786254883,-1.079451560974121,9.871392060138014,9.134165661242085,0.5841884087342547,0.25717699724388904,1.1344321363802832
3,1771109913982,1771109917228,0,0.08790368114908537,0.015393193562825517,0.0446540633837382,0.26598828992529516,0.2854860631410435,0.613695852511084,0.5994817018508911,0.6942405700683594,1.5561705827713013,-0.4033824205398559,-0.5032777786254883,-1.079451560974121,11.483024433682084,8.75543181196786,0.6522788768147879,0.3147014454118863,1.595717452151478
3,1771109915103,1771109918352,0,0.08760113666454951,-0.004242865244547527,0.08472167054812113,0.2432712310715188,0.2964559508054526,0.533388608058833,0.5754992365837097,0.6942405700683594,1.5561705827713013,-0.4033824205398559,-0.5032777786254883,-0.6499061584472656,8.495632478826716,4.37911859876162,0.5769052246135975,0.32040088010280154,1.595717452151478
3,1771109916249,1771109919469,0,0.11503516013423602,-0.03694006601969401,0.19447437524795533,0.23432583322130365,0.2862837627181216,0.47616421811445353,0.5524347424507141,0.4721736907958984,1.5561705827713013,-0.4374343752861023,-0.8037033081054688,-0.6499061584472656,7.418562125872769,4.303461105092596,0.5499315176786463,0.3239933558956847,1.595717452151478
3,1771109917337,1771109920572,0,0.06009552553296089,-0.018950684865315745,0.1097302794456482,0.22577393502963664,0.2777085756357857,0.36118056681961414,0.4344187378883362,0.4721736907958984,0.7167613506317139,-0.4523985981941223,-0.8037033081054688,-0.6611119508743286,5.525614128713775,2.6166050841033255,0.4677154227223507,0.2209291475683362,1.083138535500324
3,1771109918452,1771109921674,0,0.018750589092572524,0.0484958012898763,0.008630669116973877,0.22682296406509003,0.26483676138599765,0.41678703921358984,0.4344187378883362,0.5249490737915039,0.7167613506317139,-0.459276020526886,-0.8037033081054688,-0.7314654588699341,5.658084225808476,2.9205739959956163,0.492660395088369,0.21699904826853358,1.083138535500324
3,1771109919570,1771109922810,0,-0.012580138444900524,0.09201777776082357,-0.2196876605351766,0.19451794491217816,0.2726451381880926,0.3980085276227759,0.3223593831062317,0.8329887390136719,0.3986732959747314,-0.459276020526886,-0.6584501266479492,-0.9299851655960084,5.694824403051575,2.9678877527357206,0.522375718662606,0.2171343586203594,0.9512886885207092
3,1771109920688,1771109923927,0,0.02782080421845118,0.07978614171346028,-0.1451683799425761,0.24212079220516428,0.2961878479724091,0.4958962417286166,0.8412585854530334,0.8329887390136719,0.8735873699188232,-0.459276020526886,-0.6584501266479492,-0.9299851655960084,6.290948138553148,4.171104746684826,0.5842691790795954,0.26135703998751486,1.275353659858882
3,1771109921774,1771109925027,0,0.043361943463484445,0.005357774098714198,0.0430201530456543,0.2589160216586681,0.32689820176467194,0.5275890184401576,0.8412585854530334,0.8329887390136719,0.9333736896514891,-0.5393886566162109,-0.6584501266479492,-0.9299851655960084,6.63330976243565,3.943704898052685,0.6069321809868348,0.2739899337500218,1.275353659858882
3,1771109922925,1771109926128,0,0.03565102020899455,-0.021461772918701157,0.14792546431223552,0.2536412133639153,0.2557960793942384,0.41619086930570914,0.8412585854530334,0.5297489166259766,0.9333736896514891,-0.5393886566162109,-0.5692739486694336,-0.7222223281860352,5.868397382973173,3.548075716850655,0.4942307066159542,0.27335189328575804,1.275353659858882
3,1771109924043,1771109927281,0,-0.01776163925727208,0.0037657419840494808,0.11525723139444986,0.19264843259236192,0.2725566038486557,0.390902713889685,0.389308750629425,0.5006637573242188,0.9333736896514891,-0.5393886566162109,-0.5692739486694336,-0.9376695156097412,5.968497757869822,2.6913298608185543,0.4718535203061747,0.21901049949568271,0.9573166081835675
3,1771109925144,1771109928434,0,0.002300138274828593,0.046004168192545575,0.07356258233388265,0.18144137075897465,0.23874452897015022,0.3533000445627828,0.3486219346523285,0.5006637573242188,0.5992202758789062,-0.2896960377693176,-0.4366788864135742,-0.9376695156097412,5.157620254291062,2.7651973643365717,0.4269575433272454,0.18426891437871065,0.9537487670739629
3,1771109926257,1771109929550,0,0.040385992825031275,-0.0077412923177083235,0.2012762149175008,0.2014789056180744,0.2484945778037054,0.435611281613636,0.3486219346523285,0.5006637573242188,1.3518362045288086,-0.3106410801410675,-0.4366788864135742,-0.9376695156097412,5.652445285960141,3.0491298877366737,0.5053429516188808,0.26754706088891317,1.3906132441961916
3,1771109927401,1771109930685,0,0.029378012319405865,-0.024805450439453116,0.14003430207570394,0.23728130633503977,0.20067263694652554,0.3961538011573656,0.3670516610145569,0.3354835510253906,1.3518362045288086,-0.4069051146507263,-0.4366788864135742,-0.4642801284790039,4.796715356025571,2.616014920187749,0.4495643199085761,0.2573860787262201,1.3906132441961916
3,1771109928532,1771109931821,0,0.006087405979633331,-0.055918248494466145,0.08099317948023478,0.23961931574020762,0.21565067890239292,0.43979205551628664,0.3670516610145569,0.4322261810302734,1.3518362045288086,-0.4096587896347046,-0.501093864440918,-0.946302890777588,5.525839090806746,2.918862776257152,0.472270277404223,0.2768908940766433,1.3906132441961916
3,1771109929654,1771109932998,0,-0.025875180462996163,-0.0058710098266601665,-0.1502190609773,0.21248859631034664,0.20799618361830866,0.39983088522485527,0.3670516610145569,0.4322261810302734,0.6465492248535156,-0.4096587896347046,-0.501093864440918,-0.959399402141571,5.253277090889814,3.1930248719213665,0.4652157619336856,0.22014099517896696,1.0499790875790505
3,1771109930801,1771109934074,0,0.034737741450468686,-0.028966681162516283,-0.047625515858332315,0.22059264433866776,0.23024055742106303,0.454842755361108,0.4812080860137939,0.4322261810302734,0.6465492248535156,-0.4096587896347046,-0.6491422653198242,-0.959399402141571,5.85383017850438,2.9767239053579924,0.4999998219228668,0.2332294627573608,1.0499790875790505
3,1771109931937,1771109935207,0,0.05769664595524469,0.03958206176757812,-0.059453139702479035,0.19779760029752957,0.26543557746493873,0.4344952250527133,0.4812080860137939,0.6202068328857422,0.6081984043121338,-0.3181434571743011,-0.6491422653198242,-0.959399402141571,5.587276172930228,2.8126688673844686,0.5036299560909039,0.21141808932112405,0.9665164048215819
3,1771109933076,1771109936313,0,0.05806118994951247,0.028976472218831383,0.09299415349960327,0.24261584789778834,0.29411594843569583,0.3843018110834067,0.4812080860137939,0.6202068328857422,0.9908814430236816,-0.4577050507068634,-0.6491422653198242,-0.6482894420623779,6.235957526612901,2.374644049490841,0.5070690869928058,0.2009262088089443,1.093080358653735
3,1771109934219,1771109937427,0,0.012819940845171608,0.04823605219523112,0.017812609672546394,0.22028443929850977,0.2894288763346297,0.4130808822331011,0.4090370535850525,0.6202068328857422,0.9908814430236816,-0.4577050507068634,-0.5516424179077148,-0.7873024940490723,6.062247097039181,2.6505394664223934,0.5032137998360086,0.2094739259269485,1.093080358653735
3,1771109935310,1771109938546,0,0.003987634678681686,0.01627381642659505,0.08168869813283285,0.24649436797099372,0.2473995842067232,0.46285688828011834,0.4845704138278961,0.4574384689331054,1.0545530319213867,-0.4577050507068634,-0.3926763534545898,-0.7873024940490723,6.829704591340962,2.7331072098115685,0.5216887727681299,0.24870086299502708,1.2284776406172322
3,1771109936425,1771109939647,0,0.017372951408227286,0.0009537696838378943,0.13086496988932292,0.22180663488896543,0.2427422801260451,0.4644708997164612,0.4845704138278961,0.4880800247192383,1.0545530319213867,-0.3695142865180969,-0.3494958877563476,-0.7873024940490723,6.55019997971517,3.02015964782869,0.5137126857686296,0.2624572608541639,1.2284776406172322
3,1771109937528,1771109940784,0,0.032321633150180176,-0.016453107198079426,0.2685291528701782,0.22601167096528818,0.2221448403017073,0.4299490573482508,0.4881096184253692,0.4880800247192383,1.0545530319213867,-0.3500094711780548,-0.3494958877563476,-0.5652461051940918,6.038036366843316,3.0644238082484403,0.524933935020809,0.27601336798690446,1.2284776406172322
3,1771109938663,1771109941934,0,-0.02288231675823528,-0.018134943644205728,0.2628336906433105,0.28339982891298454,0.19786281028379565,0.35218286461422477,0.4881096184253692,0.4880800247192383,1.0173518657684326,-0.6114587783813477,-0.3610172271728515,-0.3736026287078857,5.246362798744587,2.89685615082833,0.49588713673415313,0.24791120597742405,1.1041050021030048
3,1771109939748,1771109943103,0,-0.0784623476366202,0.06854133605957032,0.0814907153447469,0.31699394648825824,0.17181500069071803,0.40548658030833845,0.4881096184253692,0.3616390228271484,0.9026625156402588,-0.6196903586387634,-0.3610172271728515,-0.8311984539031982,4.985845210306665,2.223598278988641,0.49496790438902455,0.2430677307216417,0.9566943608834255
3,1771109940885,1771109944253,0,-0.09972544014453888,0.12274010976155597,-0.11767683823903402,0.3069878751769452,0.14489779407595196,0.33711430517833246,0.4271218776702881,0.3616390228271484,0.4947543144226074,-0.6196903586387634,-0.3610172271728515,-0.8311984539031982,5.345761234481119,2.2103302596233214,0.46120484822127694,0.22144145131398188,0.9109945570399205
3,1771109942050,1771109945372,0,-0.027569647630055746,0.1308534304300944,-0.22082742055257162,0.2744992401951687,0.1309187556362912,0.2918896327552745,0.3686886429786682,0.3616390228271484,0.201331615447998,-0.6196903586387634,-0.0995845794677734,-0.8311984539031982,5.202280005240721,2.2348963009831926,0.43820608871658906,0.21906309905493246,0.9109945570399205
3,1771109943219,1771109946491,0,0.06684340735276541,0.07978645960489908,-0.19168920516967775,0.27779849139284907,0.11292921204729532,0.2569988459485143,0.6362728476524353,0.3207178115844726,0.2704427242279053,-0.4059012234210968,-0.0995845794677734,-0.6684954166412354,4.936954876961338,2.636696839398197,0.4080198670287764,0.1815814478164869,0.8006345931717279
3,1771109944371,1771109947643,0,0.14917215406894685,0.04308656056722004,-0.15041504700978597,0.33980926466194245,0.11745588043818152,0.23486892938536627,0.6362728476524353,0.3207178115844726,0.2800631523132324,-0.5478338599205017,-0.1899862289428711,-0.6110646724700928,4.686312760228544,2.7610016646737567,0.442576592328069,0.17362685690831475,0.8006345931717279
3,1771109945487,1771109948792,0,0.13036474188168842,0.09157565434773761,-0.24913836717605592,0.32581891063522855,0.15320572546604072,0.2505536658113139,0.6362728476524353,0.5033750534057617,0.2800631523132324,-0.5478338599205017,-0.1899862289428711,-0.7582153081893921,3.9571735669888293,2.566042298925444,0.49698251390163356,0.1654239058997659,0.7893854033065504
3,1771109946609,1771109949898,0,0.07151922285556793,0.0979708989461263,-0.25714558362960815,0.2812955512802335,0.16738187586128836,0.2751472115662859,0.6116247773170471,0.5033750534057617,0.2800631523132324,-0.5478338599205017,-0.1899862289428711,-0.7582153081893921,3.88720026000373,2.4186300781350094,0.475970028184344,0.17920673395750839,0.7893854033065504
3,1771109947758,1771109951011,0,0.018785444895426426,0.1148373285929362,-0.23430346846580505,0.1302362389354664,0.15348934761834834,0.4045243958712164,0.2244482934474945,0.5033750534057617,0.7334587574005127,-0.2434138059616089,-0.1512460708618164,-0.974232256412506,4.626625428213158,2.9941457240213896,0.4692002049250672,0.21729897839315715,0.9904115888849354
3,1771109948893,1771109952083,0,-0.0004095405340194619,0.1029950777689616,-0.111972177028656,0.14064855331025541,0.16332294134938094,0.4387760095089975,0.2667528986930847,0.5129604339599609,0.7334587574005127,-0.287124752998352,-0.1512460708618164,-0.974232256412506,5.609230163439894,3.00231784203068,0.453043061476322,0.22494290243351164,0.9904115888849354
3,1771109950014,1771109953200,0,0.06273244619369507,0.09375419616699217,0.012220593293507899,0.1895750803232884,0.17462379894383237,0.48753963259623184,0.4288799166679382,0.5129604339599609,1.0260511636734009,-0.287124752998352,-0.2131738662719726,-0.974232256412506,6.032556537085893,3.339084816517821,0.507541142447161,0.2257540173343047,1.063374739757193
3,1771109951116,1771109954317,0,0.07100298007329305,0.063582706451416,0.04302671154340108,0.21375096504141167,0.23173882596392917,0.5085177879251721,0.5596994161605835,0.5129604339599609,1.0343685150146484,-0.287124752998352,-0.4916830062866211,-0.865311861038208,6.564938522988268,3.8623041740795903,0.5538454528675207,0.2279760388869949,1.1848014926464951
3,1771109952197,1771109955444,0,0.11592646837234495,-0.02797403335571289,0.1074611246585846,0.257907876160247,0.26207360319285483,0.5372728059318055,0.6279553174972534,0.3214559555053711,1.0343685150146484,-0.4655870795249939,-0.5460357666015625,-0.9838513731956482,7.857742010353643,4.410952477310197,0.6102452893163637,0.2554964398004812,1.1848014926464951
3,1771109953317,1771109956571,0,0.03568365226189294,-0.01768137613932293,0.05335230231285095,0.28196844208222666,0.2731683151888993,0.5376209296437369,0.6279553174972534,0.4652919769287109,1.0343685150146484,-0.6627953052520752,-0.5460357666015625,-0.9838513731956482,8.299904122282305,3.869837225252079,0.6018294980607551,0.27029669352567937,1.1848014926464951
3,1771109954436,1771109957706,0,-0.005441422263781235,0.030179723103841143,0.06979700525601705,0.31774344403134386,0.2824790974013062,0.5185018080223519,0.6279553174972534,0.4680004119873047,0.9565384387969972,-0.6627953052520752,-0.5460357666015625,-0.9838513731956482,8.476908271534782,3.7056648515033284,0.6108266440201017,0.2638880455332826,1.117163809764703
3,1771109955554,1771109958857,0,-0.041291386882464094,0.022687466939290354,0.1476880153020223,0.312702382032746,0.2426953605169284,0.45437105922707427,0.540573000907898,0.4680004119873047,0.9565384387969972,-0.6928659081459045,-0.4416999816894531,-0.8979681730270386,7.080850935849115,3.1323826921006894,0.5650503056169115,0.2402195470120709,1.117163809764703
3,1771109956688,1771109960019,0,0.00795476213097573,0.002879492441813147,0.24667459726333618,0.29477079733630884,0.26989325426460187,0.47111063486343424,0.540573000907898,0.5710811614990234,1.0557663440704346,-0.6928659081459045,-0.5454349517822266,-0.671630859375,7.154997290256479,3.690360567459463,0.6013186836150937,0.26579213150491704,1.2677648775734178
3,1771109957822,1771109961110,0,0.050830646355946855,-0.013377952575683603,0.2533463954925537,0.2739199358696399,0.23801581557605833,0.4112071358972806,0.7533861398696899,0.5710811614990234,1.0557663440704346,-0.6928659081459045,-0.5454349517822266,-0.671630859375,6.072030904077877,3.3274783652369906,0.543115219837701,0.2547252361074654,1.2677648775734178
3,1771109958959,1771109962230,0,0.03211251745621365,0.059790261586507146,0.030244040489196777,0.26389722296709633,0.21964466059054003,0.5027026990311921,0.7533861398696899,0.5710811614990234,1.0557663440704346,-0.4595931768417358,-0.5454349517822266,-0.7901530265808105,6.071449596157475,3.511458919542782,0.5454957056087331,0.26168729754553255,1.2677648775734178
3,1771109960108,1771109963348,0,-0.0035782399276892266,0.105925718943278,-0.1587890386581421,0.2767338440483119,0.17073903907230983,0.4051344577707395,0.7533861398696899,0.4404630661010742,0.472012996673584,-0.4595931768417358,-0.3412208557128906,-0.8104698657989502,5.365566928355952,2.74732061908711,0.49811418031550075,0.22560510293254415,0.897577957748623
3,1771109961242,1771109964449,0,0.017484143873055785,0.15581159591674804,-0.12140983740488688,0.2672926194768692,0.1887215853548627,0.42814478136839557,0.550397515296936,0.5339832305908203,0.6861753463745117,-0.4595931768417358,-0.1724405288696289,-0.8104698657989502,5.467705352867686,2.265867430492497,0.518538336896685,0.22998827784422515,0.897577957748623
3,1771109962329,1771109965549,0,0.056238479415575665,0.1300451914469401,-0.10971807638804118,0.24165646008733024,0.1959863239902142,0.46856265130334196,0.5152116417884827,0.5339832305908203,0.7294678688049316,-0.3573504984378814,-0.1724405288696289,-1.1123743057250977,6.374216100640372,4.4760459006214255,0.5275976263380658,0.2482367752648186,1.16845559989957
3,1771109963447,1771109966668,0,0.09823236415783564,0.10267915725708007,-0.05403362115224202,0.20461350040653373,0.18976175995631808,0.5163889737791303,0.5152116417884827,0.5339832305908203,0.9937759637832642,-0.3573504984378814,-0.1724405288696289,-1.112438440322876,7.188371044584943,4.893361579415686,0.5285830491527466,0.28179508693418137,1.16845559989957
3,1771109964566,1771109967803,0,0.09953091243902842,0.10167843500773112,-0.10906982421875,0.21966501986106796,0.19708338434358375,0.6428881270056258,0.5432738065719604,0.5504360198974609,1.0863136053085327,-0.3573504984378814,-0.1814298629760742,-1.2061374187469482,8.03038210589859,5.532225787996449,0.63167968012286,0.34766459653133586,1.3091109729595263
3,1771109965650,1771109968873,0,0.11720927705367407,0.1176235834757487,0.052061444520950316,0.24546583366259464,0.22416791595556243,0.6769358188838317,0.5548674464225769,0.5504360198974609,1.0863136053085327,-0.3190932869911194,-0.3004026412963867,-1.2061374187469482,8.2806690990065,5.3308288807908895,0.6811631657665527,0.3465431198559197,1.3091109729595263
3,1771109966786,1771109969992,0,0.10062573254108428,0.05498310724894206,0.1506626586119334,0.26984478140663826,0.3350479533756614,0.6125578950263074,0.5548674464225769,0.5504360198974609,1.0863136053085327,-0.4053801298141479,-0.9778928756713868,-1.2061374187469482,7.664112362193708,5.1167095378427465,0.6994214384292683,0.30220122853075565,1.3091109729595263
3,1771109967904,1771109971095,0,0.04089340617259343,-0.04004672368367513,0.15663761893908182,0.29651472099013915,0.29196404252455926,0.44723215079398215,0.581325113773346,0.3885040283203125,0.9209284782409668,-0.4493780136108398,-0.9778928756713868,-0.9404803514480592,6.967909290424502,4.501266040593172,0.5620840472331687,0.27407670251768396,1.0815462181998052
3,1771109968988,1771109972208,0,0.003013326972723004,0.0008735974629719867,0.09826984405517576,0.28976804375478676,0.35925249598033004,0.3180325960432314,0.6111742258071899,0.6142568588256836,0.666924238204956,-0.523371696472168,-0.9778928756713868,-0.5408093929290771,6.507668776812052,2.9725201740613336,0.5182029410342719,0.21535705176900316,1.0815462181998052
3,1771109970107,1771109973260,0,-0.022653756290674194,0.029676500956217433,0.028561210632324217,0.26876639378850975,0.34104529590592864,0.31712853723929124,0.6111742258071899,0.6142568588256836,0.666924238204956,-0.523371696472168,-0.8168773651123047,-0.5408093929290771,6.731651126566164,3.8450514853454307,0.4847539891134146,0.21980489392821312,0.9122671366076807
3,1771109971198,1771109974396,0,-0.04235819702347119,0.0983407974243164,-0.02487725019454956,0.22883241996864712,0.34635829110047084,0.3271321422091439,0.6111742258071899,0.6499004364013672,0.6357197761535645,-0.5462256073951721,-0.8168773651123047,-0.5919959545135498,6.68357503107218,4.173764866355679,0.4754882546394319,0.24074721595218765,0.9222232040209845
3,1771109972276,1771109975530,0,-0.08249461501836777,0.03417666753133137,-0.15150347153345745,0.23826598647792588,0.2818334773430695,0.4160482273685414,0.4156062602996826,0.6499004364013672,0.6203205585479736,-0.6530429124832153,-0.8168773651123047,-0.8895549774169922,6.828628126386838,4.358476629993237,0.5048119983803815,0.2786888769971946,1.053796390524394
3,1771109973378,1771109976668,0,-0.036499585707982375,0.07631155649820963,-0.2065584619839986,0.2977697341989608,0.21411760121334836,0.46449629738256254,0.6257205605506897,0.6499004364013672,0.6203205585479736,-0.6530429124832153,-0.2192277908325195,-1.151079177856445,7.264887200411648,3.473678071958672,0.5622479501494225,0.2734712122853216,1.1568275510089994
3,1771109974512,1771109977799,0,-0.03747711280981699,-0.02517245610555013,-0.2399461547533671,0.302180100976996,0.3050707303675711,0.4928755795833695,0.6257205605506897,0.4811735153198242,0.6772922277450562,-0.6530429124832153,-0.8606185913085938,-1.151079177856445,8.070333669466788,2.9759270407691054,0.6513076314415593,0.22393295751076525,1.1568275510089994
3,1771109975630,1771109978922,0,0.033433102567990626,-0.0007103284200032651,-0.13202333052953083,0.25875417821621105,0.31193735863320476,0.5423618260124288,0.6257205605506897,0.4811735153198242,0.8691971302032471,-0.3986787796020508,-0.8606185913085938,-1.151079177856445,8.35450125777746,3.4998622357051556,0.6339900829157445,0.24859502289444904,1.1568275510089994
3,1771109976767,1771109980055,0,0.062245202561219536,0.008995374043782546,-0.010742350419362386,0.2709045776089098,0.3266596758103121,0.5279760965426022,0.6285011768341064,0.4832010269165039,0.8691971302032471,-0.3986787796020508,-0.8606185913085938,-1.0728907585144043,7.948876862644245,3.7156148016859127,0.6258461261495057,0.24057441148557568,1.074478102878045
3,1771109977917,1771109981202,0,0.07764611343542735,0.042423057556152347,0.1262778162956238,0.2714093301207838,0.3030134591455244,0.5583427085389888,0.6285011768341064,0.4832010269165039,1.2734198570251465,-0.5246524810791016,-0.7641706466674805,-1.0728907585144043,6.890863495500023,3.7563555191850386,0.6356229447348433,0.28960864699718225,1.324496214215501
3,1771109979063,1771109982326,0,0.0454108272989591,-0.06137990951538086,0.2658052166302999,0.28595330142894954,0.34629050172416026,0.44277500619671295,0.6285011768341064,0.4832010269165039,1.2734198570251465,-0.531501054763794,-0.7641706466674805,-0.3576234579086303,5.9679720097776645,2.6269949045390266,0.6348377504166417,0.24482502910501686,1.324496214215501
3,1771109980175,1771109983425,0,-0.06212841011583805,-0.07570130030314128,0.18950093189875286,0.28005568747070814,0.35790683243263954,0.5211806772617034,0.4363747239112854,0.664301872253418,1.2734198570251465,-0.548257052898407,-0.7641706466674805,-0.86167311668396,7.143659036857343,3.472211648464144,0.6633801451788519,0.26453708419476507,1.324496214215501
3,1771109981307,1771109984543,0,-0.04550230788687865,-0.031360530853271486,0.12033491929372152,0.2815815361838692,0.31872950970002206,0.44961128795272365,0.4363747239112854,0.664301872253418,0.8249201774597168,-0.548257052898407,-0.5860414505004883,-0.86167311668396,7.50976545351258,3.4567722617703147,0.5815940957930558,0.22638573242034693,1.0987895272196222
3,1771109982440,1771109985662,0,-0.0425129280736049,0.08454097112019855,0.06167635122934977,0.278256428239626,0.2579294764990922,0.4396805205830044,0.4363747239112854,0.664301872253418,0.9339609146118164,-0.548257052898407,-0.4053049087524414,-0.86167311668396,7.626528198605641,3.321282076475733,0.5223837059421442,0.26110745965829885,1.0987895272196222
3,1771109983542,1771109986764,0,0.06519491858780382,0.07295055389404297,0.14840729236602784,0.260953212910486,0.23164621692921553,0.38440115649737067,0.6636706590652466,0.5540084838867188,0.9339609146118164,-0.4902885258197784,-0.2830152511596679,-0.6671938896179199,6.506295530425468,2.7817782041398886,0.4974512310751556,0.2149801823409501,1.0067111990960067
3,1771109984660,1771109987865,0,-0.008591436718901007,0.07426970799763997,0.03780750433603922,0.2971575537543652,0.22921295487333695,0.4473877643143629,0.6636706590652466,0.4971284866333008,0.9339609146118164,-0.5829195976257324,-0.2830152511596679,-0.9116940498352052,6.269044070545013,2.699649923238609,0.516734327986229,0.26839615470644046,1.0950052339597252
3,1771109985778,1771109989017,0,-0.003108052536845207,0.04327681859334309,-0.005666780471801758,0.31246697313232197,0.26535397015367,0.43787189738573884,0.6636706590652466,0.7893590927124023,0.8232793807983398,-0.5829195976257324,-0.4347677230834961,-0.9116940498352052,7.186834001509457,5.046714659190248,0.5400841731079074,0.24497263906870045,1.0950052339597252
3,1771109986865,1771109990137,0,-0.07615338936448098,0.031975491841634104,-0.14932526350021363,0.28469145222595027,0.2553272849087551,0.45934956893247836,0.5606110095977783,0.7893590927124023,0.6557834148406982,-0.5829195976257324,-0.4347677230834961,-1.0537515878677368,8.066302364293117,5.118437119146137,0.5462046072692128,0.28060678386574606,1.1033583665956912
3,1771109987981,1771109991271,0,-0.02905977070331573,0.017728328704833984,-0.087748388449351,0.2645086079300875,0.2616961186196328,0.4591165534399182,0.5606110095977783,0.7893590927124023,0.6557834148406982,-0.5662881135940552,-0.4347677230834961,-1.0537515878677368,8.192338196865668,5.140810055648044,0.54726995319587,0.22038498760189826,1.1033583665956912
3,1771109989133,1771109992390,0,-0.006088933845361086,0.040214188893636066,-0.10272106726964315,0.2490507486330979,0.21723601836224696,0.4445112231890285,0.4889668524265289,0.499455451965332,0.6138474941253662,-0.5662881135940552,-0.3766603469848633,-1.0537515878677368,7.10272626686681,3.2655910858577872,0.5137415007301617,0.21541444044756017,1.1033583665956912
3,1771109990236,1771109993538,0,-0.04439395268758139,0.06719719568888347,-0.1502922534942627,0.23009495203469282,0.1852430064912367,0.3575478378049669,0.4889668524265289,0.499455451965332,0.6138474941253662,-0.4518621563911438,-0.3050479888916015,-0.6789712905883789,5.214477582270309,2.651371642605572,0.4588970664490562,0.16531059870412654,0.7622521850619838
3,1771109991387,1771109994624,0,-0.02834729949633279,0.09046287536621093,-0.16846811374028522,0.2006116101233729,0.1647680231856639,0.3599826299151991,0.4889668524265289,0.4629650115966797,0.6356663703918457,-0.4133377373218536,-0.1668529510498047,-0.713469386100769,4.571341089931394,2.280131867451839,0.4511680973800495,0.15832398287846766,0.7622521850619838
3,1771109992504,1771109995742,0,-0.05579435825347899,0.048718516031901034,-0.11476388374964396,0.14324671872106587,0.16188552183613936,0.3910174101666995,0.2114936113357544,0.4629650115966797,0.8448958396911621,-0.4133377373218536,-0.2452535629272461,-0.713469386100769,3.8977920693287746,1.8004677102289732,0.4183558972589115,0.19458900311446642,0.8470370781397822
3,1771109993655,1771109996862,0,0.006929636001586919,0.011127885182698577,0.013785437742869066,0.11317309788514476,0.1685521393612546,0.34133866148980624,0.266873836517334,0.4629650115966797,0.8448958396911621,-0.2078867554664611,-0.2452535629272461,-0.713469386100769,3.7273494443170514,1.7149239273570065,0.3434718171917457,0.1899039299274248,0.8470370781397822
3,1771109994741,1771109997979,0,0.013068919877211245,-0.011151409149169907,0.05233667691548665,0.13659574660832688,0.15618260053706032,0.24818810549268594,0.2805286645889282,0.3024311065673828,0.8448958396911621,-0.2762832343578338,-0.2742147445678711,-0.3669688701629638,3.8385731969322934,1.4423475512968174,0.29070987272682997,0.1426926841473185,0.8470370781397822
3,1771109995843,1771109999084,0,-0.0016461744904518146,0.0062728881835937556,-0.03395655949910482,0.18246321530749757,0.16075597750160525,0.22666404141865082,0.2900833785533905,0.3024311065673828,0.4041845798492431,-0.2839899063110351,-0.2742147445678711,-0.4429056644439697,4.413190359192872,1.8757136894683455,0.3086515744728691,0.11487990525176195,0.5278292881029418
3,1771109996977,1771110000198,0,-0.0376580556233724,0.041190497080485014,-0.15216570297876994,0.20175664889032857,0.1476284948538979,0.2747194361472301,0.2900833785533905,0.3024311065673828,0.4041845798492431,-0.4045540988445282,-0.2742147445678711,-0.7345263957977295,4.497641319655751,1.915272832399938,0.3748667851495016,0.14062328375802852,0.7493068585347219
3,1771109998083,1771110001318,0,-0.055016406377156574,0.04626283645629881,-0.1623134175936381,0.20310705354471392,0.16700208528766308,0.28395732253123923,0.2900833785533905,0.4851350784301758,0.4041845798492431,-0.4907877445220947,-0.2841501235961914,-0.7345263957977295,4.518922430771981,2.166905298272185,0.38600320802863836,0.16803845685359675,0.7493068585347219
3,1771109999196,1771110002435,0,-0.025351050992806757,0.022858492533365866,-0.0753192941347758,0.19749883064480772,0.20378074773939642,0.30779694181393236,0.4164196848869324,0.4851350784301758,0.4316701889038086,-0.4907877445220947,-0.3984260559082031,-0.7345263957977295,3.9197047950306234,1.7269743964191608,0.38588894852156913,0.16822664095368978,0.7493068585347219
3,1771110000299,1771110003570,0,0.04566840380430222,0.03589808146158854,0.1492241859436035,0.2370651011574986,0.2399855678877696,0.33175241489403157,0.6473300457000732,0.5566396713256836,0.9865167140960692,-0.4907877445220947,-0.3984260559082031,-0.4372158050537109,5.103839301763045,2.7130751639989503,0.43991702423558626,0.22400582949735218,0.9964279227147086
3,1771110001433,1771110004722,0,0.06653052568435668,0.05777632395426432,0.2005722920099894,0.20433368934416435,0.22508677015694853,0.328231712567576,0.6473300457000732,0.5566396713256836,0.9865167140960692,-0.3479758203029632,-0.3984260559082031,-0.6707253456115723,5.138480917869064,2.8813579574483303,0.4424553256731685,0.21744812890220236,0.9964279227147086
3,1771110002556,1771110005827,0,0.055065536747376125,0.07396125793457031,0.1448621193567912,0.19755941027050444,0.19945577386417437,0.3974985655467733,0.6473300457000732,0.5566396713256836,0.9865167140960692,-0.3479758203029632,-0.2775726318359375,-0.6707253456115723,5.221119266823845,2.897542749510407,0.4558375056063568,0.2288423742592436,0.9964279227147086
3,1771110003690,1771110006928,0,0.04054302846391997,0.04137229919433594,-0.010344099998474125,0.13930020015081396,0.1822614095101129,0.3791261620954401,0.3519067168235779,0.3950414657592773,0.6535322666168213,-0.2479860335588455,-0.3155593872070312,-0.7019761800765991,4.255840893911287,2.307342784930879,0.3986159867426973,0.1885958092597653,0.7900948546154234
3,1771110004822,1771110008029,0,0.04207075511415799,0.0001332283020019596,-0.016331402460734053,0.15706452757046302,0.17921883564217272,0.3637013501688884,0.3519067168235779,0.2730646133422851,0.6535322666168213,-0.2658897340297699,-0.3155593872070312,-0.7019761800765991,4.0545124858619905,2.029781753396743,0.3831614899291831,0.1982397665636293,0.7900948546154234
3,1771110005940,1771110009165,0,0.03534933825333912,-0.0236813227335612,0.036070887247721346,0.18042293157227088,0.17550381747129604,0.3400730624235442,0.3519067168235779,0.2730646133422851,0.7017877101898193,-0.3251633048057556,-0.3332338333129883,-0.7019761800765991,4.1971514513401385,2.1456965173262508,0.368404977806647,0.20449985304791465,0.7900948546154234
3,1771110007042,1771110010248,0,0.0010766372084617597,-0.04666967391967773,0.05274892250696818,0.184965516834701,0.2033400648717797,0.28514982942561196,0.4457145929336548,0.4511470794677734,0.7017877101898193,-0.3251633048057556,-0.4458160400390625,-0.6271393299102783,4.5980789271316125,2.0999888469230266,0.3522342295836026,0.18345412443780865,0.7842502121446359
3,1771110008128,1771110011399,0,0.03699392080307006,-0.037815411885579436,0.00892651081085205,0.1901425271659739,0.21696876469431206,0.327225910851026,0.4457145929336548,0.4511470794677734,0.7017877101898193,-0.3251633048057556,-0.4458160400390625,-0.7223373651504517,4.934688412626555,2.2225534075478324,0.3889416294954512,0.19181219750520806,0.7842502121446359
3,1771110009277,1771110012534,0,0.03400486558675765,0.015990797678629567,-0.11523229281107585,0.18034278757754632,0.24400807817639458,0.3312760225705632,0.4457145929336548,0.4511470794677734,0.5303206443786621,-0.2903877198696136,-0.4458160400390625,-0.8574146032333374,5.666688051002933,2.4532224828516913,0.4199482983839197,0.18592073389534705,0.9001038050137633
3,1771110010366,1771110013668,0,0.028802795211474077,0.03037665685017905,-0.08668952782948812,0.19541527281809618,0.2555690371128899,0.352490068567005,0.3716495335102081,0.3954906463623047,0.5896949768066406,-0.510978102684021,-0.5736551284790039,-0.8574146032333374,5.595492311719354,2.5672908769414295,0.4405257411767745,0.19126980647973318,0.9001038050137633
3,1771110011519,1771110014771,0,-0.01942905286947887,0.04684658050537109,-0.03412234385808309,0.19860082125948061,0.24110330943352196,0.399934718098949,0.2980439364910126,0.3954906463623047,1.121358871459961,-0.510978102684021,-0.5736551284790039,-0.8574146032333374,5.954979418243056,2.8330310858249783,0.44667467584383164,0.2344950560115477,1.147700944817855
3,1771110012651,1771110015906,0,-0.031873457133769996,0.032405122121175134,-0.008428706725438436,0.22868888249824904,0.22594868319025027,0.3797001057600513,0.4942461252212524,0.4541177749633789,1.121358871459961,-0.510978102684021,-0.5736551284790039,-0.6911053657531738,5.4994311896527455,2.7626217532009134,0.4387598425117938,0.22491297062244603,1.147700944817855
3,1771110013786,1771110017049,0,-0.023440766831239072,0.037045764923095706,-0.032230913639068604,0.23952103122831866,0.16338190686271117,0.4472738082096574,0.4942461252212524,0.4541177749633789,1.121358871459961,-0.4823494851589203,-0.225560188293457,-0.6911053657531738,6.448266443163006,3.269711981061308,0.4722419166945753,0.23765122048944967,1.147700944817855
3,1771110014892,1771110018170,0,0.0015997533996899849,0.06638402938842775,-0.007753368218739831,0.24946236203531483,0.19196236783204967,0.390106249601315,0.4942461252212524,0.4691686630249023,0.7842811346054077,-0.4822050631046295,-0.2683868408203125,-0.6911053657531738,6.247361996193845,2.825134653482833,0.46307143416329777,0.18454829282816443,0.8177911921383423
3,1771110016022,1771110019261,0,0.05025983651479085,0.04267285664876302,0.04391146898269653,0.24258565144646513,0.22036182279661326,0.6060493969858147,0.4884375929832458,0.5179243087768555,1.2264307737350464,-0.4822050631046295,-0.3123779296875,-1.1795746088027954,7.904621800556555,4.973874597546409,0.6101459951456006,0.30996664164878124,1.2290349922816488
3,1771110017158,1771110020378,0,0.05993080635865528,0.0031455993652343825,0.14346579909324647,0.24281977767334467,0.2457032303886768,0.7589112742339159,0.4884375929832458,0.5179243087768555,1.4268969297409058,-0.5690652132034302,-0.4368438720703125,-1.520970344543457,9.055987800493229,6.302030851665657,0.7358088874696057,0.4002644326649953,1.5351670224645808
3,1771110018243,1771110021513,0,0.0470882808168729,-0.07676124572753906,0.1850407858689626,0.26726063067527234,0.25958088324057277,0.8519023422251754,0.4884375929832458,0.5482044219970703,1.6704645156860352,-0.5690652132034302,-0.6937942504882812,-1.520970344543457,10.376845937970574,6.758880632293677,0.8373792113500489,0.42775543471824057,1.8298335253607798
3,1771110019377,1771110022648,0,0.026468098411957408,-0.11799246470133465,0.3012798587481181,0.2524389300555209,0.24859610800529242,0.7175828620133597,0.4122605323791504,0.5482044219970703,1.6704645156860352,-0.5690652132034302,-0.6937942504882812,-1.520970344543457,9.20105579513157,6.1343000487423796,0.7290533461096935,0.44679988872480847,1.8298335253607798
3,1771110020495,1771110023751,0,0.04592507618168988,-0.11369180679321289,0.33075486024220785,0.2681711710778233,0.24216974187668436,0.5104105176259549,0.8709259033203125,0.5482044219970703,1.6704645156860352,-0.4463866949081421,-0.6937942504882812,-0.7901899814605713,7.4228785047756345,4.733082286087593,0.6045612662584737,0.3764409848921551,1.8298335253607798
3,1771110021630,1771110024884,0,-0.030041622494657843,-0.05502932866414388,0.1968277335166931,0.31003696666625435,0.2559813146570578,0.43044212347381644,0.8709259033203125,0.6441020965576172,1.0322296619415283,-0.6654341220855713,-0.5295372009277344,-0.6968992948532104,6.342073854193809,3.270585646259683,0.5508993512039584,0.27770097582136916,1.094529558700035
3,1771110022751,1771110025987,0,-0.04075471920271714,-0.0021511077880859266,0.040773220856984455,0.3606738929632356,0.30687169515891244,0.43441991347914394,0.8709259033203125,0.7508726119995117,0.7954139709472656,-0.6654341220855713,-0.4865255355834961,-0.8607079982757568,6.563522735079376,3.7863992773711197,0.5837231408493965,0.2528581349037244,1.1526056665751536
3,1771110023867,1771110027186,0,-0.07906507886946201,-0.01926450729370117,-0.07509758075078328,0.3273109778895791,0.38348588744004375,0.39030916746564276,0.5844340324401855,0.8465261459350586,0.5696747303009033,-0.6654341220855713,-0.6599769592285156,-0.8607079982757568,7.448799987184782,7.060009579383216,0.5988504364812537,0.2196176599467924,1.1526056665751536
3,1771110024987,1771110028212,0,-0.010870512202382087,-0.04853871663411458,-0.07496140003204346,0.29346765091610777,0.37526670923031485,0.43897427130487915,0.5844340324401855,0.8465261459350586,0.5944511890411377,-0.5372576713562012,-0.6599769592285156,-0.991447687149048,8.53079896822157,8.103802221491557,0.5992750830883998,0.23770739370652078,1.1526056665751536
3,1771110026195,1771110029308,0,-0.0043606127301852,-0.12410491307576499,0.056207370758056645,0.249283721998774,0.3653782329456344,0.4469208807419979,0.4997298419475555,0.8465261459350586,0.8608183860778809,-0.5520779490470886,-0.7010612487792969,-0.991447687149048,8.831223601498143,8.131635154333374,0.5970685841171542,0.21405427017575931,1.0433414259688367
3,1771110027217,1771110030427,0,0.03274874947965144,-0.08652041753133138,0.024942906697591145,0.2878218376401073,0.3155797039517593,0.44618531929259425,0.4997298419475555,0.4963874816894531,0.8608183860778809,-0.6130388975143433,-0.7010612487792969,-0.991447687149048,8.248108782292118,5.724903687492533,0.5787775041527408,0.21089268756767665,1.0433414259688367
3,1771110028307,1771110031563,0,0.0011820352325836705,-0.057911046346028644,0.114659055074056,0.3086210566420168,0.34033209078347454,0.38189535164625754,0.4894872903823852,0.7039623260498047,0.8608183860778809,-0.6130388975143433,-0.7010612487792969,-0.5675122737884521,7.4790516771605695,4.679830046089618,0.5684397703714452,0.19930325919439584,1.0008752106079424
3,1771110029428,1771110032680,0,0.0001720495522022238,0.0051391919453938895,0.01508518854777018,0.3145738042815722,0.2799827472973365,0.3454093124024973,0.4894872903823852,0.7039623260498047,0.7548651695251465,-0.6130388975143433,-0.3852519989013672,-0.5675122737884521,6.879113094931509,3.866098608099914,0.4995335337185266,0.1969238669021983,1.0008752106079424
3,1771110030543,1771110033798,0,-0.03472208256522812,0.028607749938964835,0.09804039001464844,0.28178483038701063,0.2651459781952175,0.32274814859683426,0.4365018606185913,0.7039623260498047,0.7548651695251465,-0.5995244979858398,-0.4076271057128906,-0.4400947093963623,6.494815852877594,4.070398255601307,0.4615738690950751,0.213334545520481,1.0008752106079424
3,1771110031680,1771110034935,0,-0.005415416384736682,0.07192319234212238,-0.10249879360198974,0.26623912759818086,0.2501555729451189,0.38256601499995513,0.5291601419448853,0.6740312576293945,0.6317968368530273,-0.4602049887180328,-0.4076271057128906,-0.8955583572387695,5.480374368653172,3.033633051177722,0.48798834841593647,0.22298807394671352,1.0633271798735342
3,1771110032781,1771110036054,0,-0.001368680720527952,0.1153793970743815,-0.1250243584314982,0.24805030293396568,0.297048419149369,0.5047290715051271,0.5291601419448853,0.6740312576293945,0.9399887323379515,-0.4679746627807617,-0.6271982192993164,-0.8955583572387695,6.092876455064069,3.8436305610727306,0.5987660088793323,0.25214701931483713,1.0633271798735342
3,1771110033916,1771110037203,0,-0.05527531964083514,0.057330163319905585,-0.25379893779754636,0.30832571616679116,0.3403436047647171,0.6974000774789972,0.5291601419448853,0.6740312576293945,1.176955223083496,-0.7530735731124878,-0.6271982192993164,-1.497703194618225,8.873724136374125,5.8269608020950105,0.801760069662361,0.32477048433313505,1.6919035950691943
3,1771110035051,1771110038321,0,-0.05829743891954423,-0.046027851104736325,0.01179520289103191,0.3405000500466283,0.33073438176143116,0.8081688311897035,0.4885585904121399,0.6436586380004883,1.354183316230774,-0.7530735731124878,-0.6271982192993164,-1.497703194618225,11.457897897366845,6.456444658484214,0.8617114968182649,0.3408253776109439,1.6919035950691943
3,1771110036194,1771110039439,0,-0.014902004599571228,-0.04762175877888997,0.07761952678362528,0.3798440839039463,0.3577591498507987,0.8358114167760796,0.4885585904121399,0.8768415451049805,1.354183316230774,-0.7530735731124878,-0.5495815277099609,-1.497703194618225,12.025507101142043,6.635420145622687,0.9108611889866167,0.34840323455273187,1.6919035950691943
3,1771110037287,1771110040574,0,0.08359875430663427,0.07477930386861167,0.13094746867815654,0.44232981191843757,0.6469159829853839,0.709699058661322,1.52737295627594,1.8714523315429688,1.354183316230774,-0.6276925802230835,-1.6263632774353027,-1.2069735527038574,12.47706316147863,9.002483146330114,0.9564073037812356,0.44980542161876613,2.239279868486997
3,1771110038423,1771110041710,0,0.1287572945157687,0.11876250902811686,-0.15607863465944927,0.46216005505437063,0.7289419442512827,1.0473831217225795,1.52737295627594,1.8714523315429688,1.5242273807525637,-0.6276925802230835,-1.6263632774353027,-3.478764295578003,15.257907923549016,11.615956797191426,1.1793721004309308,0.6782477314184511,3.8517465352351357
3,1771110039555,1771110042831,0,0.035687245428562164,0.12623019218444825,-0.09617379506429033,0.5179174474543125,0.7393173175344793,1.168901783149204,1.52737295627594,1.8714523315429688,2.104724645614624,-0.7234906554222107,-1.6263632774353027,-3.478764295578003,17.490761427656082,11.745997430884207,1.2882328887489016,0.7012557868027315,3.8517465352351357
3,1771110040691,1771110043946,0,-0.009739545236031216,-0.008392016092936196,-0.012826124827067057,0.4651020609879145,0.5514734629373873,1.2119839536127408,0.9537222981452942,0.9720535278320312,2.104724645614624,-0.7564321756362915,-1.350764274597168,-3.478764295578003,16.482071740304395,10.645080873109313,1.2110586455974608,0.6873511088746902,3.8517465352351357
3,1771110041824,1771110045065,0,-0.01923692375421524,-0.0571069081624349,0.28094950517018635,0.45121326730361483,0.5114957481161533,0.9358051056983905,0.9447400569915771,0.9720535278320312,2.2774014472961426,-0.7564321756362915,-1.0276832580566406,-1.5823707580566406,14.689480315407728,8.868189291609045,1.0624777378547823,0.5085059566706427,2.2929580411305412
3,1771110042930,1771110046207,0,-0.0006553048888842357,-0.12562926610310873,0.1177564263343811,0.5645313818513039,0.5019700078458043,0.8250182769751875,0.9311372637748718,1.034137725830078,2.2774014472961426,-1.9521605968475344,-1.0276832580566406,-1.808021545410156,14.014720411593343,7.624339077048184,0.9863053519327517,0.5250274609490304,2.2929580411305412
3,1771110044066,1771110047317,0,-0.009746864189704257,-0.0053753534952799475,-0.02758968273798624,0.5114170006582763,0.5253330487525462,0.7348218636214431,0.9311372637748718,1.0754947662353516,2.2774014472961426,-1.9521605968475344,-1.0276832580566406,-1.808021545410156,12.385996720230048,8.190426299994845,0.8754571202540712,0.5343662742066098,2.2929580411305412
3,1771110045209,1771110048471,0,-0.031832476953665416,-0.007256221771240232,-0.19239809115727743,0.46706963853487193,0.43715240414836376,0.5034892869532376,0.69248366355896,1.0754947662353516,0.7459397315979004,-1.9521605968475344,-0.6985082626342773,-1.808021545410156,9.223774656079907,6.246794380164044,0.6836310894791179,0.4676397017525923,2.046288463946797
3,1771110046282,1771110049587,0,0.0006831253568331438,0.05678596496582033,-0.19616096019744872,0.20394927838496965,0.34873408111690685,0.35089184870701173,0.4652369916439056,1.0754947662353516,0.5671908855438232,-0.4092750549316406,-0.5178136825561523,-0.768648624420166,6.048136511182888,4.092733364640327,0.51045604404726,0.244801517676047,1.2252401470049048
3,1771110047435,1771110050755,0,0.01544110476970673,0.05938536326090495,-0.12601250807444256,0.25677602934505334,0.29832802136133413,0.2965389841285227,0.4652369916439056,0.7240734100341797,0.5671908855438232,-0.6163331270217896,-0.5178136825561523,-0.768648624420166,5.434492873799853,2.634685695743959,0.4686360226353342,0.18973054221254107,0.9620974892401262
3,1771110048585,1771110051873,0,0.013260116924842188,0.09631185531616211,-0.14904545148213705,0.2456091526690109,0.2766919466226731,0.34176514607534103,0.413977563381195,0.7240734100341797,0.5671908855438232,-0.6163331270217896,-0.4471397399902344,-0.768648624420166,5.502669373006389,2.7537910198409947,0.482921540063027,0.21257692576656592,0.9620974892401262
3,1771110049704,1771110052974,0,0.010024688392877568,0.08125038146972656,-0.20557247002919515,0.24501418221491722,0.27296466002819997,0.43917983053561255,0.413977563381195,0.5918445587158203,0.6838979721069336,-0.6163331270217896,-0.4471397399902344,-1.1769484281539917,6.457723502941794,3.459914264863344,0.5447921501495983,0.26652986856042404,1.2311507156163772
3,1771110050872,1771110054076,0,0.03313855230808258,0.045893764495849615,-0.1293495217959086,0.25987123763166603,0.23633767882189916,0.548813745732137,0.7178457379341125,0.6383247375488281,1.0026497840881348,-0.4507997632026672,-0.4471397399902344,-1.1769484281539917,6.96576788712957,3.7003827787256838,0.5932253151663922,0.284880511038904,1.2311507156163772
3,1771110051990,1771110055228,0,0.0016395022471745928,0.06450516382853189,-0.09922013680140178,0.3551112326054567,0.3226040161479362,0.6907356195659862,0.7178457379341125,0.8146877288818359,1.3572664260864258,-1.111783742904663,-0.6587133407592773,-1.5333853960037231,8.986382504031676,4.931481557575725,0.7460066013229765,0.3821883325990236,1.7363727608295731
3,1771110053099,1771110056298,0,0.01173082763950031,0.11909478505452474,0.006569552421569823,0.5183707810307773,0.4158498845402051,0.9655245136231,1.4337657690048218,0.8146877288818359,3.158243179321289,-1.111783742904663,-1.0305986404418943,-2.1411163806915283,13.078346154476616,9.157493201107807,0.9558584953136656,0.666007111090363,3.17092964372298
3,1771110054177,1771110057432,0,-0.03616812030474344,0.13557844161987304,0.01017090876897176,0.5894205054149565,0.545136016415827,1.0984469269558463,1.4337657690048218,1.1590709686279297,3.158243179321289,-1.111783742904663,-1.0305986404418943,-2.1411163806915283,15.902915745423774,9.55237921559322,1.1855438854625822,0.6462745234918539,3.17092964372298
3,1771110055294,1771110058550,0,0.027919088676571845,0.14578990936279296,-0.007089980443318693,0.6793488143765601,0.5570443304569923,1.1784155022461562,1.4337657690048218,1.1590709686279297,3.158243179321289,-1.0262134075164795,-1.0305986404418943,-2.1411163806915283,17.808820250493344,9.762774914463954,1.3171948712916055,0.6232914820581669,3.17092964372298
3,1771110056398,1771110059686,0,0.03843856478730837,0.04030965169270833,0.0697947601477305,0.6048266752397614,0.5497313150186804,1.0837999380694034,1.1002600193023682,1.1590709686279297,2.0688588619232178,-1.0262134075164795,-0.8785982131958008,-2.0460007190704346,15.925299270620858,8.245168458638279,1.2547465521354237,0.4713943186848416,2.079609920944013
3,1771110057548,1771110060786,0,0.04769335339466731,0.08933595021565756,0.060986349980036415,0.5940570777586329,0.56156618162303,1.1463161273819047,1.1002600193023682,1.4697656631469729,2.0688588619232178,-1.3302193880081177,-0.8545379638671875,-1.85653817653656,17.75597850213432,13.941960994931256,1.2935060585976446,0.5156596003899969,2.079609920944013
3,1771110058667,1771110061921,0,0.04123949197431404,0.06839195887247722,0.17343867023785908,0.5327373122349106,0.5338625696730223,1.0894911351356578,1.262824773788452,1.4697656631469729,1.7607793807983398,-1.3302193880081177,-0.8545379638671875,-2.212805986404419,17.22628961612975,14.138957130983608,1.192703470870804,0.5673894897457951,2.2174729835428093
3,1771110059801,1771110063040,0,-0.0042733309169610345,0.017895889282226567,0.06755356788635254,0.6054782277106832,0.65079327351066,1.023051474858732,1.3615707159042358,1.4697656631469729,1.62079119682312,-1.3302193880081177,-1.5730609893798828,-2.212805986404419,17.3317166917699,14.372677338505454,1.2040869181628453,0.5848263419520547,2.4302084906788375
3,1771110060905,1771110064231,0,-0.020802006373802823,-0.04382953643798828,0.09907662471135457,0.566174720765948,0.5549842530857325,0.9122567330414403,1.3615707159042358,0.922532081604004,1.4313154220581057,-0.9184326529502868,-1.5730609893798828,-2.212805986404419,13.912637384545235,8.354476756317235,1.0603519572562485,0.5569976931865678,2.4302084906788375
3,1771110062025,1771110065321,0,-0.054009931286176045,-0.0466939608256022,-0.019510960578918456,0.5589261898955559,0.5752701472288615,0.7738618348954579,1.3615707159042358,0.922532081604004,1.3680139780044556,-1.1820809841156006,-1.5730609893798828,-1.7087204456329346,12.212265161012681,6.598298044390454,0.9822912631284983,0.49969484403760533,2.4302084906788375
3,1771110063203,1771110066444,0,-0.07600743348399798,0.06633631388346355,0.04023863474527995,0.4343841270718452,0.4464483579592949,0.6724206154691961,0.8855741620063782,0.8237276077270508,1.3680139780044556,-1.1820809841156006,-0.9321632385253906,-1.7087204456329346,10.209953762623151,4.943135115415582,0.8191760744305054,0.3977055234019474,1.9678929924479327
3,1771110064293,1771110067546,0,-0.07137445211410523,0.046605078379313145,-0.08646124998728434,0.4189557423664473,0.4690360696353665,0.6044758951177402,0.8855741620063782,0.8616170883178711,1.7877910137176514,-1.1820809841156006,-0.9321632385253906,-1.1844499111175537,10.223246439119203,4.379500576595962,0.7907744763737886,0.35954542505352366,1.8302390564699913
3,1771110065428,1771110068682,0,-0.03460170601805051,0.019225565592447924,-0.02096918423970541,0.34357425351324555,0.41228043562604255,0.5867372314740298,0.6857564449310303,0.8616170883178711,1.7877910137176514,-0.8392728567123413,-0.9321632385253906,-1.1844499111175537,9.032696921664796,4.581577393016003,0.7006366771557399,0.3557186378683893,1.8302390564699913
3,1771110066561,1771110069784,0,-0.011226564024885494,-0.007371425628662108,0.0018721779187520309,0.3192946256675689,0.40813236168893824,0.5727796574922227,0.6857564449310303,0.8616170883178711,1.7877910137176514,-0.8392728567123413,-0.6316194534301758,-1.1844499111175537,9.129224293412754,4.28876228058296,0.6827190611949447,0.3385408755016629,1.8302390564699913
3,1771110067663,1771110070901,0,0.04547397581239542,-0.02116273244222005,-0.020408582687377927,0.3119648792742447,0.33080438068251544,0.46882706059094076,0.7438418865203857,0.5947580337524414,0.9609978199005128,-0.747408926486969,-0.5836753845214844,-0.8067456483840942,7.684466035380163,3.0683708758439,0.5991994144836937,0.24117457836511041,1.0726605417737212
3,1771110068782,1771110072036,0,0.04519814519832533,0.008691342671712251,-0.035420823097228986,0.24964930708188338,0.3465835621508876,0.5650906185479773,0.7438418865203857,0.5947580337524414,0.9609978199005128,-0.5471941828727722,-0.5836753845214844,-0.8445167541503906,8.18525301080458,3.3659393584256097,0.6585389311341181,0.2379788318578287,1.0726605417737212
3,1771110069902,1771110073237,0,0.0798299064859748,0.011955420176188166,-0.10418050289154053,0.2901386533302983,0.309192051144851,0.5392001489396805,0.7438418865203857,0.6394290924072266,0.9609978199005128,-0.6081262230873108,-0.513829231262207,-0.8445167541503906,7.885541429328721,3.3485026249867875,0.6420140503300291,0.2491786789143101,1.0724255442618615
3,1771110071021,1771110074272,0,0.034932730905711654,-0.03078282674153646,-0.02172832886377971,0.28597215335231085,0.3331911906934378,0.4922543286665014,0.4728397727012634,0.6394290924072266,0.9242563247680664,-0.7854192852973938,-0.5230522155761719,-0.8445167541503906,8.17388470715052,3.99643418113357,0.611164801596793,0.22680233900002503,1.0724255442618615
3,1771110072217,1771110075394,0,0.039085187514623004,0.003915786743164053,0.03333269755045573,0.2898528874230157,0.35039137755048333,0.4528586179921239,0.4728397727012634,0.6394290924072266,0.9286670684814452,-0.7854192852973938,-0.5230522155761719,-0.7826952934265137,8.251113286485413,3.8604239110771745,0.5962952596598053,0.21630143624532408,0.9861928363456853
3,1771110073291,1771110076527,0,0.06618594129880268,-0.0023799896240234504,0.03490606149037679,0.25267767646791045,0.36430015708219815,0.4583789920379242,0.4728397727012634,0.6813697814941406,0.9286670684814452,-0.7854192852973938,-0.5230522155761719,-0.807265043258667,7.545570089930494,4.194901888481924,0.5998944080191794,0.2004672767434721,0.9861928363456853
3,1771110074374,1771110077644,0,0.05121649478872614,0.08667494455973307,-0.04954501390457155,0.3951657772487211,0.5132464892604304,0.6083887419749047,1.031093955039978,1.4316205978393557,1.224442720413208,-0.946675419807434,-1.1464347839355469,-1.2857978343963623,9.398065339387312,5.462732469370124,0.7771048901569958,0.4219282803960422,2.147545635336021
3,1771110075507,1771110078748,0,-0.06363454138239225,-0.011788940429687488,-0.43639163970947265,0.5591366653000249,0.5963787111655259,0.9070107233170641,1.031093955039978,1.4316205978393557,1.224442720413208,-1.5832772254943848,-1.1464347839355469,-3.2716078758239746,12.27614561386611,8.170224351410914,1.0567175667671393,0.7329050487259183,3.6565164914906534
3,1771110076626,1771110079864,0,-0.02892646019657453,-0.013774267832438151,-0.4088698824246724,0.7302168935424111,0.645013593519838,1.150727776594712,1.5278892517089844,1.4316205978393557,2.11348819732666,-1.5832772254943848,-1.1953983306884766,-3.2716078758239746,20.524224415478365,24.271158253319165,1.3386569727652753,0.7704797666115442,3.6565164914906534
3,1771110077748,1771110081016,0,0.01752753642698129,-0.1429931322733561,-0.5163120230038961,0.8249123787446303,0.7450732813356232,1.3490436618272743,2.001241445541382,1.5447349548339844,3.106621742248535,-1.5832772254943848,-1.6687488555908203,-3.2716078758239746,23.60917044408114,25.6096587775359,1.5938202965712553,0.8514196251411893,4.054724246579483
3,1771110078864,1771110082223,0,0.13457201967636745,-0.1516018549601237,-0.08712377150853474,0.8060694595212479,0.7114645149804213,1.217198548972056,2.001241445541382,1.5447349548339844,3.106621742248535,-1.455217957496643,-1.6687488555908203,-2.3663785457611084,21.49203665783371,25.917482095446566,1.4314960690081489,0.7536721204072131,4.054724246579483
3,1771110079965,1771110083237,0,0.10963707442084948,-0.1682315985361735,-0.06244544188181559,0.6820638332029525,0.7115471133829302,1.0059413897089324,2.001241445541382,1.5447349548339844,3.106621742248535,-1.455217957496643,-1.7231621742248535,-1.7569196224212646,15.146848784233672,13.374256673462817,1.1841988017133116,0.7605866305603497,4.054724246579483
3,1771110081152,1771110084337,0,0.08494114192823568,-0.06641303698221843,0.18529915412267048,0.48197339141880435,0.46470714683923975,0.485554485704138,1.18442964553833,0.5731840133666992,1.206620216369629,-1.1945244073867798,-1.7231621742248535,-0.9367691278457642,9.979928844042224,7.180086439033475,0.7336576143257737,0.4180270616327479,1.7391773683438332
3,1771110082267,1771110085457,0,0.047743583718935646,-0.060677258173624675,0.2785508712132772,0.3500111195873847,0.39899417757052796,0.40039564190516497,0.7821984887123108,0.4374513626098633,1.206620216369629,-0.5451089143753052,-1.7231621742248535,-0.4523782730102539,8.207667861328966,7.016079198058965,0.6370526742337621,0.32958035740898683,1.7391773683438332
3,1771110083353,1771110086557,0,-0.056594251344601304,0.01746918360392252,0.273222541809082,0.32190746034038537,0.2539419244027127,0.3874165753211501,0.5408048629760742,0.5349893569946289,1.206620216369629,-0.6992663741111755,-0.4910793304443359,-0.4640135765075683,5.970846731677132,2.4065315608749906,0.5700885047815819,0.25069593203531537,1.250331532097365
3,1771110084437,1771110087693,0,-0.0729951873421669,0.021338748931884758,0.13552883466084797,0.3053576604252388,0.24075389271591952,0.4311045905317263,0.5408048629760742,0.5349893569946289,0.9953200817108154,-0.6992663741111755,-0.4910793304443359,-0.6505694389343262,5.320493808147097,1.9205700696503296,0.5540860370616078,0.21081625493722458,1.072475834173061
3,1771110085560,1771110088829,0,-0.12604810545841852,0.11686824162801104,-0.19057755470275878,0.23598346410397944,0.16688825585032568,0.3464855828579152,0.2602309286594391,0.5349893569946289,0.6060528755187988,-0.6992663741111755,-0.2833938598632812,-0.6505694389343262,4.452420800565661,1.8472921539871394,0.48491496100170367,0.1687561043506601,0.7644976210940705
3,1771110086673,1771110089982,0,-0.08598611888786158,0.08307806650797524,-0.228934907913208,0.22572922868298612,0.1650583807156182,0.31504166956776464,0.2602309286594391,0.3352899551391601,0.4809887409210205,-0.5642828345298767,-0.3320608139038086,-0.6505694389343262,4.4030907067431295,2.0813226368926565,0.46338513196622005,0.15596824286823244,0.7644976210940705
3,1771110087809,1771110091098,0,-0.07444727954765161,0.13512576421101885,-0.242673663298289,0.19051157761397391,0.19967862007564285,0.37013038210541466,0.2398482263088226,0.5393075942993164,0.644243597984314,-0.4524537622928619,-0.3320608139038086,-0.9084354639053344,4.795726772436898,2.942954623479192,0.5022088218568761,0.1944101535997354,0.9290967571580865
3,1771110088944,1771110092232,0,-0.026435859873890886,0.10930185317993164,-0.08231064875920614,0.19665287575556978,0.2323163577935927,0.44454250279654256,0.2593950033187866,0.5393075942993164,0.783052921295166,-0.3905231058597564,-0.3320608139038086,-0.9084354639053344,5.7026598380162055,3.354808034792403,0.5060327167776771,0.2131963317238762,0.9290967571580865
3,1771110090080,1771110093384,0,0.009962747494379668,0.11417773564656576,-0.01302411953608195,0.3370293973924418,0.23563804933388552,0.7534481213126378,0.9693485498428344,0.5455293655395508,1.830328345298767,-1.030831813812256,-0.3112592697143554,-1.546836018562317,8.091682556685067,4.8546064142945164,0.7055454250834168,0.485389281862075,2.0930296747185553
3,1771110091264,1771110094490,0,0.0746622731288274,0.05935033162434895,0.191945481300354,0.3464456214510051,0.24220279512445134,0.7493931407454564,0.9693485498428344,0.561314582824707,1.830328345298767,-1.030831813812256,-0.3112592697143554,-1.546836018562317,8.707280188248449,5.569706258896988,0.7376476055739262,0.47425107048489984,2.0930296747185553
3,1771110092352,1771110095639,0,0.08266814698775608,0.0964141527811686,0.16026437282562256,0.3867011515518887,0.26980260991011606,0.7342206286974362,0.9693485498428344,0.5973777770996094,1.830328345298767,-1.030831813812256,-0.4287328720092773,-1.546836018562317,9.499871087023285,5.48428825352613,0.7496909069623553,0.4724938019419272,2.0930296747185553
3,1771110093487,1771110096776,0,0.029111133251960065,0.1437533378601074,0.06213287512461345,0.3452297814639081,0.2762128557768196,0.4604855184509764,0.7066267728805542,0.7650051116943359,0.958065390586853,-0.8862705230712891,-0.4287328720092773,-0.5845451354980469,7.461848761924634,5.1002683598697764,0.6073774169079079,0.22834993341760418,1.0208438155759405
3,1771110094608,1771110097891,0,-0.04220257303677499,0.09277642567952474,0.04558658599853516,0.34989662155009355,0.3228664554345676,0.39200190646358635,0.7066267728805542,0.7650051116943359,0.7587089538574219,-0.8862705230712891,-0.4287328720092773,-0.5845451354980469,6.786613783680622,4.166166628283394,0.576761879874055,0.2216017364672878,0.9459670431731395
3,1771110095754,1771110099010,0,-0.07049760385416448,0.04467296600341796,0.11442974408467607,0.3004354328023215,0.287863202947162,0.38028163640433266,0.447141170501709,0.7650051116943359,0.7587089538574219,-0.8862705230712891,-0.3742446899414062,-0.5081872940063477,5.629016481683519,3.4271897178429045,0.526113605510895,0.2283682653978386,0.9323678889985706
3,1771110096889,1771110100134,0,-0.08336299369111656,-0.0035182952880859404,0.11103723843892416,0.21760188094920668,0.26480055718244144,0.3851940825407842,0.447141170501709,0.7263460159301758,0.6818885803222656,-0.4703116416931152,-0.3834924697875976,-0.552375316619873,5.156063396068411,2.854587021690076,0.4837229496910146,0.20915113769482907,0.895966974695599
3,1771110097993,1771110101246,0,-0.07019676053896547,0.07320397694905599,0.008076079686482746,0.21217867660956288,0.18216692274336826,0.382489898559506,0.4967483878135681,0.3805246353149414,0.6366868019104004,-0.4025938808917999,-0.3834924697875976,-0.5705058574676514,4.943764175379351,2.3139197822149526,0.44335981182095396,0.1785092640438487,0.7589935562379612
3,1771110099129,1771110102364,0,-0.046002864558249715,0.0802533467610677,-0.03286918799082438,0.2202441053182783,0.19265107899363673,0.3763103694514937,0.5545576810836792,0.3805246353149414,0.6356267929077148,-0.3669679760932922,-0.5060091018676758,-0.7246460914611816,4.870079200412325,2.21227020878287,0.4390833486260692,0.19431598352081372,0.9528662334277094
3,1771110100245,1771110103482,0,0.004749741405248634,0.05971094767252603,0.09829366207122801,0.24086089583257791,0.2132092294834357,0.3828226769354653,0.5545576810836792,0.3980903625488281,0.7479164600372314,-0.3794892728328705,-0.5060091018676758,-0.7246460914611816,5.561002184396782,2.7690227649113908,0.4627148767130895,0.20553306945821437,0.9528662334277094
3,1771110101363,1771110104567,0,-0.0073693501452605,0.04134324391682943,0.002663095792134603,0.2162208402922151,0.21134534141956468,0.40640137122810954,0.5545576810836792,0.3980903625488281,0.7479164600372314,-0.3868657350540161,-0.5060091018676758,-0.7246460914611816,5.228437926881199,2.7243471337598746,0.45597780737002563,0.2081509798574924,0.9528662334277094
3,1771110102467,1771110105711,0,0.008315314600865039,0.03034693400065104,-0.04552699724833171,0.2175611813823757,0.19986937456669884,0.4250184142625242,0.6242294907569885,0.3980903625488281,0.7479164600372314,-0.3868657350540161,-0.3125848770141601,-1.0241400003433228,5.656830826865218,3.1010744764788933,0.4652328250063929,0.21722017506088886,1.0468210010457324
3,1771110103585,1771110106840,0,-0.017051415642102555,0.050129858652750624,-0.2250559647878011,0.19679648081645257,0.2215329409512741,0.4666198176152695,0.6242294907569885,0.6166572570800781,0.507776141166687,-0.3868657350540161,-0.3588132858276367,-1.3112428188323977,6.436836567958762,4.023112934900329,0.5097241889763573,0.30341212414656027,1.3580618752032085
3,1771110104670,1771110107942,0,0.030677872399489096,0.07784318923950194,-0.06233378251393638,0.27394382179439364,0.2311633609068506,0.6116330937071351,0.6351455450057983,0.6166572570800781,1.198026180267334,-0.4983106255531311,-0.3588132858276367,-1.3112428188323977,7.421576786299095,3.8513101777837653,0.6192076606343816,0.3423432443517867,1.3773356966394283
3,1771110105822,1771110109076,0,-0.00719019571940103,0.06809072494506836,-0.02552841504414879,0.2820247192711498,0.2545795286749427,0.6888505332343887,0.6351455450057983,0.6166572570800781,1.198026180267334,-0.4983106255531311,-0.4441461563110351,-1.3112428188323977,8.531696830339632,4.562475894926523,0.7101414605022416,0.3204637745380666,1.3773356966394283
3,1771110106957,1771110110225,0,0.05945858582854271,-0.06840534210205078,0.2657703757286072,0.3077538555720648,0.3562480923262512,0.6842569178839095,0.677525520324707,0.6136894226074219,1.198026180267334,-0.4983106255531311,-0.762293815612793,-1.111721396446228,8.621813548893945,6.756852081951388,0.8105955753006306,0.3027828967287886,1.3773356966394283
3,1771110108055,1771110111311,0,0.037916146715482074,-0.09958241780598959,0.17820545434951782,0.32680085681069776,0.3926081658567388,0.6342020027069286,0.6964939832687378,0.6428709030151367,1.1071943044662476,-0.6159937977790833,-0.762293815612793,-1.111721396446228,9.180727773713288,6.713031027320819,0.7778768902911646,0.28599391126424023,1.3212712447039028
3,1771110109192,1771110112446,0,0.07880612860123316,-0.09822607040405273,0.20816914637883505,0.31974959046568463,0.3903912634568642,0.58063851953228,0.6964939832687378,0.6428709030151367,1.633146047592163,-0.6159937977790833,-0.762293815612793,-0.5398495197296143,8.46975422649933,6.652388662401318,0.7138165935342557,0.3548468144639937,1.6582021812495384
3,1771110110329,1771110113581,0,-0.014385901391506199,0.025013542175292953,0.020762213071187346,0.3371431616397191,0.2847291558267448,0.4457364501953495,0.6964939832687378,0.6428709030151367,1.633146047592163,-0.6159937977790833,-0.7294588088989258,-0.5398495197296143,7.506569188782495,3.712306288345855,0.5516834896344676,0.28262130499646104,1.6582021812495384
3,1771110111428,1771110114700,0,-0.01748159732669592,0.05386044184366862,-0.04899727503458658,0.25767796622883626,0.23905347503691138,0.44176828452930456,0.3899045586585998,0.5221166610717773,1.633146047592163,-0.5571873784065247,-0.5571193695068359,-0.7512109279632568,6.49248627765271,3.3833918112835533,0.4930848139266793,0.2701626156250283,1.6582021812495384
3,1771110112563,1771110115818,0,0.0029097383841872253,0.11534261703491211,-0.14305070638656617,0.24727210357052143,0.24502157008080322,0.3401771486462442,0.4447225332260132,0.7842502593994141,0.5369522571563721,-0.5571873784065247,-0.3667783737182617,-0.7512109279632568,6.277827399036042,2.153812367272521,0.4805960518432066,0.18139182884729577,0.794181810469854
3,1771110113699,1771110116922,0,0.05107459419717391,0.14165201187133789,-0.1493449052174886,0.18570369069984372,0.23165572735551732,0.3629411486311176,0.4447225332260132,0.7842502593994141,0.7450966835021973,-0.3036932349205017,-0.3667783737182617,-0.7512109279632568,6.163886398813959,2.6548691330821668,0.4666236537438394,0.202877923483501,0.794181810469854
3,1771110114805,1771110118055,0,0.07427965514361859,0.057672945658365886,0.013656123479207357,0.22802459977370693,0.23609419849908958,0.4058219096770815,0.5487613081932068,0.7842502593994141,0.7450966835021973,-0.4534251689910888,-0.3924331665039062,-0.633542537689209,6.183760984723564,2.6487630277045344,0.4813955322378879,0.2050265106958873,0.8206823891118894
3,1771110115939,1771110119173,0,0.05101084783673286,0.0033871650695800736,0.05632062355677287,0.2683202473905275,0.21431226635175385,0.4395934939310262,0.8206272721290588,0.3219261169433594,0.7450966835021973,-0.4534251689910888,-0.5707302093505859,-0.8361539840698242,6.901640944369881,3.0023292652143465,0.5178065767741087,0.19945862675491766,0.8647496196581023
3,1771110117036,1771110120261,0,0.017206502705812456,-0.02904357910156251,0.05086259047190348,0.37851921417415163,0.27594940688767716,0.4259662416796516,0.8206272721290588,0.6944046020507812,0.7431023120880127,-0.9739791750907898,-0.5707302093505859,-0.8361539840698242,7.652076728988973,2.8237285674848636,0.5942196684822841,0.19863140697341547,1.0865111629555781
3,1771110118185,1771110121360,0,0.05721555389463901,0.01065909067789712,-0.06808282534281412,0.37829418345978444,0.26585135260766884,0.3963827494912104,0.8206272721290588,0.6944046020507812,0.5650815963745117,-0.9739791750907898,-0.5707302093505859,-0.8361539840698242,7.525976233556916,3.248284292733047,0.5604969510337543,0.2328347778706766,1.0865111629555781
3,1771110119316,1771110122484,0,0.09274491406977177,0.025224749247233072,-0.02074834903081258,0.3690216495691499,0.2562647677941095,0.35327479739952466,0.6186787486076355,0.6944046020507812,0.6365292072296143,-0.9739791750907898,-0.5449342727661133,-0.794389009475708,6.341226030588189,3.194653609579169,0.5175864552860975,0.24396713495854877,1.0865111629555781
3,1771110120374,1771110123631,0,0.13491426333785056,0.020858097076416008,0.029594528675079352,0.2625457528648108,0.19739493667659688,0.36832104140633637,0.6186787486076355,0.3181171417236328,0.7127437591552734,-0.4368360042572021,-0.480783462524414,-0.794389009475708,5.201677690909146,2.6736457830291736,0.45676052396106454,0.21889886035445266,1.0089983375028624
3,1771110121480,1771110124749,0,0.08456810042262078,0.044963773091634116,0.08506521781285604,0.25751661495479145,0.21046502394701166,0.41399133314050207,0.5470168590545654,0.440439224243164,0.7127437591552734,-0.4670568704605102,-0.480783462524414,-0.7994495630264282,5.80272832350584,3.0491724179631365,0.5006323254614479,0.19924700259754846,0.8607856540649523
3,1771110122597,1771110125884,0,0.12568831543127695,-0.02197265625,0.0877847671508789,0.45899329481185175,0.41340938325273907,0.5455724225151521,1.3036783933639526,1.174809455871582,1.7684106826782229,-0.8774340152740479,-1.081068992614746,-0.8033411502838135,8.802716512632067,5.2360013886367325,0.703089637058785,0.43893506850007163,2.041136750589103
3,1771110123747,1771110126984,0,0.16317765613396962,-0.0273347536722819,0.11936894257863363,0.4782577449732381,0.4289302483868704,0.6403478283286524,1.3036783933639526,1.174809455871582,1.7684106826782229,-0.8774340152740479,-1.081068992614746,-0.937330722808838,10.49750393514463,4.623354218055325,0.8083995143835124,0.4356268293977467,2.041136750589103
3,1771110124866,1771110128105,0,0.13618986507256825,-0.04519939422607422,0.11097642183303832,0.5095542274430945,0.47375850779170564,0.7672471467393105,1.3036783933639526,1.174809455871582,1.7684106826782229,-0.8774340152740479,-1.081068992614746,-1.4088709354400637,13.007564239939505,5.981014657981794,0.9249533856144987,0.470915970833808,2.041136750589103
3,1771110126000,1771110129240,0,-0.025222538411617278,-0.12100435892740885,0.21949338515599567,0.48449898532014046,0.4491380342309062,0.794942107577163,0.6180664896965027,0.6451568603515625,1.6790869235992432,-1.4573928117752075,-0.993870735168457,-1.4088709354400637,13.02077489243077,7.845087647193382,0.9584056101594676,0.42874904524045726,1.7568214969276064
3,1771110127085,1771110130360,0,-0.12959737281004588,-0.04300142923990886,0.202967902024587,0.5383864926158077,0.4721498887919679,0.833059969909109,0.6900753378868103,0.8381385803222656,1.6790869235992432,-1.4573928117752075,-0.993870735168457,-1.753648281097412,14.016325537789218,8.446481752345354,1.0106320574874466,0.46052299402309893,1.7904865034542932
3,1771110128236,1771110131495,0,-0.1522499144077301,-0.009478600819905607,0.038346258799235027,0.5315376647250849,0.47303912824621414,0.8162092121704886,0.6900753378868103,0.951862335205078,1.472917079925537,-1.4573928117752075,-0.993870735168457,-1.8477661609649656,12.3031938417839,7.5824707568195135,0.9721070417086178,0.46958617854396784,1.874210155847525
3,1771110129342,1771110132629,0,-0.14113327066103618,0.08410806655883789,-0.01278262138366699,0.41718068132265584,0.33000167758156546,0.7387971915583235,0.6900753378868103,0.951862335205078,1.527449607849121,-1.332585096359253,-0.4781436920166015,-1.8477661609649656,10.3729354183043,5.666152494390901,0.7931434921384434,0.4539667437552697,1.874210155847525
3,1771110130475,1771110133730,0,-0.10155912041664124,0.04021994272867838,-0.01340198516845702,0.33430103647199294,0.3051732479845677,0.6448220847214782,0.6182194948196411,0.951862335205078,1.527449607849121,-0.6659168004989624,-0.4781436920166015,-1.8477661609649656,8.867573640864599,3.7983785503392413,0.693547583134651,0.36826325372569885,1.874210155847525
3,1771110131602,1771110134851,0,-0.005169104039669057,-0.0032141049702962155,0.08623731931050618,0.42940375796170444,0.22552374274530726,0.5181335350047079,0.9093963503837584,0.6402912139892578,1.527449607849121,-0.6659168004989624,-0.457097053527832,-0.6365253925323486,8.331462175164187,3.377320147453014,0.6482056982557801,0.2770979670308832,1.531775260205864
3,1771110132732,1771110135990,0,0.1176257244621714,0.058191076914469404,-0.013528498013814285,0.4730656742320227,0.23759859689639917,0.46142306078335305,1.1621100902557373,0.6402912139892578,0.9084305763244628,-0.6659168004989624,-0.358067512512207,-0.7357525825500488,7.938182691253431,3.5327070635048603,0.6588989300432394,0.249082835398118,1.378653724896823
3,1771110133851,1771110137135,0,0.16729222604384025,0.020833524068196628,0.04757978121439615,0.47981868597657323,0.21877290885328343,0.4580415128173371,1.1621100902557373,0.5849018096923828,1.1293246746063232,-0.6500499844551086,-0.358067512512207,-0.7357525825500488,7.200563365899104,3.7544675904746962,0.6545103969813063,0.2765438772017422,1.378653724896823
3,1771110134967,1771110138271,0,0.11111979850878319,-0.03717444737752277,0.18247210184733073,0.4957548121602083,0.2268631435961355,0.4018913596945322,1.1621100902557373,0.5849018096923828,1.1293246746063232,-0.918383240699768,-0.4257564544677734,-0.7357525825500488,6.796437940548516,3.841426414472507,0.6412292077612508,0.28644411882246784,1.378653724896823
3,1771110136103,1771110139375,0,0.0827248548467954,-0.026151720682779933,0.12572251955668132,0.5308229859581064,0.22786136821383654,0.3868451814800607,1.1297948360443115,0.3768510818481445,1.1293246746063232,-0.918383240699768,-0.5770645141601562,-0.555401086807251,8.013494869132744,4.280743782396205,0.6429381210772163,0.28259080409588166,1.2230782643279667
3,1771110137236,1771110140492,0,0.04594366699457169,0.009046459197998057,0.0020585219065348335,0.5516529797837779,0.26200197005879156,0.2848623476487792,0.8352866768836975,0.5359058380126953,0.7331161499023438,-0.92749285697937,-0.5770645141601562,-0.555401086807251,8.541102755508643,4.007442958045666,0.6146216120519477,0.2561236568564119,1.1113936276703662
3,1771110138373,1771110141593,0,0.03046344717343648,0.0541229248046875,-0.08316791852315267,0.5384671091551334,0.2394724079346089,0.34287055623435014,0.8352866768836975,0.5359058380126953,0.5678868293762207,-0.92749285697937,-0.5770645141601562,-0.680150032043457,8.937489862477587,4.063082076481241,0.6359727276199602,0.2399824328268957,1.0484010048505976
3,1771110139490,1771110142711,0,-0.003303398750722412,0.04258263905843099,-0.042452780405680325,0.47535911790334207,0.20488592996183042,0.4177960117668197,0.7752314805984497,0.5359058380126953,0.5678868293762207,-0.92749285697937,-0.2837247848510742,-1.1897027492523191,7.76427739900724,3.4689973131946474,0.5977780138504586,0.2767470890881544,1.3471962184548945
3,1771110140593,1771110143850,0,0.03679649507006009,0.006671937306721993,-0.05525133609771728,0.40243958463776125,0.18148251024982456,0.41458921020876255,0.7752314805984497,0.4238414764404297,0.5678868293762207,-0.7917188405990601,-0.3150453567504883,-1.1897027492523191,6.746440021115327,3.50537129185346,0.5292568340892276,0.2856756420966634,1.3471962184548945
3,1771110141711,1771110144950,0,0.022662906100352594,0.004317442576090493,-0.05651292800903318,0.3551061198786374,0.2866226502161876,0.4846038463012476,0.7752314805984497,0.6147680282592773,1.687414050102234,-0.6480792760848999,-0.7063579559326172,-1.1897027492523191,7.592536822657765,5.191264965379034,0.5355907682396918,0.38755531202030635,1.9242080253756733
3,1771110142829,1771110146067,0,0.07207110406210025,0.1156383196512858,0.07231925328572592,0.3632766875074464,0.4450336978522507,0.6167053747081469,0.8156073093414307,1.1144132614135742,1.7147958278656006,-0.6480792760848999,-0.7063579559326172,-0.8243985176086426,8.921758868932496,5.655862966673073,0.6972967264260128,0.48164151326630733,1.9242080253756733
3,1771110143964,1771110147186,0,-0.010266603156924247,0.13534701665242513,0.15991857051849365,0.43751097030378294,0.5185884151861951,0.7875751535687803,0.8156073093414307,1.1144132614135742,1.7147958278656006,-1.2005767822265625,-0.7488651275634766,-1.229658842086792,12.237139870635518,6.309699234017959,0.9367156870300228,0.46738320438004477,1.9242080253756733
3,1771110145049,1771110148328,0,0.05389659559975068,0.1489322026570638,0.19183104435602824,0.3985223133853125,0.5025459064773322,0.7299533942792861,0.8156073093414307,1.1144132614135742,1.7147958278656006,-1.2005767822265625,-0.7488651275634766,-1.229658842086792,10.904329468573689,5.76506018500121,0.8939768161783257,0.4259931356692877,1.7677188851022867
3,1771110146184,1771110149405,0,0.014740314893424516,0.00411752065022787,0.29225977261861164,0.33667846962966896,0.39048128054302644,0.6339909120209157,0.4997963309288025,1.0415754318237305,1.6173030138015747,-1.2005767822265625,-0.7488651275634766,-1.229658842086792,9.059393241904415,6.104520679297764,0.7744575910695687,0.3686586040293154,1.7677188851022867
3,1771110147303,1771110150525,0,0.04392624441534281,-0.006060949961344408,0.3091275374094645,0.2048384960085803,0.27670697433748304,0.4225078062700733,0.4997963309288025,0.8015079498291016,1.200961947441101,-0.4311171770095825,-0.5281295776367188,-0.6644266843795776,5.99628134842797,2.6017196458392156,0.5668657673421437,0.25594937174765264,1.2288509032324844
3,1771110148423,1771110151628,0,0.022429315994183227,-0.03882789611816406,0.3702722271283468,0.19358432591415814,0.2277862140727391,0.393495494109995,0.3827906847000122,0.5132417678833008,1.200961947441101,-0.4311171770095825,-0.5281295776367188,-0.3212718963623047,5.930895111036112,2.969778952220565,0.5533941892780727,0.2670281319675511,1.2288509032324844
3,1771110149524,1771110152761,0,0.004887907207012184,-0.08447338740030923,0.3743419170379639,0.24843236073318736,0.2211142845543843,0.43559055959400445,0.6170324087142944,0.5132417678833008,1.4226734638214111,-0.4311171770095825,-0.4100561141967773,-0.3212718963623047,6.019559093635514,3.279137627505158,0.5822811088577535,0.31933856678049544,1.5710292068660803
3,1771110150625,1771110153883,0,0.02833668539921442,-0.06998449961344398,0.3991935968399048,0.30686859559119,0.24068283050981326,0.6125642147303899,0.6609191298484802,0.5132417678833008,1.6339256763458252,-0.7140793204307556,-0.4100561141967773,-1.0153634548187256,6.508991373074847,3.7434362536098433,0.7263975873032805,0.390167910767707,1.785894788325106
3,1771110151742,1771110154983,0,0.003196497261524204,0.0008654594421386659,0.14300646781921386,0.36515224607564745,0.22601961744256052,0.7447883224832268,0.6609191298484802,0.5012388229370117,1.6339256763458252,-0.7589502334594727,-0.4100561141967773,-1.0153634548187256,6.617655612503427,3.5176353798786892,0.774710778040346,0.37339728298843955,1.785894788325106
3,1771110152877,1771110156099,0,-0.025703776876131696,0.09575242996215819,-0.15843037366867066,0.47391562005651217,0.17691418049404778,0.6365698268903976,0.7314810752868652,0.5012388229370117,1.6339256763458252,-0.9224361181259156,-0.2944316864013672,-1.0153634548187256,6.807480636911704,3.3943650600365745,0.7529810115915923,0.3327434322002611,1.785894788325106
3,1771110153996,1771110157264,0,0.018229420979817702,0.08924045562744137,-0.3264401952425639,0.460590063623806,0.12919290868302497,0.2827677089539684,0.7314810752868652,0.3612499237060547,0.117194652557373,-0.9224361181259156,-0.2723941802978515,-0.8301815986633301,6.0556114292981915,3.704394537080549,0.5837261797589676,0.27409095655091276,1.1292498330929572
3,1771110155083,1771110158338,0,0.027050098776817307,0.01747372945149738,-0.06893499294916788,0.4199021111590116,0.15454264899934217,0.31914697476663934,0.7314810752868652,0.2938528060913086,0.612464427947998,-0.9224361181259156,-0.2779626846313476,-0.623560905456543,5.1052911983903835,3.7067449147779974,0.485809070885522,0.25277649311127476,1.0607892291392662
3,1771110156200,1771110159472,0,0.15803629904985428,-0.02721443176269531,0.11139848232269287,0.41230335672849344,0.1180566298268582,0.3169370335469623,0.9920094013214112,0.2192678451538086,0.788287878036499,-0.857364296913147,-0.2779626846313476,-0.545891284942627,4.850235241270557,3.8998397746242013,0.49105859668930163,0.27270357598361283,1.1255393689140547
3,1771110157335,1771110160592,0,0.15402850955724717,-0.014445018768310542,0.14178943634033203,0.5212400375702332,0.1277271013715268,0.298555029114675,0.9920094013214112,0.2780599594116211,0.788287878036499,-0.9488853216171264,-0.2779626846313476,-0.4534215927124023,5.782165411776235,4.317227313508631,0.572998750460861,0.2881796518199127,1.1255393689140547
3,1771110158455,1771110161727,0,0.07749511102835337,0.014377784729003909,0.06564906438191734,0.6424840102016323,0.12050493465266932,0.2995699157535337,0.9920094013214112,0.2780599594116211,0.788287878036499,-1.007828950881958,-0.2500801086425781,-0.4534215927124023,7.5058796550451445,4.951823201897769,0.6470888860356895,0.3078495276969884,1.1255393689140547
3,1771110159573,1771110162861,0,-0.01590223213036855,0.048393662770589194,-0.022279620170593248,0.5500664471107869,0.14125914543732634,0.24139763444451834,0.948494791984558,0.3170442581176758,0.4972462654113769,-1.007828950881958,-0.2500801086425781,-0.4534215927124023,7.151652797154624,4.629378329220532,0.5291340038504485,0.3071815255849247,1.0997437336152796
3,1771110160709,1771110163983,0,-0.05848623216152191,0.05259764989217122,-0.027574419975280748,0.4248963894676034,0.15042141970239423,0.30603253074590114,0.948494791984558,0.3170442581176758,0.8294594287872314,-1.007828950881958,-0.2500801086425781,-0.5321834087371826,6.331823003546636,4.222025213764961,0.4641023506422813,0.2849355321201782,1.0997437336152796
3,1771110161845,1771110165097,0,0.012161169946193687,0.06877155303955078,-0.04123819271723429,0.2491324322901655,0.13461308117633194,0.33444408498950995,0.4138714075088501,0.3170442581176758,0.8294594287872314,-0.7725339531898499,-0.2378902435302734,-0.6392219066619873,5.375570780809699,2.893803482871479,0.39270626590568924,0.19826561172194287,0.9307845963181567
3,1771110162977,1771110166236,0,0.016905491550763443,0.04780667622884115,-0.0055626153945923015,0.2045979612228872,0.12727553868666594,0.34769828243510026,0.4138714075088501,0.2939891815185547,0.8294594287872314,-0.3681278228759765,-0.1993474960327148,-0.6392219066619873,5.148762934450938,2.57669042388892,0.3827014109232977,0.1735935045475611,0.9307845963181567
3,1771110164084,1771110167397,0,0.00775490403175355,0.027183119455973306,0.0621406316757202,0.2023584371767741,0.1304770052881697,0.324782403368205,0.3758704364299774,0.2939891815185547,0.8129584789276123,-0.3681278228759765,-0.1849470138549804,-0.6392219066619873,4.886090980327212,2.400773898292723,0.365343801984953,0.17377946984389764,0.9083963896037713
3,1771110165214,1771110168487,0,0.004037085672219603,0.02136122385660808,0.028860938549041756,0.17005529505987213,0.16143605878094555,0.29890681070604785,0.3758704364299774,0.3062810897827148,0.8129584789276123,-0.22907555103302,-0.3237524032592773,-0.464407205581665,4.2695350300464545,2.0107411064648546,0.3433624399059002,0.153990432939368,0.9083963896037713
3,1771110166349,1771110169624,0,0.006678551932175964,0.03184785842895508,0.012998370329538989,0.17444999545012727,0.2184601487654315,0.3475656668634302,0.3758704364299774,0.6147890090942383,0.8129584789276123,-0.22907555103302,-0.3931245803833008,-0.5846874713897705,4.983462276762847,2.392319048301375,0.3998224498223841,0.1867066702037271,0.9083963896037713
3,1771110167485,1771110170726,0,0.014696880678335822,0.013474941253662118,0.03325217366218567,0.20385235789727557,0.21298777566547863,0.4900604243874308,0.5100760459899902,0.6147890090942383,1.3664672374725342,-0.4484662413597107,-0.3931245803833008,-0.8948516845703125,6.206974754330631,4.371665605189524,0.4881681237456255,0.2865454139446037,1.3907891326269721
3,1771110168604,1771110171826,0,0.07396020044883092,-0.03923047383626302,0.2727347473303477,0.20686200356150938,0.26822898599602313,0.5538354730254877,0.5100760459899902,0.6147890090942383,1.3664672374725342,-0.4484662413597107,-0.6548147201538086,-0.8948516845703125,6.620420778984468,4.540993762219434,0.63237827382712,0.30328278176910917,1.3907891326269721
3,1771110169739,1771110172994,0,0.05863065322240192,-0.03224302927652995,0.32528064846992494,0.22897467119187367,0.28218211200547577,0.5135292695763448,0.5100760459899902,0.589320182800293,1.3664672374725342,-0.5994756817817688,-0.6548147201538086,-0.8948516845703125,6.269641932715116,4.678842296801329,0.6301198416739383,0.31482314426124686,1.3907891326269721
3,1771110170840,1771110174104,0,0.03566711843013762,-0.028597545623779298,0.297941780090332,0.2629656604970661,0.29531720131290035,0.4175204776520964,0.5587899684906006,0.589320182800293,0.9911110401153564,-0.6635894775390625,-0.6548147201538086,-0.5479964017868042,5.6786535945869705,2.8487234807422914,0.5830132119281444,0.27028436111746884,1.0439902071188236
3,1771110171944,1771110175218,0,0.009495375553766876,-0.01886097590128581,0.22833314339319866,0.26296830763858314,0.2477271075640551,0.3646993554029639,0.5587899684906006,0.4536018371582031,0.9135525226593018,-0.6635894775390625,-0.5981388092041016,-0.5479964017868042,5.704040623151944,2.250456179967517,0.5023880319882621,0.2383795214723429,0.9685882454444639
3,1771110173095,1771110176349,0,-0.006345718105634063,-0.025477504730224608,0.19977004528045655,0.26071354381341016,0.19102446280536914,0.3989497735282271,0.5587899684906006,0.3380422592163086,0.9135525226593018,-0.6635894775390625,-0.4302253723144531,-0.7021416425704956,5.891228385843729,2.008221921569135,0.48783024714752715,0.24379432574598567,0.9685882454444639
3,1771110174211,1771110177501,0,0.0015319575866063347,-0.024114418029785145,0.17817225853602092,0.19525630735779628,0.17662644246977394,0.3552353528422585,0.3282570838928222,0.3380422592163086,0.9135525226593018,-0.5393871665000916,-0.4302253723144531,-0.7021416425704956,4.8747887031782575,2.0810243452691575,0.4172101506252008,0.22111436011601507,0.9620647635490486
3,1771110175314,1771110178670,0,-0.045844720800717685,0.029957898457845057,-0.02411308685938519,0.17834293571662957,0.169620058406877,0.3529493337918439,0.2819436192512512,0.4703254699707031,0.6392672061920166,-0.5393871665000916,-0.2162399291992187,-0.7455408573150635,4.4322058180429895,2.469761013035889,0.3834829802341322,0.19163591050008813,0.8891558496385145
3,1771110176468,1771110179805,0,-0.03226193189620972,0.029843457539876297,-0.06929191748301188,0.17892638978573094,0.15050918508414485,0.3226309380014478,0.395501971244812,0.4703254699707031,0.6627633571624756,-0.3321999907493591,-0.2162399291992187,-0.7455408573150635,3.8653110474281442,2.3263920375177007,0.36749410727870474,0.16129013929684294,0.805356539436806
3,1771110177602,1771110180941,0,-0.0383638471364975,0.037982559204101554,-0.13798083464304606,0.18790601892599218,0.13963555992012383,0.3255336418775997,0.395501971244812,0.4703254699707031,0.6627633571624756,-0.3321999907493591,-0.2024774551391601,-0.7455408573150635,4.0462458435822395,2.3699033006031627,0.3844760578304104,0.17484263172764944,0.805356539436806
3,1771110178787,1771110182064,0,-0.021618345379829408,0.042886702219645176,-0.11432387828826904,0.1811453002187869,0.1793588776202073,0.3656368485763478,0.395501971244812,0.6087532043457031,0.6627633571624756,-0.3321999907493591,-0.2942209243774414,-0.9431909322738647,4.816227264292441,2.742924997001492,0.4164433932716164,0.18755013724315753,0.9684539068054064
3,1771110179905,1771110183227,0,0.052486918369928984,0.031384849548339845,-0.05906195243199666,0.20993005400267487,0.19713455079234624,0.4683289022243149,0.4610254168510437,0.6087532043457031,1.2129757404327393,-0.3140964210033417,-0.2942209243774414,-0.9431909322738647,5.731590872429681,3.472581639646302,0.48901205727784813,0.24972648378423715,1.2806901942961946
3,1771110181056,1771110184283,0,0.0666706586877505,0.046328258514404294,0.04042836427688599,0.20339369254095077,0.2168217612983137,0.4824418641535143,0.4610254168510437,0.6087532043457031,1.2129757404327393,-0.3181740641593933,-0.2942209243774414,-0.9431909322738647,6.639472287184658,3.434851057036805,0.5161755468260494,0.23241239425249485,1.2806901942961946
3,1771110182176,1771110185431,0,0.08960041304429373,0.0007325172424316353,0.1958868662516276,0.23836061967557726,0.18308458157960553,0.4549153722916534,0.4638334214687347,0.397526741027832,1.2129757404327393,-0.3874122202396393,-0.3927831649780273,-0.677749514579773,6.2925060509122455,3.495886432816488,0.5229494603200576,0.24975557097628695,1.2806901942961946
3,1771110183295,1771110186549,0,0.009931286176045724,-0.017706712086995445,0.16867889960606894,0.21140793367230878,0.20759029722748126,0.3411186830189859,0.4638334214687347,0.4313249588012695,1.012622594833374,-0.3874122202396393,-0.4414834976196289,-0.353527307510376,5.6030235745075645,2.6715074068017675,0.4240998149779625,0.21896648611217912,1.0303431486433245
3,1771110184440,1771110187652,0,0.08068558623393376,-0.042147986094156896,0.07844181458155314,0.2739623517969488,0.19358509070321112,0.37299308262663633,0.6198724508285522,0.4313249588012695,1.012622594833374,-0.3874122202396393,-0.4414834976196289,-0.6380705833435059,5.175455402214629,2.5257932591411953,0.4543274945199884,0.23034946437521386,1.0303431486433245
3,1771110185533,1771110188753,0,0.05895463327566783,-0.011461035410563154,-0.033547409375508624,0.2508822767527745,0.20203291121894543,0.3283905890444739,0.6198724508285522,0.4313249588012695,0.7310073375701904,-0.3535605370998382,-0.4414834976196289,-0.6380705833435059,5.323595628234419,2.2640961520909015,0.4102192174802751,0.20594332903367338,0.7514162787491021
3,1771110186650,1771110189905,0,0.08269526064395905,0.012052822113037114,0.007968262831370036,0.25969235738520213,0.2148514028515157,0.4516782563993545,0.6198724508285522,0.5411405563354492,1.1147687435150146,-0.3279463648796081,-0.4288911819458008,-0.6380705833435059,6.069854192936627,3.3190902286272332,0.5059448579941096,0.24514826026668465,1.1257481162590888
3,1771110187769,1771110191022,0,0.01593501269817352,0.05705184936523437,-0.016325179735819498,0.22493283635836073,0.2568281680026593,0.45288481884327103,0.4099558591842651,0.7260971069335938,1.1147687435150146,-0.4977281987667084,-0.4288911819458008,-0.6257691383361816,6.117169780970259,3.3273771044680087,0.5078047935136911,0.2425037168953247,1.1257481162590888
3,1771110188873,1771110192176,0,0.0470503956079483,0.09093942642211914,-0.010944410165150966,0.27847941189771336,0.25853342905694116,0.43327518569807305,0.4836745858192444,0.7260971069335938,1.1147687435150146,-0.4977281987667084,-0.4288911819458008,-0.7021971940994263,6.370710064034104,3.2456904506774205,0.5311078117780227,0.22646101424822543,1.1257481162590888
3,1771110190008,1771110193294,0,0.02243935863176981,0.048838329315185544,-0.0497148354848226,0.30597757039666673,0.2506982603448876,0.3846132444614955,0.4836745858192444,0.7260971069335938,0.5419282913208008,-0.5608260035514832,-0.4311609268188476,-0.7021971940994263,6.018523977137383,2.722190313251487,0.5172253014018596,0.18220164327802943,0.8277929852889497
3,1771110191144,1771110194380,0,0.054309771458307905,0.029408963521321607,0.08933778206507365,0.31160637279243975,0.21370554708211564,0.404501603154114,0.5510878562927246,0.4460077285766601,0.7292275428771973,-0.5608260035514832,-0.4311609268188476,-0.7021971940994263,6.032559304860312,2.568765993432051,0.518649668625687,0.2007966899637202,0.9445371683152693
3,1771110192291,1771110195548,0,0.022284417351086938,-0.06682999928792317,0.09259524345397949,0.2790502257498114,0.23290118331896764,0.3930636536424276,0.5510878562927246,0.3293323516845703,0.7292275428771973,-0.5608260035514832,-0.5311155319213867,-0.6802558898925781,5.453381908561488,2.8809826921445016,0.5033528864184167,0.19624910160992054,0.9445371683152693
3,1771110193394,1771110196682,0,0.06821958820025126,-0.04806397755940755,0.1159369707107544,0.242671223923789,0.25001836493147855,0.3665600688955802,0.5510878562927246,0.3293323516845703,0.9361917972564696,-0.5579664707183838,-0.5921602249145508,-0.5811841487884521,5.696797517060787,3.1799865692392713,0.47029926705465813,0.21923849926934605,0.9561769028157625
3,1771110194496,1771110197822,0,0.03430029551188151,-0.08972644805908203,0.12495594024658203,0.23809488505210274,0.24020423077283912,0.43878349319000703,0.7479475140571594,0.3293323516845703,0.9361917972564696,-0.3725655078887939,-0.5921602249145508,-1.0211408138275146,6.574898652819881,4.03880248033086,0.5028381818897295,0.2665540436240189,1.1814380207642885
3,1771110195650,1771110198985,0,0.0878973791996638,-0.07760378519694008,0.23290428320566814,0.30189795584220613,0.20408444868114067,0.4418068306618849,0.8194363117218018,0.3183555603027344,0.9361917972564696,-0.2970782816410064,-0.5921602249145508,-1.0211408138275146,6.628434623764605,3.8274589516442337,0.5480500357987863,0.2959853850884427,1.1814380207642885
3,1771110196785,1771110200087,0,0.09025885711113611,-0.08096075057983398,0.29768873055775963,0.31538118145677296,0.1632132639630217,0.4291306685865831,0.8194363117218018,0.2633943557739258,0.9084954261779784,-0.2970782816410064,-0.3529567718505859,-1.0211408138275146,6.146274039892294,3.4143739001173317,0.5647599628877522,0.2952751363085025,1.1814380207642885
3,1771110197937,1771110201309,0,0.15871064712603886,-0.07346741358439127,0.3076823155085246,0.3036837145385403,0.12725346276196745,0.34343227668451504,0.8194363117218018,0.2633943557739258,0.9084954261779784,-0.2966399490833282,-0.2978200912475586,-0.3606595993041992,4.909684166973432,2.208377769460737,0.5299244040202128,0.2558001689809982,1.0972301857053406
3,1771110199089,1771110202357,0,0.14395043700933458,-0.038111209869384745,0.29780571460723876,0.2940107532911327,0.12355985680704865,0.40352998399878987,0.6008239388465881,0.2424488067626953,0.9552829265594482,-0.4973561763763428,-0.2978200912475586,-0.7551212310791016,5.906082062822427,2.8375338724960595,0.5450538651287368,0.26814754559795184,1.0826853786578625
3,1771110200205,1771110203496,0,0.1521936963001887,-0.016428947448730455,0.2070752223332723,0.29776567756925665,0.1381817604563019,0.39837337062303363,0.6979262828826904,0.2685508728027344,0.9552829265594482,-0.4973561763763428,-0.2704677581787109,-0.7551212310791016,5.7858807737143305,2.9869593993915657,0.5147913788928766,0.24680179994931797,1.0826853786578625
3,1771110201341,1771110204593,0,0.08098203937212627,0.05468540191650391,-0.0048655351003011,0.33848503919596806,0.15460536375309217,0.4363861939038952,0.6979262828826904,0.2685508728027344,0.9552829265594482,-0.5686036348342896,-0.2704677581787109,-0.7551212310791016,5.558394004583218,3.0673916868843305,0.5238525917016815,0.2343626168197408,1.0826853786578625
3,1771110202459,1771110205715,0,0.044764331976572674,0.09285360972086587,-0.18994359970092772,0.3246649188488177,0.12595857114263648,0.27355408247853813,0.6979262828826904,0.2685508728027344,0.5801472663879395,-0.5686036348342896,-0.2704677581787109,-0.6414051055908203,4.006860051917831,2.2038010842366162,0.4565698703599236,0.16963260435397573,0.8493710333437854
3,1771110203594,1771110206864,0,0.03582902451356252,0.11521205902099606,-0.3069263339042664,0.35648275980866945,0.08005090224596902,0.16381906924440032,0.7127448320388794,0.2608404159545898,0.0013847351074218,-0.5686036348342896,-0.0409498214721679,-0.6688394546508789,4.451896163463274,2.3839394286033126,0.48283313585831117,0.1779600137010189,0.8493710333437854
3,1771110204696,1771110208016,0,0.0354063202937444,0.08941106796264646,-0.2670273224512736,0.34873049872080314,0.08032604009530622,0.21505805740509248,0.7127448320388794,0.2536640167236328,0.2298729419708252,-0.521386981010437,-0.1248483657836914,-0.6688394546508789,4.569137262607245,2.462513895514999,0.47054640497134165,0.1691020292552487,0.796298185424575
3,1771110205832,1771110209134,0,0.04390121648708979,0.07236569722493488,-0.21611420313517252,0.32386314743951145,0.1312157147758224,0.2732353615501573,0.7127448320388794,0.4623670578002929,0.4376645088195801,-0.521386981010437,-0.1505756378173828,-0.6688394546508789,5.050060012314385,2.7603671012627222,0.4561480363527764,0.1929860046327887,0.796298185424575
3,1771110206981,1771110210269,0,0.047018001973629014,0.0576568603515625,-0.11145435174306234,0.29594138713443385,0.16853268509832703,0.3074108568477626,0.7060707807540894,0.4623670578002929,0.7270779609680176,-0.521386981010437,-0.2119569778442382,-0.6294628381729126,4.683569834492697,2.7370335454620767,0.4336689042762129,0.18576449309717258,0.7711255806289185
3,1771110208135,1771110211371,0,0.03740730086962382,0.05471954345703126,-0.07311124006907145,0.2527841648286731,0.2272497658004314,0.29102743965931954,0.7060707807540894,0.4783058166503906,0.7270779609680176,-0.4321382939815521,-0.4239740371704101,-0.5852037668228149,5.443355734459256,2.8172767092760385,0.4181166010962275,0.17165095265716018,0.7329456436534908
3,1771110209235,1771110212525,0,0.04029436856508255,0.0692353884379069,-0.09403281609217326,0.24497579728712068,0.2137662968078171,0.29171090209580475,0.7060707807540894,0.4783058166503906,0.7270779609680176,-0.4321382939815521,-0.4239740371704101,-0.5852037668228149,5.324734124482747,2.4891815123074963,0.4243967022502229,0.1423608529474884,0.7329456436534908
3,1771110210387,1771110213641,0,0.030974602202574406,0.05930143992106119,-0.02644240061442057,0.1865360003248711,0.19054453569481963,0.3222693723016303,0.3528756499290466,0.4783058166503906,0.64670729637146,-0.3275120854377746,-0.4239740371704101,-0.5852037668228149,4.807092454214539,2.5014874072492614,0.39024073754334976,0.15091406655068212,0.7404801901275491
3,1771110211477,1771110214761,0,0.005927703777949017,0.048288377126057935,-0.08050438960393268,0.18042208761391382,0.12520786481546653,0.32178383836990415,0.3528756499290466,0.2925949096679687,0.64670729637146,-0.3169559240341186,-0.1470851898193359,-0.5085856914520264,3.807249374727991,2.163472656384154,0.36711027943511404,0.14666199589266263,0.7404801901275491
3,1771110212640,1771110215911,0,-0.012360703696807217,0.03439502716064453,-0.11625547607739767,0.17123231920111356,0.11722937301654757,0.44123413468706424,0.3528756499290466,0.2836027145385742,0.64670729637146,-0.3169559240341186,-0.1470851898193359,-1.020000457763672,4.15862846816731,3.761644619910886,0.43788943933455104,0.23399767392317433,1.0273579171472185
3,1771110213759,1771110217047,0,-0.048226624975601824,0.07002735137939453,-0.152538001537323,0.16664471913923126,0.16698363778891678,0.4929398917401699,0.2938511371612549,0.6797428131103516,0.7911738157272339,-0.3169559240341186,-0.1470851898193359,-1.020000457763672,5.496077159630498,4.4684376536377775,0.5147963779860032,0.2367257510702161,1.0273579171472185
3,1771110214878,1771110218170,0,0.03221500640114149,0.07667280832926432,0.10841660499572753,0.19683967501518781,0.24735814810691084,0.5572532437170921,0.452449232339859,0.6797428131103516,0.7911738157272339,-0.2724676132202148,-0.5040674209594727,-1.020000457763672,6.5201513311657235,4.518509666983864,0.5939198966832464,0.2547023181480611,1.0273579171472185
3,1771110216012,1771110219301,0,0.07973679304122924,0.01863571802775066,0.35603457887967427,0.20290623167693211,0.27443546456760753,0.41757853881645507,0.452449232339859,0.6797428131103516,1.1299066543579102,-0.3242680728435516,-0.5040674209594727,-0.7661314606666565,6.357864593725352,3.625938916836084,0.6000651313048265,0.23755228435467432,1.1594094418769143
3,1771110217163,1771110220439,0,0.11399778972069423,-0.04676411946614583,0.5076862414677937,0.20580590951246325,0.26931339678658206,0.3363240949707782,0.452449232339859,0.6307516098022461,1.298297882080078,-0.3242680728435516,-0.5957431793212891,-0.1491721868515014,5.688132264042867,3.1415501217431627,0.6447295799606341,0.28342332150857785,1.357267366711969
3,1771110218284,1771110221538,0,0.06464876631895701,-0.07054287592569987,0.3645870566368103,0.2052350057118039,0.1861941590141089,0.40924202428564777,0.3983497023582458,0.2781686782836914,1.298297882080078,-0.3242680728435516,-0.5957431793212891,-0.313288927078247,4.824865082405775,2.5491524473885376,0.5433266717823239,0.29302587839227817,1.357267366711969
3,1771110219419,1771110222656,0,0.016286010543505355,-0.04770367940266927,0.20683109760284424,0.19316881791591511,0.18562111690562513,0.42588864585333824,0.3983497023582458,0.2781686782836914,1.298297882080078,-0.2843971848487854,-0.5957431793212891,-0.4127347469329834,4.639717314401049,2.5814107609467323,0.4580829205787515,0.2880233376020153,1.357267366711969
3,1771110220539,1771110223758,0,-0.0008678942918777244,-0.012361272176106762,0.06237490971883138,0.2599099585869596,0.17595956114181724,0.3204705802836185,0.6634973287582397,0.269195556640625,0.8534047603607178,-0.4923790097236633,-0.5232791900634766,-0.4127347469329834,5.049091640944398,2.744911142870224,0.40316539796141826,0.1930096849758613,0.9357200581576269
3,1771110221640,1771110224860,0,0.03448000649611157,0.013553555806477869,0.03401767412821452,0.3447961455946825,0.18410292307654716,0.3083087729493486,0.7722207903862,0.3459920883178711,0.8534047603607178,-0.5466581583023071,-0.5232791900634766,-0.4127347469329834,5.68269138334095,3.0100448075238515,0.44918477133184015,0.2042673077969116,0.9357200581576269
3,1771110222757,1771110225981,0,0.10759408871332804,0.04413585662841795,0.030811905860900872,0.3442250793584824,0.17661515590694882,0.2873836059642894,0.7722207903862,0.3459920883178711,0.8534047603607178,-0.5466581583023071,-0.5232791900634766,-0.5386900901794434,5.417913065797176,2.9059091186672803,0.4464858707538752,0.20253970119372944,0.9357200581576269
3,1771110223862,1771110227083,0,0.07526940157016117,0.03882020314534504,-0.0974100907643636,0.2944614078425755,0.1514291126339594,0.26245873646225987,0.7722207903862,0.3459920883178711,0.3550620079040527,-0.5466581583023071,-0.240941047668457,-0.7112867832183838,4.798055831605769,2.5034105078569384,0.3976314656638492,0.179431737039905,0.78606224178005
3,1771110224980,1771110228199,0,0.07566273858149845,0.016737969716389967,-0.03545580705006917,0.17931115707903206,0.1622459411160663,0.328012515104334,0.4802959263324737,0.3390836715698242,0.8090918064117432,-0.3555315732955932,-0.240941047668457,-0.7112867832183838,4.517714693235301,2.3144801281962915,0.36874984170872893,0.18142684412184162,0.8644077994532446
3,1771110226094,1771110229335,0,0.04256718903779984,-0.01869885126749675,0.03358848094940185,0.16602088221665767,0.17216574404617252,0.33226530302266005,0.3358332216739654,0.3390836715698242,0.8090918064117432,-0.3555315732955932,-0.3401403427124023,-0.7112867832183838,4.521024702366202,2.2018525213745033,0.37078213243907626,0.16966847087017517,0.8644077994532446
3,1771110227197,1771110230437,0,0.04773140773177145,0.012139479319254546,-0.026053090890248615,0.15448881443421444,0.18880279465291586,0.4307391023097112,0.3358332216739654,0.404057502746582,0.8090918064117432,-0.2627701163291931,-0.3401403427124023,-1.2616260051727295,4.5254291749612925,2.914864700083468,0.4337931451092379,0.23150721947236738,1.2708450598224652
3,1771110228315,1771110231555,0,0.030245277409752202,0.024702390034993475,-0.07441714803377787,0.1713931826982297,0.1758142061040285,0.526810483406428,0.4210395216941833,0.404057502746582,0.8118844032287598,-0.2627701163291931,-0.3401403427124023,-1.2616260051727295,5.521747366871983,3.5873752244489574,0.5258843166198205,0.24296361537979677,1.2708450598224652
3,1771110229451,1771110232674,0,0.013822792222102476,0.0786239941914876,-0.04963205456733703,0.2204124110780082,0.14806927885049925,0.6118614148092115,0.4210395216941833,0.404057502746582,0.9040738344192504,-0.6007891893386841,-0.1638545989990234,-1.2616260051727295,5.9617996948468175,3.62555716518346,0.6115052874067871,0.25920689742336533,1.2708450598224652
3,1771110230554,1771110233791,0,0.05154387429356574,0.006253751118977848,0.27488436897595725,0.23717163765402002,0.18999541290733787,0.5760166167003966,0.5247734189033508,0.3953495025634765,1.0466221570968628,-0.6007891893386841,-0.4301137924194336,-0.8102309107780457,6.412369111365229,3.235954361170971,0.6564064057611171,0.2436650888355865,1.0736278091482676
3,1771110231671,1771110234927,0,0.03013571488360563,-0.00014489491780600623,0.2769136667251587,0.23429804458184236,0.2612728684277211,0.466276834754452,0.5247734189033508,0.4706029891967773,1.0466221570968628,-0.6007891893386841,-0.7593193054199219,-0.7875170707702637,5.588196417621885,2.4670062220025373,0.5827606749088282,0.26366140107254343,1.0736278091482676
3,1771110232791,1771110236062,0,0.03434877221783002,0.002270412445068349,0.1727277358373006,0.2002168637546385,0.2881968910402382,0.42464564642998476,0.5247734189033508,0.5306301116943359,1.0466221570968628,-0.3346012234687805,-0.7593193054199219,-0.5161067247390747,5.71001227453796,2.0208410107830796,0.5258689129975719,0.222449475191217,1.0736278091482676
3,1771110233909,1771110237185,0,0.03002257247765859,0.075899600982666,-0.0973456899325053,0.15999440601276607,0.2576902704155755,0.2956185452313411,0.4032779037952423,0.5306301116943359,0.4192039966583252,-0.2687218189239502,-0.7593193054199219,-0.77561354637146,4.6398001459292715,1.7270207715101522,0.4041299215607151,0.16472655560874566,0.7866630790166157
3,1771110235044,1771110238282,0,0.03810389538606008,0.10057090123494467,-0.134542715549469,0.15819121621337964,0.18221197459318275,0.27346307600370867,0.4032779037952423,0.5306301116943359,0.4192039966583252,-0.290932297706604,-0.2720222473144531,-0.77561354637146,4.056575236737946,1.5392439733114442,0.37015422924033037,0.1481895214582605,0.7856657634229065
3,1771110236165,1771110239402,0,0.021744865427414585,0.0725870132446289,-0.12276283899943034,0.1517145293228183,0.16182665842186017,0.2672091012438975,0.4109438359737396,0.3996734619140625,0.6848032474517822,-0.290932297706604,-0.3209953308105469,-0.77561354637146,3.4520303122634246,1.4633720914164632,0.34224301147517017,0.14479887353819795,0.7856657634229065
3,1771110237264,1771110240538,0,0.04591336597998937,0.016478220621744782,0.06164660851160686,0.17356941180815352,0.24257812066430182,0.30929761919040966,0.4109438359737396,0.5325641632080078,0.760712742805481,-0.290932297706604,-0.562591552734375,-0.4600653648376465,3.8206270927303234,1.636628190537017,0.3935251894320364,0.17557428247777554,0.9131406064633714
3,1771110238399,1771110241655,0,0.04707963516314825,-0.004012521107991537,0.18112242619196575,0.17930236951135523,0.2612706898194217,0.3047847374279739,0.4109438359737396,0.5325641632080078,0.760712742805481,-0.3923329710960388,-0.562591552734375,-0.3234307765960693,4.289959358505268,1.8821245534173388,0.43040668028100887,0.19471451111471214,0.9131406064633714
3,1771110239518,1771110242740,0,0.04227308258414268,-0.03938938776652019,0.342108158270518,0.1850140147508883,0.2522013495742876,0.31309137847900304,0.3413664698600769,0.5325641632080078,1.017911434173584,-0.3923329710960388,-0.562591552734375,-0.18845796585083,4.704795347931606,1.9694922547770186,0.5034755769309014,0.24116540290496688,1.0564426029007379
3,1771110240653,1771110243859,0,-0.031948153177897134,-0.015753809611002596,0.32737125555674235,0.2505852955795782,0.20299700642827706,0.3374446710114381,0.337716668844223,0.5293703079223633,1.017911434173584,-0.6937630772590637,-0.4879169464111328,-0.2513525485992431,5.0783653625363945,2.1613399470694588,0.5101766615279567,0.24656524270570007,1.0564426029007379
3,1771110241759,1771110245010,0,-0.03857214351495107,0.005815633138020835,0.24330313205718995,0.38318269944544076,0.17254927953779534,0.36090318549771266,0.6356620192527771,0.2365999221801757,1.017911434173584,-0.8169741630554199,-0.4879169464111328,-0.2821798324584961,5.482077019274585,2.880811515747933,0.5486419586336474,0.24140739636939335,1.0564426029007379
3,1771110242841,1771110246146,0,-0.028367534776528685,0.0785759925842285,0.04620308876037596,0.4309554242770099,0.18699362790760818,0.34832422123375417,0.6356620192527771,0.4721736907958984,0.9629876613616944,-0.8169741630554199,-0.4879169464111328,-1.0123608112335205,6.173472965507992,3.217563636655415,0.5387054980531293,0.2263541804763602,1.1310692174232384
3,1771110243988,1771110247269,0,0.005378561218579609,0.08581647872924804,-0.07992518742879232,0.40321299715722403,0.1560723393386877,0.26627175985469054,0.6356620192527771,0.4721736907958984,0.3186275959014892,-0.8169741630554199,-0.2359580993652343,-1.0123608112335205,5.908537727637798,3.1323429300205277,0.456766012344843,0.2372068584321782,1.1310692174232384
3,1771110245115,1771110248383,0,-0.010414281487464906,0.09638748168945309,-0.15881454547246296,0.3012198179213571,0.15815765403621965,0.2569259849267862,0.516079306602478,0.4721736907958984,0.3186275959014892,-0.5874903798103333,-0.2359580993652343,-1.0123608112335205,5.350743017058691,2.7157549657528484,0.4083625081293503,0.212279996126702,1.1310692174232384
3,1771110246268,1771110249536,0,0.008109623193740829,0.07745348612467447,-0.18796590169270833,0.2925812902482134,0.109846956969458,0.16075326211833085,0.6597790122032166,0.2614212036132812,0.0983171463012695,-0.464945375919342,-0.1794576644897461,-0.4549741744995117,4.578136987224484,1.8255462348582057,0.36890477777853375,0.15984897306939574,0.6599983385651753
3,1771110247383,1771110250669,0,0.059512047469615935,0.07544212341308591,-0.1796737551689148,0.3176213919229759,0.11009617333549372,0.16893517388888316,0.6597790122032166,0.2614212036132812,0.0655050277709961,-0.464945375919342,-0.1198530197143554,-0.5255954265594482,4.25704659509003,2.136174073833777,0.39396863272658833,0.1546856473224567,0.6803071298066065
3,1771110248532,1771110251756,0,0.09278713365395862,0.04685115814208983,-0.09938897291819254,0.291442418063624,0.11123288689853066,0.21200854315666326,0.6597790122032166,0.2420759201049804,0.4540622234344482,-0.464945375919342,-0.144291877746582,-0.5255954265594482,4.263702359838905,2.5633317456400184,0.3573842901882065,0.17755876768710085,0.7107223783931804
3,1771110249652,1771110252873,0,0.11773589973648389,0.030279477437337242,-0.02079111735026041,0.22505923262492208,0.12767682338800418,0.21197030057288982,0.543071985244751,0.2420759201049804,0.4540622234344482,-0.4245596528053283,-0.2384605407714843,-0.5255954265594482,3.784553496247993,2.748507649097831,0.3068052266904902,0.1739095150090715,0.7107223783931804
3,1771110250788,1771110253975,0,0.10299100056290626,0.012140528361002602,0.08638931115468343,0.2832217628264919,0.14470295912904751,0.2763720488341307,0.7189813852310181,0.2420759201049804,0.8085176944732666,-0.4514112472534179,-0.2965335845947265,-0.46670663356781,4.442064177778053,3.182607538729026,0.36868439043291734,0.236147222996977,0.9501803934268074
3,1771110251872,1771110255068,0,0.044267209619283675,-0.0028877894083658897,0.14627315998077392,0.4092523613351499,0.14081015588770843,0.2576239778654793,0.7189813852310181,0.2342777252197265,0.8085176944732666,-1.0347970724105835,-0.2965335845947265,-0.46670663356781,5.112545439328898,3.6205430936568086,0.45008448419843033,0.26132947597475126,1.05764848663675
3,1771110252979,1771110256195,0,-0.039466683069864894,0.01791191101074218,0.0903749664624532,0.41954605764544495,0.1436593564200646,0.2871755207363356,0.7189813852310181,0.3182554244995117,0.8085176944732666,-1.0347970724105835,-0.2965335845947265,-0.5092906951904297,5.535320815192822,3.3877618176281055,0.46709619798103275,0.25262011975929416,1.05764848663675
3,1771110254093,1771110257280,0,-0.047753677765528364,0.057212829589843736,-0.07240497668584187,0.39074908690488236,0.16903884142788042,0.2750512936130393,0.578467071056366,0.4904336929321289,0.4630115032196045,-1.0347970724105835,-0.2193679809570312,-0.5576184988021851,5.433617754147315,3.2744916480361566,0.4502033579833378,0.2416785951334395,1.05764848663675
3,1771110255163,1771110258398,0,0.06751890281836191,0.062234719594319664,-0.16948595444361367,0.3327034975751662,0.16109992086016917,0.21815612961939118,0.8106278777122498,0.4904336929321289,0.1812236309051513,-0.5982125997543335,-0.2193679809570312,-0.5648514032363892,4.824027716615942,2.5101666305442167,0.414440475912121,0.21211304396861333,0.9535837204327088
3,1771110256313,1771110259543,0,0.09456050929923852,0.040420881907145184,-0.1347830613454183,0.29952553989571673,0.15291674082405626,0.27655327425896226,0.8106278777122498,0.4904336929321289,0.5331981182098389,-0.5982125997543335,-0.234781265258789,-0.5648514032363892,4.893904086223216,3.1648691463583987,0.40319923536005664,0.22613808784556927,0.9535837204327088
3,1771110257398,1771110260687,0,0.06809501138826211,0.07098420461018878,-0.07762448986371358,0.27150859555917445,0.13091376973177918,0.4735161776523682,0.8106278777122498,0.3740262985229492,1.1438690423965454,-0.5039710998535156,-0.234781265258789,-0.8983890414237976,5.4588264747667585,3.8578485675615912,0.4906657545603665,0.286811555770322,1.184822114625419
3,1771110258545,1771110261838,0,0.02028953147431215,0.07185875574747722,0.0877817173798879,0.20816991101384263,0.15184325336605992,0.5865148855413916,0.3780484199523926,0.3740262985229492,1.1941839456558228,-0.3144197463989258,-0.234781265258789,-0.8983890414237976,6.734629049637889,4.289352650037037,0.5571914062376278,0.3208767339517991,1.253420601818428
3,1771110259651,1771110262957,0,0.0014669618258873697,0.11441024144490558,0.06778806447982788,0.20744690394483833,0.17973933684630664,0.6228590716029523,0.3780484199523926,0.4343175888061523,1.1941839456558228,-0.3703201413154602,-0.1664161682128906,-0.8983890414237976,6.793892523133866,4.2480636363064335,0.6237705101762241,0.28121933190236215,1.253420601818428
3,1771110260804,1771110264108,0,0.030471639707684517,0.03849020004272461,0.2068127731482188,0.19117295441597554,0.23045414176113663,0.4875449283645131,0.3780484199523926,0.4343175888061523,1.1941839456558228,-0.3703201413154602,-0.4186258316040039,-0.7969452738761902,5.967609829976791,3.8598787920655675,0.5436787926005958,0.2613742886942416,1.253420601818428
3,1771110261955,1771110265243,0,0.008908260241150857,0.03706652323404948,0.08559264938036601,0.2185294279206446,0.21669031672779568,0.48667046886680504,0.5610567927360535,0.4343175888061523,0.7472583055496216,-0.4076795876026153,-0.4186258316040039,-1.069929599761963,5.004082087200938,3.598632231293921,0.5099993222812951,0.2675291057200198,1.14631804927986
3,1771110263073,1771110266361,0,-0.0035345982760190964,0.005111376444498705,0.09009379545847575,0.24038463689471934,0.23707341481239028,0.4838272214932946,0.5610567927360535,0.6886425018310547,0.7472583055496216,-0.529116153717041,-0.4186258316040039,-1.069929599761963,6.1403892075001805,3.9396717930263883,0.5207792937560627,0.275591936075394,1.14631804927986
3,1771110264225,1771110267513,0,-0.04140140327314534,0.053611596425374344,-0.06583385666211446,0.24450401950461925,0.21889936992591938,0.5397140881583247,0.5610567927360535,0.6886425018310547,0.925084114074707,-0.529116153717041,-0.5006551742553711,-1.069929599761963,7.762158017367174,4.063332890123747,0.5507283527463465,0.3073436065499112,1.14631804927986
3,1771110265359,1771110268649,0,-0.02292597405612469,0.030678176879882814,-0.00884798169136048,0.2459242925012969,0.26070689462404667,0.5652292705260624,0.5335234999656677,0.6886425018310547,1.1204971075057983,-0.529116153717041,-0.5006551742553711,-1.0696990489959717,8.858529626708163,4.389265269127933,0.5894702958293608,0.30012022829471147,1.2754010885689564
3,1771110266477,1771110269767,0,-0.0019455857574939713,-0.01387125651041667,0.13136306007703144,0.22415877589569896,0.25437277623337246,0.5453779184835594,0.5335234999656677,0.5705394744873047,1.1204971075057983,-0.4342298507690429,-0.5089435577392578,-1.0696990489959717,7.930860013623305,4.375676924731106,0.5827049731169615,0.28140799988426235,1.2754010885689564
3,1771110267630,1771110270885,0,-0.018065725763638806,-0.07914037704467773,0.24525437752405801,0.21531653937219947,0.2525787608041539,0.4043815601453722,0.5335234999656677,0.5705394744873047,1.1204971075057983,-0.390726625919342,-0.5203037261962891,-1.0415382385253906,6.307607098107613,4.176488989205348,0.516400063644984,0.25856877852388865,1.2754010885689564
3,1771110268767,1771110272003,0,0.01070639962951343,-0.06383120218912762,0.25902384916941323,0.18767006301377423,0.22247639063777833,0.24567582858519324,0.3643312454223633,0.3061151504516601,0.6955714225769043,-0.3492602705955505,-0.5203037261962891,-0.3048930168151855,4.542388300286352,2.1222046349517583,0.42635527724386696,0.17540173811159016,0.7860712266258586
3,1771110269867,1771110273124,0,0.011265844106674205,-0.05516662597656251,0.19009308020273843,0.19564841270447678,0.18599405355756465,0.3017528919297071,0.3643312454223633,0.2484674453735351,0.8375248908996582,-0.3492602705955505,-0.5203037261962891,-0.4823541641235351,4.5188344157796685,1.9694195780306039,0.4142048176209483,0.16463970475195108,0.8776521714758687
3,1771110270986,1771110274225,0,0.03918475185831387,-0.02997566858927408,0.20721034208933511,0.19464541216302902,0.1535377853589099,0.30580928707465876,0.3643312454223633,0.2217483520507812,0.8375248908996582,-0.3347336053848266,-0.3806905746459961,-0.4823541641235351,4.464157913369543,1.8582111965100578,0.4161745255799247,0.1508009080753866,0.8776521714758687
3,1771110272125,1771110275326,0,-0.060542627920707054,0.022434361775716165,0.044710850715637206,0.1892255571537429,0.20689647100394937,0.3977069729690263,0.3080993890762329,0.5515079498291016,0.8375248908996582,-0.3347336053848266,-0.3806905746459961,-0.7071301937103271,4.836619686169342,1.8805788542406807,0.4521855901623148,0.17787970624083538,0.8814022875220815
3,1771110273239,1771110276445,0,-0.07437321568528811,0.07010889053344727,-0.05404778321584066,0.19224818826211135,0.19682453613964018,0.3603221818366564,0.3028581738471985,0.5515079498291016,0.5506014823913574,-0.3798730373382568,-0.3806905746459961,-0.7071301937103271,4.361930844207612,1.7943982332649189,0.42057481689626547,0.1907288525591851,0.8814022875220815
3,1771110274341,1771110277594,0,-0.0553812968234221,0.07895978291829427,-0.17396486600240071,0.24884192785619272,0.17562518290887588,0.3115764930807093,0.3820528984069824,0.5515079498291016,0.3443188667297363,-0.6161236763000488,-0.2434816360473632,-0.7071301937103271,4.546550773033556,1.9024678304321267,0.4347115347919639,0.18784512627781697,0.8814022875220815
3,1771110275443,1771110278696,0,-0.01579194851219654,0.07020638783772784,-0.19383547306060792,0.23586072973212774,0.1558526013463015,0.3028182756870868,0.3820528984069824,0.404876708984375,0.3443188667297363,-0.6161236763000488,-0.2033529281616211,-0.8660168647766113,4.45384434008785,1.9968414245458912,0.4223034284711797,0.1770707394387971,0.9063272799174561
3,1771110276581,1771110279815,0,0.010998490701119102,0.06266800562540689,-0.24480367104212444,0.2250173729113162,0.15422695782493706,0.28517303851660414,0.3820528984069824,0.404876708984375,0.325615644454956,-0.6161236763000488,-0.2033529281616211,-0.8660168647766113,4.6083806616467795,2.2351783510301275,0.4314292547349741,0.17139458794913123,0.9063272799174561
3,1771110277695,1771110280917,0,0.005464861293633787,0.049657503763834626,-0.18709541161855062,0.16461718257052238,0.16455145561828108,0.38002621313878704,0.282484769821167,0.404876708984375,0.8146638870239258,-0.3022587895393371,-0.2309188842773437,-0.8660168647766113,5.386704481620829,2.8720766881218283,0.4434610322469075,0.18425655455104864,0.9063272799174561
3,1771110278797,1771110282053,0,0.06856235029796758,0.04729433059692382,-0.05201157331466674,0.21025594974753634,0.2170006815262714,0.5690575798815231,0.4280614852905273,0.4976043701171875,0.8146638870239258,-0.335020363330841,-0.5547475814819336,-1.5618164539337158,6.830407444835983,5.208157500026134,0.5609816369402307,0.31550993118472187,1.674736402393153
3,1771110279932,1771110283187,0,0.09384265542030334,0.07873589197794596,0.08573946952819825,0.23689785052922835,0.24827975637414101,0.5661044520060099,0.5825341939926147,0.6094303131103516,0.8146638870239258,-0.335020363330841,-0.5547475814819336,-1.5618164539337158,7.287891051077016,5.20931095600319,0.5953747885099419,0.30768713303730405,1.674736402393153
3,1771110281040,1771110284305,0,0.0785231739282608,0.07399972279866535,0.19704167048136392,0.26053782598035774,0.2668916274686107,0.5570718525551724,0.5825341939926147,0.6094303131103516,0.8641077280044556,-0.4868930280208587,-0.5547475814819336,-1.5618164539337158,6.81621727586737,5.176121901804166,0.6219458318901833,0.3185789461909626,1.674736402393153
3,1771110282180,1771110285423,0,0.05183729212731122,0.07561918894449869,0.20024830500284832,0.2451662801237399,0.24799192133636902,0.4097082871722974,0.5825341939926147,0.6094303131103516,0.8641077280044556,-0.4868930280208587,-0.3423271179199219,-0.4592440128326416,5.7431411411754585,2.572237054360645,0.53203672480779,0.21638122398065504,0.9117780429455291
3,1771110283304,1771110286526,0,0.09234456376483043,-0.0026174227396647135,0.2087354103724162,0.28127628217011497,0.24867728405176137,0.4320176295851189,0.7489261031150818,0.4284648895263672,0.8641077280044556,-0.4868930280208587,-0.5626115798950195,-0.5121955871582031,6.544617269957841,2.610681270843861,0.5664925318036294,0.22252583904287865,0.9117780429455291
3,1771110284423,1771110287660,0,0.0685954423621297,0.045273176829020184,0.13801010052363077,0.31762395169389696,0.2490001151105975,0.4128485171624979,0.7489261031150818,0.4284648895263672,0.7577366828918457,-0.6504783034324646,-0.5626115798950195,-0.5121955871582031,7.150580338113921,2.598581637167597,0.5562775851698111,0.19976528590421155,0.9022051249638866
3,1771110285523,1771110288796,0,0.00840742002862196,-0.01740585962931316,0.10316584507624309,0.32849126378160143,0.22318903057155004,0.43859218657259885,0.7489261031150818,0.4056043624877929,0.7577366828918457,-0.6504783034324646,-0.5626115798950195,-0.7673150300979614,7.378192394617742,2.8679854720385647,0.5602430325614288,0.19179221675116856,0.9022051249638866
3,1771110286641,1771110289913,0,-0.06295877411030233,0.03904841740926106,0.04773767391840617,0.26107002881034813,0.22560830550677843,0.48356372383417434,0.4162280559539795,0.4884471893310547,0.7210078239440918,-0.6504783034324646,-0.3205490112304687,-1.1050617694854736,7.5366940358813475,3.3219936324848343,0.5595994284679899,0.19229146974452763,1.1141125692489042
3,1771110287762,1771110291050,0,0.0033320096476624353,0.05845772425333659,0.03732119997342428,0.25570276750949655,0.24387377065284485,0.617473884182699,0.7583698630332947,0.5518674850463867,1.336418867111206,-0.5059934854507446,-0.3205490112304687,-1.1050617694854736,8.172831799945664,3.5192175246535307,0.6283645984107531,0.3204099522504611,1.5577733948624926
3,1771110288912,1771110292191,0,0.013048614313205089,0.1217889149983724,-0.1122517685095469,0.31156405392176356,0.2704271324400841,0.6263128190901929,0.7583698630332947,0.5937843322753906,1.336418867111206,-0.7369781136512756,-0.4155616760253906,-1.1050617694854736,8.314374687031606,3.248775330587153,0.6784300557449251,0.3389501664007325,1.5577733948624926
3,1771110290030,1771110293320,0,0.172102602571249,0.07540225982666016,0.12240972916285195,0.4606682478034935,0.6429390756311599,1.2984750417980042,1.3586149215698242,1.736223220825195,3.521864414215088,-0.7369781136512756,-1.7848644256591797,-3.01931381225586,14.517877396208492,13.704299802332848,1.202543187824844,0.9314882656262015,3.8221696843151998
3,1771110291167,1771110294439,0,0.31498952756325405,0.019229189554850264,0.9955710093180339,0.5534043545185726,0.7887253233253085,2.3843194821110716,1.3586149215698242,1.736223220825195,7.351205348968506,-0.7369781136512756,-1.7848644256591797,-3.01931381225586,23.457939306421387,19.616267326206373,2.064590557075678,1.8254224616922097,7.422939487415403
3,1771110292286,1771110295556,0,0.41044217149416606,-0.04595019022623697,1.4104952534039816,0.5538446507624796,0.867927864495935,2.517182690601293,1.3586149215698242,1.736223220825195,7.351205348968506,-0.9359337091445924,-1.7848644256591797,-3.01931381225586,30.380618641853275,17.943492405506273,2.558491068085172,1.6909202262332974,7.422939487415403
3,1771110293436,1771110296673,0,0.3652558490633965,-0.04959100087483724,1.2250523229440053,0.5395118401862626,0.8248208457648069,2.4559402313324346,1.3516980409622192,1.5153322219848633,7.351205348968506,-0.9359337091445924,-1.5174446105957031,-2.9569320678710938,27.227386155555045,16.739732691085834,2.3569045836356026,1.7174264400181936,7.422939487415403
3,1771110294538,1771110297810,0,0.26960401261846223,-0.06579443613688152,0.3483063538869222,0.5234327361334203,0.7217261733015484,1.5461788626375264,1.1370996236801147,1.5153322219848633,4.307188034057617,-0.9359337091445924,-1.5174446105957031,-2.9569320678710938,18.49210037311734,12.570322513597137,1.5520651835424515,0.9480185151690319,4.47422954838754
3,1771110295672,1771110298961,0,0.24403042246898016,-0.03560072580973307,0.0409180402755737,0.47750205160416936,0.6112279311560538,0.9033500932939938,1.106542706489563,1.5153322219848633,1.972583293914795,-0.6977195143699646,-1.5174446105957031,-2.044806241989136,11.916897465384748,6.9954919152817645,1.0443639661813438,0.5949708734894542,2.532818932049929
3,1771110296777,1771110300079,0,0.20432246724764505,0.05593713124593099,-0.14987146059672038,0.45213772801260194,0.34230991819357987,0.5670784843454746,1.106542706489563,0.6693382263183594,1.315237522125244,-0.5912268757820129,-0.8336887359619141,-1.0973362922668457,8.315241962931747,4.502845685459641,0.7711162886998248,0.3125991419858126,1.4587443640060516
3,1771110297926,1771110301205,0,0.18515822514891625,0.11478490829467773,-0.2482330004374186,0.4188355573927661,0.23085718613463166,0.40956683605313227,0.8503789305686951,0.6686553955078125,0.5263586044311523,-0.6979873180389404,-0.4145307540893554,-1.0973362922668457,6.994874245495933,3.7740629870454567,0.6468194500472243,0.27658854201776756,1.1396195502919932
3,1771110299063,1771110302299,0,0.18065736045440037,0.13649867375691732,-0.23089519341786702,0.374268958441839,0.21558733727765647,0.33911142809273614,0.8175454139709473,0.6686553955078125,0.2428476810455322,-0.6979873180389404,-0.2102422714233398,-1.0973362922668457,6.403733881231759,3.4424313178157444,0.5743451556043764,0.2617102751491475,1.1396195502919932
3,1771110300182,1771110303400,0,0.10884577371180057,0.07413489023844401,-0.16843359073003134,0.3350211348098671,0.2052719269690472,0.29682057412223994,0.8175454139709473,0.6686553955078125,0.3819828033447265,-0.6979873180389404,-0.2102422714233398,-0.9043474197387696,5.993096061654125,2.947749115083695,0.48003960826667985,0.2266794914449114,0.969318710747175
3,1771110301314,1771110304519,0,0.09376554153859615,0.05951563517252604,-0.08898155291875204,0.24454313560747193,0.1844394404784383,0.3033922226213141,0.5692354440689087,0.4271678924560547,0.3819828033447265,-0.3365375399589538,-0.1788215637207031,-0.9043474197387696,5.45940091605953,2.267302376025511,0.4131736007995268,0.17383088291123172,0.969318710747175
3,1771110302400,1771110305625,0,0.08627523705363274,0.04947284062703449,-0.06779919465382894,0.22637769927718887,0.18030654115147204,0.36763572765959135,0.5692354440689087,0.3730373382568359,0.7480490207672119,-0.3365375399589538,-0.3863239288330078,-0.9043474197387696,5.638268680084993,3.747281004513935,0.42813797707551976,0.21042275257566292,0.969318710747175
3,1771110303520,1771110306757,0,0.10443947787086169,0.030095481872558595,-0.049603410561879474,0.20978236069480688,0.20451953127765948,0.35699846564961385,0.5692354440689087,0.3897695541381836,0.7480490207672119,-0.312240719795227,-0.3863239288330078,-0.8323640823364258,5.546466966872095,3.7789840080988992,0.41894549128213193,0.21559973813901492,0.9258486725465512
3,1771110304619,1771110307877,0,0.04920233798523744,0.015421326955159503,-0.05973545710245768,0.23194271457630272,0.2441079082984427,0.40522425933190337,0.5430535674095154,0.4829435348510742,0.7480490207672119,-0.6025490164756775,-0.404998779296875,-0.8323640823364258,6.587514236218821,3.8744268817222447,0.47569141972375084,0.2234935462579818,0.9258486725465512
3,1771110305723,1771110309010,0,0.058888727178176246,0.03374741872151694,-0.018537120024363207,0.25726479780278616,0.2804128787146256,0.37326631532155397,0.5141468048095703,0.7230901718139648,0.5986406803131104,-0.6025490164756775,-0.5203180313110352,-0.8323640823364258,6.3749489982403835,2.6474196964996755,0.4877092978366566,0.20785321480941923,0.9110147522958829
3,1771110306874,1771110310158,0,0.03417187022666136,0.058943208058675124,0.04152752955754597,0.27535828841944465,0.32551411677982806,0.3618879941298156,0.5141468048095703,0.7230901718139648,0.6521396636962891,-0.6025490164756775,-0.7361936569213867,-0.5111923217773438,6.875717288246526,3.079017434047366,0.5207184049618044,0.19706106056624736,0.8443153494085454
3,1771110307992,1771110311282,0,0.0635962400585413,0.10979658762613932,-0.04034678936004639,0.2489528123781051,0.32196977770203555,0.4143506315681002,0.5141468048095703,0.7230901718139648,0.6521396636962891,-0.48665851354599,-0.7361936569213867,-1.1231828927993774,6.958721365642021,3.368756677743945,0.5453943298063374,0.21898716158682574,1.1293010322639903
3,1771110309128,1771110312417,0,-0.010727234805623691,0.05646832784016927,-0.09762965440750122,0.2471144270976446,0.3219066947643665,0.5092698053342904,0.4736625552177429,0.5497903823852539,1.1183617115020752,-0.5310550332069397,-0.7361936569213867,-1.4129663705825806,7.293598824331705,3.902118819298093,0.5758143580681951,0.30712820263001317,1.5290815527141781
3,1771110310260,1771110313551,0,0.025659187883138656,0.006149578094482424,0.06098578373591105,0.2741527028684815,0.30265520720406697,0.6423072040625349,0.631287157535553,0.5497903823852539,1.3445713520050049,-0.5310550332069397,-0.553187370300293,-1.4129663705825806,7.7144428656159,3.8721887480007458,0.6657619310946213,0.35406652994656085,1.5290815527141781
3,1771110311400,1771110314685,0,-0.008970003450910254,-0.05388460159301758,0.0728081226348877,0.29848462831940614,0.26435266467449214,0.6144616765681892,0.631287157535553,0.5497903823852539,1.3445713520050049,-0.5310550332069397,-0.553187370300293,-1.4129663705825806,7.350800980304539,3.6441155864402557,0.6348578312951382,0.3580038134485557,1.5290815527141781
3,1771110312531,1771110315837,0,0.023332459107041344,-0.04708293279012045,0.062183745702107746,0.2790610308542669,0.24264807912712472,0.5391186972994295,0.631287157535553,0.4159746170043945,1.3445713520050049,-0.4512533545494079,-0.553187370300293,-0.8496781587600708,7.125477938801691,3.1739019484849362,0.5832372503836136,0.28698981585654015,1.4028357284427113
3,1771110313668,1771110316938,0,-0.011788292229175556,-0.01599162419637044,-0.10164014101028443,0.24804613276770834,0.1903455278440801,0.4100178309339226,0.4438839554786682,0.4159746170043945,0.6335165500640869,-0.4512533545494079,-0.3416328430175781,-0.8496781587600708,6.543889583648471,3.1343920890583723,0.4860096732617,0.18060389049332215,1.0449980006666257
3,1771110314805,1771110318026,0,0.008464987948536873,0.015462334950764966,-0.026413277784983317,0.2506370498621094,0.1978342556168835,0.38385619330503834,0.4583913087844848,0.3743667602539062,0.6335165500640869,-0.5153235197067261,-0.3416328430175781,-0.7473349571228027,5.823741035266268,3.1069921951484547,0.4628127540905615,0.1696006250862769,0.771797129221592
3,1771110315941,1771110319183,0,-0.021384225164850553,0.026034069061279298,-0.04689653714497884,0.26031710712877526,0.18523400427927955,0.41628706960183903,0.4583913087844848,0.3743667602539062,0.8118767738342285,-0.5153235197067261,-0.2668361663818359,-0.7473349571228027,5.7971684981391425,4.064510214071524,0.4827924229550808,0.1941515344810305,0.8310086806568575
3,1771110317038,1771110320296,0,0.004746608141188816,-0.0008947372436523493,0.05817518234252931,0.30588932043747047,0.19773840215954624,0.3810260925621569,0.5325786471366882,0.3743667602539062,0.8118767738342285,-0.5216779708862305,-0.3398923873901367,-0.584784984588623,5.421000124321592,3.6950996956459234,0.4916084898428707,0.1770936518734825,0.8310086806568575
3,1771110318125,1771110321449,0,-0.0509759298680971,0.0002898534138997303,0.03579566478729248,0.29049120293125735,0.19369210092099778,0.41942499100691555,0.5325786471366882,0.4294805526733398,0.8118767738342285,-0.5216779708862305,-0.3398923873901367,-0.584784984588623,6.021944001069346,3.7178071319473465,0.5115213677148632,0.17651112610149033,0.853856517066506
3,1771110319247,1771110322547,0,-0.005011569382622833,0.026845423380533844,0.11323476632436116,0.3106347615113781,0.221133433077545,0.34649234261404455,0.5325786471366882,0.4294805526733398,0.7531225681304932,-0.5216779708862305,-0.3915853500366211,-0.5784870386123657,5.757916567056525,2.6480623813662145,0.4964980751363162,0.15644795407423703,0.853856517066506
3,1771110320413,1771110323682,0,-0.03848794934650262,0.05342022577921548,0.10493315458297729,0.25847564973593,0.20899544684245033,0.38103393670426083,0.3630010783672333,0.4294805526733398,0.8338611125946045,-0.4043093621730804,-0.3915853500366211,-0.7247607707977295,5.690951776365979,2.7482544179422916,0.4801085872701077,0.1819288968179503,0.853856517066506
3,1771110321563,1771110324787,0,-0.06349725512166816,0.07460076014200845,0.04457627137502034,0.294102031610619,0.22139117464479735,0.3951013554414053,0.3529375493526459,0.4532976150512695,0.8338611125946045,-0.7161171436309814,-0.3915853500366211,-0.7247607707977295,5.962991543221579,2.960828812172326,0.5019324329283704,0.20730458659646303,0.9901355195955244
3,1771110322648,1771110325887,0,-0.10685706560810407,0.04136091868082682,-0.006679034233093269,0.24588547959039278,0.217746563789784,0.40449533183861336,0.3529375493526459,0.4532976150512695,0.8338611125946045,-0.7161171436309814,-0.3881731033325195,-0.7247607707977295,5.924103498307435,2.8244485861283484,0.4782710750431379,0.2201972422583764,0.9901355195955244
3,1771110323784,1771110326990,0,-0.08407370603332916,0.029217116038004556,-0.085116179784139,0.270879977194991,0.2373589791537249,0.3597071901784119,0.4781557619571686,0.4532976150512695,0.93336820602417,-0.7161171436309814,-0.4751062393188476,-0.6573684215545654,5.814951019458776,2.6569753299763352,0.46334978294926316,0.22956059223545283,1.0522118976848875
3,1771110324904,1771110328139,0,-0.08380005539705355,-0.054967117309570296,-0.016241343816121412,0.26552593549169695,0.20868616420403016,0.38141150472895063,0.4781557619571686,0.3260822296142578,0.93336820602417,-0.7077186703681946,-0.4751062393188476,-0.6769590377807617,5.560863670130118,2.398382974426877,0.4637472332115196,0.21843606161419718,1.0522118976848875
3,1771110326002,1771110329276,0,-0.03329979299257198,-0.03735644022623697,0.02790835698445638,0.3204012669302886,0.22798545449723245,0.439518603732441,0.4781557619571686,0.4410829544067383,0.93336820602417,-0.7077186703681946,-0.4751062393188476,-0.6769590377807617,6.131633495210061,3.1304154296817632,0.5374730655280129,0.22884237382586795,1.0522118976848875
3,1771110327106,1771110330393,0,-0.040765806039174395,-0.007234605153401677,0.031630539894104005,0.33824949347524147,0.27367849644972125,0.45043647850351304,0.4608062505722046,0.5499944686889648,0.8494846820831299,-0.7077186703681946,-0.395914077758789,-0.6769590377807617,7.262235444872742,3.478279096150422,0.5856931139690581,0.20037136943114844,0.9729121558805273
3,1771110328240,1771110331511,0,-0.0011931128799915357,0.050290552775065105,0.028347913424173993,0.30793241720717623,0.27695223455071094,0.4361066361534144,0.4608062505722046,0.5499944686889648,0.8131144046783447,-0.5829750299453735,-0.4054727554321289,-0.7025532722473145,7.279860183753658,3.426352718703863,0.5661699719075964,0.18319721372560413,0.8525179707479127
3,1771110329391,1771110332687,0,-0.01618698537349701,0.00724331537882487,0.12346140543619792,0.2759795507243689,0.25587850926254946,0.46787755982699475,0.4608062505722046,0.5499944686889648,0.8131144046783447,-0.5200405120849609,-0.4054727554321289,-0.7025532722473145,6.744584436943407,3.131712054593686,0.5764845962975571,0.1812382221339283,0.8328428629927038
3,1771110330510,1771110333748,0,-0.01445972075064977,-0.026367632548014313,0.22630776564280192,0.20976480997598873,0.19318568317589044,0.4152132103219065,0.3676585555076599,0.3373270034790039,0.8075957298278809,-0.5200405120849609,-0.4054727554321289,-0.7025532722473145,5.212823840018407,2.9259624353152183,0.5058983381886023,0.20708054164162612,0.8328428629927038
3,1771110331614,1771110334884,0,0.043018726011117295,-0.055445384979248016,0.19678617318471273,0.3227316078381445,0.1948278194990956,0.41096234659859066,0.7132362723350525,0.5432500839233398,0.8075957298278809,-0.8655175566673279,-0.4411373138427734,-0.6205573081970215,5.01466498123826,2.943840568510822,0.5313652688069899,0.2531267574519135,1.037580758516948
3,1771110332746,1771110336022,0,0.06387649178504942,0.060962772369384764,-0.07629321416219076,0.34435755973478377,0.2514108285097804,0.41322032242536416,0.7132362723350525,0.6484251022338867,0.6561880111694336,-0.8655175566673279,-0.4411373138427734,-0.8896980285644531,4.982753952853667,2.7989579217781864,0.5350108028325555,0.2655572749788528,1.037580758516948
3,1771110333865,1771110337137,0,0.140378571053346,0.10854314168294271,-0.2637812376022339,0.3812977481456469,0.25830299661400363,0.30750888712119745,0.7132362723350525,0.6484251022338867,0.4133186340332031,-0.8655175566673279,-0.4411373138427734,-0.8896980285644531,5.653344997888068,2.3691952452836653,0.5808618768536952,0.2493762571800161,1.037580758516948
3,1771110335001,1771110338240,0,0.15204320599635443,0.12606439590454102,-0.2429251988728841,0.28523955414552743,0.23050958544823016,0.31220758358187495,0.7085912227630615,0.6484251022338867,0.3263325691223144,-0.3011670112609863,-0.4137306213378906,-0.8896980285644531,5.23948205523771,2.0662341072959958,0.5299072591342876,0.20709277430752696,1.0001486277815514
3,1771110336140,1771110339393,0,0.1377322219312191,0.024411551157633462,-0.052620458602905276,0.25698464740770866,0.20914323145584543,0.394966858185539,0.692477822303772,0.4047164916992187,0.8977766036987305,-0.225425437092781,-0.4137306213378906,-1.191359519958496,5.739642771438697,3.8306489418841183,0.46257656873487457,0.25986610251812475,1.2557708193453718
3,1771110337256,1771110340511,0,0.056022562086582184,-0.022882843017578113,0.07058972517649331,0.20713455007869047,0.20502196450655327,0.3819926537336422,0.5818758010864258,0.3343715667724609,0.8977766036987305,-0.225425437092781,-0.4049196243286133,-1.191359519958496,5.606647913757459,3.9202916096831024,0.4103101115908817,0.2562041582704173,1.2557708193453718
3,1771110338356,1771110341680,0,-0.030660445243120178,-0.03677508036295572,0.03925188382466633,0.306624126862947,0.18780036264379546,0.4140347361928402,0.6148471832275391,0.3343715667724609,0.8977766036987305,-0.6802510619163513,-0.4049196243286133,-1.191359519958496,6.196521020355957,4.174389716815435,0.4582154045871395,0.2957635014675288,1.2557708193453718
3,1771110339508,1771110342763,0,0.015483372906843837,0.007048320770263672,0.12601274649302166,0.3481233329596488,0.18144956508106483,0.35197454858214533,0.6148471832275391,0.3343715667724609,0.6717612743377686,-0.6802510619163513,-0.4049196243286133,-0.5975794792175293,5.491618960435611,3.250900881680354,0.48662939995736665,0.2230517322655941,0.9068823722845988
3,1771110340626,1771110343915,0,0.032077258080244066,0.07678171793619791,0.07788597742716472,0.3593890900977912,0.1639360759024639,0.43158287140148077,0.6148471832275391,0.4574527740478515,0.7157957553863525,-0.6802510619163513,-0.3082761764526367,-0.7070140838623047,6.097374664545318,3.5601373091566693,0.548374391920712,0.2113148168172548,0.9068823722845988
3,1771110341761,1771110345067,0,0.08355336785316467,0.08026084899902344,0.20125354925791422,0.25133851493719317,0.15680454379503075,0.4102005006660151,0.5509482026100159,0.4574527740478515,0.9283735752105712,-0.5424341559410095,-0.1696138381958007,-0.7070140838623047,5.177180432931241,3.4438535877273218,0.4940848531844745,0.24345610112696156,0.9439324265515925
3,1771110342879,1771110346184,0,0.054035393397013354,0.08248653411865234,0.08695253531138102,0.3267797998644987,0.1522606347623401,0.4087433934865073,0.6971504092216492,0.4574527740478515,0.9283735752105712,-0.7782951593399048,-0.1696138381958007,-0.7070140838623047,5.556964927707167,3.7565798388507496,0.4892973662565063,0.25933110183174873,1.0240311067631365
3,1771110344033,1771110347288,0,0.006537016729513804,0.06030413309733072,0.0525997002919515,0.4755085495485262,0.14320466622141498,0.3416144361312103,0.770166277885437,0.3819103240966797,0.9283735752105712,-1.0116159915924072,-0.1929178237915039,-0.604079008102417,6.05958200992874,4.358041236204437,0.5303040886560497,0.28118491370708326,1.1694417525577157
3,1771110345193,1771110348421,0,0.06926282991965611,0.049891408284505195,-0.029005098342895507,0.5883310914145012,0.14807740139057457,0.29425152025810436,0.8122912645339966,0.3819103240966797,0.6668293476104736,-1.0116159915924072,-0.1956510543823242,-0.604079008102417,7.990345302217724,4.518465182723215,0.6259867971119493,0.2401677287436156,1.1694417525577157
3,1771110346285,1771110349541,0,0.03806651631991068,0.046596495310465495,-0.061038474241892494,0.5300150064855965,0.154071329407309,0.3044643414878758,0.8122912645339966,0.3819103240966797,0.6668293476104736,-1.0116159915924072,-0.1956510543823242,-0.4775328636169433,7.404270994819147,4.244342497314776,0.5764419550220877,0.2474030576878516,1.1694417525577157
3,1771110347403,1771110350688,0,0.07766029934088389,0.027487341562906886,0.014255591233571358,0.42340119881195803,0.14169694413237136,0.3440331771622947,0.8122912645339966,0.2861948013305664,0.6668293476104736,-0.8332483768463135,-0.2667989730834961,-0.5874330997467041,6.3264827594816335,3.7461614108423045,0.5152065527591222,0.22437810875369604,0.9291049013172415
3,1771110348539,1771110351811,0,0.03664364293217658,0.054474035898844385,0.06990875800450641,0.2432836989369376,0.16861641903899444,0.3405935371270136,0.433062195777893,0.3743696212768554,0.6640834808349609,-0.4956713318824768,-0.3381624221801758,-0.5874330997467041,4.68155374074657,2.41452002636581,0.41562997722600675,0.1855582416783392,0.790535179104883
3,1771110349700,1771110352913,0,0.03742458547155062,0.039623737335205064,0.02671106259028117,0.2514199412941171,0.1661473107130479,0.4085521527693711,0.433062195777893,0.3743696212768554,0.6640834808349609,-0.4956713318824768,-0.3381624221801758,-1.1082744598388672,5.0452649948616575,2.7722890641984654,0.4461694722400437,0.23582059463353955,1.1744160107484574
3,1771110350780,1771110354049,0,0.08690298820535342,0.0513965606689453,0.04839543104171753,0.21930550685676037,0.18841928866942262,0.37249062721265624,0.5213778614997864,0.3960485458374023,0.5677719116210938,-0.4214641451835632,-0.3381624221801758,-1.1082744598388672,4.738284917323773,2.3849841392228615,0.4177159041414521,0.2341170013731713,1.1744160107484574
3,1771110351911,1771110355149,0,0.06040977934996287,0.041090742746988915,0.05374741951624552,0.2273875582045677,0.19178274805261672,0.38205131308970347,0.5213778614997864,0.3960485458374023,0.655789852142334,-0.4214641451835632,-0.3383855819702148,-1.1082744598388672,5.170677800439346,2.4259122074214337,0.4297161248939267,0.22789424332990915,1.1744160107484574
3,1771110353012,1771110356300,0,0.06216251850128174,0.038827546437581364,0.22032607396443685,0.20696458134805643,0.1904813830389415,0.2470034283871683,0.5213778614997864,0.3960485458374023,0.655789852142334,-0.2848733961582184,-0.3383855819702148,-0.1795191764831543,4.578690861838161,2.1206552863921297,0.3978483403355053,0.17933579537666874,0.8170889096102278
3,1771110354150,1771110357385,0,0.017610193292299903,0.030321184794108065,0.26109333833058673,0.2019965286640113,0.16784788794178546,0.2541378306279813,0.432766854763031,0.3050918579101562,0.655789852142334,-0.3186501860618591,-0.3383855819702148,-0.3475265502929687,4.753665439654603,2.2671760600862747,0.41909652229948474,0.1538029165662865,0.7991105824212884
3,1771110355284,1771110358503,0,-0.08263983428478242,0.015081628163655582,0.25974277655283606,0.38558820869870314,0.1510865641671931,0.2426528766372681,0.6057351231575012,0.2803421020507812,0.7003707885742188,-0.9873998165130616,-0.2717504501342773,-0.3475265502929687,5.0942549788455285,2.551133825619771,0.5048813046696703,0.2092456479540477,1.0334844325062904
3,1771110356401,1771110359590,0,-0.1330612614750862,0.01192986170450846,0.24486227035522462,0.39262243220546306,0.14652190072590046,0.26846478923649286,0.6057351231575012,0.2803421020507812,0.7003707885742188,-0.9873998165130616,-0.2649822235107422,-0.3475265502929687,5.302005100393904,2.6036414895333175,0.5290365940624917,0.1966004342547735,1.0334844325062904
3,1771110357502,1771110360710,0,-0.1597903991738955,0.035501702626546214,0.03777309258778889,0.3983616110022664,0.15818756470101028,0.38172526326492023,0.6057351231575012,0.3789901733398437,0.7003707885742188,-0.9873998165130616,-0.2649822235107422,-0.8196070194244385,5.3830174929216374,2.60702838014676,0.5508882080329419,0.21137677957920206,1.0334844325062904
3,1771110358620,1771110361826,0,-0.09763994415601095,0.06598653793334959,-0.10206515789031982,0.26007268788720134,0.1357427969408645,0.35131418570654743,0.3999439477920532,0.3789901733398437,0.689694881439209,-0.5531848669052124,-0.252695083618164,-0.8196070194244385,4.580869721917408,1.9542954104774675,0.4440410542887791,0.17509209949839932,0.8250813171421061
3,1771110359712,1771110362943,0,-0.045805985728899636,0.06161816914876301,-0.19524088700612385,0.25652455470457103,0.13442834198856218,0.24693951940620687,0.3542228937149048,0.3789901733398437,0.2553033828735351,-0.5531848669052124,-0.252695083618164,-0.8196070194244385,4.433383505280768,1.8856679004557282,0.38701317038726335,0.18826224682321654,0.8250813171421061
3,1771110360807,1771110364047,0,-0.026660622159640008,0.03864990870157878,-0.11208267211914062,0.22368386837797183,0.11459362685613333,0.2207148588298641,0.263340026140213,0.2399797439575195,0.2954330444335937,-0.4185212552547455,-0.1647138595581054,-0.4651262760162353,4.032648075524721,1.8822419652945546,0.32588858889211075,0.13149906670505193,0.5715669304976514
3,1771110361927,1771110365179,0,0.013908456762631726,0.03416856129964193,-0.08331054051717122,0.2130002203300828,0.12986420983626368,0.2513837436733533,0.3165590763092041,0.323160171508789,0.3078739643096924,-0.3875634372234344,-0.1840314865112304,-0.5512232780456543,3.9255933079924232,1.9635892921819478,0.33181473179880794,0.14183734977796383,0.6389754654342186
3,1771110363065,1771110366299,0,0.05605307718118033,0.05622313817342122,-0.1566176136334737,0.30530167734026625,0.13311455258446156,0.2620766688178517,0.6657223105430603,0.323160171508789,0.3078739643096924,-0.6404169201850891,-0.1840314865112304,-0.6868076324462891,4.464941972034188,2.5473470938522835,0.41710739404911396,0.17756739411600816,0.7983377472200428
3,1771110364164,1771110367383,0,0.11995254208644231,0.05263395309448241,-0.1661824345588684,0.31067827657092545,0.1218355470956034,0.23083611332181922,0.6657223105430603,0.323160171508789,0.3078739643096924,-0.6404169201850891,-0.1840314865112304,-0.6868076324462891,4.231274417730899,2.3969074436109192,0.41799998816318057,0.17384124742512141,0.7983377472200428
3,1771110365280,1771110368506,0,0.16163267542918522,0.05825490951538084,-0.09545767704645793,0.2941288523703449,0.11288267558980489,0.25542332000122187,0.6657223105430603,0.2668323516845703,0.4930605888366699,-0.6404169201850891,-0.2467126846313476,-0.6868076324462891,4.218056344124495,2.3074779699909116,0.4103025129079525,0.1740836495763903,0.7983377472200428
3,1771110366418,1771110369620,0,0.14153640518585842,0.044948609670003234,-0.03325525522232055,0.20906289157110866,0.14284104862976973,0.2631507113644552,0.431668758392334,0.3950157165527344,0.5141856670379639,-0.2515630722045898,-0.2467126846313476,-0.5174978971481323,4.052972322589727,1.6603527903674733,0.3679917693961659,0.13125948518060646,0.5709276857844388
3,1771110367485,1771110370757,0,0.11725260217984518,0.027821477254231754,0.10591540733973186,0.1990436871354687,0.18919774446205884,0.3651080894717791,0.4417051672935486,0.3950157165527344,1.0194785594940186,-0.2515630722045898,-0.349771499633789,-0.5174978971481323,4.923929400178048,2.4853182487439676,0.42613355045016665,0.21793221298134943,1.1078918150132593
3,1771110368603,1771110371907,0,0.09792455633481344,0.038188521067301424,0.16398153702418009,0.20600498587907304,0.19772007246847537,0.35634439942029467,0.4417051672935486,0.3950157165527344,1.0194785594940186,-0.2515630722045898,-0.349771499633789,-0.5174978971481323,5.002794805098474,2.7437335728868923,0.4456091715312708,0.20577570093844638,1.1078918150132593
3,1771110369721,1771110373042,0,0.07151814748843512,0.0162575085957845,0.1881005048751831,0.19385672972034104,0.20018357491551705,0.3461922391319642,0.4417051672935486,0.441812515258789,1.0194785594940186,-0.1912228316068649,-0.349771499633789,-0.6063802242279053,5.2107912483192615,2.7606796531436064,0.4338492248915987,0.21202309170327466,1.1078918150132593
3,1771110370874,1771110374143,0,0.041036334137121835,0.0067939758300781285,0.13614797592163086,0.17656285925942017,0.18145460100568836,0.3145413267523765,0.3840388655662536,0.441812515258789,0.6165087223052979,-0.2721197009086609,-0.4215650558471679,-0.6063802242279053,5.138880274618277,2.869679531223169,0.3952990854174342,0.1495059320105309,0.6753126608599036
3,1771110372024,1771110375248,0,-0.010379937787850686,-0.0007770538330078069,0.01181054910024007,0.14525695683547662,0.19608134540127461,0.38251166761854627,0.3060148954391479,0.4749717712402344,0.6165087223052979,-0.2721197009086609,-0.4215650558471679,-1.048288345336914,5.614761455998352,2.998672431080243,0.3988989100459686,0.20374441518945988,1.076927549184975
3,1771110373159,1771110376379,0,0.007540298501650503,-0.007105159759521481,0.015438659985860189,0.18680626895082797,0.21171775717653288,0.3691568904496592,0.4442494809627533,0.4749717712402344,0.6165087223052979,-0.3167210519313812,-0.5969266891479492,-1.048288345336914,5.915417021722794,4.195598866412114,0.4049021969432956,0.21623209855986802,1.076927549184975
3,1771110374265,1771110377482,0,-0.021314878265062957,0.06189231872558594,-0.0381330092748006,0.25116913500854665,0.2344531837936491,0.3075559803867906,0.4442494809627533,0.5206365585327148,0.498732328414917,-0.7443713545799255,-0.5969266891479492,-1.048288345336914,6.145179166116795,3.9531241039297957,0.4051431530413151,0.22086401396269786,1.076927549184975
3,1771110375362,1771110378603,0,0.007151680688063307,0.0030166308085123844,0.03475552002588909,0.26805097359755986,0.2443348014908561,0.3045597761958637,0.4442494809627533,0.5206365585327148,0.9524943828582764,-0.7443713545799255,-0.5969266891479492,-0.6283682584762573,6.201492287037085,3.998109909365331,0.4213503230369257,0.20484474968638672,0.9643841054231443
3,1771110376480,1771110379736,0,0.009024893740812938,0.007635148366292333,0.13140057325363158,0.2537755314649473,0.27457727889763495,0.3439399483274428,0.3801243007183075,0.5206365585327148,0.988422393798828,-0.7443713545799255,-0.4829959869384765,-0.6283682584762573,6.290374394212588,2.7366686043615234,0.4694200706786734,0.21941237255348142,1.0102772154178545
3,1771110377583,1771110380871,0,0.023920709391434977,-0.04466924667358398,0.16885334253311157,0.21633023041305866,0.24583917790348223,0.395767453033946,0.4019429683685303,0.3880281448364258,0.988422393798828,-0.3978860974311828,-0.4829959869384765,-0.6283682584762573,6.037076584942164,2.743732204643859,0.49006760429511953,0.21810634485284272,1.0102772154178545
3,1771110378730,1771110382005,0,0.05561243494351706,-0.015013853708902994,0.21958371003468832,0.21318080073207032,0.24570587993843082,0.36369394656901255,0.4019429683685303,0.3880281448364258,0.988422393798828,-0.3978860974311828,-0.4829959869384765,-0.4818205833435058,5.668046900459498,2.449727495934896,0.4875994762843561,0.21319315631876878,1.0102772154178545
3,1771110379852,1771110383124,0,0.07409416238466898,-0.015773868560791025,0.17707099119822184,0.23811486025709558,0.20880010823242276,0.3380312242491277,0.4323741197586059,0.381657600402832,0.8788750171661377,-0.3978860974311828,-0.4093971252441406,-0.4818205833435058,5.088425739453451,2.344099788999247,0.45524379672463416,0.19631577058840396,0.8874164552844303
3,1771110380988,1771110384261,0,0.0826639691988627,-0.01238492329915366,0.15161743958791096,0.21663808051453018,0.23461441238457645,0.2996331061296082,0.4323741197586059,0.4273815155029297,0.8788750171661377,-0.3818739354610443,-0.4093971252441406,-0.6066334247589111,5.166858587205181,2.0708184689238056,0.4254548850222784,0.1884423071483648,0.8874164552844303
3,1771110382116,1771110385396,0,0.04465558528900145,-0.013439369201660167,0.04790800412495931,0.23789888564801612,0.2148938895742217,0.3182876751878314,0.4323741197586059,0.4273815155029297,0.7819111347198486,-0.3818739354610443,-0.347482681274414,-0.6066334247589111,5.200367813906932,2.1260230293591214,0.4068673637425759,0.19353809375447675,0.8139665329965893
3,1771110383257,1771110386534,0,0.01852348645528156,-0.008958657582600914,-0.09521272579828897,0.20011823098123763,0.20364237275128685,0.37612473875700203,0.4150977730751037,0.4273815155029297,0.7819111347198486,-0.3818739354610443,-0.3116655349731445,-0.6903984546661377,5.325942750745169,2.305443666212325,0.4306462453130626,0.20236638432642357,0.8050403373261258
3,1771110384378,1771110387666,0,-0.01131908297538758,0.008850701649983717,-0.12294708093007406,0.19611313932923685,0.16226546102248812,0.37736101726413657,0.4150977730751037,0.4160661697387695,0.7819111347198486,-0.3602574467658996,-0.3062667846679687,-0.6903984546661377,4.834389132368163,2.4993452645348717,0.41314599996545165,0.2155623245413296,0.8050403373261258
3,1771110385511,1771110388820,0,0.018903200825055443,0.02740262349446614,-0.043135539690653486,0.22032845274431942,0.21528330389300726,0.42849886616529553,0.5016443133354187,0.4889841079711914,0.9481921195983888,-0.3231310248374939,-0.3800697326660156,-0.6903984546661377,5.758153340626197,2.808200093978912,0.46889602105319333,0.23265664456554058,1.0730478894827022
3,1771110386651,1771110389969,0,0.025586922963460285,0.02222150166829428,0.17112896839777628,0.22454049779051086,0.2172701617070489,0.38462841001334563,0.5016443133354187,0.4889841079711914,0.9481921195983888,-0.3231310248374939,-0.3800697326660156,-0.6034022569656372,5.385050582586964,2.838514768436249,0.4690788722285932,0.222316024486878,1.0730478894827022
3,1771110387771,1771110391039,0,0.027760233481725058,-0.011806805928548164,0.22333627144495646,0.22575656193157362,0.21764387788139114,0.4080199140632984,0.5016443133354187,0.4889841079711914,0.9481921195983888,-0.3060474991798401,-0.3800697326660156,-0.6954094171524048,5.959658610490105,3.7668496639221876,0.5062165391746392,0.22861328326250865,1.0730478894827022
3,1771110388936,1771110392156,0,-0.029543582598368333,-0.038096523284912094,0.07389583190282185,0.1746814039103657,0.18950043727055937,0.42747265406060586,0.3961472511291504,0.3333969116210937,0.8825128078460693,-0.2940807342529297,-0.3702726364135742,-0.6954094171524048,5.034698228822104,3.920912027612078,0.46216542868762095,0.19038851785396488,0.9234961026433492
3,1771110390070,1771110393276,0,-0.0061382859945297245,-0.023019186655680337,0.01116267442703248,0.20737683716549632,0.18582338841260668,0.4277414098496873,0.5065444707870483,0.3333969116210937,0.8825128078460693,-0.3301452100276947,-0.3200054168701172,-0.6954094171524048,5.778769776455169,3.887663437412384,0.46239311146004786,0.2000854179461636,0.9234961026433492
3,1771110391154,1771110394394,0,0.03908900221188863,0.007279364267985011,0.0003308931986490904,0.2038253242211489,0.19406520036178157,0.46164862599620254,0.5065444707870483,0.3333969116210937,1.0513412952423096,-0.3301452100276947,-0.3200054168701172,-1.0289306640625,5.981559980290636,3.209980112020689,0.4832529326651699,0.22885544265729044,1.0848605730109653
3,1771110392274,1771110395533,0,0.0914911021788915,0.008246326446533192,0.12651369571685792,0.1834513370893684,0.1542745893646943,0.4343751908451588,0.5065444707870483,0.3246564865112304,1.0513412952423096,-0.3301452100276947,-0.2827520370483398,-1.0289306640625,5.631244932142308,2.8558047806169,0.4516199004278637,0.2458260344304681,1.0848605730109653
3,1771110393394,1771110396620,0,0.0493044763803482,0.0001035372416178316,0.07049051920572917,0.17625507985554473,0.14884614572679047,0.4196024568040118,0.3271596729755401,0.2885046005249023,1.0513412952423096,-0.3307387828826904,-0.3526344299316406,-1.0289306640625,5.223622927958706,2.7166340722183153,0.41674808632486854,0.2393206541395074,1.0848605730109653
3,1771110394510,1771110397772,0,-0.013350158929824841,-0.018053785959879564,0.07552699645360311,0.1985059837755781,0.12476638232593261,0.38715956918017747,0.2657754421234131,0.1818132400512695,0.7143815755844116,-0.5259956121444702,-0.3526344299316406,-0.7651598453521729,4.51907671344748,2.1785587359412864,0.41394051408959787,0.18447528034184937,0.8231096320539233
3,1771110395645,1771110398851,0,0.018726251522699976,-0.027921454111735033,0.14908436934153238,0.26048633248149095,0.14036682235768458,0.41917898391688513,0.6347022652626038,0.2387809753417968,0.8031439781188965,-0.5259956121444702,-0.3526344299316406,-0.7651598453521729,5.115514615855313,2.846038263060799,0.48782604932181406,0.20309740275936838,0.8326489558436774
3,1771110396716,1771110399970,0,0.04995250701904296,0.02639319101969399,0.2133896787961324,0.27208418977970644,0.14620890593630909,0.3814116837000188,0.6347022652626038,0.3213872909545898,0.8031439781188965,-0.5259956121444702,-0.2272310256958007,-0.7651598453521729,4.8428407301130045,2.8651653197781743,0.4903557304836642,0.20627383445670905,0.8326489558436774
3,1771110397866,1771110401104,0,0.06343156894048056,0.03634414672851561,0.17481906414031984,0.2662965150116353,0.179633750021309,0.36560259155136476,0.6347022652626038,0.3213872909545898,0.8031439781188965,-0.4188374876976013,-0.3478031158447265,-0.9660248756408693,5.167467073046025,2.874773497078242,0.46944868379503696,0.21449996377953875,0.9672981339198782
3,1771110398957,1771110402258,0,0.023002398510773982,0.08854726155598956,0.015861638387044272,0.23268475079154635,0.22579740729277092,0.3529694068221641,0.5018160939216614,0.6002712249755859,0.6669073104858398,-0.4388181567192077,-0.3478031158447265,-0.9660248756408693,5.403765092998685,2.3643994792887537,0.441412469327913,0.192532882330317,0.9672981339198782
3,1771110400074,1771110403359,0,0.03270763307809829,0.04000418980916342,-0.071104363600413,0.21362125583173625,0.2583332101806427,0.3797880787531027,0.4352199137210846,0.6002712249755859,0.7194657325744629,-0.4388181567192077,-0.3478031158447265,-0.9660248756408693,6.424457308659371,2.5080539463738667,0.4634568102615445,0.20591890961165923,0.9672981339198782
3,1771110401221,1771110404460,0,0.08005925168593724,0.04107364018758139,-0.06785371303558349,0.21009883453780542,0.2652251204207702,0.4005189062313231,0.5204983949661255,0.6002712249755859,0.8040759563446045,-0.4388181567192077,-0.3590641021728515,-0.9130005836486816,6.7938788731392945,2.6565691437186527,0.49151388470667295,0.19525224605436106,0.9214267888983362
3,1771110402381,1771110405579,0,0.10399146378040314,0.0003818194071451767,0.07549475431442261,0.2602613086113352,0.2918783020397908,0.47254801345023195,0.5204983949661255,0.4367485046386719,1.418189525604248,-0.5447680950164795,-0.8405790328979492,-0.9130005836486816,7.23841946602106,2.9477837156203597,0.5552031713389144,0.2728257620072686,1.4918744971309559
3,1771110403477,1771110406702,0,0.12587431321541467,0.0361429214477539,0.18654687801996866,0.30773885070857476,0.2921810633720406,0.468104972933123,0.7316166162490845,0.4367485046386719,1.418189525604248,-0.5447680950164795,-0.8405790328979492,-0.5197252035140991,7.227930620160179,3.3796170415666693,0.595935386686877,0.2924925070914997,1.4918744971309559
3,1771110404566,1771110407816,0,0.18060168425242107,-0.016324965159098318,0.2876670996348063,0.30461525441572285,0.2968618079609791,0.4581307636296367,0.7316166162490845,0.4367485046386719,1.418189525604248,-0.5447680950164795,-0.8405790328979492,-0.6276342868804932,6.9919503133339544,3.152011565145626,0.632836210880359,0.31005334356040914,1.4918744971309559
3,1771110405698,1771110408934,0,0.15368815114100773,0.0007081349690755208,0.26793029308319094,0.2788682474939278,0.23976601623086424,0.4656919062963545,0.7316166162490845,0.4020185470581054,1.2892804145812988,-0.3479524552822113,-0.4755239486694336,-0.6276342868804932,6.975544090522207,2.876416422450994,0.594317557242549,0.2922809574724998,1.3720932530439283
3,1771110406806,1771110410071,0,0.07957068979740142,0.002427864074707022,0.11180688540140787,0.236187304703201,0.21978435467415983,0.47622941326483675,0.5847609043121338,0.3971805572509765,1.2892804145812988,-0.3479524552822113,-0.4755239486694336,-0.6276342868804932,5.799676436091985,2.5878952797513026,0.5219172655123802,0.26188006135820385,1.3521942187072997
3,1771110407933,1771110411224,0,-0.029786109924316413,0.07479934692382811,-0.09137379328409831,0.21706978413747557,0.16682162732223096,0.4228830382473901,0.3802639842033386,0.3971805572509765,1.2892804145812988,-0.4189831018447876,-0.4086894989013672,-0.6018595695495605,5.353769740395109,2.9875974131597043,0.45987354947459497,0.22437766834570286,1.3521942187072997
3,1771110409052,1771110412343,0,-0.014875609179337819,0.07996288935343424,-0.20892423788706463,0.3115598738595515,0.1156382717678612,0.2498212342039077,0.6937392950057983,0.3971805572509765,0.2992439270019531,-0.5215850472450256,-0.1198453903198242,-0.6018595695495605,4.337272288012859,2.3908426504386426,0.43826312109126575,0.16171746791445385,0.7133051942607419
3,1771110410188,1771110413446,0,-0.013324717183907826,0.08021125793457032,-0.18579129775365194,0.4877019206038821,0.11921017689725857,0.27320021757224183,0.7902332544326782,0.3523540496826172,0.2659063339233398,-0.9747400879859924,-0.2127180099487304,-0.5829271078109741,6.254712812851228,4.378615578056243,0.5450707663794098,0.24880437305143566,1.136113406083012
3,1771110411341,1771110414561,0,0.11444402585426966,0.07154134114583331,-0.09905151923497518,0.5307239285855032,0.12490161945795285,0.23551121588939689,0.9165586829185486,0.3523540496826172,0.2659063339233398,-0.9747400879859924,-0.2127180099487304,-0.5829271078109741,6.153923246270861,4.4361757801947626,0.5485612711113449,0.2653885408904296,1.136113406083012
3,1771110412445,1771110415680,0,0.11033360833923021,0.08110272089640298,-0.09242181380589802,0.46966422102528904,0.1337028915331111,0.26035069287788126,0.9165586829185486,0.3523540496826172,0.2659063339233398,-0.9747400879859924,-0.2127180099487304,-0.5829271078109741,5.757990281649714,4.609298172507535,0.49542342761200137,0.2838477401536363,1.136113406083012
3,1771110413559,1771110416838,0,0.14810598666469257,0.0663695971171061,-0.034154589970906576,0.2695873218609151,0.11539752381876524,0.28724956434666743,0.9165586829185486,0.2495489120483398,0.7272160053253174,-0.3056636750698089,-0.1721429824829101,-0.5435948371887207,4.366552538416047,2.720042462386323,0.3892574058435232,0.20053772210498444,0.9320349110376924
3,1771110414679,1771110417936,0,0.07817051708698271,0.06512915293375651,0.0024767597516377584,0.15657061568966088,0.10650981136586161,0.3169953819593191,0.3740413188934326,0.2495489120483398,0.7272160053253174,-0.300757884979248,-0.1349048614501953,-0.5435948371887207,4.556642331204931,2.3933747940334498,0.3460931605831494,0.15215023987711646,0.8026044002916286
3,1771110415797,1771110419083,0,0.03434881915648778,0.04717817306518554,-0.004424015680948902,0.18751699500072444,0.1147623633027792,0.29159883007459897,0.3740413188934326,0.350799560546875,0.7272160053253174,-0.3604225516319275,-0.1368904113769531,-0.5435948371887207,4.649154218505903,2.3422652797877372,0.32645162242497244,0.16328102270482991,0.8026044002916286
3,1771110416932,1771110420225,0,-0.0008839348951975542,0.042912451426188145,-0.06134848992029827,0.19597408919614256,0.1406257218225375,0.26690462685593813,0.3740413188934326,0.4690017700195312,0.4906952381134033,-0.3997629284858703,-0.1984825134277343,-0.6200994253158569,4.4473103955054665,1.9724081164313612,0.32486061729049964,0.16138519860729686,0.6307606210355104
3,1771110418049,1771110421373,0,0.005111723393201832,0.042738882700602214,-0.020951465765635172,0.2104725260982052,0.16524090340625558,0.29515478505753656,0.5167100429534912,0.4690017700195312,0.6108760833740234,-0.3997629284858703,-0.1984825134277343,-0.6200994253158569,4.564501918521775,2.1684819110991365,0.3491633218625219,0.1870062188320628,0.7002048342343185
3,1771110419187,1771110422506,0,0.030983244379361473,0.05177742640177409,0.0022259910901387477,0.20991964842818842,0.17695039650082775,0.3398389503096391,0.5167100429534912,0.4690017700195312,0.6260483264923096,-0.3997629284858703,-0.3590078353881836,-0.6200994253158569,5.18138387372204,2.4537011598627405,0.39248757962505737,0.18783317479058298,0.7584373818163487
3,1771110420337,1771110423629,0,0.013767402122418093,0.028453095753987627,-0.017123067378997787,0.20362455108689306,0.15942162743714383,0.3194735070878941,0.5167100429534912,0.3743762969970703,0.6260483264923096,-0.3473282754421234,-0.3590078353881836,-0.4686872959136963,4.5258414098808375,2.8552189267665913,0.36339848252889434,0.18348356880695094,0.7584373818163487
3,1771110421488,1771110424805,0,-0.04819180071353912,0.000673611958821602,-0.12940682172775267,0.19139183514501346,0.14448411422574556,0.304459865444197,0.2745054364204407,0.3743762969970703,0.6260483264923096,-0.4276783466339111,-0.3590078353881836,-0.7288132905960083,4.449405955489498,2.492770742503466,0.3657072104273074,0.17769450305076687,0.7655951551654491
3,1771110422624,1771110425884,0,-0.04965003629525502,-0.0019502957661946651,-0.08540981610616045,0.19731568888654932,0.11481884655163202,0.3186299958774579,0.4369609653949737,0.1973962783813476,0.5584471225738525,-0.4276783466339111,-0.2690773010253906,-0.7288132905960083,4.247662251786193,2.4797164652758426,0.3603545888845879,0.17149101362599925,0.7655951551654491
3,1771110423744,1771110427033,0,-0.04421169633666674,0.026849810282389315,-0.015477542082468664,0.19803371635904862,0.15301068172092935,0.34927948660526575,0.4369609653949737,0.3327293395996094,0.5584471225738525,-0.4276783466339111,-0.2690773010253906,-0.7288132905960083,5.502570731638898,4.056707426051248,0.39100417539024845,0.1717128641690262,0.7655951551654491
3,1771110424879,1771110428133,0,0.022323555250962572,0.03522243499755859,0.09975749651590983,0.19713841088355302,0.14691221800283102,0.3119820513862392,0.4369609653949737,0.3327293395996094,0.5584471225738525,-0.3269720077514648,-0.2528142929077148,-0.5918295383453369,5.172700644828648,4.101709309265526,0.37112168356801845,0.1655069014082004,0.6344841899215644
3,1771110425995,1771110429287,0,0.0014119466145833361,0.05973564783732096,0.032470870018005374,0.18517479361976064,0.16773381673165622,0.36533960600022775,0.3898837566375732,0.3327293395996094,0.5618886947631836,-0.3269720077514648,-0.2528142929077148,-0.9738506078720092,5.772823818764265,5.999313895602538,0.39559578819125335,0.19694947012057412,0.9825677700055127
3,1771110427133,1771110430403,0,0.02725057154893874,0.060345268249511703,0.037414224942525234,0.16443335717149313,0.2160118996469039,0.37839794126665544,0.3898837566375732,0.5543603897094727,0.5618886947631836,-0.2211656272411346,-0.3805952072143554,-0.9738506078720092,6.042848665956194,5.251607138068254,0.41824928264566974,0.20470288683439486,0.9825677700055127
3,1771110428254,1771110431505,0,0.009786586463451392,0.052599398295084636,0.030427165826161732,0.19572553945223672,0.2452042265463714,0.44284853562507026,0.6610275506973267,0.5543603897094727,1.072274684906006,-0.2836091518402099,-0.4904804229736328,-0.9738506078720092,6.942845517135694,5.328226498528591,0.47344057844846715,0.2580546238400114,1.2602531015931335
3,1771110429386,1771110432606,0,0.015826151271661124,0.002688217163085943,0.13023659785588584,0.19597994770242738,0.27885914979306264,0.379922670342496,0.6610275506973267,0.5543603897094727,1.072274684906006,-0.4100790619850158,-0.4904804229736328,-0.6408921480178833,6.623529780088193,3.260180105039583,0.4666486869794723,0.23033635527598548,1.2602531015931335
3,1771110430503,1771110433727,0,-0.014655714233716317,-0.03601287206013997,0.10737898349761962,0.233029182558182,0.23372449953626495,0.35201633725120274,0.6610275506973267,0.3854837417602539,1.072274684906006,-0.4655836522579193,-0.4904804229736328,-0.6408921480178833,5.869950279386241,2.982884079154546,0.4337455290063182,0.2274078387028784,1.2602531015931335
3,1771110431605,1771110434844,0,-0.03302355110645294,-0.046550401051839184,0.09524371226628621,0.19652039442150881,0.2073923514627094,0.26431209615795087,0.2729842960834503,0.3854837417602539,0.5373530387878418,-0.4655836522579193,-0.4066619873046875,-0.5594576597213745,5.197644729921115,2.5977011616070182,0.37195127657921284,0.1453559951643489,0.6589374342573222
3,1771110432709,1771110435962,0,-0.01575163553158443,-0.07923644383748371,0.15277884403864542,0.2120112134780841,0.24971216501206125,0.3326979033956655,0.4597604274749756,0.6710567474365234,0.9478933811187744,-0.4655836522579193,-0.6838264465332031,-0.5594576597213745,5.658768557811695,3.47152420379706,0.4390944267993088,0.22234729439865686,0.9749311526942485
3,1771110433841,1771110437088,0,0.010065103570620211,-0.03995933532714844,0.18765408992767335,0.1917696112057776,0.2624737710899655,0.3439901578400716,0.4597604274749756,0.6710567474365234,0.9478933811187744,-0.3684521317481994,-0.6838264465332031,-0.6861894130706787,5.272328212821901,3.8025094698851136,0.44741833536619185,0.23472580184784358,0.9749311526942485
3,1771110434964,1771110438198,0,-0.008127901703119295,-0.023183727264404284,0.13036414782206218,0.187594405453276,0.27001096716441114,0.35325189861100287,0.4597604274749756,0.6710567474365234,0.9478933811187744,-0.3684521317481994,-0.6838264465332031,-0.6861894130706787,4.884754799253208,3.7260156571123386,0.4332465700755094,0.23856779459190075,0.9749311526942485
3,1771110436083,1771110439318,0,-0.034293440481026984,0.035039742787679046,-0.01660830974578858,0.18455270682649688,0.17367841462574052,0.30351938044316806,0.3345412909984588,0.4366083145141601,0.5457379817962646,-0.4370830655097961,-0.2141876220703125,-0.6861894130706787,4.435978557427507,2.4813497446803434,0.35325008567602495,0.17329568287208136,0.806830120040186
3,1771110437202,1771110440455,0,-0.05100917021433513,0.07081413269042969,-0.15805259943008423,0.16842662003831474,0.2024832164671061,0.289296214670921,0.3345412909984588,0.70245361328125,0.5184998512268066,-0.4370830655097961,-0.2141876220703125,-0.6752030849456787,4.7102759854674705,2.1059017633211607,0.3851003371185636,0.1826591922983144,0.7420985747632513
3,1771110438315,1771110441589,0,-0.013997691869735714,0.05946009953816732,-0.08369006315867106,0.2053431492626608,0.23525851074562285,0.43424966981116153,0.4337195456027984,0.70245361328125,1.0130183696746826,-0.4370830655097961,-0.4633951187133789,-0.7891476154327393,5.949256737378764,2.5023130086042564,0.4842709950733372,0.2336355443334641,1.1028663152966123
3,1771110439436,1771110442725,0,0.06528128460049629,0.03820145924886067,0.06400340398152668,0.21883811276090964,0.2325077891241948,0.46706175421524526,0.4337195456027984,0.70245361328125,1.0130183696746826,-0.4300113320350647,-0.4633951187133789,-0.7891476154327393,5.498860638606956,2.5740777512669992,0.5145692353682418,0.23736205445233463,1.1028663152966123
3,1771110440571,1771110443877,0,0.08890078055361904,-0.023239199320475266,0.171258012453715,0.21883555661834722,0.22919784809123384,0.41190649232706544,0.4337195456027984,0.6211032867431641,1.0130183696746826,-0.4300113320350647,-0.4633951187133789,-0.7891476154327393,5.903508758178577,2.7827155190725805,0.4865495708376529,0.2535137693036301,1.1028663152966123
3,1771110441705,1771110445027,0,0.05278320697446664,0.011315441131591778,0.004045259952545166,0.1917487443105853,0.20112923426581383,0.4126433116546231,0.3795178234577179,0.6211032867431641,0.7183682918548584,-0.2763668298721313,-0.427337646484375,-0.8553376197814941,4.7735053340586635,2.5914031619406264,0.4359050636621016,0.2322954342334648,0.9485499157562587
3,1771110442841,1771110446240,0,-0.009077012663086241,0.000321801503499336,-0.09409410953521728,0.1496975554653874,0.2116307753098797,0.3406327612872611,0.3795178234577179,0.6211032867431641,0.6082301139831543,-0.2763668298721313,-0.427337646484375,-0.8553376197814941,4.5095704727290045,2.48683198795789,0.3788526663606157,0.20974587632485014,0.9485499157562587
3,1771110443993,1771110447316,0,-0.02148897486428418,-0.01109422047932942,-0.07098670403162637,0.11956274280758467,0.17487222496265084,0.3273150371204215,0.2633737325668335,0.3337774276733398,0.53861403465271,-0.2763668298721313,-0.3621683120727539,-0.8553376197814941,3.936255576509465,1.971339832507174,0.34883572625177606,0.17873481067683603,0.8576597484596984
3,1771110445145,1771110448452,0,-0.01048009532193342,-0.03449986775716144,0.05286957820256551,0.12391751496191684,0.16339687172643405,0.26562978124477415,0.2633737325668335,0.2941627502441406,0.7446339130401611,-0.2818902432918548,-0.3621683120727539,-0.317676305770874,3.895967738855136,1.9839508256964342,0.3080737176204356,0.13662941323753622,0.7599786526503075
3,1771110446289,1771110449584,0,0.02086871589223543,-0.01168117523193358,0.05307896931966146,0.145671311901662,0.1766613450884675,0.3004559510800674,0.3912620842456817,0.2941627502441406,0.7446339130401611,-0.2818902432918548,-0.3597793579101562,-0.4998955726623535,4.22219163310268,2.3572027466637824,0.33530779358513985,0.17291930403785108,0.7599786526503075
3,1771110447434,1771110450720,0,0.062386684740583086,-0.004076194763183576,0.03957694371541341,0.20603901588724632,0.1886911578109863,0.371302282683593,0.463902086019516,0.3608217239379883,0.7446339130401611,-0.2818902432918548,-0.3597793579101562,-0.9024441242218018,5.289085282320064,3.645399823788549,0.40847917717814697,0.22130700435634076,0.9417235311975106
3,1771110448566,1771110451862,0,0.05318951619168121,0.035854625701904314,-0.041312543551127116,0.22906294243701883,0.21822542655526478,0.411557502550807,0.463902086019516,0.366368293762207,0.6587560176849365,-0.3322597146034241,-0.3597793579101562,-0.9024441242218018,6.142821747069601,3.603010376025567,0.4738382676708372,0.20791590454659883,0.9417235311975106
3,1771110449685,1771110452973,0,0.02004709563528497,0.10149100621541342,-0.0498977780342102,0.22346454127304935,0.27562252880314625,0.38622083395016726,0.463902086019516,0.7448005676269531,0.6587560176849365,-0.3322597146034241,-0.4401426315307617,-0.9024441242218018,6.45664511635451,3.755474681762029,0.48239496460197595,0.21906278078379013,0.9417235311975106
3,1771110450850,1771110454092,0,0.0015219438510636451,0.1678984006245931,-0.04432559808095296,0.17299647141348987,0.2817333375138257,0.38932544218784637,0.3959579467773437,0.7448005676269531,0.7215297222137451,-0.3322597146034241,-0.4401426315307617,-0.7940133810043335,5.640882414344672,2.795027891246675,0.48187159099333166,0.22773989653133417,0.8243191890638577
3,1771110451956,1771110455227,0,0.007620430458337061,0.10020484924316406,0.053709526856740304,0.1585861883655443,0.3063999072722215,0.3506810677239525,0.3959579467773437,0.7448005676269531,0.7215297222137451,-0.4186910688877105,-0.4401426315307617,-0.5711305141448975,5.367455377863332,2.725231311933072,0.43862328304300163,0.23751772800077153,0.8243191890638577
3,1771110453076,1771110456394,0,0.021893376236160587,0.1164538065592448,0.029194974899291976,0.14021615022693112,0.2876749918136214,0.34987025804142974,0.3959579467773437,0.7169189453125,0.7215297222137451,-0.4186910688877105,-0.3138427734375,-0.5711305141448975,4.876194486452394,2.0573113639304803,0.429400185945806,0.22246521799487873,0.8243191890638577
3,1771110454208,1771110457513,0,0.02053891693552334,0.03404423395792644,0.10332327286402383,0.14907368779262078,0.2793063792222596,0.3504509269226986,0.236997902393341,0.6011037826538086,0.8703980445861816,-0.4186910688877105,-0.4178094863891601,-0.423071026802063,5.2738102335323855,2.4167975842259333,0.4368420181441729,0.19575172854162898,0.912592738029526
3,1771110455345,1771110458667,0,0.03449001088738441,0.03991785049438476,0.06698772112528481,0.1598152783410499,0.28737969446777467,0.35812474632784386,0.3030451536178589,0.6011037826538086,0.8703980445861816,-0.3945342004299164,-0.4287605285644531,-0.4741647243499756,5.598646521411327,2.1493955141762613,0.45226778012346336,0.17973018053409776,0.912592738029526
3,1771110456496,1771110459818,0,0.022572250291705134,-0.08454567591349284,0.12360935211181641,0.21372283239802017,0.25099206137646873,0.3643224683614963,0.3891372680664062,0.3540878295898437,0.8703980445861816,-0.3945342004299164,-0.6025447845458984,-0.4741647243499756,6.483674756712926,1.8381887453234538,0.4778870164894772,0.16994693883052117,0.912592738029526
3,1771110457631,1771110460969,0,-0.0053405170639355855,-0.09478276570638021,0.018809421857198087,0.24789162760560676,0.24409856829800455,0.2939133835621544,0.4110843539237976,0.4628362655639648,0.5757532119750977,-0.5113691687583923,-0.6025447845458984,-0.4741647243499756,6.392126055340702,2.0546049642766357,0.4328179975843603,0.15270029694280152,0.7073731800988207
3,1771110458784,1771110462106,0,-0.027842391903201737,-0.08630968729654946,0.01132140159606934,0.24335461602588238,0.23951380489946703,0.28828266194075197,0.4110843539237976,0.4628362655639648,0.6207265853881836,-0.5113691687583923,-0.6025447845458984,-0.3799887895584106,5.846658799236548,2.233987394851495,0.4253806643422576,0.14542236819237753,0.7073731800988207
3,1771110459934,1771110463224,0,-0.03620011371870834,-0.02696819305419919,-0.0844685951868693,0.23736497670544013,0.23509827376606268,0.2956528555943695,0.4215619564056396,0.4707422256469726,0.6207265853881836,-0.5113691687583923,-0.3693580627441406,-0.702096700668335,5.068420653976064,2.2146629030877922,0.4274290066740835,0.13970509442390278,0.7084275736679205
3,1771110461089,1771110464360,0,-0.03534699231386184,0.04363241195678712,-0.14549076557159424,0.23427936477491515,0.2358617531771164,0.304992318994596,0.4215619564056396,0.4707422256469726,0.6207265853881836,-0.480608582496643,-0.3693580627441406,-0.702096700668335,4.9939373416302,1.7623574876525026,0.44471102156672326,0.1552734163097617,0.7215880778516416
3,1771110462231,1771110465510,0,-0.01701049022376538,0.06401907602945964,-0.11977113882700602,0.23519553955654154,0.2133665175190023,0.28765828952871614,0.4215619564056396,0.4707422256469726,0.3081812858581543,-0.480608582496643,-0.3597097396850586,-0.702096700668335,4.637920691424056,2.0973733664642658,0.40739753741114215,0.17684015313457327,0.7215880778516416
3,1771110463340,1771110466645,0,-0.02525912101070087,0.08690045674641927,-0.11421579917271932,0.19900144472840212,0.18084614088602732,0.293384926066481,0.3032832145690918,0.4541149139404297,0.3298518657684326,-0.480608582496643,-0.3597097396850586,-0.689150333404541,4.659631594576371,2.532628557583676,0.37697073451256347,0.1825969444405913,0.7215880778516416
3,1771110464476,1771110467730,0,-0.029917773666481174,0.05508146286010742,-0.06130125919977824,0.16357577940445936,0.1425596486286584,0.30381363611609524,0.3032832145690918,0.3157129287719726,0.4701945781707763,-0.3827465772628784,-0.2224130630493164,-0.6731715202331543,4.0245145743040505,2.2182491206633164,0.33851066919793776,0.16968833291055346,0.6960428880302983
3,1771110465627,1771110468883,0,-0.03262071479111909,0.052445602416992185,-0.1512198567390442,0.17662426722066438,0.12640484696523796,0.32826515225022845,0.3833169341087341,0.3074007034301758,0.4701945781707763,-0.3054472208023071,-0.2140092849731445,-0.7562406063079834,4.195659659495001,2.0187062432710143,0.37981764281511055,0.18247882797740994,0.7902088884116995
3,1771110466746,1771110469983,0,-0.02244940741608541,0.03949247996012369,-0.10930687189102173,0.20842944656289178,0.12661134491216683,0.33046788933641535,0.3833169341087341,0.3329582214355469,0.5246515274047852,-0.3905869722366333,-0.2140092849731445,-0.7562406063079834,4.641447303756892,2.185800301382595,0.3836006049456738,0.17593616487584218,0.7902088884116995
3,1771110467885,1771110471141,0,0.045119185994068785,0.042160002390543606,-0.04146608114242554,0.2936919359048081,0.14658865588816866,0.335009941164058,0.7179239392280579,0.3329582214355469,0.5246515274047852,-0.5544673800468445,-0.2976140975952148,-0.7562406063079834,5.235260826117817,2.2724438134175395,0.427789676226293,0.1907453308803501,0.8077349665622656
3,1771110468965,1771110472305,0,0.01061612814664841,0.05855375925699868,-0.029251929124196354,0.4032471039026583,0.1420654732666221,0.30152606380433555,0.7179239392280579,0.3329582214355469,0.5246515274047852,-1.049572229385376,-0.2976140975952148,-0.6395359039306641,6.268880342875611,3.037338049697936,0.46342161275215227,0.2368379964059482,1.081959747383906
3,1771110470100,1771110473455,0,0.03598183132708073,0.04903211593627929,-0.0990191419919332,0.39068536573552437,0.13332115879500525,0.2696479579299283,0.7179239392280579,0.3278970718383789,0.5178170204162598,-1.049572229385376,-0.2976140975952148,-0.5067839622497559,5.354889798140678,3.125793365258953,0.43658330455722777,0.24476787720219934,1.081959747383906
3,1771110471251,1771110474608,0,-0.0023160174489021425,0.06928529739379881,-0.20399173895517986,0.33396769065792603,0.14147571238823325,0.2152088576173154,0.5802876949310303,0.3545217514038086,0.3600897789001465,-1.049572229385376,-0.2187118530273437,-0.6164451837539673,4.963575279146267,3.220975978685356,0.40163988739816037,0.2429126560367803,1.081959747383906
3,1771110472420,1771110475692,0,0.035575755188862475,0.05081294377644855,-0.21813937028249106,0.17100473913229083,0.1543114752206636,0.2495507638408145,0.4686519503593445,0.3545217514038086,0.3600897789001465,-0.2481034398078918,-0.3187122344970703,-0.7969937324523926,3.874973435113228,1.791576145596879,0.3577682158754722,0.19006398083065798,0.7994552708483574
3,1771110473556,1771110476810,0,0.05733019647498925,0.06010281244913736,-0.12971953948338827,0.1643982070919155,0.14841367811992343,0.3010157618796398,0.4686519503593445,0.3545217514038086,0.4195456504821777,-0.2481034398078918,-0.3187122344970703,-0.7969937324523926,4.296339875508821,1.7575434020372818,0.35332496732094787,0.1872564417843775,0.7994552708483574
3,1771110474707,1771110477912,0,0.04458427540957926,0.03621934254964192,-0.11001807649930319,0.1832134977476567,0.1205719982733011,0.3387500577195869,0.3827467262744903,0.2336702346801757,0.4207018613815307,-0.4332281351089477,-0.3187122344970703,-0.9703618884086608,4.552810344313468,2.573999166980244,0.36098453238596423,0.20973281175344063,1.0627205008556273
3,1771110475792,1771110479030,0,0.07385258885721363,0.02889836629231771,0.057846687237421666,0.16835345363210077,0.16100019164181478,0.3789890367372848,0.3827467262744903,0.3156690597534179,0.931821346282959,-0.4332281351089477,-0.3293352127075195,-0.9703618884086608,4.961405511818881,2.5759154906490167,0.3894860009490234,0.225685844824746,1.0627205008556273
3,1771110476927,1771110480148,0,0.031183699145913103,-0.02477626800537108,0.029797385136286422,0.18972995885672983,0.17428061707011458,0.37226327203041293,0.3827467262744903,0.3156690597534179,0.931821346282959,-0.4332281351089477,-0.3293352127075195,-0.9703618884086608,4.993509010985379,2.5903530200908182,0.3931740250085189,0.21816109224196326,1.0627205008556273
3,1771110478029,1771110481302,0,0.02786403434971967,-0.062443923950195296,0.08595765829086305,0.16506001028844752,0.19680903251592835,0.31560577238670384,0.376205563545227,0.3156690597534179,0.931821346282959,-0.2998312711715698,-0.4569282531738281,-0.39178466796875,4.6569463848814845,1.7349119621814633,0.37926152580186145,0.17107514307617525,1.0040161963810585
3,1771110479151,1771110482405,0,-0.019930821284651755,-0.061330127716064456,0.031389304002126056,0.2078679698485894,0.18236131912346568,0.25553130531924123,0.376205563545227,0.2729768753051758,0.5629632472991943,-0.4063700437545776,-0.4569282531738281,-0.44793701171875,4.604611070909865,1.8752034762896383,0.36070050138428333,0.11176337745683877,0.6002592925515007
3,1771110480287,1771110483521,0,0.0010628630717595502,-0.07006889979044596,0.12279151280721028,0.23239508859061928,0.20716321616181396,0.2594621736842287,0.4481342434883117,0.2448816299438476,0.5718493461608887,-0.4063700437545776,-0.5001840591430664,-0.44793701171875,4.54699595248044,1.7123589918988096,0.3994678565720312,0.14087352845968837,0.6755807920642268
3,1771110481418,1771110484688,0,-0.021014554984867557,-0.01735251744588217,0.06245962778727212,0.23794519384145765,0.21152505467445165,0.3042496736467929,0.4481342434883117,0.4045686721801758,0.5718493461608887,-0.4063700437545776,-0.5001840591430664,-0.6218124628067017,4.713306412612529,2.068607717764438,0.40951413484929894,0.15889632334981632,0.6861697282439351
3,1771110482518,1771110485823,0,-0.04221287711213031,-0.011431566874186202,-0.0027498126029968334,0.24217434903212962,0.21211979259467725,0.3563563652085738,0.4481342434883117,0.4214773178100586,0.5718493461608887,-0.6535852551460266,-0.5001840591430664,-0.7332668304443359,5.164473773847736,2.9240709158340157,0.4322266488170915,0.19838730313164374,1.0164021677490163
3,1771110483638,1771110486941,0,-0.06716578987737495,0.022069009145100914,-0.062272286415100096,0.20162550091443818,0.18548040601779256,0.4168573039949241,0.3385259807109833,0.4214773178100586,0.6356104612350464,-0.6535852551460266,-0.2611885070800781,-0.7817745208740234,5.82936384781157,3.4381079084228925,0.46050985736151995,0.19653489933446222,1.0164021677490163
3,1771110484806,1771110488077,0,-0.0735193998242418,0.01368783315022788,-0.017466878890991203,0.23371052836815454,0.1841732089046877,0.4317658849874955,0.3385259807109833,0.4214773178100586,0.6356104612350464,-0.6535852551460266,-0.2611885070800781,-0.7817745208740234,6.316179600960388,3.160386393134109,0.4871859673216202,0.18848984250812997,1.0164021677490163
3,1771110485940,1771110489229,0,-0.006424486202498271,0.021568489074707042,0.13385597467422486,0.20621742097163134,0.18751050338901726,0.41729573751271337,0.3637060523033142,0.3470172882080078,0.7678251266479492,-0.5717363357543945,-0.2597494125366211,-0.7817745208740234,5.843450065100997,2.712777104603063,0.477190082149944,0.18793161577075232,0.8966943740741912
3,1771110487058,1771110490330,0,0.01576938157280287,0.041383616129557294,0.19432388146718343,0.22560097118180206,0.20579159465790378,0.3440949311118425,0.3637060523033142,0.4682731628417969,0.7678251266479492,-0.5717363357543945,-0.2944240570068359,-0.5903856754302979,5.7446193667686885,2.058140561345782,0.4605793233195538,0.18246055357378574,0.8966943740741912
3,1771110488197,1771110491453,0,0.06945123312373956,0.03153664271036785,0.24393869638442994,0.22066205484365659,0.2090889026707432,0.32653133514284544,0.6464594006538391,0.4682731628417969,0.7678251266479492,-0.3249670267105102,-0.2944240570068359,-0.7549363374710083,5.834031290770279,2.873701482961494,0.4659397244646646,0.20499578983942082,0.8966943740741912
3,1771110489330,1771110492584,0,0.03203711000581582,0.05426425933837891,0.12859290440877277,0.2613911631064444,0.239390694668606,0.3952087758350616,0.6464594006538391,0.7237377166748047,0.89528489112854,-0.5567484498023987,-0.2944240570068359,-0.7549363374710083,6.298190868528667,3.879533815688972,0.49006115070696654,0.23365824702089993,1.1194525249843337
3,1771110490446,1771110493719,0,0.03882241062819958,-0.0063519159952799414,0.14985493421554566,0.26788891948188526,0.28213591519672415,0.4128575258321939,0.6464594006538391,0.7237377166748047,0.89528489112854,-0.5567484498023987,-0.7079172134399414,-0.7549363374710083,6.294631491280723,4.527966990844273,0.5234707466503711,0.2513515331160831,1.1194525249843337
3,1771110491565,1771110494854,0,0.02287935925026734,-0.03712778091430662,0.16988524595896404,0.310822411345625,0.29190734868725193,0.43559842186722203,0.5073654055595398,0.7237377166748047,0.89528489112854,-0.7863190770149231,-0.7079172134399414,-0.6476178169250488,6.628438224213628,4.501149431203492,0.5768735953562032,0.24317021955971194,1.1194525249843337
3,1771110492701,1771110496005,0,0.03608754264811674,-0.05444113413492838,0.13769210974375407,0.31686883131619925,0.25228018390767637,0.4063373892592394,0.5073654055595398,0.5262346267700195,0.8846595287322998,-0.7863190770149231,-0.7079172134399414,-0.7303235530853271,6.175737254836989,3.6721488572489838,0.5407804718700159,0.22507683010121796,0.9807237872036634
3,1771110493836,1771110497210,0,-0.08687618151307105,0.0010800043741861832,0.013237730662028001,0.358365152122022,0.25739030862367546,0.3900542368803722,0.5073654055595398,0.7316312789916992,0.8846595287322998,-0.8355681896209717,-0.3583898544311523,-0.7303235530853271,6.229280773229559,2.9650645104726325,0.5372429339639412,0.2371184273774551,1.0863117282901587
3,1771110494970,1771110498277,0,-0.10934640392661095,0.0817241350809733,-0.012707948684692378,0.2897261655235214,0.25467091986628476,0.3168427115283303,0.4177686274051666,0.7316312789916992,0.519139289855957,-0.8355681896209717,-0.3583898544311523,-0.7303235530853271,6.105115837710732,4.102981732740574,0.46509425864385084,0.21180471820085142,1.0863117282901587
3,1771110496123,1771110499378,0,-0.13215106651186942,0.09397446314493815,-0.006595750649770092,0.27830444024234,0.29953757894835326,0.37597629265513316,0.610918402671814,0.7316312789916992,0.790046215057373,-0.8355681896209717,-0.4918994903564453,-0.7981836795806885,7.155608239754148,4.53688433240708,0.5278038289378439,0.21817000246963134,1.0863117282901587
3,1771110497241,1771110500495,0,-0.0649134986102581,0.1328759829203288,-0.03784273068110147,0.22983903672431164,0.27778635124009315,0.3629379882160811,0.610918402671814,0.5109472274780273,0.790046215057373,-0.3685437440872192,-0.4918994903564453,-0.7981836795806885,6.658304777524395,4.6186462056304896,0.4910285862547585,0.19078107460169222,1.0443784435678405
3,1771110498380,1771110501596,0,-0.04140066032608348,0.07705396016438804,-0.0266817847887675,0.25035649830262646,0.2712806247413096,0.39224187875448807,0.610918402671814,0.5109472274780273,0.790046215057373,-0.4157090485095978,-0.4918994903564453,-0.7981836795806885,6.558989109129916,3.541452729413553,0.5017313168478947,0.1958623751574483,1.0443784435678405
3,1771110499493,1771110502714,0,-0.030651886016130427,0.11329936981201172,-0.032615168889363604,0.21616065048252905,0.25835424798230916,0.44744840094115984,0.4725994169712066,0.6540908813476562,1.1291848421096802,-0.4157090485095978,-0.4133644104003906,-0.8805067539215088,6.066558900514269,3.2774168372078787,0.5130481408804265,0.238200093250124,1.1448481081711754
3,1771110500611,1771110503850,0,0.022824234267075867,0.07455237706502278,0.09921561082204183,0.2193379068150053,0.2241851074079421,0.5119120803637457,0.565021276473999,0.6540908813476562,1.1291848421096802,-0.4157090485095978,-0.3078842163085937,-0.8805067539215088,7.058748449129506,4.008206555228893,0.5414501933697877,0.27132322747012033,1.267099597260819
3,1771110501697,1771110504935,0,0.0012772639592488618,0.08971776962280273,0.009329942862192797,0.17998339167138452,0.22845085903560586,0.5279153506500641,0.565021276473999,0.6540908813476562,1.1291848421096802,-0.2663829922676086,-0.2802991867065429,-0.8805067539215088,6.927535253981768,3.772012802410391,0.5232087548615046,0.29750637580921896,1.267099597260819
3,1771110502816,1771110506069,0,0.009507245570421213,0.005235481262207047,0.1516547679901123,0.17701141292289724,0.20421941046022146,0.4507704075256215,0.565021276473999,0.4049072265625,1.0703381299972534,-0.267238438129425,-0.4453659057617187,-0.7727750539779663,6.339542043137732,3.3401886108671497,0.46905249431628027,0.26935082907550467,1.267099597260819
3,1771110503951,1771110507171,0,-0.016735340406497313,-0.0061948776245117085,0.16099010308583578,0.1596514977180078,0.1989980411494505,0.403883016795185,0.3707812428474426,0.4049072265625,0.856611967086792,-0.3364029228687286,-0.4453659057617187,-0.7482579946517944,5.619498930281352,2.4671016936418,0.4382561971306323,0.23803303677685858,0.9370321273572221
3,1771110505051,1771110508289,0,0.008511149138212219,0.005706946055094401,0.2033146580060323,0.1834078001387847,0.21646655998233905,0.4039099325664453,0.3707812428474426,0.4302225112915039,0.856611967086792,-0.3364029228687286,-0.4453659057617187,-0.7601313591003418,5.690428539646446,2.505945339208138,0.4760347151033463,0.22822611570184898,0.9370321273572221
3,1771110506186,1771110509374,0,0.053940813740094504,-0.02439654668172201,0.22301995754241943,0.19409482462788827,0.2506117470308841,0.44344588277555663,0.3377766609191894,0.4302225112915039,1.1549434661865234,-0.3364029228687286,-0.520115852355957,-0.7601313591003418,6.4785494764608895,3.0742287964995296,0.5277668987337596,0.2530993969930648,1.203639042288148
3,1771110507292,1771110510481,0,0.0872272382179896,-0.09403969446818033,0.25799672603607177,0.17682716834777848,0.280357607062357,0.43384142670536874,0.4132724702358246,0.4302225112915039,1.1549434661865234,-0.2772758603096008,-0.520115852355957,-0.7601313591003418,6.140163601249051,3.12189754016779,0.55626221399633,0.2527171923857705,1.203639042288148
3,1771110508389,1771110511629,0,0.04424794254203636,-0.08109207153320312,0.20274810791015624,0.2006625215374326,0.27372004938944133,0.41210539568327953,0.4132724702358246,0.431863784790039,1.1549434661865234,-0.3254510760307312,-0.520115852355957,-0.388775110244751,5.342461165353715,3.014348739510714,0.5149125793614633,0.24918620615928125,1.203639042288148
3,1771110509493,1771110512780,0,0.002885894601543737,-0.040205160776774086,0.08426555395126342,0.24967826680155103,0.23137900874476355,0.378049861215844,0.5881845951080322,0.431863784790039,0.9808294773101808,-0.5294018387794495,-0.4641256332397461,-0.7816644906997681,4.728109027327919,2.4887043564397953,0.46726211909379967,0.2048435563123693,1.001253203026303
3,1771110510594,1771110513961,0,-0.030495984479784966,0.026811059315999357,0.011525086561838784,0.2661892392480286,0.18188523135202087,0.33562928871758757,0.5881845951080322,0.431863784790039,0.7268307209014893,-0.5294018387794495,-0.2486543655395507,-0.7816644906997681,4.749525882254023,2.3372077730484198,0.42200745353804964,0.18492629586640172,0.825690242509757
3,1771110511745,1771110515049,0,-0.05080382836361726,0.02207746505737306,-0.03068875471750895,0.2988127157950597,0.15598811463511236,0.37026668478013897,0.5881845951080322,0.2664604187011719,0.7268307209014893,-0.5701136589050293,-0.2486543655395507,-0.7816644906997681,4.816840238511044,2.348545988277282,0.4547402734233735,0.20235591065080707,0.8386015769906625
3,1771110512897,1771110516138,0,-0.09939137361943721,0.061242421468098975,-0.1679504712422689,0.33447609721427823,0.13961677985418922,0.3366483887423159,0.7772238254547119,0.2664604187011719,0.7268307209014893,-0.5825105905532837,-0.2486543655395507,-0.7256203889846802,4.9086397522949285,2.6903435728909106,0.49017428332371893,0.19855099183727792,0.8386015769906625
3,1771110514032,1771110517220,0,-0.07163639180362225,0.08038158416748045,-0.26987899939219157,0.3604514144788442,0.10337042058832697,0.23725418074366,0.7772238254547119,0.2268285751342773,0.2968378067016601,-0.5825105905532837,-0.177978515625,-0.7256203889846802,5.160668024959748,2.7664334009057594,0.48614082821306387,0.19939117613415638,0.8386015769906625
3,1771110515151,1771110518361,0,-0.004779339830080663,0.06316871643066403,-0.20681108236312867,0.34278398414969596,0.103341830587915,0.21287230824291847,0.7772238254547119,0.1916065216064453,0.1806182861328125,-0.5825105905532837,-0.177978515625,-0.6657955646514893,4.809282959111521,3.139232241656479,0.4185161522427033,0.2017339383902671,0.7908725209216826
3,1771110516297,1771110519503,0,0.06113286366065343,0.09726619720458984,-0.14485904375712078,0.24907609967858862,0.15294634883771174,0.19399843895344285,0.5465217232704163,0.5579319000244141,0.1870615482330322,-0.3451220393180847,-0.177978515625,-0.6657955646514893,5.738548088731335,9.884875660877615,0.3514866990280123,0.1749990256934328,0.7305426573666113
3,1771110517347,1771110520596,0,0.05336004197597504,0.07797476450602213,-0.15591428677241007,0.19518126046990875,0.15239711568087264,0.21805962791056935,0.4528235197067261,0.5579319000244141,0.1870615482330322,-0.2649070918560028,-0.090646743774414,-0.6146397590637207,9.737834325682618,29.098307265282795,0.3355625290764474,0.16361012832956814,0.6506940765198711
3,1771110518428,1771110521712,0,0.0638896624247233,0.10002581278483073,-0.11043111880620321,0.15926415576612296,0.15490708857887092,0.24451669983485533,0.4528235197067261,0.5579319000244141,0.3709543943405151,-0.2331987619400024,-0.090646743774414,-0.6146397590637207,9.56833134978523,29.10737484989481,0.32482874200121364,0.16488159805307012,0.6506940765198711
3,1771110519565,1771110522837,0,0.06496375451485314,0.015835444132486987,0.038978072007497144,0.15727677459705164,0.13939047078135394,0.31547609419275574,0.5193212032318115,0.292698860168457,0.7519268989562988,-0.1934009194374084,-0.2225818634033203,-0.6146397590637207,8.11433707201187,27.68494306996232,0.3412329212859794,0.1715595572460119,0.7851527561812849
3,1771110520691,1771110523967,0,0.06614270160595576,0.002901935577392584,0.1607824722925822,0.17375489593231566,0.15721591913324542,0.2644675162976086,0.5193212032318115,0.292698860168457,0.7519268989562988,-0.2471012771129608,-0.2914371490478515,-0.3272732496261596,4.020108803260486,1.5437111374634553,0.34518845437927415,0.1812833549505225,0.7851527561812849
3,1771110521838,1771110525035,0,0.0662181742489338,0.00340862274169922,0.1929501215616862,0.21618859563495776,0.16171356255258673,0.2908934056634227,0.5193212032318115,0.4048118591308594,0.7519268989562988,-0.2471012771129608,-0.2914371490478515,-0.3301422595977783,4.512274023828048,1.6946711199297577,0.39423032253293655,0.19948079386112377,0.7851527561812849
3,1771110522967,1771110526178,0,0.03688158815105756,0.036876996358235666,0.0022166490554809608,0.20732361195226384,0.14930351316083215,0.42518187756630405,0.5080990195274353,0.4048118591308594,0.7977068424224854,-0.264939546585083,-0.2914371490478515,-1.0433504581451416,5.184899309167677,2.400543034041877,0.42179629331027796,0.2546100562985485,1.0886378526497011
3,1771110524064,1771110527260,0,0.09204695944984755,0.04756587346394857,0.16452105442682902,0.2072567090384519,0.16167968888717568,0.5249636911194472,0.5080990195274353,0.4048118591308594,0.9560754299163818,-0.264939546585083,-0.3520059585571289,-1.0433504581451416,5.188324867838196,3.0643521740931567,0.5434505282438662,0.2797603283161806,1.0886378526497011
3,1771110525147,1771110528396,0,0.09751333196957906,-0.026179758707682285,0.2529706597328186,0.19790316881387823,0.18313432779099154,0.5490164805493815,0.416903018951416,0.2693109512329101,1.213599443435669,-0.2932842373847961,-0.4550199508666992,-1.0433504581451416,5.612881336298883,3.116598721978313,0.5945190463005795,0.29193941040188787,1.2642326183714077
3,1771110526258,1771110529509,0,0.11932059675455092,-0.10679655075073242,0.4080698053042094,0.2169096174382151,0.1882819247088607,0.32913554826806174,0.416903018951416,0.2018165588378906,1.213599443435669,-0.4869330525398254,-0.4550199508666992,-0.3095626831054687,4.687745055726452,3.081921032597812,0.5571236825647038,0.26178330407674305,1.2642326183714077
3,1771110527386,1771110530710,0,0.03131939694285391,-0.12728017171223957,0.27156338691711424,0.27878810921042924,0.18762244115723706,0.33382275519802657,0.4026817381381988,0.2147626876831054,1.213599443435669,-0.5535950660705566,-0.5024433135986328,-0.5030388832092285,4.6568334601853545,3.0335524646557936,0.49612952496019896,0.25257402272817003,1.2642326183714077
3,1771110528503,1771110531983,0,-0.08214904889464378,-0.07959362665812174,0.2156001329421997,0.2927912327780654,0.21027414970245345,0.3049202662854017,0.4026817381381988,0.5700016021728516,0.967738151550293,-0.8097679615020752,-0.5024433135986328,-0.5154120922088623,4.215706879962215,3.5620248665849377,0.4785236769115769,0.21830807712735992,1.0490124387644086
3,1771110529604,1771110534305,0,-0.15880568449695903,-0.010947799682617238,0.2850383996963501,0.23825257566670097,0.17525416708744046,0.28430364224754684,0.3432010412216186,0.5700016021728516,0.967738151550293,-0.8097679615020752,-0.5024433135986328,-0.5154120922088623,3.020527367628363,3.900133046735773,0.4799545733736237,0.2006701908293458,1.0490124387644086
3,1771110530844,1771110534648,0,-0.20403261929750435,0.011121241251627521,0.3302676916122437,0.12367932873428956,0.12095309986755372,0.18711507307228772,-0.0150720626115798,0.5700016021728516,0.6439738273620605,-0.8097679615020752,-0.2808351516723633,-0.5154120922088623,1.3878745432674455,3.2508149178674595,0.4419207977509636,0.13762549771467777,0.9384865742076728
3,1771110532130,1771110536390,0,-0.18796290457248682,0.0005779266357421002,0.3694779872894287,2.823006427041851e-17,2.205473771126446e-19,0.0,-0.1879629045724868,0.0005779266357421,0.3694779872894287,-0.1879629045724868,0.0005779266357421,0.3694779872894287,0.0,0.0,0.41454115668527947,1.1292025708167404e-16,0.41454115668527936
3,1771110534315,1771110537272,0,-0.18796290457248682,0.0005779266357421002,0.3694779872894287,2.823006427041851e-17,2.205473771126446e-19,0.0,-0.1879629045724868,0.0005779266357421,0.3694779872894287,-0.1879629045724868,0.0005779266357421,0.3694779872894287,0.0,0.0,0.41454115668527947,1.1292025708167404e-16,0.41454115668527936
3,1771110534658,1771110538276,0,-0.18796290457248682,0.0005779266357421002,0.3694779872894287,2.823006427041851e-17,2.205473771126446e-19,0.0,-0.1879629045724868,0.0005779266357421,0.3694779872894287,-0.1879629045724868,0.0005779266357421,0.3694779872894287,0.0,0.0,0.41454115668527947,1.1292025708167404e-16,0.41454115668527936
3,1771110536452,1771110539506,0,-0.18796290457248682,0.0005779266357421002,0.3694779872894287,2.823006427041851e-17,2.205473771126446e-19,0.0,-0.1879629045724868,0.0005779266357421,0.3694779872894287,-0.1879629045724868,0.0005779266357421,0.3694779872894287,0.0,0.0,0.41454115668527947,1.1292025708167404e-16,0.41454115668527936
3,1771110538251,1771110540878,0,-0.18796290457248682,0.0005779266357421002,0.3694779872894287,2.823006427041851e-17,2.205473771126446e-19,0.0,-0.1879629045724868,0.0005779266357421,0.3694779872894287,-0.1879629045724868,0.0005779266357421,0.3694779872894287,0.0,0.0,0.41454115668527947,1.1292025708167404e-16,0.41454115668527936
3,1771110538561,1771110542024,0,-0.15978407363096866,-0.025081984202067118,0.3031575361887614,0.1830713037729207,0.06015793746379276,0.1771883638154195,0.6037905812263489,0.07952880859375,0.7619311809539795,-0.3752872347831726,-0.1800403594970703,-0.2526581287384033,1.179676446259864,2.447689246035462,0.41553281542611925,0.10974498628285201,0.8306370696944471
3,1771110539659,1771110543142,0,-0.13494963298241291,-0.021119912465413435,0.1844685395558675,0.26227073461809514,0.09769991343583354,0.24621020455683854,0.6037905812263489,0.2210407257080078,0.7619311809539795,-0.6411119103431702,-0.2780475616455078,-0.4883224964141845,2.704542980143015,2.825925263312802,0.40776078215653205,0.14646252095964984,0.8306370696944471
3,1771110540879,1771110544278,0,-0.0690180962284406,0.014220428466796867,-0.015970047314961766,0.30499783384832413,0.12654800397178737,0.29565625521239286,0.6037905812263489,0.2544269561767578,0.7619311809539795,-0.6411119103431702,-0.2780475616455078,-0.5556271076202393,4.04549923810255,2.654791982053872,0.40195695478442883,0.18630816445680862,0.8306370696944471
