timestamp,x,y,z,ride_id
1771107923098,0.7910305146796518,5.249999719207737,0.3330152644940804,2
1771107923556,0.7910305146796518,5.249999719207737,0.3330152644940804,2
1771107923744,-3.3616410976750326,-3.3568702105397787,1.0935114718500432,2
1771107923787,-3.213740394830988,-2.0610687058763504,0.4293893137242397,2
1771107923890,4.298664077738504,8.236641233334266,-0.9055343138858314,2
1771107923990,-1.9904579967933471,-1.6736641114129296,-1.1994274287528424,2
1771107924098,0.3368320595796482,2.1145038370742992,-0.3225190780087691,2
1771107924207,-5.634541930800394,1.3272900641193621,0.7404579797958791,2
1771107924315,5.108778727928553,-0.6612595351312012,-0.31297709029484977,2
1771107924427,4.233778561283852,5.175572428482577,1.867366462005493,2
1771107924532,-3.187022829232014,2.2404580748980347,2.6097326792615974,2
1771107924641,-4.19751922141437,-1.0124045762817284,2.495229040137976,2
1771107924749,6.883587588943911,3.7080153584120117,0.9074427114286153,2
1771107924858,9.373091649896947,1.7996182425149596,2.0667938985047023,2
1771107924995,9.249046023059407,0.5849236334198462,-0.03721373874407234,2
1771107925066,6.470419627652907,0.018129769986340204,1.5190839104474358,2
1771107925176,9.62404560660791,3.476144950242065,0.9761450229688349,2
1771107925283,-3.193702327353463,9.61259564823803,-0.8053434962505309,2
1771107925383,-9.467557434986455,-0.6622137339025931,2.025763244613143,2
1771107925492,2.8931298210867085,-4.869274729587471,0.14599235866211357,2
1771107925600,8.997137547411935,1.872137349140747,0.10973282535953977,2
1771107925708,0.4017175493538735,-6.439885266968365,2.424618331054973,2
1771107925808,-2.6202289724686145,0.9809160168257945,-1.0467557320518381,2
1771107925916,5.184160110703399,-1.8139313308075444,-2.4742366671673537,2
1771107926025,-8.130725489874878,2.962786224676614,1.6479007445853473,2
1771107926125,3.4646945649853618,3.324427452312453,-0.5486641334678054,2
1771107926233,6.374045658464028,-1.189885441038923,-1.666030521241794,2
1771107926343,-4.410305227269655,1.4017175682879333,0.7566793589095421,2
1771107926451,0.9351144757989815,3.4971373232126877,-0.27099237103403095,2
1771107926559,4.932251635055927,-4.167938952779514,-1.0324427504809592,2
1771107926659,-5.9083966580247615,2.424618331054973,1.5725190416453843,2
1771107926768,2.1545801854727604,-1.1326336214771127,-0.8253816704497615,2
1771107926877,3.550572454410636,0.3673663935837638,-0.9837786131399703,2
1771107926996,1.4169847486302043,-7.420801603959277,0.29770990995257873,2
1771107927114,0.32538167432294496,1.6517175396709152,1.515267115361868,2
1771107927200,8.708014786071649,8.646946064702565,0.9083969102000072,2
1771107927310,5.099236526771222,2.316793763165978,-1.9122136975392083,2
1771107927418,-3.211831997288204,-1.9083969024536405,0.9017175188002637,2
1771107927526,3.923664067303178,4.41793881744079,-0.239503811578097,2
1771107927634,2.8215648065106076,-3.163167966668921,-0.18702289249175366,2
1771107927743,-6.378816545599282,2.2156489068418446,0.5610687174959006,2
1771107927851,-10.894083424278637,6.807251687232555,1.5572518613031132,2
1771107927960,7.616412245372919,-6.512404373594153,-1.2881679144922926,2
1771107928068,4.924618044884792,0.10114503641701234,0.14885495497628937,2
1771107928178,-13.812976718914634,-0.2681297747198551,3.0553433987799266,2
1771107928285,2.0391220274126303,-6.6784351732597615,1.2194656029520732,2
1771107928393,12.299618534704079,5.057251780829977,-0.04961831943711423,2
1771107928502,2.676526593259033,-4.536259465093391,-0.36164122763583856,2
1771107928611,-3.805343419650578,-1.9379771710884963,-2.1173663266667693,2
1771107928718,-4.5877859853051435,5.032442826217198,-1.82156492097868,2
1771107928827,-6.063931164483353,-4.207060995684878,1.4389313203722187,2
1771107928935,13.327289650997844,2.2795801178033983,-0.5486641334678054,2
1771107929045,6.633587724282634,-4.380724958634799,-0.45992364772835526,2
1771107929144,-17.31202286655693,-2.176526650493069,1.1125954472778818,2
1771107929252,-10.026717701578718,5.451335766693141,-0.8072518937933147,2
1771107929361,-0.01908396875773214,-6.62881683714738,-0.8664122176196148,2
1771107929462,5.179389223568145,6.1078245214107945,-0.22519083000721793,2
1771107929569,-0.7490457687384066,-0.5190839715546554,-0.16507633408995231,2
1771107929671,-1.7318702364678378,-1.2395037771513038,0.448473262471652,2
1771107929779,3.352099109961113,-3.953244335938034,-0.8101144901074906,2
1771107929878,-0.48282441824176175,2.042938822498198,-0.23473281772113733,2
1771107930008,-3.0925572575859177,6.514312984580348,1.451335904400314,2
1771107930109,-1.576335836730952,-7.718511620633562,-1.5190839104474358,2
1771107930203,2.2833969128889664,-2.730916029950079,-0.1412213781453671,2
1771107930304,5.851145158628069,-0.4465648916092946,-2.4370228083613625,2
1771107930413,-15.017174928081024,-3.7977098294794422,1.1851144471819635,2
1771107930520,-16.74999904315514,-1.6278625703861167,-0.7633587503092856,2
1771107930628,-0.7280534491286368,-1.8988549147397211,-0.8320610618495051,2
1771107930729,8.215648646920233,-6.087786027046446,-5.725190920804333,2
1771107930837,1.8263358081139338,4.073473167690007,0.5706106518489671,2
1771107930947,18.291029738787998,8.549618430350822,-1.8339693982850693,2
1771107931054,-11.322518992798734,-0.8721374102479665,-0.38549617024021055,2
1771107931156,-3.352099109961113,-4.731870106507031,-1.1984732299814504,2
1771107931262,17.44942748963737,3.03244262826652,-3.8854961164475004,2
1771107931372,8.30915991307323,-6.266221304018444,-2.43797711385446,2
1771107931481,-3.0419846159804393,-3.8139311018713995,0.05438931329407391,2
1771107931588,-5.129770887455764,-4.776717555484159,-0.3998091518110896,2
1771107931697,-12.296755831668197,0.13167939043144772,0.757633557680934,2
1771107931804,-7.943702103795236,1.7423664229531493,-0.28339695506212614,2
1771107931913,-2.2662213350039115,0.8683206151623988,-0.5314885555827505,2
1771107932024,4.5534352564218565,-0.8463740434203842,0.10687022904536396,2
1771107932128,-12.690839817531362,1.9513359538879835,0.43606870512398327,2
1771107932230,4.1211833197030145,4.461832174368231,-1.4265267363441236,2
1771107932338,-2.1822518431214206,1.1364504165626803,0.10973282535953977,2
1771107932446,1.343511443233025,1.5543892649889375,-1.1917938385817068,2
1771107932555,-10.158396918587394,-0.08587786274484793,1.9389312631381825,2
1771107932664,-3.367366290303384,-0.7137404675577578,0.020992366300516017,2
1771107932766,6.629770929197067,1.872137349140747,2.3263357508798976,2
1771107932872,-0.3540076374647031,2.7099236569794565,3.013358652838681,2
1771107932981,10.821564744539673,8.313930800208485,1.6393129556428199,2
1771107933106,-6.6717556751383125,-3.071564884615295,3.319656351733787,2
1771107933189,1.8129770253144468,4.2108777907704456,1.0582061173085415,2
1771107933298,4.104961620424235,-1.220419801723465,0.6736641191592964,2
1771107933405,13.207061246132694,5.446564879557887,-2.545801468300043,2
1771107933506,-4.192747907392293,-2.562022954135412,-0.1622137377757765,2
1771107933615,-8.040076072984116,3.573473224924043,1.5104961215049084,2
1771107933722,-1.530534295704139,0.6755725167020803,1.5066793264193405,2
1771107933830,6.002862443114269,-2.4646946794534346,-1.5095419227335163,2
1771107933939,5.688931154048028,-2.131679414959354,-2.3606869066500074,2
1771107934043,-9.472328322121708,0.632633571989443,1.2604961501219265,2
1771107934148,-3.958969315122974,1.280534324321157,0.16889312917552007,2
1771107934256,-1.404580164602109,2.9083970014289795,0.35305343869331113,2
1771107934365,-8.687023053431261,-0.11736640886056866,1.7910305602941379,2
1771107934475,-15.493321075500953,1.6116411912724538,1.3969465744309735,2
1771107934582,-7.9618319871733885,0.394083959182738,-0.19656488020567303,2
1771107934690,-12.469465702568433,0.6479007523317141,-0.3664122214927983,2
1771107934792,1.3110686850056992,-2.0324427427345926,0.9952289983966736,2
1771107934898,15.935114786490303,1.499999935019597,0.6173663916471721,2
1771107935007,16.485686090201277,12.444655894182008,0.06202290013015611,2
1771107935123,-2.2633588454114415,-4.860687047366649,1.3396946481474572,2
1771107935224,-4.981869971168308,0.13454198674562354,1.0257633590812156,2
1771107935333,-6.082061047861506,0.09064885660180763,0.8893129881330214,2
1771107935441,-3.183206034146446,-3.1278625054057136,0.1498091537476813,2
1771107935549,-3.4312977147083497,-4.432251905733375,0.8883587893616295,2
1771107935658,6.695610537701405,-4.228053582098912,0.08206106765928019,2
1771107935766,8.505725073423381,-0.6001908137621171,-0.25095419683480025,2
1771107935874,-1.854961771255692,0.29770990995257873,-0.7309160454428126,2
1771107935983,-11.810114244814898,3.447518987100307,-0.14885495497628937,2
1771107936092,-10.450381529189915,0.8101144901074906,0.40839694075361704,2
1771107936200,8.645992399539702,0.1469465574335055,-0.6851145044159996,2
1771107936300,8.105915681488455,2.6755725012093468,0.08778626028763181,2
1771107936409,-8.727099188386312,0.880725199190494,1.6364503593286441,2
1771107936517,0.03625953997268041,6.33587770760835,-0.3425572522079998,2
1771107936625,12.924618409800681,-3.8349236882854334,-1.29675570343482,2
1771107936734,-2.9961830749536262,5.651717295242037,0.020992366300516017,2
1771107936834,-3.5171756041336244,-4.700381653772804,-0.22519083000721793,2
1771107936942,10.72041988821554,3.6259540506288936,0.6860687031873915,2
1771107937065,2.981870200104453,1.650763340899523,-3.2280534831235728,2
1771107937159,-13.386450188267556,2.346374031800834,2.270992435582577,2
1771107937259,6.505725302359527,-4.057251895298049,-2.802480831082769,2
1771107937368,-5.288167670063414,2.644083835031707,-1.9561068410232374,2
1771107937476,-9.060114452880391,-7.623091316607545,-1.7061068696402555,2
1771107937576,9.243320616987644,4.949427426384394,-1.746183218038717,2
1771107937686,-5.244274740022797,0.68034351055904,0.3425572522079998,2
1771107937792,-4.071564983590634,-2.958015124097949,-0.5028625924409924,2
1771107937904,8.49045789308111,1.7824427713516104,-2.4360687163116763,2
1771107938009,-0.6078244039332527,-4.08492355294671,0.19465648266288915,2
1771107938137,-5.358778592589829,-11.156488193133127,-0.09351144624587683,2
1771107938226,5.659350885413172,-6.749045668899353,-0.7356869859389195,2
1771107938327,-3.3110686695129656,-2.8339694972604086,-1.4914121460770695,2
1771107938436,-10.248091816541647,-1.0610687136227173,2.7929388433688493,2
1771107938543,-12.305343087002196,-2.010496064270872,0.3196564816945933,2
1771107938653,-2.351144918936088,-2.208969408720395,1.4093511584590688,2
1771107938760,1.0152671725959042,-2.1708014578647177,1.448473308086138,2
1771107938869,1.7185114536683508,6.266221304018444,-0.8225190741355858,2
1771107938969,1.2671755415216701,9.701336027255774,-0.7213740577288933,2
1771107939077,2.8406487819384463,1.2576335538077505,-0.11927480640335253,2
1771107939180,-0.38454197146881863,-0.35114504115052725,-1.2881679144922926,2
1771107939285,-0.23568701649252924,0.5190839715546554,-0.5486641334678054,2
1771107939394,-5.481870127377683,-0.9055343138858314,0.22041984949047147,2
1771107939503,0.34828244483635146,-3.5095420139624887,-0.6698473240737286,2
1771107939604,0.8062976950219228,0.32824427063712075,2.104007543867282,2
1771107939711,-7.88072519832678,1.1211832362204093,2.5391221836220055,2
1771107939820,-1.3969465744309735,-1.1688930680683005,0.5973282174479414,2
1771107939928,1.6326335642430763,-0.8139312851930584,-0.1393129806025832,2
1771107940028,-3.0047709706178596,1.681297701584065,0.24236640789227282,2
1771107940144,-1.0391221418807026,1.3072518899201313,-0.8511450372773439,2
1771107940245,-0.18893129003453754,-3.0849236674147824,-0.03721373874407234,2
1771107940353,-4.633587526331956,-5.503816805841404,1.3778625990031348,2
1771107940461,-4.492366535052773,-3.336831929618842,2.2824426073958684,2
1771107940570,-6.374045658464028,-2.5543893639642765,1.2261449943518168,2
1771107940678,-1.8234733185214638,-1.5448472772750181,-0.1622137377757765,2
1771107940787,0.07347327871675274,1.1383588141054641,-0.38549617024021055,2
1771107940896,2.3282441484226815,1.5582060600745051,-0.8816793979618859,2
1771107941003,1.774809181180475,11.37404593989731,0.45706105141417946,2
1771107941107,0.6259541805896995,1.7948473553797057,-0.7146946663291497,2
1771107941212,-1.3807251953173105,3.5095420139624887,-0.5467557359250216,2
1771107941321,-2.5238550032797344,-2.1898854332925564,-1.6956106831549442,2
1771107941429,-4.2709924200898435,5.496183215670268,-3.5486640568678522,2
1771107941537,1.468511375563663,-0.3816793751546428,-2.055343513247999,2
1771107941638,7.63072490677868,3.867366233069348,-1.621183178986373,2
1771107941746,-1.0257633590812156,-4.544847147314212,0.1440839611193297,2
1771107941855,-4.238549448419106,-2.7595419930918372,-0.05534351206546585,2
1771107941963,-2.083015170896659,-0.3645038239500144,0.6774809142448641,2
1771107942073,2.190839738785654,-1.3683206112892154,-0.5267175617257909,2
1771107942179,14.867366681467843,-1.8072518326860951,-1.2433205722368716,2
1771107942280,-7.685114556913138,3.460877769899794,1.2948473058920362,2
1771107942389,-8.289121845595705,3.397900650987926,2.575381736934899,2
1771107942497,-2.953244236962695,-0.084923663973456,1.7480916155815007,2
1771107942607,4.509541899494416,5.04675548762296,1.1851144471819635,2
1771107942713,-4.177480727050022,6.769083736376878,1.8931297221113694,2
1771107942814,-2.4332060132757944,-4.358778707057901,1.3062976911487394,2
1771107942922,-0.6469465535603222,1.004770986110593,-0.2499999980634083,2
1771107943023,2.912213796514547,-0.7862595208226921,-0.9141221028283589,2
1771107943130,1.177480857010828,-1.2099236152381538,1.669847316327362,2
1771107943231,1.574427439188168,-8.77957980064775,-1.5572518613031132,2
1771107943339,-6.8454196380882335,-0.43893130143815906,0.1937022838914972,2
1771107943447,-2.271946527632263,0.30438930135232234,0.2166030544049037,2
1771107943556,4.119274708716819,4.028625718712879,-0.4341603075811994,2
1771107943656,-0.040076335058248154,0.5820610371056704,0.3912213628685622,2
1771107943764,-4.2872136924818,0.02671755726134099,-1.464694687199801,2
1771107943865,0.9370228733417654,-1.4332061277438672,0.6755725167020803,2
1771107943973,1.2452289697796555,-4.5706106208635005,1.6393129556428199,2
1771107944083,-0.18320611074639914,0.4971373998126408,0.19942747651984885,2
1771107944190,-4.369274573378095,-4.903625885357581,-1.3187022751768347,2
1771107944298,4.99999985454646,3.101144939806739,-1.5257633018471792,2
1771107944407,-2.2624045399183434,1.7232824475253103,0.8921755844471972,2
1771107944507,3.0725189766649814,2.7433205072564686,-0.15744274391881682,2
1771107944616,3.9293890464881183,2.6078242817188135,-2.0811067733538753,2
1771107944724,-0.7471373711956227,2.538167878128908,0.6450381560175382,2
1771107944832,-7.050572480659206,0.5343511518969264,-0.23091602263556957,2
1771107944940,-2.2958013901953556,-2.827289999138959,0.17652671934665556,2
1771107945049,-0.5066793875265602,-3.7003817682408764,2.6965648741799693,2
1771107945159,-9.256679613230542,3.324427452312453,1.6087785949582778,2
1771107945266,4.066793669568557,0.5667939101242523,-1.899809220232819,2
1771107945366,-3.754770991488511,-1.69847327946912,0.18511449494896978,2
1771107945476,-4.403625729148206,1.3769084002317429,-0.41698472969614453,2
1771107945583,-3.955152520037406,0.0772900738023205,0.28530532592448354,2
1771107945691,6.224236558077199,2.100190748781714,-2.3759540869922784,2
1771107945792,-2.0515267181624313,1.8053434351433113,-1.4751907669634066,2
1771107945899,-8.01717530247071,10.203243940677698,1.2013358262956264,2
1771107946008,2.520038208194167,-7.4770994381931075,0.35114504115052725,2
1771107946124,10.675572012351589,0.8482824409631681,-1.7099236647258234,2
1771107946225,-5.174618336432891,-5.373091680882414,-1.4666029780208791,2
1771107946325,-8.145038151280641,-0.9332060782561976,0.35114504115052725,2
1771107946433,3.658397022299631,-3.861641253884408,-0.7690839429376373,2
1771107946541,6.160305133672233,8.358778676072435,-1.0171755701386882,2
1771107946642,-8.619274407053904,-0.03435114576494984,1.9980915869644826,2
1771107946750,-5.311068440576821,-2.7729007758913244,-0.5429389408394538,2
1771107946859,-1.9608777281584913,10.173664098929665,-1.0257633590812156,2
1771107946967,1.637404558100036,-0.4646946415853149,-1.2757633304641975,2
1771107947134,-2.284351004938652,5.456106653828395,-0.4036259468966574,2
1771107947189,5.13072497950545,5.054389077794095,-0.14790075620489743,2
1771107947294,-5.797710027430121,-3.5667939402460047,0.11450381254639284,2
1771107947393,0.38263357392603475,-1.0916030743072593,0.9045801151144395,2
1771107947504,5.578244096566563,-2.09828235123893,0.695610690901311,2
1771107947610,-3.0362594233520874,-0.8921755844471972,2.0458015255340793,2
1771107947720,-2.9961830749536262,-4.01049626222155,1.6479007445853473,2
1771107947827,6.463740556418281,0.23091602263556957,0.833015260620897,2
1771107947936,1.9274808778814794,-4.773854852448277,0.3683205923551557,2
1771107948045,-6.775763234498328,10.041984881920989,1.790076361522746,2
1771107948151,-5.266221418486517,-6.8215647755251405,-0.9694656315690913,2
1771107948260,0.49618320104124886,1.4437023142291785,-0.509541983840736,2
1771107948361,-2.1068702469031635,-0.8692748139337907,-0.32061068046598523,2
1771107948469,1.9780533060435461,-2.207061011177611,-0.31488548783763365,2
1771107948578,-6.858778634331132,2.2910305030601017,1.789122162751354,2
1771107948685,-0.21183206054794404,5.5190839861836745,-0.3597328300930547,2
1771107948793,14.259542170812884,0.5276717604971828,-2.3540076219719697,2
1771107948895,-4.559160235606797,-2.424618331054973,1.913168003032306,2
1771107949002,-7.369274656860701,-0.19656488020567303,1.1841602484105713,2
1771107949130,-5.637404633836275,-5.676526676741639,0.9522900536840364,2
1771107949220,-3.309160271970182,-3.6469466370429275,0.7509541662811904,2
1771107949328,1.9990456790141689,3.785305352173053,1.0687023037938528,2
1771107949436,-0.509541983840736,-8.208015056749097,-0.154580147604641,2
1771107949544,-6.02480912157799,0.5944656211337656,1.8110686277716628,2
1771107949653,9.247136985186389,1.04770993082323,-1.3110686850056992,2
1771107949761,5.987595262771999,-0.21564885563351177,-0.20229007283402467,2
1771107949862,-2.563931351678196,2.2862594024814364,1.0706107013366366,2
1771107949969,-1.2471373673224393,-0.9942747996252816,0.17938931566083138,2
1771107950070,-5.640266909985333,8.176526177128046,-0.47041983421366657,2
1771107950179,8.794846980990021,-5.022900625059867,-3.0667937840366295,2
1771107950281,8.46183171649594,9.794847293408772,-0.020038167529124077,2
1771107950387,-1.8225190130283662,-1.1641220742113407,0.3778625800690751,2
1771107950496,-10.854961808260096,-7.61545772643641,-1.220419801723465,2
1771107950604,-3.24141226592306,1.2471373673224393,1.139313012876856,2
1771107950713,7.150763244933653,-3.3568702105397787,0.20133587406263273,2
1771107950821,4.416984725391104,0.8129770864216663,-1.1870228447247473,2
1771107950921,-14.731869388713129,-1.9685113183296268,0.43797710266676715,2
1771107951029,10.336832195559392,-0.4580152501855714,-3.0162213558745625,2
1771107951155,14.230915994227715,1.359732822346688,-1.4723281706492308,2
1771107951238,-13.620228780536875,2.5085878229374634,-0.7213740577288933,2
1771107951347,-7.113549386127662,-4.071564983590634,-2.4484731936180655,2
1771107951455,13.210877614331439,3.3187022596841014,-3.4112594337874134,2
1771107951555,-7.732824282039323,-7.062976957965595,2.68702288646605,2
1771107951663,-6.539121939193127,5.812977207772391,2.022900755020673,2
1771107951771,12.479007476838941,3.3711830853889517,-1.6755725089557134,2
1771107951873,-6.0830151399111925,-0.0696564903012916,1.063931309936893,2
1771107951981,-16.182251521228874,2.2280533841482337,3.276717513742856,2
1771107952128,9.76335841378772,-2.507633517444366,-0.3368320595796482,2
1771107952197,13.559160059167791,4.6545801127459905,-2.8215648065106076,2
1771107952306,-6.271946283203384,-4.034351124784643,0.2996183074953626,2
1771107952414,-8.576335569062973,3.6154577574218765,0.9465648610556847,2
1771107952522,0.897900723714696,-0.19942747651984885,0.41316793461057677,2
1771107952630,10.840648293080688,-4.22519087906303,-0.19656488020567303,2
1771107952740,-11.13358742261972,7.228053665581517,3.740457903195926,2
1771107952848,-5.16507613527556,-9.863549604948991,3.3301526449408043,2
1771107952956,2.455152691739515,-2.456106783789201,0.2795801599765584,2
1771107953064,-7.550572636868581,8.119274677731353,2.6975189662296555,2
1771107953165,-4.772900760398591,-6.7423661707779035,-0.6278625781324834,2
1771107953273,-13.897900729733633,-9.400763307545608,1.760496199609596,2
1771107953381,1.5133587178190842,18.49999937644454,1.4761449657347985,2
1771107953490,8.029579779777098,-1.4656488859711931,-1.650763340899523,2
1771107953598,-2.119274724209553,-0.6708015228451206,-0.6717557216165125,2
1771107953707,-7.915075927210066,-2.042938822498198,2.080152681304189,2
1771107953815,-0.9675572340263073,4.151717680387557,0.6841603056446077,2
1771107953924,3.628816753664775,-0.409351139525009,-0.7299618466714207,2
1771107954035,4.810114619204582,0.28148855751934226,-0.4866412133273295,2
1771107954168,-0.8015267011649632,6.943702218263309,1.900763312282505,2
1771107954249,-6.683206060395015,-1.0009541910250253,1.69847327946912,2
1771107954359,0.7528625638239743,3.060114499358592,-1.4780533632775825,2
1771107954465,2.1145038370742992,-0.6412213609319705,1.9408396606809664,2
1771107954577,7.5954196589588845,3.259541935857801,-0.20992366300516016,2
1771107954682,8.250953894740029,-10.991411912404027,-2.2767176282109283,2
1771107954783,12.048663724219471,0.005725190960824973,2.4494274991111635,2
1771107954891,12.21374000494857,6.8702290195878355,0.2881679222386594,2
1771107954999,1.5877862219876553,-2.6631678104595458,1.8769084497194124,2
1771107955128,1.8559160767487897,-3.3788166755600875,1.4093511584590688,2
1771107955209,2.0114503697639696,-0.39217556163995415,0.8559160311343036,2
1771107955309,2.656488525781508,-3.7356870160606723,-0.2108778617765521,2
1771107955419,3.1583968660902557,0.06393129767293998,1.389312984259838,2
1771107955525,-7.73950335327395,-4.809160100268073,0.9980915947108494,2
1771107955635,-1.4188931461729881,1.0400763406520945,0.40267174812526546,2
1771107955735,0.15935114146160068,-4.29389319060325,1.5324426932469228,2
1771107955843,0.9456106622842928,2.101145054274812,-0.6192747891899559,2
1771107955951,-6.187022699271208,2.125954222331002,1.3788167977745267,2
1771107956051,-9.042939088438748,0.8158396827358422,0.5954198199051575,2
1771107956159,9.986640712850022,-3.018129753417347,-0.8893129881330214,2
1771107956268,4.033397032734957,3.4541984852217564,-1.9904579967933471,2
1771107956375,-5.49904591870615,0.00954198437886607,0.8435114471062084,2
1771107956476,-10.817747522567283,-0.22805342632139375,0.14599235866211357,2
1771107956576,-0.23759541403531312,-1.3540076297183363,1.0935114718500432,2
1771107956684,3.4809160508207304,-0.7996183036221792,-1.0057251848819848,2
1771107956793,9.323472886897743,-1.23759537960852,-0.45229005755721974,2
1771107956901,3.14790078632665,-0.2290076250927857,-1.5982824084729665,2
1771107957010,2.2853053104317502,2.402671652591253,-2.0353052323270626,2
1771107957144,5.703244242340613,-1.5448472772750181,-1.652671738442307,2
1771107957226,-12.048663724219471,0.3139312890662417,-0.08587786274484793,2
1771107957335,3.382633470645655,-2.3005724907740213,-0.5543893260961571,2
1771107957443,5.927480633452601,3.4589693723570103,0.3540076374647031,2
1771107957551,5.546755643832335,3.3940838559023585,-1.1841602484105713,2
1771107957652,-11.476144461384308,-1.1994274287528424,0.5734732481631429,2
1771107957760,-5.1526716579691705,-1.2566793550363586,-0.8874045905902375,2
1771107957868,2.62786256263975,-4.011450354271236,-0.958015246312388,2
1771107957976,1.6717557138701458,-1.2729007341500216,-1.9980915869644826,2
1771107958099,7.314885006726243,1.6946564843835523,-1.2022900250670183,2
1771107958187,-5.0687021660866804,2.5104962204802472,0.448473262471652,2
1771107958294,9.87690860119189,-1.192748037353099,-3.387404571224321,2
1771107958402,6.578243982098491,0.8148854839644503,-1.3854961891742703,2
1771107958511,-6.536259236157245,-0.409351139525009,-0.6335877707608351,2
1771107958610,11.644083445149288,0.21278625931933598,-1.8559160767487897,2
1771107958719,0.9379770721131573,2.4494274991111635,-2.7776716630265783,2
1771107958828,-5.244274740022797,1.1087786521923142,1.5925572158446148,2
1771107958941,-4.091603051068159,-1.357824424803904,-0.5982824162193333,2
1771107959046,3.816793804907281,1.5572518613031132,-1.1507632914118535,2
1771107959154,-4.026717534613507,0.2671755759484632,1.2290075906659925,2
1771107959263,0.8215648753641939,-2.022900755020673,-0.9637404389407397,2
1771107959371,4.136450500045286,0.8750000065621423,0.6164121928757801,2
1771107959479,4.5104959915441025,4.32824434637336,0.15744274391881682,2
1771107959587,3.973282403415559,0.6832061068732158,0.21755725317629565,2
1771107959695,-5.653625906228232,-0.5849236334198462,1.9332060705098308,2
1771107959816,0.5295801580399667,-1.6183205826721974,0.3349236620368643,2
1771107959921,0.3893129653257783,-0.8740458077907504,-1.0486641295946222,2
1771107960028,10.132633445038106,-2.3845419826565117,-0.4541984551000036,2
1771107960145,3.5572519525320856,-1.6736641114129296,-0.08015267011649631,2
1771107960245,-13.007633382746661,-2.362595304192791,1.683206099126849,2
1771107960364,-8.097328426154455,-2.6841601834301683,1.4532443019430978,2
1771107960457,9.926526510417448,2.736641222578431,-0.39790075426830573,2
1771107960562,-0.2003816752912408,-4.206106903635192,-0.48568701455593755,2
1771107960671,-2.0419847304485117,1.3253816665765783,-0.7662213466234614,2
1771107960780,-7.668892857634358,2.086831965982227,0.4666030391280988,2
1771107960890,2.190839738785654,-0.46278624404253105,-1.451335904400314,2
1771107960997,1.2767175292355895,-3.1020992452998373,-0.25381679314897604,2
1771107961105,0.7318702442142045,-3.152671673461904,-2.083969476389757,2
1771107961216,-2.1898854332925564,-6.373091566414342,-1.1183206399062335,2
1771107961314,-1.6937022856121604,-1.9351144680526147,-0.58683203096263,2
1771107961422,2.861641154909069,3.2538167432294496,0.15171755129046519,2
1771107961530,-3.709923542511384,-6.476145033724671,0.6832061068732158,2
1771107961641,1.160305279125773,-1.7375954290961895,0.1001908376456204,2
1771107961739,9.20992355326722,0.5534351273247652,-0.5028625924409924,2
1771107961847,-0.897900723714696,-5.214694471387941,-0.020992366300516017,2
1771107961957,-1.8692748595482769,-0.6612595351312012,0.270038172262639,2
1771107962064,-1.8330153062353831,4.664121887016498,-0.7700381417090292,2
1771107962173,5.065839463050798,-5.883587703411983,-1.2414121746940876,2
1771107962281,-2.505725119901582,0.1393129806025832,-2.577290134477683,2
1771107962383,0.5772900432487107,3.208969507695734,2.5219466057369506,2
1771107962490,5.733778603025155,7.937976697723473,-0.40458014566804934,2
1771107962598,-5.4169846109230315,3.5448472617822846,0.45706105141417946,2
1771107962714,-3.4198473294516467,1.8778625417690986,1.0896946767644753,2
1771107962807,0.5896946272768059,-9.64313000892257,-0.0066793893153352475,2
1771107962915,-1.82156492097868,5.731869992038959,-0.14599235866211357,2
1771107963023,5.290076281049609,-3.24427475551553,-0.4351145063525913,2
1771107963161,-4.021946647478253,2.2185113964343146,0.7528625638239743,2
1771107963232,-0.1259541978030961,0.3454198485221756,0.7185114614147174,2
1771107963341,-7.160305446090984,2.63072505223222,0.6249999818183075,2
1771107963449,-3.1469464808335523,-3.6402671389214785,-0.7404579797958791,2
1771107963549,0.7786259306515566,-3.0190838454670326,0.41793892846753644,2
1771107963657,-7.847328134606356,2.467557169045904,0.5543893260961571,2
1771107963766,-0.5858778321912381,-1.5543892649889375,0.7843511232799083,2
1771107963874,16.406488339227685,1.97996170358633,0.14217557691675903,2
1771107963983,0.6469465535603222,0.6011450125335092,1.3234732690337943,2
1771107964098,-8.013358934271965,-2.278626025753712,2.6965648741799693,2
1771107964200,0.7833969245085163,1.4236641400299477,0.46946563544227465,2
1771107964308,10.688931008594489,-1.2185114041806813,-2.0725190911330538,2
1771107964409,-5.445610787508201,-3.89790059375389,2.9866410872397067,2
1771107964519,-5.618320658408436,1.3263358653479702,0.8091602913360987,2
1771107964626,-0.3368320595796482,-3.782442649137171,-2.1507633903871928,2
1771107964734,-5.86545782003383,-0.4780534243848021,2.9666030197621818,2
1771107964834,-12.731869617649275,-2.0639311954688204,2.2805342098530845,2
1771107964941,-0.973282426654659,0.4322519100384155,0.523854965411615,2
1771107965050,-2.176526650493069,-1.9732824189082923,0.8854961930474536,2
1771107965177,8.380724927649332,1.8139313308075444,-0.7528625638239743,2
1771107965259,-3.5419847721898146,1.6249999740719407,0.4561068526427875,2
1771107965367,-5.411259631738091,-2.2948472981456693,-1.3158396788626587,2
1771107965476,4.64503791158866,-0.7757633343373808,0.9541984512268202,2
1771107965584,4.72328242428621,-2.5066794253946796,0.6917938958157432,2
1771107965684,-7.390267243274735,0.270038172262639,2.890267118050827,2
1771107965792,4.319656237265715,-4.804389213132819,-1.344465642004417,2
1771107965901,-0.523854965411615,-6.050572595127278,1.0152671725959042,2
1771107966009,3.2404579604299624,0.49522900226985694,-1.2099236152381538,2
1771107966168,-2.335877738593817,3.9465648378165845,-0.08110686888788825,2
1771107966227,-1.139313012876856,0.37022898989793956,-0.3473282460649595,2
1771107966335,2.138358699637392,2.4847327469309595,-2.59351140686964,2
1771107966443,2.560114556592628,-1.2385495783799119,-1.3683206112892154,2
1771107966552,-0.7929389122224357,4.540076260178958,-0.7013358835296626,2
1771107966660,6.789122230741226,1.8778625417690986,0.4904580084128973,2
1771107966768,-3.296755581220381,0.270038172262639,0.24045801034948894,2
1771107966877,4.781488442619413,1.2900763120350764,0.9446564635129009,2
1771107966985,0.20706106669098434,-2.101145054274812,-0.7662213466234614,2
1771107967107,-8.402672032999876,-0.45229005755721974,1.9179388901675598,2
1771107967202,1.7070610684116474,-2.939885454163208,-0.4465648916092946,2
1771107967311,-2.1879770357497725,3.9169845691817287,-0.3225190780087691,2
1771107967419,-1.6469465458139554,2.0973282591892444,-0.7395037810244872,2
1771107967519,-6.290076166581537,5.443702176522006,-2.204198521585141,2
1771107967627,-0.12977099288866384,-2.390267175284863,-4.711832039029507,2
1771107967737,7.817748292858323,4.219465472991267,-1.2232823980376408,2
1771107967846,5.910305269010958,3.588740191822902,1.145992297554894,2
1771107967953,-3.688931382984173,-2.5238550032797344,4.822519096510971,2
1771107968062,1.253816758722183,5.241412036986915,4.875000135659234,2
1771107968170,4.303434964873758,7.768129529859119,2.9914121878183724,2
1771107968278,-4.974236380997173,-0.06488549644433192,0.48473281578454563,2
1771107968386,-8.859732924331496,-4.227099063162402,2.505725119901582,2
1771107968487,-4.382633569620994,5.145038067798035,2.473282361674256,2
1771107968595,-10.893129759115775,-4.258587515896631,2.2490457571188562,2
1771107968704,-6.14312976923059,4.617366253939999,1.329198461662146,2
1771107968812,0.664122131445377,2.4179388329335234,-2.2099237142134927,2
1771107968921,1.4332061277438672,3.0868320649575662,-0.7519083650525824,2
1771107969030,-1.139313012876856,9.354007247582285,-1.5925572158446148,2
1771107969138,9.757633861489603,8.97232773902551,-3.935114452559881,2
1771107969246,11.378816827032566,3.6459921181064185,-2.59064891727717,2
1771107969354,-5.118320502199061,1.8711832570910607,1.066793906251069,2
1771107969463,12.900763120350765,1.1383588141054641,-2.968511417304966,2
1771107969571,9.608778426265639,2.5047710278518958,-2.0028624740997367,2
1771107969679,-0.9599236438551719,6.191793586406462,-1.4541985007144898,2
1771107969787,-4.925572563821301,5.291030373099296,-0.2872137234672674,2
1771107969889,7.504771095841768,9.284351270879203,-1.7480916155815007,2
1771107969996,8.849236631124478,1.0114503775103365,1.41984734494438,2
1771107970123,10.499045773252611,-2.678434990801817,1.0305343529381752,2
1771107970213,-15.419847023051835,-4.337786120643868,3.902671907775967,2
1771107970321,-1.233778584522952,1.0257633590812156,0.29770990995257873,2
1771107970430,10.117366264695836,-2.3998091629987828,-0.46946563544227465,2
1771107970539,8.078244023839794,0.18988548880592948,-0.5171755740118715,2
1771107970648,-0.3120228915234578,-1.3425572444616332,-1.1335878202485046,2
1771107970757,-2.130725109466256,-4.274809215175411,0.3568702337788789,2
1771107970864,12.9083967105219,6.011450125335092,0.0333969469935579,2
1771107970972,-21.171755936341963,4.652671501759795,3.684160068962096,2
1771107971085,-0.4017175493538735,-0.18606869372036172,-2.4484731936180655,2
1771107971189,32.522901959499514,6.8330151607818435,-4.052481008162795,2
1771107971298,0.4761450268420182,-4.27194651213953,-0.02671755726134099,2
1771107971406,-17.54293790201672,-7.983778238750285,2.767175583262973,2
1771107971517,-12.385496210685941,1.0324427504809592,3.0419846159804393,2
1771107971622,6.6059160666339745,-1.6278625703861167,1.745229019267325,2
1771107971723,-1.7099236647258234,2.533396990993654,1.2795801255497652,2
1771107971832,-8.72519100428694,-0.41507633215336065,2.050572412669333,2
1771107971935,7.532442753490428,0.6755725167020803,0.26622137717707123,2
1771107972040,4.169847136878887,-2.088740363525011,1.483778555905934,2
1771107972186,3.062976988951062,11.640267076950545,1.5868320232162634,2
1771107972294,6.309160142009376,0.32729007186572884,0.20515266914820046,2
1771107972448,-6.831106976682471,0.4293893137242397,0.70992367247219,2
1771107972510,-4.958969200654901,-0.5467557359250216,-0.6269083793610915,2
1771107972616,-2.947519044334343,3.4866412434490823,0.06393129767293998,2
1771107972725,-9.083969742330307,-0.8921755844471972,0.788167918365476,2
1771107972832,5.574427301480996,-0.1412213781453671,-0.24618320297784058,2
1771107972942,13.327289650997844,3.4217557269944305,-0.11641221008917672,2
1771107973050,3.2328243702588266,3.292938786134813,-0.20133587406263273,2
1771107973252,3.799618440465638,-2.870229050573302,-0.6851145044159996,2
1771107973296,-1.6020992035585344,-1.2137404103237215,2.6068701896691273,2
1771107973376,-5.229961651730211,-5.36164129562571,2.008587666728088,2
1771107973483,1.867366462005493,1.5582060600745051,0.7204198589575014,2
1771107973592,3.5791984175523943,2.31965646620186,-0.07251907994536082,2
1771107973700,-3.9293890464881183,1.5543892649889375,0.2748091661195987,2
1771107973809,4.1688930448292005,2.83969468988876,-0.2337786189497454,2
1771107973917,7.601145065030647,2.793893148861947,-0.5372137482111022,2
1771107974026,5.339694617161991,4.130725093973522,-2.0190839599351054,2
1771107974133,-6.698473240737286,2.2032442160920436,-1.4341603265152592,2
1771107974240,1.6307251667002924,-3.3835877761387527,-0.9961831971680655,2
1771107974345,2.503816722358798,-0.818702279050018,-0.6001908137621171,2
1771107974442,-1.3654580149750395,3.1727099543828405,-1.0267175578526075,2
1771107974563,2.3034349803664913,-1.1240458325345852,-0.30534350012371425,2
1771107974661,-3.7929389423441884,6.199427176577597,2.7146945441147103,2
1771107974758,4.478053446760188,-1.792938957836922,-0.1135496137750009,2
1771107974871,-3.0543893067302403,2.47519075921704,2.4351144108185787,2
1771107974968,-2.6030533945835597,-0.7395037810244872,1.5706106441026004,2
1771107975076,7.611641358237665,3.9914122867937114,0.169847327946912,2
1771107975260,0.8139312851930584,5.061068575915544,1.8883588349761156,2
1771107975298,3.6927481780697406,4.325381643337478,0.7480915699670146,2
1771107975393,-0.6059160063904688,3.782442649137171,2.7251908373217275,2
1771107975493,-1.484732754677326,1.6335877630144682,-0.011450381921649946,2
1771107975602,-4.6192748649261945,6.003816535163955,2.1774809559861668,2
1771107975712,-5.018129737924613,0.05057251820850617,2.359732814600321,2
1771107975809,2.468511474539002,-0.4866412133273295,3.149809183869434,2
1771107975918,5.669847178620189,4.006679467135982,1.3244274678051862,2
1771107976026,-2.087786271475325,2.8530534726882473,2.798664035997201,2
1771107976135,-0.5419847420680619,1.8559160767487897,3.104007642842621,2
1771107976283,0.28339695506212614,5.982824375636745,3.8082061226864594,2
1771107976353,-0.13740458305979936,3.7938930343938746,3.9055341839250253,2
1771107976460,-1.5648854514742487,3.061068591408278,1.775763379951867,2
1771107976570,6.9122137655290805,3.2127863027813017,2.0677479905543885,2
1771107976677,3.3912213663098885,5.322518825833524,0.6431297584747544,2
1771107976785,-3.6078241672507407,6.616411932954168,0.4370229038953752,2
1771107976895,0.18702289249175366,3.1975191224390307,1.1517174901832457,2
1771107977013,-11.047709746637857,-4.220419991927776,3.0706105791221976,2
1771107977112,-0.5391221457538861,1.562022855160073,0.2910305185528352,2
1771107977247,-2.8215648065106076,7.838740025498711,-0.4999999961268166,2
1771107977328,3.0811068723292143,3.193702327353463,-0.2643129796342874,2
1771107977440,-1.3387404493760653,2.3587785091072235,0.339694655893824,2
1771107977545,4.140267295130854,4.952290129420275,0.8520992360487358,2
1771107977647,5.694656560119791,5.613549344386359,0.5973282174479414,2
1771107977828,7.570610704346106,2.161259470150798,-0.2767175636623826,2
1771107977986,-3.429389317165566,-0.4770992256134101,0.7509541662811904,2
1771107977987,-3.429389317165566,-0.4770992256134101,0.7509541662811904,2
1771107978081,-0.523854965411615,1.7375954290961895,0.9465648610556847,2
1771107978206,1.222328199266249,-0.678435113016256,0.37309158621211536,2
1771107978287,-2.422709933512189,-1.4790075620489744,1.5133587178190842,2
1771107978390,5.336831914126109,8.58587734333348,1.3263358653479702,2
1771107978495,-0.6564885412742415,-2.53148859345087,0.724236654043069,2
1771107978597,0.4017175493538735,1.0782442915077721,-0.16793893040412813,2
1771107978707,0.8024808999363551,5.6746180657554435,0.011450381921649946,2
1771107978831,0.5200381703260473,6.162213744658429,0.42652671741006387,2
1771107978930,-1.0209923652242558,0.7757633343373808,0.5906488260481978,2
1771107979030,-0.23473281772113733,-0.7843511232799083,-0.05820610504458836,2
1771107979130,-1.7633587959237718,-2.536259480586124,0.4122137358391848,2
1771107979238,0.9484732585984686,-1.4122137547732445,-0.2166030544049037,2
1771107979346,4.484732944881637,-0.8177480802786261,-0.42080152478171223,2
1771107979446,0.8177480802786261,2.8540075647379335,-0.30343510258093037,2
1771107979555,-0.8387404532492487,0.5314885555827505,0.09064885660180763,2
1771107979664,0.54103054329667,-2.9608778271338303,-0.11259541500360896,2
1771107979766,-2.090648761067795,-0.21374045809072792,0.14312976234793776,2
1771107979873,0.973282426654659,3.0925572575859177,-0.01908396875773214,2
1771107979980,0.6230915842755237,-4.530534485908451,-0.09255724747448489,2
1771107980089,2.2604961423755596,4.941793836213258,-0.05820610504458836,2
1771107980244,-3.304389171391516,-5.333015119040541,0.3120228915234578,2
1771107980300,-1.2242365968090327,1.436068724058043,0.015267175339691044,2
1771107980400,1.9122136975392083,0.33015266817990463,-0.09255724747448489,2
1771107980511,1.0238549615384318,4.083015368847337,-0.027671756032732926,2
1771107980615,-1.6297709679289005,-2.2309160871841156,0.023854960947165174,2
1771107980723,-3.5019084237913534,-2.5667938412706657,0.540076344525278,2
1771107980824,2.688931284008834,1.75763360329542,-0.2519083956061922,2
1771107980932,-2.538167878128908,-1.7709923860949073,0.30820609643789004,2
1771107981042,-1.2127862115523296,0.4456106928379026,0.08587786274484793,2
1771107981151,-2.0725190911330538,-3.5124045035549587,0.29580151240979485,2
1771107981249,-0.989503805768322,3.350190712418329,0.26622137717707123,2
1771107981356,-3.0343510258093036,-5.514313099048421,0.224236631235826,2
1771107981465,1.0849236829075157,5.219465358523195,0.21469465686211986,2
1771107981576,-1.5276716993899633,-4.943702020312631,0.10687022904536396,2
1771107981684,1.420801543715772,4.815839598389522,-0.16889312917552007,2
1771107981791,1.499999935019597,-4.740457788727854,-0.37022898989793956,2
1771107981899,2.0333968347842784,4.559160235606797,-0.13740458305979936,2
1771107982007,-0.5391221457538861,5.425572293143853,0.23759541403531312,2
1771107982116,-2.7538168004634858,4.310114462995207,0.2776717624337745,2
1771107982218,2.888358720508043,1.1192748386776254,-0.05725190627319642,2
1771107982326,0.9398854696559412,2.4895038475096247,-0.15553434637603294,2
1771107982424,1.5286258981613552,2.4312976157330106,-0.10114503641701234,2
1771107982526,-1.531488494475531,-1.6593511298420507,-0.0515267169798981,2
1771107982632,-1.0133587750531203,-3.4246182165869006,0.08874045905902375,2
1771107982733,-1.5562976625317213,0.00954198437886607,0.1879770912631456,2
1771107982841,-0.2690839734912471,1.0753816951935964,0.2576335882345438,2
1771107982944,-1.9017176177756028,-2.09541986164646,0.3625954264072305,2
1771107983050,0.27194656980542287,2.0143128593564397,0.20992366300516016,2
1771107983159,0.9475190598270767,3.0849236674147824,0.30820609643789004,2
1771107983266,1.8559160767487897,2.3034349803664913,0.11641221008917672,2
1771107983369,-0.34064885466521594,-1.6078243961868859,0.8482824409631681,2
1771107983476,-1.7251908450680942,0.4742366292992343,0.6727099203879044,2
1771107983584,0.03625953997268041,3.628816753664775,0.1727099242610878,2
1771107983685,-0.9188930966853186,-3.699427249304367,-0.1001908376456204,2
1771107983794,1.6793893040412813,-2.6354961528108856,-0.043893130143815906,2
1771107983902,0.10114503641701234,5.115457799163179,-0.042938931372423966,2
1771107984011,-3.0524809091874565,-4.59255729932722,0.084923663973456,2
1771107984118,3.3759541859676174,5.061068575915544,0.08587786274484793,2
1771107984227,-0.6106870002474285,-2.3568701115644397,-0.022900763843299893,2
1771107984327,3.545801567275382,5.435114494301184,-0.17175572548969587,2
1771107984435,-2.7328244274928633,-4.157442659572497,0.15744274391881682,2
1771107984537,1.174618260696652,6.30152655183824,0.07633587503092856,2
1771107984643,-1.388358785488446,-4.516221397615865,0.5047709899837763,2
1771107984751,-0.38454197146881863,5.517175375197479,0.11736640886056866,2
1771107984859,0.8568702299056955,-4.171755747865082,0.16889312917552007,2
1771107984970,2.0667938985047023,4.201336016499938,-0.2576335882345438,2
1771107985076,0.23473281772113733,-2.040076332905728,0.2166030544049037,2
1771107985182,-2.767175583262973,-3.5400763746470307,0.28530532592448354,2
1771107985295,1.253816758722183,5.066793981987308,0.2318702214069615,2
1771107985387,1.7061068696402555,-2.5438930707572593,0.28339695506212614,2
1771107985498,-2.7385496201212147,-4.774808944497964,0.24236640789227282,2
1771107985594,0.5734732481631429,2.7099236569794565,0.3645038239500144,2
1771107985706,-2.5085878229374634,1.8425572939493027,0.46946563544227465,2
1771107985804,1.2776717280069814,3.3606870056253464,0.1440839611193297,2
1771107985904,-1.7280534413822701,-4.823473188560658,0.1727099242610878,2
1771107986011,1.7633587959237718,6.333969523508978,0.09923663887422846,2
1771107986119,-3.042938921473537,-3.213740394830988,0.17366412303247974,2
1771107986222,2.8530534726882473,6.163167836708115,-0.07538167625953662,2
1771107986329,-1.9141220950819922,-6.020992326492422,0.16412213531856037,2
1771107986440,1.7261450438394863,4.565839733728247,-0.03530534453634177,2
1771107986545,-4.29389319060325,-5.313931143612702,0.4809160206989779,2
1771107986647,0.9026717175716557,3.4875953354987685,0.07824427257371244,2
1771107986754,1.2643129452074942,-1.9980915869644826,-0.15839694269020876,2
1771107986863,0.9007633200288717,2.329198453915779,-0.02671755726134099,2
1771107986971,-0.06297709890154805,-1.9198472877103439,0.10591603027397202,2
1771107987078,-2.192748136328438,-0.6040076088476849,-0.2003816752912408,2
1771107987196,-1.7480916155815007,-2.8187023169181376,0.5343511518969264,2
1771107987296,-1.36068702111808,-3.89217561456895,-0.11450381254639284,2
1771107987404,2.251908460154738,3.3110686695129656,-0.05534351206546585,2
1771107987514,0.7509541662811904,-3.691793659133231,-0.13072519166005578,2
1771107987622,0.043893130143815906,2.500954232766328,-0.10687022904536396,2
1771107987730,0.7232824552716771,4.8883587050153094,-0.11832060763196059,2
1771107987837,-1.6679389187845781,-2.453244294196731,0.13072519166005578,2
1771107987946,1.4799617608203663,3.085877759464468,-0.11164122290232364,2
1771107988054,0.4895038096415053,-3.6326335487503427,-0.03625953997268041,2
1771107988163,2.487595449966841,3.6851145878986054,0.0,2
1771107988264,-2.138358699637392,1.530534295704139,0.2986641087239707,2
1771107988372,-1.4780533632775825,-3.816793804907281,0.08969465783041569,2
1771107988480,2.8387403843956625,4.517175489665552,-0.24045801034948894,2
1771107988588,1.1727098631538682,-2.7604960851415234,0.13167939043144772,2
1771107988697,-1.1001908632497868,-0.21755725317629565,-0.1106870241309317,2
1771107988809,-2.6049617921263435,1.392175580574014,0.33110686695129654,2
1771107988913,0.23473281772113733,-3.2146947003240856,0.013358778630670495,2
1771107989014,3.458015280307324,0.09923663887422846,-0.5744274469345348,2
1771107989122,-0.6593511375884173,1.3845419904028784,0.19751907897706497,2
1771107989233,-3.076335771750549,-2.8940839131363947,0.31774808415180944,2
1771107989341,-1.0219465639956478,3.9513357249518384,0.2185114519476876,2
1771107989439,1.2900763120350764,-4.253816628761377,-0.18416029617757784,2
1771107989549,2.6402670399461394,2.68702288646605,-0.30820609643789004,2
1771107989656,-1.0171755701386882,-2.5419846732144755,0.1393129806025832,2
1771107989765,-0.4999999961268166,0.9513358549126445,-0.1727099242610878,2
1771107989873,-2.5849237246488186,0.5916030248195897,0.2566793894631519,2
1771107989973,1.0438931357376624,-2.6316793577253175,0.007633587669845522,2
1771107990082,2.958015124097949,3.740457903195926,-0.39790075426830573,2
1771107990190,0.4513358587858278,-1.9570609330729236,0.059160303815980295,2
1771107990298,-1.7528626094384605,-0.3883587665543864,0.14026717937397515,2
1771107990410,-0.569656506438428,2.269084038039793,0.15171755129046519,2
1771107990508,-0.4227099223244961,-4.924618044884792,-0.14503815989072164,2
1771107990615,4.347328321801198,4.941793836213258,-0.4417938977523349,2
1771107990727,0.12404580026031221,3.110686927520659,0.029580151907990147,2
1771107990832,-2.16412217318668,-4.817748209375718,0.2652671784056793,2
1771107990941,2.115457929123985,3.0811068723292143,-0.01908396875773214,2
1771107991049,1.594465613387399,3.833015077299238,-0.2108778617765521,2
1771107991158,0.6574427400456334,0.36164122763583856,-0.05629770750180448,2
1771107991266,-0.9818702155971865,-0.9799618180544025,-0.10687022904536396,2
1771107991374,-3.7986639215291285,-2.6068701896691273,0.5582061211817249,2
1771107991482,-1.6641221236990102,-0.7385495822530952,-0.041030533829640094,2
1771107991593,2.0295800396987107,-0.14312976234793776,0.01622137411108298,2
1771107991699,2.2251908945557637,3.058206101815808,-0.21564885563351177,2
1771107991807,-0.3807251763832509,-0.10114503641701234,-0.11641221008917672,2
1771107991908,3.164122058718607,-0.49618320104124886,-0.005725190960824973,2
1771107992016,0.0772900738023205,0.9456106622842928,-0.40839694075361704,2
1771107992125,-1.4608778921142334,1.161259477897165,0.8654580188482229,2
1771107992241,-0.8874045905902375,0.17080152671830395,-0.7108778712435819,2
1771107992333,0.8158396827358422,0.3559160350074869,0.8377862544778567,2
1771107992441,-2.0667938985047023,1.3330152567477136,0.9713740291118751,2
1771107992543,-0.6746183179306883,0.09637404256005264,0.12404580026031221,2
1771107992650,-1.7853053676657864,0.6555343425028496,0.6937022933585271,2
1771107992763,-0.046755723122938415,-0.6937022933585271,-0.33874045712243206,2
1771107992867,-1.979007611536644,0.09828244010283652,-0.3215648792373772,2
1771107992976,-0.4685114366708827,3.832060985249552,0.15744274391881682,2
1771107993084,0.32824427063712075,-0.4475190903806865,0.2757633648909906,2
1771107993194,-3.0791984747864305,0.7337785883961355,-0.0019083969174613804,2
1771107993300,-0.4341603075811994,3.145992388783866,0.08301526643067213,2
1771107993401,-0.39217556163995415,0.27290076857681483,-0.5438931396108457,2
1771107993509,3.427480919622782,2.750954097427604,-0.16793893040412813,2
1771107993618,5.958969513073652,3.4875953354987685,0.45229005755721974,2
1771107993718,1.5858778244448715,3.520992399219192,-0.020038167529124077,2
1771107993826,-2.0667938985047023,0.509541983840736,-0.14026717937397515,2
1771107993935,-0.5543893260961571,-0.9704198303404832,0.005725190960824973,2
1771107994036,-0.18511449494896978,2.415076343341054,-0.011450381921649946,2
1771107994144,-1.9990456790141689,-3.0801525668361167,-0.07919847134510438,2
1771107994246,3.2080152022026365,0.15935114146160068,-0.08206106765928019,2
1771107994354,0.33778625835104015,-0.24236640789227282,0.1001908376456204,2
1771107994463,-1.236641180837128,1.176526658239436,0.7232824552716771,2
1771107994562,-2.2328244847268994,0.7604961539951098,0.2528625943775841,2
1771107994669,-0.8320610618495051,-2.305343377909275,0.041984732601032033,2
1771107994777,3.025763343588482,3.89217561456895,-0.18416029617757784,2
1771107994886,0.5047709899837763,3.4770992557351628,-0.4465648916092946,2
1771107994994,2.395038062420117,2.9456106467915593,0.4427480965237268,2
1771107995102,-0.24618320297784058,7.657442899264478,-0.6173663916471721,2
1771107995235,1.654580135985091,7.666030154598476,-0.8654580188482229,2
1771107995320,-1.019083967681472,6.381679248635163,-0.15267175006185713,2
1771107995420,-0.7795801294229485,0.06488549644433192,-0.05343511452268198,2
1771107995529,2.0639311954688204,-0.0515267169798981,-0.39503815795412994,2
1771107995638,2.0782442837614052,3.309160271970182,-0.16507633408995231,2
1771107995747,-1.2738549329214135,-5.614503863322868,0.39312976041134606,2
1771107995854,-2.353053316478872,3.2519083456866653,0.5591603199531168,2
1771107995963,3.1020992452998373,3.9465648378165845,-0.25095419683480025,2
1771107996065,1.4475191093147461,-3.415076228872981,-0.13740458305979936,2
1771107996171,3.6106868702866226,2.942747943755678,-0.18893129003453754,2
1771107996278,-1.1440839000121101,-1.3377862506046734,0.17366412303247974,2
1771107996389,-2.7146945441147103,1.0248091603098237,0.1774809181180475,2
1771107996488,2.07347318318274,2.5543893639642765,-0.14790075620489743,2
1771107996588,1.4064885621448928,-1.159351080354381,-0.005725190960824973,2
1771107996696,-1.485686953448718,-0.05248091575129004,0.18129771320361526,2
1771107996804,-2.0925571586105787,1.683206099126849,0.3673663935837638,2
1771107996912,-1.5896946195304391,-2.087786271475325,-0.06774809275850774,2
1771107997013,2.798664035997201,0.2862595246958755,-0.43129771126702354,2
1771107997121,-0.8664122176196148,0.23282442017835345,0.11259541500360896,2
1771107997257,1.5133587178190842,-0.7404579797958791,-0.11164122290232364,2
1771107997340,-0.3110686927520659,3.54961836236095,-0.12213740271752835,2
1771107997447,-0.6469465535603222,-4.003816764100101,-0.12690839657448802,2
1771107997555,2.7108777490291427,3.8759543421769926,-0.08874045905902375,2
1771107997663,0.11164122290232364,-4.351145116886766,-0.12404580026031221,2
1771107997772,2.1593510726080143,4.132633704959718,-0.18129771320361526,2
1771107997873,-1.9742365109579785,-0.8234732729069777,0.30534350012371425,2
1771107997980,-2.0171755623923215,0.7146946663291497,0.1727099242610878,2
1771107998089,1.7051526708688636,2.9036259008503142,-0.1393129806025832,2
1771107998189,1.222328199266249,-3.180343544553976,0.041984732601032033,2
1771107998290,-2.967557111811868,-2.8635495524518526,0.21946565071907953,2
1771107998397,0.1135496137750009,4.161259454658064,0.020038167529124077,2
1771107998506,1.125954230077369,-3.4713740631068113,-0.05820610504458836,2
1771107998607,0.2805343587479503,-2.612595382297479,-0.08683206151623987,2
1771107998714,0.015267175339691044,3.368320595796482,0.1727099242610878,2
1771107998827,-2.985686995190021,-4.448473178125332,0.44370229529511873,2
1771107998931,0.7089694737007981,4.3549619119723335,0.06583969521572386,2
1771107999040,0.3759541825262912,-3.6412212309711647,-0.060114502587372234,2
1771107999148,2.9837785976472366,3.4503816901361883,-0.3740457849835073,2
1771107999261,0.6908396970443512,-3.9293890464881183,-0.00954198437886607,2
1771107999365,-0.20133587406263273,2.6975189662296555,-0.027671756032732926,2
1771107999474,-2.9255725793140344,-0.5916030248195897,0.4446564940665107,2
1771107999582,-0.943702264741509,-1.2385495783799119,0.022900763843299893,2
1771107999691,3.4494273846430907,3.1097328354709726,-0.15362594883324907,2
1771107999799,1.606870197415494,-3.4837785404132005,0.09255724747448489,2
1771107999899,-1.3835877916314865,-2.071564785639956,-0.01908396875773214,2
1771108000008,-2.1898854332925564,3.6708014996060205,0.19465648266288915,2
1771108000110,-0.3692747911265476,-1.3511450334041606,0.09255724747448489,2
1771108000217,2.9761450074761013,-1.9541984434804536,-0.4475190903806865,2
1771108000324,1.3959923756595816,3.54961836236095,-0.13645038428840742,2
1771108000433,-3.583015212637962,-2.8959923106791785,0.523854965411615,2
1771108000544,-0.7127862687863659,0.5305343568113586,-0.07633587503092856,2
1771108000650,2.527671798365302,2.441793908940028,-0.354961836236095,2
1771108000750,-2.2185113964343146,-0.9541984512268202,0.34828244483635146,2
1771108000861,-2.8950382186294923,-1.8797709393118824,0.2337786189497454,2
1771108000966,1.0076335824247689,2.93893114867011,-0.14026717937397515,2
1771108001067,2.644083835031707,2.1068702469031635,-0.31583968660902556,2
1771108001176,-1.139313012876856,-2.550572568878709,0.1908396875773214,2
1771108001283,-0.5982824162193333,0.38549617024021055,0.05534351206546585,2
1771108001391,2.2223281915198823,2.2881678000242203,-0.2910305185528352,2
1771108001500,-1.3492366358613765,-1.5229007055330035,0.15553434637603294,2
1771108001609,-0.5381679469824941,-1.4875953509915019,0.08301526643067213,2
1771108001718,1.249999963636615,1.7967557529224896,-0.12786259534587996,2
1771108001826,0.18893129003453754,0.9608778426265638,-0.06488549644433192,2
1771108001934,-0.9322518794848057,-2.130725109466256,0.040076335058248154,2
1771108002046,0.17843511688943944,-0.23473281772113733,-0.06202290013015611,2
1771108002153,1.7166030561255667,1.9809160090794278,-0.16030534023299262,2
1771108002275,0.6507633486458899,-1.5601144576172892,-0.05343511452268198,2
1771108002360,0.14790075620489743,1.5553434637603294,0.01717557288247492,2
1771108002468,1.300572498520388,-1.251908361179399,-0.1288167941172719,2
1771108002577,3.627862661615089,0.8463740434203842,-0.2232824458046473,2
1771108002685,0.7366411847103114,1.8625953614268276,-0.0515267169798981,2
1771108002793,-2.6183205749258307,-0.6288167769038753,0.3883587665543864,2
1771108002902,-0.9818702155971865,-1.7652671934665556,0.2519083956061922,2
1771108003010,1.0429389369662705,0.37022898989793956,-0.21183206054794404,2
1771108003119,1.5954198121587908,1.8358777958278532,-0.16889312917552007,2
1771108003219,-0.8683206151623988,0.6431297584747544,0.15744274391881682,2
1771108003327,-2.5438930707572593,-1.8167938204000145,0.2996183074953626,2
1771108003436,0.8921755844471972,-0.08874045905902375,-0.26622137717707123,2
1771108003545,2.4627862819106503,1.7624045971523798,-0.3778625800690751,2
1771108003653,-2.6173662694327327,-0.4465648916092946,0.20419847037680852,2
1771108003762,-0.47519082807062624,-1.41984734494438,-0.030534350679382087,2
1771108003869,2.8482823721095816,0.987595408225538,-0.34828244483635146,2
1771108003978,0.7528625638239743,1.6641221236990102,-0.08874045905902375,2
1771108004081,-2.86450385794495,-0.789122117136868,0.5219465678688312,2
1771108004187,-0.8110686888788825,-1.9398855686312801,0.09446564501726877,2
1771108004296,0.9351144757989815,-0.02671755726134099,-0.044847328915207846,2
1771108004403,0.48187021947036984,2.1746182529502853,0.005725190960824973,2
1771108004512,-2.473282361674256,-0.224236631235826,0.29007631978144327,2
1771108004612,-2.782442763605244,-1.2700381378358458,0.20419847037680852,2
1771108004720,-0.7137404675577578,-1.269083939064454,0.01908396875773214,2
1771108004829,3.62118316349364,1.1965648324386666,-0.4141221333819687,2
1771108004937,1.2299617894373844,1.2929389083492524,-0.14217557691675903,2
1771108005046,-3.634541732849715,-1.1822518508677875,0.4513358587858278,2
1771108005154,-0.5687023076670361,-1.5419846809608422,0.14312976234793776,2
1771108005264,2.287213707974534,1.343511443233025,-0.28339695506212614,2
1771108005371,-0.2213740482618634,1.637404558100036,0.06583969521572386,2
1771108005479,-1.5276716993899633,-1.3406488469188491,0.2748091661195987,2
1771108005584,-1.4103053572304607,-2.1097327364956335,0.3005725062667546,2
1771108005688,-0.15171755129046519,-0.0772900738023205,0.01622137411108298,2
1771108005796,2.3301525459654653,2.0973282591892444,-0.28148855751934226,2
1771108005905,-0.818702279050018,-0.3320610657226885,0.1908396875773214,2
1771108006014,-2.1145038370742992,-1.7242366462967023,0.1984732777484569,2
1771108006121,1.1288168263915448,0.4999999961268166,-0.41698472969614453,2
1771108006222,2.208969408720395,1.7776717774946509,-0.29770990995257873,2
1771108006331,-1.2833969206353328,1.3425572444616332,0.09732824133144458,2
1771108006439,-1.3950381768881897,-1.9494275563451997,0.30820609643789004,2
1771108006547,0.9856870106827542,-1.1087786521923142,-0.07251907994536082,2
1771108006648,1.0095419799675527,0.6746183179306883,-0.10591603027397202,2
1771108006756,1.9770992139938601,1.8606869638840435,-0.18606869372036172,2
1771108006856,-0.05629770750180448,1.065839707479677,-0.022900763843299893,2
1771108006964,-3.567748032295691,-0.7547709613667581,0.5047709899837763,2
1771108007072,0.4341603075811994,-0.7986641048507873,-0.13454198674562354,2
1771108007173,1.312022883777091,-0.2767175636623826,-0.11545801131778478,2
1771108007274,0.9312976807134138,1.4131679535446364,-0.2003816752912408,2
1771108007382,0.540076344525278,1.0839694841361238,0.023854960947165174,2
1771108007490,-0.8854961930474536,-2.412213640305172,0.10209923518840426,2
1771108007599,-0.6097328014760366,-0.224236631235826,-0.06583969521572386,2
1771108007707,2.1440838922657433,2.782442763605244,-0.33110686695129654,2
1771108007817,-0.27290076857681483,-2.615457871889949,0.11164122290232364,2
1771108007924,-2.312022876030724,0.08874045905902375,0.1393129806025832,2
1771108008034,1.6001908060157504,4.167938952779514,-0.12786259534587996,2
1771108008140,-0.5477099346964135,-0.28530532592448354,-0.05725190627319642,2
1771108008282,0.8702290127051826,4.500000125223909,0.021946565071907953,2
1771108008358,4.022900739527939,5.793893232344552,-0.3874045677829944,2
1771108008466,-3.12309161827046,-3.37499988047452,-0.02576335848994905,2
1771108008574,-1.5076335251907325,-1.9198472877103439,0.04770992189433035,2
1771108008684,3.3606870056253464,2.9790074970685714,-0.4141221333819687,2
1771108008792,1.8530533737129082,2.3931296648773333,-0.19751907897706497,2
1771108008900,0.618320590418564,1.1526716889546376,-0.14312976234793776,2
1771108009008,-1.2175572054092894,-0.378816778840467,0.24618320297784058,2
1771108009110,2.4045800501340366,2.7232824397789437,-0.35019084237913534,2
1771108009217,-2.4484731936180655,1.0706107013366366,0.31774808415180944,2
1771108009316,0.2996183074953626,-0.044847328915207846,-0.03816793751546428,2
1771108009425,-0.22519083000721793,1.3473282383185927,-0.10973282535953977,2
1771108009529,3.0162213558745625,1.8730916546338445,-0.004770992189433035,2
1771108009634,-1.6612595273848345,-1.3492366358613765,-0.01717557288247492,2
1771108009744,-1.5267175006185711,2.34732812385052,-0.47996182192758596,2
1771108009855,0.8301526643067213,1.0381679431093107,-1.2833969206353328,2
1771108009954,0.7690839429376373,3.4007633540238076,-0.8005725023935711,2
1771108010059,-2.9875953927328047,-1.3473282383185927,0.16316793654716844,2
1771108010168,-1.04770993082323,4.202290108549624,0.5372137482111022,2
1771108010277,0.3540076374647031,2.6078242817188135,0.3005725062667546,2
1771108010385,0.9465648610556847,3.867366233069348,0.29007631978144327,2
1771108010493,1.0114503775103365,0.8263358692211535,-0.3196564816945933,2
1771108010601,-2.2528625522044243,2.870229050573302,-0.07919847134510438,2
1771108010709,-2.2833969128889664,0.3101144939806739,0.20706106669098434,2
1771108010818,1.3864503879456622,3.634541732849715,0.678435113016256,2
1771108010927,0.7118320700149738,2.5257634008225183,0.5419847420680619,2
1771108011027,-2.390267175284863,1.8024809455508413,-0.36068702886444665,2
1771108011135,-2.979961802561669,0.22041984949047147,-1.0906488755358674,2
1771108011272,-1.3654580149750395,3.309160271970182,0.5267175617257909,2
1771108011352,-1.621183178986373,1.8969465171969373,-0.030534350679382087,2
1771108011452,-2.956106726555165,2.5467557737931408,-0.6755725167020803,2
1771108011561,-1.792938957836922,3.9465648378165845,-0.5324427543541425,2
1771108011668,2.007633574678402,2.12977101741657,2.4666030769962184,2
1771108011777,2.287213707974534,-0.20896946423376822,1.6593511298420507,2
1771108011886,-0.43606870512398327,4.846373959074064,1.0171755701386882,2
1771108011995,-1.0267175578526075,1.3215648714910104,0.3520992399219192,2
1771108012126,0.5830152358770623,2.6641221159526434,1.7213740499825265,2
1771108012211,-0.743320576110055,2.376908392485376,2.0391220274126303,2
1771108012320,3.1202289152345783,4.282442805346546,0.7853053220513002,2
1771108012420,1.1803434533250037,4.317748053166342,-0.2786259612051664,2
1771108012528,-0.354961836236095,2.9017175033075304,-0.06870229152989968,2
1771108012637,1.1574426828115971,0.2643129796342874,0.5591603199531168,2
1771108012745,2.302480888316805,0.9093511089713991,-0.11927480640335253,2
1771108012855,0.6812977093304319,2.296755695688453,-0.061068701358764174,2
1771108012962,1.9236640827959115,4.986641285190385,0.7137404675577578,2
1771108013071,1.916030492624776,2.1354962100449217,1.1688930680683005,2
1771108013179,1.189885441038923,5.71374053554763,0.3893129653257783,2
1771108013290,0.4036259468966574,5.343511412247558,0.394083959182738,2
1771108013396,-1.2328243857515602,6.511450281544467,1.1316794227057208,2
1771108013504,0.68034351055904,1.451335904400314,1.0085877811961608,2
1771108013613,1.0238549615384318,3.730916128925418,0.23854961280670506,2
1771108013713,-0.29580151240979485,3.0849236674147824,0.084923663973456,2
1771108013823,0.3988549530396977,0.7996183036221792,-1.6774809064984975,2
1771108013930,1.282442721863941,3.310114364019868,-2.173664160900599,2
1771108014030,1.1469464963262859,4.898854998222327,1.1145038448206657,2
1771108014137,-1.0772900927363802,2.8635495524518526,2.9790074970685714,2
1771108014238,-0.27385496734820675,5.1774810394687725,3.4961832311630014,2
1771108014347,1.0372137443379188,4.306297667909639,2.8988550137150604,2
1771108014455,-1.4293893326582994,1.0400763406520945,2.2461832675263866,2
1771108014564,-1.714694658582783,1.8005725480080574,2.16412217318668,2
1771108014672,0.36354962517862244,-0.03625953997268041,0.4656488403567069,2
1771108014781,1.5343510907897067,-1.8454197835417727,-0.23854961280670506,2
1771108014889,-2.4045800501340366,2.0772899782683076,0.1335877879742316,2
1771108014999,-2.981870200104453,0.6574427400456334,0.2499999980634083,2
1771108015107,-4.624999844111135,-1.8788168472621962,1.6431297507283877,2
1771108015215,-1.3473282383185927,-1.3234732690337943,1.3062976911487394,2
1771108015323,3.199427519981815,-1.2748091316928054,-0.1335877879742316,2
1771108015424,0.44942746124304395,1.7003816770119038,-0.3215648792373772,2
1771108015531,-2.9875953927328047,1.282442721863941,0.5467557359250216,2
1771108015643,-2.8377862923459762,2.563931351678196,0.9885496069969301,2
1771108015749,1.5667938490170326,1.9341603760029287,0.31774808415180944,2
1771108015857,1.5410304821894503,1.9961831894216988,0.4475190903806865,2
1771108015965,1.485686953448718,1.997137281471385,1.2700381378358458,2
1771108016073,1.4341603265152592,0.7528625638239743,-0.42080152478171223,2
1771108016174,1.034351148023743,6.208015285685242,0.4551526538713956,2
1771108016286,-2.0133587673067534,1.5820610293593036,-1.1030534595639625,2
1771108016392,-0.24045801034948894,-1.4952289411626374,0.239503811578097,2
1771108016500,-2.5238550032797344,2.473282361674256,0.37499998375489924,2
1771108016608,-2.130725109466256,0.523854965411615,0.8339694593922891,2
1771108016716,0.39503815795412994,1.372137406374783,-0.7948473097652196,2
1771108016825,4.721373813300015,2.7404580176639985,-0.8291984655353293,2
1771108016933,0.9322518794848057,2.151717482436879,-0.5601145187245087,2
1771108017035,-2.1793893535289506,0.2776717624337745,-1.5677480477884245,2
1771108017135,-2.0019083820500505,-1.2986641009776039,-1.066793906251069,2
1771108017241,3.933205841573686,0.9837786131399703,-0.8520992360487358,2
1771108017351,4.916984454713656,5.233778446815779,-0.045801527686599786,2
1771108017451,-3.136450401069947,-2.5238550032797344,-1.1402671049265423,2
1771108017558,1.2795801255497652,-0.06393129767293998,-0.00954198437886607,2
1771108017667,2.4312976157330106,4.116412005680938,-1.176526658239436,2
1771108017775,-2.8559159622807173,-3.3358778375691562,0.01622137411108298,2
1771108017876,2.5438930707572593,0.9990457934822413,-1.82442741057115,2
1771108017984,2.07061069359027,1.5019083325623808,-0.10114503641701234,2
1771108018095,3.6660306124707662,3.522900796761976,0.8625954225340471,2
1771108018201,2.7853052531977136,-0.3454198485221756,0.2557251906917599,2
1771108018310,-3.4666029625281456,-2.8282443046320567,0.40267174812526546,2
1771108018417,7.541984527760936,3.4618320753928917,-0.7767175331087728,2
1771108018522,-5.397900635495192,2.0725190911330538,0.8549618323629117,2
1771108018626,-1.4303435314296913,-1.2099236152381538,0.41316793461057677,2
1771108018727,6.2566791028611135,-1.109732850963706,-1.1822518508677875,2
1771108018835,-4.742366399714049,-5.355915889553947,0.40553434443944125,2
1771108018944,3.0963740526714854,1.0582061173085415,0.7375953834817033,2
1771108019044,0.9608778426265638,-1.1536258877260295,0.7958015085366115,2
1771108019153,-1.9379771710884963,-3.55248085195342,0.18893129003453754,2
1771108019287,5.817748094907645,1.8311069086925993,-0.6297709756752673,2
1771108019361,8.167938921794047,1.9561068410232374,-0.742366377338663,2
1771108019469,0.40744274198222513,-1.2566793550363586,-0.24809160052062443,2
1771108019578,-3.7786258540516036,-1.729961838925054,1.9064885049108566,2
1771108019686,3.1908396243175816,-4.415076114404909,-0.2566793894631519,2
1771108019794,4.405534340134401,-1.8864504374333317,-0.3291984694085127,2
1771108019897,-0.2757633648909906,-1.1536258877260295,-0.7833969245085163,2
1771108020003,-3.6803432738765283,-2.628816654689436,0.9188930966853186,2
1771108020134,-4.707061151894253,-8.907442649457682,0.6040076088476849,2
1771108020220,9.733778572039688,-7.79961840948017,-0.2290076250927857,2
1771108020329,0.9332060782561976,-6.026717305677362,-1.7633587959237718,2
1771108020430,-2.8635495524518526,-6.508587578508585,-1.5333968920183147,2
1771108020536,6.4494274681256964,-1.7566794045240282,-1.0715649001080285,2
1771108020645,23.08778621552333,-9.507633569941504,-5.546755643832335,2
1771108020754,18.827290088640503,1.0696565025652447,-3.520992399219192,2
1771108020862,-12.668892712180819,-15.508588255843225,-2.2299617816910176,2
1771108020971,-6.4494274681256964,-14.891221117144113,-0.8416030495634245,2
1771108021083,-18.456106873290747,1.5133587178190842,2.453244294196731,2
1771108021181,1.7996182425149596,-6.526717461886737,-1.666984720013186,2
1771108021288,-20.19561091337313,-23.854961600835622,-0.9599236438551719,2
1771108021399,-9.482824615328726,-8.10209931328971,-2.3454197263077363,2
1771108021505,6.876908090822461,-15.363549188818004,-5.5362593506253175,2
1771108021613,6.8215647755251405,-8.708014786071649,-2.9589694295910465,2
1771108021721,-0.4217557235531042,-13.402671887546337,-1.745229019267325,2
1771108021830,-3.978053290550813,-27.44083994339629,-1.576335836730952,2
1771108021938,5.2958012602345494,-22.110686673617984,-7.405534423617007,2
1771108022047,1.4379771216008268,-15.980916327517116,-4.192747907392293,2
1771108022154,0.030534350679382087,-22.999999501668448,-5.120229113185256,2
1771108022280,-2.7270992348645113,-23.26908334175756,-3.4351145097939177,2
1771108022364,16.791984215983206,-10.730916181422558,-4.746183194799617,2
1771108022463,-14.575381217091675,-27.81774685727052,-2.4761450647101375,2
1771108022572,-29.780533196415206,-25.943701750917224,8.114503790596098,2
1771108022681,0.8387404532492487,-13.59637349108696,3.2891219910492455,2
1771108022789,5.09637382373534,-0.09446564501726877,3.6259540506288936,2
1771108022898,-1.7833969701230024,-8.355915973036552,-1.57538163795956,2
1771108023006,-6.360687089107952,-47.054388965890105,-8.47805341577472,2
1771108023121,-6.471374146589417,-34.78053219718802,0.8740458077907504,2
1771108023222,-3.8559158478126445,-16.2652673479485,0.41603053092475256,2
1771108023331,-5.143129883698663,-26.20133477886281,-5.276717284806711,2
1771108023439,-11.431297439294005,-30.211832321744833,-2.748091607835134,2
1771108023540,2.4818702573384894,-22.31011453700402,-4.875000135659234,2
1771108023649,10.850190921124844,-18.119274386824273,-4.600190889498356,2
1771108023756,3.0496182061515746,-17.506679842807706,-4.586831893255457,2
1771108023865,0.4761450268420182,-17.666984382627906,-7.861640796012118,2
1771108023973,-2.97041981484775,-14.04484712708458,-6.201335787563792,2
1771108024099,5.892175385632805,-21.06202211713654,-6.316793732180511,2
1771108024190,-2.0896946690181086,-24.687022075715745,-5.833015275249917,2
1771108024291,-5.930343336488482,-24.635495128617173,-6.007633330249523,2
1771108024401,0.6479007523317141,-20.223281717248145,-5.140267180662781,2
1771108024507,0.1393129806025832,-11.633588005715918,-3.3110686695129656,2
1771108024616,-4.166030341793318,-18.945611163179926,-2.258587744832776,2
1771108024716,-6.531488349021991,-5.596373979944715,-2.385496074706198,2
1771108024825,-1.3501908346327687,-13.164121554368117,-2.955152634505479,2
1771108024933,10.215648417984088,-5.288167670063414,-4.565839733728247,2
1771108025042,8.280534590261707,-8.93225160407046,-4.676526791209711,2
1771108025150,-10.751907914062945,-10.795801270990385,-0.9093511089713991,2
1771108025250,-9.548664223833063,-4.431297813683689,1.4427481154577866,2
1771108025360,12.71564877214414,-6.088740545982955,-1.9980915869644826,2
1771108025467,4.937977041127691,-3.9112595899967886,0.0333969469935579,2
1771108025567,4.045801510041346,-8.737595481593328,1.51622131413326,2
1771108025675,-6.002862443114269,-11.568702062374443,-2.2604961423755596,2
1771108025783,-0.39790075426830573,5.0209924409604945,-5.150763473869798,2
1771108025884,-4.798664233947879,-4.492366535052773,-3.7137403375969518,2
1771108025992,-3.8950383176048313,0.018129769986340204,-1.3158396788626587,2
1771108026101,1.1488548938690697,-7.136450156641068,-0.14217557691675903,2
1771108026209,7.009541826767647,3.4589693723570103,-1.0276717566239995,2
1771108026317,9.731870387940315,-0.08778626028763181,-0.8692748139337907,2
1771108026418,-3.1736640464325268,-1.2719465353786297,0.29007631978144327,2
1771108026526,-3.4942748336202176,-3.178435147011192,0.22041984949047147,2
1771108026635,-1.221374000494857,3.2938930916279108,-0.004770992189433035,2
1771108026744,-1.2290075906659925,-1.6469465458139554,-2.267175640497009,2
1771108026852,-5.087786141514519,-10.813931154368538,1.188931242267531,2
1771108026959,-4.142175479230226,-3.5620228396673395,0.8301526643067213,2
1771108027060,10.480915889874458,3.259541935857801,-1.979007611536644,2
1771108027168,-3.812022917772027,-3.2251907800876913,0.6660305289881608,2
1771108027296,-1.4389313203722187,0.26622137717707123,-0.6421755597033625,2
1771108027385,3.1202289152345783,-1.60973279372967,0.254770991920368,2
1771108027493,1.1326336214771127,-3.9055341839250253,0.14790075620489743,2
1771108027602,-5.333969211090227,-0.9914122033111058,0.3816793751546428,2
1771108027711,-6.062977072433667,6.739503894628846,-0.28435115383351806,2
1771108027819,11.489503457627206,2.3864503801992956,-2.885496230915573,2
1771108027927,4.6192748649261945,-0.6068702051618607,-1.3959923756595816,2
1771108028028,-3.2127863027813017,0.8921755844471972,0.254770991920368,2
1771108028137,1.773854982409083,-0.788167918365476,-2.1898854332925564,2
1771108028244,6.104007726325227,3.9522898170015246,0.30820609643789004,2
1771108028353,-4.691793971551982,-7.191793898825212,0.7070610761580142,2
1771108028461,2.978053405018885,1.7967557529224896,0.7108778712435819,2
1771108028570,-3.307251874427398,-4.448473178125332,1.795801447429392,2
1771108028679,-1.7337786340106218,0.8244274716783696,1.4875953509915019,2
1771108028787,0.1727099242610878,2.6383586424033556,1.5095419227335163,2
1771108028887,-3.4770992557351628,-0.015267175339691044,0.3215648792373772,2
1771108028995,-2.750954097427604,-3.984732788672262,-0.880725199190494,2
1771108029108,-2.624045767554182,0.2442748054350567,-2.1679389682722476,2
1771108029206,-4.039122011919897,0.05534351206546585,-1.5009541337909889,2
1771108029313,0.35877863132166277,4.19083972329292,-1.997137281471385,2
1771108029421,-1.8816793368546663,-4.082060849910828,-2.56870223881345,2
1771108029521,-8.837785818980953,2.659351015373978,0.9208014942281024,2
1771108029629,-1.4494275068575302,0.26049618454871964,0.912213705285575,2
1771108029737,6.854961839245564,-0.6259541805896995,-0.0772900738023205,2
1771108029838,-1.7786259762660428,5.920801562217974,0.2108778617765521,2
1771108029946,0.679389311787648,-5.9265265414029145,0.37499998375489924,2
1771108030047,-5.930343336488482,-0.2232824458046473,1.4083969596876769,2
1771108030155,-0.18034351443222332,-2.0658395930116042,0.5534351273247652,2
1771108030291,-9.758587526652466,-1.5524808674461537,0.68034351055904,2
1771108030372,1.5438930785036262,2.9761450074761013,-1.5066793264193405,2
1771108030481,-3.6812977928130373,-2.937022751127326,-1.5887404207590472,2
1771108030588,1.4379771216008268,3.5114504115052725,-0.4646946415853149,2
1771108030697,1.5687022465598166,-0.9255724880850621,-1.5362594883324907,2
1771108030806,-2.8826335278796913,0.8711832114765746,0.21374045809072792,2
1771108030913,-6.848282341124115,1.637404558100036,0.012404579859278557,2
1771108031023,4.504771012359162,-1.6278625703861167,-1.0601145148513254,2
1771108031133,3.381679378595969,-2.8511450751454634,-0.07442747748814468,2
1771108031239,3.938931247645449,4.543893055264526,0.07156488117396888,2
1771108031348,-1.328244262890754,-4.754770877020438,0.16889312917552007,2
1771108031456,-6.196564900428538,-5.5391220536612,-0.14790075620489743,2
1771108031564,3.7938930343938746,3.4694656655640275,0.3912213628685622,2
1771108031673,0.2232824458046473,0.30438930135232234,-0.8406488507920326,2
1771108031781,-3.729007517939223,-2.3482824293436177,1.1145038448206657,2
1771108031882,-7.376908247031837,-2.885496230915573,-1.0152671725959042,2
1771108031990,-1.8797709393118824,-4.458969471332349,0.7786259306515566,2
1771108032098,0.48187021947036984,3.8969465017042038,0.7719465392518131,2
1771108032206,3.2318702782091404,4.220419991927776,-0.21278625931933598,2
1771108032307,1.8664121565123952,-0.8463740434203842,-0.12977099288866384,2
1771108032416,-1.0152671725959042,-0.8263358692211535,1.5076335251907325,2
1771108032524,2.56870223881345,0.6412213609319705,-1.236641180837128,2
1771108032632,3.7127862455472656,3.507633616419705,0.8101144901074906,2
1771108032741,-2.331106851458563,-2.6383586424033556,1.4169847486302043,2
1771108032849,4.202290108549624,0.43797710266676715,0.6240457830469156,2
1771108032957,0.9093511089713991,2.193702228378124,1.3835877916314865,2
1771108033066,-2.6049617921263435,3.5553435549893018,0.3416030534366079,2
1771108033174,-7.756679571489239,0.4103053382964009,2.9446563412984617,2
1771108033292,-10.365457518370915,2.317748068659076,1.4417939166863947,2
1771108033383,5.572519117381623,-4.083969460897023,-0.5066793875265602,2
1771108033491,3.520038093726094,1.2251907955804247,-0.9198472954567105,2
1771108033600,0.4122137358391848,-0.22041984949047147,-0.41793892846753644,2
1771108033701,-4.249999833675809,3.714694429646638,0.2881679222386594,2
1771108033809,0.9370228733417654,-2.053435115705215,0.5916030248195897,2
1771108033916,-0.37213738744072344,1.1870228447247473,0.041984732601032033,2
1771108034025,3.573473224924043,3.8406486674703735,-0.5496183322391974,2
1771108034134,2.7146945441147103,0.9723282278832671,0.6564885412742415,2
1771108034243,3.729007517939223,-1.836832101320951,-0.7805343281943405,2
1771108034351,1.899809220232819,1.666030521241794,-2.0019083820500505,2
1771108034460,3.387404571224321,-3.332061042483588,-0.4322519100384155,2
1771108034567,1.062977111165501,2.2356869743193695,-0.6574427400456334,2
1771108034676,3.0095418577531134,-1.5400762834180584,1.8540076792060058,2
1771108034785,0.29770990995257873,0.0,-0.47328243052784236,2
1771108034894,1.5324426932469228,-1.0372137443379188,0.3234732767801611,2
1771108035001,12.28244231648879,2.0486640151265494,-1.806297740636409,2
1771108035110,2.224236589062666,-0.4561068526427875,-0.15648854514742488,2
1771108035210,-6.168893242779879,2.9083970014289795,1.7423664229531493,2
1771108035311,-4.8883587050153094,-4.611641274755059,-0.4293893137242397,2
1771108035418,-0.7643129490806776,-8.160305331622911,-1.110687049735098,2
1771108035528,3.4074426387018457,-0.6564885412742415,-1.160305279125773,2
1771108035635,18.34637305408532,1.57538163795956,0.23759541403531312,2
1771108035744,13.788167764301855,1.253816758722183,-2.7299617244569814,2
1771108035844,13.134541712620084,-6.649808996674592,-0.9007633200288717,2
1771108035952,-29.661257602939273,-7.124045679334679,4.206106903635192,2
1771108036090,-8.030534298713608,-3.724236630803969,0.9217556929994943,2
1771108036161,-0.7681297441662454,3.105916040385405,0.5429389408394538,2
1771108036300,-7.25763350732955,1.5515266686747615,-0.9685114327976994,2
1771108036378,1.7547710069812443,3.3835877761387527,0.0667938939871158,2
1771108036487,-7.255725323230178,-3.1555343764977857,1.8988549147397211,2
1771108036595,-4.489503832016891,-0.03625953997268041,-0.22614502877860987,2
1771108036696,4.27767149132447,2.145038197758841,0.07251907994536082,2
1771108036804,6.763358757191938,0.42461831986728,-1.1784350557822199,2
1771108036905,7.228053665581517,2.9417938517059916,-0.48282441824176175,2
1771108037012,-3.819656507943163,0.30343510258093037,0.742366377338663,2
1771108037122,6.664122084967176,-1.221374000494857,-0.5438931396108457,2
1771108037221,-5.001908465532656,-2.9417938517059916,0.18416029617757784,2
1771108037330,4.042938807005465,-0.7509541662811904,0.8759542053335343,2
1771108037437,5.7061069453764945,3.0047709706178596,-0.022900763843299893,2
1771108037546,4.993320356425011,-1.4446565130005704,-2.3730915973998084,2
1771108037654,5.570610506395427,-3.520992399219192,-0.5391221457538861,2
1771108037763,-3.292938786134813,4.495228811201831,-0.7223282565002852,2
1771108037871,-2.487595449966841,-4.545801666250721,0.42748091618145584,2
1771108037979,12.293893128632316,-4.407442524233773,-2.533396990993654,2
1771108038080,-2.0458015255340793,6.0410303939699475,0.14599235866211357,2
1771108038188,-5.102099229807104,-1.7309160376964459,-0.28435115383351806,2
1771108038299,0.6612595351312012,9.12499954244822,-0.10496183150258008,2
1771108038405,11.339694357240377,2.4866411444737433,-1.1192748386776254,2
1771108038513,5.419847313958913,-4.183206133121785,0.1774809181180475,2
1771108038622,-5.611641160286987,8.031488817650118,1.3206106727196185,2
1771108038731,-2.000954076556953,-6.820610683475454,2.2299617816910176,2
1771108038838,13.014312453981288,9.333015514941897,0.5601145187245087,2
1771108038947,4.488549739967205,-9.605915723229757,-0.09923663887422846,2
1771108039056,-7.697519034219527,8.980915848133154,0.7480915699670146,2
1771108039160,8.108778384524335,6.626908226161185,-0.5620229162672926,2
1771108039264,-0.01622137411108298,2.1946565338712216,0.05248091575129004,2
1771108039372,-1.7996182425149596,-4.396946657913579,1.1230916337631933,2
1771108039480,5.102099229807104,6.614503748854796,0.6622137339025931,2
1771108039581,-13.653625844257299,0.270038172262639,3.3062975689343004,2
1771108039689,-3.6727096837053925,6.020992326492422,1.8616412693771414,2
1771108039790,9.291030342113828,0.41316793461057677,-1.3797709965459186,2
1771108039898,-1.3692748100606074,1.8444656914920865,-0.6297709756752673,2
1771108040006,-9.972328051444261,-5.037213713352452,0.49332060472707306,2
1771108040135,-11.085877697493535,-2.16698466277915,1.1049618571067463,2
1771108040215,-2.8606870628593826,-2.458015181331985,1.470419773106447,2
1771108040323,-6.751908371935235,1.1498090926404616,-0.2442748054350567,2
1771108040424,10.291984319695443,-2.2442748699836024,-2.2299617816910176,2
1771108040532,-4.379770866585113,2.5343510830433402,1.3788167977745267,2
1771108040642,-12.3549618500014,-1.6326335642430763,0.8120228876502744,2
1771108040748,5.40171743058076,2.3559160195147535,0.11832060763196059,2
1771108040850,7.052480664758578,-1.5238549043043954,0.3998091518110896,2
1771108040957,-4.443702290990078,-1.1154580435920578,2.299618185280923,2
1771108041066,-6.225190650126885,2.8912214235439246,0.6431297584747544,2
1771108041176,4.603053165647414,2.6335877552681017,-0.4646946415853149,2
1771108041305,-3.0372137288451855,0.6431297584747544,1.126908428848761,2
1771108041383,-7.636450312850443,-4.333015233508614,0.10496183150258008,2
1771108041493,-3.325381544362139,0.05534351206546585,1.7643129946951637,2
1771108041600,6.192748105342971,-4.958969200654901,-1.5868320232162634,2
1771108041700,-7.3606865477530565,-2.0916030665608925,-0.0028625954804124866,2
1771108041810,0.4332061088098074,-3.8635494379837803,-0.9055343138858314,2
1771108041916,10.516221137694254,-4.862595231466021,-0.8110686888788825,2
1771108042026,2.9751907019830037,6.435114379833111,-2.087786271475325,2
1771108042128,-10.214694752821224,-2.2557252552403058,-0.06393129767293998,2
1771108042234,6.008587849186033,3.018129753417347,-2.336832044086915,2
1771108042334,13.181297772583406,-3.556297647038988,-1.470419773106447,2
1771108042442,-2.207061011177611,1.3616412198894718,-0.1440839611193297,2
1771108042551,-0.5601145187245087,1.6440839494997797,0.9980915947108494,2
1771108042659,5.429389088229421,-4.847328051123751,-0.4465648916092946,2
1771108042768,8.65839687684609,0.060114502587372234,-0.7624045515378937,2
1771108042876,-5.13167949844196,4.900763182321699,0.6164121928757801,2
1771108042984,-7.906488671876068,-2.487595449966841,1.7061068696402555,2
1771108043102,-5.516221283147793,-6.090648730082328,0.7776717318801647,2
1771108043193,0.741412178567271,-2.317748068659076,3.060114499358592,2
1771108043321,6.178435017050386,4.460877655431721,-1.0257633590812156,2
1771108043410,3.1288168108988113,8.608778113846888,-0.8778626028763181,2
1771108043520,-14.391220534047914,5.669847178620189,2.965648714269084,2
1771108043626,-23.788167473394775,-9.535305227590165,5.557251937039352,2
1771108043727,-5.764312963709696,7.43797696840092,2.8979007082219623,2
1771108043837,23.146945899019393,1.746183218038717,-1.9694656238227246,2
1771108043943,14.797708997217468,4.870228821637157,-3.226145085580789,2
1771108044044,3.587786099773216,1.6917938880693764,-0.3778625800690751,2
1771108044146,-8.974236776898529,-1.0839694841361238,0.8501908385059519,2
1771108044253,1.653625937213699,5.959923605123338,0.6469465535603222,2
1771108044361,2.965648714269084,-4.2996181697881894,0.6774809142448641,2
1771108044470,-14.144083799309342,-0.23664121526392118,1.5019083325623808,2
1771108044578,-6.796755820912361,-0.9599236438551719,1.1230916337631933,2
1771108044687,3.210877905238518,1.865458064462709,-0.26145038332011156,2
1771108044794,8.14122092930825,2.611641076804381,0.07156488117396888,2
1771108044903,5.9685112873441595,-2.704198464351105,-1.4952289411626374,2
1771108045011,-0.03435114576494984,-2.784351161148028,-1.2576335538077505,2
1771108045125,5.155534361005052,-5.123091389334315,-0.4875954120987214,2
1771108045228,2.2185113964343146,0.4513358587858278,0.03244274822216596,2
1771108045336,-0.16030534023299262,0.8606870249912633,0.41889312723892835,2
1771108045445,-2.981870200104453,-2.5963741099055215,0.7977099060793954,2
1771108045546,-6.263358600982563,4.421755612526358,-0.6402671621605786,2
1771108045653,-2.9484731363840293,-0.6708015228451206,-1.5687022465598166,2
1771108045754,-11.112594836205686,1.2242365968090327,1.578244234273736,2
1771108045862,-5.306297553441567,-2.4847327469309595,1.2003816275242343,2
1771108045970,5.1106869120279255,1.515267115361868,-0.2652671784056793,2
1771108046079,8.616411704018024,-0.4427480965237268,-0.22805342632139375,2
1771108046180,-8.139312745208878,-1.744274820495933,-0.32633587309433687,2
1771108046316,0.587786229734022,0.5047709899837763,-0.6145037953329963,2
1771108046395,0.1498091537476813,2.535305388536438,-1.9208015932034415,2
1771108046496,-2.907442695935882,-1.0601145148513254,-1.590648818301831,2
1771108046605,-2.6946564766371854,-0.3645038239500144,-0.40744274198222513,2
1771108046714,-1.0333969492523511,2.8148855218325695,0.40267174812526546,2
1771108046816,-4.882633725830369,-4.122137411752701,0.1879770912631456,2
1771108046921,-2.734732825035647,-0.4036259468966574,-1.542938879732234,2
1771108047031,1.48664115222011,-1.7414122241817571,-2.100190748781714,2
1771108047138,5.241412036986915,-1.9532443514307674,-1.7280534413822701,2
1771108047247,7.306297751392245,2.856870267773815,-2.0438931279912955,2
1771108047356,-5.396946543445506,0.3874045677829944,0.06583969521572386,2
1771108047463,-2.8864503229652594,0.3816793751546428,-0.6393129633891866,2
1771108047564,3.6832059769124097,1.0057251848819848,-0.39790075426830573,2
1771108047672,-5.313931143612702,1.0582061173085415,-0.11736640886056866,2
1771108047774,-0.5916030248195897,-2.304389285859589,-0.23664121526392118,2
1771108047880,13.263358226592878,0.23854961280670506,-2.612595382297479,2
1771108047989,10.762404207269961,2.9255725793140344,-1.729961838925054,2
1771108048104,10.915076010692673,-0.8759542053335343,-1.666984720013186,2
1771108048206,0.31774808415180944,1.2356869820657361,0.6832061068732158,2
1771108048319,1.0715649001080285,-2.558206159049844,-0.9761450229688349,2
1771108048414,-4.5286258749222545,-0.03148854945077403,3.2652671284861525,2
1771108048515,4.358778707057901,-4.561068419706169,0.10209923518840426,2
1771108048623,10.118320783632344,-3.9809159935866942,-1.1154580435920578,2
1771108048732,2.3215648637446438,2.204198521585141,-0.23568701649252924,2
1771108048840,-3.8597326428982126,-4.331106622522418,-0.17843511688943944,2
1771108048948,-0.14790075620489743,-3.5601144421245556,0.23664121526392118,2
1771108049056,0.5982824162193333,4.941793836213258,0.8778626028763181,2
1771108049166,5.057251780829977,-7.496182986734123,3.0372137288451855,2
1771108049273,1.7032442733260797,-3.0772900772436467,1.5267175006185711,2
1771108049374,-0.11164122290232364,-6.442747970004247,-1.251908361179399,2
1771108049483,14.874999417865332,7.047709777623324,-4.7690839653130235,2
1771108049590,-7.653625677292087,-9.469465619085828,0.09923663887422846,2
1771108049698,1.8425572939493027,5.974236693415923,-0.5706106518489671,2
1771108049799,-0.6125953977902123,-1.5858778244448715,2.0639311954688204,2
1771108049909,6.048663984141083,-1.1278626276201529,-3.0524809091874565,2
1771108050008,-4.147900885301989,-0.07919847134510438,0.7166030638719336,2
1771108050116,-7.55915989220258,-2.9236641817712505,-0.4236641210958881,2
1771108050216,4.832060870781479,-0.19274808512010527,-0.7080152749294062,2
1771108050325,-1.7423664229531493,-0.8005725023935711,0.11832060763196059,2
1771108050434,-2.427480820647443,-0.041984732601032033,0.2519083956061922,2
1771108050541,8.976144960997901,1.2938931071206443,-2.239503769404937,2
1771108050650,12.099236152381538,2.0314884372414945,-2.495229040137976,2
1771108050760,-0.6536259449600657,-4.407442524233773,0.6507633486458899,2
1771108050867,-2.1545801854727604,2.3835876771634137,0.26622137717707123,2
1771108050975,-2.8167939193753537,-1.7194656524397427,0.08206106765928019,2
1771108051084,-2.071564785639956,0.020992366300516017,-0.1393129806025832,2
1771108051184,4.821565004461285,3.3301526449408043,0.9551526499982121,2
1771108051292,4.232824469234166,-4.2041982926489965,-0.4036259468966574,2
1771108051401,1.3998091707451494,4.608778571719178,-0.19274808512010527,2
1771108051509,-7.57442707254485,2.520038208194167,0.9541984512268202,2
1771108051618,-2.7757632654837945,-0.36354962517862244,-0.011450381921649946,2
1771108051726,-0.7557251601381502,-2.0162212568992235,-0.06393129767293998,2
1771108051836,1.1507632914118535,-5.604007570115852,0.5477099346964135,2
1771108051943,4.319656237265715,-0.31488548783763365,1.3368320518332815,2
1771108052053,-2.351144918936088,-4.497137422188027,1.885496131940234,2
1771108052153,-4.59828227851216,-8.21374046282086,0.2528625943775841,2
1771108052261,-2.3807251875709436,-2.4437023064828116,-1.0162213713672963,2
1771108052368,-3.5944655978946654,-5.597328071994402,-1.5219465067616116,2
1771108052476,-2.9217557842284667,1.4475191093147461,-1.9914120888430333,2
1771108052585,-4.6612596108674405,4.124045595852073,-0.7318702442142045,2
1771108052693,3.2156487923737718,3.106870132435091,-1.1173664411348416,2
1771108052801,3.927480862388746,5.932251947474678,0.5486641334678054,2
1771108052902,5.746183080331544,-2.4312976157330106,-1.529580096932747,2
1771108053005,-9.839694315499075,1.0171755701386882,2.1984733289567897,2
1771108053116,-8.087785798110302,-0.6937022933585271,4.192747907392293,2
1771108053219,-3.6965649731553083,0.3883587665543864,1.2480915660938312,2
1771108053343,-10.480915889874458,3.564885542703221,0.4541984551000036,2
1771108053436,-1.0114503775103365,4.397900749963266,-1.3769084002317429,2
1771108053546,6.367366160342578,-4.58301509816989,-0.1822519119750072,2
1771108053653,8.499999667351618,1.714694658582783,0.4293893137242397,2
1771108053761,7.058206070830341,-4.63931293240372,0.9780534205116187,2
1771108053869,-0.01717557288247492,-0.9914122033111058,0.6832061068732158,2
1771108053978,-3.5725191328743566,2.2022901240423574,0.4685114366708827,2
1771108054080,-3.4646945649853618,3.385496173681537,1.3368320518332815,2
1771108054186,-2.545801468300043,1.4904579473056776,0.6211831867327399,2
1771108054295,11.708014869554255,-5.186068721689594,-1.8692748595482769,2
1771108054403,0.3454198485221756,-0.6087786027046447,0.22996182386417763,2
1771108054512,-6.192748105342971,-1.683206099126849,-0.6125953977902123,2
1771108054624,-8.083014910975047,-0.05438931329407391,-1.8921756300616834,2
1771108054728,-7.100190816771586,0.13454198674562354,-0.9103053077427912,2
1771108054829,-1.9379771710884963,2.22328249701298,-0.523854965411615,2
1771108054937,3.5944655978946654,2.2557252552403058,-0.4475190903806865,2
1771108055045,-1.188931242267531,2.290076197567004,1.5601144576172892,2
1771108055154,1.9036260153183866,-6.981870169118986,-0.5744274469345348,2
1771108055262,-1.666984720013186,-0.023854960947165174,-0.6908396970443512,2
1771108055371,-6.474236422738475,0.41316793461057677,0.5305343568113586,2
1771108055480,0.4217557235531042,-0.7919847134510437,-1.0267175578526075,2
1771108055588,-1.8635496669199252,4.201336016499938,2.2490457571188562,2
1771108055696,-2.902671808800628,-6.093511433118209,1.1412213036979342,2
1771108055805,5.166984746261756,5.750953967466798,-2.0181296544420078,2
1771108055914,1.6631679249276183,-1.2604961501219265,-0.9246182893136702,2
1771108056022,3.0944656551287015,5.1040074139064755,0.09637404256005264,2
1771108056130,-2.473282361674256,-2.8177480114250395,-1.4895037485342857,2
1771108056240,-0.24332060666366476,5.516221283147793,-0.772900738023205,2
1771108056348,5.35209909446838,-3.103053337349523,-0.9465648610556847,2
1771108056456,12.046755540120099,2.2776717202606145,-0.6669847277595529,2
1771108056564,-0.5305343568113586,3.908396886960907,0.9332060782561976,2
1771108056672,-12.098282487218674,-3.277671605792542,0.36164122763583856,2
1771108056774,1.251908361179399,1.1564884840402052,-0.08874045905902375,2
1771108056881,2.141221402673273,-3.3062975689343004,-0.5324427543541425,2
1771108056989,8.142175448244759,-3.196564816945933,-1.3043892936059556,2
1771108057108,3.5791984175523943,3.134542003527163,1.1975190312100585,2
1771108057214,-8.746182736927327,-4.297709985688818,1.4770991645061904,2
1771108057346,-1.3053434923773475,3.674618294691588,0.5267175617257909,2
1771108057432,1.2280533918946006,-0.4589694489569633,0.6612595351312012,2
1771108057541,1.1020992607925706,-9.124045877285358,1.3931297793454058,2
1771108057648,-12.87977053393673,-5.625954248579571,2.7032441588580074,2
1771108057757,-6.30152655183824,0.6230915842755237,2.7748091734341083,2
1771108057865,2.392175572827647,4.99427487536152,-0.041984732601032033,2
1771108057973,-5.189885516775162,7.513358351175766,0.09255724747448489,2
1771108058118,17.952289921995803,0.725190852814461,-2.6020993025338734,2
1771108058190,14.564884923884659,-1.0381679431093107,-4.239503540468792,2
1771108058299,8.708969305008159,-2.6698473085809953,-2.2204197939770984,2
1771108058407,-15.862595252977693,6.3406485947436035,2.166030570729464,2
1771108058516,-5.431297699215616,-6.625954134111499,-1.110687049735098,2
1771108058623,10.81297663543203,-3.902671907775967,-2.37881679002816,2
1771108058733,9.762404748624858,11.645992483022308,-3.0877861570072525,2
1771108058840,-2.3759540869922784,-10.564885381756948,1.51622131413326,2
1771108058941,-1.654580135985091,8.063931362434031,0.6812977093304319,2
1771108059050,0.8253816704497615,-14.999045898476519,2.9484731363840293,2
1771108059150,1.0324427504809592,1.8425572939493027,1.5534350662175456,2
1771108059258,-0.6822519081018238,1.0276717566239995,1.852099281663222,2
1771108059359,-5.653625906228232,-9.681297959778249,0.012404579859278557,2
1771108059467,1.9389312631381825,9.582061287553486,1.0935114718500432,2
1771108059576,-10.825381112738418,-8.139312745208878,2.6374045503536694,2
1771108059683,10.437977051883527,-7.272900687671822,-1.775763379951867,2
1771108059792,-1.2700381378358458,14.445611037956018,0.8721374102479665,2
1771108059901,-2.2051526136348274,-3.7671754687949,0.20896946423376822,2
1771108060008,0.7337785883961355,5.789121918322476,1.404580164602109,2
1771108060120,3.5066793109266072,2.6450381405248047,0.3740457849835073,2
1771108060225,1.7833969701230024,-2.0791983758110915,0.8549618323629117,2
1771108060355,6.388358746756612,-0.834923658163681,-1.432251928972475,2
1771108060433,-3.674618294691588,-2.0667938985047023,-0.46278624404253105,2
1771108060534,1.452290103171706,-1.6793893040412813,-0.4999999961268166,2
1771108060643,-0.7223282565002852,-4.714694742065388,-0.6917938958157432,2
1771108060743,2.7003816692655374,0.07156488117396888,-1.125954230077369,2
1771108060851,-0.540076344525278,1.8559160767487897,-0.9074427114286153,2
1771108060960,-0.32633587309433687,-1.8616412693771414,-0.12690839657448802,2
1771108061093,0.9723282278832671,0.01908396875773214,0.03148854945077403,2
1771108061169,1.359732822346688,-2.439885511397244,0.5524809285533732,2
1771108061278,6.666984788003059,0.448473262471652,-0.13454198674562354,2
1771108061387,9.338740067240014,0.6736641191592964,-0.24332060666366476,2
1771108061493,2.6354961528108856,-0.6211831867327399,0.10877862658814783,2
1771108061603,0.10209923518840426,-0.21946565071907953,1.3015266972917798,2
1771108061702,-2.8540075647379335,0.5667939101242523,0.5114503813835198,2
1771108061810,-0.4589694489569633,1.177480857010828,-1.064885508708285,2
1771108061918,-0.15648854514742488,0.9570610475409961,-1.3196564739482266,2
1771108062019,-1.3244274678051862,1.48664115222011,-0.4446564940665107,2
1771108062126,1.066793906251069,-2.3435113287649525,0.03721373874407234,2
1771108062229,-2.560114556592628,3.547709964818166,0.448473262471652,2
1771108062365,0.741412178567271,0.8196564778214099,0.5229007666402231,2
1771108062446,1.3253816665765783,0.6927480945871352,1.0725190988794204,2
1771108062545,-1.5353052895610988,-3.138358798612731,1.0095419799675527,2
1771108062653,-3.4198473294516467,-1.6011450047871423,-0.8101144901074906,2
1771108062761,1.7671755910093396,0.7452289736528388,-1.4303435314296913,2
1771108062870,-4.77958025852004,-1.561068656388681,0.2986641087239707,2
1771108062978,-2.7576335955490534,-3.535305274068365,-1.125954230077369,2
1771108063111,1.729961838925054,-1.1374046153340722,-0.9007633200288717,2
1771108063187,0.9828244143685784,2.0772899782683076,0.394083959182738,2
1771108063295,-2.716602941657494,0.6879771007301755,-0.9045801151144395,2
1771108063407,1.7585878020668122,5.111641004077612,-1.5982824084729665,2
1771108063506,13.96469485717448,-2.7118320545222403,0.04770992189433035,2
1771108063612,3.447518987100307,0.5677481088956442,-2.4284351261405406,2
1771108063720,-4.182252041072099,0.19465648266288915,0.2881679222386594,2
1771108063829,-2.1173663266667693,-3.2662212205358387,-2.390267175284863,2
1771108063937,-4.551526645435661,-1.9723281134151947,-0.10114503641701234,2
1771108064046,-0.9131679040569669,1.6555343347564828,-0.9656488364835235,2
1771108064155,-2.915076286107017,1.435114525286651,0.13549618551701548,2
1771108064263,10.353053041064527,-3.027671741131266,-1.9379771710884963,2
1771108064366,2.59351140686964,2.518129810651383,-0.041984732601032033,2
1771108064471,-10.642175802404813,-6.80629759518287,0.8540076335915197,2
1771108064589,-8.091603020082692,-3.709923542511384,0.18893129003453754,2
1771108064680,4.5467557583004075,-1.7395038266389733,0.664122131445377,2
1771108064789,-0.741412178567271,0.8043892974791389,0.3645038239500144,2
1771108064897,4.499045606287399,3.478053347784849,-1.0400763406520945,2
1771108065006,-13.289121700142166,5.953244107001889,0.1288167941172719,2
1771108065125,-12.70133611073838,-10.674618347188726,-1.1192748386776254,2
1771108065231,2.829198396681743,2.764312880227091,0.6469465535603222,2
1771108065349,1.7700381873235154,9.428434965194267,0.5658397113528604,2
1771108065447,-7.768129529859119,6.933205925056291,2.291984595109788,2
1771108065555,4.716602926164761,-0.17557252057526362,1.372137406374783,2
1771108065656,4.790076124840234,5.447518971607574,0.29484731363840294,2
1771108065767,9.622137422508537,6.536259236157245,-0.34923664360774337,2
1771108065873,9.163167493303897,0.8416030495634245,0.3711831886693315,2
1771108065975,-4.152671772437243,0.8444656458776003,2.2156489068418446,2
1771108066081,-4.155534475473124,0.7452289736528388,1.8349237037781672,2
1771108066183,-9.033396460394593,0.34064885466521594,0.8158396827358422,2
1771108066289,-0.23568701649252924,-0.8158396827358422,0.21564885563351177,2
1771108066391,-0.8778626028763181,-0.02671755726134099,0.555343524867549,2
1771108066501,0.31583968660902556,0.632633571989443,-0.2910305185528352,2
1771108066607,0.4761450268420182,-3.0925572575859177,0.40458014566804934,2
1771108066716,0.6498091498744979,0.6269083793610915,-0.05820610504458836,2
1771108066824,8.45038175812606,-1.3979007732023654,-1.48664115222011,2
1771108066933,-3.1202289152345783,0.9532442524554283,0.21755725317629565,2
1771108067033,0.2576335882345438,0.7958015085366115,2.0639311954688204,2
1771108067142,3.2519083456866653,0.7595419552237179,-1.4169847486302043,2
1771108067249,-6.194656289442343,-1.5811068305879117,0.8740458077907504,2
1771108067358,6.33015272842341,-11.140267347627992,-1.9694656238227246,2
1771108067458,5.382633455152922,-1.4246183388013398,-0.2862595246958755,2
1771108067566,8.049617847254623,4.149809069401361,4.817748209375718,2
1771108067674,-3.691793659133231,15.633587547843629,3.4742365526992813,2
1771108067775,-6.823473386511336,-1.1040076583353544,1.5505724699033696,2
1771108067882,1.4790075620489744,-0.588740428505414,-0.5085877850693441,2
1771108067983,-2.952289931469597,6.73759528364265,-1.1784350557822199,2
1771108068114,1.0095419799675527,-2.071564785639956,-1.7862595664371783,2
1771108068199,0.7108778712435819,-2.351144918936088,1.0391221418807026,2
1771108068309,4.818702301425404,1.7061068696402555,0.42461831986728,2
1771108068416,-0.18034351443222332,0.4809160206989779,0.9608778426265638,2
1771108068517,0.2643129796342874,-1.2041984226098021,-0.509541983840736,2
1771108068627,-0.29293891609561906,0.9809160168257945,-0.10973282535953977,2
1771108068727,-6.891221179115046,-1.3559160272611201,0.8406488507920326,2
1771108068834,-5.355915889553947,1.1832060496391794,2.2223281915198823,2
1771108068942,6.100190931239659,2.829198396681743,-1.5963740109301827,2
1771108069051,0.9675572340263073,-4.165076249743633,-0.005725190960824973,2
1771108069159,-6.309160142009376,1.4599236933428414,1.8196565234358961,2
1771108069260,-3.137404493119633,1.3940839781167977,-1.902671709825289,2
1771108069368,-1.1307252239343286,0.2996183074953626,-0.18034351443222332,2
1771108069477,-4.866412026551589,2.3568701115644397,1.188931242267531,2
1771108069584,3.0066793681606434,2.128816711923472,-1.895992425147251,2
1771108069694,7.289122386950601,-5.435114494301184,-2.2643129374611273,2
1771108069801,2.2958013901953556,1.4007633695165413,-2.4303435236833244,2
1771108069910,-16.091602958111757,2.809160329204218,0.6679389265309448,2
1771108070018,-4.714694742065388,0.4561068526427875,-1.4122137547732445,2
1771108070127,7.7414123911469686,0.6440839572461463,0.2757633648909906,2
1771108070238,7.690839962984901,-1.0467557320518381,1.2776717280069814,2
1771108070378,1.0286259553953914,3.2585876303647034,-0.027671756032732926,2
1771108070445,0.6011450125335092,-2.917938989142899,-0.5925572235909817,2
1771108070553,6.0057251461501515,0.7108778712435819,-0.632633571989443,2
1771108070661,-3.8435113705062554,6.162213744658429,0.05248091575129004,2
1771108070770,-2.947519044334343,0.36068702886444665,0.7089694737007981,2
1771108070877,-2.251908460154738,1.0887404779930834,1.174618260696652,2
1771108070988,9.385496127203336,-1.3530534309469444,-0.23091602263556957,2
1771108071102,10.353053041064527,-2.0725190911330538,0.39312976041134606,2
1771108071195,0.024809159718557114,0.7757633343373808,-0.3568702337788789,2
1771108071303,-7.544847230796818,2.4456107040255954,1.7166030561255667,2
1771108071412,0.5162213752404796,1.206106820152586,-0.007633587669845522,2
1771108071520,-2.958015124097949,0.14599235866211357,-0.3425572522079998,2
1771108071629,2.9599235216407327,-3.1125953250634426,-0.5906488260481978,2
1771108071737,1.174618260696652,3.968511516280305,0.3473282460649595,2
1771108071845,-0.5543893260961571,0.0515267169798981,1.0543893222229737,2
1771108071953,-1.961832033651589,-1.1364504165626803,0.695610690901311,2
1771108072054,-0.8874045905902375,0.4532442563286117,0.6001908137621171,2
1771108072164,4.342557007779122,1.8311069086925993,-1.4885495497628938,2
1771108072270,4.5639311227420505,2.9093510934786657,0.8225190741355858,2
1771108072380,-0.48473281578454563,-1.284351119406725,-1.266221342750278,2
1771108072487,3.7805344650377988,0.43606870512398327,0.6870229019587835,2
1771108072597,-0.3912213628685622,1.6297709679289005,0.9169846991425347,2
1771108072704,-1.8606869638840435,3.2557251407722334,1.6641221236990102,2
1771108072805,0.15553434637603294,2.020992357477889,1.190839639810315,2
1771108072913,-4.5353053730437045,-2.8406487819384463,0.10687022904536396,2
1771108073021,3.6927481780697406,1.6145037875866295,-0.7805343281943405,2
1771108073125,6.2576336217976225,3.774809058966036,-1.6793893040412813,2
1771108073229,-1.2643129452074942,0.239503811578097,0.7557251601381502,2
1771108073339,-7.334923927977415,-2.8501907696523654,2.6832060913804825,2
1771108073447,1.1708014656110843,-1.0916030743072593,1.2261449943518168,2
1771108073558,-0.7442747748814469,1.2919847095778605,0.46278624404253105,2
1771108073664,-4.062976874482989,-4.164122157693947,0.14599235866211357,2
1771108073764,-2.558206159049844,-3.3177479541910033,1.468511375563663,2
1771108073872,-4.1145038215815655,1.1545800864974214,-0.5973282174479414,2
1771108073981,0.48377861701315367,-1.9427480582237502,-0.7337785883961355,2
1771108074081,0.2519083956061922,0.6650763302167689,1.2938931071206443,2
1771108074189,-7.841602728534593,-0.6211831867327399,0.6660305289881608,2
1771108074298,-4.616412161890313,-0.7070610761580142,-0.2566793894631519,2
1771108074407,-3.136450401069947,8.53053402803616,1.5448472772750181,2
1771108074516,5.8253816850787805,-5.704198334390299,0.7118320700149738,2
1771108074622,6.05248077922665,0.4761450268420182,0.09351144624587683,2
1771108074726,-9.011450208817697,-2.964694622219398,1.4255725375727317,2
1771108074832,-7.765266826823238,-1.931297672967047,1.1956106336672747,2
1771108074940,3.4417937944719554,-3.118320517691794,-0.5763358444773188,2
1771108075048,1.2986641009776039,4.26526701401808,-0.5438931396108457,2
1771108075149,0.7967557073080035,3.6984731572546807,-0.6564885412742415,2
1771108075257,-6.757633351120175,1.159351080354381,0.9599236438551719,2
1771108075379,-0.3540076374647031,6.918892836763707,1.1507632914118535,2
1771108075466,0.30629769889510616,10.128816223065716,-0.1727099242610878,2
1771108075574,5.4284349961797345,-4.221374083977462,-0.5467557359250216,2
1771108075674,-4.895992295186445,6.114503592645421,1.0372137443379188,2
1771108075784,2.7776716630265783,-2.9618319191835165,-0.7690839429376373,2
1771108075891,3.3387403271616263,5.653625906228232,-0.08396946520206407,2
1771108076004,-4.913167659628089,-2.8797710382872213,0.4446564940665107,2
1771108076122,-9.451335735707675,-0.14885495497628937,0.07156488117396888,2
1771108076216,1.4465649105433542,0.8005725023935711,1.8282442056567179,2
1771108076324,4.0057249481994734,-1.7595420008382041,-0.8835877955046698,2
1771108076433,-6.2041984905996745,-0.6154579941043882,0.04866412066572229,2
1771108076541,-2.339694533679385,2.12977101741657,-0.20133587406263273,2
1771108076651,-1.995228883928601,-0.8158396827358422,0.8463740434203842,2
1771108076758,3.4656488704784594,-2.964694622219398,-0.041984732601032033,2
1771108076859,-0.19179388634871333,3.3835877761387527,0.9236640905422783,2
1771108076967,-1.468511375563663,-1.868320554055179,-1.3244274678051862,2
1771108077076,-3.663167909434885,-2.3998091629987828,2.0543892077549013,2
1771108077184,-0.024809159718557114,-1.3797709965459186,0.8206106765928018,2
1771108077292,0.5620229162672926,1.0782442915077721,0.7862595208226921,2
1771108077401,-5.971373990380042,2.787213650740498,1.2576335538077505,2
1771108077510,-2.2347328822696833,-3.6832059769124097,0.7795801294229485,2
1771108077610,2.3101144784879404,2.365458007228673,0.05343511452268198,2
1771108077718,1.7910305602941379,2.6517174252028424,-0.2213740482618634,2
1771108077818,0.24904579929201637,0.045801527686599786,-0.2681297747198551,2
1771108077926,1.5362594883324907,-1.0229007627670397,-0.041984732601032033,2
1771108078035,0.43988550020955103,-1.9188931956606576,0.4322519100384155,2
1771108078143,0.1412213781453671,-0.7013358835296626,0.029580151907990147,2
1771108078252,3.0381678208948717,1.1164122423634497,-0.9637404389407397,2
1771108078385,-1.5419846809608422,-0.9828244143685784,0.10591603027397202,2
1771108078461,-1.2080152176953698,-0.7986641048507873,0.24713740174923252,2
1771108078569,1.1727098631538682,3.1755724439753106,0.11259541500360896,2
1771108078677,-0.254770991920368,-0.2519083956061922,0.3816793751546428,2
1771108078786,-1.899809220232819,-2.158396980558328,0.4007633505824816,2
1771108078886,0.8272900679925455,2.0601144003832528,0.010496183150258008,2
1771108078994,-1.4971373387054212,-0.9904580045397139,0.19751907897706497,2
1771108079104,-0.42557251863867196,-1.7862595664371783,-0.15935114146160068,2
1771108079212,0.8635496213054391,1.2910305108064684,-0.239503811578097,2
1771108079323,-0.4513358587858278,1.530534295704139,0.20801526546237628,2
1771108079428,-1.0114503775103365,-1.7270992426108782,0.12213740271752835,2
1771108079536,-1.0572519185371496,-1.7423664229531493,0.1669847316327362,2
1771108079645,1.110687049735098,2.6183205749258307,-0.29198471732422715,2
1771108079746,-2.127862619873786,-3.4551525772714426,0.0333969469935579,2
1771108079854,-0.8625954225340471,0.3540076374647031,0.46278624404253105,2
1771108079962,-0.41316793461057677,2.0849235684394434,0.01622137411108298,2
1771108080070,-1.9332060705098308,-3.0725189766649814,0.2185114519476876,2
1771108080179,0.833015260620897,2.9446563412984617,-0.17366412303247974,2
1771108080288,-1.6498091421281311,-2.4312976157330106,0.0009541984587306902,2
1771108080397,-0.409351139525009,1.094465670621435,0.018129769986340204,2
1771108080507,0.05343511452268198,0.6393129633891866,-0.14217557691675903,2
1771108080614,-0.4122137358391848,-0.5505725310105893,0.16603053286134425,2
1771108080722,1.2099236152381538,-1.4589694945714495,-0.08396946520206407,2
1771108080830,0.6555343425028496,2.8683206530305183,-0.01622137411108298,2
1771108080938,-2.2881678000242203,-4.347328321801198,0.29293891609561906,2
1771108081046,-0.46278624404253105,4.349236505900571,0.17843511688943944,2
1771108081147,-0.18702289249175366,0.6622137339025931,0.12118320394613641,2
1771108081255,3.124045710320146,-2.1593510726080143,-0.5820610371056704,2
1771108081382,2.4456107040255954,-3.6249999585792074,-0.30629769889510616,2
1771108081465,-4.515267305566179,-0.9646946377121316,0.3473282460649595,2
1771108081572,0.4561068526427875,-2.224236589062666,-0.13167939043144772,2
1771108081680,3.550572454410636,3.1851144316892297,-0.34351145097939173,2
1771108081789,1.5438930785036262,-3.9570611310236017,-0.30343510258093037,2
1771108081890,-1.1631678754399488,2.3568701115644397,-0.10877862658814783,2
1771108081998,-3.533396876525581,-0.09923663887422846,0.5267175617257909,2
1771108082100,1.895992425147251,-4.419847428426985,-0.14503815989072164,2
1771108082206,2.5019083248160143,2.99809147249641,-0.23568701649252924,2
1771108082307,-2.934160261534856,0.5114503813835198,0.17461832180387168,2
1771108082415,-1.3874045867170541,-2.7423664152067824,-0.10209923518840426,2
1771108082517,4.290076395517682,1.2748091316928054,-0.726145051585853,2
1771108082624,0.354961836236095,-0.5782442420201026,0.04770992189433035,2
1771108082732,-1.5515266686747615,-2.7280533269141976,0.2690839734912471,2
1771108082832,-0.31774808415180944,0.9656488364835235,0.05057251820850617,2
1771108082940,0.9341602770275895,0.7499999675097985,-0.19179388634871333,2
1771108083041,0.8139312851930584,-2.580152624070153,0.11832060763196059,2
1771108083149,-2.318702160708762,-0.48282441824176175,0.1937022838914972,2
1771108083257,-1.4599236933428414,2.8435114849743277,0.2595419857773277,2
1771108083386,-1.0763358939649883,4.309160370945521,0.2624045820915035,2
1771108083467,0.788167918365476,0.8339694593922891,-0.20896946423376822,2
1771108083575,-0.5458015371536297,2.5267174928722045,0.08969465783041569,2
1771108083684,-2.409351150712702,-4.316793961116656,0.1383587818311913,2
1771108083785,3.596373781994038,4.69465624770104,-0.154580147604641,2
1771108083892,-2.224236589062666,-4.956106924505843,0.2566793894631519,2
1771108084000,3.4093510362446295,2.0648855009619185,-0.3196564816945933,2
1771108084108,1.3320610579763217,4.211831882820132,-0.05534351206546585,2
1771108084217,-1.0019083897964172,-0.03530534453634177,0.05057251820850617,2
1771108084325,-2.8454198825171115,-3.2738548107069745,0.4580152501855714,2
1771108084433,-1.8416029884562048,-1.9055344128611704,0.49236640595568115,2
1771108084535,2.087786271475325,2.6078242817188135,-0.05725190627319642,2
1771108084642,-0.6698473240737286,-1.2910305108064684,0.18702289249175366,2
1771108084750,0.169847327946912,-0.22805342632139375,0.043893130143815906,2
1771108084859,1.0257633590812156,0.041984732601032033,0.07061068907268354,2
1771108084967,-0.05725190627319642,1.5543892649889375,0.5629771150386845,2
1771108085078,2.8206107144609214,2.184160240664205,0.3196564816945933,2
1771108085184,0.16316793654716844,-1.638358756871428,-0.22041984949047147,2
1771108085295,-0.41316793461057677,2.0181296544420078,0.679389311787648,2
1771108085394,0.9160305003711428,-2.8940839131363947,-1.343511443233025,2
1771108085501,2.058206002840469,4.933206153992437,1.065839707479677,2
1771108085610,2.3759540869922784,1.1688930680683005,0.07919847134510438,2
1771108085710,0.6908396970443512,0.6870229019587835,-1.002862588567809,2
1771108085818,0.09637404256005264,0.40267174812526546,-0.46946563544227465,2
1771108085928,0.03721373874407234,0.5486641334678054,0.0333969469935579,2
1771108086035,-3.4971373232126877,2.3091601729948428,0.5295801580399667,2
1771108086145,-0.49618320104124886,-1.1001908632497868,-0.30629769889510616,2
1771108086251,-0.0954198437886607,-0.5200381703260473,-0.7519083650525824,2
1771108086388,-3.354007507503897,-1.7213740499825265,0.10591603027397202,2
1771108086468,2.2767176282109283,-1.125954230077369,-0.5505725310105893,2
1771108086577,2.9236641817712505,1.9188931956606576,0.7185114614147174,2
1771108086685,1.3940839781167977,2.3988548575056847,-0.1879770912631456,2
1771108086786,-2.916984683649801,0.4370229038953752,0.6860687031873915,2
1771108086894,-2.1717557633578153,0.48473281578454563,-0.20324427160541658,2
1771108087003,0.5085877850693441,1.3043892936059556,-0.007633587669845522,2
1771108087122,3.6230913475930118,-0.2499999980634083,0.6479007523317141,2
1771108087213,-4.23091585824797,-2.176526650493069,-0.6603053363598093,2
1771108087319,-1.531488494475531,-0.15267175006185713,-0.45992364772835526,2
1771108087419,1.5009541337909889,1.484732754677326,0.19656488020567303,2
1771108087528,-2.236641279812467,-0.13263358920283966,0.270038172262639,2
1771108087637,-1.4561068982572736,0.20515266914820046,-0.48282441824176175,2
1771108087745,0.0019083969174613804,0.25095419683480025,-0.2108778617765521,2
1771108087847,-1.5477098735891939,-1.576335836730952,0.13740458305979936,2
1771108087954,1.4961831399340293,-0.44370229529511873,-0.0667938939871158,2
1771108088062,-0.9007633200288717,4.202290108549624,-0.28435115383351806,2
1771108088170,-4.392175343891502,-3.161259569126137,-0.21183206054794404,2
1771108088271,3.535305274068365,2.7738548679410107,-0.12118320394613641,2
1771108088401,-2.940839546212894,-3.8158397128575947,0.2519083956061922,2
1771108088481,-1.900763312282505,-4.9780531760827404,0.10114503641701234,2
1771108088588,1.3349236542904976,1.095419869392827,0.11832060763196059,2
1771108088697,-1.2270991931232087,3.301526681799046,0.4904580084128973,2
1771108088804,-1.8349237037781672,-5.312977051563016,0.5295801580399667,2
1771108088915,-0.24332060666366476,3.9007632967897714,-0.12213740271752835,2
1771108089021,0.3291984694085127,-2.536259480586124,0.34064885466521594,2
1771108089130,1.8769084497194124,0.58683203096263,-0.2318702214069615,2
1771108089231,-0.5515267297819813,1.9103052999964243,0.15171755129046519,2
1771108089339,-2.8129771242897856,-2.1545801854727604,0.524809164183007,2
1771108089449,1.761450398380988,0.6851145044159996,-0.27099237103403095,2
1771108089556,2.8015267390330827,3.2356870732947085,-0.4370229038953752,2
1771108089665,1.375000002688959,-4.710877946979821,0.00858778644123746,2
1771108089772,-0.6612595351312012,2.892175515593611,-0.01908396875773214,2
1771108089881,-3.995229081879279,-1.5419846809608422,0.5992366149907252,2
1771108089989,1.8158397283503283,-1.0372137443379188,-0.34351145097939173,2
1771108090099,4.10687023141043,4.155534475473124,-0.4895038096415053,2
1771108090198,-1.804389343093625,-0.6860687031873915,0.17080152671830395,2
1771108090306,-2.6631678104595458,-2.168893060321934,0.18416029617757784,2
1771108090406,2.807251931661434,3.417938931908863,-0.28530532592448354,2
1771108090517,1.3206106727196185,-0.7032442810724464,-0.022900763843299893,2
1771108090615,-1.6164121851294133,-3.64312984195736,0.20133587406263273,2
1771108090723,-2.13263350700904,0.8511450372773439,0.18606869372036172,2
1771108090823,3.753816899438825,3.910305071060279,-0.2576335882345438,2
1771108090933,0.42843511495284775,-3.4503816901361883,-0.021946565071907953,2
1771108091041,-2.9904578823252748,1.1822518508677875,0.18034351443222332,2
1771108091149,-1.6879770929838087,2.575381736934899,0.1879770912631456,2
1771108091249,1.3187022751768347,-1.9083969024536405,-0.07442747748814468,2
1771108091358,1.4112595560018526,-0.04770992189433035,-0.15267175006185713,2
1771108091465,-1.7643129946951637,2.7585876875987396,0.15648854514742488,2
1771108091566,-1.2881679144922926,0.4427480965237268,0.15935114146160068,2
1771108091674,2.9770990995257876,-2.761450390634621,-0.24809160052062443,2
1771108091783,1.7786259762660428,2.0572519107907827,-0.20515266914820046,2
1771108091883,-0.7108778712435819,3.699427249304367,0.06202290013015611,2
1771108091992,-0.9017175188002637,-2.4360687163116763,0.20896946423376822,2
1771108092100,1.391221381802622,-2.2204197939770984,-0.26335878086289544,2
1771108092208,0.9551526499982121,3.3568702105397787,-0.29484731363840294,2
1771108092318,-2.8206107144609214,0.4675572378994908,0.24522900420644864,2
1771108092417,-1.3177480764054428,-1.4933205436198533,0.06393129767293998,2
1771108092525,-0.3416030534366079,-1.8005725480080574,-0.15076335251907325,2
1771108092635,1.282442721863941,1.2318701869801683,-0.08110686888788825,2
1771108092734,2.5391221836220055,2.181297751071735,-0.4770992256134101,2
1771108092842,-0.6164121928757801,1.7185114536683508,-0.12309160148892029,2
1771108092950,-2.5095419149871496,-1.253816758722183,0.4589694489569633,2
1771108093059,0.6545801437314577,-0.9351144757989815,0.08969465783041569,2
1771108093168,2.353053316478872,0.8549618323629117,-0.4999999961268166,2
1771108093276,0.6994274859868786,1.3902671830312299,0.02576335848994905,2
1771108093392,-0.10877862658814783,-1.7538168082098524,0.18034351443222332,2
1771108093487,-3.141221288205201,-1.5839694269020874,0.30629769889510616,2
1771108093593,0.7185114614147174,-1.4227099412585558,0.045801527686599786,2
1771108093702,1.2156488078665053,0.6669847277595529,-0.027671756032732926,2
1771108093809,0.2213740482618634,1.836832101320951,0.1393129806025832,2
1771108093918,-2.258587744832776,-0.23854961280670506,0.24713740174923252,2
1771108094028,-0.13263358920283966,-1.8301526031995017,0.31679388538041753,2
1771108094136,0.324427475551553,-0.18988548880592948,-0.08396946520206407,2
1771108094243,2.8587786653165987,2.251908460154738,-0.3893129653257783,2
1771108094344,1.561068656388681,1.9417939661740642,0.11164122290232364,2
1771108094452,-2.549618263385611,0.43797710266676715,0.020038167529124077,2
1771108094560,-1.4799617608203663,-1.3330152567477136,0.15267175006185713,2
1771108094661,-3.535305274068365,-1.4561068982572736,0.409351139525009,2
1771108094769,1.5391220846466664,-0.7108778712435819,-0.3711831886693315,2
1771108094870,2.190839738785654,-0.41889312723892835,-0.5763358444773188,2
1771108094978,2.238549677355251,1.593511414616007,-0.12213740271752835,2
1771108095086,0.7347327871675275,2.3730915973998084,-0.044847328915207846,2
1771108095195,-2.1507633903871928,-0.6278625781324834,0.32538167432294496,2
1771108095304,-1.2566793550363586,-1.484732754677326,0.1259541978030961,2
1771108095412,1.897900822690035,-0.8845419942760617,-0.2290076250927857,2
1771108095520,2.763358788177405,1.5047709288765567,-0.4875954120987214,2
1771108095628,0.9351144757989815,0.8482824409631681,-0.30629769889510616,2
1771108095736,-2.2404580748980347,-2.5104962204802472,0.15267175006185713,2
1771108095845,-1.5190839104474358,-0.9064885126572234,0.06774809275850774,2
1771108095953,2.056297605297685,3.9246181593528644,-0.42652671741006387,2
1771108096054,4.14694636636548,0.12309160148892029,-0.4895038096415053,2
1771108096163,-0.6727099203879044,2.12977101741657,-0.02576335848994905,2
1771108096273,-2.9484731363840293,-4.228053582098912,0.42080152478171223,2
1771108096400,-0.4685114366708827,-4.911259475528716,-0.01717557288247492,2
1771108096479,1.6135495888152376,-0.8091602913360987,-0.1412213781453671,2
1771108096591,-1.0887404779930834,2.4866411444737433,0.020992366300516017,2
1771108096696,1.6603053286134426,2.2471373595760724,0.013358778630670495,2
1771108096804,1.701335875783296,-3.1793892390608782,-0.23473281772113733,2
1771108096913,1.11164124850649,3.440839702422269,0.01908396875773214,2
1771108097021,-3.7061067474258165,-2.7757632654837945,0.5896946272768059,2
1771108097123,-0.13263358920283966,-2.8664122554877345,0.014312976568299106,2
1771108097230,3.1879771347251116,4.188931112306725,-0.42652671741006387,2
1771108097338,0.30438930135232234,-4.007633559185669,0.3425572522079998,2
1771108097447,-2.455152691739515,2.9914121878183724,0.2681297747198551,2
1771108097555,-0.3559160350074869,-2.752862494970388,0.041984732601032033,2
1771108097656,0.8005725023935711,0.4589694489569633,-0.47519082807062624,2
1771108097764,3.161259569126137,-0.7118320700149738,-0.2652671784056793,2
1771108097875,2.2652672429542253,6.258587713847309,-0.13072519166005578,2
1771108097974,-0.8234732729069777,-5.773854737980205,-0.05057251820850617,2
1771108098081,3.447518987100307,2.4522899887036336,-0.3816793751546428,2
1771108098190,1.7185114536683508,4.8540075492452,0.00954198437886607,2
1771108098290,-2.099236656732028,-4.400763452999147,-0.1622137377757765,2
1771108098411,-3.0992365422639554,-2.376908392485376,0.254770991920368,2
1771108098506,3.4837785404132005,3.535305274068365,-0.6498091498744979,2
1771108098615,2.693702171144088,-0.7509541662811904,-0.309160295209282,2
1771108098724,1.5372136871038826,-0.6421755597033625,-0.2566793894631519,2
1771108098831,1.7690839885521235,2.0419847304485117,-0.07538167625953662,2
1771108098932,3.37213739088205,-0.4971373998126408,-0.7805343281943405,2
1771108099040,-2.2595420503258734,-0.4675572378994908,0.4761450268420182,2
1771108099149,-2.12977101741657,1.469465574335055,1.1068702546495304,2
1771108099258,1.3511450334041606,3.138358798612731,0.6860687031873915,2
1771108099365,3.4494273846430907,2.147900687351311,-0.49522900226985694,2
1771108099474,0.895038180761373,-3.2891219910492455,0.03625953997268041,2
1771108099582,1.1192748386776254,1.7185114536683508,-0.7013358835296626,2
1771108099683,-0.6669847277595529,-0.20229007283402467,-0.37213738744072344,2
1771108099791,2.935114353584542,-0.43034351249563163,-0.726145051585853,2
1771108099892,-1.682251900355457,0.007633587669845522,0.6431297584747544,2
1771108099999,-1.1793892545536118,0.2757633648909906,0.084923663973456,2
1771108100106,1.6030534023299263,1.789122162751354,-0.8625954225340471,2
1771108100208,-2.2375953718621533,1.650763340899523,-0.2519083956061922,2
1771108100316,-5.916030248195898,-2.184160240664205,0.20801526546237628,2
1771108100417,2.5372137860792217,3.387404571224321,0.5343511518969264,2
1771108100525,-0.20133587406263273,-2.0524808102121175,-0.26335878086289544,2
1771108100633,-10.54293913018005,2.62786256263975,0.8435114471062084,2
1771108100742,1.5124045190476922,1.1488548938690697,0.020992366300516017,2
1771108100850,6.0658397754695494,-0.09064885660180763,-1.5830152281306955,2
1771108100964,3.8740457311907974,1.2423663734654797,-0.4341603075811994,2
1771108101059,-2.2452289620332886,-0.09446564501726877,0.33778625835104015,2
1771108101161,1.1345420190198965,2.3062976834023727,0.509541983840736,2
1771108101268,2.270038130089479,4.216603196842208,0.239503811578097,2
1771108101404,-0.5925572235909817,5.4828242194273695,-0.8854961930474536,2
1771108101485,-2.376908392485376,3.264312822993055,-0.6917938958157432,2
1771108101593,-1.4131679535446364,7.271946168735312,0.6402671621605786,2
1771108101701,2.34446563425805,6.451335652225069,1.6393129556428199,2
1771108101810,-0.37213738744072344,10.365457518370915,2.829198396681743,2
1771108101918,2.271946527632263,13.967556706436717,3.292938786134813,2
1771108102027,-0.8740458077907504,9.990457934822413,2.6555342202884105,2
1771108102137,0.5524809285533732,8.165076218758166,1.1001908632497868,2
1771108102243,0.6564885412742415,15.392174511629527,2.810114421253904,2
1771108102345,-6.9961832574115705,12.820610850440666,2.9923662798680586,2
1771108102452,-1.4723281706492308,16.937976094397644,3.0448473190163208,2
1771108102560,0.14217557691675903,16.55629829338816,2.5343510830433402,2
1771108102671,1.7805343738088266,18.39408363298515,3.811068825722341,2
1771108102779,3.5009541182982553,19.437977302331344,3.6421753230208505,2
1771108102878,-0.06583969521572386,22.54866401640859,5.241412036986915,2
1771108102987,-1.6622137261562264,19.99427401211408,3.7681295608445864,2
1771108103097,-4.69561076663755,20.045800959212656,6.691793742615837,2
1771108103195,2.3301525459654653,20.451334903445698,7.245229030023161,2
1771108103304,3.013358652838681,21.574426323765483,6.673663859237684,2
1771108103413,1.9122136975392083,23.205152771126244,5.343511412247558,2
1771108103520,-2.553435058471179,20.56297605297685,4.593511391376906,2
1771108103628,-3.54961836236095,27.645036986370283,3.415076228872981,2
1771108103737,4.022900739527939,20.936068306199626,4.979961787068936,2
1771108103846,11.216603249339347,22.424617535797402,5.861641024948263,2
1771108103954,-0.004770992189433035,25.405534070738995,4.191793815342606,2
1771108104062,-7.914122262047203,23.06106822303753,3.950381632902152,2
1771108104179,-5.562976916224292,24.343511371788296,3.9875954917081438,2
1771108104279,-3.805343419650578,23.93320654042,4.432251905733375,2
1771108104427,0.5534351273247652,21.587786173782025,8.270991962217554,2
1771108104488,-3.198473214488717,25.73187026399845,8.287213661496333,2
1771108104596,-0.015267175339691044,20.354008122867604,5.582060891652131,2
1771108104705,14.15744279555224,20.920801125857356,0.20992366300516016,2
1771108104814,5.814885391871764,19.780533487322284,6.601144752611897,2
1771108104922,1.0400763406520945,22.816793337561197,8.130725489874878,2
1771108105029,-2.8234732040533914,23.442747731594306,10.46946507773093,2
1771108105138,-13.464694274078283,21.43988525749457,7.3311067060050235,2
1771108105238,19.218511371467784,39.035306333093665,-1.1507632914118535,2
1771108105347,-3.627862661615089,22.54007676107459,4.734732809542914,2
1771108105455,-0.8912213856758052,-1.5419846809608422,7.701335402418272,2
1771108105556,0.7232824552716771,56.24713715471568,-5.822518982042899,2
1771108105663,16.46660254166026,10.560114494621693,6.117366295681302,2
1771108105764,-8.980915848133154,2.3730915973998084,4.937022949078004,2
1771108105865,13.020037860053051,7.20229019203223,2.8368319868528786,2
1771108105973,4.227099063162402,36.37213702853024,7.034351208267249,2
1771108106098,-24.217557560851382,5.869274615119398,8.85209933416036,2
1771108106189,4.5114505104806115,10.2748089552538,4.208015087734564,2
1771108106299,6.079198344825625,1.343511443233025,-0.5181297727832634,2
1771108106409,0.5324427543541425,2.813931216339472,0.020038167529124077,2
1771108106515,-2.457061089282299,2.4045800501340366,0.6049618076190769,2
1771108106623,-0.39026716409717027,1.2423663734654797,2.366412099278359,2
1771108106731,-1.7232824475253103,1.3349236542904976,1.7986641504652734,2
1771108106840,-2.7032441588580074,-1.0706107013366366,1.3167938776340509,2
1771108106948,2.487595449966841,0.42652671741006387,-2.090648761067795,2
1771108107057,-4.073473167690007,-5.087786141514519,-0.5992366149907252,2
1771108107159,6.310114234059062,2.6221373700113983,-3.1402671961555146,2
1771108107265,8.541984840179687,-0.9045801151144395,-3.674618294691588,2
1771108107366,-11.599236423058985,2.4456107040255954,-1.1297710251629367,2
1771108107474,-6.788167711804717,-1.5696564453312085,1.269083939064454,2
1771108107583,9.297709413348455,1.3959923756595816,-0.9083969102000072,2
1771108107693,6.001908351064584,-0.7204198589575014,0.270038172262639,2
1771108107799,-1.3091602874629154,-1.7977098449721758,-0.5372137482111022,2
1771108107908,-7.856869908876864,-0.378816778840467,-0.11927480640335253,2
1771108108008,10.736640733720673,0.3597328300930547,-0.5362595494397102,2
1771108108132,15.573473345411053,4.007633559185669,-1.192748037353099,2
1771108108217,-11.75572459468044,-2.6354961528108856,0.9742366254260509,2
1771108108325,-3.5725191328743566,-3.4227098190441168,0.5019083936696005,2
1771108108426,8.6593513957826,-2.2022901240423574,0.012404579859278557,2
1771108108534,7.666030154598476,3.3110686695129656,0.5286259592685748,2
1771108108642,-8.837785818980953,1.3559160272611201,1.4417939166863947,2
1771108108750,-11.361641462590923,-7.210877447366228,3.6650760935342572,2
1771108108851,6.749045668899353,0.8998091212574798,1.2757633304641975,2
1771108108959,4.425572407611925,-0.29580151240979485,-1.2547709574935748,2
1771108109058,-2.9083970014289795,-4.928434839970359,1.222328199266249,2
1771108109168,-1.5200381092188278,1.5486640723605858,0.588740428505414,2
1771108109276,-1.8206106154855823,-5.186068721689594,-1.483778555905934,2
1771108109413,7.123091587284993,-2.088740363525011,-0.9618320413979558,2
1771108109492,-1.0562977197657575,0.5104961826121279,-1.4608778921142334,2
1771108109601,4.226144971112716,5.411259631738091,-1.9322519784601446,2
1771108109710,7.602098730193511,3.442748099965053,-3.9627861102085418,2
1771108109819,14.620228239181978,0.05057251820850617,-4.706106632957744,2
1771108109926,3.098282450214269,-2.3282441484226815,-1.6269083716147248,2
1771108110027,7.898855081704932,0.4666030391280988,-2.145992289808527,2
1771108110137,-0.7375953834817033,0.08110686888788825,1.0295801541667833,2
1771108110236,1.2624045476647103,0.08969465783041569,0.7900763159082599,2
1771108110344,-3.1908396243175816,-3.4713740631068113,2.6192746669755165,2
1771108110445,1.4933205436198533,1.372137406374783,0.8291984655353293,2
1771108110552,-5.678434860841011,-4.055343284311854,1.5104961215049084,2
1771108110661,6.4141222203059005,1.7423664229531493,-0.5143129776976957,2
1771108110769,2.0391220274126303,1.6087785949582778,-0.10973282535953977,2
1771108110879,1.0849236829075157,2.5419846732144755,0.06583969521572386,2
1771108110987,10.575381674963966,2.873091540165772,-0.7490457687384066,2
1771108111120,-2.127862619873786,-1.577290035502344,2.058206002840469,2
1771108111203,-0.09446564501726877,7.704198105454154,0.2232824458046473,2
1771108111304,1.0811068878219479,-6.304389254874122,1.531488494475531,2
1771108111412,7.1106871099786035,6.84637373013792,1.6354961605572522,2
1771108111513,-1.5791984330451279,1.6946564843835523,2.44083960344693,2
1771108111621,2.735686917085333,3.54961836236095,1.962786125701275,2
1771108111729,7.604961433229392,3.8816793213619327,-0.32729007186572884,2
1771108111829,-11.367366014889038,-11.231870429681619,0.2576335882345438,2
1771108111937,-7.16221405707718,6.909351062493199,-0.5515267297819813,2
1771108112046,11.921755394346048,-7.967557393245151,-2.1049618493603797,2
1771108112154,5.419847313958913,1.1841602484105713,-3.774809058966036,2
1771108112263,1.6583969310706586,8.510495960558636,-1.4465649105433542,2
1771108112372,-0.5954198199051575,-10.690839192693861,-2.2032442160920436,2
1771108112480,2.0219464495275754,1.5410304821894503,0.7977099060793954,2
1771108112589,-7.917938630245948,0.2671755759484632,-1.0362595455665269,2
1771108112696,-16.640266931497006,0.7032442810724464,0.5505725310105893,2
1771108112805,9.562976885238825,-7.605915952165901,-2.8387403843956625,2
1771108112913,-2.324427353337114,3.9188931801679243,-1.546755674817802,2
1771108113022,-5.187976905788966,-5.848282455592187,-1.253816758722183,2
1771108113129,11.641221595887053,1.0267175578526075,-0.20515266914820046,2
1771108113231,-4.680343586295279,3.2404579604299624,-0.09064885660180763,2
1771108113340,3.4389313048794854,-4.822519096510971,1.683206099126849,2
1771108113447,17.990457019077834,-3.28148840087811,-0.3759541825262912,2
1771108113549,-9.332060996005389,0.9952289983966736,0.5591603199531168,2
1771108113657,-9.37881705596871,3.9990458769648467,1.6192747814435893,2
1771108113764,0.9312976807134138,2.458015181331985,0.11736640886056866,2
1771108113872,1.9494275563451997,-6.151717451451412,-1.5438930785036262,2
1771108113973,-10.282442545424935,-0.8005725023935711,0.664122131445377,2
1771108114081,-4.751908173984557,-0.54103054329667,-0.5267175617257909,2
1771108114190,2.5572518535567466,3.410305341737727,0.11545801131778478,2
1771108114298,7.616412245372919,0.3988549530396977,-0.06870229152989968,2
1771108114413,-0.12118320394613641,-1.8463740890348703,-0.7270992503572449,2
1771108114517,-2.6603053208670757,0.4770992256134101,1.6431297507283877,2
1771108114625,5.226144856644644,5.647900500156469,0.17080152671830395,2
1771108114733,10.389312807820831,3.7032440443899346,-0.7986641048507873,2
1771108114841,-1.6889312917552006,-0.9217556929994943,0.8435114471062084,2
1771108114949,-8.572519200864228,3.0648853864938457,1.7318702364678378,2
1771108115058,-3.462786167442578,2.302480888316805,1.5973282097015746,2
1771108115168,20.343511829660585,2.8454198825171115,-2.238549677355251,2
1771108115277,3.699427249304367,3.6879768640476636,-0.7614503527665017,2
1771108115383,-7.5954196589588845,1.7633587959237718,-0.3416030534366079,2
1771108115491,-7.7290079138405785,5.071564869122562,0.8473282421917762,2
1771108115601,-3.149809183869434,1.142175502469326,-0.6297709756752673,2
1771108115708,-2.8530534726882473,2.1049618493603797,0.5467557359250216,2
1771108115809,9.777671928967129,0.8396946520206406,-2.5095419149871496,2
1771108115917,9.105915993907205,2.6536258227456266,-0.6774809142448641,2
1771108116027,9.158396606168644,2.735686917085333,-1.9427480582237502,2
1771108116135,0.18893129003453754,-0.7862595208226921,-0.7175572626433255,2
1771108116242,-15.560113495394509,-1.3664122137464316,-0.09446564501726877,2
1771108116352,-11.265266639628395,-1.159351080354381,-2.269084038039793,2
1771108116459,0.23568701649252924,-1.282442721863941,-1.9503816483948857,2
1771108116568,1.5238549043043954,-1.268129740293062,-0.895992326171912,2
1771108116677,2.641221345439237,4.386450364706562,0.5038167912123844,2
1771108116785,10.391220991920203,-1.966602920786843,-0.2767175636623826,2
1771108116894,7.3969463145093615,3.401717446073494,0.5935114223623736,2
1771108117002,5.954198199051575,2.470419872081786,-1.452290103171706,2
1771108117131,6.939885423177741,-1.4570610970286655,-1.1946564348958828,2
1771108117219,-9.276717680708067,2.367366404771457,1.312022883777091,2
1771108117328,-4.0543891922621675,-3.7681295608445864,-0.03816793751546428,2
1771108117429,10.186068576236055,0.523854965411615,-0.6660305289881608,2
1771108117535,5.001908465532656,3.1603052636330395,-0.7270992503572449,2
1771108117636,-7.336832112076787,-1.5343510907897067,0.354961836236095,2
1771108117744,-1.7270992426108782,-3.619274552507444,1.145038098783502,2
1771108117853,3.130725208441595,0.4541984551000036,-0.8082060925647067,2
1771108117962,6.972327967961655,3.1851144316892297,-1.0582061173085415,2
1771108118069,4.426526499661612,2.6545801282387242,-1.1078244534209223,2
1771108118170,0.14599235866211357,0.46087784649974717,-2.8320610997176248,2
1771108118280,2.7433205072564686,-1.4608778921142334,-1.0162213713672963,2
1771108118387,-2.313931273573508,-0.9341602770275895,-0.7127862687863659,2
1771108118488,-6.604961547697465,2.951335839419911,1.064885508708285,2
1771108118595,0.5496183322391974,4.117366524617447,0.07156488117396888,2
1771108118696,6.795801301975852,0.05820610504458836,-1.1536258877260295,2
1771108118804,-0.3568702337788789,-1.5419846809608422,0.4580152501855714,2
1771108118914,-1.145992297554894,2.458015181331985,1.7204198512111346,2
1771108119013,3.047709808608791,3.8530535716635863,-0.7557251601381502,2
1771108119121,0.5209923690974393,-2.6020993025338734,1.6393129556428199,2
1771108119229,-7.857824427813373,-3.7977098294794422,2.6164121773830464,2
1771108119338,-10.04103036298448,-2.0238548470703592,2.080152681304189,2
1771108119446,-4.32156484825191,1.6956106831549442,0.5582061211817249,2
1771108119556,4.739503696678168,4.188931112306725,-0.18416029617757784,2
1771108119663,5.169847449297637,1.1946564348958828,-1.3158396788626587,2
1771108119764,-2.535305388536438,-0.13740458305979936,3.0028625730750758,2
1771108119872,0.5830152358770623,-0.6393129633891866,-1.139313012876856,2
1771108119980,6.784350916719149,4.4026716370985195,-1.063931309936893,2
1771108120108,-7.274808871771193,2.8177480114250395,0.07251907994536082,2
1771108120198,-6.476145033724671,-0.34923664360774337,0.2805343587479503,2
1771108120307,5.948473219866635,1.375954201460351,0.7910305146796518,2
1771108120436,5.567747803359546,1.0372137443379188,-0.6011450125335092,2
1771108120522,-4.272900604189216,-3.3263358498552367,1.467557176792271,2
1771108120631,8.476145231675348,-2.7748091734341083,-0.5763358444773188,2
1771108120740,10.005725115164685,0.941793867198725,-1.11164124850649,2
1771108120840,-1.8272901136070316,4.428435110647807,1.7375954290961895,2
1771108120950,3.397900650987926,1.4427481154577866,2.3263357508798976,2
1771108121056,-0.11927480640335253,-5.648855019092978,-0.17080152671830395,2
1771108121165,1.6164121851294133,-0.36068702886444665,-1.2776717280069814,2
1771108121267,1.8330153062353831,-5.686068451012146,-0.8902671869044133,2
1771108121374,0.4227099223244961,1.8511449761701242,-1.3902671830312299,2
1771108121484,-4.94465653924914,-2.4484731936180655,-0.9904580045397139,2
1771108121590,1.4332061277438672,-3.349236620368643,-1.5562976625317213,2
1771108121691,1.9866412017077795,-1.6631679249276183,-1.7347328327820137,2
1771108121799,-11.681297730842104,4.003816764100101,1.4666029780208791,2
1771108121900,-9.857824198877228,10.521946543766017,3.010496163246211,2
1771108122008,-11.143129196890227,-2.0896946690181086,2.125954222331002,2
1771108122116,16.73377905142365,10.47041959666744,0.8148854839644503,2
1771108122225,-1.125954230077369,-9.821564432120923,0.37977097761185896,2
1771108122333,-4.29293867166674,-3.564885542703221,-0.7270992503572449,2
1771108122434,1.4246183388013398,5.454198469729023,-0.6517175474172818,2
1771108122542,-5.2958012602345494,-4.916984454713656,0.49618320104124886,2
1771108122650,4.9847326742041895,4.165076249743633,-1.6135495888152376,2
1771108122759,5.772900645930519,-1.9036260153183866,-0.7299618466714207,2
1771108122867,0.19179388634871333,-2.2500000626119543,-1.1717556643824762,2
1771108122978,-8.171755289992792,2.8053435341186503,0.18988548880592948,2
1771108123085,-3.0992365422639554,-3.5438931697325984,-0.6498091498744979,2
1771108123193,5.830152572214034,-5.942747813794872,-0.9265266868564541,2
1771108123301,0.8120228876502744,2.5267174928722045,1.1145038448206657,2
1771108123430,-8.333015202523146,-6.248091420640292,0.8387404532492487,2
1771108123510,-4.061068690383617,-1.0095419799675527,0.21564885563351177,2
1771108123618,-0.20515266914820046,-4.505725104408849,0.2910305185528352,2
1771108123727,-1.7032442733260797,0.2528625943775841,1.7633587959237718,2
1771108123835,3.0248090380953845,3.0362594233520874,-1.775763379951867,2
1771108123944,2.74904569988482,1.7175572548969589,-0.664122131445377,2
1771108124052,2.612595382297479,2.953244236962695,0.14026717937397515,2
1771108124160,-5.764312963709696,-7.588740587724258,-1.0601145148513254,2
1771108124261,5.666984475584307,-1.4933205436198533,-0.9303434819420218,2
1771108124369,3.805343419650578,7.43797696840092,-0.6984732872154867,2
1771108124470,-8.5028623703875,5.032442826217198,2.2624045399183434,2
1771108124578,-6.0343508958484975,1.222328199266249,-0.14312976234793776,2
1771108124686,3.254771048722547,-5.610687068237301,-0.06297709890154805,2
1771108124795,2.359732814600321,-0.1727099242610878,-0.03244274822216596,2
1771108124904,8.291984548631588,2.467557169045904,0.3559160350074869,2
1771108125012,-5.9923661499072525,1.3540076297183363,1.5572518613031132,2
1771108125112,0.6450381560175382,3.8454199814924506,1.2242365968090327,2
1771108125220,5.828244388114662,-3.5267175918475435,-0.9847328119113623,2
1771108125328,9.006679321682443,1.2671755415216701,0.47519082807062624,2
1771108125434,-0.03721373874407234,2.100190748781714,-2.136450302094608,2
1771108125537,11.657442441392188,-5.9513359229025165,-3.8959924096545175,2
1771108125639,10.41507628137012,5.316793846648584,-2.3721372919067107,2
1771108125745,-0.32538167432294496,6.901717472322063,-0.6708015228451206,2
1771108125845,-4.5524807374853475,6.032442711749125,1.7814885725802185,2
1771108125955,-8.550572095513685,-4.9847326742041895,0.6421755597033625,2
1771108126063,-1.4246183388013398,8.163168034658794,-0.09351144624587683,2
1771108126164,-4.749045897835498,-6.3654579762432055,-1.9713740213655084,2
1771108126271,1.3549618284897282,-5.9923661499072525,0.2624045820915035,2
1771108126380,-8.191793357470317,-6.377862453549596,-0.08206106765928019,2
1771108126489,2.0286259476490245,9.140266722790491,1.4770991645061904,2
1771108126597,1.574427439188168,2.6078242817188135,2.062977103419134,2
1771108126697,-3.6708014996060205,0.9150763015997508,2.2528625522044243,2
1771108126805,3.0639312944441595,-9.6230910876714,-2.040076332905728,2
1771108126906,-2.290076197567004,0.9856870106827542,-1.4332061277438672,2
1771108127007,-0.6288167769038753,-0.5295801580399667,-0.2337786189497454,2
1771108127114,0.943702264741509,1.0553435209943656,0.19656488020567303,2
1771108127225,-3.459923677850108,1.5925572158446148,0.9131679040569669,2
1771108127331,-2.988549484782491,3.395038161395456,1.8540076792060058,2
1771108127441,6.270992191153698,4.395038046927383,0.2862595246958755,2
1771108127547,-2.3730915973998084,-0.40744274198222513,0.2910305185528352,2
1771108127648,-3.152671673461904,-5.540076145710886,0.05438931329407391,2
1771108127756,4.935114338091808,0.12118320394613641,0.19274808512010527,2
1771108127857,3.8940837986683223,6.416030404405273,-2.075381580725524,2
1771108127967,-0.1908396875773214,2.4923663371020948,1.2232823980376408,2
1771108128104,-13.719465452761636,-4.740457788727854,0.7690839429376373,2
1771108128182,6.247137328590606,-1.6431297507283877,-0.8225190741355858,2
1771108128291,-14.678435111288827,1.2318701869801683,2.1851145461573025,2
1771108128400,12.653625531838548,-1.3788167977745267,-1.5734732404167762,2
1771108128507,0.6669847277595529,-1.4303435314296913,-0.16030534023299262,2
1771108128609,-11.446564619636275,1.4961831399340293,0.6125953977902123,2
1771108128717,1.6164121851294133,2.256679347289992,1.2328243857515602,2
1771108128817,-0.54103054329667,2.705152556400791,2.2471373595760724,2
1771108128925,-3.1269084133560274,-3.0190838454670326,-1.1698472668396924,2
1771108129033,-4.712786131079193,-1.1335878202485046,1.0610687136227173,2
1771108129141,-7.051526572708892,2.5143130155658153,0.679389311787648,2
1771108129249,18.051525740446916,1.9150764005750898,-1.6202289802149812,2
1771108129350,-12.458014890424906,-2.470419872081786,1.4074427609162847,2
1771108129459,-9.465648397113435,-1.7719465848662992,1.1956106336672747,2
1771108129567,-0.5314885555827505,-4.162213546707751,1.2003816275242343,2
1771108129667,5.252862422243618,0.15267175006185713,0.540076344525278,2
1771108129778,-3.6765264787909606,-0.4427480965237268,0.45706105141417946,2
1771108129884,-3.7280534258895366,3.047709808608791,1.0896946767644753,2
1771108129994,3.583969304687648,-6.4312975847475435,0.26335878086289544,2
1771108130103,3.316793862141317,7.009541826767647,-0.6593511375884173,2
1771108130209,3.7671754687949,6.317747824230198,-0.9103053077427912,2
1771108130311,-9.598282133058621,0.49236640595568115,2.690839681551618,2
1771108130436,-6.415076312355587,4.086832163932905,0.7070610761580142,2
1771108130518,1.1135496460492738,0.2786259612051664,-0.3330152644940804,2
1771108130626,-4.3129771660310885,-3.1898855322678954,0.2318702214069615,2
1771108130734,9.386450646139846,4.020992128541744,1.0696565025652447,2
1771108130843,-18.660305623812032,-2.731870121999765,3.8148856208079085,2
1771108130952,7.688930925111883,6.606870158683661,2.7108777490291427,2
1771108131060,5.4417939924226335,4.817748209375718,0.3883587665543864,2
1771108131169,-13.620228780536875,1.6393129556428199,1.2156488078665053,2
1771108131277,2.195610625920908,-16.6040071647407,0.7671755453948533,2
1771108131377,-14.278625719353899,-1.3015266972917798,-1.7385496278675814,2
1771108131485,1.0381679431093107,-0.22519083000721793,-0.2566793894631519,2
1771108131594,-4.4799616308595605,1.3425572444616332,-0.12977099288866384,2
1771108131703,-8.413167472433246,-2.56870223881345,-0.8692748139337907,2
1771108131811,7.556297189166698,-1.562022855160073,-2.2223281915198823,2
1771108131912,-2.4589694868250827,0.6688931253023367,2.087786271475325,2
1771108132019,9.219465327537728,3.090648860043134,1.3053434923773475,2
1771108132127,-3.3034350793418303,-3.8454199814924506,1.9017176177756028,2
1771108132228,-5.864503727984144,5.264312807500321,1.7270992426108782,2
1771108132330,3.938931247645449,4.865457934501903,1.343511443233025,2
1771108132449,-3.4332061122511335,-8.583015494071246,-1.1326336214771127,2
1771108132546,9.341602770275896,6.499045804238077,1.4456107117719623,2
1771108132653,-0.9255724880850621,4.569656528813814,1.1326336214771127,2
1771108132763,2.802480831082769,8.295801770603978,-0.34064885466521594,2
1771108132871,7.405534423617007,-4.008587651235355,-2.2729008331253606,2
1771108132980,6.226144742176571,0.8320610618495051,-2.512404618023031,2
1771108133104,3.867366233069348,-2.4694655665886884,-1.2576335538077505,2
1771108133195,-1.284351119406725,-9.176526489546797,-1.4074427609162847,2
1771108133297,8.931297938907598,1.4188931461729881,0.3520992399219192,2
1771108133405,3.51812969618331,7.057251978780655,0.49522900226985694,2
1771108133512,0.3520992399219192,1.6402671544142118,0.8893129881330214,2
1771108133621,5.7290077158899,-3.5553435549893018,0.32538167432294496,2
1771108133729,-5.546755643832335,3.0706105791221976,1.4914121460770695,2
1771108133838,-2.3730915973998084,0.9341602770275895,0.4866412133273295,2
1771108133946,0.4666030391280988,-9.573473178445843,-1.7862595664371783,2
1771108134054,1.3635496174322557,0.4236641210958881,-0.8177480802786261,2
1771108134162,5.2604960124147535,4.353053300986138,0.989503805768322,2
1771108134263,-1.0076335824247689,1.9322519784601446,1.1517174901832457,2
1771108134372,7.802481112516053,-3.3282442473980205,-0.973282426654659,2
1771108134481,-4.216603196842208,3.357824302589465,0.8005725023935711,2
1771108134588,0.44370229529511873,7.270992503572449,-0.4322519100384155,2
1771108134698,3.6450380260567323,0.014312976568299106,-1.3950381768881897,2
1771108134806,2.1221374272454345,3.101144939806739,-1.2013358262956264,2
1771108134913,-0.224236631235826,2.794847240911633,-0.03625953997268041,2
1771108135017,-0.224236631235826,-2.84255717948123,1.2938931071206443,2
1771108135135,-3.619274552507444,6.4312975847475435,0.40553434443944125,2
1771108135230,1.8883588349761156,1.8883588349761156,-1.7967557529224896,2
1771108135331,-2.5677481467637637,4.1030534363248625,-0.4370229038953752,2
1771108135450,-11.870228447247472,-3.1440839912410823,2.4608778843678665,2
1771108135548,11.788167993238,6.304389254874122,-3.6059159831513687,2
1771108135656,-11.937022574688319,3.8492367765780187,0.45706105141417946,2
1771108135766,10.158396918587394,3.1297709029484975,-1.1669846705255165,2
1771108135873,-5.391221137373743,-9.45896932587881,0.5763358444773188,2
1771108135982,-3.34064872470441,0.9799618180544025,-1.928435183374577,2
1771108136112,0.09351144624587683,0.8072518937933147,-0.36354962517862244,2
1771108136200,-3.3301526449408043,-0.14503815989072164,-0.43129771126702354,2
1771108136308,-10.12595437380348,-8.358778676072435,1.0772900927363802,2
1771108136416,-1.435114525286651,9.078244336258544,-0.15648854514742488,2
1771108136524,1.1059160558781382,0.5295801580399667,-0.394083959182738,2
1771108136625,1.48664115222011,-3.3807250731028713,-2.195610625920908,2
1771108136732,6.927480945871351,-3.136450401069947,-2.914122194057331,2
1771108136841,1.1784350557822199,4.516221397615865,-0.15744274391881682,2
1771108136950,6.984732872154868,0.4742366292992343,1.6078243961868859,2
1771108137084,0.6708015228451206,-4.715648834115075,-0.648854951103106,2
1771108137158,5.2070608812168055,-2.1354962100449217,-1.3692748100606074,2
1771108137274,5.577290004516877,-1.0362595455665269,-1.3358778530618896,2
1771108137375,-5.236641149851661,-1.2748091316928054,-0.6612595351312012,2
1771108137484,1.2280533918946006,1.9694656238227246,-0.9446564635129009,2
1771108137591,-11.685114099040849,7.256678988393041,0.6211831867327399,2
1771108137700,-6.367366160342578,-2.490457939559311,-0.4904580084128973,2
1771108137808,-2.787213650740498,-7.338740296176159,-1.2022900250670183,2
1771108137917,-3.324427452312453,1.1211832362204093,0.5572519224103328,2
1771108138025,1.1316794227057208,3.7986639215291285,-1.192748037353099,2
1771108138134,-3.2299618806663566,3.8492367765780187,0.08874045905902375,2
1771108138242,-9.55534329506769,4.515267305566179,0.7624045515378937,2
1771108138351,-7.753816868453358,1.5229007055330035,2.2795801178033983,2
1771108138455,-5.268129602585889,2.3158396711162923,0.1469465574335055,2
1771108138560,-4.6297707312463885,1.312022883777091,-0.48282441824176175,2
1771108138668,6.441793877954561,-0.0019083969174613804,0.3807251763832509,2
1771108138768,-1.08206108659334,-0.3330152644940804,-0.224236631235826,2
1771108138877,-10.201335756578326,1.578244234273736,0.7366411847103114,2
1771108138985,-11.49618338263548,-3.1440839912410823,1.192748037353099,2
1771108139104,2.2433205644905048,-3.1078244379281887,-0.16603053286134425,2
1771108139202,-11.994274927858658,-2.751908402920702,0.4456106928379026,2
1771108139310,-3.325381544362139,3.277671605792542,0.6068702051618607,2
1771108139421,-3.442748099965053,-0.6555343425028496,0.9246182893136702,2
1771108139520,-16.574427322992666,-7.847328134606356,0.5753816457059268,2
1771108139627,-3.791984850294502,-6.520037963765288,-1.3024808960631717,2
1771108139736,11.555343066131545,2.3435113287649525,-1.2604961501219265,2
1771108139844,9.927481029353958,2.6192746669755165,-0.18606869372036172,2
1771108139952,-0.6650763302167689,0.6469465535603222,1.8301526031995017,2
1771108140053,0.03435114576494984,-4.928434839970359,2.2013358185492597,2
1771108140161,-2.354961714021656,0.31774808415180944,1.1211832362204093,2
1771108140262,-1.312977082548483,3.7433206062318076,0.4198473260103203,2
1771108140370,1.0381679431093107,-9.637404602850808,-0.8559160311343036,2
1771108140479,7.279579758906447,-4.388358548805934,-0.36068702886444665,2
1771108140587,2.535305388536438,-2.86450385794495,-1.031488551709567,2
1771108140695,-11.079198626258908,-7.273855206608331,1.0772900927363802,2
1771108140804,-7.469465848021972,-7.7290079138405785,1.5085877239621244,2
1771108140912,3.8511449606773906,-6.010496033285405,0.8530534348201277,2
1771108141021,-4.135495981108777,-2.19179383083534,-0.2786259612051664,2
1771108141129,-22.17938813138456,-10.251908184740392,-0.33587786080825627,2
1771108141238,-4.497137422188027,-3.744274698281494,-3.604007372165173,2
1771108141338,23.854007081899116,-2.2948472981456693,-6.205152582649361,2
1771108141464,3.8969465017042038,-6.458969242396204,-4.406488432184087,2
1771108141555,-3.1269084133560274,-12.982824428133883,-3.5896947107594115,2
1771108141663,-6.39790052102712,-11.08110681035828,-1.464694687199801,2
1771108141772,-1.9456107612596318,-12.457061225262043,-1.9895036913002495,2
1771108141880,-10.745228842828318,-16.675572179316802,-4.022900739527939,2
1771108141979,-3.9064887028615347,-15.548664390798274,-4.808206008218387,2
1771108142088,5.798664119479806,-11.531488630455275,-2.93606865907764,2
1771108142196,11.140267347627992,-7.113549386127662,-5.083015254379265,2
1771108142298,-9.768129300922974,-8.878816472872511,-1.2347327832943442,2
1771108142407,-11.708014869554255,-53.63740383512385,-11.763358184851576,2
1771108142513,17.09541878495561,-4.979961787068936,-2.5343510830433402,2
1771108142614,5.095419731685654,3.2824427063712074,-7.686068222076002,2
1771108142722,-20.197518243698855,-21.219464807694504,-2.3988548575056847,2
1771108142831,5.970419898330356,-14.770038193342453,-8.752862661935598,2
1771108142939,7.3606865477530565,-11.687023136913867,-4.958015108605215,2
1771108143049,0.03244274822216596,-13.86068644404082,-3.8349236882854334,2
1771108143156,-8.969465889763274,-13.038167743431204,-2.68702288646605,2
1771108143264,-8.250953894740029,-7.724236172931679,-3.846374073542137,2
1771108143373,-2.811068726747002,-10.201335756578326,-5.474236537206548,2
1771108143474,13.726144523996263,-12.947519180314087,-4.87595422770892,2
1771108143581,2.4341603187688925,-11.197518847024686,-3.3034350793418303,2
1771108143690,-14.407442233326694,-13.442748022501386,-2.2729008331253606,2
1771108143799,-2.307251775452059,-5.49904591870615,-1.0085877811961608,2
1771108143909,14.453243774353506,-7.234732736816143,-4.258587515896631,2
1771108144015,10.65076305773881,-3.4561068827645403,-3.8005725325153237,2
1771108144128,0.26145038332011156,-11.414122074852362,-3.9809159935866942,2
1771108144232,-5.202289994081552,-1.2557251562649667,-3.709923542511384,2
1771108144333,11.685114099040849,-13.972328447345618,-6.753816556034607,2
1771108144472,4.76335855924126,-1.638358756871428,-3.5419847721898146,2
1771108144548,-5.925572449353228,-3.785305352173053,-0.45992364772835526,2
1771108144658,1.7223282487539184,-5.988549354821685,1.5477098735891939,2
1771108144767,-1.7404580254103652,-5.6507632031923505,3.802480716614696,2
1771108144869,3.0295801386740497,-3.4227098190441168,1.4236641400299477,2
1771108144974,5.36164129562571,-7.751908684353985,-0.8311068630781132,2
1771108145084,4.531488577958137,-5.841602957470738,-0.525763362954399,2
1771108145192,3.861641253884408,-10.434159829911135,-1.8902672325188994,2
1771108145300,5.070610777072876,-1.3988549719737573,-2.4627862819106503,2
1771108145410,-5.821564889993213,-4.236641264319734,-2.6841601834301683,2
1771108145518,-10.958014848683604,-1.9188931956606576,-1.432251928972475,2
1771108145617,0.6879771007301755,-6.889312995015674,-2.0477099230768636,2
1771108145725,-0.1879770912631456,-6.229007445212453,-1.313931281319875,2
1771108145833,3.8244273950784167,0.05629770750180448,1.0085877811961608,2
1771108145934,6.662213473980981,3.5753816224668267,1.8645037589696114,2
1771108146043,-1.9150764005750898,0.1383587818311913,1.5543892649889375,2
1771108146150,-7.471374032121345,-3.785305352173053,-1.174618260696652,2
1771108146251,5.879770908326416,-4.526717690822883,-1.774809181180475,2
1771108146361,1.4437023142291785,5.039121897451825,-3.523854888811662,2
1771108146471,-4.7337787174932275,-1.7003816770119038,-1.6364503593286441,2
1771108146568,-1.2166030066378972,-1.3874045867170541,-1.4742365681920147,2
1771108146668,7.1393128596769495,-5.136450385577214,-0.5896946272768059,2
1771108146776,-2.4265267285977568,-0.7862595208226921,1.7471374168101088,2
1771108146877,-0.7566793589095421,-9.565839588274708,2.145992289808527,2
1771108146985,8.67080135415248,-7.20229019203223,-0.5801526395628865,2
1771108147099,2.207061011177611,-0.4713740329850585,-0.6975190884440948,2
1771108147202,-2.1097327364956335,-3.9036259998256533,0.5916030248195897,2
1771108147310,-3.141221288205201,-3.427480919622782,0.973282426654659,2
1771108147420,-3.106870132435091,1.8282442056567179,-1.2853053181781169,2
1771108147527,-5.154580268955366,-3.8788166183260513,0.4580152501855714,2
1771108147628,-5.766221147809069,-0.47996182192758596,2.5095419149871496,2
1771108147736,5.004770741681714,-3.9618320181588556,1.6354961605572522,2
1771108147845,5.510496303962853,4.171755747865082,1.3215648714910104,2
1771108147952,3.769084079781096,3.4217557269944305,-1.4914121460770695,2
1771108148061,-3.8005725325153237,8.729961891422192,-1.3473282383185927,2
1771108148169,-3.6164122763583855,-5.315839754598898,-1.6679389187845781,2
1771108148271,-1.1183206399062335,0.6202289879613478,0.6040076088476849,2
1771108148378,5.358778592589829,0.12309160148892029,-0.044847328915207846,2
1771108148487,-10.256679071875647,-2.7900763537763793,-0.15553434637603294,2
1771108148595,-2.6574426178311943,-5.727099104903705,0.9456106622842928,2
1771108148704,12.86545787253097,2.982824292154139,-0.22232824703325535,2
1771108148813,11.145038234763247,-1.1860686459533554,-0.9312976807134138,2
1771108148922,-3.370228993339266,-1.5324426932469228,-0.5047709899837763,2
1771108149029,-1.712786261039999,3.402671751566592,-2.6421754374889233,2
1771108149137,-4.81965639347509,-1.8492365786273404,1.9074428104039542,2
1771108149247,-1.2547709574935748,-2.787213650740498,1.050572527137406,2
1771108149354,3.447518987100307,0.1956106814342811,-1.6498091421281311,2
1771108149473,3.5925569869084697,3.7490455854167477,-0.8769084041049262,2
1771108149564,-7.819656476957696,-3.852099052727077,1.2757633304641975,2
1771108149671,-0.4866412133273295,5.827289869178153,-0.24332060666366476,2
1771108149780,7.052480664758578,-3.0362594233520874,-2.485687052424057,2
1771108149887,3.03244262826652,-0.4990457973554247,-1.189885441038923,2
1771108149989,0.10782442781675589,5.655534090327604,0.03912213628685622,2
1771108150111,-1.8225190130283662,1.9217556852531277,1.5372136871038826,2
1771108150198,3.2375954708374923,1.4083969596876769,-0.4122137358391848,2
1771108150306,7.221373740573245,-3.9990458769648467,0.4990457973554247,2
1771108150413,-9.852098792805466,-0.9704198303404832,2.56870223881345,2
1771108150514,-12.02099206657081,4.549618461336289,0.8654580188482229,2
1771108150622,7.907442337038931,1.2833969206353328,-1.1183206399062335,2
1771108150731,15.327289422061698,8.62786251616155,0.6393129633891866,2
1771108150832,4.256679331797258,-5.451335766693141,1.2767175292355895,2
1771108150941,-0.5753816457059268,3.8091602147361456,0.84923663973456,2
1771108151039,-8.398854811027485,-2.993320585361156,2.119274724209553,2
1771108151148,-10.326335902352374,-2.985686995190021,1.9484732508521019,2
1771108151256,-10.849236402188334,-3.6526716162278676,1.0582061173085415,2
1771108151364,1.051526725908798,3.364503800710914,-0.6984732872154867,2
1771108151474,4.470419856589053,-3.7232825387542827,-0.5839694346484543,2
1771108151582,-5.40839692870221,1.1708014656110843,-0.569656506438428,2
1771108151689,-1.8311069086925993,1.004770986110593,-0.16125953900438456,2
1771108151798,13.459923386943029,-9.384541608266828,-1.6459923470425635,2
1771108151907,-20.40458055102967,2.8816794358300055,0.989503805768322,2
1771108152015,0.8740458077907504,-0.7299618466714207,-1.142175502469326,2
1771108152154,-3.178435147011192,0.9666030352549154,-1.3998091707451494,2
1771108152224,-7.502862057968749,-2.9904578823252748,0.6984732872154867,2
1771108152324,0.14312976234793776,12.385496210685941,0.5143129776976957,2
1771108152432,14.028625427805801,-3.8740457311907974,-2.4188931384266215,2
1771108152533,-8.72328196641392,-8.825381341674563,1.051526725908798,2
1771108152640,-5.978053488501491,4.194656518378489,-0.003816793834922761,2
1771108152749,6.8874043840294785,5.689885246097714,-1.8349237037781672,2
1771108152857,-3.8759543421769926,-7.556297189166698,-0.9809160168257945,2
1771108152958,-6.477099125774357,4.9541983135196475,-0.17938931566083138,2
1771108153066,-2.4475191015683793,2.0458015255340793,-0.08778626028763181,2
1771108153175,5.682251655926579,-2.735686917085333,-1.2099236152381538,2
1771108153284,6.192748105342971,-1.36068702111808,-0.8387404532492487,2
1771108153392,1.1183206399062335,-5.728053196953391,-1.281488523092549,2
1771108153501,-5.666984475584307,4.425572407611925,0.8005725023935711,2
1771108153609,-8.945610600313358,-2.643129742982021,2.919847386685683,2
1771108153709,9.117365952277085,-1.9255724803386953,-0.05057251820850617,2
1771108153817,3.825381487128103,7.552480820967953,-1.125954230077369,2
1771108153927,-6.2041984905996745,-8.565839275855955,-1.0868320804502996,2
1771108154025,-0.5916030248195897,3.332061042483588,-2.2910305030601017,2
1771108154146,-2.900763411257844,-7.000000052497138,1.265267143978886,2
1771108154243,-5.833969367299602,-7.254770804293669,3.596373781994038,2
1771108154352,-5.864503727984144,-4.812976895353641,0.6249999818183075,2
1771108154484,-4.533396762057508,2.1774809559861668,2.8940839131363947,2
1771108154560,13.052480404836967,8.319656206280248,-0.5190839715546554,2
1771108154669,-8.166030737694674,-13.388358372366929,0.8463740434203842,2
1771108154778,-8.096373907217947,5.1288167954060775,-1.2395037771513038,2
1771108154877,-1.791984652343824,1.7814885725802185,-0.4370229038953752,2
1771108154985,8.237594898497129,-5.300572574256627,-1.5124045190476922,2
1771108155118,15.336831196332207,-3.5267175918475435,-3.934160360510195,2
1771108155195,5.2080154001533145,-4.574427415949068,-1.2194656029520732,2
1771108155302,-7.98854912588554,-1.3692748100606074,0.4217557235531042,2
1771108155411,-8.427480987612654,2.1879770357497725,0.7366411847103114,2
1771108155512,-5.895038088668686,-1.7833969701230024,2.929389374399602,2
1771108155619,-2.517175505158285,-4.790076124840234,-0.2891221210100513,2
1771108155728,10.70801541090915,5.167938838311442,-0.41603053092475256,2
1771108155836,4.0896944400819635,-8.015267118371337,0.12118320394613641,2
1771108155944,7.3826336531036,3.8435113705062554,-0.3368320595796482,2
1771108156053,-5.953244107001889,-6.483778623895806,-1.110687049735098,2
1771108156161,4.169847136878887,-0.03148854945077403,-3.141221288205201,2
1771108156269,-3.599236485029919,-5.709923740462062,-0.3101144939806739,2
1771108156371,-10.839694627917826,3.208969507695734,3.12595410786293,2
1771108156489,-9.083015223393797,0.9656488364835235,0.9589694450837799,2
1771108156587,1.775763379951867,-1.8234733185214638,-1.2729007341500216,2
1771108156696,-10.547710017315305,-5.233778446815779,2.6965648741799693,2
1771108156796,9.770992003958856,2.707060953943575,2.739503712170901,2
1771108156904,6.077290160726252,-4.59255729932722,-0.31583968660902556,2
1771108157013,-5.088740233564205,-0.35877863132166277,0.13167939043144772,2
1771108157121,-2.5391221836220055,-0.7061068773866223,-0.47996182192758596,2
1771108157229,1.0591603160799334,-0.84923663973456,0.18702289249175366,2
1771108157339,4.642175635439601,-1.6612595273848345,1.6564885335278747,2
1771108157447,0.9942747996252816,0.7223282565002852,1.2881679144922926,2
1771108157554,-2.799618341490299,-1.4141221523160283,0.4103053382964009,2
1771108157655,5.124045908270824,9.003816618646562,-2.8339694972604086,2
1771108157763,-2.1078243389528497,0.15076335251907325,0.3015267050381465,2
1771108157872,10.791030383855132,0.2643129796342874,-3.325381544362139,2
1771108157980,5.625954248579571,3.041030523930753,-1.0458015332804462,2
1771108158114,-1.2423663734654797,0.5171755740118715,-1.897900822690035,2
1771108158197,-0.3520992399219192,11.305343628357091,-2.020992357477889,2
1771108158306,3.5019084237913534,-1.8377861933706372,-0.9513358549126445,2
1771108158414,6.645992201589024,-1.5200381092188278,-1.6259541728433327,2
1771108158523,2.7328244274928633,-5.339694617161991,-0.7270992503572449,2
1771108158631,-0.4580152501855714,-8.147900854316521,0.912213705285575,2
1771108158740,7.141221470663146,4.900763182321699,-0.37309158621211536,2
1771108158850,-2.813931216339472,-3.1975191224390307,1.0381679431093107,2
1771108158956,18.905533320677584,-7.9255722204170835,0.22519083000721793,2
1771108159064,-2.143129800216057,10.684160121459234,0.9208014942281024,2
1771108159173,17.300572054413404,0.03721373874407234,-1.542938879732234,2
1771108159282,0.7853053220513002,3.8282441901639843,-1.083015285364732,2
1771108159390,-4.0505723971766,-8.011449896398947,1.1374046153340722,2
1771108159491,-1.9770992139938601,-2.8788167327941236,-2.6946564766371854,2
1771108159599,-8.97709947993441,-0.09446564501726877,-0.6078244039332527,2
1771108159707,12.333969263587365,-5.344465504297244,-3.0333969337596174,2
1771108159808,-17.72709858506048,-2.782442763605244,2.5095419149871496,2
1771108159916,-6.8454196380882335,5.502862713791718,1.0877862792216915,2
1771108160024,1.9370228655953987,-10.281488026488425,-1.0095419799675527,2
1771108160128,3.1297709029484975,5.651717295242037,-1.222328199266249,2
1771108160225,-11.18988525685355,4.6612596108674405,1.0448473345090543,2
1771108160334,-1.499999935019597,-10.242366410469884,-0.24141220912088088,2
1771108160442,8.980915848133154,9.450381216771165,-0.8826335967332778,2
1771108160550,7.056297459844146,-3.846374073542137,1.5562976625317213,2
1771108160660,-8.00572534410083,7.84064906337173,3.308205966477084,2
1771108160767,-0.9188930966853186,7.57442707254485,2.8196564089678238,2
1771108160867,9.247136985186389,-5.932251947474678,1.4914121460770695,2
1771108160975,-0.21183206054794404,5.777671533065773,1.1631678754399488,2
1771108161077,0.31774808415180944,-2.8816794358300055,-1.1994274287528424,2
1771108161177,0.4112595370677929,-10.618320512954897,-2.6383586424033556,2
1771108161285,10.214694752821224,5.578244096566563,0.3988549530396977,2
1771108161385,-10.160305102686767,8.72328196641392,3.2996182842562622,2
1771108161495,1.236641180837128,1.1717556643824762,0.6431297584747544,2
1771108161602,5.329198323954973,1.160305279125773,0.8215648753641939,2
1771108161704,-9.075381633222662,-4.0477096941407185,1.403625965830717,2
1771108161810,-9.09732788479956,5.599236682980598,0.4541984551000036,2
1771108161918,0.1984732777484569,-6.973282486898165,-0.011450381921649946,2
1771108162021,11.097327655863415,10.702290004837387,-0.9856870106827542,2
1771108162127,-1.3816793940887024,-8.714694711079922,2.2881678000242203,2
1771108162241,-10.187976760335427,2.9608778271338303,3.1049617348923073,2
1771108162358,-11.367366014889038,-16.00095439499464,0.6173663916471721,2
1771108162452,6.6650761770168625,7.526717347418665,-1.094465670621435,2
1771108162566,-7.4103053107522605,-13.94465593592331,-2.160305378101112,2
1771108162670,7.355915660617803,14.429389338677238,0.23664121526392118,2
1771108162777,3.7471374013173753,-11.227098688772719,-0.9379770721131573,2
1771108162885,16.598281758668936,9.119274990150103,-0.9446564635129009,2
1771108162986,-9.072518930186781,-1.4875953509915019,1.5505724699033696,2
1771108163121,-14.712785840172113,-7.708968992589408,1.050572527137406,2
1771108163203,-7.815839254985304,-7.609732320364646,0.9322518794848057,2
1771108163311,-5.854007434777127,4.393129862828012,-0.29198471732422715,2
1771108163420,17.589693961980043,-9.756679342553094,-2.5410305811647893,2
1771108163530,1.9112596054895221,8.16984710589342,-0.68034351055904,2
1771108163636,-10.942747668341331,-5.155534361005052,-0.2595419857773277,2
1771108163756,-6.480915920859925,-6.919847355700216,-0.9799618180544025,2
1771108163853,4.99427487536152,0.16889312917552007,1.6956106831549442,2
1771108163954,-4.638358840354034,1.2986641009776039,1.0114503775103365,2
1771108164063,-8.76812984227787,-2.6202289724686145,2.136450302094608,2
1771108164171,-2.1421754947229594,3.7175571326825194,0.7213740577288933,2
1771108164279,12.300572199866942,-2.59064891727717,-0.34064885466521594,2
1771108164388,-0.04866412066572229,1.5992366072443585,-0.2671755759484632,2
1771108164501,-7.188931195789331,3.2528626511797634,0.40839694075361704,2
1771108164604,-0.8473282421917762,5.89980897580394,-1.529580096932747,2
1771108164705,14.793892629018723,9.911259330075177,-1.436068724058043,2
1771108164814,-4.7356869015926,-5.9818702835870585,0.07156488117396888,2
1771108164923,6.459923761332713,0.1727099242610878,-0.632633571989443,2
1771108165024,-18.16889229604983,-7.50667927994114,-1.4141221523160283,2
1771108165154,5.154580268955366,-3.11354963055654,-2.3979007654559985,2
1771108165239,12.31488571504635,-1.280534324321157,-0.7700381417090292,2
1771108165348,7.783396710201391,-1.5219465067616116,-1.3206106727196185,2
1771108165456,9.065839858952154,-7.20133567309572,-0.9866412094541461,2
1771108165565,-8.593510933504616,2.8282443046320567,1.60973279372967,2
1771108165673,-12.92080118782829,0.18988548880592948,3.4770992557351628,2
1771108165781,-0.8826335967332778,-2.8253816015961752,-0.6822519081018238,2
1771108165890,12.572518742991939,1.577290035502344,-1.5954198121587908,2
1771108165998,-6.119274906667497,4.665076405953008,-1.2643129452074942,2
1771108166145,14.127862100030562,-6.1669846317936825,-2.9770990995257876,2
1771108166206,7.222328259509754,2.07347318318274,-0.42748091618145584,2
1771108166317,-17.112595003170895,-4.627862547147016,4.983778582154503,2
1771108166423,6.957060787619384,2.0811067733538753,-0.003816793834922761,2
1771108166532,0.08301526643067213,2.53148859345087,0.6402671621605786,2
1771108166633,3.4589693723570103,1.6612595273848345,0.1774809181180475,2
1771108166741,-8.983778551169037,4.914122178564598,0.8301526643067213,2
1771108166841,10.16603050875853,-3.58110702853859,1.2251907955804247,2
1771108166951,-9.990457934822413,2.916984683649801,3.9618320181588556,2
1771108167058,3.4045801491093757,-6.910305154542885,2.0305343451918083,2
1771108167168,3.3301526449408043,-1.3148854800912668,3.2385495628871785,2
1771108167273,-16.783396960649206,4.4799616308595605,4.398854842012951,2
1771108167374,12.954198251548714,3.523854888811662,-0.8778626028763181,2
1771108167495,8.832061266682835,7.296755977121737,-3.876908434226679,2
1771108167583,2.3091601729948428,0.48568701455593755,-3.2671755260289363,2
1771108167691,-7.572518888445478,5.895992180718372,0.8864503918188456,2
1771108167799,-12.295801312731689,-4.145992274315794,1.1917938385817068,2
1771108167901,17.13358758958493,4.1803434300859035,-2.4608778843678665,2
1771108168008,7.052480664758578,-3.658397022299631,-0.8988549224860879,2
1771108168124,-2.1049618493603797,-1.6192747814435893,-0.6173663916471721,2
1771108168225,-4.396946657913579,3.8062975117002638,0.324427475551553,2
1771108168338,-1.4666029780208791,-7.233778217879634,-1.5658396502456406,2
1771108168442,-6.781488640570091,0.3196564816945933,-0.7156488651005416,2
1771108168543,5.384542066139117,-4.839694460952615,-0.4780534243848021,2
1771108168650,7.639313015886326,-1.2185114041806813,-1.574427439188168,2
1771108168751,-17.61736647340235,-13.979007518580243,0.9770992217402268,2
1771108168859,-4.784351145655294,6.304389254874122,0.5276717604971828,2
1771108168968,10.88835887198052,-0.23664121526392118,-2.2022901240423574,2
1771108169076,1.795801447429392,-5.50477089789109,-1.729961838925054,2
1771108169188,18.61068600703918,6.955152603520012,-1.4246183388013398,2
1771108169294,15.350191046348751,5.581106799602445,-4.400763452999147,2
1771108169403,2.9914121878183724,-11.78530529020212,-0.9160305003711428,2
1771108169511,-0.4742366292992343,5.582060891652131,-1.2423663734654797,2
1771108169610,-8.858778405394986,-5.949427311916321,3.902671907775967,2
1771108169720,9.597328467895759,6.469465535603221,1.88358773439745,2
1771108169827,9.429389484130777,4.96564869877635,0.3139312890662417,2
1771108169927,-14.235686881362968,2.7414121097136848,0.4122137358391848,2
1771108170035,13.93320597755343,3.570610735331573,-3.4942748336202176,2
1771108170138,-6.205152582649361,2.6545801282387242,0.2557251906917599,2
1771108170244,0.9541984512268202,3.138358798612731,1.916030492624776,2
1771108170352,-8.155534444487659,-4.697518950736922,2.8501907696523654,2
1771108170462,-5.53339707447626,2.5066794253946796,1.1727098631538682,2
1771108170569,2.4351144108185787,4.414122022355222,-0.9398854696559412,2
1771108170679,13.068702104115745,-3.3835877761387527,-3.0353053313024017,2
1771108170786,-0.20324427160541658,4.687022657529905,-4.6364502293678385,2
1771108170894,-5.197519106946298,-1.6898854905265925,-3.3129770670557495,2
1771108170995,11.752862745418204,13.61641241233813,-1.1727098631538682,2
1771108171134,7.369274656860701,-9.778625594129991,-2.3005724907740213,2
1771108171204,5.50477089789109,6.601144752611897,0.2566793894631519,2
1771108171312,5.004770741681714,-3.3263358498552367,-1.995228883928601,2
1771108171419,-13.374045710961166,1.4952289411626374,0.49427480349846503,2
1771108171530,-10.187023095172563,1.2118320127809377,0.3101144939806739,2
1771108171636,-6.242366441455352,-8.236641233334266,0.1393129806025832,2
1771108171747,12.408396981199349,12.335877447686737,-3.136450401069947,2
1771108171854,-1.3253816665765783,-3.3940838559023585,2.744274812749566,2
1771108171954,6.674618378174194,-2.59064891727717,1.6479007445853473,2
1771108172062,-1.5658396502456406,-0.724236654043069,0.12022900517474447,2
1771108172171,3.887404727433696,3.902671907775967,-1.2929389083492524,2
1771108172279,12.583015036198956,11.09637399070055,-1.865458064462709,2
1771108172389,1.7185114536683508,-1.126908428848761,0.7910305146796518,2
1771108172499,2.7385496201212147,-7.218511037537364,1.5114503202763003,2
1771108172606,-1.0772900927363802,7.763358642723865,1.8110686277716628,2
1771108172714,-12.89694675215202,-1.2423663734654797,3.2662212205358387,2
1771108172822,-3.8377863913213153,-2.09541986164646,1.761450398380988,2
1771108172930,6.159351041622547,-4.457060860346154,1.126908428848761,2
1771108173039,-14.57251936782944,-7.04866386967301,3.933205841573686,2
1771108173141,3.861641253884408,3.6545802272140633,1.7414122241817571,2
1771108173246,-2.2375953718621533,-1.9475191588024157,4.359732799107587,2
1771108173356,-17.09446597356639,5.740458101146604,1.6631679249276183,2
1771108173463,10.168893211794412,-0.16316793654716844,-2.2729008331253606,2
1771108173572,14.293892899696171,3.1860687371823277,-1.3540076297183363,2
1771108173681,-5.294847168184863,-3.1622136611758234,1.7585878020668122,2
1771108173789,-10.954198480484859,7.357824698490821,4.9541983135196475,2
1771108173897,13.437022616429623,-5.169847449297637,-1.1211832362204093,2
1771108174005,-17.85591595280692,2.5868321221916024,-0.2318702214069615,2
1771108174107,13.368320304889403,4.877862411808293,-4.068702280554753,2
1771108174214,-0.35019084237913534,-3.8396945754206877,-3.3711830853889517,2
1771108174323,-4.7757634634344726,-9.98854975072304,1.0171755701386882,2
1771108174431,-10.101144565417055,-0.8501908385059519,2.907442695935882,2
1771108174544,-7.502862057968749,-3.121183220727676,-0.5896946272768059,2
1771108174647,-4.582061006120203,-6.807251687232555,-3.058206101815808,2
1771108174748,-15.371183632762786,3.491412130584336,1.0582061173085415,2
1771108174851,16.0419850488862,0.33015266817990463,-6.082061047861506,2
1771108174957,0.15076335251907325,2.0152671648495377,-9.894083965633532,2
1771108175065,-0.70992367247219,8.65553417381021,-4.605915868683296,2
1771108175174,-6.654579883809846,2.827289999138959,5.426526812080362,2
1771108175284,22.597327406697637,-6.019083715506227,6.097328228203777,2
1771108175390,-6.669847064152116,1.5553434637603294,6.556297730521593,2
1771108175503,-0.7337785883961355,-5.013358850789359,-2.2461832675263866,2
1771108175607,-7.654580196228596,1.485686953448718,-3.108778529977875,2
1771108175718,9.874045898156009,0.04961831943711423,-1.2948473058920362,2
1771108175824,-0.06583969521572386,-3.5009541182982553,4.506679196458535,2
1771108175933,-6.415076312355587,-4.559160235606797,3.8501908686277044,2
1771108176042,0.17557252057526362,2.5104962204802472,1.9446564557665342,2
1771108176149,-10.618320512954897,-2.826335907089273,2.6755725012093468,2
1771108176258,-7.222328259509754,3.8635494379837803,1.7872137652085702,2
1771108176366,7.600190546094138,-3.3301526449408043,-2.0591603083335666,2
1771108176519,-3.790076239308307,-5.010496147753478,-0.6335877707608351,2
1771108176583,-7.341602999212041,-3.325381544362139,0.10687022904536396,2
1771108176694,5.027671512195121,4.821565004461285,-1.606870197415494,2
1771108176800,5.356869981603634,-0.5057251887551683,-2.376908392485376,2
1771108176909,0.4017175493538735,0.1669847316327362,-1.6459923470425635,2
1771108177017,2.2576336527830896,-6.0591602773480995,-1.7003816770119038,2
1771108177120,-4.423664223512553,-0.4293893137242397,1.574427439188168,2
1771108177225,-11.639312558014035,-0.08778626028763181,1.9398855686312801,2
1771108177334,8.713740192143412,2.270992435582577,-0.43034351249563163,2
1771108177435,-4.55820614355711,-6.896946585186809,-1.083015285364732,2
1771108177543,-0.3368320595796482,5.438931289386752,-0.5763358444773188,2
1771108177643,1.7662213922379475,-3.2061068046598526,2.0620227979260366,2
1771108177751,-0.39599235672552185,-5.995228852943134,4.1564885675228105,2
1771108177859,9.341602770275896,-3.491412130584336,2.3721372919067107,2
1771108177968,-6.066793867519235,-11.73091564006766,2.0314884372414945,2
1771108178091,5.797710027430121,-0.08301526643067213,-1.5410304821894503,2
1771108178186,-7.095419929636332,-3.532442784475895,-1.2853053181781169,2
1771108178293,3.2633587309433687,3.2070611101529503,-0.6135495965616043,2
1771108178402,11.756679113616949,-1.8167938204000145,-1.3187022751768347,2
1771108178511,-4.736640993642285,2.798664035997201,0.3520992399219192,2
1771108178619,3.719465743668715,4.969465493861919,-1.0610687136227173,2
1771108178720,1.266221342750278,-5.3749998649817865,0.45038166001443586,2
1771108178827,-3.0448473190163208,5.838740254434856,-0.1030534339597962,2
1771108178936,9.122136839412338,0.09160305537319957,-1.9217556852531277,2
1771108179044,6.374999750513713,4.865457934501903,-1.6106869925010618,2
1771108179152,14.14217561520997,4.657442815781872,-1.3969465744309735,2
1771108179261,1.5982824084729665,-3.49045803853465,0.741412178567271,2
1771108179361,-6.651717607660787,3.9875954917081438,1.3673664125178235,2
1771108179472,-1.374045803917567,-3.836831872384806,1.8444656914920865,2
1771108179580,8.317748022180876,0.1498091537476813,-0.4770992256134101,2
1771108179688,12.165075760885875,8.47423619380233,-0.5782442420201026,2
1771108179795,2.7757632654837945,-4.722328332236524,-1.375000002688959,2
1771108179903,7.222328259509754,1.82156492097868,-0.9914122033111058,2
1771108180012,-10.71660266624315,-6.175572314014505,0.394083959182738,2
1771108180115,0.5295801580399667,5.245228832072483,0.12213740271752835,2
1771108180220,11.571564765410326,-2.751908402920702,0.54103054329667,2
1771108180329,-18.2108774688779,-6.593511162440762,3.3788166755600875,2
1771108180437,-8.61545803885516,4.199427405513743,1.050572527137406,2
1771108180546,6.843511453988861,-2.4322519212261087,-1.1555342852688133,2
1771108180654,-5.04103050843802,6.307251957910004,-2.4265267285977568,2
1771108180763,-5.348282299382812,-0.7490457687384066,-0.4656488403567069,2
1771108180872,6.891221179115046,7.9093513749119495,-1.6937022856121604,2
1771108180979,1.6116411912724538,-3.8501908686277044,-0.8893129881330214,2
1771108181100,-7.5963741778953935,1.2080152176953698,-0.027671756032732926,2
1771108181188,7.765266826823238,3.3864502657312228,-0.8263358692211535,2
1771108181296,4.635496137318152,-3.34064872470441,0.24141220912088088,2
1771108181405,-5.447518971607574,5.208969492203001,-1.3396946481474572,2
1771108181519,-16.584923616199685,-6.67557247022388,-0.9284350843992379,2
1771108181613,13.825381196221024,-0.8606870249912633,0.15648854514742488,2
1771108181721,2.062977103419134,-4.9427479282629445,2.206106919127925,2
1771108181831,-4.5772901189849495,4.286259600432114,1.2509541624080072,2
1771108181938,6.3893128388062985,0.19274808512010527,-1.8616412693771414,2
1771108182047,-8.028626114614235,-1.5849236256734796,-0.6688931253023367,2
1771108182177,-5.15935115609062,-9.086831591592542,-1.2853053181781169,2
1771108182265,2.3129769680804104,-1.8950381196541535,0.00858778644123746,2
1771108182372,10.42652623974,3.168893159297273,-1.2471373673224393,2
1771108182509,13.561068243267163,-2.1440838922657433,-1.0257633590812156,2
1771108182589,0.6469465535603222,-3.196564816945933,1.6040076011013182,2
1771108182699,22.723282925181845,-2.8826335278796913,-2.796755638454417,2
1771108182798,-11.310114515492346,1.0305343529381752,-0.4742366292992343,2
1771108182906,6.178435017050386,-1.9570609330729236,-2.07347318318274,2
1771108183014,2.49999992727323,0.12977099288866384,-1.6937022856121604,2
1771108183126,6.084923750897388,3.873091639141111,-1.979007611536644,2
1771108183232,-6.050572595127278,5.300572574256627,-0.16603053286134425,2
1771108183340,-11.3864504172037,-3.6612592984486896,1.8816793368546663,2
1771108183448,4.6192748649261945,1.7986641504652734,1.7862595664371783,2
1771108183552,-5.015267034888732,2.0372136298698464,1.5238549043043954,2
1771108183657,-13.35019042151125,-2.2156489068418446,1.0133587750531203,2
1771108183768,-1.2604961501219265,0.6727099203879044,0.3349236620368643,2
1771108183874,7.47805310335597,-3.0696564870725114,-0.169847327946912,2
1771108183984,-0.7805343281943405,3.7385497190965538,0.023854960947165174,2
1771108184120,-8.43511457778379,3.2709923211145044,0.9790076192830106,2
1771108184199,2.9770990995257876,1.1173664411348416,-0.309160295209282,2
1771108184301,-3.2299618806663566,5.12500000032051,2.99809147249641,2
1771108184408,-5.4589693568642765,-7.2118319663027375,0.17080152671830395,2
1771108184519,-3.3187022596841014,7.012404529803528,0.6145037953329963,2
1771108184624,5.073473053221934,-4.500000125223909,-2.2662213350039115,2
1771108184725,-6.8959920662503,-0.10687022904536396,0.061068701358764174,2
1771108184834,-14.807252479035268,-1.5725190416453843,1.7471374168101088,2
1771108184942,0.6583969388170254,5.161259340189992,-0.5009541948982086,2
1771108185053,-17.426525865350314,0.7938931109938276,2.331106851458563,2
1771108185158,-6.263358600982563,-3.714694429646638,1.654580135985091,2
1771108185267,-3.520038093726094,-1.098282465707003,-0.2337786189497454,2
1771108185368,0.06870229152989968,4.782442534669099,3.083015269871998,2
1771108185476,15.946563891086537,3.6803432738765283,-2.254770949747208,2
1771108185576,-0.5543893260961571,-1.499045736248205,-1.8005725480080574,2
1771108185684,10.848281883251826,10.677481050224609,-1.3015266972917798,2
1771108185793,-14.971373387054213,-6.162213744658429,1.7070610684116474,2
1771108185901,2.8206107144609214,6.314885548081139,0.1669847316327362,2
1771108186010,4.791984735826429,-14.887404748945368,-1.3196564739482266,2
1771108186134,3.3282442473980205,9.006679321682443,-1.096374068164219,2
1771108186236,-4.41793881744079,-7.1526718559198486,0.07156488117396888,2
1771108186343,2.239503769404937,5.929389244438796,-1.083015285364732,2
1771108186453,-6.660305289881609,-14.139312912174088,-2.07347318318274,2
1771108186560,-5.916984767132407,8.204198688550353,-0.18511449494896978,2
1771108186668,-6.066793867519235,-9.994274303021157,0.7480915699670146,2
1771108186780,1.7681297897807315,5.456106653828395,-0.524809164183007,2
1771108186886,6.6230914310756175,-5.749999875417112,-2.143129800216057,2
1771108186993,-13.236641087880727,3.352099109961113,-1.542938879732234,2
1771108187114,-2.173664160900599,0.8940839819899811,3.852099052727077,2
1771108187211,-8.086832132947437,4.774808944497964,2.1240458247882184,2
1771108187319,16.879770929838088,6.300572459788554,-0.3874045677829944,2
1771108187428,10.023854998542836,-8.57156468192772,-2.5868321221916024,2
1771108187527,-4.3120226470945795,11.434160142329885,-0.4370229038953752,2
1771108187636,-6.94656492129919,-9.102098771934813,-0.9360686745703735,2
1771108187744,-2.8034351365758665,2.8511450751454634,-0.7805343281943405,2
1771108187853,7.285305164978211,-0.21946565071907953,0.24904579929201637,2
1771108187961,-2.87690833525134,-5.897900791704568,-1.2671755415216701,2
1771108188100,11.215648730402838,6.527671553936424,0.2213740482618634,2
1771108188178,6.9656488967270285,-3.1822519420967597,-3.5314884789827974,2
1771108188287,-0.942748065970117,-1.3330152567477136,-1.3110686850056992,2
1771108188397,-4.367366389278724,-12.405534278163467,-1.1001908632497868,2
1771108188521,8.94847330334924,-5.1412212727124675,1.1278626276201529,2
1771108188613,-9.672709850670604,-2.907442695935882,1.6440839494997797,2
1771108188724,1.502862531333773,7.61545772643641,2.4790075543026076,2
1771108188829,5.333015119040541,0.30725189766649813,0.7547709613667581,2
1771108188929,-9.556297814004198,0.6574427400456334,-0.49522900226985694,2
1771108189037,-5.4923664205847,5.851145158628069,0.3883587665543864,2
1771108189145,3.6154577574218765,-6.463740556418281,-1.1698472668396924,2
1771108189255,10.272900771154427,2.4055343556271342,-2.269084038039793,2
1771108189362,1.9770992139938601,-1.6917938880693764,-0.9036259163430476,2
1771108189471,-11.671755956571596,-1.5992366072443585,-0.06297709890154805,2
1771108189580,-2.181297751071735,1.795801447429392,-0.5791984407914945,2
1771108189688,-4.929389358906869,6.159351041622547,1.280534324321157,2
1771108189788,4.174618450900963,2.382633585113728,0.9933206008538897,2
1771108189896,4.5219463768008055,-6.816793888389887,-0.7213740577288933,2
1771108190004,-4.489503832016891,4.948473334334707,0.061068701358764174,2
1771108190117,-22.399808581184626,-3.5295800814400136,0.463740442813923,2
1771108190222,16.236640317589686,9.481870096392216,-2.270038130089479,2
1771108190330,-2.068702296047486,-8.371183153378825,-0.7566793589095421,2
1771108190438,-9.522900750283775,10.19370216640719,1.2700381378358458,2
1771108190547,-1.471373971877839,-4.341602915729435,1.8206106154855823,2
1771108190657,2.87404584565887,4.3120226470945795,0.9112595065141831,2
1771108190763,5.930343336488482,-9.871183195120127,1.7509542118956767,2
1771108190864,2.6727097981734653,-2.236641279812467,0.13549618551701548,2
1771108190972,-4.987595377240071,2.744274812749566,0.21946565071907953,2
1771108191101,-16.760495336362155,5.688931154048028,1.9570609330729236,2
1771108191181,-0.9303434819420218,3.819656507943163,-0.9627862401693477,2
1771108191291,-12.850190692188699,-6.701335943773168,1.7681297897807315,2
1771108191397,7.826335548192322,5.156488453054738,-0.15076335251907325,2
1771108191525,5.972328082429728,4.75763358005632,-1.189885441038923,2
1771108191605,-2.704198464351105,2.113549531581201,-0.47996182192758596,2
1771108191714,8.436068242946652,-2.0419847304485117,1.3807251953173105,2
1771108191815,-31.54293715323735,-8.94751878441273,2.781488458112146,2
1771108191923,23.97232815643854,-3.167938853804175,-4.18129752213559,2
1771108192032,-14.564884923884659,2.290076197567004,0.5982824162193333,2
1771108192145,-7.138358767627264,5.855916045763323,-2.2795801178033983,2
1771108192248,26.059159268647118,4.463740358467603,-3.397900650987926,2
1771108192358,-21.181297710612473,-8.162213515722284,3.333969440026372,2
1771108192465,-8.520992253765652,1.3206106727196185,1.8578244742915735,2
1771108192574,3.649808913191986,-0.8368320557064648,-0.23473281772113733,2
1771108192682,-1.8291985111498155,2.2681297325466954,-1.437022922829435,2
1771108192791,7.285305164978211,-1.1278626276201529,-2.173664160900599,2
1771108192900,-4.018129852392685,-0.6975190884440948,-0.394083959182738,2
1771108193007,-12.098282487218674,6.768129644327192,1.51622131413326,2
1771108193126,6.30152655183824,-1.2624045476647103,-1.6917938880693764,2
1771108193232,12.487595585946584,1.0085877811961608,0.6917938958157432,2
1771108193342,-5.557251937039352,-2.507633517444366,1.7538168082098524,2
1771108193449,-1.0763358939649883,-4.257633423846944,0.02671755726134099,2
1771108193560,5.2604960124147535,3.6555343192637495,-2.1116411340384174,2
1771108193666,9.19656455702432,1.1011450620211787,0.6612595351312012,2
1771108193774,-22.20228975567161,-1.158396881582989,6.43225167679723,2
1771108193883,-13.35400764348364,-4.499045606287399,2.885496230915573,2
1771108193991,5.22137396950939,2.4456107040255954,-0.9742366254260509,2
1771108194111,7.870228905119762,-1.5276716993899633,-0.26622137717707123,2
1771108194216,8.792938796890649,-1.7585878020668122,0.8893129881330214,2
1771108194316,-11.364503311853158,-6.960877582704952,1.8120229332647606,2
1771108194425,0.06583969521572386,0.34351145097939173,0.254770991920368,2
1771108194548,-0.5849236334198462,-3.5572519525320856,-2.4370228083613625,2
1771108194643,-9.316793815663116,-9.315839296726608,0.9828244143685784,2
1771108194750,-1.2433205722368716,0.3893129653257783,-1.0744274964222045,2
1771108194859,-3.305343476884614,-4.798664233947879,1.7509542118956767,2
1771108194967,-4.1145038215815655,-0.26049618454871964,1.9293892754242632,2
1771108195077,5.9570609020874565,0.08110686888788825,1.1984732299814504,2
1771108195176,-2.055343513247999,4.980915879118622,-0.6145037953329963,2
1771108195284,20.889312246236305,-7.393129946310617,-2.104007543867282,2
1771108195392,-0.7776717318801647,5.624999729643062,-2.968511417304966,2
1771108195493,19.428435528060835,7.20133567309572,-8.152671741451776,2
1771108195601,5.58874038977358,-0.24045801034948894,-3.9990458769648467,2
1771108195709,-8.425572803513282,1.7022900745546878,2.0038167795928343,2
1771108195810,8.829198563646955,0.8883587893616295,2.0973282591892444,2
1771108195918,-0.726145051585853,-2.362595304192791,2.902671808800628,2
1771108196027,-1.729961838925054,-1.8206106154855823,1.4312977302010832,2
1771108196137,6.218511152005436,6.750954279885549,1.4169847486302043,2
1771108196244,3.847328165591823,-1.3206106727196185,-2.6173662694327327,2
1771108196344,-3.4685113600709294,-0.020992366300516017,1.5715648428739923,2
1771108196452,-9.211831737366593,-6.354007590986503,-1.9408396606809664,2
1771108196561,-2.1526717879299766,4.178435245986531,-2.5963741099055215,2
1771108196669,-7.268129800536567,-1.6335877630144682,-0.2232824458046473,2
1771108196778,-0.9704198303404832,-3.964694721194737,-3.379770981053185,2
1771108196885,-0.2003816752912408,-1.280534324321157,0.6965648896727029,2
1771108196985,-0.7652671478520695,-10.628816806161913,-1.5343510907897067,2
1771108197100,-3.476144950242065,0.32061068046598523,0.7175572626433255,2
1771108197202,10.015266889435193,-1.2576335538077505,0.8597328262198713,2
1771108197311,5.323473344770033,-5.129770887455764,-1.1183206399062335,2
1771108197420,-1.713740459811391,-5.9408396296955,-2.5553434560139627,2
1771108197549,-10.25858725597502,6.945610402362681,-3.612595481272818,2
1771108197630,-1.2547709574935748,-0.03148854945077403,-1.9580152385660212,2
1771108197736,-2.8368319868528786,1.5858778244448715,-1.3959923756595816,2
1771108197837,-2.3062976834023727,0.6774809142448641,1.3807251953173105,2
1771108197946,8.520992253765652,-3.593511505844979,3.199427519981815,2
1771108198054,4.155534475473124,0.37022898989793956,1.3559160272611201,2
1771108198179,5.620228842507808,-2.09541986164646,-0.7232824552716771,2
1771108198271,-7.315839525662753,1.2729007341500216,2.2251908945557637,2
1771108198379,-2.0438931279912955,2.6879769785157364,-0.14503815989072164,2
1771108198488,17.956106290194548,1.9293892754242632,-1.9646945232440591,2
1771108198596,9.882633153490007,1.7051526708688636,0.043893130143815906,2
1771108198704,-17.291030280142895,-0.8291984655353293,2.549618263385611,2
1771108198814,-10.215648417984088,4.2041982926489965,3.8034352355512056,2
1771108198921,-4.864503842452217,0.8253816704497615,1.5047709288765567,2
1771108199029,2.0143128593564397,-0.059160303815980295,-0.0066793893153352475,2
1771108199140,1.5849236256734796,3.5725191328743566,-0.5687023076670361,2
1771108199247,-4.67366408817383,2.787213650740498,2.8912214235439246,2
1771108199355,-7.405534423617007,3.9112595899967886,3.103053337349523,2
1771108199463,-15.730916035969017,-6.272900802139894,1.1564884840402052,2
1771108199571,-5.509541785026344,-8.03339700174949,0.8654580188482229,2
1771108199672,10.807252083133912,4.810114619204582,-1.031488551709567,2
1771108199780,-2.5133587100727173,4.219465472991267,0.8062976950219228,2
1771108199889,-3.2652671284861525,-2.7585876875987396,0.19942747651984885,2
1771108199989,-7.39408361147348,1.574427439188168,-0.48282441824176175,2
1771108200106,6.743320689714413,-5.3740457729321,0.015267175339691044,2
1771108200213,-4.300572261837876,-5.164122043225873,-0.11450381254639284,2
1771108200322,-13.036259559331832,2.6040077000766573,1.9761449085007623,2
1771108200431,1.4112595560018526,2.5887405197343862,-1.1412213036979342,2
1771108200558,-6.878816701808657,-13.01717515701717,0.5438931396108457,2
1771108200649,9.172710121348052,-0.4112595370677929,-1.4103053572304607,2
1771108200747,-2.8788167327941236,14.444656519019508,0.31679388538041753,2
1771108200857,4.035305216834329,-13.513358518140977,-2.575381736934899,2
1771108200964,7.327290337806279,10.105915452552308,-1.836832101320951,2
1771108201102,3.8969465017042038,4.01049626222155,-0.07347327871675274,2
1771108201181,-8.230915827262503,-6.614503748854796,0.07824427257371244,2
1771108201290,9.920801104345685,3.9513357249518384,-1.4923663448484614,2
1771108201400,1.6297709679289005,4.272900604189216,-1.3854961891742703,2
1771108201500,-3.668892888619825,3.110686927520659,1.897900822690035,2
1771108201607,2.208015316670709,2.953244236962695,1.3540076297183363,2
1771108201707,-1.5381678858752745,2.456106783789201,1.189885441038923,2
1771108201817,-0.0772900738023205,2.8788167327941236,-1.5963740109301827,2
1771108201923,9.954198168066108,0.5171755740118715,0.1622137377757765,2
1771108202032,0.13167939043144772,2.8349235893100944,-0.45038166001443586,2
1771108202135,-7.796755706444289,1.7099236647258234,-0.12213740271752835,2
1771108202240,-0.33015266817990463,0.37213738744072344,0.059160303815980295,2
1771108202350,-2.0811067733538753,2.3454197263077363,0.5648855125814684,2
1771108202457,-0.8845419942760617,-0.1106870241309317,-0.20706106669098434,2
1771108202571,1.3559160272611201,1.6135495888152376,-0.6288167769038753,2
1771108202674,-5.737595398110723,3.34064872470441,-1.3177480764054428,2
1771108202783,2.2185113964343146,2.824427509546489,1.865458064462709,2
1771108202883,4.415076114404909,-1.8158397283503283,1.5849236256734796,2
1771108202991,-15.385496294168547,-0.2528625943775841,-0.3912213628685622,2
1771108203111,-11.289121929078311,1.60973279372967,-0.48282441824176175,2
1771108203209,7.2786260937435845,0.6708015228451206,-1.4608778921142334,2
1771108203308,0.8377862544778567,0.3759541825262912,-1.0610687136227173,2
1771108203416,-8.268129259181672,1.7538168082098524,0.32824427063712075,2
1771108203526,-0.2910305185528352,-3.545801567275382,0.013358778630670495,2
1771108203633,2.145992289808527,-2.93893114867011,0.9456106622842928,2
1771108203742,5.249045627158051,-0.9656488364835235,1.2433205722368716,2
1771108203850,10.44274793901878,7.383587318266462,-1.499045736248205,2
1771108203958,-1.7709923860949073,7.285305164978211,0.3683205923551557,2
1771108204091,3.583969304687648,-4.754770877020438,0.30534350012371425,2
1771108204175,-4.6612596108674405,-3.349236620368643,1.2423663734654797,2
1771108204285,5.804389098664746,2.8368319868528786,-0.49427480349846503,2
1771108204392,4.897900479285817,-1.7977098449721758,1.469465574335055,2
1771108204502,-2.0391220274126303,0.6459923547889302,0.1412213781453671,2
1771108204610,2.6316793577253175,0.15648854514742488,0.16889312917552007,2
1771108204719,3.1078244379281887,0.015267175339691044,0.7471373711956227,2
1771108204818,0.2824427562907342,-1.2166030066378972,1.9379771710884963,2
1771108204926,-7.633587609814562,-0.9723282278832671,-0.046755723122938415,2
1771108205035,-8.538167618207297,-4.116412005680938,-0.08301526643067213,2
1771108205142,7.329198521905651,1.9293892754242632,-0.31870228292320135,2
1771108205243,0.0066793893153352475,-5.479007424341802,0.7690839429376373,2
1771108205352,-10.453244232225797,0.29770990995257873,1.8559160767487897,2
1771108205452,-1.0400763406520945,-2.367366404771457,0.17652671934665556,2
1771108205586,-9.91984743918282,-1.126908428848761,-0.14599235866211357,2
1771108205669,-1.0009541910250253,-3.0238549460456983,-1.0181297689100801,2
1771108205777,-2.0620227979260366,0.08301526643067213,0.27194656980542287,2
1771108205885,-1.653625937213699,5.632633319814198,0.7700381417090292,2
1771108205993,-1.5085877239621244,-1.4933205436198533,-0.6698473240737286,2
1771108206120,0.40839694075361704,5.0333969182668845,1.3711832076033912,2
1771108206210,-1.4799617608203663,-0.7910305146796518,0.58683203096263,2
1771108206311,-3.5372136716111493,0.2270992275500018,0.15171755129046519,2
1771108206420,-3.999999969014533,1.5896946195304391,-0.10877862658814783,2
1771108206527,-0.03816793751546428,-0.3664122214927983,0.224236631235826,2
1771108206638,3.8645039569202893,-1.0057251848819848,-0.8339694593922891,2
1771108206744,-0.012404579859278557,0.8921755844471972,0.8931297832185892,2
1771108206852,0.5687023076670361,2.813931216339472,-0.4446564940665107,2
1771108206953,-0.895992326171912,1.9236640827959115,0.08587786274484793,2
1771108207063,-2.3730915973998084,-2.053435115705215,0.2337786189497454,2
1771108207170,-3.558206044581772,-0.8082060925647067,0.3215648792373772,2
1771108207279,-2.2022901240423574,0.13645038428840742,1.2003816275242343,2
1771108207386,-0.46278624404253105,-0.8711832114765746,0.0515267169798981,2
1771108207487,5.603053478066165,-1.0839694841361238,-2.9437022492487754,2
1771108207588,-0.6450381560175382,0.1498091537476813,0.19274808512010527,2
1771108207695,-1.2566793550363586,-1.0400763406520945,1.2232823980376408,2
1771108207796,0.7041984798438384,-0.7223282565002852,-0.3368320595796482,2
1771108207904,-0.525763362954399,-5.6507632031923505,-0.7700381417090292,2
1771108208012,-1.2194656029520732,0.45229005755721974,0.8396946520206406,2
1771108208121,-2.1593510726080143,-0.11736640886056866,-0.43797710266676715,2
1771108208229,-2.1402670971801756,-2.1145038370742992,-0.7080152749294062,2
1771108208337,-0.897900723714696,-2.8625954604021664,-0.04961831943711423,2
1771108208438,-2.339694533679385,-1.3902671830312299,-0.33110686695129654,2
1771108208546,-1.8883588349761156,-2.9284350689065044,-0.3454198485221756,2
1771108208655,-1.3530534309469444,0.17652671934665556,-0.10687022904536396,2
1771108208756,3.2538167432294496,0.5772900432487107,-0.9284350843992379,2
1771108208864,-1.9875952937574655,-0.19179388634871333,-0.13740458305979936,2
1771108208971,-1.3950381768881897,0.09351144624587683,0.17461832180387168,2
1771108209072,5.55438923400347,2.2795801178033983,-0.5343511518969264,2
1771108209180,0.02862595313659821,3.33778623511194,-0.3005725062667546,2
1771108209288,-3.948473021915957,-4.186068836157666,0.15553434637603294,2
1771108209389,2.686068580972952,4.545801666250721,-0.8606870249912633,2
1771108209498,0.7499999675097985,-4.0896944400819635,-0.43606870512398327,2
1771108209606,1.8387404988637348,3.719465743668715,-0.10782442781675589,2
1771108209714,-1.8988549147397211,-3.385496173681537,0.0667938939871158,2
1771108209822,-0.29007631978144327,1.7204198512111346,0.07919847134510438,2
1771108209931,-1.205152621381194,-2.9541983290123808,0.09160305537319957,2
1771108210031,2.024809152563457,3.4074426387018457,-0.21946565071907953,2
1771108210139,-1.4732823694206227,-3.429389317165566,-0.33874045712243206,2
1771108210242,1.9017176177756028,3.734732924010986,-0.20706106669098434,2
1771108210347,-0.7299618466714207,0.4465648916092946,0.14503815989072164,2
1771108210448,2.612595382297479,1.5362594883324907,-0.06297709890154805,2
1771108210557,1.145038098783502,4.875000135659234,-0.08969465783041569,2
1771108210665,-1.5095419227335163,-4.999045762496775,0.015267175339691044,2
1771108210774,2.204198521585141,2.8129771242897856,-0.224236631235826,2
1771108210883,0.7585877564523259,0.7118320700149738,-0.2318702214069615,2
1771108210990,0.4103053382964009,-4.501908309323281,-0.027671756032732926,2
1771108211098,0.8549618323629117,5.4522898587428275,-0.31583968660902556,2
1771108211207,-2.505725119901582,-6.093511433118209,-0.1412213781453671,2
1771108211315,1.6154579863580214,2.1793893535289506,-0.04770992189433035,2
1771108211426,1.746183218038717,3.6803432738765283,-0.0028625954804124866,2
1771108211532,-0.5744274469345348,-1.2070610189239779,-0.11641221008917672,2
1771108211641,-3.4351145097939177,-2.561068648642314,0.17461832180387168,2
1771108211742,3.1746183519256244,3.199427519981815,-0.2566793894631519,2
1771108211849,1.9074428104039542,2.561068648642314,-0.2805343587479503,2
1771108211957,-1.8692748595482769,-0.12213740271752835,0.23664121526392118,2
1771108212065,-2.367366404771457,-3.402671751566592,0.15267175006185713,2
1771108212166,2.394083970370431,2.6927480790944016,-0.08396946520206407,2
1771108212276,2.429389218190227,2.4790075543026076,-0.3645038239500144,2
1771108212382,-0.6879771007301755,-0.28530532592448354,0.1393129806025832,2
1771108212491,-0.9064885126572234,-0.5687023076670361,-0.046755723122938415,2
1771108212612,1.7490458143528926,1.6078243961868859,-0.20419847037680852,2
1771108212700,0.5706106518489671,0.3444656497507837,-0.4007633505824816,2
1771108212810,1.3778625990031348,2.101145054274812,-0.7290076479000288,2
1771108212916,0.5381679469824941,4.024808923627312,-0.8587786274484794,2
1771108213024,5.471373834170666,1.6307251667002924,-1.098282465707003,2
1771108213124,4.291030487567368,-0.37022898989793956,-0.2270992275500018,2
1771108213228,-1.6488549433567392,-1.5400762834180584,-0.39026716409717027,2
1771108213334,2.0782442837614052,-0.6173663916471721,-0.7595419552237179,2
1771108213433,0.11259541500360896,1.745229019267325,0.30629769889510616,2
1771108213535,-0.045801527686599786,-0.8692748139337907,-0.29293891609561906,2
1771108213647,-1.590648818301831,1.502862531333773,0.741412178567271,2
1771108213750,3.6259540506288936,1.1803434533250037,-0.788167918365476,2
1771108213859,-1.4064885621448928,-1.729007640153662,-0.08110686888788825,2
1771108213959,1.3101144862343073,-0.6431297584747544,-0.4580152501855714,2
1771108214067,-0.2910305185528352,-1.7547710069812443,0.02576335848994905,2
1771108214176,1.712786261039999,0.15935114146160068,0.17843511688943944,2
1771108214284,7.820610142120558,-3.121183220727676,0.0028625954804124866,2
1771108214395,4.347328321801198,3.6698474075563343,0.09351144624587683,2
1771108214501,-1.7490458143528926,-0.7547709613667581,0.6898854982729593,2
1771108214611,-6.589694367355194,1.4723281706492308,0.20706106669098434,2
1771108214711,9.030534611132358,-2.3759540869922784,-0.2872137234672674,2
1771108214818,6.517175260729407,-1.1984732299814504,0.17175572548969587,2
1771108214927,0.14217557691675903,-3.694656362169113,1.0868320804502996,2
1771108215034,2.5343510830433402,-1.8931297221113694,0.7051526786152303,2
1771108215148,-6.172710037865446,-3.842557278456569,2.4494274991111635,2
1771108215252,-5.454198469729023,1.0362595455665269,1.5114503202763003,2
1771108215352,7.07061054813673,1.0438931357376624,-0.8387404532492487,2
1771108215460,9.807251770715162,0.5849236334198462,0.37309158621211536,2
1771108215568,4.557252051507424,1.066793906251069,2.1068702469031635,2
1771108215677,-6.878816701808657,0.9990457934822413,0.8673664163910069,2
1771108215785,2.666030513495427,-1.6049617998727101,-0.239503811578097,2
1771108215894,9.088740629465562,2.112595439531515,-0.32538167432294496,2
1771108216002,-2.9923662798680586,-4.326335735387164,0.9312976807134138,2
1771108216133,-1.345419840775809,-2.025763244613143,-0.003816793834922761,2
1771108216211,3.5171756041336244,-2.2356869743193695,-2.1173663266667693,2
1771108216319,-0.21946565071907953,0.5830152358770623,-1.7089694659544314,2
1771108216428,1.3864503879456622,3.908396886960907,-0.08396946520206407,2
1771108216528,-1.885496131940234,1.562022855160073,0.3864503690116025,2
1771108216629,14.260495835975748,0.678435113016256,-1.6469465458139554,2
1771108216736,-8.537213953044432,5.035305102366256,-1.4809159595917583,2
1771108216837,-6.837786047917097,-2.3864503801992956,-0.1469465574335055,2
1771108216946,-3.95992340717266,-0.5830152358770623,-0.11927480640335253,2
1771108217054,14.680342441614554,-3.5725191328743566,-2.0143128593564397,2
1771108217155,-19.723282841699238,5.661259496399367,2.701335761315223,2
1771108217261,8.098282091317317,-2.351144918936088,-1.8167938204000145,2
1771108217362,4.5524807374853475,0.01908396875773214,-1.1307252239343286,2
1771108217470,0.5944656211337656,2.5143130155658153,-1.9761449085007623,2
1771108217571,-0.014312976568299106,-2.020992357477889,-0.5954198199051575,2
1771108217680,3.0849236674147824,0.08683206151623987,-1.9828244066222116,2
1771108217788,0.9847328119113623,3.530534386933111,-1.6746183101843215,2
1771108217889,0.7280534491286368,1.3358778530618896,-0.4541984551000036,2
1771108217995,-11.043893378439112,2.5133587100727173,1.8053434351433113,2
1771108218113,-8.597328155477008,2.456106783789201,2.105915941410066,2
1771108218212,14.946564432441432,5.2557251252795,-1.0591603160799334,2
1771108218314,-11.383587714167819,-4.651717409710109,1.959923636108805,2
1771108218421,-12.958015473521105,4.182252041072099,1.9208015932034415,2
1771108218531,-4.039122011919897,3.0677480895297276,-0.5467557359250216,2
1771108218639,-2.7080152594366727,0.9990457934822413,-1.0582061173085415,2
1771108218747,-1.0229007627670397,-4.382633569620994,-1.9694656238227246,2
1771108218847,-6.785305435655658,-1.6917938880693764,0.3625954264072305,2
1771108218955,4.76431307817777,-1.5419846809608422,-1.0410305394234867,2
1771108219064,-15.560113495394509,-3.246183153058314,1.2595419513505346,2
1771108219172,1.3473282383185927,0.354961836236095,-0.7490457687384066,2
1771108219280,14.682251479487572,5.545801551782649,0.5753816457059268,2
1771108219389,5.598282164044088,-1.5066793264193405,0.39599235672552185,2
1771108219499,-3.8664121410196617,-3.4160305343660786,0.09351144624587683,2
1771108219606,0.07347327871675274,-10.067748355470277,-0.021946565071907953,2
1771108219714,-0.0009541984587306902,-2.2500000626119543,5.016221126938418,2
1771108219822,-22.903625532479566,8.268129259181672,2.058206002840469,2
1771108219930,25.972327073728746,-8.523854956801534,-3.8082061226864594,2
1771108220035,0.06297709890154805,7.116412089163544,-1.23759537960852,2
1771108220139,9.498091795670996,-7.60400776806653,-2.6030533945835597,2
1771108220247,4.651717409710109,4.0505723971766,-1.1679388692969086,2
1771108220348,-1.7022900745546878,0.6612595351312012,-1.1727098631538682,2
1771108220456,1.1011450620211787,0.9494274573698606,-0.21946565071907953,2
1771108220565,-4.244274854490869,-0.24045801034948894,-0.13072519166005578,2
1771108220674,-4.415076114404909,0.8272900679925455,0.9856870106827542,2
1771108220782,-2.290076197567004,-5.3272901398556005,2.1393130051304894,2
1771108220882,5.0515268016450365,2.2480916650691705,0.632633571989443,2
1771108220989,-13.082061100358645,-1.126908428848761,-0.6860687031873915,2
1771108221142,-12.890266827143748,-2.18893134124287,2.2776717202606145,2
1771108221198,-17.5772903384473,-3.4818701428704166,2.32251895579433,2
1771108221309,12.670801750053837,1.3950381768881897,-2.1049618493603797,2
1771108221409,-7.07061054813673,5.343511412247558,2.083015170896659,2
1771108221515,-14.918893628566419,-0.2624045820915035,2.382633585113728,2
1771108221654,4.4561067682964675,-4.758587672106006,0.3101144939806739,2
1771108221732,14.326335444480085,3.553435157446518,-0.36354962517862244,2
1771108221842,3.098282450214269,-1.0753816951935964,0.5744274469345348,2
1771108221949,-5.782442847087849,1.623091576529157,1.8263358081139338,2
1771108222058,2.6221373700113983,-0.4465648916092946,-0.7986641048507873,2
1771108222168,4.431297813683689,-1.4742365681920147,-0.01717557288247492,2
1771108222268,-6.841602843002665,-6.958969398605579,0.524809164183007,2
1771108222375,0.6402671621605786,4.5534352564218565,0.7270992503572449,2
1771108222483,4.509541899494416,1.1030534595639625,0.2003816752912408,2
1771108222583,-4.041984714955778,-0.10877862658814783,0.12309160148892029,2
1771108222692,-0.3807251763832509,0.3463740472935676,-1.542938879732234,2
1771108222801,-7.354961995454939,-1.2089694164667617,-0.8053434962505309,2
1771108222908,-2.453244294196731,5.78148832815134,-0.3234732767801611,2
1771108223018,5.943702332731381,-1.9646945232440591,-0.8874045905902375,2
1771108223139,7.7108780304624265,1.2461831685510474,0.6860687031873915,2
1771108223233,-1.3788167977745267,7.8511445028051,0.7232824552716771,2
1771108223342,0.6669847277595529,-1.4074427609162847,-0.1984732777484569,2
1771108223450,0.555343524867549,-4.19656470247786,0.5906488260481978,2
1771108223559,-6.090648730082328,4.81393141429015,1.4961831399340293,2
1771108223668,-11.017175385953315,-2.4742366671673537,-0.7690839429376373,2
1771108223775,7.9790073516150315,-2.412213640305172,-0.6908396970443512,2
1771108223876,1.4561068982572736,5.424618201094167,0.012404579859278557,2
1771108223984,-7.837786360335849,2.793893148861947,1.8263358081139338,2
1771108224099,-5.931297428538168,-1.5419846809608422,1.29675570343482,2
1771108224201,15.67938908887044,-5.085877957415146,-3.193702327353463,2
1771108224309,15.735686923104272,2.6755725012093468,-0.8530534348201277,2
1771108224418,-4.027671626663193,-1.3902671830312299,0.08015267011649631,2
1771108224519,-5.622137453494004,5.433205883314988,1.8435113859989887,2
1771108224658,5.279579987842593,-2.270992435582577,-0.28530532592448354,2
1771108224735,-3.9036259998256533,-3.9169845691817287,2.2290076896413313,2
1771108224846,-2.0658395930116042,-0.13740458305979936,0.7146946663291497,2
1771108224952,9.007633840618952,-4.801526510096937,-1.464694687199801,2
1771108225060,2.425572423104659,-1.9408396606809664,-0.5162213752404796,2
1771108225169,-8.428434652775517,-2.4990458352235443,0.42557251863867196,2
1771108225277,-10.499045773252611,-4.977099084033054,1.0276717566239995,2
1771108225385,-4.184160225171471,-0.01717557288247492,1.9351144680526147,2
1771108225494,2.7099236569794565,2.3979007654559985,0.5772900432487107,2
1771108225602,0.4999999961268166,-0.28435115383351806,1.9704197158724106,2
1771108225703,3.825381487128103,1.1832060496391794,0.4580152501855714,2
1771108225811,-0.5524809285533732,-4.782442534669099,-0.7347327871675275,2
1771108225911,-7.195610267023957,-1.9589693306157074,0.9818702155971865,2
1771108226019,-11.593511016987222,2.336832044086915,2.4236640255618753,2
1771108226132,19.32061074672843,0.3759541825262912,-5.624999729643062,2
1771108226228,-5.132633590491646,4.581106914070517,0.8311068630781132,2
1771108226337,20.8711832166318,-1.3807251953173105,-2.009541972221186,2
1771108226445,3.161259569126137,-2.5916030093268563,0.9742366254260509,2
1771108226554,0.38454197146881863,-6.141221158244395,0.14217557691675903,2
1771108226664,-2.5104962204802472,-2.793893148861947,-0.270038172262639,2
1771108226770,-12.003816702129168,1.3520992321755525,2.519083902701069,2
1771108226878,-3.3311067369904905,3.0486641141018884,-0.2232824458046473,2
1771108226987,12.488549251109449,3.8349236882854334,-1.0601145148513254,2
1771108227095,9.01622109595295,-0.5639313138100764,-1.0229007627670397,2
1771108227204,7.5295800504545465,-2.719465644693376,-1.451335904400314,2
1771108227312,2.4036259580843504,1.0066793836533767,-1.6965648819263361,2
1771108227420,-0.08015267011649631,-2.6078242817188135,-0.6259541805896995,2
1771108227529,1.5553434637603294,-2.8082060237111204,-1.7538168082098524,2
1771108227637,-5.454198469729023,-2.180343445578637,0.587786229734022,2
1771108227747,2.9895037902755885,-3.165076364211705,0.23282442017835345,2
1771108227854,-9.47041928424869,-0.05629770750180448,1.0019083897964172,2
1771108227962,-3.5925569869084697,-3.825381487128103,1.051526725908798,2
1771108228093,0.7643129490806776,-3.5925569869084697,0.7757633343373808,2
1771108228179,13.476145086221809,3.047709808608791,-0.15267175006185713,2
1771108228280,10.823472928639045,4.071564983590634,-0.8311068630781132,2
1771108228390,-0.5973282174479414,1.8645037589696114,0.09828244010283652,2
1771108228496,2.8187023169181376,-0.9856870106827542,0.2576335882345438,2
1771108228606,-8.511450479495144,3.507633616419705,1.5486640723605858,2
1771108228713,0.7719465392518131,1.049618328366014,2.512404618023031,2
1771108228825,22.842556811110484,-12.62786205828926,-2.410305242762388,2
1771108228930,-35.193700585365846,12.688930779658344,3.7175571326825194,2
1771108229031,9.369274427924555,-2.361641212143105,-1.8606869638840435,2
1771108229144,14.149809205381105,6.234732851284217,-0.6526717461886737,2
1771108229247,1.8177481258931123,-1.7232824475253103,-1.0057251848819848,2
1771108229356,-2.409351150712702,0.4761450268420182,-0.16793893040412813,2
1771108229464,-5.010496147753478,0.20896946423376822,2.47232826962457,2
1771108229573,-8.035305185848863,-5.888358590547237,0.7805343281943405,2
1771108229684,-12.41125968423523,3.753816899438825,-0.21278625931933598,2
1771108229780,-1.0124045762817284,5.672709881656071,-0.4713740329850585,2
1771108229881,7.737595169174577,4.172709839914768,-0.004770992189433035,2
1771108229989,9.546755185960045,-7.9122132241741845,1.4227099412585558,2
1771108230100,10.02767136674158,5.622137453494004,-0.6860687031873915,2
1771108230206,-1.9208015932034415,-0.4885496108701134,0.2519083956061922,2
1771108230314,-7.994274531957303,-1.8797709393118824,0.38454197146881863,2
1771108230423,-8.532442212135532,-3.1755724439753106,1.745229019267325,2
1771108230533,-25.604961934125026,-0.061068701358764174,-0.32633587309433687,2
1771108230632,28.842556978075695,-17.868319576339665,-2.4236640255618753,2
1771108230740,-14.076336006705633,5.1832060186537126,1.5839694269020874,2
1771108230850,-8.649808767738447,-3.1316793004912813,1.2929389083492524,2
1771108230956,7.759542274525121,7.915075927210066,0.018129769986340204,2
1771108231065,4.431297813683689,-2.6946564766371854,-0.28148855751934226,2
1771108231174,-4.544847147314212,-2.688931284008834,-0.3816793751546428,2
1771108231274,-5.691793857083909,5.9570609020874565,0.3625954264072305,2
1771108231382,-0.19751907897706497,1.4293893326582994,-1.2604961501219265,2
1771108231491,-7.626908538579936,-5.514313099048421,-0.27385496734820675,2
1771108231601,6.009541941235719,3.134542003527163,-1.2089694164667617,2
1771108231701,5.422710016994794,6.56297680175622,0.08778626028763181,2
1771108231809,-1.0896946767644753,1.8320610007422855,0.35019084237913534,2
1771108231916,-7.942747584858727,-8.348282382865417,2.296755695688453,2
1771108232025,-1.8234733185214638,4.442748198940392,0.7013358835296626,2
1771108232137,6.02480912157799,11.190839775790058,-0.7061068773866223,2
1771108232241,-0.15553434637603294,3.0543893067302403,-0.11927480640335253,2
1771108232351,2.453244294196731,-4.095419846153727,1.2270991931232087,2
1771108232458,-3.5438931697325984,-6.439885266968365,0.378816778840467,2
1771108232567,-0.2624045820915035,8.826335860611072,1.804389343093625,2
1771108232700,2.47519075921704,10.514312953594882,1.374045803917567,2
1771108232775,-3.025763343588482,-9.000000250447817,-0.48568701455593755,2
1771108232884,6.250954123676173,5.878816816276729,-1.1803434533250037,2
1771108232992,20.060113620618417,0.15553434637603294,-1.9322519784601446,2
1771108233101,-23.895037735790673,5.098282434721536,0.2290076250927857,2
1771108233208,12.391220762984059,6.656488494796041,1.083015285364732,2
1771108233310,1.4026717670593252,-1.5114503202763003,-0.22614502877860987,2
1771108233417,-4.710877946979821,-4.297709985688818,-0.7089694737007981,2
1771108233527,-4.921755768735733,8.598282674413516,0.33110686695129654,2
1771108233634,-0.26335878086289544,-8.058205956362269,-0.8082060925647067,2
1771108233743,6.4971371932518815,0.3101144939806739,-0.6173663916471721,2
1771108233852,2.2003817264995735,-8.707061120908786,0.8511450372773439,2
1771108233962,-12.465648480596041,3.4742365526992813,2.0200380519847916,2
1771108234068,-4.551526645435661,4.415076114404909,0.2519083956061922,2
1771108234170,9.531488005617774,0.270038172262639,-0.8874045905902375,2
1771108234276,6.657442586845727,9.121183174249476,-0.3807251763832509,2
1771108234385,-13.355915827583013,-6.732824396507396,3.187022829232014,2
1771108234493,-11.887404665462762,4.272900604189216,4.024808923627312,2
1771108234601,13.870229072084975,6.309160142009376,-1.701335875783296,2
1771108234711,-0.8559160311343036,-8.200381466577962,-3.187022829232014,2
1771108234819,6.854961839245564,10.818702041503792,-2.195610625920908,2
1771108234919,-10.8282438157743,0.5582061211817249,3.794847126443561,2
1771108235026,-1.4236641400299477,0.987595408225538,3.1001908477570534,2
1771108235135,16.445609955246226,1.3091602874629154,1.1956106336672747,2
1771108235244,10.833014702909553,3.8864502084971866,-2.2795801178033983,2
1771108235352,-4.578244211034636,-0.6374045658464027,0.3912213628685622,2
1771108235460,-11.395037672537699,-1.468511375563663,0.4971373998126408,2
1771108235569,2.143129800216057,0.9150763015997508,-0.17557252057526362,2
1771108235670,-1.5877862219876553,-7.263358913401313,-0.3320610657226885,2
1771108235777,1.8177481258931123,11.17843529848367,-1.6326335642430763,2
1771108235886,-12.090648897047538,-10.389312807820831,-0.41698472969614453,2
1771108235994,6.578243982098491,6.64122131445377,-2.671755706123779,2
1771108236123,4.340648823679749,13.126908122448949,-0.01622137411108298,2
1771108236212,-3.751908288452629,10.051526656191497,1.3501908346327687,2
1771108236320,-9.812977176786925,-9.578244065581096,0.2757633648909906,2
1771108236427,0.989503805768322,6.199427176577597,-0.3005725062667546,2
1771108236528,7.2652670975006854,0.6316793732180511,-1.6746183101843215,2
1771108236636,7.516221054211648,2.128816711923472,-0.6898854982729593,2
1771108236745,-8.380724927649332,-3.8387404833710015,2.121183121752337,2
1771108236853,3.3177479541910033,2.626908257146652,-1.9150764005750898,2
1771108236962,6.8330151607818435,-7.282442461942329,-2.5267174928722045,2
1771108237062,-7.352099292419058,-4.064885485469185,-0.11259541500360896,2
1771108237165,9.187022782753813,8.286259142559825,-0.39026716409717027,2
1771108237270,-3.847328165591823,0.21278625931933598,1.1164122423634497,2
1771108237379,5.1660306542120695,7.5610689300755975,0.7299618466714207,2
1771108237488,11.90935091703966,-2.128816711923472,-1.8492365786273404,2
1771108237596,2.485687052424057,-0.7767175331087728,3.942748042731017,2
1771108237722,-0.14217557691675903,4.093511235167531,1.6479007445853473,2
1771108237812,10.083015535812548,-5.143129883698663,1.66889311755597,2
1771108237921,-7.592556955923003,-2.748091607835134,-0.2557251906917599,2
1771108238029,-12.307252124875214,-8.576335569062973,-0.9265266868564541,2
1771108238131,8.732824594458075,-6.690839650566151,-0.18416029617757784,2
1771108238238,9.91316751417455,4.9675573097625465,0.2061068679195924,2
1771108238348,-1.0562977197657575,1.2356869820657361,-1.020038166452864,2
1771108238454,-10.104007268452936,-5.754770762552366,-0.4217557235531042,2
1771108238555,7.005725031682078,-5.136450385577214,-0.293893114867011,2
1771108238664,-20.22614527405767,3.533396876525581,3.301526681799046,2
1771108238771,-2.9284350689065044,-2.7251908373217275,1.4780533632775825,2
1771108238879,-0.3807251763832509,0.9284350843992379,0.2862595246958755,2
1771108238980,-5.037213713352452,-6.1793891091000726,0.39599235672552185,2
1771108239110,-3.364503800710914,-2.766221277769875,0.1383587818311913,2
1771108239197,-2.160305378101112,-4.489503832016891,1.2175572054092894,2
1771108239296,-15.034351146296315,-2.0486640151265494,0.32633587309433687,2
1771108239406,22.6927485644973,4.69465624770104,-1.531488494475531,2
1771108239513,10.298664244703716,1.3559160272611201,-0.8101144901074906,2
1771108239614,-3.0534350012371423,5.8320611832002305,0.6211831867327399,2
1771108239739,-0.7041984798438384,0.6898854982729593,-0.15267175006185713,2
1771108239822,14.071564265796733,-1.3616412198894718,0.21469465686211986,2
1771108239931,5.314885235662389,10.541030092307032,0.06297709890154805,2
1771108240031,-0.44370229529511873,5.3263356209190915,0.833015260620897,2
1771108240145,2.4866411444737433,3.55248085195342,-1.8072518326860951,2
1771108240247,-2.4513358966539474,5.119274594248747,1.773854982409083,2
1771108240348,-3.199427519981815,-0.19656488020567303,0.16603053286134425,2
1771108240456,-4.309160370945521,-5.9408396296955,0.19179388634871333,2
1771108240559,-1.0114503775103365,1.4656488859711931,-0.32633587309433687,2
1771108240664,11.366412349726176,10.283397064361443,-1.606870197415494,2
1771108240765,0.5295801580399667,-1.606870197415494,-0.787213719594084,2
1771108240875,-3.841603186406883,0.8358778569350729,-0.2643129796342874,2
1771108240981,10.063931133497887,4.364503686242841,-0.7738549367945969,2
1771108241091,-3.89217561456895,-4.139312776194345,1.2156488078665053,2
1771108241190,-7.742366056309831,-1.0715649001080285,0.2185114519476876,2
1771108241300,6.376908361499909,1.9074428104039542,-2.756679290055956,2
1771108241407,9.35019087938354,-3.339694632654724,-3.841603186406883,2
1771108241515,-0.8520992360487358,0.42748091618145584,-1.839694590913421,2
1771108241625,-10.889312537143384,-9.841602499598448,0.8024808999363551,2
1771108241741,-9.261450500365797,-7.379770950067718,6.874045814673403,2
1771108241841,-13.224236610574337,1.0181297689100801,1.5811068305879117,2
1771108241941,11.613549084464747,12.259541545975383,-6.676526562273566,2
1771108242051,-1.145038098783502,-2.870229050573302,0.20706106669098434,2
1771108242175,11.5515266979328,-2.704198464351105,-3.103053337349523,2
1771108242266,-11.951336089867727,12.834923511846426,1.1631678754399488,2
1771108242376,12.60400762261299,5.62881652472863,0.9131679040569669,2
1771108242482,2.613549474347165,-7.244274511086651,-0.31297709029484977,2
1771108242584,-9.204198147195457,0.9761450229688349,3.5190840016764082,2
1771108242691,-2.088740363525011,-6.4312975847475435,2.31965646620186,2
1771108242800,9.328243774032996,5.376908475967982,0.3120228915234578,2
1771108242900,1.9389312631381825,2.7604960851415234,0.9169846991425347,2
1771108243002,-4.212786401756641,-7.340648480275531,1.622137377757765,2
1771108243121,3.4465648950506207,-2.8912214235439246,-1.773854982409083,2
1771108243216,-1.29675570343482,-0.4017175493538735,0.5047709899837763,2
1771108243322,-3.2022900095742846,0.5916030248195897,-2.6040077000766573,2
1771108243426,7.932252145425356,1.269083939064454,-0.6603053363598093,2
1771108243534,-9.842557018534958,0.8282442667639374,3.1593511715833533,2
1771108243635,-12.214694523885079,4.825381799546853,1.6249999740719407,2
1771108243753,-11.963740567174117,1.7547710069812443,2.190839738785654,2
1771108243853,0.3540076374647031,-3.580152723045492,0.5028625924409924,2
1771108243959,-2.7280533269141976,1.7032442733260797,0.4351145063525913,2
1771108244104,13.959923116265582,19.009541733811247,1.3854961891742703,2
1771108244176,17.166983799531707,-25.270038485531572,7.271946168735312,2
1771108244285,11.235686797880362,-1.7824427713516104,-2.59064891727717,2
1771108244393,-20.360686340328584,3.6049618911016825,-0.44370229529511873,2
1771108244501,15.34255660240397,-1.7328244352392297,-1.6421755519569956,2
1771108244609,8.522900437865024,-1.8072518326860951,-0.9503816561412525,2
1771108244721,-0.833015260620897,4.042938807005465,-0.1383587818311913,2
1771108244826,0.0066793893153352475,2.444656398532498,-1.389312984259838,2
1771108244935,1.3492366358613765,-8.029579779777098,-2.6536258227456266,2
1771108245043,-4.545801666250721,-0.6650763302167689,2.9608778271338303,2
1771108245152,-4.166030341793318,-1.253816758722183,0.06297709890154805,2
1771108245261,-3.4818701428704166,-0.22805342632139375,0.7709923404804211,2
1771108245360,1.3778625990031348,-3.8511449606773906,-0.5496183322391974,2
1771108245468,10.489503998982102,1.2566793550363586,-1.3797709965459186,2
1771108245571,-3.9093509790105934,-1.0992366644783949,0.30248090380953846,2
1771108245677,-2.798664035997201,4.186068836157666,-0.3330152644940804,2
1771108245778,2.160305378101112,-1.5515266686747615,1.2175572054092894,2
1771108245886,1.865458064462709,0.13740458305979936,0.23473281772113733,2
1771108245986,-8.896946356250664,-5.282442690878474,0.8826335967332778,2
1771108246133,8.307251728973858,-2.844465577024014,-0.448473262471652,2
1771108246202,5.474236537206548,-2.902671808800628,-1.0438931357376624,2
1771108246303,-9.99809152499355,5.3740457729321,0.32061068046598523,2
1771108246411,-10.452289713289288,-1.745229019267325,1.1431297012407182,2
1771108246520,7.262404394464804,-0.5629771150386845,-1.0162213713672963,2
1771108246621,1.9522900459376697,0.5047709899837763,0.5019083936696005,2
1771108246727,-12.356870034100773,0.8311068630781132,2.119274724209553,2
1771108246828,2.729007632407295,-8.256679300811792,0.03435114576494984,2
1771108246938,8.647900583639075,3.351145017911427,-2.43797711385446,2
1771108247046,-3.6307249377641475,-2.971373906897436,1.3778625990031348,2
1771108247155,-2.9541983290123808,-1.6889312917552006,0.6593511375884173,2
1771108247262,-0.03912213628685622,-1.9675572262799406,-0.4742366292992343,2
1771108247371,2.701335761315223,-2.190839738785654,0.22041984949047147,2
1771108247479,-1.0877862792216915,1.206106820152586,-0.23568701649252924,2
1771108247588,-9.11641228711422,-0.679389311787648,1.7547710069812443,2
1771108247696,-4.532442670007823,-1.8568701687984759,0.18893129003453754,2
1771108247796,7.767175864696257,-2.503816722358798,-0.9675572340263073,2
1771108247904,2.676526593259033,-0.39312976041134606,-0.9656488364835235,2
1771108248012,-4.9608778116410965,-0.448473262471652,0.3320610657226885,2
1771108248114,-0.29484731363840294,1.432251928972475,0.5906488260481978,2
1771108248221,3.2729007186572883,-1.312977082548483,-1.1841602484105713,2
1771108248333,0.8606870249912633,0.5820610371056704,-1.1679388692969086,2
1771108248438,-3.7232825387542827,-1.4875953509915019,0.2442748054350567,2
1771108248548,0.724236654043069,-0.043893130143815906,-0.3225190780087691,2
1771108248656,-3.5248091943047597,-1.0066793836533767,0.1622137377757765,2
1771108248776,1.760496199609596,2.422709933512189,-0.11450381254639284,2
1771108248864,-1.2318701869801683,0.5133587789263038,0.5038167912123844,2
1771108248972,-1.9589693306157074,-1.471373971877839,0.6040076088476849,2
1771108249080,1.8559160767487897,-2.4923663371020948,-0.7137404675577578,2
1771108249189,0.54103054329667,2.997137380446724,-0.14790075620489743,2
1771108249297,-2.2929389006028855,-2.0448472200409817,0.5477099346964135,2
1771108249406,-1.5896946195304391,0.9227098917708864,0.17080152671830395,2
1771108249513,4.332061141458928,1.2461831685510474,-0.3969465554969138,2
1771108249616,-2.284351004938652,-2.8377862923459762,0.022900763843299893,2
1771108249722,-1.9360687735457125,-2.6068701896691273,0.29484731363840294,2
1771108249830,2.1507633903871928,2.3711831998570245,-0.13167939043144772,2
1771108249940,-1.0467557320518381,-1.605915998644102,-0.12213740271752835,2
1771108250048,-0.8511450372773439,-1.109732850963706,-0.029580151907990147,2
1771108250148,2.267175640497009,0.4513358587858278,-0.1956106814342811,2
1771108250256,-0.21183206054794404,2.536259480586124,0.29293891609561906,2
1771108250364,-0.5438931396108457,-3.3177479541910033,-0.03625953997268041,2
1771108250465,0.5333969531255345,3.12595410786293,-0.10973282535953977,2
1771108250573,-1.3416030456902412,-3.876908434226679,0.35114504115052725,2
1771108250681,-0.2996183074953626,4.10687023141043,0.03721373874407234,2
1771108250787,-0.4675572378994908,-3.6145036653721903,0.1030534339597962,2
1771108250890,1.5133587178190842,-0.6259541805896995,-0.18034351443222332,2
1771108250999,-0.9112595065141831,1.6345419617858603,0.17843511688943944,2
1771108251106,-0.5591603199531168,-3.325381544362139,-0.03625953997268041,2
1771108251207,0.31774808415180944,1.5104961215049084,-0.11736640886056866,2
1771108251316,0.5458015371536297,1.5181297116760437,0.007633587669845522,2
1771108251423,2.267175640497009,-3.2910303885920293,-0.2337786189497454,2
1771108251532,0.21755725317629565,3.193702327353463,0.022900763843299893,2
1771108251641,-2.4866411444737433,-3.028625833180952,0.41698472969614453,2
1771108251750,0.6068702051618607,0.4513358587858278,-0.3015267050381465,2
1771108251859,0.21278625931933598,0.5572519224103328,0.020038167529124077,2
1771108251969,-3.751908288452629,0.7232824552716771,0.5753816457059268,2
1771108252074,0.19942747651984885,3.636450343835911,0.060114502587372234,2
1771108252183,-2.93893114867011,-2.8788167327941236,0.4713740329850585,2
1771108252291,-0.04770992189433035,2.826335907089273,-0.04866412066572229,2
1771108252392,2.0267175501062407,2.691793773601304,-0.08110686888788825,2
1771108252500,-0.6450381560175382,-3.3177479541910033,0.1383587818311913,2
1771108252609,-0.834923658163681,2.0620227979260366,0.018129769986340204,2
1771108252718,-2.5267174928722045,1.4437023142291785,0.36164122763583856,2
1771108252817,0.4885496108701134,-1.0582061173085415,-0.041984732601032033,2
1771108252924,0.7461831724242307,-2.116412234617083,-0.1498091537476813,2
1771108253033,-1.062977111165501,3.0744273742077652,0.22614502877860987,2
1771108253142,-2.713740452065024,-2.0162212568992235,0.4580152501855714,2
1771108253251,1.9532443514307674,-1.3635496174322557,-0.24141220912088088,2
1771108253358,2.7118320545222403,2.267175640497009,-0.28435115383351806,2
1771108253458,0.06870229152989968,2.270992435582577,-0.030534350679382087,2
1771108253568,-0.7900763159082599,-1.5734732404167762,0.16316793654716844,2
1771108253676,0.8520992360487358,-1.6202289802149812,-0.22614502877860987,2
1771108253796,0.007633587669845522,-0.37309158621211536,0.24045801034948894,2
1771108253892,-0.8072518937933147,-2.4656487715031203,-0.06393129767293998,2
1771108253993,0.1288167941172719,-1.0438931357376624,-0.13740458305979936,2
1771108254101,2.750954097427604,0.224236631235826,-0.24904579929201637,2
1771108254209,-0.5782442420201026,1.2232823980376408,0.03816793751546428,2
1771108254317,-2.6145037798402626,-4.470419856589053,0.06774809275850774,2
1771108254418,2.2328244847268994,3.0496182061515746,-0.16316793654716844,2
1771108254527,1.9875952937574655,2.737595314628117,-0.05820610504458836,2
1771108254627,-2.8129771242897856,-3.3282442473980205,0.3444656497507837,2
1771108254735,0.17461832180387168,0.8005725023935711,-0.05725190627319642,2
1771108254843,3.0419846159804393,1.97996170358633,-0.2862595246958755,2
1771108254951,3.349236620368643,1.995228883928601,-0.35114504115052725,2
1771108255060,-1.5095419227335163,1.8606869638840435,0.26049618454871964,2
1771108255170,-0.8835877955046698,-2.671755706123779,-0.011450381921649946,2
1771108255277,0.2290076250927857,-3.741411995245612,0.12022900517474447,2
1771108255386,-0.14790075620489743,-3.0190838454670326,0.03721373874407234,2
1771108255493,-0.7442747748814469,0.6898854982729593,0.03721373874407234,2
1771108255603,1.1917938385817068,2.626908257146652,0.044847328915207846,2
1771108255711,3.093511349635604,2.3301525459654653,-0.26335878086289544,2
1771108255819,0.18129771320361526,1.2958015046634281,-0.20992366300516016,2
1771108255927,-2.334923646544131,-1.5725190416453843,0.042938931372423966,2
1771108256035,-2.6488549356103723,-3.76145048960996,0.1498091537476813,2
1771108256144,-2.2490457571188562,-2.312022876030724,0.15935114146160068,2
1771108256253,-0.04770992189433035,0.09923663887422846,0.169847327946912,2
1771108256361,2.0324427427345926,1.836832101320951,-0.224236631235826,2
1771108256471,2.2299617816910176,2.0667938985047023,-0.23664121526392118,2
1771108256578,-2.6249998596038684,-1.7872137652085702,0.046755723122938415,2
1771108256690,-2.4303435236833244,-4.743320491763735,0.10877862658814783,2
1771108256821,-3.6020991880658007,-4.611641274755059,0.16030534023299262,2
1771108256903,-0.23282442017835345,-5.953244107001889,-0.17938931566083138,2
1771108257012,2.0572519107907827,4.99999985454646,-0.20706106669098434,2
1771108257120,-1.8482824865776541,-6.242366441455352,-0.03244274822216596,2
1771108257228,1.3645038162036476,3.412213739280511,0.007633587669845522,2
1771108257330,-2.270038130089479,-6.305343346923808,0.10591603027397202,2
1771108257437,0.9036259163430476,6.512404373594153,-0.27099237103403095,2
1771108257545,-3.3005723763059485,-5.280534079892279,0.10591603027397202,2
1771108257653,2.439885511397244,0.36164122763583856,0.08969465783041569,2
1771108257754,-1.031488551709567,-0.11927480640335253,-0.08683206151623987,2
1771108257862,-2.7862595586908117,-4.0362593088840155,0.254770991920368,2
1771108257963,2.93606865907764,3.4341602043008197,-0.22232824703325535,2
1771108258070,0.8272900679925455,2.3282441484226815,-0.11927480640335253,2
1771108258179,-0.1135496137750009,-1.6087785949582778,-0.12499999903170415,2
1771108258287,-3.15076327591912,-2.993320585361156,0.2862595246958755,2
1771108258396,-3.95992340717266,-2.1440838922657433,0.463740442813923,2
1771108258505,2.6173662694327327,0.7499999675097985,-0.16793893040412813,2
1771108258615,4.007633559185669,2.3034349803664913,-0.47996182192758596,2
1771108258721,1.9427480582237502,2.6603053208670757,-0.08206106765928019,2
1771108258831,-0.4456106928379026,0.6536259449600657,-0.02671755726134099,2
1771108258938,0.5524809285533732,-0.13454198674562354,0.003816793834922761,2
1771108259047,-0.5133587789263038,-1.6870228942124168,0.09828244010283652,2
1771108259165,-2.8797710382872213,-2.307251775452059,0.39503815795412994,2
1771108259266,-2.040076332905728,-1.403625965830717,0.2757633648909906,2
1771108259372,-0.18893129003453754,-1.8606869638840435,-0.09446564501726877,2
1771108259480,0.08110686888788825,-2.3931296648773333,-0.15076335251907325,2
1771108259588,-1.5820610293593036,-0.3578244325502708,0.042938931372423966,2
1771108259696,0.6727099203879044,0.8406488507920326,-0.18702289249175366,2
1771108259797,0.7862595208226921,-0.20324427160541658,-0.35877863132166277,2
1771108259905,-0.6603053363598093,1.0706107013366366,-0.12213740271752835,2
1771108260005,-3.6230913475930118,-0.9532442524554283,-0.014312976568299106,2
1771108260114,0.3988549530396977,-1.0276717566239995,-0.2862595246958755,2
1771108260222,2.350190826886402,0.6650763302167689,-0.21755725317629565,2
1771108260331,3.427480919622782,-1.1135496460492738,-0.725190852814461,2
1771108260439,2.324427353337114,-0.5935114223623736,-0.8559160311343036,2
1771108260548,0.26145038332011156,0.4885496108701134,-0.18511449494896978,2
1771108260656,-1.5095419227335163,-1.3015266972917798,0.7547709613667581,2
1771108260765,0.08969465783041569,-2.9112594910214495,-0.027671756032732926,2
1771108260867,-1.0372137443379188,1.4895037485342857,1.266221342750278,2
1771108260973,-0.43129771126702354,-2.2795801178033983,0.48187021947036984,2
1771108261082,0.03435114576494984,-0.03148854945077403,-0.22519083000721793,2
1771108261182,-5.5496183468682165,-0.4122137358391848,0.9952289983966736,2
1771108261290,-1.8425572939493027,0.37309158621211536,0.47996182192758596,2
1771108261398,6.250954123676173,-2.533396990993654,-0.8129770864216663,2
1771108261499,-3.352099109961113,-0.509541983840736,0.941793867198725,2
1771108261606,-7.239503623951397,-4.002862672050415,0.12499999903170415,2
1771108261707,5.136450385577214,-2.592557314819954,-1.034351148023743,2
1771108261815,2.290076197567004,0.00858778644123746,-0.6975190884440948,2
1771108261917,-9.537213411689537,-3.7986639215291285,1.5257633018471792,2
1771108262023,-7.333014890104396,-0.787213719594084,0.40744274198222513,2
1771108262135,-1.329198461662146,-3.5896947107594115,-0.8091602913360987,2
1771108262240,3.1574427740405695,3.320610657226885,-0.8139312851930584,2
1771108262349,-0.10687022904536396,-3.8797711372625603,0.10877862658814783,2
1771108262457,-0.01622137411108298,-1.6135495888152376,1.4398855191436106,2
1771108262565,-2.782442763605244,2.0143128593564397,0.448473262471652,2
1771108262676,-1.1879770434961392,-2.062977103419134,1.020038166452864,2
1771108262783,4.904579977407267,-0.9770992217402268,-0.03435114576494984,2
1771108262892,5.061068575915544,-1.5400762834180584,-0.23664121526392118,2
1771108263000,-1.4541985007144898,-4.282442805346546,-0.4427480965237268,2
1771108263134,-9.298663932284965,-3.6774809977274696,0.03435114576494984,2
1771108263217,2.5095419149871496,-2.748091607835134,0.48473281578454563,2
1771108263325,-2.8635495524518526,-2.8253816015961752,-0.18320611074639914,2
1771108263425,-4.817748209375718,0.38358777269742667,1.590648818301831,2
1771108263533,-3.0419846159804393,-3.9093509790105934,-0.9150763015997508,2
1771108263635,7.288167868014092,-0.014312976568299106,-0.772900738023205,2
1771108263743,3.4637404729356756,-0.20515266914820046,0.42461831986728,2
1771108263860,0.4761450268420182,-0.5925572235909817,0.12499999903170415,2
1771108263959,-6.507633486458899,-0.6087786027046447,-0.21469465686211986,2
1771108264068,1.9036260153183866,-1.4417939166863947,-1.2032442238384102,2
1771108264175,4.151717680387557,2.8826335278796913,-1.2795801255497652,2
1771108264284,1.0582061173085415,-3.350190712418329,-0.8826335967332778,2
1771108264393,-1.1383588141054641,-2.270038130089479,-1.3034350948345637,2
1771108264500,-8.403625698162738,-0.4713740329850585,0.1937022838914972,2
1771108264601,-3.3463739173327616,2.5248090953294207,1.3015266972917798,2
1771108264709,5.7833969391375355,-0.0515267169798981,-1.0295801541667833,2
1771108264818,9.276717680708067,0.0696564903012916,-1.3253816665765783,2
1771108264926,1.6927480868407685,-1.312022883777091,-0.1774809181180475,2
1771108265036,-2.3807251875709436,-3.4847328459062985,1.3797709965459186,2
1771108265137,0.5562977236389409,-0.8520992360487358,-0.02576335848994905,2
1771108265243,2.1097327364956335,0.30534350012371425,-0.42557251863867196,2
1771108265353,-0.7900763159082599,-2.2509541546616405,1.1020992607925706,2
1771108265460,-6.002862443114269,1.1946564348958828,1.916030492624776,2
1771108265568,-1.2776717280069814,0.6040076088476849,0.5181297727832634,2
1771108265672,3.1278625054057136,0.3120228915234578,0.8921755844471972,2
1771108265777,-2.4303435236833244,0.10591603027397202,2.4169847408838376,2
1771108265879,-5.8664119120835165,-1.7776717774946509,1.7557252057526362,2
1771108265986,-0.6297709756752673,3.1851144316892297,1.8253817160642478,2
1771108266109,3.6803432738765283,0.16793893040412813,-0.5486641334678054,2
1771108266202,-9.583969471652859,2.2280533841482337,0.7738549367945969,2
1771108266311,0.1001908376456204,4.693702155651354,-0.2872137234672674,2
1771108266411,-0.041030533829640094,-1.2194656029520732,0.8129770864216663,2
1771108266520,2.0658395930116042,-3.2156487923737718,-0.7624045515378937,2
1771108266628,-3.9522898170015246,1.6364503593286441,0.44083969898094294,2
1771108266737,-9.148854831898136,-3.9446562268303893,-0.9990457934822413,2
1771108266844,5.190839608824848,9.658397189264843,1.8473281810845565,2
1771108266953,7.16221405707718,-2.5143130155658153,-0.8692748139337907,2
1771108267061,17.92175556131126,1.8454197835417727,-1.591603017073223,2
1771108267171,-4.125000114788583,1.7261450438394863,0.08015267011649631,2
1771108267282,7.545801749733327,-7.1221374952353065,0.7080152749294062,2
1771108267386,-3.6765264787909606,6.349236703851249,2.1202290297026507,2
1771108267495,4.550572553385975,-0.10114503641701234,0.42461831986728,2
1771108267603,6.460877853382399,1.8282442056567179,0.6984732872154867,2
1771108267704,1.280534324321157,-1.1917938385817068,-0.30534350012371425,2
1771108267813,-0.9179388979139266,2.3893128697917656,0.48187021947036984,2
1771108267913,-3.2986639787631646,-1.1498090926404616,0.48568701455593755,2
1771108268020,-1.7528626094384605,2.133587812502138,-0.01717557288247492,2
1771108268128,-2.859732757366285,-1.7194656524397427,0.5009541948982086,2
1771108268237,3.7528623805023154,0.6860687031873915,-1.1278626276201529,2
1771108268345,4.730916014457346,3.327289941904923,-1.188931242267531,2
1771108268446,-2.8377862923459762,-0.41698472969614453,0.10209923518840426,2
1771108268554,-7.673663744769612,0.7127862687863659,0.224236631235826,2
1771108268662,-3.0706105791221976,-0.09828244010283652,-0.4580152501855714,2
1771108268763,2.313931273573508,-1.6593511298420507,-0.1908396875773214,2
1771108268892,-2.4961831321876624,1.6727099126415377,0.24045801034948894,2
1771108268979,5.903625770889508,2.676526593259033,-1.1326336214771127,2
1771108269098,0.8998091212574798,-3.3807250731028713,-0.4198473260103203,2
1771108269196,-5.793893232344552,1.4446565130005704,0.2557251906917599,2
1771108269305,-3.309160271970182,0.9160305003711428,1.3053434923773475,2
1771108269405,7.693701812247137,3.2576335383150172,-0.5753816457059268,2
1771108269513,0.9999999922536332,-1.345419840775809,-0.5753816457059268,2
1771108269613,-0.3893129653257783,-0.28435115383351806,0.08969465783041569,2
1771108269721,-0.1908396875773214,1.5248091030757873,1.5066793264193405,2
1771108269822,3.60877868618725,1.9141220950819922,0.3769083812976831,2
1771108269930,0.409351139525009,1.5572518613031132,1.2328243857515602,2
1771108270039,0.08587786274484793,-0.47996182192758596,0.08110686888788825,2
1771108270148,0.49332060472707306,0.9627862401693477,0.7480915699670146,2
1771108270256,1.4427481154577866,0.5009541948982086,-0.4809160206989779,2
1771108270364,1.6269083716147248,0.40267174812526546,-0.40267174812526546,2
1771108270473,3.9322517495239997,-0.4780534243848021,-0.239503811578097,2
1771108270581,0.6288167769038753,-0.20324427160541658,0.004770992189433035,2
1771108270689,-1.681297701584065,0.5791984407914945,0.37499998375489924,2
1771108270798,2.0353052323270626,2.6354961528108856,-1.4456107117719623,2
1771108270907,1.1708014656110843,1.559160258845897,-0.509541983840736,2
1771108271014,1.1040076583353544,-0.5896946272768059,0.1106870241309317,2
1771108271123,3.4828244483635142,-3.3835877761387527,-0.09446564501726877,2
1771108271231,1.7309160376964459,2.919847386685683,0.9742366254260509,2
1771108271332,-1.4398855191436106,1.0696565025652447,1.109732850963706,2
1771108271440,-0.524809164183007,-2.74618321029235,0.16889312917552007,2
1771108271549,0.7395037810244872,0.18511449494896978,-0.3988549530396977,2
1771108271662,-2.8540075647379335,-1.109732850963706,1.0562977197657575,2
1771108271765,-3.3835877761387527,-2.110687041988731,0.9360686745703735,2
1771108271903,1.7690839885521235,2.8807251303369075,-0.3740457849835073,2
1771108271982,0.4580152501855714,4.108778415509803,-0.6164121928757801,2
1771108272116,1.8225190130283662,3.5047709133838234,-0.6040076088476849,2
1771108272199,-2.349236521393304,2.2375953718621533,-0.07156488117396888,2
1771108272308,0.05820610504458836,-0.6927480945871352,0.5925572235909817,2
1771108272416,3.412213739280511,4.907442680443149,0.5057251887551683,2
1771108272524,-0.48473281578454563,-0.18511449494896978,0.41603053092475256,2
1771108272632,-2.377862484535062,-3.5009541182982553,0.47996182192758596,2
1771108272741,0.58683203096263,-0.5467557359250216,-0.17080152671830395,2
1771108272850,0.05248091575129004,3.041030523930753,-0.23091602263556957,2
1771108272958,-2.409351150712702,-0.46087784649974717,0.2767175636623826,2
1771108273066,0.834923658163681,-0.40744274198222513,0.1984732777484569,2
1771108273174,-0.2528625943775841,2.482824349388175,-0.13454198674562354,2
1771108273275,1.5181297116760437,1.7671755910093396,-0.169847327946912,2
1771108273383,1.1860686459533554,-2.4646946794534346,-0.34923664360774337,2
1771108273491,1.902671709825289,3.277671605792542,-0.11450381254639284,2
1771108273600,-1.6498091421281311,-1.531488494475531,0.31870228292320135,2
1771108273709,-0.6498091498744979,-2.038167935362944,0.059160303815980295,2
1771108273817,0.2108778617765521,2.950381533926813,-0.05248091575129004,2
1771108273918,1.5286258981613552,2.9637403167263003,-0.10400763273118814,2
1771108274025,-0.5610687174959006,-3.5696564298384748,0.2767175636623826,2
1771108274126,0.5305343568113586,-1.9417939661740642,-0.0772900738023205,2
1771108274233,2.0324427427345926,2.97328230444022,-0.03530534453634177,2
1771108274334,-0.11927480640335253,2.766221277769875,0.14885495497628937,2
1771108274442,-2.2099237142134927,-1.7471374168101088,0.5019083936696005,2
1771108274550,1.0276717566239995,-1.8253817160642478,-0.07824427257371244,2
1771108274660,1.1488548938690697,2.4131679457982695,-0.23664121526392118,2
1771108274767,-2.8339694972604086,-0.2643129796342874,0.33874045712243206,2
1771108274877,-0.35019084237913534,-1.6335877630144682,-0.14312976234793776,2
1771108274984,1.7204198512111346,2.560114556592628,-0.023854960947165174,2
1771108275093,-0.012404579859278557,0.49522900226985694,0.3454198485221756,2
1771108275193,-2.289122105517318,-0.8101144901074906,0.41507633215336065,2
1771108275301,0.06488549644433192,-2.4312976157330106,-0.03721373874407234,2
1771108275410,0.40648854321083316,3.2938930916279108,0.1622137377757765,2
1771108275510,-0.3998091518110896,2.390267175284863,0.10687022904536396,2
1771108275618,-0.021946565071907953,-1.867366462005493,0.029580151907990147,2
1771108275727,0.4904580084128973,-1.3320610579763217,-0.18606869372036172,2
1771108275835,0.7375953834817033,1.062977111165501,0.16412213531856037,2
1771108275944,0.6669847277595529,1.8769084497194124,0.01622137411108298,2
1771108276052,-0.5076335862979521,-1.9227099907462253,0.2824427562907342,2
1771108276161,-0.6125953977902123,-1.6793893040412813,-0.00954198437886607,2
1771108276268,1.2738549329214135,1.4227099412585558,-0.020038167529124077,2
1771108276369,2.674618195716249,1.6879770929838087,-0.1393129806025832,2
1771108276478,-0.07538167625953662,2.0181296544420078,-0.07824427257371244,2
1771108276587,-1.7881679639799621,-0.7709923404804211,0.10973282535953977,2
1771108276694,0.19751907897706497,-1.622137377757765,0.1001908376456204,2
1771108276802,1.0696565025652447,0.7585877564523259,-0.014312976568299106,2
1771108276928,-1.8645037589696114,-1.5248091030757873,0.3692747911265476,2
1771108277011,-0.409351139525009,1.514312916590476,-0.11927480640335253,2
1771108277119,-2.8979007082219623,-0.03530534453634177,0.5353053506683183,2
1771108277227,-2.1622137756438957,-2.112595439531515,0.47328243052784236,2
1771108277336,0.2862595246958755,-0.5706106518489671,-0.0066793893153352475,2
1771108277445,1.3654580149750395,2.0467556175837656,-0.2566793894631519,2
1771108277552,1.464694687199801,1.499999935019597,-0.010496183150258008,2
1771108277662,-3.4332061122511335,-0.015267175339691044,0.4895038096415053,2
1771108277769,-3.8969465017042038,-1.3043892936059556,0.6383587646177947,2
1771108277870,-3.3606870056253464,-1.2719465353786297,0.5925572235909817,2
1771108277978,-1.5505724699033696,-1.4246183388013398,0.32824427063712075,2
1771108278087,2.4942747346448786,-1.0486641295946222,-0.1135496137750009,2
1771108278196,1.6116411912724538,1.8206106154855823,-0.28339695506212614,2
1771108278304,-0.2290076250927857,1.6908396892979844,0.10400763273118814,2
1771108278413,-2.16412217318668,-1.4265267363441236,0.39599235672552185,2
1771108278513,-1.6011450047871423,-2.133587812502138,0.2671755759484632,2
1771108278621,0.37499998375489924,0.7938931109938276,-0.18416029617757784,2
1771108278729,2.56870223881345,1.3368320518332815,-0.1622137377757765,2
1771108278837,-1.375954201460351,-0.8826335967332778,0.3139312890662417,2
1771108278948,-2.0763358862186214,-4.2996181697881894,0.49427480349846503,2
1771108279054,1.404580164602109,-1.1221374349918012,0.10877862658814783,2
1771108279163,-0.45706105141417946,0.12690839657448802,-0.14026717937397515,2
1771108279272,-3.4646945649853618,-2.5543893639642765,0.14312976234793776,2
1771108279380,0.05343511452268198,1.4093511584590688,-0.40267174812526546,2
1771108279489,1.2261449943518168,-0.19274808512010527,-0.040076335058248154,2
1771108279597,-1.5104961215049084,-0.47996182192758596,-0.22996182386417763,2
1771108279705,-1.0744274964222045,-0.11927480640335253,-0.33874045712243206,2
1771108279813,0.0667938939871158,-0.21469465686211986,-0.9866412094541461,2
1771108279940,-0.9561068487696042,0.08015267011649631,0.7061068773866223,2
1771108280029,0.7862595208226921,0.6431297584747544,0.03530534453634177,2
1771108280138,1.2089694164667617,3.2061068046598526,0.34923664360774337,2
1771108280239,2.1564885830155442,1.160305279125773,0.5486641334678054,2
1771108280347,1.9427480582237502,-0.44083969898094294,0.3816793751546428,2
1771108280455,-0.05725190627319642,1.745229019267325,0.4561068526427875,2
1771108280555,-2.639312947896453,3.479961745327633,1.4465649105433542,2
1771108280665,-0.4656488403567069,3.5667939402460047,1.3931297793454058,2
1771108280773,0.3711831886693315,4.406488432184087,0.13740458305979936,2
1771108280881,2.813931216339472,6.5744271870129225,0.6316793732180511,2
1771108280991,2.181297751071735,6.7557251670208025,1.0572519185371496,2
1771108281098,1.1870228447247473,8.330152499487266,2.396946459962901,2
1771108281210,0.2566793894631519,10.154579696615004,2.113549531581201,2
1771108281315,0.7471373711956227,7.733778800975833,2.2624045399183434,2
1771108281424,0.0066793893153352475,10.281488026488425,1.142175502469326,2
1771108281526,-1.2891221132636845,10.451336048126425,1.313931281319875,2
1771108281631,0.7156488651005416,11.169847189376025,1.744274820495933,2
1771108281740,-0.47519082807062624,13.025763266124814,2.807251931661434,2
1771108281848,-0.7499999675097985,12.316793899145722,3.7423665141821214,2
1771108281967,-0.7795801294229485,14.945609913504924,3.401717446073494,2
1771108282066,-1.9456107612596318,17.206107123097542,5.522900781269242,2
1771108282173,3.442748099965053,14.348282549830628,4.4446563830397645,2
1771108282275,2.1526717879299766,12.910304894621273,4.6889312685161,2
1771108282375,-3.953244335938034,16.74141178782114,5.794847324394238,2
1771108282483,2.6498090276600585,15.823473636959152,5.040076416388334,2
1771108282591,-0.3320610657226885,14.431296669002963,5.26145010446444,2
1771108282691,0.31488548783763365,19.731870097033237,5.702290150290927,2
1771108282800,-2.337786136136601,13.521946627248623,4.244274854490869,2
1771108282907,-0.1622137377757765,16.085877552039996,5.153625750018857,2
1771108283017,-1.7337786340106218,20.498090963409023,4.5286258749222545,2
1771108283124,6.495229009152509,19.389312204495003,2.799618341490299,2
1771108283233,5.321564733783838,19.537213120782457,2.958015124097949,2
1771108283341,0.10114503641701234,23.853052562962606,5.530534371440377,2
1771108283450,0.5477099346964135,18.384541858714645,5.434160402251498,2
1771108283559,-1.60973279372967,21.95515302093304,5.229007559680525,2
1771108283667,-0.8893129881330214,20.197518243698855,4.357824188121392,2
1771108283767,-7.1393128596769495,24.4866414009405,7.312976822626871,2
1771108283875,-3.168893159297273,22.75763365406513,6.021946418542108,2
1771108283984,3.979007382600499,21.910304291295443,3.766221376745214,2
1771108284092,5.9990456480287015,23.645037444242575,6.542938734278695,2
1771108284200,4.407442524233773,14.092556852210766,3.8864502084971866,2
1771108284309,-0.3234732767801611,20.84541974308251,2.8167939193753537,2
1771108284417,-6.333015004572468,24.2900753868167,5.693702041183282,2
1771108284525,-3.6145036653721903,15.484732112619662,5.419847313958913,2
1771108284635,5.321564733783838,25.285305665873842,4.258587515896631,2
1771108284742,9.3062975224561,18.159350521779324,2.367366404771457,2
1771108284852,-2.1440838922657433,23.40744248377451,3.8387404833710015,2
1771108284981,7.934160329524728,14.960877093847195,3.0791984747864305,2
1771108285068,-14.878815786064077,12.487595585946584,7.718511620633562,2
1771108285175,8.121182861830725,9.034350979331103,4.191793815342606,2
1771108285277,10.813931154368538,13.736640817203279,1.269083939064454,2
1771108285384,-8.589694565305871,9.979961641615397,4.142175479230226,2
1771108285493,-11.490457976563716,11.787213474301492,2.756679290055956,2
1771108285601,1.4465649105433542,11.919847210246676,1.2041984226098021,2
1771108285702,7.281488796779466,6.6889310395799555,2.8501907696523654,2
1771108285810,-9.546755185960045,6.740457986678532,6.62881683714738,2
1771108285912,15.2385498968176,11.180343482583043,0.7633587503092856,2
1771108286018,-7.723282507768816,20.622137444020208,3.5009541182982553,2
1771108286128,-6.822518867574827,3.416984626415765,2.457061089282299,2
1771108286235,-2.84255717948123,10.322518680379984,1.3311068592049298,2
1771108286343,13.935114161652802,9.70896961742691,-0.44942746124304395,2
1771108286453,10.836831924881945,5.384542066139117,1.6135495888152376,2
1771108286560,-6.8330151607818435,5.251908330193932,1.4007633695165413,2
1771108286668,0.1412213781453671,6.0229005105917945,1.6631679249276183,2
1771108286769,1.372137406374783,4.135495981108777,-0.9083969102000072,2
1771108286878,2.1440838922657433,-0.36354962517862244,0.17080152671830395,2
1771108286988,1.8263358081139338,6.852099136209683,0.54103054329667,2
1771108287113,3.015267050381465,-1.0925572730786512,-0.1135496137750009,2
1771108287203,-10.637404061495912,3.2690839235717206,1.4971373387054212,2
1771108287308,2.580152624070153,2.4055343556271342,1.192748037353099,2
1771108287412,1.7414122241817571,-4.742366399714049,-1.190839639810315,2
1771108287520,-1.372137406374783,6.523854758850856,-0.08206106765928019,2
1771108287629,6.34828218491474,-1.1374046153340722,0.20706106669098434,2
1771108287736,-3.963740202258228,0.9026717175716557,-0.2824427562907342,2
1771108287845,-4.710877946979821,9.00190843454719,-0.12499999903170415,2
1771108287954,-9.351144544546404,-6.015266920420659,1.4723281706492308,2
1771108288061,4.426526499661612,14.819656102568011,-0.10973282535953977,2
1771108288169,12.891221346080258,-14.037213536913445,-2.422709933512189,2
1771108288271,-7.227099146645008,3.354007507503897,2.3979007654559985,2
1771108288379,5.770992461831146,-8.494274261279855,0.5104961826121279,2
1771108288488,12.098282487218674,2.1269083143806884,-0.4742366292992343,2
1771108288595,-5.03435101031657,0.525763362954399,0.38263357392603475,2
1771108288696,0.5906488260481978,0.03148854945077403,-0.7356869859389195,2
1771108288804,6.12118309076687,0.7585877564523259,-0.6841603056446077,2
1771108288913,-3.4971373232126877,4.640267024453406,0.41793892846753644,2
1771108289021,-10.588740671206864,-3.500000026248569,0.30629769889510616,2
1771108289128,4.595419575476279,-0.7347327871675275,0.08301526643067213,2
1771108289229,4.235686745383224,1.852099281663222,-2.19179383083534,2
1771108289337,7.16125953814067,3.9627861102085418,-1.1335878202485046,2
1771108289445,7.2156483345014815,-7.027671710145799,-1.1879770434961392,2
1771108289555,2.6450381405248047,-6.895037974200614,-1.205152621381194,2
1771108289662,4.371183184364291,-3.6173663684080717,-0.7070610761580142,2
1771108289771,8.08587761401093,-1.3625954186608638,-3.1001908477570534,2
1771108289879,-1.002862588567809,0.20801526546237628,-0.6517175474172818,2
1771108290016,5.010496147753478,0.34064885466521594,-1.1402671049265423,2
1771108290117,4.640267024453406,-1.9083969024536405,-0.07442747748814468,2
1771108290204,9.891221262597652,-0.4236641210958881,-1.979007611536644,2
1771108290313,3.8349236882854334,-0.17652671934665556,-1.9332060705098308,2
1771108290421,3.195610724896247,-2.387404472248982,-0.7795801294229485,2
1771108290535,2.562022954135412,-3.310114364019868,1.4398855191436106,2
1771108290639,7.251908101257787,3.1708015568400567,-0.6812977093304319,2
1771108290747,0.6708015228451206,-6.208969377734928,-0.10496183150258008,2
1771108290855,-7.640266681049188,-5.949427311916321,-0.24332060666366476,2
1771108290963,0.21564885563351177,-3.611640962336309,-0.05534351206546585,2
1771108291103,-4.384541753720367,-5.150763473869798,-1.5562976625317213,2
1771108291181,3.5019084237913534,-3.6517175241781814,-1.0238549615384318,2
1771108291288,-2.7738548679410107,-7.336832112076787,-0.378816778840467,2
1771108291389,-3.5248091943047597,-3.332061042483588,-0.3893129653257783,2
1771108291499,0.9112595065141831,0.5963740186765495,-1.4723281706492308,2
1771108291606,7.789122116273154,-5.378816660067354,-1.1068702546495304,2
1771108291714,7.113549386127662,-10.054389359227379,-1.9532443514307674,2
1771108291823,1.5209923079902197,1.482824357134542,-1.5801526318165198,2
1771108291931,-9.04103005056573,-4.6889312685161,0.5667939101242523,2
1771108292033,-5.329198323954973,-8.798664202962412,-1.943702363716848,2
1771108292139,4.979961787068936,-3.8444654625559416,-1.5830152281306955,2
1771108292241,2.937022751127326,-10.018129592471073,-1.5534350662175456,2
1771108292348,-3.161259569126137,-2.7576335955490534,0.4446564940665107,2
1771108292460,-3.604007372165173,-7.379770950067718,-0.741412178567271,2
1771108292559,-4.5534352564218565,3.3482823148755454,0.1937022838914972,2
1771108292665,-2.068702296047486,-14.620228239181978,-0.5152671764690876,2
1771108292773,-1.8311069086925993,-2.829198396681743,-0.7032442810724464,2
1771108292874,14.257633132939866,-1.0753816951935964,-2.7414121097136848,2
1771108292981,-0.9150763015997508,-3.442748099965053,-0.9790076192830106,2
1771108293107,-3.6956104542187993,1.5276716993899633,-1.88072524480498,2
1771108293183,9.75095393648133,-5.043893211473901,-3.5429388642395008,2
1771108293291,-0.8912213856758052,6.2395037384194705,-3.872137547091425,2
1771108293399,-4.021946647478253,-10.337785860722255,0.12022900517474447,2
1771108293499,-0.7395037810244872,-0.20801526546237628,1.2509541624080072,2
1771108293607,7.733778800975833,3.0095418577531134,2.1087786444459473,2
1771108293717,10.212785714948206,-8.292939067568097,-0.5181297727832634,2
1771108293824,-7.943702103795236,3.9971372659786515,1.281488523092549,2
1771108293932,-4.551526645435661,-11.666984215662696,-0.6316793732180511,2
1771108294034,7.60400776806653,5.580152707552759,-1.5877862219876553,2
1771108294152,-3.7328243130247905,-18.300571513058507,-0.2643129796342874,2
1771108294249,-3.9561066120870922,-3.628816753664775,1.3664122137464316,2
1771108294358,5.0868320494648325,-6.097328228203777,0.5343511518969264,2
1771108294467,8.114503790596098,-16.448473512055756,0.5505725310105893,2
1771108294575,-7.178434902582314,11.440839213564512,2.6192746669755165,2
1771108294684,2.3759540869922784,-9.823473469993942,-2.0486640151265494,2
1771108294786,3.476144950242065,5.217557174423822,-1.9417939661740642,2
1771108294892,3.166030456261391,-5.010496147753478,-1.887404529483018,2
1771108295000,9.288167639077948,5.0753816642081295,-2.0744274886758376,2
1771108295143,-10.021946814443465,-11.301526406384701,-0.3110686927520659,2
1771108295217,5.611641160286987,-4.291030487567368,-1.8330153062353831,2
1771108295327,-1.1717556643824762,-0.49332060472707306,-0.3320610657226885,2
1771108295434,-10.652671241838183,-12.390267097821196,3.098282450214269,2
1771108295543,-0.35114504115052725,7.041984798438384,2.195610625920908,2
1771108295651,-3.0963740526714854,-8.028626114614235,2.027671642155927,2
1771108295759,5.614503863322868,3.339694632654724,0.5543893260961571,2
1771108295868,6.75954196210637,-2.334923646544131,-1.8664121565123952,2
1771108295976,-4.248091649576437,-2.207061011177611,-0.4322519100384155,2
1771108296116,-0.11641221008917672,1.5009541337909889,0.3645038239500144,2
1771108296195,0.3683205923551557,-0.5286259592685748,-3.1851144316892297,2
1771108296301,0.741412178567271,-4.331106622522418,-3.6297708457144613,2
1771108296409,1.3692748100606074,12.386449875848806,-2.3272900563729952,2
1771108296510,0.7557251601381502,-10.048663953155616,0.5362595494397102,2
1771108296619,-6.434160287783425,3.8606871618347216,1.774809181180475,2
1771108296727,-11.37404593989731,-0.30820609643789004,1.593511414616007,2
1771108296836,-13.388358372366929,0.5591603199531168,2.0820610788469733,2
1771108296945,-0.6774809142448641,0.787213719594084,-1.1975190312100585,2
1771108297045,8.617366222954532,-5.638358725885961,0.864503820076831,2
1771108297165,6.123091701753065,-1.1431297012407182,2.560114556592628,2
1771108297269,-2.31965646620186,-5.958969513073652,-3.1431296857479847,2
1771108297378,-12.307252124875214,2.1374046075877056,-1.3673664125178235,2
1771108297486,11.000000021511672,1.1288168263915448,-1.8377861933706372,2
1771108297595,-2.0333968347842784,-0.9370228733417654,2.2795801178033983,2
1771108297695,-2.558206159049844,6.219465670941945,-2.0114503697639696,2
1771108297803,21.708014578647177,-2.72137404223616,1.5725190416453843,2
1771108297915,0.005725190960824973,-4.6431297274892875,4.670801385137948,2
1771108298040,9.677480737805858,-0.9694656315690913,0.9007633200288717,2
1771108298124,15.000953228802244,0.18893129003453754,-5.303434850405685,2
1771108298229,-0.4666030391280988,4.4026716370985195,-0.20992366300516016,2
1771108298337,-12.099236152381538,0.7700381417090292,1.6803435028126732,2
1771108298446,-11.111641171042823,2.130725109466256,1.1727098631538682,2
1771108298555,-2.522900697786637,-5.704198334390299,0.5744274469345348,2
1771108298662,8.39026670191984,6.1249998858524375,-0.8998091212574798,2
1771108298771,3.785305352173053,8.473282528639468,-1.9513359538879835,2
1771108298880,12.136450438074352,-0.9704198303404832,-2.68702288646605,2
1771108298981,-5.226144856644644,-6.63454181633232,-2.320610558251546,2
1771108299129,-1.3520992321755525,2.59351140686964,0.9017175188002637,2
1771108299189,5.3272901398556005,-6.320610527266079,-2.3587785091072235,2
1771108299297,2.332060943508249,-1.8253817160642478,0.9379770721131573,2
1771108299404,-8.668893170053108,0.6507633486458899,2.978053405018885,2
1771108299515,-20.221374386922417,-6.445610673040129,0.3778625800690751,2
1771108299621,5.9933206688437615,-6.019083715506227,-1.1307252239343286,2
1771108299732,4.289121876581173,2.6488549356103723,0.24809160052062443,2
1771108299830,-3.613549573322504,10.571564452991574,2.4790075543026076,2
1771108299938,3.7185112247322056,2.8492366776026796,-1.468511375563663,2
1771108300047,-1.2900763120350764,-3.4656488704784594,0.3807251763832509,2
1771108300163,1.2585877525791425,-0.6507633486458899,-0.6259541805896995,2
1771108300264,-7.5286255315180375,-1.4236641400299477,-1.683206099126849,2
1771108300372,-3.430343409215252,-5.357824500540143,0.12690839657448802,2
1771108300481,-1.6994274782405119,-8.45896901346006,0.43893130143815906,2
1771108300589,14.149809205381105,0.6631679326739851,-1.3511450334041606,2
1771108300697,-8.013358934271965,0.2566793894631519,2.6755725012093468,2
1771108300806,-6.957060787619384,-3.9513357249518384,-2.592557314819954,2
1771108300914,5.505724989940776,0.09064885660180763,-2.2461832675263866,2
1771108301067,-5.631679227764511,-0.33015266817990463,0.787213719594084,2
1771108301155,-0.7748091355659888,-1.467557176792271,0.11736640886056866,2
1771108301240,-0.6116411990188204,6.139312974145023,-0.169847327946912,2
1771108301349,0.6001908137621171,6.060114369397786,-0.34351145097939173,2
1771108301456,-0.061068701358764174,3.2356870732947085,-1.7270992426108782,2
1771108301565,17.436067639620823,-1.358778623575296,-2.812022818796688,2
1771108301673,6.386450135770417,9.758587526652466,-1.6965648819263361,2
1771108301783,-7.637404831786953,0.6459923547889302,1.8177481258931123,2
1771108301890,-14.105915848453664,6.160305133672233,3.9141218661458472,2
1771108301998,15.395038068439055,1.233778584522952,-0.6717557216165125,2
1771108302137,4.699427561723118,1.482824357134542,-0.43893130143815906,2
1771108302207,-1.4971373387054212,-1.2433205722368716,-0.33587786080825627,2
1771108302316,-4.6125953668047455,4.460877655431721,0.9293892831706299,2
1771108302424,16.004770763193385,3.802480716614696,-2.666030513495427,2
1771108302533,3.8062975117002638,-1.0133587750531203,-0.3692747911265476,2
1771108302641,0.6249999818183075,6.6116410458189145,1.3253816665765783,2
1771108302751,-8.706106601972277,0.8244274716783696,2.2146946013487465,2
1771108302858,4.0791985737617695,2.693702171144088,1.220419801723465,2
1771108302966,-5.823473074092585,-3.1173664256421083,2.47519075921704,2
1771108303070,6.146946564316158,11.791984361436745,4.578244211034636,2
1771108303174,4.206106903635192,7.328244002969142,1.8072518326860951,2
1771108303282,4.002862672050415,13.895992545634261,0.49618320104124886,2
1771108303391,-9.732824053103178,-4.781488442619413,2.2118321117562765,2
1771108303500,11.638358892851173,3.74522879033118,-1.6278625703861167,2
1771108303600,-1.684160297898241,1.562977053931465,-5.1765265205322635,2
1771108303708,5.985687078672626,4.755724969070124,-2.3482824293436177,2
1771108303818,8.49045789308111,-6.038167690934065,-1.3167938776340509,2
1771108303925,3.2786259112856397,-8.90362542748529,-0.24713740174923252,2
1771108304065,-7.928434923452965,-3.7929389423441884,0.045801527686599786,2
1771108304153,-5.300572574256627,-3.401717446073494,-1.0085877811961608,2
1771108304259,8.786259725656024,2.402671652591253,0.6068702051618607,2
1771108304367,-5.445610787508201,-6.991411943389494,-0.3864503690116025,2
1771108304468,-4.4799616308595605,7.156488651005416,-1.6202289802149812,2
1771108304576,0.0,0.8711832114765746,-3.5744275304171405,2
1771108304684,22.565838527076586,4.63263343428227,-1.7690839885521235,2
1771108304792,7.6755727826426305,12.741412245693429,3.0038166651247615,2
1771108304902,-1.8377861933706372,0.3769083812976831,3.354961812996995,2
1771108305009,8.37786222461345,-3.9045800918753395,-0.8425572483348165,2
1771108305130,-0.13549618551701548,2.997137380446724,2.8540075647379335,2
1771108305234,3.636450343835911,6.7423661707779035,4.3549619119723335,2
1771108305335,-19.853053020834896,-5.916984767132407,2.112595439531515,2
1771108305443,3.093511349635604,-3.3635494952178164,-0.13072519166005578,2
1771108305544,-3.535305274068365,-8.08969483598332,-1.760496199609596,2
1771108305652,-3.7633586737093325,-7.183205789717568,-1.5438930785036262,2
1771108305760,0.4866412133273295,10.235686485461612,-0.6583969388170254,2
1771108305869,-5.938931018709304,3.8396945754206877,2.0028624740997367,2
1771108305977,18.479006790030507,6.787213619755031,-1.2041984226098021,2
1771108306118,-4.709923428043312,8.303435360775113,2.7729007758913244,2
1771108306185,-3.309160271970182,8.304389025937978,-2.010496064270872,2
1771108306294,-15.03816751449506,-4.095419846153727,-2.6202289724686145,2
1771108306394,4.25954203483314,-2.4208015359694053,-0.7108778712435819,2
1771108306502,-2.0314884372414945,-3.5372136716111493,1.2137404103237215,2
1771108306603,-12.118320554696199,-8.427480987612654,1.995228883928601,2
1771108306711,-2.4790075543026076,-0.24141220912088088,-0.5333969531255345,2
1771108306822,8.097328426154455,6.2146943569198685,-1.392175580574014,2
1771108306928,13.273854519799896,2.166030570729464,-2.9064886038861957,2
1771108307098,-10.154579696615004,2.7299617244569814,1.6116411912724538,2
1771108307145,-7.339694815112669,1.0219465639956478,2.4236640255618753,2
1771108307246,-1.6555343347564828,-0.8606870249912633,0.6526717461886737,2
1771108307354,-16.173664265894875,-6.380725156585477,1.7910305602941379,2
1771108307462,2.0620227979260366,2.1727098554075015,-0.3234732767801611,2
1771108307571,3.9293890464881183,2.2958013901953556,0.3349236620368643,2
1771108307678,13.551526468996656,-2.396946459962901,-2.130725109466256,2
1771108307787,2.479961859795705,3.0667937840366295,0.31297709029484977,2
1771108307896,1.1879770434961392,7.1526718559198486,-0.6498091498744979,2
1771108308004,-8.28244277436108,-3.8530535716635863,1.574427439188168,2
1771108308122,-8.665075948080718,1.6202289802149812,4.302480872824072,2
1771108308220,-4.902671793307895,0.169847327946912,1.7423664229531493,2
1771108308321,6.188931310257403,-6.682251968345329,-1.9188931956606576,2
1771108308429,4.437022792868629,1.0935114718500432,-0.09828244010283652,2
1771108308538,-8.821564973475818,0.15362594883324907,1.7872137652085702,2
1771108308646,-5.011450239803164,-2.278626025753712,0.060114502587372234,2
1771108308747,16.46755706059677,5.395992451395821,-2.8540075647379335,2
1771108308855,1.5562976625317213,1.7185114536683508,-2.090648761067795,2
1771108308963,-9.52862615635554,-5.756679373538561,2.1249999168379046,2
1771108309117,-4.44656499402596,2.0648855009619185,4.039122011919897,2
1771108309172,-4.384541753720367,-3.8511449606773906,2.0772899782683076,2
1771108309280,-10.179389505001428,4.749999989885184,1.6755725089557134,2
1771108309388,-1.1717556643824762,-2.8950382186294923,-0.08396946520206407,2
1771108309496,-5.7700379428946365,-0.059160303815980295,-1.265267143978886,2
1771108309605,-1.253816758722183,-4.481870241845756,-1.8425572939493027,2
1771108309716,4.991412172325639,1.789122162751354,-1.3645038162036476,2
1771108309822,5.00667935266791,-0.43606870512398327,-0.4914122071842892,2
1771108309931,-6.478053217824043,5.350190910369007,-0.2566793894631519,2
1771108310038,-14.661258893073539,-8.39026670191984,-1.2643129452074942,2
1771108310148,-4.2108777907704456,9.552480592031808,-0.5687023076670361,2
1771108310248,-0.4427480965237268,-6.096374136154091,-3.21660309786687,2
1771108310356,3.935114452559881,1.470419773106447,-1.1812976520963956,2
1771108310464,-4.674618180223516,-8.532442212135532,1.686068695441025,2
1771108310572,-8.302480841838605,0.3215648792373772,1.1688930680683005,2
1771108310682,4.254770720811063,3.0944656551287015,3.775763151015722,2
1771108310790,-9.80343454874277,5.708969221525553,5.331106934941169,2
1771108310898,2.7471373023420362,1.7490458143528926,0.24332060666366476,2
1771108311007,6.735687099543278,-2.601144997040776,-1.0276717566239995,2
1771108311141,-17.058206206810084,-4.030534329699075,1.3778625990031348,2
1771108311214,-2.0696563880971723,1.804389343093625,-0.2881679222386594,2
1771108311315,-22.383586881905845,-10.581107081035729,4.937977041127691,2
1771108311424,19.25000025108884,-4.144084090216421,0.22232824703325535,2
1771108311531,1.6431297507283877,9.590648542887486,2.904580206343412,2
1771108311642,-2.532442685500556,6.948473105398563,1.502862531333773,2
1771108311748,1.5095419227335163,0.9589694450837799,0.23568701649252924,2
1771108311857,3.766221376745214,2.3931296648773333,-0.8263358692211535,2
1771108311965,14.199427114606664,-6.768129644327192,-1.5954198121587908,2
1771108312131,-18.550571804606605,6.4914122140669415,4.264312921968394,2
1771108312176,12.124999625930826,-0.1774809181180475,-1.994274791878915,2
1771108312282,-2.580152624070153,-2.9093510934786657,-0.834923658163681,2
1771108312391,-13.841602895499804,-5.395037932459311,1.6450381482711716,2
1771108312499,9.896946668669415,3.101144939806739,-1.9513359538879835,2
1771108312608,1.6889312917552006,-2.737595314628117,-0.6927480945871352,2
1771108312716,-14.265266723111,-11.918892691310168,2.178435048035853,2
1771108312825,13.259541858394133,-2.3893128697917656,-1.3043892936059556,2
1771108312925,-12.578244149063702,4.007633559185669,1.57538163795956,2
1771108313033,12.210877301912689,6.104007726325227,-0.2910305185528352,2
1771108313133,-2.055343513247999,-0.648854951103106,0.7003816847582707,2
1771108313241,-15.187022949719024,-10.528625615000642,2.7270992348645113,2
1771108313350,11.597328238959612,3.1898855322678954,-1.192748037353099,2
1771108313450,-22.391221325850626,-11.750953707545186,1.966602920786843,2
1771108313559,12.391220762984059,-1.9055344128611704,-1.1870228447247473,2
1771108313667,7.817748292858323,-6.291984777567732,-0.6087786027046447,2
1771108313776,-11.578243836644951,-0.14790075620489743,2.6574426178311943,2
1771108313883,12.27385506115479,-5.251908330193932,-1.0763358939649883,2
1771108313993,-4.842557163988497,-1.8740457466835307,0.603053410076293,2
1771108314154,16.306298001840062,7.884541566525524,0.27290076857681483,2
1771108314201,8.747137255863835,9.140266722790491,1.577290035502344,2
1771108314310,-13.993320179986005,-2.1097327364956335,2.376908392485376,2
1771108314417,22.598281925634147,11.09637399070055,-1.5830152281306955,2
1771108314528,7.1803430866816855,7.340648480275531,0.7356869859389195,2
1771108314639,-16.666984923982803,1.4952289411626374,-0.09923663887422846,2
1771108314742,21.907442442033208,8.544847543215567,-3.8444654625559416,2
1771108314851,7.537213640625682,7.751908684353985,-1.2041984226098021,2
1771108314959,-6.867366316551953,8.437977280819672,1.9427480582237502,2
1771108315069,12.469465702568433,6.883587588943911,0.22232824703325535,2
1771108315226,-8.791984277954139,2.8034351365758665,0.2499999980634083,2
1771108315276,3.1555343764977857,-4.970419585911604,0.3454198485221756,2
1771108315384,4.995228967411206,-3.332061042483588,0.2232824458046473,2
1771108315485,-10.786259496719877,-2.5095419149871496,1.1631678754399488,2
1771108315593,17.96374073413933,6.477099125774357,-3.627862661615089,2
1771108315701,1.2013358262956264,3.4284350116724682,0.8597328262198713,2
1771108315802,-6.518129779665916,-3.1297709029484975,1.6269083716147248,2
1771108315905,-4.803435121083133,-0.40458014566804934,-1.3816793940887024,2
1771108316010,-15.861640734041185,-0.9561068487696042,-0.015267175339691044,2
1771108316141,-11.677480508869712,0.7013358835296626,-0.37977097761185896,2
1771108316218,-11.84064860549944,-1.5372136871038826,2.0610687058763504,2
1771108316319,13.313931508528592,3.076335771750549,-0.6507633486458899,2
1771108316428,-3.198473214488717,0.7633587503092856,1.062977111165501,2
1771108316537,-11.82824412819305,-3.3740457884248336,1.5696564453312085,2
1771108316645,8.57156468192772,1.0534351234515817,1.1030534595639625,2
1771108316752,-4.708015243943939,-1.1183206399062335,0.5582061211817249,2
1771108316853,9.359732653654047,9.056297230908001,-0.3969465554969138,2
1771108316961,3.736641108110358,-0.2232824458046473,-2.659351015373978,2
1771108317070,-7.187976676852822,1.2232823980376408,-0.9370228733417654,2
1771108317178,7.965648355372133,1.4809159595917583,-1.5601144576172892,2
1771108317280,-4.652671501759795,-3.7185112247322056,-0.6860687031873915,2
1771108317386,12.371182695506533,6.6059160666339745,-2.4770991567598237,2
1771108317495,-11.807251541779015,-1.9370228655953987,-0.84923663973456,2
1771108317596,7.865458017984508,-1.1698472668396924,-0.6412213609319705,2
1771108317704,3.327289941904923,4.413167930305536,0.68034351055904,2
1771108317812,-12.27099235811891,-3.261450333400585,2.143129800216057,2
1771108317921,0.41793892846753644,0.4122137358391848,-0.4875954120987214,2
1771108318028,-7.775763120030255,3.075381679700863,0.9045801151144395,2
1771108318137,7.740457872210459,-4.359732799107587,-3.2671755260289363,2
1771108318237,-0.3664122214927983,-0.6135495965616043,-1.1517174901832457,2
1771108318346,-6.196564900428538,-6.056297574312218,0.013358778630670495,2
1771108318446,4.26526701401808,0.5448473383822376,0.39599235672552185,2
1771108318554,-10.649809392575948,6.698473240737286,1.3377862506046734,2
1771108318663,13.773855102896094,12.017175698372066,-1.2948473058920362,2
1771108318771,-4.395038046927383,-2.366412099278359,1.0753816951935964,2
1771108318881,-17.6393118712056,-5.851145158628069,3.9723283113658727,2
1771108318987,6.853053228259369,-7.116412089163544,1.7652671934665556,2
1771108319105,-0.35877863132166277,6.218511152005436,1.1145038448206657,2
1771108319205,-13.607824303230485,-2.702290066808321,3.0076334602103296,2
1771108319314,-3.1898855322678954,-1.684160297898241,-0.1288167941172719,2
1771108319422,-7.51812923831102,0.17461832180387168,1.562022855160073,2
1771108319531,11.412213890752989,10.1946566853437,0.4227099223244961,2
1771108319639,0.5047709899837763,3.6545802272140633,1.5047709288765567,2
1771108319753,-4.387404456756248,6.686068763430897,-0.1469465574335055,2
1771108319855,8.96087778065563,13.947518638959192,-0.7624045515378937,2
1771108319956,-9.514312641176131,-0.9952289983966736,0.4532442563286117,2
1771108320064,-2.9303434664492882,-11.17843529848367,-0.022900763843299893,2
1771108320172,15.534351729392514,-3.769084079781096,-3.6564884113134357,2
1771108320281,4.371183184364291,-2.761450390634621,1.0524809246801898,2
1771108320389,5.333015119040541,8.437977280819672,0.540076344525278,2
1771108320498,-1.2414121746940876,0.3912213628685622,0.00858778644123746,2
1771108320607,-11.443701916600395,6.201335787563792,2.639312947896453,2
1771108320715,-6.26145041688319,-4.761450375141887,-0.12690839657448802,2
1771108320825,-1.9646945232440591,-3.659351114349317,0.5324427543541425,2
1771108320932,-17.557252270969773,-3.025763343588482,2.4818702573384894,2
1771108321041,-0.12309160148892029,1.8912213245685856,1.4541985007144898,2
1771108321171,-5.563931008273978,-1.3024808960631717,2.5667938412706657,2
1771108321248,-1.4026717670593252,8.562976572820075,2.551526660928395,2
1771108321357,0.10877862658814783,2.6335877552681017,3.0343510258093036,2
1771108321465,3.0333969337596174,15.043892920566822,1.8454197835417727,2
1771108321566,6.79389311787648,0.49522900226985694,0.1259541978030961,2
1771108321675,19.66507596959239,7.43893148733743,-2.0963739536961463,2
1771108321782,4.958015108605215,13.251908268222998,0.16030534023299262,2
1771108321884,-6.407442722184451,-4.645992430525169,1.1822518508677875,2
1771108321991,-9.647900896057825,-7.435114265365039,1.1507632914118535,2
1771108322146,-5.5009541028055216,-0.169847327946912,-0.05725190627319642,2
1771108322201,3.5610687476176532,1.576335836730952,-1.300572498520388,2
1771108322309,-4.575381507998754,-4.716602926164761,-1.034351148023743,2
1771108322416,-3.636450343835911,6.750954279885549,0.4656488403567069,2
1771108322525,10.022900479606328,0.21946565071907953,-0.3015267050381465,2
1771108322633,9.79198459037289,-1.3702290088319993,-2.3683204968211427,2
1771108322742,7.969465577344524,0.020038167529124077,-0.10877862658814783,2
1771108322842,9.898854852768787,9.73568675613906,-1.6030534023299263,2
1771108322949,-9.758587526652466,0.354961836236095,1.9341603760029287,2
1771108323058,-16.82824398273951,9.173663786510915,3.9770991985011266,2
1771108323170,6.364503884193519,6.838740566853607,3.9961831739289653,2
1771108323277,-1.6965648819263361,0.896946524943304,4.933206153992437,2
1771108323384,5.854961953713636,2.5343510830433402,1.2604961501219265,2
1771108323492,5.071564869122562,5.014312942839045,-0.09732824133144458,2
1771108323592,-16.23568750620047,-3.187022829232014,2.0353052323270626,2
1771108323700,-1.7566794045240282,-0.6851145044159996,0.6593511375884173,2
1771108323809,0.23091602263556957,-2.9914121878183724,2.4141220378479558,2
1771108323917,0.9828244143685784,-0.8606870249912633,2.824427509546489,2
1771108324025,8.22519042119074,4.861641139416335,0.6402671621605786,2
1771108324155,-0.2528625943775841,3.296755581220381,-1.0286259553953914,2
1771108324234,7.17366401544706,-1.3940839781167977,-0.2690839734912471,2
1771108324342,1.313931281319875,-4.88167920689386,-2.027671642155927,2
1771108324451,-11.278625635871295,4.647900614624541,-2.585877816698505,2
1771108324559,2.7709923783485406,-7.3606865477530565,3.395038161395456,2
1771108324668,0.39503815795412994,-11.340648876176887,-0.9751908241974429,2
1771108324776,3.133587698034065,1.697519080697728,-0.14790075620489743,2
1771108324884,-2.914122194057331,0.27290076857681483,-2.873091540165772,2
1771108324992,9.27862586480744,5.9398855376458135,-0.26145038332011156,2
1771108325098,-0.15935114146160068,0.9799618180544025,4.374999979449859,2
1771108325201,-14.435114744749,-1.887404529483018,4.801526510096937,2
1771108325302,-6.294847053716791,-2.564885443727882,1.3167938776340509,2
1771108325412,3.7375952001600443,-1.8282442056567179,-0.14790075620489743,2
1771108325519,3.0467557165591046,3.634541732849715,0.7395037810244872,2
1771108325628,-5.848282455592187,4.916984454713656,3.7938930343938746,2
1771108325736,-2.256679347289992,0.989503805768322,0.9694656315690913,2
1771108325836,-9.050572678609884,-3.9036259998256533,1.189885441038923,2
1771108325946,1.5887404207590472,-1.065839707479677,1.4532443019430978,2
1771108326053,7.049618388609519,-5.061068575915544,-0.8120228876502744,2
1771108326182,-0.6860687031873915,1.1860686459533554,0.09828244010283652,2
1771108326269,12.041984652984844,5.541030237760571,-0.07824427257371244,2
1771108326378,0.4742366292992343,-2.1832061486145187,1.5839694269020874,2
1771108326487,-2.2175573043846284,3.3893129687671046,0.7356869859389195,2
1771108326595,9.056297230908001,-4.946564723348512,-1.685114496669633,2
1771108326703,-0.12118320394613641,-0.19942747651984885,0.01717557288247492,2
1771108326812,-9.91698473614694,3.744274698281494,1.2318701869801683,2
1771108326920,2.47519075921704,-2.748091607835134,-0.5591603199531168,2
1771108327028,-1.5477098735891939,-0.5839694346484543,1.8282442056567179,2
1771108327132,-4.4446563830397645,-2.085877873932541,0.021946565071907953,2
1771108327236,3.5753816224668267,10.360686631235662,2.312022876030724,2
1771108327337,12.433205935812127,-1.3816793940887024,-3.0553433987799266,2
1771108327445,-2.7299617244569814,-5.179389223568145,-0.3215648792373772,2
1771108327545,-2.702290066808321,7.809160183750679,2.0849235684394434,2
1771108327654,3.321564749276571,-3.9036259998256533,-0.49236640595568115,2
1771108327763,-2.1545801854727604,-8.196565098379217,-1.2833969206353328,2
1771108327863,2.353053316478872,2.2127862038059627,0.3816793751546428,2
1771108327970,1.329198461662146,0.12022900517474447,0.23473281772113733,2
1771108328093,-3.492366436077434,-8.748091774800345,0.757633557680934,2
1771108328179,7.0992367247219,-2.6526717306959404,-0.664122131445377,2
1771108328288,2.500954232766328,5.163167951176187,0.37022898989793956,2
1771108328396,-7.270992503572449,-1.312977082548483,0.5305343568113586,2
1771108328508,-3.603053280115487,-2.8606870628593826,-1.0391221418807026,2
1771108328613,5.305343461391881,-7.695610850120155,0.7624045515378937,2
1771108328721,0.8854961930474536,1.2385495783799119,-0.1622137377757765,2
1771108328830,3.7633586737093325,4.824427280610344,-0.8158396827358422,2
1771108328939,1.3874045867170541,4.2108777907704456,-0.9541984512268202,2
1771108329046,-13.051526739674102,-7.717557101697053,0.3645038239500144,2
1771108329148,4.8540075492452,3.8158397128575947,-0.7681297441662454,2
1771108329255,-4.384541753720367,2.7471373023420362,0.32633587309433687,2
1771108329365,5.254771033229813,5.87786229734022,1.6116411912724538,2
1771108329471,2.241412166947721,2.693702171144088,1.2414121746940876,2
1771108329572,2.0286259476490245,2.0391220274126303,2.0171755623923215,2
1771108329682,-0.11259541500360896,3.812022917772027,1.9074428104039542,2
1771108329782,-1.6956106831549442,2.7204197367430623,0.13454198674562354,2
1771108329889,4.829198594632421,-2.4188931384266215,-1.0839694841361238,2
1771108329997,-5.200381809982179,-1.2423663734654797,0.11736640886056866,2
1771108330137,13.19751861808854,-0.7824427257371244,-2.527671798365302,2
1771108330198,11.632633486779408,0.027671756032732926,-1.2242365968090327,2
1771108330305,12.661259122009684,4.991412172325639,-2.592557314819954,2
1771108330406,-16.491411496273038,-2.764312880227091,0.15553434637603294,2
1771108330514,10.857824511295979,-1.7156488573541748,-2.374999994942592,2
1771108330623,8.466602603631195,-2.9131678885642334,-1.0486641295946222,2
1771108330731,-0.42461831986728,3.2585876303647034,-0.7719465392518131,2
1771108330840,-9.315839296726608,-3.2328243702588266,1.3225190702624023,2
1771108330940,10.784351312620505,2.4770991567598237,-1.4389313203722187,2
1771108331052,19.5944654739528,2.592557314819954,-1.5696564453312085,2
1771108331150,-8.030534298713608,9.793892774472262,4.7452291027499305,2
1771108331256,-0.6354961683036189,-1.1307252239343286,0.5381679469824941,2
1771108331357,-11.97709870964337,-13.801526760544753,0.2318702214069615,2
1771108331458,1.8635496669199252,0.154580147604641,1.7433206217245412,2
1771108331565,-10.411259059397729,0.0019083969174613804,2.253816857697522,2
1771108331674,10.083969200975412,-1.9675572262799406,-0.23568701649252924,2
1771108331775,-0.9398854696559412,9.962786277173754,-0.9599236438551719,2
1771108331882,2.8043892286255527,7.6192749484088,1.094465670621435,2
1771108331990,4.3120226470945795,-5.18702281373928,-0.9790076192830106,2
1771108332118,9.03148827629522,-2.896946616172276,-1.5515266686747615,2
1771108332202,13.704198272419365,-1.2748091316928054,-1.8034350376005275,2
1771108332308,-9.408396897716743,5.462786151949844,2.2948472981456693,2
1771108332415,-1.5209923079902197,7.166030425275924,1.3253816665765783,2
1771108332516,-6.568702207827982,-0.9513358549126445,0.5858778321912381,2
1771108332624,-2.0181296544420078,2.6832060913804825,1.6020992035585344,2
1771108332725,0.5849236334198462,2.16698466277915,-0.3740457849835073,2
1771108332832,-16.175571596220603,-7.417938900923396,0.9694656315690913,2
1771108332942,10.054389359227379,-10.621183215990778,-2.5744274314418014,2
1771108333050,-0.324427475551553,0.09637404256005264,-0.3520992399219192,2
1771108333158,-9.351144544546404,-1.654580135985091,1.8301526031995017,2
1771108333267,17.09446597356639,3.6479007290926138,-2.22328249701298,2
1771108333375,-7.5343509375898,4.370229092314605,-0.5438931396108457,2
1771108333484,15.144083257954447,5.232824354766093,-1.5448472772750181,2
1771108333584,-5.730915899989273,-5.358778592589829,1.2080152176953698,2
1771108333691,-13.45038161267252,-7.722327988832307,3.7671754687949,2
1771108333792,5.621182934557495,0.4122137358391848,-1.0562977197657575,2
1771108333901,-7.773854935930883,6.6975191486876,2.1402670971801756,2
1771108334010,9.796755477508144,8.052480550290506,-0.09923663887422846,2
1771108334121,22.318701792338015,4.869274729587471,-0.9799618180544025,2
1771108334226,-10.713739963207267,5.37977075211704,0.6612595351312012,2
1771108334326,9.359732653654047,-1.1068702546495304,-4.2041982926489965,2
1771108334435,-11.037213453430839,-0.4236641210958881,-0.4446564940665107,2
1771108334545,-9.203244482032593,-5.671755789606385,1.0772900927363802,2
1771108334652,13.128816306548321,-3.0954197471783877,0.9446564635129009,2
1771108334760,-14.520037901794355,3.819656507943163,4.096373938203413,2
1771108334868,-2.49713743768076,-6.341603113680113,1.8263358081139338,2
1771108334968,11.090648584628788,10.91221330765679,-3.8912215225192637,2
1771108335092,1.1364504165626803,4.3654577782925275,0.8721374102479665,2
1771108335206,-18.865457185722533,-0.15744274391881682,2.0620227979260366,2
1771108335294,7.567748001310224,6.510496189494781,-0.7061068773866223,2
1771108335401,-9.467557434986455,4.9961830594608925,0.9303434819420218,2
1771108335510,18.831106456839247,9.014312911853578,-1.4398855191436106,2
1771108335619,3.9561066120870922,-3.1736640464325268,1.3062976911487394,2
1771108335727,-19.604961767159814,5.132633590491646,0.5772900432487107,2
1771108335838,17.767174720015532,2.0362595378201602,-0.9074427114286153,2
1771108335944,3.7022899523402484,-8.962785964755001,-1.2242365968090327,2
1771108336052,-13.103052832999033,-2.68702288646605,1.0095419799675527,2
1771108336162,6.240457830469157,-12.404579759226957,-1.0076335824247689,2
1771108336269,10.516221137694254,-2.744274812749566,-1.6459923470425635,2
1771108336380,-17.458014744971365,-6.463740556418281,1.0486641295946222,2
1771108336486,12.20229004657869,-5.96183178922271,-1.975190816451076,2
1771108336596,12.775762974576715,-3.093511349635604,-2.2929389006028855,2
1771108336704,-10.525762911964762,5.0448473035235875,1.1135496460492738,2
1771108336812,-2.1793893535289506,-7.874999792255016,0.07251907994536082,2
1771108336914,6.567748115778297,-3.5124045035549587,-4.115457913631252,2
1771108337020,-7.910305040074812,6.2986638488023585,0.8578244286770874,2
1771108337126,4.59255729932722,-9.440839442500657,-2.6068701896691273,2
1771108337229,-2.8463739745667977,6.525763369837051,-0.3463740472935676,2
1771108337337,-12.790076489756123,0.43797710266676715,-0.059160303815980295,2
1771108337445,6.55057232444983,5.376908475967982,-1.7547710069812443,2
1771108337547,-6.992366462326003,-3.536259579561463,0.378816778840467,2
1771108337654,-3.230915972716043,-9.823473469993942,-0.3425572522079998,2
1771108337762,9.574427697382351,-10.81297663543203,-2.024809152563457,2
1771108337863,-17.14790025099069,2.178435048035853,-0.4198473260103203,2
1771108337972,2.2824426073958684,7.116412089163544,2.086831965982227,2
1771108338071,-5.518129894133988,-3.060114499358592,-1.591603017073223,2
1771108338178,17.930342816645258,6.820610683475454,-3.5372136716111493,2
1771108338279,10.053434840290869,-1.4255725375727317,0.22805342632139375,2
1771108338382,-10.743320658728946,1.7080152671830393,2.581106929563251,2
1771108338481,13.771946065023075,2.31965646620186,-3.7080153584120117,2
1771108338588,0.5524809285533732,-4.463740358467603,-0.4456106928379026,2
1771108338697,-13.113549126206049,-5.985687078672626,1.7862595664371783,2
1771108338804,16.520038526631854,-1.666984720013186,-2.251908460154738,2
1771108338905,-10.403625469226593,-2.661259412916762,-0.1498091537476813,2
1771108339013,-7.47900762229248,-7.10496170390684,1.3931297793454058,2
1771108339125,1.5124045190476922,1.0896946767644753,1.3559160272611201,2
1771108339230,-11.518129634212377,0.5219465678688312,1.1479006950976778,2
1771108339339,-7.717557101697053,-6.520037963765288,-0.07538167625953662,2
1771108339447,11.19274795988943,-5.5009541028055216,-2.2185113964343146,2
1771108339557,7.886450604398543,-3.4589693723570103,-2.9923662798680586,2
1771108339664,5.969465379393846,-2.119274724209553,-3.15076327591912,2
1771108339772,10.299617909866578,3.2738548107069745,-2.9112594910214495,2
1771108339880,-10.593511558342119,-0.7022900823010545,1.0782442915077721,2
1771108339989,-12.856869763423324,2.2767176282109283,1.7662213922379475,2
1771108340137,11.576335652545579,5.332061026990854,-0.8082060925647067,2
1771108340227,-4.289121876581173,5.153625750018857,-0.8435114471062084,2
1771108340315,2.6450381405248047,5.49809139976964,-0.2681297747198551,2
1771108340423,-10.11259537756058,-8.324427093415501,3.943702134780703,2
1771108340531,-8.312022616109113,-6.416030404405273,0.4122137358391848,2
1771108340639,-6.698473240737286,-3.8034352355512056,-0.47041983421366657,2
1771108340739,5.324427436819719,-1.469465574335055,0.16316793654716844,2
1771108340848,9.584923136815723,-6.263358600982563,-2.6354961528108856,2
1771108340956,-9.079198001421407,-6.899808861335868,0.03625953997268041,2
1771108341065,-1.804389343093625,-7.073473251172612,-0.2061068679195924,2
1771108341173,10.648854873639438,2.7118320545222403,-1.761450398380988,2
1771108341282,-2.8492366776026796,0.018129769986340204,0.9169846991425347,2
1771108341390,-8.55916020462133,-1.467557176792271,2.7776716630265783,2
1771108341499,13.020037860053051,9.538167930626047,-0.789122117136868,2
1771108341607,1.8578244742915735,11.52290052134763,-0.5353053506683183,2
1771108341715,-1.452290103171706,7.04293889048807,0.05343511452268198,2
1771108341824,-4.749999989885184,-2.6946564766371854,2.207061011177611,2
1771108341933,0.6812977093304319,-4.408397043170282,0.989503805768322,2
1771108342043,-0.31774808415180944,-4.687022657529905,1.4188931461729881,2
1771108342150,-7.134541972541696,-4.274809215175411,1.712786261039999,2
1771108342257,1.019083967681472,-3.367366290303384,-2.827289999138959,2
1771108342357,-0.3654580227214063,1.233778584522952,0.84923663973456,2
1771108342468,-13.291984403178049,-1.0706107013366366,1.561068656388681,2
1771108342578,2.2633588454114415,-0.9627862401693477,-3.402671751566592,2
1771108342682,6.54389282632838,5.556297418102843,-4.613549458854432,2
1771108342791,3.659351114349317,-3.193702327353463,-1.594465613387399,2
1771108342900,-2.3253816588302114,0.3110686927520659,1.2290075906659925,2
1771108343008,-1.806297740636409,1.6154579863580214,0.19656488020567303,2
1771108343127,-4.814885506339836,-2.611641076804381,1.04770993082323,2
1771108343238,4.541984871165154,5.377862568017668,-0.16507633408995231,2
1771108343342,-8.08969483598332,-2.5572518535567466,1.6736641114129296,2
1771108343450,1.6154579863580214,5.571564598445113,0.7538167625953662,2
1771108343559,8.087785798110302,4.183206133121785,0.7929389122224357,2
1771108343667,5.098282434721536,0.22232824703325535,0.5839694346484543,2
1771108343776,-2.134541904551824,8.098282091317317,-0.20992366300516016,2
1771108343888,-12.898854936251393,3.9923663788433976,2.173664160900599,2
1771108343992,1.4961831399340293,0.603053410076293,1.5019083325623808,2
1771108344103,-6.735687099543278,3.4541984852217564,1.6116411912724538,2
1771108344201,9.141221241727001,1.098282465707003,-1.9083969024536405,2
1771108344309,11.89790095866978,1.2872137157209007,-0.757633557680934,2
1771108344418,-8.470419825603585,0.7948473097652196,1.6307251667002924,2
1771108344518,6.385496043720731,-3.2404579604299624,1.0734732976508126,2
1771108344620,7.726145210804697,3.974236495465245,-0.2566793894631519,2
1771108344726,-15.218511829340075,-9.592556726986858,1.0935114718500432,2
1771108344837,6.2566791028611135,-5.804389098664746,-1.515267115361868,2
1771108344943,2.87404584565887,4.4026716370985195,0.15648854514742488,2
1771108345051,-16.78912236672097,-0.6994274859868786,0.6507633486458899,2
1771108345160,14.826336027576284,9.825381654093313,-2.206106919127925,2
1771108345271,6.635495908382007,2.4360687163116763,-1.4656488859711931,2
1771108345377,-19.861640276168895,8.288168180432843,1.1011450620211787,2
1771108345485,2.6603053208670757,1.0782442915077721,-0.7089694737007981,2
1771108345593,16.416984632434705,1.8024809455508413,-0.5133587789263038,2
1771108345701,-6.674618378174194,0.20706106669098434,0.7643129490806776,2
1771108345802,-1.868320554055179,-3.1421755936982985,-0.7557251601381502,2
1771108345911,10.296755206830696,-5.420801406008599,-1.5372136871038826,2
1771108346019,-15.265266181756106,-5.7175573306331975,-0.942748065970117,2
1771108346161,7.520991941346902,-2.1994274210064755,-0.20896946423376822,2
1771108346284,3.3463739173327616,7.871183424056272,-0.8730916090193585,2
1771108346345,-2.7433205072564686,0.9332060782561976,0.7185114614147174,2
1771108346452,-11.17461807651128,8.966603186727394,0.8759542053335343,2
1771108346563,9.577289546644588,1.2395037771513038,0.12499999903170415,2
1771108346669,2.168893060321934,-1.806297740636409,-1.5486640723605858,2
1771108346778,-5.695610652169477,2.44083960344693,-2.0620227979260366,2
1771108346886,-5.581106799602445,5.600190775030283,0.9293892831706299,2
1771108346995,16.999999334703237,-3.699427249304367,-2.027671642155927,2
1771108347116,-8.139312745208878,0.2566793894631519,2.9332059560417583,2
1771108347220,-10.867366285566487,-1.1011450620211787,-0.26622137717707123,2
1771108347320,7.093511318650137,-8.772900729413124,-2.0391220274126303,2
1771108347429,5.930343336488482,2.0305343451918083,0.1498091537476813,2
1771108347537,-16.05152682315671,3.636450343835911,3.6555343192637495,2
1771108347637,23.21564906433326,-7.16125953814067,-1.4933205436198533,2
1771108347745,-10.484732258073203,-7.649809309093342,2.0620227979260366,2
1771108347846,-0.3683205923551557,-4.108778415509803,0.989503805768322,2
1771108347954,4.195610610428174,6.729007601421828,2.9446563412984617,2
1771108348062,-5.239503852887543,-7.124999771384365,0.9666030352549154,2
1771108348285,14.227098772255324,4.892175500100877,-2.204198521585141,2
1771108348285,14.227098772255324,4.892175500100877,-2.204198521585141,2
1771108348379,-24.962785840813133,3.7328243130247905,2.4198472304763077,2
1771108348490,1.2490457648652231,-2.0763358862186214,-0.6612595351312012,2
1771108348596,15.677480050997422,2.4589694868250827,-3.7118321534975793,2
1771108348704,-1.3015266972917798,4.893129592150563,-0.9847328119113623,2
1771108348805,8.127862786838998,-2.6708014006306815,-0.9169846991425347,2
1771108348913,7.781488526102018,3.043893013523223,-0.7958015085366115,2
1771108349022,-23.058206373775295,3.62690814267858,2.530534287957772,2
1771108349132,15.212786423268312,0.5085877850693441,-1.1526716889546376,2
1771108349238,5.959923605123338,4.117366524617447,-1.1956106336672747,2
1771108349347,-17.080151604613338,-1.7414122241817571,3.796755737429756,2
1771108349456,-0.03912213628685622,-4.23091585824797,-0.324427475551553,2
1771108349564,20.115456935915738,-15.386450813105057,-3.9064887028615347,2
1771108349672,-18.182252146066375,-7.8769079763543886,0.6297709756752673,2
1771108349781,-14.320610892181968,-3.296755581220381,-1.4293893326582994,2
1771108349889,19.89026730652771,2.2309160871841156,-5.292938984085491,2
1771108349998,0.03435114576494984,4.153625864486929,0.24713740174923252,2
1771108350115,-10.627862287225405,-6.150763359401726,1.3635496174322557,2
1771108350213,12.06202272046237,0.16030534023299262,0.11545801131778478,2
1771108350316,-7.55915989220258,3.4503816901361883,1.2566793550363586,2
1771108350424,-18.21278650675092,2.1832061486145187,1.0143129738245122,2
1771108350531,21.013358726847493,-2.6669846055451134,-1.3034350948345637,2
1771108350640,2.4370228083613625,-4.400763452999147,1.4627862896570172,2
1771108350747,-19.854962058707915,-6.368320679279088,0.43606870512398327,2
1771108350856,3.4541984852217564,-6.830152457745962,-0.9952289983966736,2
1771108350964,29.203242192671144,6.679389265309448,-4.0372138278205245,2
1771108351074,-6.9809160770693,3.475190858192379,0.8759542053335343,2
1771108351181,-16.655534111839277,-1.6727099126415377,2.133587812502138,2
1771108351293,7.135496064591382,-2.542938978707573,1.5009541337909889,2
1771108351390,-6.6889310395799555,0.448473262471652,-0.7375953834817033,2
1771108351498,-24.52480849802253,-7.729961579003442,1.0229007627670397,2
1771108351607,3.98854958375783,1.5505724699033696,0.8253816704497615,2
1771108351715,16.887403666235578,-5.81011450473651,-1.4456107117719623,2
1771108351824,-11.396946710410718,8.847328447025106,-2.473282361674256,2
1771108351932,3.2862595014567755,-0.43988550020955103,-3.351145017911427,2
1771108352040,23.250954312153056,4.3015267807743855,-0.6459923547889302,2
1771108352148,-1.8597328718343575,2.1650762652363658,1.3377862506046734,2
1771108352257,-14.082060559003748,1.6106869925010618,3.4284350116724682,2
1771108352366,11.7166029786619,-5.812977207772391,-3.7881680552089345,2
1771108352474,9.772900188058228,-3.89790059375389,-0.41889312723892835,2
1771108352582,-19.413168347718564,-5.252862422243618,0.9131679040569669,2
1771108352691,-9.291030342113828,1.125954230077369,1.6116411912724538,2
1771108352792,12.11736603575969,-6.075381549740057,-1.160305279125773,2
1771108352899,-21.226144732702775,-5.562976916224292,2.939885454163208,2
1771108353008,-2.071564785639956,-0.6937022933585271,0.7232824552716771,2
1771108353144,-16.520991338021073,-0.06488549644433192,1.095419869392827,2
1771108353224,-9.699426989382754,2.83969468988876,1.9227099907462253,2
1771108353333,-7.641221199985697,-2.9608778271338303,0.7652671478520695,2
1771108353435,8.737595481593328,-6.090648730082328,-2.2127862038059627,2
1771108353541,-9.727099500805062,3.5248091943047597,1.4026717670593252,2
1771108353650,-13.823473012121651,7.318702228698634,2.8559159622807173,2
1771108353750,9.91698473614694,-8.524808621964397,-1.9933204863858172,2
1771108353858,-16.729008164288395,-0.9513358549126445,0.1937022838914972,2
1771108353966,-13.095419242827898,-0.8253816704497615,2.3864503801992956,2
1771108354105,-18.087785507203222,-4.468511245602857,1.8597328718343575,2
1771108354183,-13.04484681466583,4.364503686242841,2.086831965982227,2
1771108354318,-2.7929388433688493,-6.994274646425375,-0.8673664163910069,2
1771108354393,19.396946648439783,2.453244294196731,-2.296755695688453,2
1771108354500,-9.451335735707675,0.803435098707747,0.3597328300930547,2
1771108354610,-6.764312849241624,7.737595169174577,1.884542039890548,2
1771108354709,14.003816473193021,3.0572517963227104,0.5706106518489671,2
1771108354817,-7.813931070885933,7.702289921354781,1.9999999845072665,2
1771108354927,-6.781488640570091,2.320610558251546,3.2977098867134784,2
1771108355034,13.183205956682778,0.8587786274484794,-0.49522900226985694,2
1771108355148,-7.296755977121737,4.634542045268466,2.676526593259033,2
1771108355251,-15.059160100909093,-3.76145048960996,1.7624045971523798,2
1771108355360,-9.821564432120923,7.430343378229785,4.291030487567368,2
1771108355468,16.155533528743078,2.626908257146652,1.2729007341500216,2
1771108355576,0.3120228915234578,5.490457809598505,1.605915998644102,2
1771108355684,-5.334923730026737,-0.014312976568299106,2.1097327364956335,2
1771108355793,-6.969465691812597,5.593511276908834,0.46087784649974717,2
1771108355901,12.746183132828683,0.084923663973456,-1.5372136871038826,2
1771108356010,4.928434839970359,3.183206034146446,-0.987595408225538,2
1771108356130,10.052481175128007,7.84064906337173,-0.3540076374647031,2
1771108356234,-4.1316791860232085,1.697519080697728,1.391221381802622,2
1771108356335,0.1622137377757765,2.673664103666563,-1.0591603160799334,2
1771108356443,-7.2290073307443805,0.007633587669845522,1.0782442915077721,2
1771108356551,-0.68034351055904,-9.327290108870134,-2.739503712170901,2
1771108356652,9.496182757797978,-0.6469465535603222,-2.8912214235439246,2
1771108356760,-10.344465785730527,3.4818701428704166,0.509541983840736,2
1771108356868,-9.190839150952558,-1.5524808674461537,-1.4923663448484614,2
1771108356977,19.348281550603442,4.36259550214347,-5.487595533449446,2
1771108357126,-7.354961995454939,-4.8769083197586065,2.5114503125299334,2
1771108357198,-8.107824719361473,-3.2652671284861525,2.146946595301625,2
1771108357303,-1.895992425147251,1.7080152671830393,1.2624045476647103,2
1771108357410,9.341602770275896,8.118320158794843,-1.8358777958278532,2
1771108357511,-5.116412318099688,5.547709735882021,-0.23759541403531312,2
1771108357620,0.6669847277595529,1.6917938880693764,-2.0038167795928343,2
1771108357728,8.700381195900514,6.718511308214811,-2.8788167327941236,2
1771108357836,-4.1030534363248625,-7.302480529419854,1.4093511584590688,2
1771108357944,-4.095419846153727,2.731870121999765,-0.1956106814342811,2
1771108358052,-6.198473084527911,2.396946459962901,0.4780534243848021,2
1771108358156,6.135496179059455,7.305343232455735,-0.2996183074953626,2
1771108358261,-0.895038180761373,-9.409351416653251,-0.5782442420201026,2
1771108358369,-15.006678634874008,-0.7041984798438384,2.168893060321934,2
1771108358478,7.777671304129627,4.278626010260979,-0.958015246312388,2
1771108358586,20.745229405694886,-1.083015285364732,-1.1354962177912884,2
1771108358695,6.399809132013315,2.0372136298698464,-2.7862595586908117,2
1771108358803,-17.829197960321125,-5.28339678292816,1.57538163795956,2
1771108358903,11.265266639628395,-6.048663984141083,-0.943702264741509,2
1771108359012,8.529580362873297,-4.064885485469185,-2.0601144003832528,2
1771108359124,-9.673664369607113,-3.585877915673844,0.6087786027046447,2
1771108359229,5.263358715450635,6.896946585186809,-0.16603053286134425,2
1771108359363,-6.692747834665523,-2.22614498660545,-0.8702290127051826,2
1771108359445,-9.270037755699795,-2.128816711923472,0.9551526499982121,2
1771108359554,-15.226144565737565,-3.922709975253492,1.6994274782405119,2
1771108359662,5.035305102366256,1.4093511584590688,0.30629769889510616,2
1771108359771,7.458969554814955,-2.2471373595760724,-0.8120228876502744,2
1771108359880,-9.132633132619356,5.257633309378872,1.019083967681472,2
1771108359989,-14.151717389480478,1.483778555905934,0.24713740174923252,2
1771108360104,-6.385496043720731,1.3158396788626587,2.5047710278518958,2
1771108360205,6.900763380272377,-3.1078244379281887,0.7595419552237179,2
1771108360314,9.114504103014848,6.321564619315765,1.2748091316928054,2
1771108360421,0.5085877850693441,5.5429388487467675,0.4417938977523349,2
1771108360531,8.93225160407046,-3.208969507695734,-2.1393130051304894,2
1771108360630,17.23091607771032,-1.5438930785036262,-4.27767149132447,2
1771108360738,-11.301526406384701,4.5639311227420505,2.888358720508043,2
1771108360848,11.9532442739671,4.502862401372967,-0.6498091498744979,2
1771108360955,20.514312662687804,-1.4188931461729881,-0.9465648610556847,2
1771108361112,-15.281487881034886,-5.8072518017006285,-0.13454198674562354,2
1771108361171,-12.748091316928056,9.354961766518795,0.4198473260103203,2
1771108361280,9.73568675613906,-1.7585878020668122,-2.6421754374889233,2
1771108361382,-4.530534485908451,2.770038072855443,1.0715649001080285,2
1771108361489,15.117366973015942,3.495228925669904,-1.3043892936059556,2
1771108361597,13.291030738015184,-5.148854862883603,-2.47232826962457,2
1771108361706,8.080152207939166,-2.9437022492487754,-0.04770992189433035,2
1771108361814,-4.242366243504674,4.188931112306725,1.4465649105433542,2
1771108361923,-7.668892857634358,4.19083972329292,1.8797709393118824,2
1771108362030,6.896946585186809,-7.706107143327173,-1.2891221132636845,2
1771108362149,8.123091899703743,6.5877861832558215,-1.8492365786273404,2
1771108362257,0.03148854945077403,4.898854998222327,-1.126908428848761,2
1771108362375,-8.468511641504213,0.8549618323629117,0.7614503527665017,2
1771108362472,16.35496139212911,-2.8940839131363947,-2.160305378101112,2
1771108362581,16.74141178782114,-5.094465639635968,-1.6393129556428199,2
1771108362689,-14.569655811019912,-1.7624045971523798,1.795801447429392,2
1771108362798,-5.907442565975076,2.8177480114250395,0.9532442524554283,2
1771108362906,18.17938858925685,-9.433205852329522,-2.0305343451918083,2
1771108363015,5.738549490160409,0.1984732777484569,-2.547709865842827,2
1771108363144,12.476144773803059,6.128816680938005,-0.8511450372773439,2
1771108363231,4.359732799107587,-1.6641221236990102,0.2576335882345438,2
1771108363339,21.51908300846816,-1.3940839781167977,-3.11354963055654,2
1771108363440,-18.898855103216604,5.395992451395821,0.9751908241974429,2
1771108363549,6.921755539799588,0.6469465535603222,-1.0925572730786512,2
1771108363656,18.36164023442759,-6.33587770760835,-0.32633587309433687,2
1771108363757,-22.39694673192239,5.702290150290927,2.22328249701298,2
1771108363866,0.6860687031873915,-4.082060849910828,-0.20801526546237628,2
1771108363974,16.92461795192839,-4.0791985737617695,-1.3492366358613765,2
1771108364101,19.330152520998936,-3.7557250835381972,-0.30248090380953846,2
1771108364182,3.73950381114624,-3.5572519525320856,0.28339695506212614,2
1771108364283,7.746183278282222,-4.776717555484159,-1.5811068305879117,2
1771108364391,-11.546755810797546,1.5496182711319777,0.634541969532227,2
1771108364499,-14.212786110849562,-3.538167977104247,0.6230915842755237,2
1771108364609,23.06106822303753,0.5562977236389409,-3.492366436077434,2
1771108364716,-2.8587786653165987,2.0314884372414945,1.7519084106670686,2
1771108364825,-12.913167597657155,-0.005725190960824973,-1.1879770434961392,2
1771108364933,6.364503884193519,-2.130725109466256,-1.5286258981613552,2
1771108365041,27.76717442910845,-2.2204197939770984,-3.0028625730750758,2
1771108365145,-18.24999908489644,6.988549667240435,3.833015077299238,2
1771108365249,-17.69560970543943,-6.447518857139501,3.119274823184892,2
1771108365351,26.46946580756271,2.2643129374611273,-2.9837785976472366,2
1771108365459,-0.16793893040412813,4.5877859853051435,0.3883587665543864,2
1771108365566,-23.943701126079723,1.482824357134542,3.8034352355512056,2
1771108365667,16.39599204602067,-0.37022898989793956,-1.2872137157209007,2
1771108365775,5.605915754215223,-2.337786136136601,-0.03721373874407234,2
1771108365884,-6.260495897946681,5.063931278951426,0.9217556929994943,2
1771108365984,-5.932251947474678,-0.48187021947036984,1.6154579863580214,2
1771108366109,5.358778592589829,2.645992232574491,0.4227099223244961,2
1771108366193,-24.20324319189833,3.785305352173053,5.6020989591296555,2
1771108366300,1.975190816451076,4.026717534613507,1.280534324321157,2
1771108366409,17.199427198089268,3.756679175587883,-0.7356869859389195,2
1771108366517,-8.620228925990414,-5.234732538865465,1.5114503202763003,2
1771108366625,-19.877861975447676,-1.5200381092188278,1.4246183388013398,2
1771108366734,10.667938422180454,1.981870101129114,-1.1879770434961392,2
1771108366844,12.714694253207632,-1.3616412198894718,-0.9475190598270767,2
1771108366950,-4.400763452999147,4.314885350130461,-1.499045736248205,2
1771108367060,-1.220419801723465,2.4303435236833244,-1.8406488964065186,2
1771108367181,-0.9036259163430476,2.8759542432016536,-0.25095419683480025,2
1771108367275,-5.970419898330356,-3.7986639215291285,0.8740458077907504,2
1771108367415,23.276717785702346,1.594465613387399,-2.6297709601825336,2
1771108367486,19.920801667212253,-7.017175416938782,-1.8511449761701242,2
1771108367594,-0.44370229529511873,-0.16889312917552007,0.7900763159082599,2
1771108367701,-10.19274764747068,7.1803430866816855,1.328244262890754,2
1771108367809,-2.5992365994979916,1.7643129946951637,0.5209923690974393,2
1771108367910,7.052480664758578,5.85019063969156,-3.0219465485029144,2
1771108368018,-6.271946283203384,9.062977155916274,-0.9160305003711428,2
1771108368123,18.70896901410108,-9.769083819859484,-4.7977097150113694,2
1771108368226,8.996183028475425,5.140267180662781,1.3979007732023654,2
1771108368338,-10.77671772244937,4.345419710815003,3.2318702782091404,2
1771108368438,10.487594961109084,1.895992425147251,-2.158396980558328,2
1771108368544,16.73282453248714,1.6412213531856037,-2.644083835031707,2
1771108368656,-10.744274323891808,3.6879768640476636,1.3272900641193621,2
1771108368762,-18.697518201957553,-6.218511152005436,0.9322518794848057,2
1771108368873,20.820610788469732,-1.206106820152586,-2.3454197263077363,2
1771108368970,-4.660305091930931,2.7471373023420362,1.6946564843835523,2
1771108369078,-14.768129155469435,-1.975190816451076,3.227099177630475,2
1771108369187,19.750953645574253,-1.372137406374783,-3.115458028099324,2
1771108369296,-17.44751845176435,-4.517175489665552,2.7604960851415234,2
1771108369575,18.79771024689247,5.40171743058076,-1.174618260696652,2
1771108369575,18.79771024689247,5.40171743058076,-1.174618260696652,2
1771108369633,25.281487590127806,4.788167940740862,-3.0963740526714854,2
1771108369729,-13.838740192463922,4.533396762057508,0.48282441824176175,2
1771108369837,-7.756679571489239,2.125954222331002,2.9723282123905337,2
1771108369945,6.145992472266472,0.6393129633891866,1.8788168472621962,2
1771108370054,-9.596373948959249,4.386450364706562,1.7528626094384605,2
1771108370188,-1.0782442915077721,5.9398855376458135,0.5486641334678054,2
1771108370271,11.049617930737229,2.394083970370431,-2.6316793577253175,2
1771108370379,8.71278652698055,-4.8940836842002495,-1.109732850963706,2
1771108370489,-19.47805343728639,-8.070610433668659,2.2290076896413313,2
1771108370596,-4.916984454713656,2.870229050573302,2.6669846055451134,2
1771108370704,11.90935091703966,-1.7519084106670686,0.772900738023205,2
1771108370813,-14.546755894280151,-1.1984732299814504,2.2757633227178307,2
1771108370926,-28.16889200514275,-3.9770991985011266,4.464694450517289,2
1771108371029,10.893129759115775,-6.843511453988861,-1.6402671544142118,2
1771108371144,5.3931297483599385,3.156488468547472,0.5133587789263038,2
1771108371241,-7.628816722679308,1.963740431194373,0.5124045801549119,2
1771108371346,26.059159268647118,6.110686797559853,-3.316793862141317,2
1771108371455,-5.350190910369007,5.6335878387507075,2.099236656732028,2
1771108371554,0.4541984551000036,1.3559160272611201,-1.9675572262799406,2
1771108371663,14.929389921773437,1.9828244066222116,-3.774809058966036,2
1771108371773,-4.23759535636942,3.551526759903734,-2.78339685565493,2
1771108371880,-11.54770947596041,-3.693702270119427,1.2919847095778605,2
1771108371988,15.887404207590471,-3.460877769899794,-1.8606869638840435,2
1771108372100,3.2385495628871785,2.6650762080023296,-0.9713740291118751,2
1771108372205,-18.643129405596742,-0.16412213531856037,2.7127861465719265,2
1771108372313,12.33969466965913,10.054389359227379,0.3664122214927983,2
1771108372437,18.13167971790431,-4.453244065260586,0.38358777269742667,2
1771108372522,7.887404269561406,5.035305102366256,0.6431297584747544,2
1771108372631,32.90267072263598,3.9875954917081438,-5.216603082374136,2
1771108372741,-3.6574425033631215,2.7557251980062696,-0.9599236438551719,2
1771108372847,-1.9685113183296268,8.596373636540498,-4.935114338091808,2
1771108372956,9.58301495271635,-3.5286259893903273,-3.4112594337874134,2
1771108373064,-0.9293892831706299,-1.1688930680683005,0.8234732729069777,2
1771108373173,-13.854961891742702,-5.193702311860729,4.115457913631252,2
1771108373282,1.5639312527028568,-3.786259444222739,1.8769084497194124,2
1771108373390,9.99809152499355,2.1230915192951207,-1.5333968920183147,2
1771108373498,7.017175416938782,4.503816920309476,-0.7557251601381502,2
1771108373606,-7.343511183311413,6.43320619573374,2.8167939193753537,2
1771108373715,-16.714693795335343,-2.3482824293436177,4.162213546707751,2
1771108373815,7.50763379887765,8.92080164570058,0.9885496069969301,2
1771108373923,1.0372137443379188,2.824427509546489,0.042938931372423966,2
1771108374031,-21.274808122991825,-8.675572241287735,0.9551526499982121,2
1771108374148,4.70133574582249,7.5944651400223755,-1.5171755129046518,2
1771108374248,18.101145357219767,0.6297709756752673,0.5782442420201026,2
1771108374357,3.138358798612731,2.9217557842284667,3.7080153584120117,2
1771108374459,-2.611641076804381,10.384541920685578,0.5267175617257909,2
1771108374565,7.174618534383569,7.61545772643641,-0.293893114867011,2
1771108374680,8.396946626928113,4.302480872824072,-2.176526650493069,2
1771108374782,-6.876908090822461,2.530534287957772,0.17080152671830395,2
1771108374892,5.473282445156862,-6.618320543940364,-3.0114502552958973,2
1771108374999,-5.886450406447865,-5.578244096566563,-2.613549474347165,2
1771108375136,4.683205862444337,-4.409351135219969,-1.6011450047871423,2
1771108375217,-13.794846835536482,-0.8291984655353293,1.97996170358633,2
1771108375324,19.313930821720156,-3.5753816224668267,-2.2480916650691705,2
1771108375448,7.904579634003049,-2.8330151917673105,-2.116412234617083,2
1771108375542,-2.674618195716249,3.934160360510195,-1.062977111165501,2
1771108375645,1.8358777958278532,6.598282476462838,-1.5553434637603294,2
1771108375750,0.9074427114286153,1.4122137547732445,-0.757633557680934,2
1771108375858,-11.072518701250635,-4.123091503802387,3.3654578927606003,2
1771108375968,-0.7776717318801647,-5.35209909446838,1.1164122423634497,2
1771108376096,-3.694656362169113,-5.631679227764511,1.206106820152586,2
1771108376183,5.058205872879663,7.750954165417476,0.7204198589575014,2
1771108376292,-2.7862595586908117,1.5333968920183147,-0.4122137358391848,2
1771108376401,-9.215648959338983,-3.736641108110358,0.7757633343373808,2
1771108376509,-1.7662213922379475,9.36354987562644,-1.4732823694206227,2
1771108376610,5.083969346428951,-0.1469465574335055,-1.359732822346688,2
1771108376717,17.259541400521844,2.8196564089678238,-0.22996182386417763,2
1771108376827,-12.856869763423324,2.7900763537763793,4.364503686242841,2
1771108376934,-5.36164129562571,-8.980915848133154,4.406488432184087,2
1771108377042,17.459923782844385,-10.201335756578326,-4.501908309323281,2
1771108377151,-3.7318702209751042,10.818702041503792,-1.4188931461729881,2
1771108377259,-14.430343857613748,-1.4131679535446364,0.8444656458776003,2
1771108377360,8.868320179665494,-2.7709923783485406,-4.124045595852073,2
1771108377460,4.9188930656998515,9.492366389599233,-1.7776717774946509,2
1771108377568,-22.199427906409376,-2.9246182738209368,2.143129800216057,2
1771108377677,6.857824115394623,7.5343509375898,-1.9227099907462253,2
1771108377787,22.57919837709313,4.686068565480219,-2.287213707974534,2
1771108377887,-21.0763347785423,-4.652671501759795,-0.4532442563286117,2
1771108377993,-16.73377905142365,5.178435131518459,2.49999992727323,2
1771108378119,-9.137404019754609,-7.39408361147348,1.9656488287371567,2
1771108378210,-1.1870228447247473,-14.817747064694993,2.0973282591892444,2
1771108378312,-16.946565057278935,5.643129613021215,2.8158396138822557,2
1771108378419,-4.149809069401361,5.7585875576379335,0.14790075620489743,2
1771108378527,12.71564877214414,0.7156488651005416,-2.4312976157330106,2
1771108378628,-1.897900822690035,6.5877861832558215,-2.3234732612874276,2
1771108378736,-13.369274823825911,1.1202290374490174,-0.47996182192758596,2
1771108378836,30.104007540412425,4.59828227851216,-1.0095419799675527,2
1771108378947,11.209923324331076,-10.143129738245124,-1.9961831894216988,2
1771108379052,-19.911259892941743,2.0219464495275754,0.4036259468966574,2
1771108379160,-20.374046190345126,4.870228821637157,0.3463740472935676,2
1771108379269,1.162213676668557,-4.628816639196702,-0.12404580026031221,2
1771108379369,12.418893274406365,2.3587785091072235,1.5648854514742487,2
1771108379478,-22.84732769824574,-13.010496085782544,2.168893060321934,2
1771108379585,-12.604961287775852,3.5553435549893018,0.11259541500360896,2
1771108379685,18.037213079041155,-9.945610912732109,-2.748091607835134,2
1771108379795,-20.50954177555255,1.0753816951935964,0.8015267011649632,2
1771108379902,-32.4847314473229,-6.444656580990443,2.5877862142412886,2
1771108380013,8.72805370732282,-2.885496230915573,-3.8282441901639843,2
1771108380121,1.17366406192526,-12.297709496831061,-1.0467557320518381,2
1771108380228,-2.56870223881345,1.1803434533250037,2.763358788177405,2
1771108380338,-26.768129489399858,-2.9895037902755885,2.781488458112146,2
1771108380463,-22.423663016860893,-4.676526791209711,3.606870075201055,2
1771108380545,0.7824427257371244,-3.5486640568678522,-0.1469465574335055,2
1771108380653,-15.113548897269904,6.1669846317936825,1.0257633590812156,2
1771108380762,-4.154579956536615,5.637404633836275,1.2919847095778605,2
1771108380862,9.77576289109411,-2.410305242762388,0.7900763159082599,2
1771108380971,-10.460877822396933,-2.3416029312221687,-0.555343524867549,2
1771108381082,-12.267175136146518,2.8520991671951497,2.9618319191835165,2
1771108381187,15.722328780635019,-5.530534371440377,1.3358778530618896,2
1771108381296,5.8625955438847726,-4.997137151510579,-0.07442747748814468,2
1771108381404,-9.472328322121708,5.613549344386359,1.1498090926404616,2
1771108381513,-17.36545714398123,2.2805342098530845,3.2585876303647034,2
1771108381621,14.413167639398457,-5.228053467630839,-2.151717482436879,2
1771108381730,2.78339685565493,-6.498091712188391,-1.3416030456902412,2
1771108381838,-9.206106331294828,5.647900500156469,-2.7881679562335955,2
1771108381946,3.9036259998256533,18.17938858925685,0.9513358549126445,2
1771108382054,24.937976886200357,1.3969465744309735,-1.8826336423477639,2
1771108382162,1.2290075906659925,-1.161259477897165,0.15935114146160068,2
1771108382263,-12.647900979540431,0.47996182192758596,2.2528625522044243,2
1771108382371,18.895991546407075,-1.7108778634972153,-2.4933206425951924,2
1771108382474,-13.165076073304625,-4.932251635055927,3.9713737924293633,2
1771108382580,-22.968510622047397,-3.256679446265331,1.233778584522952,2
1771108382681,19.922708997537978,-3.907442794911221,-2.520992300243853,2
1771108382788,1.5324426932469228,-3.277671605792542,0.44942746124304395,2
1771108382897,-20.919846606920846,-1.450381705628922,0.7929389122224357,2
1771108383006,-10.050572137254989,-0.5763358444773188,1.7490458143528926,2
1771108383119,24.70038192573229,0.21946565071907953,-3.4694656655640275,2
1771108383214,-5.406488317716015,-0.17175572548969587,-2.3272900563729952,2
1771108383322,-7.583015181652495,-7.421755269122141,-1.4437023142291785,2
1771108383430,35.187976886841376,-2.809160329204218,-6.566793596841787,2
1771108383533,-39.38263169767257,-8.195610579442707,5.385496158188803,2
1771108383639,-12.49141195414533,5.569656414345742,1.4904579473056776,2
1771108383747,10.730916181422558,-6.903625656421435,-0.0954198437886607,2
1771108383848,1.6612595273848345,10.60686970081137,-0.4141221333819687,2
1771108383956,4.092557143117845,1.9141220950819922,-1.049618328366014,2
1771108384067,-0.2318702214069615,-7.050572480659206,0.15076335251907325,2
1771108384171,6.3721374743646555,8.279580071325197,-1.8769084497194124,2
1771108384273,-1.0734732976508126,12.32633567341623,0.5286259592685748,2
1771108384381,-3.664122001484571,14.77194552366818,3.354961812996995,2
1771108384490,-2.2490457571188562,-8.968511370826766,3.2757632082497583,2
1771108384601,2.9217557842284667,13.579198126645315,0.7337785883961355,2
1771108384707,21.6030533541243,0.29293891609561906,-0.973282426654659,2
1771108384815,-12.098282487218674,4.351145116886766,0.33874045712243206,2
1771108384923,-7.689885444048392,-13.457060683907148,-0.6631679326739851,2
1771108385032,-2.6297709601825336,6.7318703044577095,-0.648854951103106,2
1771108385152,2.9484731363840293,-5.56679371130986,-0.029580151907990147,2
1771108385257,2.9666030197621818,1.432251928972475,1.8711832570910607,2
1771108385366,-9.99713700605704,-4.408397043170282,3.152671673461904,2
1771108385494,2.0896946690181086,5.182251926604026,-0.4589694489569633,2
1771108385574,11.738549230238796,0.6335877707608351,-3.9541984279877203,2
1771108385683,9.965648980209634,4.248091649576437,-2.147900687351311,2
1771108385783,-21.09255647782108,-1.3950381768881897,2.4980915297304462,2
1771108385890,-4.624999844111135,-7.328244002969142,1.5925572158446148,2
1771108385999,8.976144960997901,1.5696564453312085,-1.6450381482711716,2
1771108386107,9.770992003958856,-7.474236735157226,-1.60973279372967,2
1771108386217,-9.02958009219585,4.244274854490869,1.761450398380988,2
1771108386324,-9.742366681147333,5.397900635495192,0.7204198589575014,2
1771108386434,0.3101144939806739,-2.9790074970685714,0.12786259534587996,2
1771108386542,11.323473511735244,3.6154577574218765,-0.7709923404804211,2
1771108386650,7.037213484416307,-5.4942746046840725,0.48377861701315367,2
1771108386758,-2.19179383083534,2.885496230915573,-0.024809159718557114,2
1771108386870,-10.89694612731452,-4.780534350569726,0.9599236438551719,2
1771108386974,5.286259485964042,7.034351208267249,-0.1669847316327362,2
1771108387084,11.061068742880755,-8.029579779777098,0.24713740174923252,2
1771108387192,12.620228468118125,4.1383586841446585,-1.265267143978886,2
1771108387301,-7.300572345320481,-1.9761449085007623,0.6841603056446077,2
1771108387410,-15.407441691971798,6.6479008125752195,2.4312976157330106,2
1771108387519,-8.330152499487266,0.17843511688943944,2.267175640497009,2
1771108387627,4.726145127322091,3.2375954708374923,0.664122131445377,2
1771108387734,2.9541983290123808,-4.4208015204766715,1.7213740499825265,2
1771108387842,-1.3492366358613765,2.9904578823252748,1.8921756300616834,2
1771108387943,-3.2671755260289363,-3.6956104542187993,0.7204198589575014,2
1771108388051,1.162213676668557,1.3463740395472008,0.38263357392603475,2
1771108388152,1.8110686277716628,-8.291984548631588,0.02862595313659821,2
1771108388259,9.802480883579907,0.004770992189433035,-0.37309158621211536,2
1771108388367,8.012404415335455,5.269083694635575,-1.7118320622686072,2
1771108388476,-3.91984727221761,-4.36164098320696,0.43797710266676715,2
1771108388585,-4.487595221030696,4.360686891157274,-0.5858778321912381,2
1771108388685,9.049618159673374,4.924618044884792,-0.6059160063904688,2
1771108388793,10.631679509197795,-1.7156488573541748,-2.0658395930116042,2
1771108388902,-9.818701729085042,2.4790075543026076,0.4580152501855714,2
1771108389010,-10.725190775350793,1.6440839494997797,1.0181297689100801,2
1771108389128,-11.356869721682022,3.3864502657312228,0.7395037810244872,2
1771108389226,8.051526885127643,-2.488549542016527,-0.9637404389407397,2
1771108389336,0.31870228292320135,-8.354007788937182,-2.0496183206196474,2
1771108389445,-3.628816753664775,6.481870012909611,-1.499999935019597,2
1771108389552,-3.9923663788433976,-0.10114503641701234,1.2671755415216701,2
1771108389661,4.55820614355711,0.6393129633891866,1.5438930785036262,2
1771108389769,8.996183028475425,-0.8988549224860879,-1.189885441038923,2
1771108389877,-5.0200379220239855,4.083969460897023,-0.7528625638239743,2
1771108389986,-15.957060184293555,-4.770992149412396,2.3692748023142407,2
1771108390107,14.251908580641748,-4.473282559624934,-1.0276717566239995,2
1771108390210,7.50667927994114,-5.638358725885961,-0.36354962517862244,2
1771108390320,19.43320641519609,-3.816793804907281,-0.5229007666402231,2
1771108390427,-1.546755674817802,-0.8549618323629117,-0.9083969102000072,2
1771108390533,-9.452290254644183,-6.343511297779486,1.7070610684116474,2
1771108390636,-1.3902671830312299,-10.687977343431625,3.0849236674147824,2
1771108390744,12.87977053393673,9.015267430790088,3.1202289152345783,2
1771108390855,-1.3396946481474572,-13.10114464889966,-1.2395037771513038,2
1771108390961,-13.367365785952893,4.2872136924818,-3.1927480218603654,2
1771108391069,-1.638358756871428,4.021946647478253,-1.2929389083492524,2
1771108391170,19.178435236512737,9.291984861050338,0.29484731363840294,2
1771108391278,-2.0496183206196474,-6.075381549740057,0.833015260620897,2
1771108391387,-14.712785840172113,4.523854987787001,2.010496064270872,2
1771108391495,2.7127861465719265,3.588740191822902,1.9169847981178738,2
1771108391604,20.0324428167434,0.5543893260961571,-5.722328217768451,2
1771108391712,4.676526791209711,-1.7872137652085702,-1.3091602874629154,2
1771108391820,-4.869274729587471,-2.5410305811647893,3.181297636603662,2
1771108391929,-2.2204197939770984,12.840648917918191,1.6164121851294133,2
1771108392037,-1.902671709825289,-3.2738548107069745,-1.6335877630144682,2
1771108392149,1.2022900250670183,-4.128816909874151,-2.4809159518453914,2
1771108392254,-1.8826336423477639,-3.538167977104247,-0.6412213609319705,2
1771108392363,-3.2891219910492455,3.368320595796482,0.020038167529124077,2
1771108392470,-9.302481154257356,0.339694655893824,0.9036259163430476,2
1771108392579,2.361641212143105,-3.64312984195736,-1.6116411912724538,2
1771108392680,3.0095418577531134,-1.452290103171706,-1.54580147604641,2
1771108392787,-1.094465670621435,-6.481870012909611,1.7538168082098524,2
1771108392888,10.328244086451747,11.100190358899296,-2.888358720508043,2
1771108392996,-4.3788167745354265,2.516221413108599,-1.4341603265152592,2
1771108393153,-0.3444656497507837,-1.2309159882087763,-1.4551526994858817,2
1771108393213,3.8711830281549156,1.9961831894216988,-1.8301526031995017,2
1771108393321,11.310114515492346,-1.54580147604641,-2.468511474539002,2
1771108393432,-1.280534324321157,-1.2414121746940876,-0.6145037953329963,2
1771108393556,7.072519159122926,-2.981870200104453,-2.204198521585141,2
1771108393647,-4.119274708716819,0.09064885660180763,2.210877806263179,2
1771108393755,-2.993320585361156,-5.300572574256627,1.420801543715772,2
1771108393855,12.166030279822385,-5.3749998649817865,-2.379770882077846,2
1771108393963,-4.5887405042416525,2.192748136328438,3.0229006405526007,2
1771108394073,-23.132633237613632,-4.971374104848114,2.119274724209553,2
1771108394190,-15.127861558675667,-4.2290076741485985,-0.08206106765928019,2
1771108394289,15.34255660240397,-1.1250000313059771,-3.2757632082497583,2
1771108394397,9.518129863148522,-5.819656279007018,-0.9293892831706299,2
1771108394506,2.8330151917673105,-1.3778625990031348,-2.2270992920985475,2
1771108394615,-10.43034346171239,1.0534351234515817,2.221374099470196,2
1771108394723,-16.52576393270362,-3.532442784475895,1.4751907669634066,2
1771108394831,10.751907914062945,-0.8473282421917762,-2.1650762652363658,2
1771108394939,10.604007851549135,2.6822517858873844,-1.1374046153340722,2
1771108395047,2.1097327364956335,0.8234732729069777,-0.6631679326739851,2
1771108395159,-12.527671720901635,1.9351144680526147,1.946564853309318,2
1771108395265,-5.546755643832335,2.503816722358798,-1.0238549615384318,2
1771108395373,10.42652623974,7.143129654762518,-4.6784349753090835,2
1771108395481,8.926526197998697,2.07347318318274,-0.8921755844471972,2
1771108395590,16.86927463663107,1.0248091603098237,-2.335877738593817,2
1771108395698,5.864503727984144,6.101145023289345,1.139313012876856,2
1771108395807,-10.508587547523119,-6.036259506834694,1.6164121851294133,2
1771108395915,1.8339693982850693,9.099236922672578,-0.8893129881330214,2
1771108396015,14.797708997217468,-1.8664121565123952,-2.861641154909069,2
1771108396155,3.6765264787909606,8.331107018423774,0.22041984949047147,2
1771108396234,-10.489503998982102,-2.055343513247999,3.1793892390608782,2
1771108396340,3.042938921473537,3.832060985249552,0.3578244325502708,2
1771108396452,13.670801208698942,7.108778498992408,-1.2328243857515602,2
1771108396579,11.727099271868916,2.580152624070153,-1.6479007445853473,2
1771108396657,-21.436068889295825,-2.896946616172276,2.900763411257844,2
1771108396766,4.914122178564598,0.5896946272768059,-2.2022901240423574,2
1771108396874,13.427480842159115,-0.20706106669098434,-0.02576335848994905,2
1771108396983,4.750954081934871,1.4980915374768131,-0.9255724880850621,2
1771108397126,31.716601543074095,5.640266909985333,-2.575381736934899,2
1771108397192,13.533396585618503,3.2738548107069745,-1.8988549147397211,2
1771108397299,16.878816410901578,6.819656591425768,0.1908396875773214,2
1771108397408,7.816793773921814,-6.9713738759119686,-1.591603017073223,2
1771108397508,-16.54675481157036,0.1335877879742316,1.9866412017077795,2
1771108397609,9.945610912732109,-6.230916056198648,-1.9675572262799406,2
1771108397716,3.4961832311630014,-1.6965648819263361,-3.2318702782091404,2
1771108397825,-1.4780533632775825,12.703244294837752,-1.0868320804502996,2
1771108397925,-5.291030373099296,3.6354962517862246,1.6917938880693764,2
1771108398033,10.934160413007334,-3.7270993338398504,-1.6307251667002924,2
1771108398153,5.604961662165538,-1.0877862792216915,0.3110686927520659,2
1771108398258,11.202289734159939,-0.7604961539951098,-2.0677479905543885,2
1771108398359,-19.195609747180733,-4.073473167690007,4.23759535636942,2
1771108398467,0.2681297747198551,2.3034349803664913,6.696564629751091,2
1771108398586,11.797709767508508,1.2461831685510474,-2.040076332905728,2
1771108398683,-6.070610662604803,-0.043893130143815906,-0.4770992256134101,2
1771108398784,-11.333968951168615,-5.635496022850079,1.344465642004417,2
1771108398893,5.562976916224292,2.6450381405248047,-0.7795801294229485,2
1771108399000,9.36259535668993,-1.2099236152381538,-1.0019083897964172,2
1771108399135,3.9770991985011266,-0.012404579859278557,1.0715649001080285,2
1771108399217,-9.560114182202943,4.747137286849303,3.1020992452998373,2
1771108399326,-17.273854061927604,0.7643129490806776,3.118320517691794,2
1771108399434,4.579198303084322,4.485687036931323,-0.33874045712243206,2
1771108399542,12.309160308974587,-2.6669846055451134,-0.46278624404253105,2
1771108399651,-2.138358699637392,3.4484732925934045,-0.8568702299056955,2
1771108399751,-9.676526218869348,6.904580175357945,-1.5543892649889375,2
1771108399860,15.754770471645287,0.9675572340263073,-1.2461831685510474,2
1771108399968,12.432251416875618,-0.4417938977523349,-1.29675570343482,2
1771108400076,-5.95610681003777,-4.479007538809874,-0.8473282421917762,2
1771108400185,-20.114504124526523,-3.887404727433696,4.23187037718448,2
1771108400293,6.029580008713244,2.331106851458563,2.1402670971801756,2
1771108400394,15.808206456616881,2.2032442160920436,-0.3101144939806739,2
1771108400501,-13.536259288654383,4.102099344275176,1.6994274782405119,2
1771108400632,-2.9246182738209368,0.8158396827358422,-0.8540076335915197,2
1771108400715,21.405534528611284,-1.2795801255497652,-2.6354961528108856,2
1771108400818,2.346374031800834,2.8368319868528786,-0.5954198199051575,2
1771108400927,-10.945610371377214,7.33778577723965,1.530534295704139,2
1771108401035,-0.013358778630670495,7.317747709762125,1.2919847095778605,2
1771108401142,2.178435048035853,0.23091602263556957,0.26145038332011156,2
1771108401244,-0.5772900432487107,2.573473339392115,0.12786259534587996,2
1771108401345,-14.312022783074324,4.093511235167531,-2.1078243389528497,2
1771108401453,8.550572095513685,-0.2776717624337745,-2.6230914620610846,2
1771108401561,5.471373834170666,1.774809181180475,-1.1374046153340722,2
1771108401662,-9.438931258401285,-7.750954165417476,3.7080153584120117,2
1771108401770,14.91793910962991,-7.944656622731745,-1.1173664411348416,2
1771108401870,-1.2614503488933184,-4.351145116886766,-0.4551526538713956,2
1771108401979,-19.09351037192009,-7.590648771823631,1.159351080354381,2
1771108402112,-10.094465494182428,2.2910305030601017,3.191793929810679,2
1771108402187,7.91984681434532,0.36068702886444665,-1.931297672967047,2
1771108402295,-17.96183169626631,0.20229007283402467,0.49522900226985694,2
1771108402403,-0.5448473383822376,-4.620228956975881,0.5076335862979521,2
1771108402513,19.612594503557304,-3.062976988951062,-2.473282361674256,2
1771108402621,-10.419847168505374,2.8187023169181376,-0.01622137411108298,2
1771108402721,-8.87595376983663,-7.435114265365039,-2.1860686382069887,2
1771108402830,13.205152208259676,4.795801530911997,-2.485687052424057,2
1771108402937,5.332061026990854,-3.9475189298662707,-0.25858778700593577,2
1771108403046,-4.544847147314212,-5.5610687321249195,-0.07156488117396888,2
1771108403154,-3.2347327678016105,1.9360687735457125,-0.21278625931933598,2
1771108403263,18.746183299793895,5.360686776689201,-3.355915905046681,2
1771108403371,6.407442722184451,-11.516221450113004,1.51622131413326,2
1771108403479,-10.157442399650884,-3.907442794911221,1.502862531333773,2
1771108403607,-10.175572283029037,1.6994274782405119,0.43129771126702354,2
1771108403688,21.267175386594335,4.5534352564218565,0.06583969521572386,2
1771108403797,-6.70324412787254,4.584923709156085,2.981870200104453,2
1771108403905,-16.680343066452053,-7.610686839301156,1.0391221418807026,2
1771108404013,10.385496439622086,-6.129770772987691,-1.6946564843835523,2
1771108404125,18.520037443922064,-1.7175572548969589,-1.1030534595639625,2
1771108404223,-19.051526906639314,0.7910305146796518,0.540076344525278,2
1771108404330,-1.1793892545536118,3.910305071060279,-1.2786259267783733,2
1771108404439,17.23091607771032,-8.111641087560217,-2.5572518535567466,2
1771108404547,4.855916160231395,3.8158397128575947,-0.897900723714696,2
1771108404648,-14.979007830998993,5.276717284806711,1.593511414616007,2
1771108404756,0.5782442420201026,3.627862661615089,-1.5667938490170326,2
1771108404864,4.755724969070124,-8.234733049234894,-1.17366406192526,2
1771108404972,-2.253816857697522,5.506679508877285,-0.2290076250927857,2
1771108405108,8.049617847254623,-6.068702051618607,0.4761450268420182,2
1771108405189,2.151717482436879,-6.621183246976245,0.3883587665543864,2
1771108405297,5.078244367244011,-5.640266909985333,-0.18320611074639914,2
1771108405406,3.4341602043008197,6.6898855585164645,-0.7862595208226921,2
1771108405515,-1.1412213036979342,4.494274719152145,-3.49045803853465,2
1771108405630,-11.146946418862619,2.5744274314418014,2.810114421253904,2
1771108405732,-2.5725190338990176,-6.915076041678139,1.3311068592049298,2
1771108405840,-1.3024808960631717,-0.9666030352549154,-0.10400763273118814,2
1771108405951,0.32061068046598523,-4.4274810185981215,-0.24332060666366476,2
1771108406049,-1.8606869638840435,-3.1708015568400567,-0.046755723122938415,2
1771108406160,3.352099109961113,-0.5801526395628865,-0.36068702886444665,2
1771108406265,-4.520038192701433,6.31393102914463,0.8893129881330214,2
1771108406374,-11.227098688772719,-9.691793399211619,0.09637404256005264,2
1771108406482,-1.2108778140095457,7.02099221202435,1.2480915660938312,2
1771108406623,-6.2395037384194705,-5.446564879557887,0.16412213531856037,2
1771108406700,5.232824354766093,-1.4103053572304607,0.17652671934665556,2
1771108406807,-2.1269083143806884,6.1908394943567755,-2.2337785767765856,2
1771108406910,-4.549618461336289,-1.666984720013186,-0.3912213628685622,2
1771108407016,15.085878093394891,0.005725190960824973,-0.5820610371056704,2
1771108407136,13.666030321563687,-9.506679051004996,-1.5286258981613552,2
1771108407241,7.3301521870685145,14.368320617308154,0.49522900226985694,2
1771108407349,-11.525763224383512,0.8482824409631681,1.0782442915077721,2
1771108407458,4.366412297229037,2.4351144108185787,0.1956106814342811,2
1771108407568,12.512404540559364,0.5629771150386845,-1.9379771710884963,2
1771108407674,22.88549650287506,1.2185114041806813,-3.1001908477570534,2
1771108407776,-19.04675601950406,-4.656488296845363,1.4427481154577866,2
1771108407884,-7.97614464857915,0.6660305289881608,0.6011450125335092,2
1771108407984,15.224237235411838,2.671755706123779,-2.2929389006028855,2
1771108408110,12.674618118252582,5.139313088613095,0.26622137717707123,2
1771108408192,-5.072518961172248,3.132633605984379,0.7662213466234614,2
1771108408300,10.309160537910731,-4.7204197212503285,-2.2013358185492597,2
1771108408408,10.842557330953708,0.6698473240737286,-1.8769084497194124,2
1771108408517,-15.14980866402621,2.9751907019830037,1.961832033651589,2
1771108408628,-23.981869930709045,-0.6927480945871352,1.23759537960852,2
1771108408734,2.444656398532498,4.049618305126914,-0.30629769889510616,2
1771108408842,19.861640276168895,2.339694533679385,-4.119274708716819,2
1771108408943,8.706106601972277,1.6345419617858603,-3.5400763746470307,2
1771108409052,-14.738549313721402,-3.460877769899794,3.7643127657590187,2
1771108409151,12.11736603575969,3.4895037330415524,-1.2700381378358458,2
1771108409259,5.583969502638326,0.742366377338663,1.4732823694206227,2
1771108409368,-5.812022688835882,2.6555342202884105,0.07061068907268354,2
1771108409476,-10.459923303460423,0.0772900738023205,1.8110686277716628,2
1771108409586,9.80438906767928,-1.9341603760029287,-2.549618263385611,2
1771108409693,7.455152332842564,-1.4770991645061904,-0.7604961539951098,2
1771108409802,-10.064885652434397,-6.032442711749125,-3.0820609643789005,2
1771108409911,-7.700381737255409,1.5419846809608422,-0.44083969898094294,2
1771108410018,20.157442108743805,-0.2872137234672674,-2.2423664724408185,2
1771108410160,7.142175562712832,4.702289837872176,-1.0438931357376624,2
1771108410227,-9.768129300922974,-0.3101144939806739,0.39503815795412994,2
1771108410336,21.491412204593146,-2.394083970370431,-3.7375952001600443,2
1771108410444,-16.344465098922093,-7.775763120030255,1.897900822690035,2
1771108410554,-23.07824444125282,4.614503550904118,0.5763358444773188,2
1771108410661,-0.49332060472707306,-0.10973282535953977,-0.20133587406263273,2
1771108410768,11.832060496391795,-1.60973279372967,-0.5935114223623736,2
1771108410869,-12.749045835864564,4.8530534571955135,1.4723281706492308,2
1771108410978,-7.639313015886326,-4.27194651213953,-0.35305343869331113,2
1771108411138,2.985686995190021,1.284351119406725,-0.43129771126702354,2
1771108411194,-4.857824344330767,-2.0286259476490245,-1.3635496174322557,2
1771108411295,-4.304389056923444,-4.372137276413977,-0.787213719594084,2
1771108411403,1.8769084497194124,-2.856870267773815,0.309160295209282,2
1771108411512,-0.9809160168257945,-2.8282443046320567,2.5114503125299334,2
1771108411643,6.21183208077081,-1.0162213713672963,0.060114502587372234,2
1771108411728,6.157442857523175,0.12309160148892029,-2.298664093231237,2
1771108411837,19.217556852531278,5.229007559680525,-1.0009541910250253,2
1771108411960,-2.6650762080023296,2.16698466277915,6.1908394943567755,2
1771108412051,-0.6898854982729593,-3.6803432738765283,3.5763359279599243,2
1771108412167,9.572518659509333,7.783396710201391,-1.8015266400577434,2
1771108412271,2.0458015255340793,-0.6068702051618607,1.4885495497628938,2
1771108412381,-15.609733112167358,9.27862586480744,4.466603061503485,2
1771108412487,-2.22614498660545,7.149809152883967,2.8177480114250395,2
1771108412596,9.312022928527863,-8.16984710589342,3.9818700856363805,2
1771108412704,5.687977061998342,-1.591603017073223,-0.7843511232799083,2
1771108412813,-5.537213442675004,6.087786027046446,0.15171755129046519,2
1771108412921,10.424618055640627,5.880725000376102,-2.038167935362944,2
1771108413030,5.120229113185256,-3.9246181593528644,0.9198472954567105,2
1771108413140,-15.514311954367695,1.4103053572304607,0.8921755844471972,2
1771108413246,2.8148855218325695,-4.348282413850884,-0.8874045905902375,2
1771108413347,9.198472741123693,-0.3807251763832509,-1.66889311755597,2
1771108413455,-19.60019088002456,-5.764312963709696,1.3377862506046734,2
1771108413564,-4.326335735387164,-6.790076322790912,-2.733778519542549,2
1771108413664,10.348282153929272,-0.49809159858403274,-2.5066794253946796,2
1771108413774,-12.405534278163467,-14.367366098371644,1.1564884840402052,2
1771108413880,-6.84637373013792,0.9809160168257945,-1.2748091316928054,2
1771108413988,20.641220992561223,2.444656398532498,-2.027671642155927,2
1771108414112,9.425572262158386,6.900763380272377,-0.04866412066572229,2
1771108414208,-15.153625032224955,-1.8711832570910607,2.74904569988482,2
1771108414314,-3.9017173888394576,-2.799618341490299,-0.3654580227214063,2
1771108414422,6.516221168679721,-3.3769082780173036,0.3969465554969138,2
1771108414525,-1.1345420190198965,-9.051526343772746,0.11927480640335253,2
1771108414647,5.088740233564205,-3.354961812996995,-0.5992366149907252,2
1771108414741,0.6393129633891866,0.5963740186765495,-0.4770992256134101,2
1771108414841,-1.450381705628922,2.281488515346182,1.6402671544142118,2
1771108414948,-20.75667851029112,-2.8940839131363947,3.153625978955002,2
1771108415057,5.425572293143853,1.868320554055179,0.2108778617765521,2
1771108415165,-13.180343253646898,-3.6755723867412744,3.4809160508207304,2
1771108415273,2.6555342202884105,5.876908205290534,-2.0305343451918083,2
1771108415382,2.739503712170901,3.36259540316813,-1.7270992426108782,2
1771108415490,3.6879768640476636,1.561068656388681,-1.7175572548969589,2
1771108415599,-1.865458064462709,-10.312976906109476,-0.3912213628685622,2
1771108415710,-9.937977322560974,-3.7080153584120117,2.427480820647443,2
1771108415815,-7.694656331183646,-2.6975189662296555,3.3330151345332744,2
1771108415917,19.866411163304146,3.8062975117002638,-0.9666030352549154,2
1771108416024,-1.1412213036979342,1.7538168082098524,-0.4427480965237268,2
1771108416136,7.533396418653291,-2.1564885830155442,-1.9780533060435461,2
1771108416241,10.350190338028645,-1.1917938385817068,-2.4208015359694053,2
1771108416342,3.3835877761387527,-1.1641220742113407,1.8587785663412597,2
1771108416449,-8.123091899703743,2.1593510726080143,0.8253816704497615,2
1771108416550,12.704197960000615,-0.2528625943775841,-3.0696564870725114,2
1771108416659,-1.3501908346327687,0.9828244143685784,-1.4122137547732445,2
1771108416766,-16.085877552039996,-10.018129592471073,0.12118320394613641,2
1771108416877,-2.7576335955490534,-1.471373971877839,3.5667939402460047,2
1771108416983,6.090648730082328,3.5124045035549587,1.6889312917552006,2
1771108417115,19.032441650551007,-1.3215648714910104,-2.522900697786637,2
1771108417200,-11.944656164859456,1.3406488469188491,0.02671755726134099,2
1771108417309,15.524808247574713,-4.60496177663361,-1.8177481258931123,2
1771108417417,3.873091639141111,-0.2318702214069615,2.1994274210064755,2
1771108417518,-10.70801541090915,2.59351140686964,3.8988551126903994,2
1771108417645,-8.333015202523146,2.4837786548812733,-0.29198471732422715,2
1771108417726,10.253816368839765,5.876908205290534,-5.173664244383205,2
1771108417834,-6.76622146022782,-4.200381497563428,-1.064885508708285,2
1771108417942,4.335877936544495,-2.7929388433688493,0.045801527686599786,2
1771108418045,3.6097327782369364,1.6459923470425635,-0.23282442017835345,2
1771108418147,-1.190839639810315,-2.0419847304485117,-0.7795801294229485,2
1771108418251,-0.9379770721131573,2.3034349803664913,-1.0133587750531203,2
1771108418360,-3.368320595796482,11.637404373914663,0.010496183150258008,2
1771108418468,4.596374094412789,3.227099177630475,-1.4188931461729881,2
1771108418578,1.959923636108805,-2.6975189662296555,-0.31488548783763365,2
1771108418686,6.172710037865446,1.7337786340106218,-0.19751907897706497,2
1771108418795,3.4541984852217564,-2.056297605297685,1.3501908346327687,2
1771108418902,2.6164121773830464,6.457061058296832,-1.452290103171706,2
1771108419002,-4.997137151510579,2.6851144889232663,1.69847327946912,2
1771108419123,1.0753816951935964,5.666030383534621,-0.9761450229688349,2
1771108419227,8.041030591920626,0.10496183150258008,1.0286259553953914,2
1771108419335,-6.869274500651326,1.7022900745546878,1.7814885725802185,2
1771108419444,-6.604961547697465,4.759541764155692,2.3807251875709436,2
1771108419555,9.810114473751042,2.3282441484226815,-1.192748037353099,2
1771108419662,6.556297730521593,-3.1583968660902557,-1.8902672325188994,2
1771108419771,-2.8654579499946364,-0.10877862658814783,-2.9484731363840293,2
1771108419871,7.9608774682368795,-3.0505725116446727,0.4007633505824816,2
1771108419978,11.763358184851576,0.2318702214069615,-2.6488549356103723,2
1771108420088,-22.01717455369134,-6.286259371495969,0.7337785883961355,2
1771108420195,-2.870229050573302,2.4713739641314723,-0.17843511688943944,2
1771108420303,17.87309217102221,-4.7452291027499305,-0.3139312890662417,2
1771108420412,4.59255729932722,3.076335771750549,0.3120228915234578,2
1771108420512,-7.7108780304624265,8.389313036756977,2.1221374272454345,2
1771108420620,12.787213786720242,-3.729961609988909,1.0171755701386882,2
1771108420728,4.437976884918315,-5.598282164044088,-0.5038167912123844,2
1771108420837,-13.181297772583406,4.166030341793318,2.6956105686868717,2
1771108420946,-8.54675572731494,2.592557314819954,1.6335877630144682,2
1771108421089,-4.578244211034636,1.2290075906659925,0.4332061088098074,2
1771108421163,12.07824441974115,0.309160295209282,-2.7738548679410107,2
1771108421271,-15.692747231339693,-3.1269084133560274,-0.648854951103106,2
1771108421380,-16.54007659410938,3.6803432738765283,4.2051528115855055,2
1771108421488,10.699427301801505,-5.983778467686431,-1.7213740499825265,2
1771108421596,6.495229009152509,-0.4103053382964009,-2.8807251303369075,2
1771108421705,-11.022900792025078,0.3893129653257783,-1.963740431194373,2
1771108421813,-18.140266973238308,-0.9398854696559412,1.8139313308075444,2
1771108421914,7.252862620194296,-3.085877759464468,-0.5467557359250216,2
1771108422022,-14.871183049666588,-1.4217557424871639,1.280534324321157,2
1771108422126,-7.855916243714001,0.6164121928757801,2.8368319868528786,2
1771108422230,6.463740556418281,3.4961832311630014,-0.13549618551701548,2
1771108422339,16.244274761534466,-3.6612592984486896,0.47041983421366657,2
1771108422447,5.863549635934458,9.387404311302708,1.994274791878915,2
1771108422557,-12.266221470983655,4.595419575476279,1.578244234273736,2
1771108422675,-12.952290067449342,-1.9036260153183866,-0.4007633505824816,2
1771108422773,12.889313161980885,-8.969465889763274,-2.782442763605244,2
1771108422880,18.76335781046189,4.825381799546853,-4.6431297274892875,2
1771108422991,-7.259541691428923,2.0391220274126303,-0.9770992217402268,2
1771108423123,6.381679248635163,-0.6431297584747544,-0.9446564635129009,2
1771108423205,13.705152791355875,-1.221374000494857,-1.2395037771513038,2
1771108423306,2.9990457779895077,4.207060995684878,1.3864503879456622,2
1771108423415,-23.4332059573238,1.5362594883324907,1.9265267858317932,2
1771108423523,-3.165076364211705,-2.7576335955490534,0.818702279050018,2
1771108423632,20.451334903445698,-15.732823366294744,-1.605915998644102,2
1771108423739,11.283396523006548,0.41316793461057677,-2.1832061486145187,2
1771108423840,-19.405533903773783,2.6641221159526434,0.03625953997268041,2
1771108423950,-12.290075906659926,-4.84828257006026,1.0171755701386882,2
1771108424056,20.135496710940554,-2.613549474347165,-4.266221106067766,2
1771108424160,-17.737594878267497,1.3158396788626587,0.5419847420680619,2
1771108424265,-13.608778822166995,1.0839694841361238,1.0333969492523511,2
1771108424376,8.112595606496726,-2.739503712170901,-0.8864503918188456,2
1771108424482,8.140267264145386,-5.834923459349288,-2.267175640497009,2
1771108424582,-13.112595461043187,3.327289941904923,1.684160297898241,2
1771108424685,3.8034352355512056,-9.380725240068083,-0.5515267297819813,2
1771108424790,19.893129155789946,-2.2833969128889664,-1.1669846705255165,2
1771108424899,-6.0410303939699475,2.3864503801992956,4.101144825338666,2
1771108425000,-11.853053082805829,5.395992451395821,0.6068702051618607,2
1771108425120,-2.0763358862186214,-14.131679322002952,-0.020038167529124077,2
1771108425224,2.22328249701298,0.5811068383342785,0.23091602263556957,2
1771108425332,6.984732872154868,-5.168892930361127,-1.7967557529224896,2
1771108425441,-4.935114338091808,2.896946616172276,0.2270992275500018,2
1771108425550,-20.542937985499325,-8.786259725656024,1.2471373673224393,2
1771108425680,-1.3158396788626587,-4.028625718712879,0.8540076335915197,2
1771108425758,12.20133552764218,-8.697519346638279,-2.236641279812467,2
1771108425867,-2.13263350700904,4.621183049025567,-1.887404529483018,2
1771108425967,-14.272900313282136,5.191793700874534,-1.9036260153183866,2
1771108426110,1.2633587464361022,0.24045801034948894,-0.7499999675097985,2
1771108426183,18.147899709635798,1.8167938204000145,-1.2604961501219265,2
1771108426293,-3.2366411653443947,-0.5706106518489671,0.2270992275500018,2
1771108426400,-23.065839110172785,-6.219465670941945,2.748091607835134,2
1771108426508,-3.958969315122974,2.3005724907740213,1.4761449657347985,2
1771108426617,9.291030342113828,-1.3425572444616332,-3.4341602043008197,2
1771108426725,14.88454119213584,-2.4761450647101375,-3.530534386933111,2
1771108426834,-12.593511329405972,8.223282237091368,2.779580060569362,2
1771108426944,-13.062976698043983,-0.17175572548969587,1.3177480764054428,2
1771108427051,0.011450381921649946,1.3196564739482266,1.3425572444616332,2
1771108427159,16.945610538342425,1.0248091603098237,-3.005725062667546,2
1771108427260,-11.052480633773111,4.533396762057508,2.548664171335925,2
1771108427369,-15.68034360780695,3.969465608329991,0.4198473260103203,2
1771108427477,4.494274719152145,7.451335964643819,0.6755725167020803,2
1771108427584,9.167938380439152,-1.3215648714910104,1.404580164602109,2
1771108427697,4.7089693359936255,0.6135495965616043,-1.6488549433567392,2
1771108427795,-6.14312976923059,5.323473344770033,0.54103054329667,2
1771108427901,2.2500000626119543,-4.0906489590184725,-0.41507633215336065,2
1771108428009,9.950381799867364,-4.375954071499545,-0.4227099223244961,2
1771108428119,9.58301495271635,3.277671605792542,2.9417938517059916,2
1771108428226,0.0,0.9265266868564541,3.7977098294794422,2
1771108428335,-3.9770991985011266,2.870229050573302,0.1412213781453671,2
1771108428443,2.103053451817596,-0.015267175339691044,-1.096374068164219,2
1771108428552,6.936068628092173,-3.520992399219192,-0.11545801131778478,2
1771108428691,-10.561068159784558,1.0782442915077721,4.300572261837876,2
1771108428769,-6.650763088724278,-2.1402670971801756,0.08396946520206407,2
1771108428877,-12.867366056630342,2.1068702469031635,0.11927480640335253,2
1771108428987,-19.748091796312018,-3.339694632654724,2.085877873932541,2
1771108429090,9.215648959338983,9.429389484130777,0.042938931372423966,2
1771108429195,17.636450021943364,2.409351150712702,-1.0085877811961608,2
1771108429304,-12.51908361179399,5.253816514293304,-1.3835877916314865,2
1771108429411,-8.083969429911557,-5.746183080331544,-1.0572519185371496,2
1771108429520,6.374999750513713,1.0868320804502996,-0.9322518794848057,2
1771108429627,16.04961778528369,0.7166030638719336,-2.125954222331002,2
1771108429737,-10.228052895290476,-1.8492365786273404,2.335877738593817,2
1771108429845,-16.247136610796705,2.042938822498198,3.862595345934094,2
1771108429954,0.33587786080825627,-2.519083902701069,1.7814885725802185,2
1771108430062,13.083014765521508,-1.7118320622686072,-0.7977099060793954,2
1771108430171,7.2156483345014815,-1.1335878202485046,0.6612595351312012,2
1771108430279,-16.01145068820166,-7.12690838237056,1.9541984434804536,2
1771108430388,-1.5877862219876553,8.879770991809021,0.5582061211817249,2
1771108430495,9.599236651995131,-4.617366253939999,-2.439885511397244,2
1771108430604,8.075381320803912,-0.3912213628685622,0.2061068679195924,2
1771108430712,-0.7309160454428126,7.214694669338619,1.1832060496391794,2
1771108430820,-11.168892670439515,2.870229050573302,1.2089694164667617,2
1771108430923,-4.500000125223909,-6.726144898385947,0.4809160206989779,2
1771108431029,-7.563930779337833,3.7108776345610703,2.2633588454114415,2
1771108431140,-2.53148859345087,-11.586831945752596,1.4398855191436106,2
1771108431245,-4.992366264375325,-3.133587698034065,-1.3015266972917798,2
1771108431354,8.30915991307323,0.5753816457059268,-1.9188931956606576,2
1771108431462,3.7681295608445864,-10.3597329660728,-3.1116412330137564,2
1771108431563,-5.8730914102049665,1.4093511584590688,1.772900783637691,2
1771108431671,-18.08969454507624,9.351144544546404,3.753816899438825,2
1771108431780,0.5973282174479414,-9.868320492084246,-0.42748091618145584,2
1771108431888,-6.0171755314068545,-1.6164121851294133,2.8435114849743277,2
1771108431997,-3.51526720659084,7.973281945543269,2.1421754947229594,2
1771108432142,4.846373959074064,4.814885506339836,0.26622137717707123,2
1771108432205,8.112595606496726,6.819656591425768,1.0849236829075157,2
1771108432324,-0.7118320700149738,3.226145085580789,-1.0419847381948786,2
1771108432422,1.470419773106447,-1.4790075620489744,0.5448473383822376,2
1771108432530,15.32633490312519,-4.575381507998754,-1.8969465171969373,2
1771108432639,-2.0362595378201602,5.043893211473901,0.33110686695129654,2
1771108432748,-10.534351021072407,1.050572527137406,0.603053410076293,2
1771108432856,15.965649147174846,12.070610829570015,-2.8654579499946364,2
1771108432956,-5.200381809982179,8.130725489874878,-0.5267175617257909,2
1771108433064,-9.119274990150103,6.958969398605579,2.6164121773830464,2
1771108433172,3.4246182165869006,-4.249999833675809,1.995228883928601,2
1771108433275,2.2433205644905048,4.431297813683689,1.176526658239436,2
1771108433380,-6.560114525607161,4.003816764100101,1.4293893326582994,2
1771108433481,10.70419818893676,13.687976573140585,-1.2175572054092894,2
1771108433589,14.553434111741131,11.142175531727364,-2.1822518431214206,2
1771108433715,1.222328199266249,11.898854623832642,-1.9322519784601446,2
1771108433798,-4.8940836842002495,4.529579966971941,2.160305378101112,2
1771108433908,16.25858742294023,-3.264312822993055,0.46183204527113914,2
1771108434015,17.590648480916553,-1.252862559950791,-3.724236630803969,2
1771108434135,-11.39885489451009,-2.764312880227091,-0.08778626028763181,2
1771108434240,3.6374044358855966,5.357824500540143,-0.6660305289881608,2
1771108434349,23.35973190487468,5.854007434777127,-2.729007632407295,2
1771108434456,-9.454198438743555,2.962786224676614,1.8339693982850693,2
1771108434565,-15.544846315052238,2.6956105686868717,5.150763473869798,2
1771108434673,0.8826335967332778,-1.031488551709567,0.87881680164771,2
1771108434782,0.5963740186765495,3.6078241672507407,0.15648854514742488,2
1771108434883,-4.157442659572497,5.631679227764511,2.900763411257844,2
1771108434990,10.25858725597502,-3.276717513742856,0.3568702337788789,2
1771108435119,9.756679342553094,5.9083966580247615,-2.527671798365302,2
1771108435199,8.982824032232527,0.4322519100384155,-3.2127863027813017,2
1771108435307,-17.70324414938421,0.43797710266676715,-0.11164122290232364,2
1771108435417,16.166984340886604,0.1030534339597962,0.5381679469824941,2
1771108435525,-12.778625677612597,3.373091482931736,1.2385495783799119,2
1771108435635,8.625954332062177,-0.6917938958157432,1.0458015332804462,2
1771108435741,-0.9007633200288717,0.6593511375884173,0.9809160168257945,2
1771108435850,0.9914122033111058,4.838740368902929,2.0353052323270626,2
1771108435958,1.6364503593286441,7.214694669338619,-1.062977111165501,2
1771108436105,-5.669847178620189,0.7041984798438384,-1.6469465458139554,2
1771108436176,-19.298663641377885,-0.6545801437314577,3.3291983394477067,2
1771108436285,0.5477099346964135,2.854961870231031,2.0791983758110915,2
1771108436386,-4.240458059405301,-7.2433208459237886,0.6755725167020803,2
1771108436492,-8.660305060945463,-8.816794086340565,0.9379770721131573,2
1771108436601,-8.704198417872904,1.4914121460770695,-1.0419847381948786,2
1771108436729,5.701335631354417,-6.918892836763707,-0.6975190884440948,2
1771108436809,0.8463740434203842,-0.9847328119113623,1.41984734494438,2
1771108436919,1.5448472772750181,4.199427405513743,0.6870229019587835,2
1771108437026,4.32728982743685,3.083015269871998,0.08683206151623987,2
1771108437146,-1.177480857010828,8.690839421630006,0.16125953900438456,2
1771108437251,-7.625954019643427,-1.9761449085007623,1.7471374168101088,2
1771108437361,0.7270992503572449,-3.6145036653721903,2.764312880227091,2
1771108437468,1.451335904400314,1.963740431194373,-1.0324427504809592,2
1771108437576,-10.56774808479283,-1.174618260696652,0.30248090380953846,2
1771108437685,2.0438931279912955,-9.892175781534162,-0.4293893137242397,2
1771108437785,-1.1440839000121101,2.241412166947721,-1.0916030743072593,2
1771108437893,-2.0028624740997367,7.268129800536567,-0.7022900823010545,2
1771108438001,9.29484756408622,3.7910303313579927,-0.2499999980634083,2
1771108438123,-0.2270992275500018,1.5725190416453843,-2.6946564766371854,2
1771108438211,-0.18988548880592948,-6.154580154487293,-2.5944657123627377,2
1771108438319,3.2690839235717206,6.816793888389887,-2.427480820647443,2
1771108438419,-2.2356869743193695,-4.568702009877304,5.241412036986915,2
1771108438527,-3.073473282158079,-8.295801770603978,2.1116411340384174,2
1771108438637,2.143129800216057,-8.846373928088598,-0.12499999903170415,2
1771108438746,9.286259454978575,1.5009541337909889,-2.6545801282387242,2
1771108438854,-0.7690839429376373,-4.097328030253099,-0.8454198446489922,2
1771108438961,-4.015267149356804,2.219465701927412,3.7938930343938746,2
1771108439071,-19.429388339450053,-5.395992451395821,2.422709933512189,2
1771108439179,13.76526699378845,-7.791984819309035,-2.8339694972604086,2
1771108439287,4.644083819538974,-3.98854958375783,0.3645038239500144,2
1771108439395,-7.249999917158415,-0.2748091661195987,1.0400763406520945,2
1771108439504,3.7585877865740787,2.1879770357497725,-0.7499999675097985,2
1771108439613,1.9713740213655084,8.86450381146675,-0.1469465574335055,2
1771108439765,7.2175573723745,1.6612595273848345,-1.2041984226098021,2
1771108439830,6.867366316551953,3.440839702422269,-2.6383586424033556,2
1771108439936,14.067747897597988,11.034350750394958,-1.8454197835417727,2
1771108440046,-13.464694274078283,7.347328405283804,0.2681297747198551,2
1771108440217,-6.570610391927355,5.795801416443925,3.0877861570072525,2
1771108440263,10.307251500037713,-3.3358778375691562,2.1946565338712216,2
1771108440370,-9.947519096831481,2.6249998596038684,2.2853053104317502,2
1771108440479,-3.817747896956967,-2.8148855218325695,-0.37977097761185896,2
1771108440587,14.636449938460759,-15.256678926422108,-2.0152671648495377,2
1771108440687,7.58683154985124,15.962785590365318,0.9456106622842928,2
1771108440796,-10.102099084353565,4.416984725391104,3.110686927520659,2
1771108440904,15.301525948512412,-9.482824615328726,-1.3234732690337943,2
1771108441013,-11.470419909086191,-0.07347327871675274,0.5849236334198462,2
1771108441112,-6.9895037592901215,7.003816847582707,1.0372137443379188,2
1771108441220,7.979961870551541,3.492366436077434,-2.2576336527830896,2
1771108441321,-9.495229092635116,9.3778625370322,1.1727098631538682,2
1771108441430,-1.6259541728433327,1.9246183882890093,3.0496182061515746,2
1771108441538,9.373091649896947,2.4961831321876624,0.8053434962505309,2
1771108441646,-11.765267222724594,-5.729961807939587,0.9045801151144395,2
1771108441759,-13.859732778877957,-5.235687057801975,1.1870228447247473,2
1771108441855,9.642175489986062,-8.364504082144197,-0.7929389122224357,2
1771108441963,-9.521946231347266,-11.608778197329492,1.5648854514742487,2
1771108442072,-11.927480800417811,-5.434160402251498,-0.4017175493538735,2
1771108442172,11.223282320573974,-11.221374136474601,0.5830152358770623,2
1771108442281,-9.222328030573609,-8.515266847693889,1.0973282669356108,2
1771108442388,-6.205152582649361,-5.446564879557887,0.5534351273247652,2
1771108442496,11.852099417642966,-7.196564785960466,-1.0162213713672963,2
1771108442597,-0.2166030544049037,-3.2729007186572883,-1.8988549147397211,2
1771108442705,-13.775763286995467,6.083969231960879,2.485687052424057,2
1771108442815,-2.0324427427345926,0.01622137411108298,2.4837786548812733,2
1771108442916,2.141221402673273,5.986641170722312,1.4083969596876769,2
1771108443023,-7.464694960886718,12.778625677612597,1.0725190988794204,2
1771108443132,8.982824032232527,-3.2986639787631646,-0.48473281578454563,2
1771108443231,-4.221374083977462,1.2624045476647103,0.6898854982729593,2
1771108443339,-14.332060850551848,2.0782442837614052,1.0524809246801898,2
1771108443447,0.9904580045397139,-12.56393148765794,-0.38549617024021055,2
1771108443548,-1.9322519784601446,9.594465764859876,0.29293891609561906,2
1771108443658,-19.662214120330155,-6.556297730521593,1.712786261039999,2
1771108443767,-4.564885214791737,10.859732695395351,-1.57538163795956,2
1771108443873,12.428435048676873,13.105915536034914,-3.152671673461904,2
1771108443973,4.5706106208635005,3.2891219910492455,-0.4971373998126408,2
1771108444075,-9.034350979331103,4.687022657529905,2.7204197367430623,2
1771108444195,19.8177477730151,-0.16507633408995231,-1.3473282383185927,2
1771108444299,-0.23568701649252924,-1.3788167977745267,1.82442741057115,2
1771108444400,-16.18606788942762,-7.42652701003104,0.5648855125814684,2
1771108444507,-3.020992243009817,-1.1784350557822199,0.9856870106827542,2
1771108444607,1.9036260153183866,-13.048664036638222,-1.0887404779930834,2
1771108444707,-12.845419805053444,-6.513358892530662,-0.7633587503092856,2
1771108444816,2.5973282019552077,-4.615458069840627,-0.49332060472707306,2
1771108444924,23.76240399984549,14.659351562747812,-2.298664093231237,2
1771108445032,4.069656372604439,0.6593511375884173,1.4227099412585558,2
1771108445152,-3.3788166755600875,-1.3425572444616332,-0.45229005755721974,2
1771108445257,-13.303435215321574,4.399808934062637,0.5896946272768059,2
1771108445366,-2.184160240664205,-11.175572595447788,-0.30248090380953846,2
1771108445466,4.77003805736271,-5.105916024892672,1.7786259762660428,2
1771108445574,-7.999999938029066,-9.036259163430476,0.12404580026031221,2
1771108445683,-5.697518836268849,7.094465410699823,1.793893049886608,2
1771108445783,5.122137297284628,0.8587786274484794,-1.6889312917552006,2
1771108445891,4.489503832016891,0.3234732767801611,-0.3625954264072305,2
1771108445992,-9.487595502463979,8.31011443200974,0.19942747651984885,2
1771108446111,-4.77958025852004,2.8988550137150604,1.4179389474015962,2
1771108446209,-8.97232773902551,-3.195610724896247,0.061068701358764174,2
1771108446317,-4.068702280554753,11.526717743320022,-0.2967557111811868,2
1771108446425,-11.65935062549156,-1.1812976520963956,-0.6202289879613478,2
1771108446534,-9.83587794730033,2.6526717306959404,-0.09160305537319957,2
1771108446642,7.7767176389667645,2.3559160195147535,-2.173664160900599,2
1771108446787,2.577290134477683,-1.6278625703861167,0.18702289249175366,2
1771108446859,-4.754770877020438,-0.7528625638239743,0.5104961826121279,2
1771108446968,0.3339694632654724,-2.467557169045904,1.2624045476647103,2
1771108447076,7.639313015886326,14.452289255416998,-0.5066793875265602,2
1771108447184,-4.633587526331956,-2.479961859795705,1.9341603760029287,2
1771108447293,-3.6507634321284956,-2.982824292154139,-0.8263358692211535,2
1771108447401,2.7977099439475146,-2.3301525459654653,-1.4103053572304607,2
1771108447509,3.9150763850823562,-1.6450381482711716,-0.30534350012371425,2
1771108447618,7.486641212463615,6.577289890048805,-1.69847327946912,2
1771108447726,5.2604960124147535,-0.7194656601861094,-2.538167878128908,2
1771108447835,5.376908475967982,-3.597328300930547,-0.30438930135232234,2
1771108447943,-6.302480643887926,-1.3377862506046734,1.5353052895610988,2
1771108448053,1.6354961605572522,0.8845419942760617,0.6259541805896995,2
1771108448168,5.698473355205359,3.942748042731017,1.034351148023743,2
1771108448269,-8.532442212135532,0.40458014566804934,1.1507632914118535,2
1771108448377,-11.325381695834617,-4.8349235738173615,1.6631679249276183,2
1771108448477,2.5267174928722045,0.6125953977902123,-0.23759541403531312,2
1771108448586,6.019083715506227,0.726145051585853,-1.1202290374490174,2
1771108448694,7.666030154598476,-3.9160304771320424,-1.606870197415494,2
1771108448796,11.946564348958827,2.6450381405248047,1.297709902206212,2
1771108448903,0.4217557235531042,-2.2013358185492597,0.15839694269020876,2
1771108449003,6.538167847143441,6.7137404210795575,1.6040076011013182,2
1771108449138,-11.453243690870902,5.0200379220239855,3.334923532076058,2
1771108449219,-1.5276716993899633,3.4522900876789726,-0.7719465392518131,2
1771108449322,6.049618076190769,6.327290025387528,-1.1307252239343286,2
1771108449428,10.260496293848037,3.0085877657034272,-0.7232824552716771,2
1771108449537,0.22614502877860987,0.43988550020955103,-1.7786259762660428,2
1771108449644,1.0753816951935964,-0.24904579929201637,-1.499045736248205,2
1771108449745,-8.00572534410083,-0.7604961539951098,0.35114504115052725,2
1771108449854,-7.724236172931679,5.355915889553947,2.37881679002816,2
1771108449961,24.262404582941688,12.431297751712755,-0.29007631978144327,2
1771108450070,-1.6612595273848345,5.846373844605992,0.6708015228451206,2
1771108450170,-9.121183174249476,-5.840648865421052,0.6822519081018238,2
1771108450279,0.7919847134510437,-2.5896946117840725,-1.2919847095778605,2
1771108450379,-3.3616410976750326,3.0047709706178596,1.872137349140747,2
1771108450487,-5.054389077794095,-1.8034350376005275,2.3845419826565117,2
1771108450597,-4.537213557143077,-8.662213245044835,1.1087786521923142,2
1771108450703,-7.4103053107522605,1.448473308086138,3.0772900772436467,2
1771108450805,5.487595533449446,3.9360685446095673,2.099236656732028,2
1771108450913,0.18320611074639914,-0.5229007666402231,1.6765267077271055,2
1771108451021,-11.0648851110795,3.1746183519256244,0.7824427257371244,2
1771108451125,8.937977010142223,-8.596373636540498,-0.7185114614147174,2
1771108451229,5.418893221909227,15.916029530401996,1.761450398380988,2
1771108451341,-3.9828241776860667,-6.158396949572861,2.613549474347165,2
1771108451446,0.24332060666366476,0.6421755597033625,1.3549618284897282,2
1771108451558,4.852099365145827,0.10209923518840426,-1.8902672325188994,2
1771108451663,-6.337786318594546,-9.755724823616585,-1.0410305394234867,2
1771108451816,7.50667927994114,-6.036259506834694,-2.2910305030601017,2
1771108451880,7.094465410699823,-7.492366618535378,-1.1574426828115971,2
1771108451989,0.4914122071842892,-5.836832070335484,-0.6421755597033625,2
1771108452126,12.669847231117327,12.532442608036888,0.7700381417090292,2
1771108452206,9.842557018534958,0.48473281578454563,-0.7318702442142045,2
1771108452306,-13.868320034211955,2.0200380519847916,1.3711832076033912,2
1771108452413,1.161259477897165,-7.7290079138405785,1.7643129946951637,2
1771108452514,9.065839858952154,5.9685112873441595,-0.39503815795412994,2
1771108452622,-11.085877697493535,5.491412328535014,1.1049618571067463,2
1771108452731,18.646945773795487,6.728053509372142,0.169847327946912,2
1771108452840,2.3864503801992956,-3.848282257641509,-1.0238549615384318,2
1771108452948,-24.454198002382938,-4.687022657529905,2.4809159518453914,2
1771108453056,-4.707061151894253,-7.671755560670239,0.8148854839644503,2
1771108453160,-12.542938901243906,2.985686995190021,1.5553434637603294,2
1771108453265,-11.298663703348819,0.5906488260481978,1.3559160272611201,2
1771108453373,8.930343419971088,4.977099084033054,-0.16603053286134425,2
1771108453483,0.5477099346964135,-7.292938755149346,-0.9742366254260509,2
1771108453591,-8.208969575685606,-6.790076322790912,0.26145038332011156,2
1771108453698,2.4332060132757944,-6.309160142009376,-0.9188930966853186,2
1771108453809,14.383587797650424,-7.706107143327173,-2.6354961528108856,2
1771108453915,-16.74809171282941,-6.02480912157799,1.729007640153662,2
1771108454016,21.975191088410565,-8.80916049616943,-3.535305274068365,2
1771108454136,-2.0744274886758376,4.600190889498356,-0.17175572548969587,2
1771108454241,-10.782442274747487,3.7261448149033414,1.997137281471385,2
1771108454349,11.959923345201727,7.300572345320481,0.4122137358391848,2
1771108454457,28.00286205925079,8.750954477836228,-0.757633557680934,2
1771108454566,-10.646946689540066,7.11736618121323,1.6488549433567392,2
1771108454674,-13.267175448565268,0.3225190780087691,0.9255724880850621,2
1771108454803,-7.170801312411178,4.5353053730437045,1.7328244352392297,2
1771108454884,-20.776716577768646,12.470419367731296,3.37499988047452,2
1771108454991,-4.705152540908058,6.25190821572586,1.0696565025652447,2
1771108455153,13.459923386943029,-0.6307251744466592,-3.4093510362446295,2
1771108455208,-6.3425572057298,-8.126908267902488,0.07347327871675274,2
1771108455309,-1.11164124850649,7.874045273318507,0.09446564501726877,2
1771108455417,18.16984681498634,3.6812977928130373,-2.4837786548812733,2
1771108455525,-2.1393130051304894,-6.353053498936816,-1.3330152567477136,2
1771108455635,-23.75381674451149,-5.257633309378872,0.9522900536840364,2
1771108455742,-1.5104961215049084,-7.818701958021187,0.46946563544227465,2
1771108455853,-3.3835877761387527,-8.514313182531026,-0.8425572483348165,2
1771108455958,-10.634542212233677,8.608778113846888,0.030534350679382087,2
1771108456067,6.373091566414342,5.893129477682491,-2.459923578874769,2
1771108456175,16.19560966369813,17.70324414938421,-2.912213796514547,2
1771108456284,-21.42366355821579,9.16603019633978,2.2137405092990607,2
1771108456395,-4.080152665811456,-5.0935115475862816,0.6965648896727029,2
1771108456501,20.39503706921187,-3.963740202258228,-0.21946565071907953,2
1771108456610,-11.885495627589744,-12.081106269003385,-1.0057251848819848,2
1771108456711,2.7232824397789437,3.3940838559023585,-0.987595408225538,2
1771108456813,20.683206165389294,13.535304769717875,-0.2652671784056793,2
1771108456918,-17.550572345961502,3.3931297638526723,4.283396897396233,2
1771108457026,-11.344465244375632,-4.093511235167531,3.766221376745214,2
1771108457149,15.731870554905527,-8.100191129190337,0.08301526643067213,2
1771108457252,9.850190608706093,10.920801416764435,-3.786259444222739,2
1771108457361,-9.522900750283775,8.456107164197824,1.189885441038923,2
1771108457469,-2.307251775452059,8.47423619380233,2.0973282591892444,2
1771108457569,15.47328300802343,15.202290130061295,-1.063931309936893,2
1771108457678,-10.435114348847645,-1.9169847981178738,3.7356870160606723,2
1771108457810,-19.305343566386156,-12.284351354361808,3.4360686018436035,2
1771108457895,3.0772900772436467,-2.2423664724408185,0.8730916090193585,2
1771108458002,-15.871182508311692,-10.574427156027456,-0.41603053092475256,2
1771108458118,-10.72328259125142,3.984732788672262,1.4103053572304607,2
1771108458220,14.394084090857442,3.4227098190441168,-0.8501908385059519,2
1771108458328,5.437022678400556,12.906488526422528,-3.4389313048794854,2
1771108458431,-8.400762995126856,8.067747730632776,-1.760496199609596,2
1771108458538,13.404580071645707,3.7977098294794422,-2.8015267390330827,2
1771108458645,9.076336152159172,10.508587547523119,-1.5849236256734796,2
1771108458746,-17.139312995656695,-2.522900697786637,1.2585877525791425,2
1771108458853,5.206106789167119,1.0238549615384318,2.336832044086915,2
1771108458954,-1.790076361522746,-0.34923664360774337,2.151717482436879,2
1771108459062,-17.25477051338659,5.229961651730211,2.4847327469309595,2
1771108459170,12.475190254866549,5.370228977846533,-3.0839693619216844,2
1771108459279,7.3979008334458705,5.163167951176187,1.2614503488933184,2
1771108459387,-16.27290008434599,-20.0324428167434,0.664122131445377,2
1771108459496,-7.136450156641068,-9.226145252546,-1.6937022856121604,2
1771108459604,5.246182924122169,3.000954175532292,-1.2576335538077505,2
1771108459712,-2.0267175501062407,6.254770918761741,-0.25858778700593577,2
1771108459871,6.376908361499909,-12.69656436982948,-3.4980916287057853,2
1771108459921,16.40935018848992,-0.9551526499982121,-4.938931133177377,2
1771108460030,7.547709933832699,4.124045595852073,-0.7853053220513002,2
1771108460149,6.229007445212453,1.221374000494857,-1.54580147604641,2
1771108460247,-0.26335878086289544,1.7795801750374347,-0.895992326171912,2
1771108460356,14.854006831451297,-1.9370228655953987,1.0114503775103365,2
1771108460476,13.739503520239161,-9.798663661607517,-3.836831872384806,2
1771108460573,-10.048663953155616,5.840648865421052,2.010496064270872,2
1771108460673,12.205152749614571,-9.566794107211216,-2.2500000626119543,2
1771108460780,5.6507632031923505,-2.4141220378479558,0.8473282421917762,2
1771108460889,-12.617366618855888,8.02003800550659,4.982824490104817,2
1771108460999,-2.778625968519676,-2.479961859795705,1.7385496278675814,2
1771108461153,-1.4141221523160283,0.8062976950219228,-1.7032442733260797,2
1771108461214,-3.995229081879279,-10.936068597106706,-2.6841601834301683,2
1771108461315,2.251908460154738,-0.5744274469345348,-3.1975191224390307,2
1771108461423,17.208968972359777,-9.51526716011264,-3.4694656655640275,2
1771108461523,-18.87881703573908,-1.8578244742915735,2.529580195908086,2
1771108461631,-2.0601144003832528,-8.46278623543245,-0.725190852814461,2
1771108461732,7.054389275744773,3.827290098114298,0.9694656315690913,2
1771108461841,-0.3664122214927983,-9.67938892190523,1.5791984330451279,2
1771108461951,-14.547710413216661,-2.8301527021748405,1.5925572158446148,2
1771108462057,6.658396678895413,3.8597326428982126,-1.963740431194373,2
1771108462157,14.828243357902009,-1.0448473345090543,-3.832060985249552,2
1771108462309,-5.079198459293697,1.08206108659334,0.15171755129046519,2
1771108462365,2.5553434560139627,5.878816816276729,0.06488549644433192,2
1771108462467,2.885496230915573,-2.2204197939770984,0.26049618454871964,2
1771108462575,-4.607824479669492,-2.6345418473177875,1.0877862792216915,2
1771108462673,0.07442747748814468,-10.741412474629573,-1.8425572939493027,2
1771108462783,-3.2299618806663566,-4.087786255982591,-1.7719465848662992,2
1771108462891,-2.482824349388175,-1.6641221236990102,0.9704198303404832,2
1771108462991,12.41984693956923,-4.424618315562239,1.2347327832943442,2
1771108463123,2.6793892962949144,3.8654580489699755,-1.3177480764054428,2
1771108463208,-0.09923663887422846,1.7280534413822701,-0.5276717604971828,2
1771108463317,8.94847330334924,4.607824479669492,-3.0085877657034272,2
1771108463425,-6.4131677013693915,-4.1030534363248625,2.8807251303369075,2
1771108463525,-4.584923709156085,-5.071564869122562,1.9704197158724106,2
1771108463634,-9.448473032671792,-1.745229019267325,3.817747896956967,2
1771108463736,-3.347328222825859,-2.1421754947229594,0.42557251863867196,2
1771108463842,-2.8940839131363947,-4.94465653924914,-0.08778626028763181,2
1771108463952,1.4093511584590688,-4.295801374702622,-2.4780534622529213,2
1771108464053,1.3082060886915232,3.816793804907281,1.469465574335055,2
1771108464159,12.674618118252582,3.7375952001600443,0.1393129806025832,2
1771108464267,16.142175386273824,3.0944656551287015,-1.7251908450680942,2
1771108464368,-0.31583968660902556,-9.683206143877621,-1.5534350662175456,2
1771108464476,-0.6746183179306883,-3.261450333400585,-2.6832060913804825,2
1771108464584,-5.843511568456933,-10.985686506332264,0.394083959182738,2
1771108464685,2.166030570729464,2.5467557737931408,0.5610687174959006,2
1771108464831,12.483778363974194,8.96087778065563,-3.1975191224390307,2
1771108464901,3.9818700856363805,-3.459923677850108,-0.834923658163681,2
1771108465009,9.974236235543634,-10.902671533386282,-1.3864503879456622,2
1771108465110,-8.36354956320769,4.36259550214347,3.0811068723292143,2
1771108465218,-10.96946566082713,-6.056297574312218,-0.9675572340263073,2
1771108465320,4.69465624770104,-2.4522899887036336,-2.6345418473177875,2
1771108465427,-9.774809225931246,7.089694523564569,1.0133587750531203,2
1771108465536,-0.4446564940665107,2.3282441484226815,-0.6631679326739851,2
1771108465636,4.9961830594608925,8.468511641504213,1.884542039890548,2
1771108465744,-7.667939192471495,3.243320663465844,0.8062976950219228,2
1771108465852,-15.180343024710751,-4.202290108549624,3.949427540852466,2
1771108465954,12.053434611354724,1.3082060886915232,-1.6326335642430763,2
1771108466119,5.249045627158051,-1.372137406374783,0.0696564903012916,2
1771108466169,7.7290079138405785,3.7003817682408764,0.8797710004191021,2
1771108466279,5.624999729643062,5.061068575915544,-0.3339694632654724,2
1771108466386,-11.315839921564109,0.6889312995015674,0.8597328262198713,2
1771108466494,5.314885235662389,-8.695610308765259,0.3139312890662417,2
1771108466603,18.57251890995715,-12.113549667560946,-1.2958015046634281,2
1771108466713,-4.247137130639928,-4.020992128541744,0.15076335251907325,2
1771108466834,-5.139313088613095,-7.455152332842564,-0.2824427562907342,2
1771108466929,13.700381050446975,-0.7938931109938276,-0.958015246312388,2
1771108467037,-3.327289941904923,8.056297772262896,1.0391221418807026,2
1771108467168,5.538167961611514,3.8854961164475004,4.394083954877697,2
1771108467238,7.208014744330346,-5.53339707447626,-1.1221374349918012,2
1771108467345,-4.596374094412789,4.497137422188027,-0.4427480965237268,2
1771108467454,7.022900823010545,-7.523854644382784,-0.9227098917708864,2
1771108467562,12.215649042821589,-7.259541691428923,-3.336831929618842,2
1771108467676,-3.0572517963227104,10.245229113505767,1.4427481154577866,2
1771108467782,-19.899809080798217,5.486641014512937,4.140267295130854,2
1771108467888,-17.88263394529272,5.294847168184863,1.8206106154855823,2
1771108467998,-3.2375954708374923,4.734732809542914,1.7862595664371783,2
1771108468113,-2.143129800216057,-2.6803433883446006,-1.622137377757765,2
1771108468205,8.811068680268802,13.064884882143355,1.3645038162036476,2
1771108468314,-5.876908205290534,6.0715647546544895,1.8234733185214638,2
1771108468422,-7.761450458624493,2.784351161148028,0.5085877850693441,2
1771108468523,7.998091753929693,4.666030498002694,-1.5505724699033696,2
1771108468631,-8.868320179665494,-0.9818702155971865,2.9246182738209368,2
1771108468738,-1.5133587178190842,-2.4131679457982695,2.1822518431214206,2
1771108468847,15.459923158006884,1.0076335824247689,1.1517174901832457,2
1771108468956,-14.797708997217468,-0.24045801034948894,1.8425572939493027,2
1771108469056,2.1898854332925564,-6.9646943777905195,-0.1288167941172719,2
1771108469164,15.400763474510818,3.6774809977274696,-1.9427480582237502,2
1771108469273,-8.318702541117386,-9.136450354591746,0.6459923547889302,2
1771108469383,-11.241412203952127,-2.278626025753712,4.160305362608378,2
1771108469489,16.513358601623583,-7.521946460283411,-2.9112594910214495,2
1771108469597,-3.736641108110358,6.171755518928936,0.7404579797958791,2
1771108469698,6.948473105398563,2.4923663371020948,0.6421755597033625,2
1771108469827,8.708969305008159,8.741411849792073,-0.23759541403531312,2
1771108469906,-15.186068430782516,0.9265266868564541,3.2003816120315007,2
1771108470015,11.248091275186752,-2.473282361674256,-0.05057251820850617,2
1771108470150,11.175572595447788,10.946564890313724,-0.5047709899837763,2
1771108470224,1.2127862115523296,-5.54484703284614,-0.8998091212574798,2
1771108470332,5.8005723035791785,-6.1488547484155305,-0.2786259612051664,2
1771108470442,-4.503816920309476,-0.7604961539951098,0.04961831943711423,2
1771108470549,15.323473053862955,-5.0935115475862816,-1.4456107117719623,2
1771108470660,8.40553388226211,-1.2146946090951134,-0.9160305003711428,2
1771108470766,-10.254770887776274,-6.082061047861506,0.8339694593922891,2
1771108470875,-1.9274808778814794,-6.89026708706536,0.4475190903806865,2
1771108470976,-4.9188930656998515,-3.193702327353463,-0.32538167432294496,2
1771108471125,9.386450646139846,5.823473074092585,-1.5639312527028568,2
1771108471191,12.107824261489183,3.861641253884408,-1.8740457466835307,2
1771108471293,2.080152681304189,0.678435113016256,-0.6555343425028496,2
1771108471400,7.004770939632393,-5.5734732094313095,-2.055343513247999,2
1771108471508,15.062976469107838,1.578244234273736,-3.8788166183260513,2
1771108471618,-4.783397053605608,1.776717578723259,0.05629770750180448,2
1771108471725,-3.370228993339266,-0.927480885627846,2.7099236569794565,2
1771108471836,18.721374345181115,4.4561067682964675,-0.7853053220513002,2
1771108471942,-1.0400763406520945,-0.9980915947108494,-0.9398854696559412,2
1771108472051,5.145992159847721,-0.4351145063525913,0.0515267169798981,2
1771108472154,4.849236662109946,-2.1984733289567897,-0.772900738023205,2
1771108472259,-9.251907872321642,0.32538167432294496,1.2242365968090327,2
1771108472368,18.133587048230034,-5.896946272768059,-1.931297672967047,2
1771108472476,1.66889311755597,-6.053434871276337,-0.45038166001443586,2
1771108472585,-11.570610246473816,-4.7996183259975655,0.9885496069969301,2
1771108472692,7.148855060834281,-9.481870096392216,-1.1307252239343286,2
1771108472793,-6.510496189494781,-3.085877759464468,0.2624045820915035,2
1771108472901,-7.222328259509754,3.115458028099324,0.743320576110055,2
1771108473009,9.827289838192685,-1.681297701584065,-1.9856868962146816,2
1771108473118,-18.80534298328996,2.8501907696523654,0.394083959182738,2
1771108473221,0.742366377338663,-5.455152561778709,-0.5935114223623736,2
1771108473326,24.51526672375202,7.910305040074812,-2.0162212568992235,2
1771108473427,-6.360687089107952,5.791984621358357,-0.6374045658464027,2
1771108473536,5.857824229862695,-9.807251770715162,-1.3225190702624023,2
1771108473644,8.934159788169833,1.7910305602941379,-0.678435113016256,2
1771108473752,-12.21374000494857,-3.58110702853859,1.885496131940234,2
1771108473861,1.0295801541667833,-2.6803433883446006,-1.2891221132636845,2
1771108473968,21.12595439531515,4.645992430525169,-3.7185112247322056,2
1771108474069,-5.897900791704568,-9.248091504122897,0.4885496108701134,2
1771108474182,9.976145273416652,7.047709777623324,-0.0028625954804124866,2
1771108474278,-12.06202272046237,1.1956106336672747,0.2767175636623826,2
1771108474385,-3.8912215225192637,-1.6335877630144682,0.29580151240979485,2
1771108474495,15.50381736870797,2.374999994942592,-2.562977046185098,2
1771108474603,-7.2948469392487185,-8.973282257962019,0.041984732601032033,2
1771108474712,-10.304388797001831,-5.846373844605992,0.38358777269742667,2
1771108474833,-7.187976676852822,-3.013358652838681,-0.08969465783041569,2
1771108474920,-12.121183257732081,2.729007632407295,2.3082060809451566,2
1771108475030,-7.333969409040905,-9.126908580321238,-1.1545800864974214,2
1771108475160,-7.43893148733743,-7.3616410666895655,3.4064885466521595,2
1771108475245,-7.59160329076014,-9.789121887337009,-0.7919847134510437,2
1771108475356,-6.343511297779486,0.9446564635129009,-1.0238549615384318,2
1771108475454,5.459923448913963,-0.8234732729069777,-1.1631678754399488,2
1771108475562,-17.223281633765538,-12.301526718803451,0.7280534491286368,2
1771108475671,-4.027671626663193,-3.8912215225192637,-1.08206108659334,2
1771108475772,12.596374032441854,1.916030492624776,0.927480885627846,2
1771108475872,-18.03148767296939,-4.223282268076835,2.912213796514547,2
1771108475980,-2.1078243389528497,3.908396886960907,1.002862588567809,2
1771108476116,-2.128816711923472,-9.66698444459884,-0.32061068046598523,2
1771108476187,2.778625968519676,0.5372137482111022,0.6421755597033625,2
1771108476298,-0.37499998375489924,-6.588740275305508,-0.8587786274484794,2
1771108476399,-1.6354961605572522,1.6450381482711716,-0.05343511452268198,2
1771108476505,-7.629771241615817,3.2051527126101664,0.8597328262198713,2
1771108476605,14.249045877605868,-2.1545801854727604,-0.2690839734912471,2
1771108476714,-0.09064885660180763,-8.91698442372819,0.5524809285533732,2
1771108476836,-0.37977097761185896,-1.6793893040412813,-0.19751907897706497,2
1771108476922,-9.73664127507557,-5.0505722827085275,0.664122131445377,2
1771108477031,6.791030414840598,0.2862595246958755,-1.5362594883324907,2
1771108477145,0.1822519119750072,-1.1793892545536118,1.3263358653479702,2
1771108477248,5.6755725846919525,-4.849236662109946,-3.1879771347251116,2
1771108477348,-17.738549397204007,-7.358778363653684,-0.9131679040569669,2
1771108477456,-8.929388901034578,-0.9828244143685784,-3.8311068931998657,2
1771108477566,-0.3196564816945933,-4.569656528813814,-1.8148854228572306,2
1771108477673,0.20324427160541658,4.408397043170282,-3.2280534831235728,2
1771108477782,-6.299618367738868,-4.702289837872176,-0.7986641048507873,2
1771108477883,5.861641024948263,4.249999833675809,-3.34064872470441,2
1771108477990,22.70229033876781,8.943702416213986,-3.8645039569202893,2
1771108478117,5.454198469729023,5.4522898587428275,2.4761450647101375,2
1771108478207,-10.07824379490365,0.18511449494896978,1.9522900459376697,2
1771108478316,-14.645037193794758,1.04770993082323,0.6688931253023367,2
1771108478424,-1.8053434351433113,-9.367366243825185,0.03435114576494984,2
1771108478533,1.6087785949582778,1.9265267858317932,-0.04770992189433035,2
1771108478640,14.340648105885847,-4.845419867024378,-0.5906488260481978,2
1771108478750,9.312022928527863,3.103053337349523,-0.7824427257371244,2
1771108478858,-10.08110649793953,-7.703244440291291,1.6326335642430763,2
1771108478965,-12.043892837084217,-8.040076072984116,1.3778625990031348,2
1771108479074,7.323473115833888,3.3148854645985333,-0.9322518794848057,2
1771108479223,1.08206108659334,0.6125953977902123,-0.3645038239500144,2
1771108479291,-3.627862661615089,-1.5715648428739923,0.6574427400456334,2
1771108479400,-10.324427718253004,5.211831768352059,0.17843511688943944,2
1771108479508,6.620228728039736,5.691793857083909,0.8148854839644503,2
1771108479617,-0.7509541662811904,1.2166030066378972,1.7662213922379475,2
1771108479726,-7.11164120202829,4.747137286849303,1.1917938385817068,2
1771108479852,-13.815839421950516,-4.003816764100101,-1.1020992607925706,2
1771108479942,16.64408329969575,2.503816722358798,-0.48187021947036984,2
1771108480050,1.9732824189082923,7.153625947969535,-2.34732812385052,2
1771108480159,5.659350885413172,-4.63931293240372,0.15076335251907325,2
1771108480259,3.395038161395456,1.995228883928601,-0.34351145097939173,2
1771108480367,-12.758587610135072,-2.982824292154139,1.8759541442263146,2
1771108480476,-7.468511329085462,4.858778436380454,0.2566793894631519,2
1771108480584,20.775763766379427,4.980915879118622,-2.6488549356103723,2
1771108480685,-8.886450063043647,7.424617972158022,3.58683200772353,2
1771108480793,-12.817748147404783,-2.3578244170575373,1.3940839781167977,2
1771108480901,9.954198168066108,-0.8110686888788825,-0.6135495965616043,2
1771108481002,-4.544847147314212,-6.331106820473096,0.2881679222386594,2
1771108481140,13.037213224494694,-1.9866412017077795,-0.7519083650525824,2
1771108481219,15.59160237501556,-0.14026717937397515,-2.6030533945835597,2
1771108481327,3.7786258540516036,8.47423619380233,-0.7089694737007981,2
1771108481438,-16.697519284667344,-1.8625953614268276,3.2299618806663566,2
1771108481544,-11.355916056519158,9.878816785291262,0.3759541825262912,2
1771108481652,24.31583886036599,-1.3511450334041606,-2.068702296047486,2
1771108481753,-5.671755789606385,-3.591602894858784,1.4341603265152592,2
1771108481861,-12.743320429792801,4.943702020312631,1.6631679249276183,2
1771108481962,19.533396752583712,-4.806297824119015,-0.26049618454871964,2
1771108482069,3.6526716162278676,2.612595382297479,-0.9360686745703735,2
1771108482179,-12.005724886228538,-5.027671512195121,2.2948472981456693,2
1771108482278,13.205152208259676,3.958969315122974,-0.8291984655353293,2
1771108482387,19.47328255015114,3.132633605984379,-1.839694590913421,2
1771108482495,-15.269084257502143,1.9351144680526147,-0.6603053363598093,2
1771108482605,-16.432251812776975,-0.5085877850693441,0.24332060666366476,2
1771108482712,4.009541743285041,-5.774809256916714,0.32824427063712075,2
1771108482847,8.526717659837416,7.650762974256206,-0.0019083969174613804,2
1771108482921,-10.679389234323981,-4.413167930305536,1.9608777281584913,2
1771108483029,3.274809116200072,0.5438931396108457,-1.9961831894216988,2
1771108483149,18.70133627770359,4.371183184364291,-1.7003816770119038,2
1771108483254,-7.540076343661564,1.9694656238227246,-0.5467557359250216,2
1771108483362,-20.16316751481557,-2.351144918936088,3.2366411653443947,2
1771108483471,16.863549230559308,9.642175489986062,-3.5725191328743566,2
1771108483579,22.470419076824218,11.485687089428462,-5.938931018709304,2
1771108483688,2.8463739745667977,-6.561068617656847,-2.133587812502138,2
1771108483796,8.401717514063366,3.867366233069348,-2.4198472304763077,2
1771108483899,16.382633903551415,1.3864503879456622,-3.342557122247194,2
1771108484005,2.216602998891531,1.4408397179150028,-0.8463740434203842,2
1771108484139,-0.15839694269020876,-1.281488523092549,0.40744274198222513,2
1771108484213,19.06297601123555,-3.6545802272140633,-3.7223280198177733,2
1771108484322,1.8387404988637348,-5.390267045324057,-1.4627862896570172,2
1771108484430,-25.275762184056045,0.3988549530396977,2.2614504478686572,2
1771108484539,2.542938978707573,1.5267175006185711,0.08015267011649631,2
1771108484641,-2.83969468988876,5.977098969564982,0.7070610761580142,2
1771108484747,-18.854960892515518,-1.8511449761701242,1.790076361522746,2
1771108484858,0.5601145187245087,-8.312022616109113,1.0104961787389446,2
1771108484964,9.47041928424869,6.518129779665916,-1.145038098783502,2
1771108485075,-15.74618321631129,0.32729007186572884,2.2404580748980347,2
1771108485190,16.735686381749375,2.3215648637446438,-0.4198473260103203,2
1771108485291,20.2108780937154,7.142175562712832,-3.5295800814400136,2
1771108485397,-15.84923711050844,-5.392175656310252,-0.09828244010283652,2
1771108485498,12.622137505991143,-2.5391221836220055,-2.402671652591253,2
1771108485607,14.389313203722187,-4.900763182321699,-2.12977101741657,2
1771108485716,-13.437022616429623,0.9255724880850621,2.9112594910214495,2
1771108485842,-15.758586839844032,-1.6307251667002924,2.6326334497750037,2
1771108485932,-16.39503752708416,-0.0954198437886607,1.5687022465598166,2
1771108486042,-18.22709916815668,-5.67938937977752,3.1020992452998373,2
1771108486155,25.39789962679421,-1.9322519784601446,-2.0458015255340793,2
1771108486258,5.630725135714825,3.5906488028090977,-0.30820609643789004,2
1771108486358,-3.4818701428704166,-0.21469465686211986,0.11545801131778478,2
1771108486466,23.687022617070642,9.637404602850808,-1.1383588141054641,2
1771108486566,-19.16507538649619,2.3091601729948428,1.9837784986718978,2
1771108486675,-5.617366139471927,-5.635496022850079,0.07347327871675274,2
1771108486782,2.2614504478686572,-1.6927480868407685,-1.6402671544142118,2
1771108486883,-4.200381497563428,1.3530534309469444,0.834923658163681,2
1771108486991,16.792938734919716,4.386450364706562,-0.8568702299056955,2
1771108487132,1.3244274678051862,-5.652671814178546,-1.8816793368546663,2
1771108487209,-8.3511450859013,0.5200381703260473,1.9914120888430333,2
1771108487317,14.650762599866521,0.6202289879613478,-0.87881680164771,2
1771108487426,-13.842557414436314,-0.3416030534366079,2.656488525781508,2
1771108487533,-12.448473116154398,-11.478053499257326,2.5219466057369506,2
1771108487643,24.119274553789484,1.887404529483018,-2.1087786444459473,2
1771108487750,4.463740358467603,1.6708015150987539,-1.3110686850056992,2
1771108487852,11.82728960925654,4.973282288947487,-1.1402671049265423,2
1771108487960,-0.725190852814461,2.3435113287649525,0.4914122071842892,2
1771108488059,4.3015267807743855,4.841603071938811,-0.9236640905422783,2
1771108488163,-5.417938702972718,6.216602967906064,0.5028625924409924,2
1771108488268,-3.539122069153933,-11.303434590484073,0.39599235672552185,2
1771108488376,1.7337786340106218,-0.1393129806025832,-1.5887404207590472,2
1771108488484,-11.805343357679645,-7.994274531957303,1.29675570343482,2
1771108488593,8.539122137143805,4.59255729932722,-1.3215648714910104,2
1771108488701,-1.1841602484105713,-3.756679175587883,-0.6927480945871352,2
1771108488810,3.784351260123367,-0.8167938815072341,-1.2624045476647103,2
1771108488918,-7.5286255315180375,-0.041984732601032033,-0.10782442781675589,2
1771108489027,-6.572519002913551,-4.387404456756248,1.499045736248205,2
1771108489129,4.898854998222327,-8.675572241287735,-0.8578244286770874,2
1771108489235,-7.157442743055102,0.6851145044159996,1.343511443233025,2
1771108489337,12.390267097821196,0.5639313138100764,-1.3368320518332815,2
1771108489444,1.9322519784601446,7.4465650775085654,0.5104961826121279,2
1771108489552,7.268129800536567,6.093511433118209,2.241412166947721,2
1771108489660,-7.967557393245151,-11.37404593989731,2.22614498660545,2
1771108489761,1.3769084002317429,-1.0333969492523511,-1.4551526994858817,2
1771108489871,-20.814885382397968,-2.2729008331253606,0.6125953977902123,2
1771108489978,-5.978053488501491,-8.527671325000279,-2.1822518431214206,2
1771108490087,3.9895036758075157,-2.7204197367430623,-1.064885508708285,2
1771108490195,6.444656580990443,1.8416029884562048,0.1106870241309317,2
1771108490295,11.070610517151264,-0.9389312708845493,-3.2356870732947085,2
1771108490403,-9.914122033111058,0.20896946423376822,2.2748092306681444,2
1771108490504,1.192748037353099,-4.638358840354034,-1.4656488859711931,2
1771108490616,-0.8511450372773439,2.2853053104317502,3.5009541182982553,2
1771108490721,17.52099250421347,6.2576336217976225,-0.2566793894631519,2
1771108490859,12.486641067010076,3.2528626511797634,-2.713740452065024,2
1771108490938,-0.9379770721131573,-0.9208014942281024,-1.1975190312100585,2
1771108491047,4.5944654834265926,-2.731870121999765,-0.394083959182738,2
1771108491180,-5.084923438478637,-1.897900822690035,0.3711831886693315,2
1771108491254,1.8511449761701242,0.324427475551553,-2.6249998596038684,2
1771108491365,-0.5772900432487107,-2.72423653182863,0.015267175339691044,2
1771108491471,2.9332059560417583,-1.002862588567809,-0.9990457934822413,2
1771108491580,-0.40458014566804934,3.459923677850108,2.178435048035853,2
1771108491688,16.15458071735386,0.5629771150386845,-2.520992300243853,2
1771108491798,-7.071564640186416,0.8320610618495051,3.11354963055654,2
1771108491899,7.6087786552017835,3.5896947107594115,-0.18988548880592948,2
1771108492005,-4.074427259739693,0.15076335251907325,1.6774809064984975,2
1771108492105,4.878816930744802,5.308206164427762,-1.3816793940887024,2
1771108492226,-14.553434111741131,-8.111641087560217,1.9914120888430333,2
1771108492331,-4.337786120643868,1.5954198121587908,0.7480915699670146,2
1771108492438,8.14122092930825,1.4589694945714495,-0.8940839819899811,2
1771108492547,13.380724782195792,4.875000135659234,-0.4017175493538735,2
1771108492656,9.388358830239218,4.9723281968978,0.6173663916471721,2
1771108492756,-4.148854977351675,0.6669847277595529,0.5772900432487107,2
1771108492865,14.885495711072348,11.197518847024686,-1.7662213922379475,2
1771108492972,-6.416030404405273,-2.0305343451918083,2.3282441484226815,2
1771108493109,-12.360687256073163,-2.2003817264995735,3.564885542703221,2
1771108493189,-7.374045543995955,0.9828244143685784,2.8043892286255527,2
1771108493291,-2.708969351486359,-6.003816535163955,-0.41889312723892835,2
1771108493398,-4.686068565480219,5.275763192757025,0.3625954264072305,2
1771108493506,5.7290077158899,-2.32251895579433,-0.08874045905902375,2
1771108493607,-1.1488548938690697,0.3225190780087691,0.7719465392518131,2
1771108493715,-0.5916030248195897,-0.5066793875265602,-0.16412213531856037,2
1771108493816,8.843511225052715,0.37213738744072344,-0.943702264741509,2
1771108493924,-12.180342941228146,-1.7070610684116474,1.7213740499825265,2
1771108494032,2.533396990993654,0.10973282535953977,0.07538167625953662,2
1771108494133,-6.673663859237684,1.4790075620489744,0.16030534023299262,2
1771108494240,-2.8454198825171115,7.273855206608331,1.359732822346688,2
1771108494349,2.058206002840469,-1.789122162751354,0.8120228876502744,2
1771108494451,2.981870200104453,3.5276716838972297,1.8740457466835307,2
1771108494557,-11.903625510967895,-3.165076364211705,-1.268129740293062,2
1771108494665,-6.157442857523175,-5.829198480164348,-0.8482824409631681,2
1771108494769,-8.538167618207297,0.8759542053335343,0.15839694269020876,2
1771108494874,6.016221439357168,-11.761450000752204,-3.7261448149033414,2
1771108494975,-15.159350438296718,-8.679389463260126,0.9856870106827542,2
1771108495121,0.4465648916092946,-5.606870273151733,0.5839694346484543,2
1771108495183,-1.2318701869801683,-10.083015535812548,-1.0238549615384318,2
1771108495294,-3.6765264787909606,0.9685114327976994,2.0391220274126303,2
1771108495401,12.954198251548714,-5.614503863322868,-0.8444656458776003,2
1771108495509,5.15935115609062,3.8711830281549156,0.6841603056446077,2
1771108495618,4.8883587050153094,1.3234732690337943,-0.16889312917552007,2
1771108495726,-3.5419847721898146,0.3969465554969138,1.836832101320951,2
1771108495860,12.00954210820093,1.3854961891742703,-0.4141221333819687,2
1771108495943,4.19083972329292,1.4236641400299477,2.6192746669755165,2
1771108496050,18.26717530311173,2.794847240911633,0.7061068773866223,2
1771108496156,-6.52290066680117,2.5085878229374634,-0.007633587669845522,2
1771108496259,-8.631678884360294,0.24332060666366476,0.5162213752404796,2
1771108496361,8.221374052991996,2.320610558251546,-0.84923663973456,2
1771108496468,5.139313088613095,-7.796755706444289,0.6221373855041318,2
1771108496577,-20.368320784273365,-3.943702134780703,3.740457903195926,2
1771108496686,-14.167939088759258,-2.890267118050827,1.2318701869801683,2
1771108496793,1.9341603760029287,0.6984732872154867,-1.9389312631381825,2
1771108496903,29.186067682003145,-1.065839707479677,-4.404580248084715,2
1771108497010,5.630725135714825,-4.783397053605608,1.4465649105433542,2
1771108497118,-0.7833969245085163,-3.03244262826652,-1.23759537960852,2
1771108497227,-9.491411870662724,-0.3645038239500144,-1.049618328366014,2
1771108497336,-12.434160454748637,0.525763362954399,2.332060943508249,2
1771108497444,12.097327968282166,5.490457809598505,-2.9217557842284667,2
1771108497545,-9.416985006824387,-6.077290160726252,1.1965648324386666,2
1771108497652,-6.885496199930106,-6.379771064535791,0.895992326171912,2
1771108497753,0.7490457687384066,-0.8740458077907504,-0.14503815989072164,2
1771108497861,-20.393129738886145,-5.311068440576821,0.9599236438551719,2
1771108497969,3.402671751566592,1.375954201460351,-1.4017175682879333,2
1771108498141,9.490458205499861,3.5610687476176532,-1.162213676668557,2
1771108498186,-4.902671793307895,2.1116411340384174,0.3807251763832509,2
1771108498295,-2.7604960851415234,-3.413167831330197,-0.23473281772113733,2
1771108498395,-16.975190380090456,-10.423663536704119,2.473282361674256,2
1771108498503,15.161259476169736,1.7709923860949073,-1.7671755910093396,2
1771108498604,4.7872138486911755,6.106870002474285,-1.7423664229531493,2
1771108498713,0.1622137377757765,3.8645039569202893,0.6221373855041318,2
1771108498822,-4.556297532570915,-4.518129581715238,-0.05820610504458836,2
1771108498929,-7.721374323669443,1.8740457466835307,2.706106861893889,2
1771108499037,16.014312537463894,-2.550572568878709,0.15171755129046519,2
1771108499139,-6.761450146205743,-5.199427291045669,-1.0715649001080285,2
1771108499247,-2.6517174252028424,2.661259412916762,-0.5801526395628865,2
1771108499347,-8.308206247910368,8.666984985953736,1.388358785488446,2
1771108499454,0.24141220912088088,-4.283396897396233,-0.046755723122938415,2
1771108499567,18.753816036191385,-0.9188930966853186,-2.374999994942592,2
1771108499671,-8.661259579881973,1.82156492097868,1.23759537960852,2
1771108499781,4.006679467135982,2.1049618493603797,-0.30438930135232234,2
1771108499889,4.616412161890313,-1.6517175396709152,-1.3559160272611201,2
1771108499997,-19.251907581414564,-7.717557101697053,-0.9179388979139266,2
1771108500097,6.542938734278695,1.4227099412585558,-0.3291984694085127,2
1771108500206,-2.3893128697917656,3.2070611101529503,1.7557252057526362,2
1771108500306,9.2127862563031,6.541030550179323,-0.012404579859278557,2
1771108500414,-9.283396751942693,0.6221373855041318,1.139313012876856,2
1771108500522,-11.267175677501415,-3.876908434226679,0.2290076250927857,2
1771108500630,14.400762308318422,7.706107143327173,-0.9961831971680655,2
1771108500732,-11.624999896608273,-7.939885735596492,0.8874045905902375,2
1771108500875,-8.536259434107924,-3.3148854645985333,1.4923663448484614,2
1771108500940,-13.116411829241931,3.3568702105397787,2.0496183206196474,2
1771108501049,3.89217561456895,1.002862588567809,-3.2996182842562622,2
1771108501158,-10.475190483802695,4.135495981108777,5.133587682541331,2
1771108501265,-5.18702281373928,2.2375953718621533,-0.8654580188482229,2
1771108501374,-2.087786271475325,-0.0696564903012916,1.3692748100606074,2
1771108501482,-7.492366618535378,-1.4770991645061904,-1.4770991645061904,2
1771108501591,-11.156488193133127,-5.010496147753478,1.6889312917552006,2
1771108501698,16.123091837732808,-3.80152662456501,-0.8501908385059519,2
1771108501800,-10.294847022731323,-2.370228894363927,1.0706107013366366,2
1771108501900,10.043893066020361,6.941793607277113,0.8368320557064648,2
1771108502008,-6.375954269450223,-0.11736640886056866,2.9112594910214495,2
1771108502133,-16.05820504061769,-4.153625864486929,3.6860686799482916,2
1771108502224,13.871182737247837,-0.8874045905902375,-2.4809159518453914,2
1771108502326,-14.808205290424485,2.3263357508798976,0.42748091618145584,2
1771108502433,17.544846939889737,4.991412172325639,-0.4446564940665107,2
1771108502541,12.933205665134679,0.08396946520206407,-2.4112595482554857,2
1771108502650,-3.0543893067302403,8.279580071325197,1.1727098631538682,2
1771108502757,25.116412163172352,1.1555342852688133,0.018129769986340204,2
1771108502863,-0.5381679469824941,-1.7003816770119038,2.3387404416296986,2
1771108502966,-7.194656601861094,2.5391221836220055,2.5677481467637637,2
1771108503077,7.9265267393535925,0.9723282278832671,0.02576335848994905,2
1771108503177,19.68893040526866,5.335877822076423,-1.3988549719737573,2
1771108503284,9.40267149164498,3.970419700379677,-2.291984595109788,2
1771108503392,0.007633587669845522,3.21660309786687,1.002862588567809,2
1771108503500,-7.515267389048785,-0.6822519081018238,0.9904580045397139,2
1771108503608,11.457060912843293,1.8406488964065186,-0.4761450268420182,2
1771108503718,-3.7738549669163497,1.995228883928601,0.7404579797958791,2
1771108503826,-4.682251770394651,3.536259579561463,-0.632633571989443,2
1771108503936,-11.974236860381135,0.18320611074639914,1.049618328366014,2
1771108504043,-2.439885511397244,4.438931403854824,-0.3139312890662417,2
1771108504151,-7.84064906337173,-10.008587818200565,2.6517174252028424,2
1771108504261,8.872137401637886,-2.304389285859589,-2.562022954135412,2
1771108504360,-7.424617972158022,-0.6307251744466592,-1.653625937213699,2
1771108504468,7.626908538579936,0.7490457687384066,-0.4656488403567069,2
1771108504576,1.2089694164667617,2.2156489068418446,0.7089694737007981,2
1771108504687,-10.451336048126425,3.33778623511194,1.2786259267783733,2
1771108504786,15.723281592024236,3.083015269871998,-3.187022829232014,2
1771108504893,-0.041030533829640094,-1.3339694555191057,0.8206106765928018,2
1771108505002,8.229007643163131,5.611641160286987,-2.7080152594366727,2
1771108505132,-9.351144544546404,3.152671673461904,1.5066793264193405,2
1771108505219,-13.697519201184738,0.12786259534587996,-0.15553434637603294,2
1771108505327,-7.090648615614255,-3.110686927520659,0.818702279050018,2
1771108505436,13.911259725976533,-0.11450381254639284,-0.23282442017835345,2
1771108505544,-14.059159788490343,0.8358778569350729,0.448473262471652,2
1771108505645,3.5906488028090977,-1.5715648428739923,-0.7070610761580142,2
1771108505754,3.101144939806739,-1.6755725089557134,-3.427480919622782,2
1771108505865,-9.700381508319264,-3.704198563326444,-0.9770992217402268,2
1771108505963,12.360687256073163,8.569656497828348,1.7500000131242845,2
1771108506070,-8.166030737694674,7.365458288661957,2.13263350700904,2
1771108506180,-9.352099063482912,5.025763328095748,0.21469465686211986,2
1771108506279,18.49904485750803,4.1030534363248625,-1.992366394336131,2
1771108506381,-6.002862443114269,3.2480915506010977,-0.14026717937397515,2
1771108506487,5.045801395573274,-2.0448472200409817,-0.6249999818183075,2
1771108506596,-13.94465593592331,1.9141220950819922,3.4284350116724682,2
1771108506703,-13.041030446467087,-1.8769084497194124,3.4332061122511335,2
1771108506813,18.987594628460702,5.570610506395427,-0.39503815795412994,2
1771108506920,5.249999719207737,4.098282549189609,-0.6421755597033625,2
1771108507031,-17.586832112717808,-0.7013358835296626,2.2328244847268994,2
1771108507173,3.473282460649595,0.2881679222386594,-0.5372137482111022,2
1771108507249,-3.7786258540516036,2.0181296544420078,1.2194656029520732,2
1771108507355,-14.70706043410035,3.2022900095742846,5.413167815837464,2
1771108507463,0.8387404532492487,-4.213740493806327,3.9570611310236017,2
1771108507571,5.018129737924613,-18.098281800410238,-2.522900697786637,2
1771108507680,-14.509541608587337,-5.065839463050798,-0.27099237103403095,2
1771108507789,-8.882633694844902,-5.556297418102843,1.8730916546338445,2
1771108507899,3.6202290714439536,-1.083015285364732,-0.14312976234793776,2
1771108508004,-5.356869981603634,-4.280534194360351,3.6507634321284956,2
1771108508148,-5.3091602564774485,-0.4427480965237268,0.7080152749294062,2
1771108508214,-12.639312870432786,-2.125954222331002,3.1727099543828405,2
1771108508315,-4.806297824119015,-2.49713743768076,1.6345419617858603,2
1771108508422,13.33874046314137,-5.461832059900158,-1.8005725480080574,2
1771108508533,-10.951335777448977,-8.437977280819672,2.376908392485376,2
1771108508639,-14.292938380759661,2.339694533679385,2.958015124097949,2
1771108508747,2.4923663371020948,-12.068701791696995,0.7089694737007981,2
1771108508868,8.504770554486873,0.4770992256134101,-1.5811068305879117,2
1771108508965,-10.459923303460423,-13.16984696043988,1.2414121746940876,2
1771108509065,4.8530534571955135,1.5858778244448715,2.2318701792338014,2
1771108509177,1.0734732976508126,-8.231870346199013,-3.8692748440555436,2
1771108509281,7.543892711860308,4.3015267807743855,0.8683206151623988,2
1771108509392,12.61545758098287,3.1574427740405695,0.15553434637603294,2
1771108509499,5.617366139471927,7.327290337806279,2.291984595109788,2
1771108509607,4.428435110647807,3.547709964818166,0.4456106928379026,2
1771108509709,2.9437022492487754,-5.030534215231002,1.562977053931465,2
1771108509816,4.052481008162795,-3.6774809977274696,1.1402671049265423,2
1771108509924,9.422709559122504,-3.4837785404132005,-2.7423664152067824,2
1771108510033,-3.7891221472586207,-4.677480883259397,-2.2280533841482337,2
1771108510139,6.620228728039736,-8.40553388226211,1.8034350376005275,2
1771108510241,9.231869804844116,1.1059160558781382,-1.0849236829075157,2
1771108510349,-0.989503805768322,-0.239503811578097,1.7585878020668122,2
1771108510493,7.252862620194296,-2.2748092306681444,-3.55248085195342,2
1771108510591,7.335877593140277,10.633587693297168,0.6927480945871352,2
1771108510702,13.441793503564876,2.1421754947229594,1.2127862115523296,2
1771108510800,-0.33874045712243206,-8.251908413676537,-2.7757632654837945,2
1771108510908,-7.734732466138696,-7.323473115833888,-1.5534350662175456,2
1771108511016,-1.5562976625317213,2.0639311954688204,-1.0896946767644753,2
1771108511140,4.993320356425011,0.7566793589095421,-3.124045710320146,2
1771108511234,3.2872135935064613,-3.047709808608791,1.5410304821894503,2
1771108511342,2.549618263385611,15.009542191683536,0.664122131445377,2
1771108511443,-5.556297418102843,3.3282442473980205,0.880725199190494,2
1771108511550,10.621183215990778,-0.8769084041049262,-0.7032442810724464,2
1771108511651,-8.914121720692307,-7.61545772643641,0.634541969532227,2
1771108511760,4.125000114788583,-0.29484731363840294,0.27385496734820675,2
1771108511870,7.984732757686795,2.7853052531977136,-0.3578244325502708,2
1771108511978,-1.1975190312100585,-2.639312947896453,2.7595419930918372,2
1771108512144,5.772900645930519,3.644083934007046,-0.7022900823010545,2
1771108512191,-5.9933206688437615,-2.337786136136601,-0.32633587309433687,2
1771108512293,0.2891221210100513,-5.903625770889508,1.7414122241817571,2
1771108512401,-6.470419627652907,-2.688931284008834,0.6583969388170254,2
1771108512509,-16.651717743640532,-6.888358476079165,0.34351145097939173,2
1771108512619,6.808206206169065,-4.38358766167068,0.043893130143815906,2
1771108512725,4.066793669568557,-3.359732700132249,-0.9255724880850621,2
1771108512825,9.743320346310195,6.450381560175383,-0.8816793979618859,2
1771108512936,6.222327947091004,1.0534351234515817,-1.5982824084729665,2
1771108513042,-9.061068971816901,2.488549542016527,-0.1727099242610878,2
1771108513143,7.556297189166698,-5.333969211090227,-0.8358778569350729,2
1771108513251,8.01717530247071,-4.906488588393462,-1.775763379951867,2
1771108513360,-7.3606865477530565,-9.202289963096085,-0.08874045905902375,2
1771108513472,8.828244044710445,-8.345419679829536,0.14790075620489743,2
1771108513577,1.8587785663412597,7.370229175797211,0.9589694450837799,2
1771108513685,-1.252862559950791,6.968511172876087,1.4666029780208791,2
1771108513798,21.870228156340392,0.05248091575129004,-4.9188930656998515,2
1771108513894,-6.531488349021991,-4.989503561339443,1.5009541337909889,2
1771108514005,-5.718511422682884,0.973282426654659,1.1956106336672747,2
1771108514140,-3.4045801491093757,0.8416030495634245,-2.3253816588302114,2
1771108514213,-16.499045940217822,-16.462786173461517,-1.5419846809608422,2
1771108514320,13.274809038736405,-2.7108777490291427,-1.8750000521766286,2
1771108514428,-3.64312984195736,-2.022900755020673,-1.2175572054092894,2
1771108514536,-11.37022871792492,-4.761450375141887,0.16030534023299262,2
1771108514644,18.953243899577416,-2.7853052531977136,-2.4370228083613625,2
1771108514745,-1.4389313203722187,8.314885319144993,-0.2232824458046473,2
1771108514877,-6.110686797559853,7.470419513184835,-0.2862595246958755,2
1771108514962,7.942747584858727,4.504771012359162,-2.6641221159526434,2
1771108515070,-0.061068701358764174,7.171755831347688,0.8797710004191021,2
1771108515189,-15.533397210456004,-10.994274615439908,-1.6078243961868859,2
1771108515278,-16.327290588254094,-10.895037943215147,0.8435114471062084,2
1771108515387,-14.321564557344832,-6.166030539743996,2.4332060132757944,2
1771108515495,9.08492340749317,-5.838740254434856,-1.050572527137406,2
1771108515605,-13.21469483630383,0.6755725167020803,2.9837785976472366,2
1771108515706,15.122137860151195,3.151717581412218,-0.8778626028763181,2
1771108515812,11.291984632114193,0.5362595494397102,-0.2318702214069615,2
1771108515920,-17.13454210852144,4.102099344275176,2.442748000989714,2
1771108516022,18.09064906401275,1.4103053572304607,-2.1145038370742992,2
1771108516133,-11.610687235202512,-6.503816691373331,3.0963740526714854,2
1771108516238,0.061068701358764174,5.9923661499072525,1.966602920786843,2
1771108516346,10.757633320134708,7.2958014581852275,1.2041984226098021,2
1771108516454,-3.9112595899967886,8.906488130521172,0.2290076250927857,2
1771108516563,-12.497137360217092,0.8740458077907504,1.0410305394234867,2
1771108516671,14.585877510298692,7.044847074587443,-0.18416029617757784,2
1771108516780,-4.36164098320696,6.6784351732597615,-0.3444656497507837,2
1771108516901,-9.276717680708067,6.8702290195878355,0.37213738744072344,2
1771108516996,17.958015328067564,-0.5229007666402231,0.1669847316327362,2
1771108517097,-15.281487881034886,1.913168003032306,1.145992297554894,2
1771108517204,11.373091420960803,7.730916097939951,-0.5343511518969264,2
1771108517305,12.122136922894944,-6.608778342783032,-0.70992367247219,2
1771108517413,-13.034350521458814,0.29293891609561906,1.2948473058920362,2
1771108517522,-0.7347327871675275,-4.6011449815480425,-0.8750000065621423,2
1771108517631,10.382633736586206,-3.729007517939223,-1.5477098735891939,2
1771108517743,-12.624045690090515,0.1030534339597962,0.27099237103403095,2
1771108517880,1.5887404207590472,2.782442763605244,1.4456107117719623,2
1771108517958,16.56297651084914,4.75763358005632,-1.5858778244448715,2
1771108518065,-3.2471374585514114,7.844465431570474,2.207061011177611,2
1771108518174,-4.584923709156085,10.70419818893676,2.320610558251546,2
1771108518283,23.470420243016612,6.9656488967270285,-3.36259540316813,2
1771108518390,-9.632633715715555,7.53530545652631,3.141221288205201,2
1771108518500,-10.279579842389053,10.283397064361443,3.180343544553976,2
1771108518607,10.883587984845267,2.395038062420117,-0.027671756032732926,2
1771108518707,-19.228053145738293,-14.697518659829843,-0.5076335862979521,2
1771108518815,-0.8072518937933147,8.682252166296006,-0.6965648896727029,2
1771108518924,12.775762974576715,10.775763203512861,-2.5562977615070603,2
1771108519034,-2.810114421253904,7.52290097921992,-0.409351139525009,2
1771108519144,20.296755769697263,11.770038109859849,-2.012404461813656,2
1771108519248,9.535305227590165,13.329198688870862,2.8683206530305183,2
1771108519349,-13.580152645581824,3.786259444222739,-0.42748091618145584,2
1771108519457,1.6946564843835523,0.005725190960824973,-0.8730916090193585,2
1771108519559,8.202289650677333,-6.874999906723089,-4.574427415949068,2
1771108519666,-19.193702416855007,-8.103052978452572,0.7986641048507873,2
1771108519774,-5.876908205290534,-10.376908330514443,-0.309160295209282,2
1771108519883,10.836831924881945,1.2251907955804247,-2.915076286107017,2
1771108519991,-11.320610808699362,-7.154580040019221,0.09732824133144458,2
1771108520100,5.691793857083909,8.673664057188363,-0.7519083650525824,2
1771108520210,24.237595628328908,0.2557251906917599,-3.8492367765780187,2
1771108520310,-10.225191046028241,-1.9809160090794278,1.5124045190476922,2
1771108520417,-6.209923469784615,-2.1020991463244982,-0.23854961280670506,2
1771108520529,-3.8511449606773906,1.5133587178190842,-0.3425572522079998,2
1771108520633,-7.4456105585720564,4.912213567578402,0.1956106814342811,2
1771108520741,9.895037630796397,7.931297626488846,0.8091602913360987,2
1771108520879,-22.124999335023748,0.30343510258093037,5.880725000376102,2
1771108520958,-2.9484731363840293,3.6001905770796054,1.7232824475253103,2
1771108521066,-4.945610631298826,6.6774806543232526,1.1870228447247473,2
1771108521170,11.982824115715133,8.748091774800345,-0.07824427257371244,2
1771108521275,-2.9131678885642334,9.239503395015253,1.2480915660938312,2
1771108521376,-2.8625954604021664,-2.0944655561533625,0.18893129003453754,2
1771108521484,7.135496064591382,5.572519117381623,1.3330152567477136,2
1771108521593,3.296755581220381,-0.7938931109938276,0.5830152358770623,2
1771108521701,2.7757632654837945,11.147900937799127,1.7423664229531493,2
1771108521802,-3.812022917772027,-9.54389333669781,0.19751907897706497,2
1771108521910,-18.514312037850303,-13.36641212079003,0.8721374102479665,2
1771108522018,-0.6765267154734722,9.857824198877228,0.1727099242610878,2
1771108522157,-6.044847189055515,3.9570611310236017,-0.7662213466234614,2
1771108522236,-1.6269083716147248,-0.6917938958157432,2.131679414959354,2
1771108522335,-13.593511641824723,-14.119274844696564,2.5419846732144755,2
1771108522437,-2.6097326792615974,-13.863549147076702,-2.3234732612874276,2
1771108522544,-4.10687023141043,-3.2280534831235728,-0.3291984694085127,2
1771108522652,4.38358766167068,-13.58778623575296,-1.5419846809608422,2
1771108522760,15.96755647750057,0.8473282421917762,-0.31297709029484977,2
1771108522881,13.216603020403202,1.4980915374768131,-0.2986641087239707,2
1771108522978,-8.13263367397425,2.951335839419911,0.7624045515378937,2
1771108523088,6.440839785904875,8.356870491973062,-0.5353053506683183,2
1771108523215,-4.740457788727854,-1.6488549433567392,2.982824292154139,2
1771108523299,6.4141222203059005,-6.977099281983732,-0.7032442810724464,2
1771108523403,17.146945732054185,0.9656488364835235,-1.7833969701230024,2
1771108523513,-0.7070610761580142,8.5028623703875,2.087786271475325,2
1771108523611,-15.614503999302613,-5.018129737924613,-0.6832061068732158,2
1771108523715,2.827289999138959,-19.598281842151543,-0.41603053092475256,2
1771108523820,4.297709985688818,7.01526723283941,0.6278625781324834,2
1771108523928,-9.256679613230542,-9.523854415446639,-0.22041984949047147,2
1771108524030,11.668893253535714,-1.5963740109301827,-1.0152671725959042,2
1771108524160,10.764312391369334,-10.158396918587394,-0.5381679469824941,2
1771108524257,-21.92080058450246,-1.3148854800912668,3.325381544362139,2
1771108524363,9.826335319256177,10.833014702909553,-0.9885496069969301,2
1771108524473,9.386450646139846,6.654579883809846,-1.1316794227057208,2
1771108524580,-12.742365910856291,-3.943702134780703,0.772900738023205,2
1771108524688,-8.148854519479386,-0.4417938977523349,-0.6574427400456334,2
1771108524796,22.089694087203952,-2.010496064270872,-3.2576335383150172,2
1771108524905,2.3263357508798976,-2.409351150712702,-2.3234732612874276,2
1771108525013,-19.331107039935446,-7.3788164311312086,1.885496131940234,2
1771108525192,-3.028625833180952,5.67938937977752,0.5524809285533732,2
1771108525230,13.941794086661075,-1.3215648714910104,-2.4866411444737433,2
1771108525331,-17.594464849115298,-11.312022699591719,1.391221381802622,2
1771108525439,8.325381612352011,-4.814885506339836,-2.6488549356103723,2
1771108525549,4.932251635055927,-4.380724958634799,-3.320610657226885,2
1771108525656,-6.877862609758971,8.177480696064555,0.9675572340263073,2
1771108525764,16.044846898148435,7.249045398221905,-0.6822519081018238,2
1771108525897,-7.487595731400124,-8.561068388720702,1.403625965830717,2
1771108525981,-7.129771085406442,-10.44370245795529,-0.49427480349846503,2
1771108526082,26.615457685977148,-1.5877862219876553,-4.995228967411206,2
1771108526194,-12.641221054532158,3.0295801386740497,6.188931310257403,2
1771108526300,-21.12499987637864,-8.91698442372819,2.733778519542549,2
1771108526406,-8.36354956320769,-4.839694460952615,-0.30820609643789004,2
1771108526516,12.5066791344876,-13.060113995008102,0.787213719594084,2
1771108526623,-7.315839525662753,-4.72996192240766,-0.9656488364835235,2
1771108526731,-12.234732591362604,-5.967557195294473,1.2490457648652231,2
1771108526840,16.08015214596823,-1.1412213036979342,-0.10877862658814783,2
1771108526940,-9.39026701433859,-5.048664098609155,1.2099236152381538,2
1771108527048,-16.514313120560093,-4.667938682102066,2.239503769404937,2
1771108527157,6.434160287783425,-12.165075760885875,0.7328244429855966,2
1771108527265,6.606870158683661,15.162213995106246,-1.4379771216008268,2
1771108527374,-13.635495960879146,11.279580154807803,1.1040076583353544,2
1771108527483,16.521945856957583,4.177480727050022,-2.4770991567598237,2
1771108527591,14.132632987165817,-6.076335641789743,-2.733778519542549,2
1771108527699,-9.08492340749317,0.2061068679195924,2.767175583262973,2
1771108527809,-13.33874046314137,-12.869274240729714,1.9484732508521019,2
1771108527912,14.907442816422893,-9.144083944762881,-2.396946459962901,2
1771108528016,-16.130724574130298,-12.14599221234486,-0.5152671764690876,2
1771108528162,13.199427655961559,-16.63358700648873,-0.22519083000721793,2
1771108528236,10.23377830136224,2.4942747346448786,-2.796755638454417,2
1771108528341,1.9723281134151947,-12.590648626370092,-0.49427480349846503,2
1771108528450,-16.134540942329043,6.9541985114703255,0.9866412094541461,2
1771108528557,16.41030470742643,4.809160100268073,-2.9599235216407327,2
1771108528667,19.782442525195304,-7.765266826823238,-2.2337785767765856,2
1771108528777,-10.987595544205282,-10.416984465469492,-1.11164124850649,2
1771108528896,-16.930343358000155,4.150763161451048,4.0238548315776255,2
1771108528984,14.0419844240487,-6.868320408601639,-1.8416029884562048,2
1771108529092,-15.270038776438652,-6.958015306555893,0.6297709756752673,2
1771108529214,-21.530533820611687,-2.9246182738209368,0.5124045801549119,2
1771108529317,-1.1288168263915448,-1.5248091030757873,-1.0009541910250253,2
1771108529425,6.70324412787254,8.915076239628817,-0.3110686927520659,2
1771108529535,-11.43797651052863,-7.533396418653291,2.444656398532498,2
1771108529642,-1.9885495992505633,6.360687089107952,-0.27385496734820675,2
1771108529743,10.934160413007334,-6.83492377176804,-0.5047709899837763,2
1771108529851,-29.910303375550864,-2.690839681551618,4.437022792868629,2
1771108529959,-2.7423664152067824,-2.5791985320204667,1.9370228655953987,2
1771108530068,26.66221374594047,7.8597326119127455,-1.0333969492523511,2
1771108530208,1.3940839781167977,-6.990457851339808,1.2471373673224393,2
1771108530285,-16.414121075625175,6.893129790101241,1.3263358653479702,2
1771108530386,21.313931446557657,9.737594940238433,-3.2299618806663566,2
1771108530493,4.6784349753090835,4.24332033555436,1.1030534595639625,2
1771108530602,-26.736640609778807,-9.179389192582677,2.2757633227178307,2
1771108530702,17.409351354682318,5.2738550086576526,-0.11927480640335253,2
1771108530811,13.042938630566457,3.759541878623765,-1.3272900641193621,2
1771108530911,2.254770949747208,4.077289962775574,-1.0572519185371496,2
1771108531021,15.168892212567226,-4.386450364706562,-2.2576336527830896,2
1771108531166,-14.897901042152384,5.247137443058678,1.884542039890548,2
1771108531237,-23.73950408310573,-14.371182466570389,3.058206101815808,2
1771108531345,-3.9093509790105934,-4.559160235606797,0.9188930966853186,2
1771108531453,24.391220243140836,6.672709767187998,-2.7776716630265783,2
1771108531554,-16.937023283008426,-3.4675572680212436,1.3158396788626587,2
1771108531661,3.6708014996060205,-4.649809225610737,-0.6316793732180511,2
1771108531770,25.597327490180245,9.500953644933231,-1.546755674817802,2
1771108531910,3.8206105999928486,-7.718511620633562,0.7948473097652196,2
1771108531978,4.8110687112542685,-7.028625802195485,0.2576335882345438,2
1771108532086,16.068701333824706,13.042938630566457,1.1812976520963956,2
1771108532187,-11.708014869554255,6.878816701808657,3.541030466696717,2
1771108532295,-4.130725093973522,10.12595437380348,0.9933206008538897,2
1771108532403,23.96374090110454,4.766221262277141,-2.8864503229652594,2
1771108532512,3.8501908686277044,-7.554389005067326,-2.6049617921263435,2
1771108532622,-7.777671304129627,-9.00095391561068,-1.885496131940234,2
1771108532729,-5.8625955438847726,-1.9169847981178738,0.1393129806025832,2
1771108532836,15.55152624006051,0.8587786274484794,-2.0944655561533625,2
1771108532937,-15.621182216763593,-4.436068700818943,1.7175572548969589,2
1771108533045,-0.11164122290232364,7.666030154598476,0.4742366292992343,2
1771108533174,-14.208015223714309,4.937022949078004,2.000954076556953,2
1771108533262,6.735687099543278,5.107824208992044,2.318702160708762,2
1771108533371,-10.37404562747856,-3.8864502084971866,1.789122162751354,2
1771108533479,0.3349236620368643,-5.5248089653686145,0.2776717624337745,2
1771108533579,2.8940839131363947,-8.29389273273096,1.0572519185371496,2
1771108533689,-19.998092087860115,-11.521946002411122,0.13167939043144772,2
1771108533796,-1.4589694945714495,0.5706106518489671,-1.0324427504809592,2
1771108533911,6.4666028325673395,5.765267055759383,-1.2385495783799119,2
1771108534013,7.20229019203223,10.870228988602369,1.6125953900438457,2
1771108534130,7.510495648139885,0.9666030352549154,-1.7337786340106218,2
1771108534229,7.537213640625682,-4.1383586841446585,-1.6164121851294133,2
1771108534338,19.481869805485136,3.9522898170015246,-3.525763286354446,2
1771108534447,-4.948473334334707,5.360686776689201,2.6230914620610846,2
1771108534559,-20.283395919680718,1.7328244352392297,2.2290076896413313,2
1771108534656,17.645991796213874,13.786259580202483,-1.8320610007422855,2
1771108534764,2.4933206425951924,-3.405534241159062,-0.5209923690974393,2
1771108534873,-13.954198563967465,0.05057251820850617,-0.4866412133273295,2
1771108534980,2.07061069359027,-6.66889297210243,-0.5276717604971828,2
1771108535089,3.353053415454211,2.0028624740997367,0.03721373874407234,2
1771108535197,0.7013358835296626,9.991412453758922,-1.1660304717541246,2
1771108535306,-10.91221330765679,-7.73950335327395,0.06583969521572386,2
1771108535414,-5.814885391871764,-10.338740379658764,0.309160295209282,2
1771108535524,14.108778551489547,-6.8454196380882335,-1.7032442733260797,2
1771108535631,1.9589693306157074,2.119274724209553,0.757633557680934,2
1771108535731,-13.984732924652006,-11.890267368498643,1.8311069086925993,2
1771108535841,1.5057251276479486,10.005725115164685,0.743320576110055,2
1771108535950,7.190839379888703,11.585877426816086,0.9933206008538897,2
1771108536057,5.211831768352059,-0.23759541403531312,-0.42843511495284775,2
1771108536164,8.958015077619748,-12.674618118252582,-0.9093511089713991,2
1771108536265,3.3864502657312228,1.729007640153662,0.6020992113049011,2
1771108536374,-4.705152540908058,-12.45133581919028,1.0906488755358674,2
1771108536482,-8.40553388226211,-3.4980916287057853,0.8921755844471972,2
1771108536582,10.917938713728553,-5.81583948392145,-2.100190748781714,2
1771108536691,-6.271946283203384,-5.501908194855208,-0.309160295209282,2
1771108536803,-14.062977010462733,4.829198594632421,0.7452289736528388,2
1771108536919,-4.162213546707751,0.42080152478171223,-0.7795801294229485,2
1771108537008,4.331106622522418,9.121183174249476,3.108778529977875,2
1771108537152,8.702290233773532,5.822518982042899,0.15648854514742488,2
1771108537216,9.324427405834252,9.092556997664305,-1.175572459468044,2
1771108537324,15.369274594889767,-6.943702218263309,-0.01622137411108298,2
1771108537433,-15.767175802725323,-7.508587464040512,0.9208014942281024,2
1771108537543,-17.65839712729391,-0.3683205923551557,1.0715649001080285,2
1771108537642,18.745228780857385,-8.083014910975047,-2.3540076219719697,2
1771108537750,10.08492371991192,4.1202288007665056,-1.002862588567809,2
1771108537858,-9.302481154257356,9.087786110529052,0.5582061211817249,2
1771108537966,-0.4465648916092946,6.114503592645421,-1.8291985111498155,2
1771108538111,-6.708969533944304,5.8625955438847726,2.5591602510995304,2
1771108538176,-10.808205748296775,-0.20133587406263273,1.0362595455665269,2
1771108538283,-14.372136985506899,-9.797709996444654,0.9064885126572234,2
1771108538392,16.299618076831788,-5.76908385084495,-2.0944655561533625,2
1771108538494,-3.0839693619216844,-6.859732726380818,-0.7127862687863659,2
1771108538601,-15.13454148368394,3.208969507695734,0.6192747891899559,2
1771108538712,10.585877968170982,11.483778051555444,-1.284351119406725,2
1771108538818,13.27003815160115,-4.957061016555529,-0.5295801580399667,2
1771108538924,-8.525763140900906,-11.345419763312142,2.9417938517059916,2
1771108539031,-9.484732799428098,-10.977099250998265,3.0114502552958973,2
1771108539140,9.223282549510118,1.1431297012407182,-1.5496182711319777,2
1771108539243,4.635496137318152,-3.8587785508485264,0.47041983421366657,2
1771108539343,-9.67938892190523,-8.031488817650118,0.21278625931933598,2
1771108539451,16.501907789480057,4.2700379011533345,-0.5944656211337656,2
1771108539552,-7.813931070885933,-4.2290076741485985,-1.0267175578526075,2
1771108539660,-7.262404394464804,3.8435113705062554,-1.2633587464361022,2
1771108539769,11.708969388490765,8.28530547739696,-3.352099109961113,2
1771108539878,21.483777760648366,6.302480643887926,-2.671755706123779,2
1771108539988,-19.29580179211565,-13.138358934592475,3.658397022299631,2
1771108540125,18.512404707524574,-8.110686568623708,-4.7204197212503285,2
1771108540202,18.636449480588468,10.336832195559392,-2.1173663266667693,2
1771108540314,13.895992545634261,4.758587672106006,-3.2385495628871785,2
1771108540419,2.258587744832776,-8.748091774800345,-0.7490457687384066,2
1771108540529,-11.668893253535714,5.749045783367426,1.8893129270258018,2
1771108540628,9.791030071436381,-3.4809160508207304,-1.3043892936059556,2
1771108540736,-7.340648480275531,11.5381677016899,2.158396980558328,2
1771108540837,-0.7948473097652196,-8.313930800208485,-0.9379770721131573,2
1771108540945,20.72519133821736,8.630725219197432,-2.7557251980062696,2
1771108541053,5.796755508493611,-2.118320632159867,-0.5772900432487107,2
1771108541174,0.5009541948982086,7.0620228659159086,2.7862595586908117,2
1771108541270,0.21374045809072792,0.42652671741006387,0.13454198674562354,2
1771108541370,18.58110616529115,-9.729007684904435,-1.4608778921142334,2
1771108541479,-10.794846752053877,5.745228988281858,2.4351144108185787,2
1771108541587,-13.754770700581432,5.151717565919484,1.1297710251629367,2
1771108541695,1.992366394336131,-3.873091639141111,-0.587786229734022,2
1771108541796,2.920801478735369,9.868320492084246,2.3568701115644397,2
1771108541936,14.755725531936692,10.604961516711997,0.5200381703260473,2
1771108542005,4.384541753720367,-2.7776716630265783,1.3110686850056992,2
1771108542112,19.23854943894531,-10.604961516711997,-3.0667937840366295,2
1771108542217,-12.083968972039267,4.082060849910828,-0.6822519081018238,2
1771108542320,2.175572558443383,-4.1450381822661075,0.20896946423376822,2
1771108542422,18.423663474733186,-10.360686631235662,-0.8444656458776003,2
1771108542530,-7.314885006726243,-1.75763360329542,-0.6736641191592964,2
1771108542638,-16.890267223045104,3.8645039569202893,1.3559160272611201,2
1771108542747,6.006679238199838,-5.035305102366256,-0.5219465678688312,2
1771108542847,0.6755725167020803,3.4866412434490823,1.4923663448484614,2
1771108542948,-13.813931237851143,7.772900416994373,1.3148854800912668,2
1771108543060,10.649809392575948,-12.140266806273097,-0.3759541825262912,2
1771108543184,0.10877862658814783,-12.277671429353536,0.409351139525009,2
1771108543268,-22.320610830211034,-8.331107018423774,0.7490457687384066,2
1771108543366,7.856869908876864,-6.66889297210243,3.005725062667546,2
1771108543472,13.790075948401228,-5.014312942839045,1.6049617998727101,2
1771108543573,-23.876908706186168,-7.2156483345014815,1.8540076792060058,2
1771108543681,3.5095420139624887,-8.047709663155251,0.7375953834817033,2
1771108543790,17.709924074392486,3.756679175587883,-1.682251900355457,2
1771108543890,-5.424618201094167,7.2156483345014815,0.8368320557064648,2
1771108543999,-7.199427488996347,14.080152374904376,-0.39026716409717027,2
1771108544152,-9.118320471213593,18.609733195649966,1.8234733185214638,2
1771108544206,-9.813930841949787,15.145992295827465,1.5992366072443585,2
1771108544315,-24.10782374164596,-11.757633632553459,2.9265266713637206,2
1771108544415,16.54103111304589,-10.353053041064527,-0.22996182386417763,2
1771108544525,5.819656279007018,-0.8673664163910069,-0.41889312723892835,2
1771108544632,-9.03148827629522,3.5276716838972297,2.3416029312221687,2
1771108544743,-13.690839276176467,-5.235687057801975,1.2881679144922926,2
1771108544847,17.8005726375096,-3.5429388642395008,-0.9961831971680655,2
1771108544950,-0.1908396875773214,-8.333969721459656,-1.531488494475531,2
1771108545049,4.934160246042123,6.224236558077199,-0.47519082807062624,2
1771108545185,-21.057251230001285,-7.891221491533797,1.1917938385817068,2
1771108545260,2.350190826886402,-0.6870229019587835,-1.5954198121587908,2
1771108545366,-16.769084299243445,-12.114503332723809,2.5248090953294207,2
1771108545474,5.228053467630839,-10.569656268892203,1.3225190702624023,2
1771108545583,22.213740567815137,9.672709850670604,-3.4847328459062985,2
1771108545683,-21.051525823929524,-2.333015249001347,2.07347318318274,2
1771108545792,-12.321564786280977,8.091603020082692,0.6020992113049011,2
1771108545894,30.381678635835538,16.70038113392958,-2.0362595378201602,2
1771108546001,5.398854727544879,-5.174618336432891,-0.23282442017835345,2
1771108546152,1.6335877630144682,-5.969465379393846,-0.6040076088476849,2
1771108546217,2.7328244274928633,-0.1727099242610878,-0.378816778840467,2
1771108546318,21.22423569482976,-5.268129602585889,-3.2480915506010977,2
1771108546425,-8.327289796451383,7.605915952165901,0.16316793654716844,2
1771108546534,-12.017175698372066,3.750954196402943,2.2624045399183434,2
1771108546642,5.413167815837464,-6.43893117491868,1.065839707479677,2
1771108546752,15.393129030566037,-0.6316793732180511,-4.381679477571308,2
1771108546859,-2.339694533679385,8.075381320803912,1.1135496460492738,2
1771108546967,10.11259537756058,-9.436068555365404,0.03148854945077403,2
1771108547076,-7.2118319663027375,-8.126908267902488,0.5982824162193333,2
1771108547201,15.538168097591257,7.916030446146576,-1.3540076297183363,2
1771108547301,5.889312682596923,-4.242366243504674,0.0696564903012916,2
1771108547403,-11.999045814993913,-10.916984194792045,-1.4446565130005704,2
1771108547510,6.76526694129131,-1.5830152281306955,-3.2022900095742846,2
1771108547618,11.739503749175306,11.07728958838589,-1.6259541728433327,2
1771108547719,-2.722328134285846,1.4952289411626374,-0.5181297727832634,2
1771108547827,-9.774809225931246,-2.0667938985047023,-1.6679389187845781,2
1771108547946,-6.147900656365844,8.91984712676407,1.2347327832943442,2
1771108548045,9.411259600752624,-9.692747918148129,-1.4341603265152592,2
1771108548170,14.474236360767541,6.592557070391075,-2.2280533841482337,2
1771108548261,-12.793892857954868,-2.2223281915198823,0.7690839429376373,2
1771108548361,16.39694656495718,11.874045669219864,-2.9284350689065044,2
1771108548462,8.315839838081503,9.65457996729245,1.1345420190198965,2
1771108548570,-1.3625954186608638,3.949427540852466,0.8454198446489922,2
1771108548670,-3.8749998232404836,-4.674618180223516,0.7204198589575014,2
1771108548778,2.3759540869922784,-6.843511453988861,-0.973282426654659,2
1771108548880,-11.130724719583839,-8.006679009263692,0.5744274469345348,2
1771108548987,-2.8301527021748405,-4.6851144734305326,0.3692747911265476,2
1771108549132,-10.256679071875647,1.1870228447247473,-0.16316793654716844,2
1771108549197,6.801526708047615,15.919847606148032,0.10400763273118814,2
1771108549303,0.5591603199531168,11.038167972367349,0.8654580188482229,2
1771108549412,5.5391220536612,-3.4541984852217564,-2.3540076219719697,2
1771108549520,5.235687057801975,-1.3072518899201313,-2.0496183206196474,2
1771108549623,-7.897900562768423,-4.209923698720759,2.349236521393304,2
1771108549730,-10.766221429242353,-2.363549609685889,2.2452289620332886,2
1771108549850,6.040076301920261,6.040076301920261,1.2862595169495088,2
1771108549940,8.249045710640656,16.36259583607389,2.5696565443065476,2
1771108550047,-10.646946689540066,-8.21660316585674,1.8778625417690986,2
1771108550153,14.87690845573835,3.4236641245372144,-2.1622137756438957,2
1771108550256,14.794847147955233,-13.107824573907934,-2.4284351261405406,2
1771108550364,-1.1250000313059771,0.30534350012371425,-0.5543893260961571,2
1771108550471,-23.10973332087387,0.5114503813835198,-1.0706107013366366,2
1771108550572,-6.969465691812597,12.923663890864171,-0.01908396875773214,2
1771108550672,1.0400763406520945,-6.218511152005436,3.9169845691817287,2
1771108550780,-13.725190858833399,6.839694658903293,3.993320470893084,2
1771108550896,4.7690839653130235,7.5467554148961895,-2.545801468300043,2
1771108550989,7.072519159122926,5.127862703356392,-1.0305343529381752,2
1771108551097,-5.919847043281465,-10.034351291749854,-0.5543893260961571,2
1771108551214,2.332060943508249,-5.875000021191162,-0.7843511232799083,2
1771108551315,-2.791984751319163,8.016221637307847,-2.1860686382069887,2
1771108551422,15.018129447017534,-3.168893159297273,-2.0639311954688204,2
1771108551530,-15.23950441575411,-4.8597329553169635,2.6841601834301683,2
1771108551631,-7.501908392805886,-8.688931237530634,2.7977099439475146,2
1771108551740,23.92271024721298,9.11641228711422,-4.123091503802387,2
1771108551841,-0.4904580084128973,1.7118320622686072,1.0524809246801898,2
1771108551948,-20.87881595302929,13.870229072084975,1.8387404988637348,2
1771108552057,9.838740650336213,2.874999937708556,-2.4522899887036336,2
1771108552201,-5.123091389334315,-2.1870229437000863,1.2633587464361022,2
1771108552274,1.29675570343482,2.441793908940028,-0.9217556929994943,2
1771108552381,-8.621183444926924,6.485686807995179,1.4723281706492308,2
1771108552492,-13.367365785952893,-8.304389025937978,2.2137405092990607,2
1771108552599,15.384541775232039,-5.344465504297244,-0.5982824162193333,2
1771108552707,-14.932251771035672,-7.01526723283941,2.0143128593564397,2
1771108552809,-12.168892982858265,6.0830151399111925,2.6669846055451134,2
1771108552941,-10.951335777448977,6.4141222203059005,1.1431297012407182,2
1771108553015,2.4990458352235443,12.484732882910704,-1.252862559950791,2
1771108553140,-26.015266765493323,3.4809160508207304,0.941793867198725,2
1771108553241,-8.521946772702162,8.910305352493562,2.010496064270872,2
1771108553349,15.68129812674346,8.38167944658584,-2.0314884372414945,2
1771108553458,19.534351271520222,-9.947519096831481,-3.1164121201490103,2
1771108553558,-15.95419833503132,-0.40839694075361704,-0.018129769986340204,2
1771108553666,-1.3950381768881897,-0.7309160454428126,0.6173663916471721,2
1771108553766,23.878816036511893,-6.79389311787648,-1.9580152385660212,2
1771108553879,-13.124999938349577,4.002862672050415,0.6374045658464027,2
1771108553983,-16.25000016760623,3.0200381509601306,-0.15076335251907325,2
1771108554091,1.4284351338869075,2.38167927962063,-1.1030534595639625,2
1771108554204,6.98664105625424,-0.2967557111811868,0.3969465554969138,2
1771108554310,-1.372137406374783,13.562022762203672,2.9456106467915593,2
1771108554417,-13.07729021322339,7.953243878065744,2.467557169045904,2
1771108554517,24.960876802940117,7.889312453660779,-1.3540076297183363,2
1771108554630,21.77862507428677,-2.3845419826565117,-3.2385495628871785,2
1771108554734,-23.282443191774107,-3.3177479541910033,2.6774808987521306,2
1771108554834,4.039122011919897,-5.540076145710886,-0.9141221028283589,2
1771108554943,32.87309258843524,5.711831924561435,-3.8635494379837803,2
1771108555051,8.334923386622519,9.251907872321642,1.562977053931465,2
1771108555184,18.90362599035186,-9.270037755699795,-0.9694656315690913,2
1771108555259,7.485686693527106,-6.925572334885156,0.6908396970443512,2
1771108555368,14.430343857613748,-11.91221362007554,-1.7881679639799621,2
1771108555468,-25.229007831640015,-2.6040077000766573,1.3301526604335379,2
1771108555576,4.208015087734564,-6.322519138252274,0.5085877850693441,2
1771108555685,25.733777594324174,11.585877426816086,-4.118320616667133,2
1771108555794,-1.0076335824247689,3.5467556593250684,0.7366411847103114,2
1771108555902,-18.86450437433332,-3.36259540316813,0.5954198199051575,2
1771108556009,-1.54580147604641,4.977099084033054,1.0696565025652447,2
1771108556126,13.104007351935541,-7.4141216789510045,-1.9141220950819922,2
1771108556218,-13.93416049648994,6.002862443114269,-0.25381679314897604,2
1771108556327,2.93606865907764,5.643129613021215,-0.16603053286134425,2
1771108556436,2.964694622219398,-15.587786006816815,0.8816793979618859,2
1771108556544,27.542939318656934,7.214694669338619,-1.3788167977745267,2
1771108556654,-1.561068656388681,11.956106977002982,-0.06488549644433192,2
1771108556761,-24.262404582941688,-1.8263358081139338,4.208969606671073,2
1771108556869,4.071564983590634,-19.217556852531278,1.1564884840402052,2
1771108556977,19.99331949317757,10.633587693297168,-1.6946564843835523,2
1771108557116,-3.786259444222739,-6.554389119535398,1.686068695441025,2
1771108557188,-8.717557414115802,7.581106997553123,0.11164122290232364,2
1771108557295,5.518129894133988,-11.127862016547956,-1.126908428848761,2
1771108557403,10.37309110854205,-8.645992399539702,-2.1708014578647177,2
1771108557512,-18.140266973238308,8.039122407821253,4.075381778676202,2
1771108557621,-6.516221168679721,4.595419575476279,0.12499999903170415,2
1771108557729,14.422709413668965,-9.216602624501846,1.9198472877103439,2
1771108557837,25.765266473945225,0.7967557073080035,-2.305343377909275,2
1771108557946,-9.295801229249083,11.10973298694345,1.9723281134151947,2
1771108558055,-20.455152979191737,-0.973282426654659,2.2624045399183434,2
1771108558184,-18.7557250740644,0.6049618076190769,2.9914121878183724,2
1771108558271,18.54007551139959,12.195610121570418,-3.1049617348923073,2
1771108558379,0.9303434819420218,0.9093511089713991,-0.5200381703260473,2
1771108558487,-24.874999126958254,-9.157442941005781,0.8368320557064648,2
1771108558596,1.6479007445853473,-4.046755602091032,1.5124045190476922,2
1771108558705,24.995229239370694,9.738549459174942,-2.193702228378124,2
1771108558813,-4.838740368902929,1.3979007732023654,2.5562977615070603,2
1771108558944,13.411259142880334,7.251908101257787,-1.23759537960852,2
1771108559021,5.057251780829977,-9.382633424167455,0.41889312723892835,2
1771108559155,10.354007560001035,-12.592556810469464,-1.1488548938690697,2
1771108559239,-19.204198710062023,7.57538159148136,2.254770949747208,2
1771108559346,-16.091602958111757,-2.320610558251546,0.7080152749294062,2
1771108559455,2.331106851458563,-8.780534319584259,-1.7471374168101088,2
1771108559563,16.58873998439843,2.538167878128908,-2.9456106467915593,2
1771108559672,1.145992297554894,8.105915681488455,0.11736640886056866,2
1771108559781,-15.229008122547093,-8.307251728973858,0.3578244325502708,2
1771108559890,15.803435569481628,-7.461832257850836,-0.9999999922536332,2
1771108559997,9.80438906767928,14.812023366170521,-0.378816778840467,2
1771108560135,0.2872137234672674,2.5133587100727173,-1.0734732976508126,2
1771108560213,-12.982824428133883,-12.816793628468275,0.2528625943775841,2
1771108560322,-8.21278594388435,0.8520992360487358,-0.7833969245085163,2
1771108560431,-1.3979007732023654,1.578244234273736,0.757633557680934,2
1771108560539,0.9208014942281024,-5.749999875417112,0.7738549367945969,2
1771108560649,-3.5744275304171405,4.740457788727854,1.2328243857515602,2
1771108560758,-0.49809159858403274,8.18225158319981,0.6583969388170254,2
1771108560864,17.191794461691778,-6.9408395152274265,-4.161259454658064,2
1771108560965,-4.9427479282629445,7.704198105454154,-0.01908396875773214,2
1771108561073,-19.78721341233056,-11.833015015328304,0.6603053363598093,2
1771108561188,-3.1421755936982985,-8.97709947993441,-0.2213740482618634,2
1771108561289,8.454198126324805,12.410305165298722,-1.9484732508521019,2
1771108561399,-18.24045731062593,-5.749045783367426,3.1250000158132436,2
1771108561509,-9.144083944762881,-5.0906488445504,3.24141226592306,2
1771108561615,-2.4503815911608493,10.553434569613422,1.8769084497194124,2
1771108561725,7.7270988759675605,8.805343274197039,0.6708015228451206,2
1771108561833,8.365457747307062,-7.754770533616221,-0.958015246312388,2
1771108561957,2.0973282591892444,-2.698473271722753,-0.8549618323629117,2
1771108562049,-1.374045803917567,4.761450375141887,-1.1154580435920578,2
1771108562171,-1.7280534413822701,10.37309110854205,1.6965648819263361,2
1771108562257,0.01622137411108298,-2.0238548470703592,-2.4713739641314723,2
1771108562366,-3.627862661615089,-0.4561068526427875,2.385496074706198,2
1771108562468,-2.083969476389757,-9.950381799867364,-1.4246183388013398,2
1771108562575,20.375953520670855,3.933205841573686,-4.0477096941407185,2
1771108562683,14.15744279555224,7.386450021302345,0.45038166001443586,2
1771108562792,-6.548664140350458,1.6078243961868859,0.0696564903012916,2
1771108562900,-15.660305540329425,-6.8043894110834975,3.4064885466521595,2
1771108563002,13.835877489428041,-8.133587339137113,-0.6679389265309448,2
1771108563108,3.090648860043134,-1.7843511688943945,1.6956106831549442,2
1771108563214,-8.470419825603585,-4.3902671597921294,0.9465648610556847,2
1771108563316,16.734731862812865,10.672710163089354,-1.251908361179399,2
1771108563425,11.970419638408742,10.099236381317683,1.2986641009776039,2
1771108563533,-4.3129771660310885,-11.332060767069242,-1.4293893326582994,2
1771108563642,-14.786259892621233,4.657442815781872,-0.24045801034948894,2
1771108563742,9.52671711848252,-10.516221137694254,-1.8129770253144468,2
1771108563851,7.9122132241741845,1.6898854905265925,1.7624045971523798,2
1771108563964,-2.799618341490299,-9.875954082255381,-0.39026716409717027,2
1771108564059,-2.74618321029235,-1.392175580574014,0.5467557359250216,2
1771108564176,12.958015473521105,4.491412016116263,-0.7270992503572449,2
1771108564284,17.261450438394863,-5.153625750018857,-1.4494275068575302,2
1771108564392,-12.52290083376638,-5.788167826272789,0.3444656497507837,2
1771108564494,-14.834923282910282,-10.322518680379984,2.0295800396987107,2
1771108564601,19.26144935568507,-10.581107081035729,-3.058206101815808,2
1771108564710,14.727098501577876,9.659350854427705,-0.7356869859389195,2
1771108564813,-14.9971368606035,3.0496182061515746,0.7585877564523259,2
1771108564918,-2.674618195716249,3.4083969441949433,-0.02576335848994905,2
1771108565030,8.958015077619748,-8.184159767299182,0.24141220912088088,2
1771108565145,5.776717441016086,-11.20610695613233,1.697519080697728,2
1771108565236,-4.241412151454988,1.3425572444616332,-1.5372136871038826,2
1771108565343,16.60496168367721,9.697518805283382,-0.9083969102000072,2
1771108565444,4.279580102310665,2.7471373023420362,0.4675572378994908,2
1771108565552,-18.995229072405483,13.147900708862982,2.7118320545222403,2
1771108565662,-15.243320783952855,-14.449427406154763,0.41603053092475256,2
1771108565761,21.283397085873116,-12.850190692188699,-2.385496074706198,2
1771108565869,-10.946564890313724,-4.0896944400819635,0.46946563544227465,2
1771108565978,-15.837786298364914,15.388358143430782,3.597328300930547,2
1771108566117,27.894082758981874,1.5438930785036262,-4.061068690383617,2
1771108566194,27.690838527397098,-7.601145065030647,-2.3387404416296986,2
1771108566303,18.32347313734556,18.463739609688233,0.927480885627846,2
1771108566412,-21.725190796862464,9.168892899375662,5.9685112873441595,2
1771108566520,-11.656488776229324,-14.31870185430895,1.3339694555191057,2
1771108566628,13.57251905541069,4.20324420059931,-1.5343510907897067,2
1771108566737,5.646946408106783,1.746183218038717,-0.3120228915234578,2
1771108566845,-16.060114078490706,-5.3998092464813885,0.30343510258093037,2
1771108566966,-18.43606880581322,-8.83969485685397,0.47519082807062624,2
1771108567061,19.02957980128877,-2.09828235123893,-1.1650762729827326,2
1771108567175,30.43034373367188,1.6927480868407685,-3.6832059769124097,2
1771108567280,-7.81202288678656,-3.6812977928130373,-1.3482824370899846,2
1771108567387,-12.922709371927663,9.524808934383147,3.138358798612731,2
1771108567495,-2.055343513247999,-8.145991816443503,3.573473224924043,2
1771108567596,13.04675585253885,-10.992366431340535,0.42461831986728,2
1771108567705,-15.201335611124787,-5.380725271053549,0.18511449494896978,2
1771108567812,-15.181297543647261,10.127862557902851,-0.46183204527113914,2
1771108567913,8.537213953044432,9.970419867344889,2.4036259580843504,2
1771108568022,8.787213390818886,-0.7471373711956227,-0.309160295209282,2
1771108568146,-23.03053386235299,0.0019083969174613804,-0.4895038096415053,2
1771108568255,-24.381678468870327,-3.0496182061515746,1.6402671544142118,2
1771108568364,-9.912213849011685,7.103053519807468,-0.2624045820915035,2
1771108568463,33.84255597884851,10.852099105224216,-4.157442659572497,2
1771108568572,-6.637404519368203,1.3654580149750395,1.868320554055179,2
1771108568680,-26.667939152012234,-8.803435090097667,3.525763286354446,2
1771108568781,-1.792938957836922,-12.16221391162364,2.0524808102121175,2
1771108568889,16.2652673479485,-8.741411849792073,-2.0591603083335666,2
1771108568997,-3.027671741131266,11.067747814115382,1.281488523092549,2
1771108569098,-5.512404488062225,7.984732757686795,0.16316793654716844,2
1771108569213,1.3835877916314865,-4.948473334334707,0.1383587818311913,2
1771108569314,22.14694644037429,-3.27194641316419,-1.0276717566239995,2
1771108569415,4.192747907392293,2.9465647388412455,1.282442721863941,2
1771108569522,1.0467557320518381,0.8692748139337907,-1.9589693306157074,2
1771108569623,18.02576226689763,5.113549615063807,-2.3435113287649525,2
1771108569732,-11.657442441392188,12.501908247352347,2.517175505158285,2
1771108569840,-25.63167821906353,-7.02099221202435,5.328244231905287,2
1771108569979,5.17175563339701,-7.8587780929762365,-0.10114503641701234,2
1771108570048,8.359732341235297,-7.815839254985304,-1.8187022179427983,2
1771108570149,-30.996183925272415,-14.80343440328923,-0.6841603056446077,2
1771108570256,-1.3835877916314865,8.289121845595705,-1.5801526318165198,2
1771108570365,14.34637351195761,-3.1851144316892297,-0.9064885126572234,2
1771108570474,15.362594669881494,-6.901717472322063,-2.798664035997201,2
1771108570574,-19.937023366491033,-5.1173664101493745,2.612595382297479,2
1771108570682,-9.279580383743948,8.82347315757519,2.716602941657494,2
1771108570782,18.83874090078403,8.17366432786581,-2.2624045399183434,2
1771108570892,1.51622131413326,-1.729961838925054,1.4074427609162847,2
1771108570999,-23.74618230056671,-6.404580019148569,-1.8664121565123952,2
1771108571148,20.25763244613143,12.18893105033579,-2.624045767554182,2
1771108571216,8.430343690648536,6.27385489418958,2.2853053104317502,2
1771108571324,7.28625968391472,-9.491411870662724,-2.395038062420117,2
1771108571432,-22.273854770247713,10.023854998542836,2.7414121097136848,2
1771108571541,-18.71755626943508,-2.6345418473177875,2.2127862038059627,2
1771108571642,13.459923386943029,4.761450375141887,0.13263358920283966,2
1771108571749,13.539121991690266,-3.106870132435091,-2.6335877552681017,2
1771108571858,-20.282443108291503,7.328244002969142,3.597328300930547,2
1771108571978,-23.131678718677122,4.4866411289810095,2.748091607835134,2
1771108572075,11.499999750834224,-3.6230913475930118,-0.19751907897706497,2
1771108572185,3.7977098294794422,-3.0095418577531134,0.5486641334678054,2
1771108572278,-5.551526530967589,9.532442524554282,1.0209923652242558,2
1771108572384,7.958014765200998,4.318702145216029,0.8740458077907504,2
1771108572492,16.914121658721374,0.6517175474172818,-1.2604961501219265,2
1771108572592,-13.578244461482452,-4.142175479230226,3.79580164538007,2
1771108572700,-23.94465564501623,-5.898854883754254,2.0019083820500505,2
1771108572808,-7.651717493192715,5.515267191098107,2.0973282591892444,2
1771108572911,8.026717076741217,5.248091535108364,0.5830152358770623,2
1771108573017,-6.1498092673520395,-0.6631679326739851,-1.9484732508521019,2
1771108573172,-13.013358788818426,0.1727099242610878,2.2938929926525717,2
1771108573234,-18.255724490968202,0.6221373855041318,3.5467556593250684,2
1771108573345,5.425572293143853,-6.13645027110914,-0.8482824409631681,2
1771108573451,24.11641099697996,19.376908580962258,-2.608778587211911,2
1771108573560,6.300572459788554,-4.041984714955778,0.8826335967332778,2
1771108573670,-8.583015494071246,0.3874045677829944,0.34923664360774337,2
1771108573770,-6.711831810093362,0.5124045801549119,1.3043892936059556,2
1771108573876,11.627862599644155,2.9942746774108424,1.0257633590812156,2
1771108574006,-1.4561068982572736,-12.168892982858265,1.4398855191436106,2
1771108574092,-11.686068617977357,-2.190839738785654,2.9036259008503142,2
1771108574201,-5.660305404349681,2.366412099278359,0.4465648916092946,2
1771108574309,-2.402671652591253,2.219465701927412,-1.3311068592049298,2
1771108574418,8.75477084603497,13.011450604719053,1.713740459811391,2
1771108574526,-6.131679383973887,-9.589694877724623,2.4456107040255954,2
1771108574630,-8.822518638638682,3.7433206062318076,2.656488525781508,2
1771108574735,1.23759537960852,2.1774809559861668,0.9685114327976994,2
1771108574845,-0.4541984551000036,3.9837786966225757,1.0486641295946222,2
1771108574982,-0.13072519166005578,4.706106632957744,-2.1202290297026507,2
1771108575060,6.195610381492029,6.039122209870575,-0.23664121526392118,2
1771108575187,-2.334923646544131,0.6536259449600657,2.0811067733538753,2
1771108575295,-4.148854977351675,-2.0162212568992235,0.28530532592448354,2
1771108575403,-11.486640754591326,13.3101142865562,1.9837784986718978,2
1771108575511,-10.20610664371358,-6.379771064535791,0.8120228876502744,2
1771108575620,11.071565036087772,5.082061162329579,-3.369274687846168,2
1771108575734,27.854006624026823,-5.550572438917903,-3.3463739173327616,2
1771108575837,-0.6755725167020803,-6.4379770828689935,-1.3664122137464316,2
1771108575946,-17.505725323871197,5.067748074036994,2.564885443727882,2
1771108576054,-7.986640941786168,-8.151717222515266,1.5324426932469228,2
1771108576179,19.345419701341207,3.495228925669904,-3.473282460649595,2
1771108576288,8.259542003847674,7.261449875528295,0.8797710004191021,2
1771108576395,15.541029946853493,-9.330152811906016,-1.4809159595917583,2
1771108576496,-19.596374511825815,-12.702289775901242,-0.4103053382964009,2
1771108576604,-12.298664015767569,5.415076426823659,5.556297418102843,2
1771108576712,-11.396946710410718,-5.226144856644644,0.7633587503092856,2
1771108576813,11.376908642933193,-5.167938838311442,-3.5667939402460047,2
1771108576923,11.650763370157561,3.805343419650578,-1.994274791878915,2
1771108577029,-17.752862058609768,5.439885381436438,1.943702363716848,2
1771108577135,18.293893295597528,-8.961832299592139,-2.7624044826843073,2
1771108577239,23.959922825358504,-10.126908038966343,-3.8635494379837803,2
1771108577346,2.7108777490291427,4.429389202697493,-1.5009541337909889,2
1771108577455,-28.09923602843967,-2.457061089282299,1.2757633304641975,2
1771108577564,-10.41507628137012,-4.749045897835498,1.110687049735098,2
1771108577672,18.0410294472399,2.676526593259033,-1.4770991645061904,2
1771108577781,-15.765266764852305,-4.640267024453406,3.0963740526714854,2
1771108577888,14.721373095506113,10.445610642054662,0.9017175188002637,2
1771108577990,-16.686068472523818,6.33015272842341,2.6354961528108856,2
1771108578097,-14.432251187939473,-9.240457913951762,0.5772900432487107,2
1771108578205,17.460878301780895,4.734732809542914,-5.125954092370196,2
1771108578317,9.84828242460672,2.0744274886758376,-3.090648860043134,2
1771108578422,-14.363549730172899,-1.358778623575296,1.774809181180475,2
1771108578532,-11.428434736258122,2.967557111811868,1.2958015046634281,2
1771108578639,2.779580060569362,-7.227099146645008,1.3664122137464316,2
1771108578747,14.327289963416595,2.735686917085333,-1.36068702111808,2
1771108578848,2.09541986164646,3.5601144421245556,0.39026716409717027,2
1771108578985,19.359732362746968,4.20324420059931,-4.252862536711691,2
1771108579064,-14.615457352046725,-2.7862595586908117,0.8816793979618859,2
1771108579173,5.805343617601256,6.458015150346518,0.9083969102000072,2
1771108579281,28.196564516565058,0.30343510258093037,-3.8940837986683223,2
1771108579391,2.6507633331531566,11.770038109859849,0.4580152501855714,2
1771108579498,-22.981870472063942,-8.568701978891838,1.685114496669633,2
1771108579608,-15.032442108423297,1.110687049735098,3.910305071060279,2
1771108579715,2.2290076896413313,-8.770992545313751,-0.17080152671830395,2
1771108579824,25.93797634484546,-2.239503769404937,-5.673663973705757,2
1771108579932,-2.4541983862464174,0.9961831971680655,1.6746183101843215,2
1771108580041,-22.72519025550757,-7.425572491094531,0.9246182893136702,2
1771108580150,-20.344464641049804,2.427480820647443,3.370228993339266,2
1771108580249,16.889312704108594,9.36354987562644,-0.9036259163430476,2
1771108580350,-2.456106783789201,6.009541941235719,0.6812977093304319,2
1771108580457,-20.808205457389697,-10.122137151831089,0.9332060782561976,2
1771108580568,-13.517175740113368,3.76145048960996,3.583015212637962,2
1771108580674,6.773855050398955,-9.574427697382351,-1.0744274964222045,2
1771108580785,26.29103053059071,4.236641264319734,-2.0219464495275754,2
1771108580892,-6.351144887950621,-0.293893114867011,2.2185113964343146,2
1771108581000,-18.02671678583414,3.8816793213619327,0.3416030534366079,2
1771108581121,-22.75763365406513,2.254770949747208,1.606870197415494,2
1771108581217,7.821564661057068,-6.879770793858343,-0.6383587646177947,2
1771108581325,23.542938068981933,4.917938973650165,-2.1984733289567897,2
1771108581437,7.0438929825377565,-10.37118292444268,1.035305346795135,2
1771108581534,-23.58492324181,-2.145992289808527,1.9541984434804536,2
1771108581642,-3.5066793109266072,3.321564749276571,0.4666030391280988,2
1771108581751,11.556297585068053,-9.613549313400892,-0.2690839734912471,2
1771108581851,-3.64312984195736,-1.0438931357376624,1.9064885049108566,2
1771108581959,-18.798663058281686,1.2041984226098021,1.2280533918946006,2
1771108582064,-24.066793087754398,2.113549531581201,3.769084079781096,2
1771108582180,3.8062975117002638,10.311068722010104,-1.0019083897964172,2
1771108582275,19.530534903321477,3.649808913191986,-2.267175640497009,2
1771108582376,-28.29102944788092,-4.615458069840627,0.6822519081018238,2
1771108582485,-7.223281924672618,1.542938879732234,-1.1822518508677875,2
1771108582595,8.045801479055879,-5.9398855376458135,0.20133587406263273,2
1771108582702,13.035305040395322,6.708015015007794,-1.6078243961868859,2
1771108582810,7.016221324889096,-10.974236547962384,0.3339694632654724,2
1771108582919,-8.25477111671242,5.707061037426181,-1.5477098735891939,2
1771108583020,-9.866412307984874,1.3167938776340509,4.477099354710502,2
1771108583148,-5.854007434777127,-10.171755914830293,-0.2185114519476876,2
1771108583227,7.112595294077976,-5.480916035327997,-0.6583969388170254,2
1771108583335,-12.645991941667411,2.6622137184098595,-0.5734732481631429,2
1771108583436,-12.744274948729311,1.020038166452864,2.592557314819954,2
1771108583544,8.877862807709649,-9.977098938579514,-1.4942747423912455,2
1771108583643,3.395038161395456,-7.638358496949816,-0.042938931372423966,2
1771108583753,-17.568701375566008,-1.1965648324386666,2.896946616172276,2
1771108583861,-24.217557560851382,-2.829198396681743,0.5667939101242523,2
1771108584000,-5.586831778787385,-1.3482824370899846,3.3444655197899777,2
1771108584070,25.198473470955474,3.5753816224668267,-2.5543893639642765,2
1771108584184,-17.830152479257634,-1.29675570343482,3.0687021815794133,2
1771108584286,-16.54866384944338,-3.321564749276571,0.14790075620489743,2
1771108584396,-5.343511412247558,3.134542003527163,3.2318702782091404,2
1771108584503,6.672709767187998,-1.8234733185214638,-0.3740457849835073,2
1771108584611,17.200381717025778,7.541030008824427,-2.6879769785157364,2
1771108584721,1.9083969024536405,-10.039122178885108,-1.773854982409083,2
1771108584829,-16.495229572019078,10.51240476949551,1.249999963636615,2
1771108584936,-11.168892670439515,-5.001908465532656,1.4980915374768131,2
1771108585037,13.270991816764013,-0.5763358444773188,-1.5438930785036262,2
1771108585145,10.053434840290869,1.6164121851294133,-4.108778415509803,2
1771108585254,-17.14217484491893,4.124045595852073,1.885496131940234,2
1771108585362,-16.58778546546192,-2.542938978707573,0.5572519224103328,2
1771108585470,-7.112595294077976,0.2872137234672674,-0.39312976041134606,2
1771108585571,20.046755478149166,10.909350604620908,-1.1230916337631933,2
1771108585679,2.500954232766328,-2.9484731363840293,-1.2299617894373844,2
1771108585789,-10.500953957351982,2.809160329204218,-0.12404580026031221,2
1771108585896,-12.561068784622059,-0.743320576110055,-0.14599235866211357,2
1771108586006,7.56297711417497,3.4360686018436035,-2.4923663371020948,2
1771108586132,-4.59255729932722,-6.853053228259369,-1.9990456790141689,2
1771108586215,-9.44370214553654,-2.9093510934786657,-0.8606870249912633,2
1771108586322,-8.749999958899718,7.419847085022768,-0.29198471732422715,2
1771108586423,9.339694586176524,5.543892940796454,0.7080152749294062,2
1771108586531,6.875953998772776,-9.009542024718325,-0.8072518937933147,2
1771108586639,12.793892857954868,11.766220887887457,-3.1145037226062264,2
1771108586747,5.094465639635968,-0.9389312708845493,0.18129771320361526,2
1771108586847,-10.384541920685578,-3.14790078632665,1.162213676668557,2
1771108586955,-13.854961891742702,-0.8540076335915197,1.3616412198894718,2
1771108587056,17.130725740322696,14.363549730172899,-1.7185114536683508,2
1771108587164,15.442748647338886,-7.508587464040512,-0.8377862544778567,2
1771108587275,-6.979961558132791,-1.8969465171969373,2.2204197939770984,2
1771108587381,-13.804389463580636,1.3196564739482266,2.181297751071735,2
1771108587481,13.148854374025845,4.364503686242841,0.6860687031873915,2
1771108587590,15.434159684457596,0.5486641334678054,0.3740457849835073,2
1771108587698,6.353053498936816,9.089694294628424,0.987595408225538,2
1771108587810,-14.145038318245852,-6.707060922958108,2.0171755623923215,2
1771108587907,2.661259412916762,-0.35305343869331113,1.176526658239436,2
1771108588019,4.884541909929742,-6.481870012909611,-0.9007633200288717,2
1771108588145,-4.042938807005465,-1.7261450438394863,0.2786259612051664,2
1771108588232,-5.662213588449053,-0.7938931109938276,1.7414122241817571,2
1771108588333,-18.97137292918192,4.917938973650165,3.6507634321284956,2
1771108588440,6.465648740517653,-4.593511391376906,-2.0419847304485117,2
1771108588549,23.62404485782854,3.354961812996995,-2.705152556400791,2
1771108588657,22.074426906861678,-1.2776717280069814,-2.7251908373217275,2
1771108588766,-16.237594836526196,7.0858777284790015,2.6774808987521306,2
1771108588867,-2.8062976261683366,10.626908622062542,0.8129770864216663,2
1771108588967,19.879771013320692,6.830152457745962,-1.772900783637691,2
1771108589074,11.958015161102354,-5.331106934941169,-2.1173663266667693,2
1771108589189,-6.722328103300379,-0.14599235866211357,-0.21946565071907953,2
1771108589291,-11.62022900947302,-4.990458080275952,0.7910305146796518,2
1771108589401,-5.319656549684465,0.7452289736528388,0.6221373855041318,2
1771108589508,-1.5124045190476922,1.282442721863941,2.1526717879299766,2
1771108589616,23.42270966411678,-7.216602853437991,-3.4036258436162776,2
1771108589725,-0.5286259592685748,10.675572012351589,1.0877862792216915,2
1771108589833,-0.8769084041049262,0.2757633648909906,-0.8406488507920326,2
1771108589941,-19.78721341233056,2.643129742982021,3.5066793109266072,2
1771108590042,-1.1221374349918012,4.565839733728247,-1.0124045762817284,2
1771108590149,0.4332061088098074,2.844465577024014,0.7958015085366115,2
1771108590251,-1.3082060886915232,-4.184160225171471,-1.0133587750531203,2
1771108590358,-12.432251416875618,3.119274823184892,-1.4169847486302043,2
1771108590460,4.440839587954197,4.046755602091032,-2.7270992348645113,2
1771108590567,17.67461882657269,-5.922709746317347,-1.8692748595482769,2
1771108590676,14.879770305000585,5.024809236046062,-1.6393129556428199,2
1771108590784,-13.931297793454057,-4.513358694579984,0.6125953977902123,2
1771108590893,-14.526717826802626,4.422709704576044,-0.09160305537319957,2
1771108591015,-24.16221253800677,3.8043893276008918,2.8187023169181376,2
1771108591131,-14.925571846027399,3.4570609748142265,3.0229006405526007,2
1771108591218,14.36259521123639,-14.05438890135509,-2.455152691739515,2
1771108591327,-2.516221413108599,3.2251907800876913,-1.098282465707003,2
1771108591435,-14.798663516153978,-1.1173664411348416,0.9446564635129009,2
1771108591544,-9.98473252875065,8.30915991307323,1.5801526318165198,2
1771108591652,15.727099667770272,0.25858778700593577,-1.0849236829075157,2
1771108591754,13.827290234094042,-7.089694523564569,-1.684160297898241,2
1771108591853,-26.43702240900515,-4.423664223512553,1.1803434533250037,2
1771108591961,-16.06393044668945,0.9351144757989815,1.0229007627670397,2
1771108592068,10.086831904011293,-5.185114629639908,-1.205152621381194,2
1771108592177,24.173663350150296,3.9914122867937114,-1.4790075620489744,2
1771108592287,6.036259506834694,1.6612595273848345,-2.1898854332925564,2
1771108592395,-16.223282175120435,0.8578244286770874,1.0133587750531203,2
1771108592502,-19.41412115910778,13.192747730953286,3.8501908686277044,2
1771108592603,22.707061225903065,-1.746183218038717,-1.6488549433567392,2
1771108592711,14.97328242492723,-6.790076322790912,-3.6354962517862246,2
1771108592819,-19.09637392872962,3.3110686695129656,4.407442524233773,2
1771108592928,-13.61450337446511,-9.147900312961626,-1.3711832076033912,2
1771108593029,13.445610725537268,-0.9809160168257945,-2.6230914620610846,2
1771108593134,-5.984732559736117,3.122137312777362,1.7519084106670686,2
1771108593236,-8.813931383304682,5.863549635934458,3.8501908686277044,2
1771108593345,-15.766221283788813,-1.1669846705255165,1.251908361179399,2
1771108593453,-20.930342900127865,-1.5715648428739923,1.2194656029520732,2
1771108593562,2.7414121097136848,-3.4112594337874134,-0.6994274859868786,2
1771108593670,21.873091713149922,-1.8272901136070316,-3.0696564870725114,2
1771108593779,21.943702208789514,-2.5267174928722045,-1.5505724699033696,2
1771108593889,-2.935114353584542,-2.97041981484775,0.9742366254260509,2
1771108594025,12.45038130025377,-6.591602978341389,-0.5524809285533732,2
1771108594133,7.057251978780655,-3.949427540852466,-1.0744274964222045,2
1771108594213,0.339694655893824,-1.8740457466835307,-0.01908396875773214,2
1771108594321,10.131678926101596,4.37786268248574,-1.9093512079467383,2
1771108594421,-10.863549063594096,5.197519106946298,2.564885443727882,2
1771108594530,-15.01431307881879,-2.9093510934786657,1.0524809246801898,2
1771108594638,-15.191793836854279,4.2709924200898435,2.5763358289845852,2
1771108594747,1.729961838925054,-8.171755289992792,-0.9561068487696042,2
1771108594855,18.037213079041155,8.041030591920626,-2.4942747346448786,2
1771108594963,16.937976094397644,-1.8320610007422855,-1.1173664411348416,2
1771108595071,-18.646945773795487,-0.21278625931933598,0.41793892846753644,2
1771108595172,-17.957060809131054,1.793893049886608,-0.39217556163995415,2
1771108595280,1.6297709679289005,-4.817748209375718,-0.05725190627319642,2
1771108595389,11.578243836644951,1.5725190416453843,-1.5486640723605858,2
1771108595496,14.887404748945368,-0.8711832114765746,0.46087784649974717,2
1771108595606,-9.69561062118401,-0.17175572548969587,2.1564885830155442,2
1771108595713,-18.313931363075053,-0.7051526786152303,1.5820610293593036,2
1771108595813,2.3082060809451566,-1.9503816483948857,-0.13740458305979936,2
1771108595922,20.344464641049804,-2.939885454163208,-2.8530534726882473,2
1771108596031,7.33778577723965,0.2270992275500018,-2.3740456894494946,2
1771108596152,25.52099158846889,6.527671553936424,-1.7251908450680942,2
1771108596248,-15.580153270419325,-1.9675572262799406,0.6536259449600657,2
1771108596356,-11.228053207709227,6.513358892530662,1.8940840276044673,2
1771108596464,-6.1078245214107945,-7.312976822626871,0.8024808999363551,2
1771108596565,17.936068222717022,7.748091462381595,-4.232824469234166,2
1771108596674,-0.4780534243848021,-4.99427487536152,0.3339694632654724,2
1771108596774,-14.886450230008858,0.742366377338663,1.2604961501219265,2
1771108596881,4.952290129420275,-2.518129810651383,-0.9379770721131573,2
1771108596982,22.774808164733127,7.520038276184039,-2.8778626407444374,2
1771108597091,15.199426573251767,-1.3616412198894718,-2.515267107615501,2
1771108597199,-12.719465140342885,3.3740457884248336,2.2375953718621533,2
1771108597300,-6.058206185298413,3.6326335487503427,1.962786125701275,2
1771108597407,10.769084132278234,-9.025762870223458,-3.3158395566482195,2
1771108597508,18.061069222264717,2.796755638454417,-2.6507633331531566,2
1771108597617,-10.36164115017217,0.9608778426265638,1.7108778634972153,2
1771108597724,-14.388358684785679,-3.5639312372101233,0.10877862658814783,2
1771108597825,8.274809184189944,-0.239503811578097,-0.42461831986728,2
1771108597935,20.5410306551736,-0.5104961826121279,1.345419840775809,2
1771108598034,-3.7643127657590187,0.44083969898094294,1.2461831685510474,2
1771108598157,19.16698442436921,2.168893060321934,-2.756679290055956,2
1771108598250,-17.567748564176792,-1.464694687199801,1.6087785949582778,2
1771108598358,0.1393129806025832,-0.16889312917552007,-0.5667939101242523,2
1771108598459,10.37118292444268,-5.288167670063414,0.7356869859389195,2
1771108598568,9.534350708653655,1.6727099126415377,0.5038167912123844,2
1771108598676,-6.33015272842341,0.1135496137750009,-1.174618260696652,2
1771108598777,4.233778561283852,-7.984732757686795,-0.3654580227214063,2
1771108598884,9.599236651995131,3.0229006405526007,0.3120228915234578,2
1771108598992,20.664122616848278,5.5734732094313095,-3.741411995245612,2
1771108599154,-3.199427519981815,-0.3368320595796482,-1.031488551709567,2
1771108599209,-9.307252041392609,3.402671751566592,0.3559160350074869,2
1771108599318,-21.233777469100264,-12.782442899584987,2.3425572367152663,2
1771108599419,-0.3425572522079998,-2.4169847408838376,1.5963740109301827,2
1771108599526,11.345419763312142,-7.802481112516053,-1.8769084497194124,2
1771108599627,-8.797709684025902,-3.018129753417347,1.5877862219876553,2
1771108599735,-17.227099709511574,-1.050572527137406,2.3979007654559985,2
1771108599843,-16.24141120472494,-6.76622146022782,1.8625953614268276,2
1771108599954,9.26526686856454,4.209923698720759,0.32061068046598523,2
1771108600060,0.787213719594084,-3.551526759903734,-1.7633587959237718,2
1771108600174,-8.611640816882769,-3.7108776345610703,1.6755725089557134,2
1771108600278,-5.445610787508201,-3.355915905046681,-0.309160295209282,2
1771108600386,-0.10782442781675589,1.5639312527028568,2.422709933512189,2
1771108600495,-2.6793892962949144,-4.310114462995207,1.1784350557822199,2
1771108600602,-0.2872137234672674,9.091603332501442,1.3301526604335379,2
1771108600711,-9.969465348408379,3.8692748440555436,3.8988551126903994,2
1771108600821,-18.671754728408263,-1.8778625417690986,3.91984727221761,2
1771108600929,8.355915973036552,2.6421754374889233,-0.5811068383342785,2
1771108601041,18.36164023442759,-3.8816793213619327,0.24045801034948894,2
1771108601153,23.711831571683422,1.6727099126415377,-1.7480916155815007,2
1771108601245,-18.843511787919283,6.029580008713244,2.0419847304485117,2
1771108601353,-11.016220867016806,-1.60973279372967,1.6078243961868859,2
1771108601462,4.317748053166342,1.6641221236990102,-0.4742366292992343,2
1771108601562,-6.356870294022384,0.6049618076190769,1.744274820495933,2
1771108601671,-11.199427031124058,-8.010496231236083,-1.432251928972475,2
1771108601778,-14.944657102115707,1.9074428104039542,1.2041984226098021,2
1771108601879,-1.0171755701386882,-4.314885350130461,-2.366412099278359,2
1771108601990,13.62786237070801,3.437976999386388,1.3349236542904976,2
1771108602088,2.3740456894494946,-3.2280534831235728,0.6059160063904688,2
1771108602196,-15.70419804348322,-0.5658397113528604,0.9236640905422783,2
1771108602304,-20.654579135030477,0.8730916090193585,-1.0458015332804462,2
1771108602412,-6.43320619573374,-0.22041984949047147,-0.03148854945077403,2
1771108602513,7.374045543995955,-1.6765267077271055,-0.7919847134510437,2
1771108602621,28.326334695700716,-0.5181297727832634,-2.907442695935882,2
1771108602730,2.1564885830155442,-4.921755768735733,0.08778626028763181,2
1771108602839,-2.0515267181624313,0.7748091355659888,-0.03435114576494984,2
1771108602948,-23.107824283000856,1.0543893222229737,0.6125953977902123,2
1771108603047,8.273854665253435,-0.7814885269657325,-1.5286258981613552,2
1771108603172,16.4255718877687,0.5706106518489671,-3.4246182165869006,2
1771108603280,-3.7137403375969518,0.1259541978030961,-0.31583968660902556,2
1771108603389,6.9122137655290805,-8.791030612791277,-2.8043892286255527,2
1771108603497,20.90171757731634,4.781488442619413,-4.1631680656442605,2
1771108603606,16.092557477048267,-0.3969465554969138,-2.0772899782683076,2
1771108603715,5.1106869120279255,-0.7461831724242307,1.3024808960631717,2
1771108603823,-4.283396897396233,7.2786260937435845,-1.328244262890754,2
1771108603931,-11.16507630224077,4.195610610428174,1.220419801723465,2
1771108604042,-4.381679477571308,3.188931226774798,0.7366411847103114,2
1771108604148,-11.84064860549944,-8.249045710640656,-1.562022855160073,2
1771108604257,1.450381705628922,2.937977056620424,-1.1879770434961392,2
1771108604365,20.946564599406646,3.352099109961113,-1.499999935019597,2
1771108604473,16.06679400349898,-1.1631678754399488,-0.1774809181180475,2
1771108604582,-14.991411454531736,0.7318702442142045,-0.34923664360774337,2
1771108604690,-11.299618222285329,-1.795801447429392,0.3692747911265476,2
1771108604798,-13.131679009584202,-0.38549617024021055,1.515267115361868,2
1771108604907,-1.9179388901675598,-2.8683206530305183,-0.33110686695129654,2
1771108605045,-21.998091005150325,6.175572314014505,2.3587785091072235,2
1771108605145,-3.405534241159062,-7.3788164311312086,0.1383587818311913,2
1771108605233,-6.8635495214663855,-1.3387404493760653,3.211831997288204,2
1771108605341,-31.525762642569354,3.6650760935342572,2.8559159622807173,2
1771108605449,-14.806297960098759,0.695610690901311,0.9790076192830106,2
1771108605557,5.7061069453764945,4.7337787174932275,-0.48473281578454563,2
1771108605666,10.768129613341726,-3.359732700132249,0.1727099242610878,2
1771108605775,22.390266806914116,-0.5467557359250216,-3.8511449606773906,2
1771108605883,1.2194656029520732,0.6917938958157432,1.1087786521923142,2
1771108605992,-14.739503832657912,1.5734732404167762,1.5505724699033696,2
1771108606100,-22.423663016860893,3.970419700379677,1.2490457648652231,2
1771108606200,9.72328227883267,1.3530534309469444,0.1106870241309317,2
1771108606307,27.083014870515786,1.6040076011013182,-1.389312984259838,2
1771108606416,4.10687023141043,1.4895037485342857,1.3062976911487394,2
1771108606525,-13.90457980096826,-0.8769084041049262,1.6431297507283877,2
1771108606633,-24.55725189658009,5.852099250677755,2.4284351261405406,2
1771108606743,-11.022900792025078,-11.458969096942665,0.4370229038953752,2
1771108606850,32.561069056581545,2.47232826962457,-3.541030466696717,2
1771108606951,8.340648792694282,-2.7452289047992524,0.03148854945077403,2
1771108607060,-9.126908580321238,-5.703244242340613,1.222328199266249,2
1771108607169,20.611641150813192,-3.37213739088205,-2.581106929563251,2
1771108607268,18.13167971790431,4.772900760398591,-1.5104961215049084,2
1771108607368,-15.093510829792379,-1.2547709574935748,1.9704197158724106,2
1771108607476,-20.454198460255228,1.3024808960631717,0.6717557216165125,2
1771108607584,-9.721374094733298,-2.671755706123779,1.2919847095778605,2
1771108607693,7.291030571049974,-0.8301526643067213,-0.6040076088476849,2
1771108607800,18.21660287494966,0.7795801294229485,-1.448473308086138,2
1771108607909,16.013358018527384,-1.7585878020668122,0.013358778630670495,2
1771108608037,17.28053398693588,-2.581106929563251,-4.115457913631252,2
1771108608131,-5.6746180657554435,2.6812976938376982,1.4980915374768131,2
1771108608226,11.098282174799923,1.5639312527028568,-1.0372137443379188,2
1771108608336,27.401716619830456,-0.01908396875773214,-2.5248090953294207,2
1771108608443,10.225191046028241,0.44083969898094294,0.11259541500360896,2
1771108608544,-11.954197939129964,3.2700380156214064,0.9227098917708864,2
1771108608652,-15.178435694385026,6.908396970443513,3.1278625054057136,2
1771108608761,-9.730915869003805,-6.224236558077199,0.6583969388170254,2
1771108608869,11.114503874078704,-6.973282486898165,-2.1097327364956335,2
1771108608978,24.53053390409429,6.651717607660787,-2.844465577024014,2
1771108609129,-7.181297605618195,1.3854961891742703,0.5648855125814684,2
1771108609194,-16.74999904315514,-4.439885495904511,2.083015170896659,2
1771108609302,-16.45896980526277,1.0849236829075157,0.7805343281943405,2
1771108609411,-7.037213484416307,-3.2471374585514114,0.9952289983966736,2
1771108609520,-4.659350999881244,-1.1784350557822199,1.8015266400577434,2
1771108609630,15.738548772366507,-3.0419846159804393,-1.5515266686747615,2
1771108609737,6.810114390268438,0.14026717937397515,3.0543893067302403,2
1771108609845,9.789121887337009,0.20992366300516016,-0.5104961826121279,2
1771108609955,-26.12118250895271,3.0114502552958973,3.701335860290562,2
1771108610063,-12.817748147404783,-4.478053446760188,0.9026717175716557,2
1771108610171,5.3091602564774485,-1.9236640827959115,-2.2528625522044243,2
1771108610272,16.87786189196507,-1.5982824084729665,-3.405534241159062,2
1771108610379,12.485686548073566,9.223282549510118,0.03435114576494984,2
1771108610488,-22.612594587039908,5.1765265205322635,3.9513357249518384,2
1771108610588,-8.319656206280248,-7.987595460722677,-0.24141220912088088,2
1771108610696,-1.0458015332804462,-0.11927480640335253,0.6898854982729593,2
1771108610804,11.196564328088176,-1.0257633590812156,0.03721373874407234,2
1771108610905,-6.853053228259369,0.8082060925647067,1.54580147604641,2
1771108611039,11.088740400529415,-3.106870132435091,0.10782442781675589,2
1771108611128,-2.715648849607808,-0.24141220912088088,0.15648854514742488,2
1771108611230,5.308206164427762,2.379770882077846,1.6421755519569956,2
1771108611338,10.060114765299142,5.58874038977358,-2.042938822498198,2
1771108611447,12.78148838064848,-3.969465608329991,-1.0181297689100801,2
1771108611555,9.356869950618167,1.638358756871428,-2.8062976261683366,2
1771108611664,0.7204198589575014,5.527671668404496,0.13167939043144772,2
1771108611764,-7.764313161660374,-3.816793804907281,-0.8435114471062084,2
1771108611873,-2.87690833525134,2.752862494970388,0.4914122071842892,2
1771108611980,15.996183507859387,-10.71660266624315,-1.9064885049108566,2
1771108612125,-5.40839692870221,-8.524808621964397,-1.7089694659544314,2
1771108612190,-0.10877862658814783,7.1459923577983995,-0.9045801151144395,2
1771108612298,-5.348282299382812,-1.3950381768881897,1.2280533918946006,2
1771108612398,4.098282549189609,0.6354961683036189,1.0486641295946222,2
1771108612506,-8.145038151280641,-4.416030633341418,2.6059158841760297,2
1771108612614,-3.7557250835381972,-1.5896946195304391,-1.448473308086138,2
1771108612722,6.781488640570091,-5.614503863322868,-3.178435147011192,2
1771108612831,-0.6545801437314577,5.2080154001533145,-0.618320590418564,2
1771108612940,14.167939088759258,-0.8854961930474536,-2.2022901240423574,2
1771108613050,-9.200381778996713,1.176526658239436,-0.17175572548969587,2
1771108613155,-12.955152770485222,-5.8253816850787805,2.763358788177405,2
1771108613257,-9.70896961742691,3.030534230723736,2.798664035997201,2
1771108613365,16.46755706059677,6.021946418542108,-2.329198453915779,2
1771108613473,18.639313037397997,-1.2041984226098021,-4.9303434509565545,2
1771108613582,7.967557393245151,4.22519087906303,-0.6354961683036189,2
1771108613690,-4.251908444662004,-0.05343511452268198,3.2996182842562622,2
1771108613799,-11.862594857076337,-3.8702289361052293,1.4942747423912455,2
1771108613907,-17.990457019077834,6.130725291924201,1.0543893222229737,2
1771108614054,8.879770991809021,-6.291030258631223,-3.750954196402943,2
1771108614144,-3.628816753664775,4.239503540468792,3.4971373232126877,2
1771108614234,4.300572261837876,-0.6354961683036189,1.222328199266249,2
1771108614341,5.4417939924226335,1.2099236152381538,-1.5333968920183147,2
1771108614449,8.271946481154062,1.7547710069812443,-2.981870200104453,2
1771108614558,1.729007640153662,0.6450381560175382,-1.2938931071206443,2
1771108614662,-2.6803433883446006,2.0973282591892444,-0.4646946415853149,2
1771108614766,-2.59064891727717,-3.1469464808335523,-1.6889312917552006,2
1771108614871,-11.43893102946514,-4.22519087906303,2.110687041988731,2
1771108614977,-0.9131679040569669,8.096373907217947,0.1498091537476813,2
1771108615075,15.623091254636611,2.147900687351311,-1.3645038162036476,2
1771108615184,-3.8797711372625603,-0.6116411990188204,1.0410305394234867,2
1771108615291,1.7080152671830393,-3.3921754583595747,-0.07347327871675274,2
1771108615392,-7.986640941786168,-1.5725190416453843,3.166030456261391,2
1771108615500,-17.691793337240686,-9.373091649896947,3.933205841573686,2
1771108615608,-2.6622137184098595,4.113549729531879,-2.778625968519676,2
1771108615716,2.267175640497009,-3.1727099543828405,-2.841603087431544,2
1771108615820,12.412213349398092,1.4580152958000576,0.5448473383822376,2
1771108615925,0.4198473260103203,-1.3769084002317429,1.5286258981613552,2
1771108616056,19.76144993878127,-0.7461831724242307,-2.1402670971801756,2
1771108616140,-8.672709538251853,-3.5009541182982553,-1.1536258877260295,2
1771108616243,-18.56297713568664,-6.666984788003059,1.4456107117719623,2
1771108616343,16.675572179316802,17.34351174617798,-5.245228832072483,2
1771108616451,16.54007659410938,0.9923664020824977,-1.5019083325623808,2
1771108616560,4.400763452999147,3.8244273950784167,2.2290076896413313,2
1771108616668,-11.661259663364579,-5.837786162385171,-0.023854960947165174,2
1771108616779,-16.543892962308124,-3.010496163246211,-1.0877862792216915,2
1771108616885,-5.702290150290927,2.1249999168379046,2.153625879979663,2
1771108616993,-11.753816410581068,-0.0019083969174613804,4.705152540908058,2
1771108617138,22.999999501668448,2.981870200104453,-0.8912213856758052,2
1771108617210,7.889312453660779,-1.5582060600745051,0.2824427562907342,2
1771108617319,5.923663838367033,-2.146946595301625,-0.30820609643789004,2
1771108617428,12.89217501124312,1.6498091421281311,0.05534351206546585,2
1771108617537,17.608777510521058,-3.3129770670557495,0.32061068046598523,2
1771108617644,5.777671533065773,1.9446564557665342,-0.3711831886693315,2
1771108617752,-3.7280534258895366,-0.43988550020955103,-2.2662213350039115,2
1771108617861,-4.872137432623353,1.2309159882087763,-2.612595382297479,2
1771108617969,-19.935114328618013,4.863549750402531,0.1383587818311913,2
1771108618071,-6.590648886291703,-2.3759540869922784,1.7996182425149596,2
1771108618274,18.575380759219385,4.903625885357581,-2.1679389682722476,2
1771108618297,22.4599227836172,2.9160305916001152,-2.5372137860792217,2
1771108618403,-2.07061069359027,3.3807250731028713,-0.6421755597033625,2
1771108618511,24.004769847448806,4.833969481767675,-3.7633586737093325,2
1771108618620,21.82538113425009,-1.3377862506046734,-1.0133587750531203,2
1771108618728,19.76908438272605,3.11354963055654,0.4971373998126408,2
1771108618836,4.5887405042416525,0.17938931566083138,-0.20896946423376822,2
1771108618946,-5.08110664339307,3.187022829232014,1.6727099126415377,2
1771108619054,-13.304388880484437,-1.622137377757765,1.0124045762817284,2
1771108619162,3.0019082675819777,3.5248091943047597,-0.5648855125814684,2
1771108619270,-13.623091483572756,-2.8492366776026796,1.8568701687984759,2
1771108619371,6.753816556034607,-2.610686984754695,-2.4761450647101375,2
1771108619479,15.904580425805761,-0.6288167769038753,-4.290076395517682,2
1771108619589,18.9427476063704,0.9885496069969301,-1.4389313203722187,2
1771108619696,1.9503816483948857,-2.415076343341054,0.5143129776976957,2
1771108619804,-2.4456107040255954,-0.6316793732180511,-1.2576335538077505,2
1771108619913,-10.398854582091339,1.1793892545536118,0.2232824458046473,2
1771108620021,-14.087785965075513,6.644084017489652,0.9322518794848057,2
1771108620133,-21.306297002612876,-1.328244262890754,2.5562977615070603,2
1771108620239,-8.703243898936396,-3.3024807738487323,-0.5906488260481978,2
1771108620346,2.2280533841482337,1.5562976625317213,-0.4341603075811994,2
1771108620447,26.24618350850041,2.8959923106791785,-1.5706106441026004,2
1771108620554,5.163167951176187,3.583015212637962,1.9417939661740642,2
1771108620663,-8.89312998805192,2.2557252552403058,2.0486640151265494,2
1771108620771,-17.24045785198083,-2.585877816698505,0.18988548880592948,2
1771108620872,-13.395991962538064,-3.39694655893824,1.6164121851294133,2
1771108620980,6.537213755093755,-5.038167805402138,-4.060114598333931,2
1771108621088,14.619275427792761,2.97041981484775,-3.6059159831513687,2
1771108621188,-8.817747751503427,4.586831893255457,1.3053434923773475,2
1771108621297,-10.083015535812548,-5.115457799163179,-1.0715649001080285,2
1771108621406,-16.685113953587308,9.849236089769583,1.97996170358633,2
1771108621514,-12.138358622173724,-3.750954196402943,0.8416030495634245,2
1771108621623,8.861641108430868,5.974236693415923,-0.4666030391280988,2
1771108621731,14.807252479035268,1.3645038162036476,-2.693702171144088,2
1771108621840,18.04770937224817,-1.0438931357376624,-2.812022818796688,2
1771108621947,13.54771010079791,-1.206106820152586,-0.021946565071907953,2
1771108622072,7.254770804293669,-0.8454198446489922,-0.041030533829640094,2
1771108622185,23.692748023142407,-0.8435114471062084,-2.490457939559311,2
1771108622264,-4.4208015204766715,0.8578244286770874,1.6631679249276183,2
1771108622374,9.02958009219585,10.513358434658372,1.9895036913002495,2
1771108622483,16.21851128798518,-3.3463739173327616,-2.5963741099055215,2
1771108622591,7.543892711860308,3.2862595014567755,-0.0066793893153352475,2
1771108622699,10.548663682478168,1.3654580149750395,0.9074427114286153,2
1771108622807,-13.672709392798314,-0.5391221457538861,2.0114503697639696,2
1771108622915,-24.18034327515857,-2.3540076219719697,2.5791985320204667,2
1771108623023,-7.697519034219527,1.0410305394234867,0.9627862401693477,2
1771108623132,2.8797710382872213,-3.636450343835911,2.008587666728088,2
1771108623232,12.319656602181604,-2.7471373023420362,-3.2146947003240856,2
1771108623341,1.0238549615384318,0.18702289249175366,0.2910305185528352,2
1771108623441,-24.36068588245629,2.0286259476490245,3.39980904853071,2
1771108623550,-6.436068471882797,-6.231870148248334,1.0772900927363802,2
1771108623658,-2.520992300243853,1.9561068410232374,1.7862595664371783,2
1771108623766,9.852098792805466,-8.509541441622126,-1.5830152281306955,2
1771108623875,18.792939359757217,1.7786259762660428,-3.355915905046681,2
1771108623983,-1.7509542118956767,1.7595420008382041,0.059160303815980295,2
1771108624131,-2.8148855218325695,-10.27862617722619,0.3807251763832509,2
1771108624201,-11.215648730402838,-4.680343586295279,3.4866412434490823,2
1771108624310,-3.0095418577531134,-6.658396678895413,1.3616412198894718,2
1771108624417,8.011449896398947,-2.6879769785157364,-1.36068702111808,2
1771108624525,16.141220867337317,7.970420096281034,-3.2519083456866653,2
1771108624638,12.90744219158539,2.5791985320204667,-0.33587786080825627,2
1771108624742,-13.364503936690658,4.879771022794488,1.9055344128611704,2
1771108624851,-4.870228821637157,-3.811068825722341,-0.2624045820915035,2
1771108624959,7.379770950067718,5.617366139471927,-1.2633587464361022,2
1771108625070,13.661259434428434,-1.7881679639799621,-3.076335771750549,2
1771108625176,16.520991338021073,-0.6011450125335092,-1.9112596054895221,2
1771108625284,-1.8492365786273404,1.3368320518332815,-1.916030492624776,2
1771108625385,-19.180342566838462,-3.385496173681537,0.7366411847103114,2
1771108625494,-2.254770949747208,2.0925571586105787,0.5085877850693441,2
1771108625602,15.539122616527766,4.96564869877635,-0.8129770864216663,2
1771108625702,10.584923449234473,3.0038166651247615,0.4551526538713956,2
1771108625810,-10.8196565604403,2.750000005377918,2.349236521393304,2
1771108625912,-3.2480915506010977,-8.274809184189944,1.4456107117719623,2
1771108626019,8.812976864368174,-3.7729008748666635,-0.7528625638239743,2
1771108626151,-2.271946527632263,4.2347326533335385,0.588740428505414,2
1771108626228,-20.53244169229231,-2.9914121878183724,3.729007517939223,2
1771108626336,-9.991412453758922,3.156488468547472,0.7051526786152303,2
1771108626444,-11.082060475521143,-6.982824261168672,2.7146945441147103,2
1771108626552,5.9265265414029145,-6.300572459788554,-0.45992364772835526,2
1771108626660,19.32061074672843,2.9312977719423863,-3.0687021815794133,2
1771108626769,6.83396925283153,1.2089694164667617,-1.4456107117719623,2
1771108626878,-17.990457019077834,5.206106789167119,-0.6288167769038753,2
1771108626978,-11.933206206489576,-2.007633574678402,4.424618315562239,2
1771108627079,24.38740387494209,-6.382633340684849,-3.0725189766649814,2
1771108627203,4.736640993642285,10.972328363863012,0.3893129653257783,2
1771108627295,-18.287213370589253,-12.572518742991939,0.9341602770275895,2
1771108627403,-18.277671596318747,9.283396751942693,0.25095419683480025,2
1771108627506,4.710877946979821,1.3396946481474572,0.789122117136868,2
1771108627613,6.55057232444983,-4.014313057307118,-3.0095418577531134,2
1771108627720,-11.339694357240377,4.9723281968978,1.468511375563663,2
1771108627828,-9.568702291310588,2.0543892077549013,2.298664093231237,2
1771108627933,4.999045762496775,-2.799618341490299,-0.20515266914820046,2
1771108628075,3.1908396243175816,-0.3416030534366079,2.425572423104659,2
1771108628163,-7.424617972158022,-6.753816556034607,2.0333968347842784,2
1771108628254,-3.4522900876789726,-0.43129771126702354,-3.0171754479242487,2
1771108628356,2.912213796514547,-2.224236589062666,-2.6669846055451134,2
1771108628463,-2.72423653182863,-2.2146946013487465,0.9456106622842928,2
1771108628563,12.165075760885875,0.8568702299056955,-3.071564884615295,2
1771108628671,-1.82156492097868,5.339694617161991,-1.0467557320518381,2
1771108628782,9.224236214672981,-0.40839694075361704,0.9389312708845493,2
1771108628890,8.597328155477008,3.9513357249518384,-2.0744274886758376,2
1771108628996,6.241411922518842,-1.8492365786273404,-0.7614503527665017,2
1771108629138,-3.969465608329991,-4.781488442619413,1.0171755701386882,2
1771108629206,-4.241412151454988,1.7175572548969589,0.40553434443944125,2
1771108629313,-8.325381612352011,-7.429388859293276,0.695610690901311,2
1771108629415,2.5524809664214927,-1.2022900250670183,-1.0572519185371496,2
1771108629522,6.205152582649361,5.039121897451825,-1.4541985007144898,2
1771108629630,11.687023136913867,-1.2729007341500216,-4.049618305126914,2
1771108629739,-10.16221328678614,1.852099281663222,0.7204198589575014,2
1771108629847,-5.186068721689594,1.3158396788626587,-0.2795801599765584,2
1771108629956,23.05534281696577,0.8377862544778567,-2.937022751127326,2
1771108630068,6.384541951671045,3.730916128925418,0.1288167941172719,2
1771108630171,-4.144084090216421,-1.8291985111498155,-2.8711831426229883,2
1771108630273,-9.58301495271635,-11.366412349726176,1.6240457753005488,2
1771108630381,-2.147900687351311,2.090648761067795,-1.4790075620489744,2
1771108630489,3.873091639141111,-1.3940839781167977,-0.6269083793610915,2
1771108630597,3.27194641316419,2.6965648741799693,-5.16507613527556,2
1771108630698,11.403625781645344,2.3578244170575373,-1.2862595169495088,2
1771108630806,2.5524809664214927,-1.9398855686312801,0.6059160063904688,2
1771108630916,-4.768129873263337,-5.777671533065773,-1.142175502469326,2
1771108631023,-9.824427135156805,9.230916139681254,0.6650763302167689,2
1771108631175,6.469465535603221,1.6116411912724538,-1.1841602484105713,2
1771108631233,0.8463740434203842,-0.8912213856758052,-1.9427480582237502,2
1771108631340,-5.618320658408436,-5.572519117381623,1.6135495888152376,2
1771108631449,-3.716603040632833,9.549617888995927,2.532442685500556,2
1771108631549,6.345419908765681,0.8215648753641939,-4.127862390937641,2
1771108631660,-6.838740566853607,-9.883587672426517,2.0782442837614052,2
1771108631765,-2.6841601834301683,8.61545803885516,0.9017175188002637,2
1771108631875,-4.897900479285817,1.04770993082323,2.479961859795705,2
1771108631976,-0.4770992256134101,-4.88167920689386,-0.45229005755721974,2
1771108632084,4.4522899732109,-5.2423661290366015,-1.7557252057526362,2
1771108632200,-5.040076416388334,-7.004770939632393,-0.2967557111811868,2
1771108632300,5.995228852943134,-5.254771033229813,0.5982824162193333,2
1771108632409,-0.5944656211337656,5.437977197337066,0.021946565071907953,2
1771108632517,1.1526716889546376,-3.1278625054057136,0.9475190598270767,2
1771108632627,10.285305248460816,-3.2022900095742846,-0.5505725310105893,2
1771108632734,17.13549662745795,5.8664119120835165,-1.1374046153340722,2
1771108632834,-19.452289963737105,11.018129904889824,1.253816758722183,2
1771108632942,-9.37404531505981,-8.334923386622519,-0.3234732767801611,2
1771108633043,15.973281883572335,-7.64312938408507,-1.0582061173085415,2
1771108633196,-21.941793170916494,6.992366462326003,2.889313026001141,2
1771108633259,-13.359732195781758,1.790076361522746,-0.06297709890154805,2
1771108633369,-3.6145036653721903,3.8740457311907974,-2.3416029312221687,2
1771108633476,22.55629675280608,2.6574426178311943,-2.116412234617083,2
1771108633577,-9.964694461273124,-0.4332061088098074,0.9799618180544025,2
1771108633686,-13.999045586057768,-2.2270992920985475,1.0267175578526075,2
1771108633793,6.417939015391468,-2.5267174928722045,-1.2833969206353328,2
1771108633902,4.38358766167068,-0.46183204527113914,-0.08110686888788825,2
1771108634009,-16.140266348400807,-6.738549375692336,2.49999992727323,2
1771108634119,-15.084923574458381,-2.7881679562335955,0.4713740329850585,2
1771108634223,18.747137818730405,3.9456107457668983,-0.8139312851930584,2
1771108634327,6.631679113296439,-3.08874046250035,-0.3349236620368643,2
1771108634435,3.3301526449408043,5.851145158628069,0.09064885660180763,2
1771108634543,-21.91412236704148,-3.6488548211423,1.6746183101843215,2
1771108634654,-5.037213713352452,4.708015243943939,-0.7538167625953662,2
1771108634762,9.167938380439152,0.7557251601381502,-0.6498091498744979,2
1771108634861,7.275763390707703,0.7709923404804211,0.8940839819899811,2
1771108634969,-12.019083882471438,8.86354929253024,1.253816758722183,2
1771108635102,-20.212785424041126,-1.220419801723465,-0.7757633343373808,2
1771108635201,17.979960725870814,-1.5085877239621244,-2.0343511402773764,2
1771108635303,13.034350521458814,1.4952289411626374,-1.6583969310706586,2
1771108635411,-18.801526615091216,-2.208969408720395,2.0200380519847916,2
1771108635520,-8.165076218758166,6.44847337607601,0.45706105141417946,2
1771108635628,21.75572515754701,5.978053488501491,-1.5696564453312085,2
1771108635737,0.5763358444773188,6.640267222404084,0.9885496069969301,2
1771108635845,-23.94751920182576,-9.189885485789695,2.0162212568992235,2
1771108635953,8.77957980064775,-5.344465504297244,-1.2614503488933184,2
1771108636061,19.759540900908252,2.180343445578637,-1.5982824084729665,2
1771108636207,-8.730915556585055,1.2347327832943442,1.6335877630144682,2
1771108636278,-30.343511538753507,-5.343511412247558,5.191793700874534,2
1771108636390,-2.810114421253904,-15.685114494942205,-1.3778625990031348,2
1771108636495,13.03339685629595,-0.5935114223623736,-2.1879770357497725,2
1771108636603,2.551526660928395,10.451336048126425,0.2690839734912471,2
1771108636712,-26.234732696356883,-3.0954197471783877,2.392175572827647,2
1771108636821,6.362595273207324,-5.461832059900158,-1.4160305498588124,2
1771108636929,12.90935122945841,-12.053434611354724,0.14312976234793776,2
1771108637029,-22.34160341662507,-9.295801229249083,3.5486640568678522,2
1771108637137,-3.8005725325153237,-1.4532443019430978,-1.5486640723605858,2
1771108637252,14.794847147955233,-11.490457976563716,-0.9837786131399703,2
1771108637354,0.41603053092475256,1.4246183388013398,-1.2290075906659925,2
1771108637462,-15.259542483231634,3.204198407117069,3.55248085195342,2
1771108637562,16.656488630775787,2.0133587673067534,-2.722328134285846,2
1771108637671,5.740458101146604,-3.6354962517862246,-1.8931297221113694,2
1771108637781,-22.32442719840978,-5.1288167954060775,1.2385495783799119,2
1771108637883,3.7175571326825194,-9.6364500839143,-2.854961870231031,2
1771108637987,6.381679248635163,5.979007580551177,-0.4780534243848021,2
1771108638158,-11.5381677016899,6.763358757191938,2.141221402673273,2
1771108638205,-18.642174886660232,4.171755747865082,3.2146947003240856,2
1771108638315,13.385495669331046,-3.8377863913213153,-1.681297701584065,2
1771108638422,6.968511172876087,-6.287213463545656,0.1412213781453671,2
1771108638531,-21.12499987637864,-4.2996181697881894,2.4341603187688925,2
1771108638638,4.020038036492058,13.314885173691454,-0.7604961539951098,2
1771108638747,19.067748605918094,-1.6879770929838087,-2.7280533269141976,2
1771108638855,3.649808913191986,-2.1593510726080143,-1.5438930785036262,2
1771108638964,-28.567747731914817,-12.341602853758502,2.935114353584542,2
1771108639072,6.616411932954168,3.5248091943047597,-1.3998091707451494,2
1771108639205,-13.677481133707214,-0.9083969102000072,-0.16889312917552007,2
1771108639289,-1.8053434351433113,2.854961870231031,-0.22614502877860987,2
1771108639389,-13.834923824265179,8.353053270000672,1.6488549433567392,2
1771108639497,16.77194614850568,6.374999750513713,-0.9456106622842928,2
1771108639606,14.521946939667373,-2.1526717879299766,-4.642175635439601,2
1771108639715,-16.2108768440404,-3.985686880721948,3.6984731572546807,2
1771108639822,-3.9561066120870922,6.078244252775939,-0.06393129767293998,2
1771108639932,19.739502833430727,11.416984777888242,-1.9208015932034415,2
1771108640039,-2.353053316478872,8.633587922233312,2.141221402673273,2
1771108640170,-17.314884715819165,1.577290035502344,1.773854982409083,2
1771108640258,2.1851145461573025,-6.644084017489652,0.2671755759484632,2
1771108640365,14.641220825596013,5.855916045763323,-0.523854965411615,2
1771108640473,7.007633642668274,7.726145210804697,-0.9608778426265638,2
1771108640581,-27.818701376207027,-17.682251562970176,2.284351004938652,2
1771108640692,10.103053603290073,-8.678434944323616,-2.6774808987521306,2
1771108640791,13.426526323222605,-0.4875954120987214,1.606870197415494,2
1771108640899,-18.62690770631796,-12.470419367731296,2.6173662694327327,2
1771108641008,-4.015267149356804,-0.5916030248195897,4.88167920689386,2
1771108641187,12.718511475180023,-3.2347327678016105,-4.497137422188027,2
1771108641224,-9.934160100588583,-5.830152572214034,-0.4122137358391848,2
1771108641332,-14.474236360767541,-9.79198459037289,-0.9322518794848057,2
1771108641432,19.747137277375508,4.172709839914768,0.7690839429376373,2
1771108641543,7.016221324889096,-7.718511620633562,1.868320554055179,2
1771108641641,-12.687022595558972,-5.6574427013138,1.9885495992505633,2
1771108641749,26.104960809673933,-9.637404602850808,-4.856870252281081,2
1771108641849,-9.152671200096881,3.6259540506288936,2.1870229437000863,2
1771108641957,-21.249044649442535,-5.000953946596146,2.2204197939770984,2
1771108642066,13.00477067971078,0.2690839734912471,-0.6040076088476849,2
1771108642187,18.760495961199656,1.4971373387054212,-2.4484731936180655,2
1771108642274,-9.45992384481532,2.793893148861947,1.8492365786273404,2
1771108642382,13.256679155358253,-3.4217557269944305,-3.2996182842562622,2
1771108642491,5.653625906228232,-1.6803435028126732,1.7080152671830393,2
1771108642595,-1.6326335642430763,4.104007528374549,3.6927481780697406,2
1771108642700,6.753816556034607,-2.4990458352235443,2.2423664724408185,2
1771108642808,20.83110708167675,1.5791984330451279,0.6068702051618607,2
1771108642917,-10.005725115164685,2.7299617244569814,1.4303435314296913,2
1771108643025,-12.521946314829872,15.580153270419325,-0.7032442810724464,2
1771108643168,-8.072518617768031,7.314885006726243,-1.9675572262799406,2
1771108643233,-0.06488549644433192,6.125953977902124,0.36354962517862244,2
1771108643342,-3.0448473190163208,-0.3568702337788789,0.9150763015997508,2
1771108643450,-2.482824349388175,-11.33015258296987,-0.11641221008917672,2
1771108643560,4.482824333895442,-2.4141220378479558,-0.7318702442142045,2
1771108643660,-6.243320533505038,-3.1402671961555146,-1.5715648428739923,2
1771108643768,8.895038172151292,-5.612595252336673,-2.601144997040776,2
1771108643876,11.679389546742732,7.982824573587423,-1.2929389083492524,2
1771108643984,-3.347328222825859,3.224236688038005,1.253816758722183,2
1771108644171,-11.128816535484466,8.145038151280641,2.6927480790944016,2
1771108644198,3.7070608394755022,-10.051526656191497,0.2643129796342874,2
1771108644301,-3.1927480218603654,-8.46183171649594,-1.3053434923773475,2
1771108644411,-26.970419202048124,-6.8158397963402,3.9141218661458472,2
1771108644518,4.316793961116656,5.017175645874927,-0.2528625943775841,2
1771108644628,2.736641222578431,10.26335899688392,1.5524808674461537,2
1771108644735,10.372137443379188,2.529580195908086,-0.08778626028763181,2
1771108644844,-2.0295800396987107,-13.638358663915026,-1.4770991645061904,2
1771108644951,-15.369274594889767,-2.4112595482554857,-0.9131679040569669,2
1771108645060,-11.200381550060566,7.4274806751939035,1.8387404988637348,2
1771108645207,7.713740733498308,-3.990457767857202,0.40648854321083316,2
1771108645269,7.420801603959277,12.067748126534132,1.57538163795956,2
1771108645378,-3.0400762184376555,-0.1956106814342811,1.760496199609596,2
1771108645485,0.5305343568113586,-1.469465574335055,-0.18511449494896978,2
1771108645593,4.147900885301989,0.00954198437886607,-0.40553434443944125,2
1771108645702,-3.502862515841039,1.3492366358613765,1.484732754677326,2
1771108645810,2.8988550137150604,4.72900740347115,-0.6526717461886737,2
1771108645921,-2.5820610216129367,-3.4942748336202176,1.063931309936893,2
1771108646027,-3.963740202258228,-9.691793399211619,-1.0772900927363802,2
1771108646173,7.5286255315180375,-2.870229050573302,-5.270992305621771,2
1771108646236,2.352099224429186,-0.40839694075361704,0.8062976950219228,2
1771108646339,-0.572519049391751,-1.3253816665765783,-2.8311067942245267,2
1771108646449,3.525763286354446,-2.07347318318274,0.5734732481631429,2
1771108646553,-0.13740458305979936,-5.7414121931962905,-0.43797710266676715,2
1771108646661,-2.520038208194167,5.567747803359546,1.7261450438394863,2
1771108646769,-6.603053363598092,-3.729007517939223,-1.3692748100606074,2
1771108646877,-2.3425572367152663,6.296755664702986,-0.6746183179306883,2
1771108646986,-2.535305388536438,-2.6641221159526434,0.6822519081018238,2
1771108647156,-4.927480747920673,5.813931299822078,-0.7013358835296626,2
1771108647203,-0.5687023076670361,6.8959920662503,2.6574426178311943,2
1771108647305,-9.039121866466358,-3.6059159831513687,2.2032442160920436,2
1771108647413,4.562022938642679,0.38549617024021055,0.041984732601032033,2
1771108647521,6.026717305677362,5.0085875367672825,-1.1822518508677875,2
1771108647629,-6.903625656421435,0.7633587503092856,1.995228883928601,2
1771108647737,-15.96087826003959,-1.0534351234515817,1.5238549043043954,2
1771108647838,6.163167836708115,9.534350708653655,-2.042938822498198,2
1771108647946,12.803434632225375,-4.1211833197030145,-0.8196564778214099,2
1771108648055,-4.977099084033054,0.5562977236389409,0.20801526546237628,2
1771108648207,-1.2576335538077505,2.216602998891531,-1.7194656524397427,2
1771108648272,-4.465648969453799,-1.9093512079467383,1.1498090926404616,2
1771108648381,6.56297680175622,0.5229007666402231,-0.30438930135232234,2
1771108648488,-7.935113994687591,-2.841603087431544,-0.23091602263556957,2
1771108648597,-11.830152312292423,-3.9561066120870922,0.015267175339691044,2
1771108648705,9.282442233006185,0.4427480965237268,-1.158396881582989,2
1771108648813,7.683206372813766,4.549618461336289,-1.9742365109579785,2
1771108648923,-10.591602520469099,-2.488549542016527,-1.0219465639956478,2
1771108649035,1.8692748595482769,-2.8625954604021664,-2.947519044334343,2
1771108649227,11.705152166518372,0.8282442667639374,-0.2881679222386594,2
1771108649249,15.460877676943394,-0.44370229529511873,-0.9503816561412525,2
1771108649356,16.16412249162437,3.7729008748666635,-2.488549542016527,2
1771108649456,-23.205152771126244,-3.4637404729356756,1.992366394336131,2
1771108649567,-0.6412213609319705,1.5267175006185711,-1.190839639810315,2
1771108649672,15.721374261698509,6.478053217824043,-0.15935114146160068,2
1771108649785,5.522900781269242,9.687977031012874,1.0276717566239995,2
1771108649884,2.562977046185098,-2.376908392485376,-0.8797710004191021,2
1771108649989,-4.099236641239295,-1.4599236933428414,-0.2185114519476876,2
1771108650167,-4.864503842452217,-1.266221342750278,-0.30629769889510616,2
1771108650198,11.56297665630268,2.625954165096966,0.1259541978030961,2
1771108650308,-3.2824427063712074,12.25858788081252,3.1125953250634426,2
1771108650415,7.790076635209663,-1.1946564348958828,-1.222328199266249,2
1771108650517,-6.901717472322063,-2.1555342775224466,2.1994274210064755,2
1771108650626,0.9818702155971865,-11.33015258296987,0.07633587503092856,2
1771108650734,10.715649001080285,0.7519083650525824,-2.7709923783485406,2
1771108650841,1.7185114536683508,-7.8597326119127455,-1.375954201460351,2
1771108650941,-11.505725156905987,-0.15744274391881682,1.7662213922379475,2
1771108651050,2.575381736934899,2.4637403739603365,-0.32538167432294496,2
1771108651187,11.224236839510482,-5.432251791265302,-1.471373971877839,2
1771108651266,-5.712786016611121,4.805343305182506,0.043893130143815906,2
1771108651374,15.117366973015942,3.724236630803969,-0.5057251887551683,2
1771108651483,1.2022900250670183,3.98854958375783,-1.284351119406725,2
1771108651592,-12.883587755909122,0.10973282535953977,1.0753816951935964,2
1771108651704,3.5667939402460047,9.533397043490792,-0.5534351273247652,2
1771108651800,-3.39980904853071,-0.8559160311343036,-1.3540076297183363,2
1771108651909,4.6183203459896855,-2.0181296544420078,-2.0419847304485117,2
1771108652017,4.0477096941407185,-8.078244023839794,-1.5267175006185711,2
1771108652175,13.05820581090873,0.040076335058248154,-1.8759541442263146,2
1771108652233,12.185114682137046,-7.537213640625682,-0.4780534243848021,2
1771108652334,-13.108778239070796,4.229961766198284,5.257633309378872,2
1771108652442,-13.902671616868888,2.97328230444022,2.764312880227091,2
1771108652542,-1.6412213531856037,-4.72900740347115,-1.8330153062353831,2
1771108652651,0.25858778700593577,8.946565119249868,-0.8721374102479665,2
1771108652754,13.365457601853521,6.048663984141083,-0.0696564903012916,2
1771108652859,-2.236641279812467,2.284351004938652,0.897900723714696,2
1771108652959,-1.6125953900438457,2.0133587673067534,1.3263358653479702,2
1771108653068,-1.0725190988794204,-4.266221106067766,-0.15648854514742488,2
1771108653191,-0.4895038096415053,-3.6908395670835454,0.818702279050018,2
1771108653292,2.6545801282387242,-6.233778332347707,-2.128816711923472,2
1771108653404,-5.338740525112304,-3.3912213663098885,1.7509542118956767,2
1771108653509,-12.059160017426487,4.726145127322091,2.2442748699836024,2
1771108653617,10.729007143549538,2.8196564089678238,-1.372137406374783,2
1771108653718,3.2633587309433687,0.5543893260961571,0.5114503813835198,2
1771108653827,-4.767175354326827,-4.364503686242841,1.66889311755597,2
1771108653936,3.0896945545500363,-0.6374045658464027,-2.087786271475325,2
1771108654044,0.041984732601032033,2.690839681551618,1.606870197415494,2
1771108654229,-9.222328030573609,-6.585877572269626,2.564885443727882,2
1771108654264,2.392175572827647,2.9093510934786657,-2.5696565443065476,2
1771108654361,-7.901717784740814,-1.7366412303247976,-0.239503811578097,2
1771108654468,17.426525865350314,5.9809157646505495,-1.8349237037781672,2
1771108654579,-10.477098667902066,-1.9694656238227246,-0.5038167912123844,2
1771108654685,-11.293892816213566,-2.9637403167263003,-1.0992366644783949,2
1771108654787,6.4246180866260945,-0.43797710266676715,0.11450381254639284,2
1771108654895,-4.133587797009405,-1.8416029884562048,-0.41603053092475256,2
1771108655002,-0.17938931566083138,-1.5562976625317213,0.36164122763583856,2
1771108655111,-21.008587839712238,-3.4971373232126877,3.37213739088205,2
1771108655223,-7.3979008334458705,-0.5896946272768059,0.8473282421917762,2
1771108655328,21.436068889295825,-3.440839702422269,0.2967557111811868,2
1771108655436,-9.777671928967129,7.34255751814855,1.8893129270258018,2
1771108655546,-8.255724781875282,-6.910305154542885,1.7853053676657864,2
1771108655652,5.563931008273978,5.669847178620189,-0.42748091618145584,2
1771108655754,-6.219465670941945,4.91030538347903,0.1669847316327362,2
1771108655862,2.3931296648773333,2.316793763165978,-1.7375954290961895,2
1771108655971,-1.3301526604335379,-1.249999963636615,-0.8139312851930584,2
1771108656078,-3.0448473190163208,-11.10591576497106,-1.313931281319875,2
1771108656212,-1.035305346795135,-4.998091670447089,-0.48187021947036984,2
1771108656287,2.6832060913804825,4.5772901189849495,0.8387404532492487,2
1771108656395,12.329198376452112,2.49999992727323,0.1669847316327362,2
1771108656506,-7.836831841399339,-2.7270992348645113,-0.23664121526392118,2
1771108656612,-15.363549188818004,11.311068180655209,2.361641212143105,2
1771108656721,-7.53530545652631,3.165076364211705,-0.618320590418564,2
1771108656829,-5.797710027430121,-7.468511329085462,-2.8683206530305183,2
1771108656938,7.790076635209663,-3.689885475033859,-3.0085877657034272,2
1771108657046,2.6669846055451134,0.8396946520206406,-1.7080152671830393,2
1771108657146,-10.56679356585632,2.5219466057369506,1.7204198512111346,2
1771108657257,9.163167493303897,-3.862595345934094,-0.5114503813835198,2
1771108657363,8.481869783973465,1.110687049735098,-0.3473282460649595,2
1771108657463,-14.18225175016502,-1.266221342750278,1.959923636108805,2
1771108657572,-13.564885465239554,0.6574427400456334,2.2013358185492597,2
1771108657680,5.153625750018857,-2.281488515346182,-1.2328243857515602,2
1771108657781,-0.6736641191592964,-4.341602915729435,-0.8902671869044133,2
1771108657892,-11.004770908646925,-1.1307252239343286,1.8129770253144468,2
1771108657997,21.538168264556468,-4.27767149132447,-4.305343575859953,2
1771108658105,15.484732112619662,0.31679388538041753,-1.9809160090794278,2
1771108658230,19.104006665127105,3.0868320649575662,-0.28148855751934226,2
1771108658330,-3.4494273846430907,-3.751908288452629,-0.7232824552716771,2
1771108658438,3.119274823184892,-1.8330153062353831,-1.482824357134542,2
1771108658540,7.57442707254485,5.446564879557887,2.550572568878709,2
1771108658647,8.873091066800749,-3.8950383176048313,-0.6297709756752673,2
1771108658755,6.374999750513713,1.1145038448206657,-2.153625879979663,2
1771108658864,-10.468511412568068,-3.9093509790105934,2.115457929123985,2
1771108658964,1.7328244352392297,2.8864503229652594,-1.0696565025652447,2
1771108659073,7.03625939236662,3.550572454410636,-0.5629771150386845,2
1771108659205,12.787213786720242,-3.644083934007046,-2.947519044334343,2
1771108659282,5.280534079892279,1.6297709679289005,-1.002862588567809,2
1771108659381,18.416985257272206,1.9322519784601446,0.061068701358764174,2
1771108659490,0.5963740186765495,-6.1793891091000726,-0.1984732777484569,2
1771108659598,3.333969440026372,-3.9370226366592536,-2.101145054274812,2
1771108659706,11.018129904889824,1.3320610579763217,-3.385496173681537,2
1771108659816,6.3473280928650535,-5.065839463050798,-1.5009541337909889,2
1771108659916,-13.055343107872847,2.0143128593564397,0.6192747891899559,2
1771108660023,-3.1450380832907685,0.015267175339691044,0.8282442667639374,2
1771108660139,6.880724885908029,0.7652671478520695,-2.748091607835134,2
1771108660243,1.268129740293062,-0.003816793834922761,-0.9475190598270767,2
1771108660349,3.92557225140255,-0.5162213752404796,0.4770992256134101,2
1771108660457,3.1316793004912813,2.734732825035647,1.1536258877260295,2
1771108660566,-6.525763369837051,-9.36354987562644,2.0200380519847916,2
1771108660675,-9.19656455702432,-0.08683206151623987,1.2795801255497652,2
1771108660783,-0.6469465535603222,-6.092557341068523,0.7757633343373808,2
1771108660892,8.528625843936789,-9.19370185398844,-0.6937022933585271,2
1771108660993,-0.5667939101242523,-3.0820609643789005,0.023854960947165174,2
1771108661159,-5.828244388114662,-6.577289890048805,-2.4513358966539474,2
1771108661215,-10.905534236422165,-1.7003816770119038,2.0896946690181086,2
1771108661316,8.961832299592139,1.6469465458139554,-0.3425572522079998,2
1771108661427,9.520038047247894,-4.585877801205771,-1.404580164602109,2
1771108661533,-5.089694752500714,-1.1307252239343286,-1.437022922829435,2
1771108661642,-6.747137484799981,4.663167794966812,-0.4112595370677929,2
1771108661746,7.448473261607938,6.814885277403691,-0.35019084237913534,2
1771108661850,-3.949427540852466,4.241412151454988,-0.014312976568299106,2
1771108661950,-4.6011449815480425,0.87881680164771,0.6240457830469156,2
1771108662062,0.8549618323629117,-6.194656289442343,-1.4141221523160283,2
1771108662174,-7.590648771823631,4.500954217273595,1.1020992607925706,2
1771108662276,-11.826335944093678,-10.979007435097637,2.9036259008503142,2
1771108662384,0.3215648792373772,3.071564884615295,-0.2576335882345438,2
1771108662484,-1.8893129270258018,-0.8339694593922891,-0.9589694450837799,2
1771108662592,19.62309079676432,-5.31202295951333,-2.4465647960752817,2
1771108662702,11.963740567174117,-12.656488234874429,-3.3454198252830754,2
1771108662809,-14.400762308318422,2.763358788177405,0.912213705285575,2
1771108662918,4.666030498002694,-7.638358496949816,0.5009541948982086,2
1771108663026,-6.950381716384758,-1.6154579863580214,1.5114503202763003,2
1771108663127,3.968511516280305,8.660305060945463,1.4580152958000576,2
1771108663234,3.2213739850021237,-1.9208015932034415,1.6440839494997797,2
1771108663364,-1.002862588567809,-4.342557007779122,-0.2232824458046473,2
1771108663443,13.429389026258487,-4.904579977407267,-1.7547710069812443,2
1771108663552,-8.641221512404448,5.708015129475867,1.5343510907897067,2
1771108663660,-17.512403541332176,-10.197518534605935,2.6097326792615974,2
1771108663768,-1.205152621381194,-8.657442357909582,-0.3473282460649595,2
1771108663877,13.640266848014399,4.850190754159632,-2.982824292154139,2
1771108663986,-13.967556706436717,-1.3511450334041606,0.6059160063904688,2
1771108664093,3.825381487128103,2.688931284008834,-1.3225190702624023,2
1771108664200,-4.614503550904118,-1.4179389474015962,-0.6755725167020803,2
1771108664301,-8.051526885127643,-1.884542039890548,-2.5591602510995304,2
1771108664402,12.832060808810546,1.312022883777091,-1.3406488469188491,2
1771108664511,7.381679134167091,0.6984732872154867,-3.030534230723736,2
1771108664615,3.4742365526992813,6.24618323654092,-2.0047708716425205,2
1771108664721,5.321564733783838,-2.1793893535289506,0.17175572548969587,2
1771108664829,-7.850190837642238,-5.040076416388334,2.4437023064828116,2
1771108664928,2.0019083820500505,0.8387404532492487,0.19656488020567303,2
1771108665036,5.8253816850787805,0.726145051585853,-0.11641221008917672,2
1771108665160,-18.256679009904712,-5.3024807583559985,1.0124045762817284,2
1771108665262,-7.733778800975833,2.9608778271338303,1.4379771216008268,2
1771108665369,-7.177480383645804,1.7366412303247976,1.4103053572304607,2
1771108665471,0.7948473097652196,-5.828244388114662,-0.2795801599765584,2
1771108665578,12.238549813334995,1.963740431194373,-1.8072518326860951,2
1771108665679,-6.625000042061813,5.102099229807104,2.752862494970388,2
1771108665789,-9.228053436645373,0.9646946377121316,0.9866412094541461,2
1771108665896,-7.368320137924192,-1.7862595664371783,0.6898854982729593,2
1771108666004,-12.45038130025377,-3.842557278456569,1.3711832076033912,2
1771108666112,-7.223281924672618,2.2375953718621533,-0.08587786274484793,2
1771108666246,2.78339685565493,4.44656499402596,-0.5009541948982086,2
1771108666332,2.962786224676614,1.0181297689100801,-0.24045801034948894,2
1771108666437,-3.119274823184892,1.7528626094384605,-0.02862595313659821,2
1771108666546,2.9217557842284667,-0.6860687031873915,-2.6927480790944016,2
1771108666657,-2.5400762756716917,6.162213744658429,1.2595419513505346,2
1771108666763,9.093511516600815,-1.484732754677326,-0.014312976568299106,2
1771108666864,-4.393129862828012,4.179389338036217,0.6736641191592964,2
1771108666971,-0.2499999980634083,2.290076197567004,-0.7757633343373808,2
1771108667079,0.010496183150258008,-0.16125953900438456,-0.004770992189433035,2
1771108667180,17.13263307064842,3.488549640991866,-0.6221373855041318,2
1771108667288,7.304389567292873,0.47041983421366657,-2.238549677355251,2
1771108667398,4.490457924066577,5.970419898330356,-0.3740457849835073,2
1771108667505,-5.0687021660866804,-6.094465525167895,2.628816654689436,2
1771108667613,-4.63931293240372,1.7786259762660428,1.7041984720974717,2
1771108667714,-2.5085878229374634,-1.7156488573541748,2.72423653182863,2
1771108667822,-5.1173664101493745,-2.530534287957772,0.8597328262198713,2
1771108667932,-14.406487714390185,1.8129770253144468,3.0868320649575662,2
1771108668031,0.3540076374647031,6.203243971663165,-0.8883587893616295,2
1771108668138,2.44083960344693,8.795801499926531,-0.8501908385059519,2
1771108668248,24.36545847713884,7.598282361994766,-0.8358778569350729,2
1771108668356,-2.080152681304189,-3.5753816224668267,1.3835877916314865,2
1771108668456,-0.28148855751934226,0.4646946415853149,1.9036260153183866,2
1771108668567,12.209923636749826,2.305343377909275,-3.478053347784849,2
1771108668673,2.457061089282299,7.209923782203365,-1.7156488573541748,2
1771108668781,-3.2833967984208936,-3.201335917524599,0.06297709890154805,2
1771108668882,-2.856870267773815,-1.8568701687984759,1.064885508708285,2
1771108668990,-9.200381778996713,-3.7051526553761303,2.2776717202606145,2
1771108669131,9.070610746087409,0.5782442420201026,-1.3988549719737573,2
1771108669198,10.982824657070028,-5.437977197337066,0.8435114471062084,2
1771108669307,8.051526885127643,-1.9837784986718978,0.9866412094541461,2
1771108669418,-5.709923740462062,1.4656488859711931,-1.0238549615384318,2
1771108669523,-8.057251437425759,-2.644083835031707,-0.339694655893824,2
1771108669632,15.363549188818004,4.578244211034636,-0.29007631978144327,2
1771108669741,-5.875954113240848,2.6669846055451134,3.133587698034065,2
1771108669849,-15.518130030113733,-2.6507633331531566,2.210877806263179,2
1771108669950,11.49618338263548,0.3893129653257783,-3.3616410976750326,2
1771108670060,15.062021950171328,1.9379771710884963,-2.4465647960752817,2
1771108670197,-11.225190504673346,4.72996192240766,2.2557252552403058,2
1771108670290,20.634541067552952,3.171755648889743,-4.263358829918708,2
1771108670391,-6.58492348021994,2.2604961423755596,-2.410305242762388,2
1771108670502,-1.6278625703861167,2.956106726555165,-0.4370229038953752,2
1771108670608,-7.81202288678656,-10.420801687441882,2.4236640255618753,2
1771108670708,-3.770992263880468,-1.8234733185214638,0.7013358835296626,2
1771108670817,4.823473188560658,-1.499045736248205,-1.4074427609162847,2
1771108670925,-16.866412787368834,3.277671605792542,0.7786259306515566,2
1771108671025,18.076336402606987,1.9513359538879835,-2.2757633227178307,2
1771108671133,5.892175385632805,-1.7213740499825265,-1.0562977197657575,2
1771108671253,5.552480623017275,-8.16889258695691,0.1335877879742316,2
1771108671352,-7.8425572474711025,-1.5696564453312085,-0.772900738023205,2
1771108671451,-8.155534444487659,2.2337785767765856,0.4351145063525913,2
1771108671559,8.103052978452572,8.563931091756585,0.6994274859868786,2
1771108671659,-5.148854862883603,5.09732834267185,-0.5505725310105893,2
1771108671767,-11.458969096942665,-4.053435100212481,-0.25381679314897604,2
1771108671876,-9.245228801087016,-7.5429390466974455,-1.177480857010828,2
1771108671985,-1.0381679431093107,3.4685113600709294,-0.5982824162193333,2
1771108672093,3.6097327782369364,-6.676526562273566,-0.5066793875265602,2
1771108672199,-3.8635494379837803,7.054389275744773,0.1498091537476813,2
1771108672302,-5.820610797943527,-8.685114015558243,-0.3578244325502708,2
1771108672409,19.213740484332533,-0.9246182893136702,-2.346374031800834,2
1771108672520,2.298664093231237,-2.9866410872397067,-0.29484731363840294,2
1771108672618,2.0333968347842784,-0.3110686927520659,0.5267175617257909,2
1771108672726,3.1421755936982985,-3.324427452312453,0.3578244325502708,2
1771108672836,0.603053410076293,-9.952289983966736,-0.061068701358764174,2
1771108672935,1.0725190988794204,4.317748053166342,0.6192747891899559,2
1771108673043,11.231870429681619,8.85209933416036,0.7270992503572449,2
1771108673163,6.778625937534209,-8.372137672315333,-1.9150764005750898,2
1771108673261,-3.0295801386740497,1.3206106727196185,0.9494274573698606,2
1771108673360,-3.1288168108988113,-4.009541743285041,-0.5124045801549119,2
1771108673469,-1.3110686850056992,0.958015246312388,-1.9761449085007623,2
1771108673569,0.7156488651005416,1.7414122241817571,0.5429389408394538,2
1771108673678,14.0419844240487,-0.4666030391280988,-2.090648761067795,2
1771108673787,2.0658395930116042,-5.640266909985333,-1.0935114718500432,2
1771108673887,0.5992366149907252,-0.3654580227214063,-0.5143129776976957,2
1771108673995,0.6354961683036189,0.9398854696559412,0.5438931396108457,2
1771108674106,3.1860687371823277,1.3244274678051862,0.8750000065621423,2
1771108674205,7.005725031682078,3.503816821334137,-1.9427480582237502,2
1771108674311,-1.2671755415216701,-3.2375954708374923,0.4646946415853149,2
1771108674412,-2.9017175033075304,-3.8940837986683223,-0.9904580045397139,2
1771108674520,-10.400763619964358,-3.292938786134813,0.6059160063904688,2
1771108674630,0.35305343869331113,1.7776717774946509,0.7967557073080035,2
1771108674736,3.7061067474258165,0.21564885563351177,2.0658395930116042,2
1771108674839,-5.147900770833917,-0.7709923404804211,0.19274808512010527,2
1771108674946,2.6603053208670757,-0.5171755740118715,-1.3473282383185927,2
1771108675053,-5.063931278951426,-5.702290150290927,-0.726145051585853,2
1771108675167,-13.523854811347995,10.945610371377214,1.594465613387399,2
1771108675263,8.832061266682835,-0.14503815989072164,-0.36354962517862244,2
1771108675370,6.525763369837051,5.575381393530682,-0.1469465574335055,2
1771108675479,0.7461831724242307,-0.6087786027046447,-0.5801526395628865,2
1771108675588,-11.397900375573581,-1.1011450620211787,2.0667938985047023,2
1771108675695,-5.7347326950748405,1.3702290088319993,1.88072524480498,2
1771108675808,-0.3540076374647031,-0.5973282174479414,-0.12309160148892029,2
1771108675913,-1.7881679639799621,5.955152717988084,3.2146947003240856,2
1771108676021,4.468511245602857,-5.08110664339307,-1.2595419513505346,2
1771108676175,2.181297751071735,7.904579634003049,0.01717557288247492,2
1771108676272,5.349236391432498,5.699427447255045,-0.39217556163995415,2
1771108676346,8.661259579881973,3.6202290714439536,0.4656488403567069,2
1771108676455,9.189885485789695,-3.9608779261091693,0.5562977236389409,2
1771108676563,7.464694960886718,-3.4160305343660786,-2.8234732040533914,2
1771108676672,-8.37499952157757,-5.244274740022797,-0.4456106928379026,2
1771108676782,4.545801666250721,3.8339695962357476,-2.503816722358798,2
1771108676881,3.124045710320146,1.483778555905934,0.20324427160541658,2
1771108676988,11.220419617538091,1.0171755701386882,-0.15744274391881682,2
1771108677144,0.13740458305979936,-8.841603040953343,-0.6335877707608351,2
1771108677205,-1.6631679249276183,1.8291985111498155,1.1354962177912884,2
1771108677306,-8.286259142559825,-0.06583969521572386,1.962786125701275,2
1771108677413,-12.150763099480114,-5.878816816276729,-0.648854951103106,2
1771108677522,-5.424618201094167,-3.51812969618331,-1.3835877916314865,2
1771108677623,-12.137404103237214,-7.5429390466974455,2.7557251980062696,2
1771108677731,0.5935114223623736,-6.407442722184451,0.13740458305979936,2
1771108677839,2.3807251875709436,6.510496189494781,-0.1908396875773214,2
1771108677947,1.2833969206353328,5.149808954933289,1.2833969206353328,2
1771108678058,0.16316793654716844,5.0085875367672825,1.5734732404167762,2
1771108678166,-4.627862547147016,-3.550572454410636,-0.12213740271752835,2
1771108678276,-2.813931216339472,-3.101144939806739,-0.9522900536840364,2
1771108678381,-2.53148859345087,-2.6545801282387242,1.6583969310706586,2
1771108678489,7.34255751814855,-1.2872137157209007,-0.2213740482618634,2
1771108678598,-2.676526593259033,0.3912213628685622,0.5601145187245087,2
1771108678708,-4.693702155651354,0.37309158621211536,-1.1374046153340722,2
1771108678815,-1.7996182425149596,-1.220419801723465,0.08683206151623987,2
1771108678915,3.841603186406883,1.050572527137406,-1.4790075620489744,2
1771108679025,-3.568702337788789,2.058206002840469,1.7032442733260797,2
1771108679150,10.476145002739203,1.514312916590476,-1.4799617608203663,2
1771108679240,-3.7223280198177733,1.193702236124491,-0.03530534453634177,2
1771108679348,8.271946481154062,3.198473214488717,-0.15648854514742488,2
1771108679456,3.940839431744821,2.4265267285977568,1.4551526994858817,2
1771108679557,2.9312977719423863,1.0381679431093107,-2.1545801854727604,2
1771108679665,-7.014312713902901,4.95992371959141,0.05629770750180448,2
1771108679774,-6.15553424653698,0.8769084041049262,-1.3263358653479702,2
1771108679882,8.708969305008159,1.4589694945714495,-2.9599235216407327,2
1771108679991,0.895992326171912,-4.341602915729435,-0.28148855751934226,2
1771108680127,4.049618305126914,0.18416029617757784,-0.6278625781324834,2
1771108680199,-7.389312724338226,-0.9990457934822413,2.2433205644905048,2
1771108680310,0.9093511089713991,-0.6135495965616043,0.5419847420680619,2
1771108680410,-0.3540076374647031,0.8129770864216663,0.041984732601032033,2
1771108680516,1.4093511584590688,0.4332061088098074,1.3406488469188491,2
1771108680625,2.698473271722753,-6.331106820473096,-1.2433205722368716,2
1771108680733,-21.63454223374535,-0.7490457687384066,3.6173663684080717,2
1771108680841,-2.402671652591253,4.316793961116656,-0.07633587503092856,2
1771108680949,5.796755508493611,0.8864503918188456,0.31679388538041753,2
1771108681060,-5.211831768352059,0.2442748054350567,1.4780533632775825,2
1771108681168,-9.605915723229757,-1.6717557138701458,2.207061011177611,2
1771108681294,-10.401717285127221,0.10496183150258008,0.1335877879742316,2
1771108681375,-5.49809139976964,-0.5104961826121279,2.0019083820500505,2
1771108681484,-10.231870117262869,-2.3082060809451566,1.5896946195304391,2
1771108681585,-7.812977405723069,-1.2996182997489958,1.2471373673224393,2
1771108681692,6.3893128388062985,-0.38549617024021055,-0.8921755844471972,2
1771108681801,10.503816660387864,-0.5362595494397102,-1.8492365786273404,2
1771108681909,9.161259309204524,-1.637404558100036,0.154580147604641,2
1771108682018,-11.402671262708834,2.488549542016527,1.8387404988637348,2
1771108682152,15.249046190024618,6.672709767187998,-1.7671755910093396,2
1771108682234,-3.730916128925418,-2.7853052531977136,-0.523854965411615,2
1771108682343,-6.620228728039736,-7.11164120202829,-0.6612595351312012,2
1771108682450,4.527671782872568,4.149809069401361,-0.3320610657226885,2
1771108682561,5.061068575915544,-5.0868320494648325,-1.4885495497628938,2
1771108682668,6.404580019148569,6.15553424653698,0.11736640886056866,2
1771108682776,4.660305091930931,0.9637404389407397,-0.7814885269657325,2
1771108682876,5.024809236046062,1.0419847381948786,-0.555343524867549,2
1771108682984,-2.3148853656231942,4.5229008957373145,-0.41889312723892835,2
1771108683124,6.667938880052744,0.5162213752404796,-0.08206106765928019,2
1771108683201,2.8129771242897856,-1.375954201460351,-0.3215648792373772,2
1771108683311,2.8206107144609214,-3.6106868702866226,-1.499045736248205,2
1771108683418,6.157442857523175,-0.30248090380953846,-1.3301526604335379,2
1771108683526,3.7003817682408764,9.244274282150506,-0.8177480802786261,2
1771108683635,10.276717139353172,3.491412130584336,1.174618260696652,2
1771108683736,8.473282528639468,4.129771001923837,-0.0028625954804124866,2
1771108683844,-3.7681295608445864,-7.075381435271984,-0.40839694075361704,2
1771108683952,0.9494274573698606,-0.509541983840736,-1.6755725089557134,2
1771108684053,-6.886450291979792,-1.5553434637603294,0.5515267297819813,2
1771108684161,-10.684160121459234,-3.8816793213619327,0.2213740482618634,2
1771108684268,-20.466602083787972,-7.722327988832307,-1.1020992607925706,2
1771108684377,-8.783397022620141,-0.6145037953329963,-1.900763312282505,2
1771108684485,0.555343524867549,-3.8034352355512056,-1.5066793264193405,2
1771108684594,-0.224236631235826,0.8253816704497615,-2.639312947896453,2
1771108684704,1.5858778244448715,2.9017175033075304,-0.2862595246958755,2
1771108684812,0.12977099288866384,-4.795801530911997,-1.3664122137464316,2
1771108684919,6.854007320309055,8.985686735268409,0.7127862687863659,2
1771108685027,9.024809205060595,0.6708015228451206,-0.8043892974791389,2
1771108685146,-3.964694721194737,5.138358569676586,-1.6631679249276183,2
1771108685252,9.62404560660791,-1.4437023142291785,0.4809160206989779,2
1771108685361,-9.841602499598448,2.5257634008225183,1.852099281663222,2
1771108685469,-3.846374073542137,-4.201336016499938,0.7204198589575014,2
1771108685578,0.5448473383822376,-6.547709621413949,-1.6164121851294133,2
1771108685687,-2.562022954135412,-2.352099224429186,-0.5076335862979521,2
1771108685787,3.699427249304367,-2.16412217318668,-0.5973282174479414,2
1771108685896,4.513358694579984,-5.822518982042899,-2.8358778948031924,2
1771108686004,6.572519002913551,2.086831965982227,1.0419847381948786,2
1771108686121,-7.9265267393535925,-7.551526302031444,-0.6631679326739851,2
1771108686220,-13.672709392798314,-1.3940839781167977,0.9914122033111058,2
1771108686322,8.909350833557054,-1.1517174901832457,-1.4122137547732445,2
1771108686429,9.163167493303897,-6.501908507273959,-2.305343377909275,2
1771108686537,5.747137172381231,0.09732824133144458,-3.1125953250634426,2
1771108686645,-7.616412245372919,-1.795801447429392,0.2519083956061922,2
1771108686754,7.02099221202435,4.693702155651354,-1.0687023037938528,2
1771108686855,9.447518513735284,1.9169847981178738,0.6249999818183075,2
1771108686963,-8.36354956320769,-5.219465358523195,1.2700381378358458,2
1771108687071,-3.2022900095742846,0.2776717624337745,-2.999999870039194,2
1771108687172,14.880724823937095,-3.8396945754206877,-2.5677481467637637,2
1771108687280,20.83015256274024,-3.553435157446518,-2.18893134124287,2
1771108687389,-13.279579925871658,4.611641274755059,-0.13549618551701548,2
1771108687497,-2.302480888316805,1.650763340899523,0.8673664163910069,2
1771108687605,6.541984642229009,6.801526708047615,-1.4227099412585558,2
1771108687714,3.5047709133838234,-5.002862557582342,-1.9446564557665342,2
1771108687821,-0.2442748054350567,-4.656488296845363,1.88358773439745,2
1771108687924,-3.791984850294502,-0.8301526643067213,2.147900687351311,2
1771108688030,2.708969351486359,-3.8444654625559416,0.9322518794848057,2
1771108688151,-0.36164122763583856,13.135496231556594,-0.2872137234672674,2
1771108688247,8.312022616109113,0.9103053077427912,-1.4246183388013398,2
1771108688355,-2.9875953927328047,3.3711830853889517,1.266221342750278,2
1771108688456,16.01908342459915,6.24618323654092,-4.081106757861142,2
1771108688564,10.725190775350793,5.3740457729321,0.13263358920283966,2
1771108688672,12.497137360217092,10.665076572918219,1.236641180837128,2
1771108688782,-11.860686672976964,0.7318702442142045,0.37977097761185896,2
1771108688890,-8.123091899703743,4.056297803248363,0.9961831971680655,2
1771108688998,1.6001908060157504,-2.1507633903871928,-0.4513358587858278,2
1771108689106,-2.6641221159526434,0.5353053506683183,-0.5763358444773188,2
1771108689208,4.366412297229037,3.7261448149033414,-2.7958015464047308,2
1771108689325,-0.4656488403567069,-4.58301509816989,0.378816778840467,2
1771108689423,-3.083015269871998,-3.7881680552089345,-0.6116411990188204,2
1771108689532,-2.8559159622807173,-2.2624045399183434,-0.26049618454871964,2
1771108689640,4.502862401372967,-2.468511474539002,-2.4541983862464174,2
1771108689750,-2.7204197367430623,-2.5438930707572593,0.03912213628685622,2
1771108689857,-1.065839707479677,-3.9980913580283377,1.1240458325345852,2
1771108689965,13.17270966347576,-5.531488463490064,-2.5725190338990176,2
1771108690073,-0.2166030544049037,-0.30534350012371425,1.1822518508677875,2
1771108690182,-2.12977101741657,2.0849235684394434,0.3349236620368643,2
1771108690291,-0.6297709756752673,4.5639311227420505,2.1049618493603797,2
1771108690398,15.3988544366378,-0.7738549367945969,-2.1240458247882184,2
1771108690499,-4.347328321801198,-6.168893242779879,1.0534351234515817,2
1771108690607,-13.429389026258487,-1.8377861933706372,-0.8110686888788825,2
1771108690715,-2.1249999168379046,-3.476144950242065,1.8940840276044673,2
1771108690815,9.958015390038499,-5.3998092464813885,-1.2299617894373844,2
1771108690924,-10.198473053542443,-2.598282507448306,1.4608778921142334,2
1771108691032,-19.958014245357774,-0.9265266868564541,1.5830152281306955,2
1771108691171,3.776717669952231,-2.6040077000766573,1.546755674817802,2
1771108691241,5.164122043225873,-1.062977111165501,-1.9217556852531277,2
1771108691342,7.435114265365039,7.2948469392487185,-0.046755723122938415,2
1771108691450,-1.0534351234515817,6.61927463599005,1.5687022465598166,2
1771108691553,-7.283396980878838,3.243320663465844,-0.5763358444773188,2
1771108691658,7.934160329524728,3.013358652838681,-1.3196564739482266,2
1771108691759,-0.49332060472707306,4.7452291027499305,0.10114503641701234,2
1771108691867,1.0209923652242558,0.28530532592448354,-0.1135496137750009,2
1771108691975,1.8606869638840435,-0.3597328300930547,-1.1221374349918012,2
1771108692084,-2.9246182738209368,-0.9666030352549154,-0.05820610504458836,2
1771108692199,2.254770949747208,5.048664098609155,1.357824424803904,2
1771108692301,30.95228971457133,-4.781488442619413,3.2891219910492455,2
1771108692410,9.330152811906016,-1.357824424803904,2.7108777490291427,2
1771108692518,-8.083014910975047,-2.050572412669333,-0.9961831971680655,2
1771108692626,-3.1727099543828405,-1.7853053676657864,-1.485686953448718,2
1771108692735,2.22614498660545,-8.589694565305871,-1.3225190702624023,2
1771108692835,20.952290005478407,1.9446564557665342,-5.5906485738729526,2
1771108692944,10.105915452552308,7.708015327426545,-2.1221374272454345,2
1771108693051,-12.602099438513617,-2.2776717202606145,3.3635494952178164,2
1771108693170,-5.489503717548819,3.5791984175523943,-0.2318702214069615,2
1771108693270,-3.664122001484571,-4.468511245602857,-0.4198473260103203,2
1771108693376,6.008587849186033,2.379770882077846,-0.6660305289881608,2
1771108693487,3.5219464912688783,-2.490457939559311,1.6879770929838087,2
1771108693595,-10.660304832009318,-4.573473323899382,1.7175572548969589,2
1771108693694,4.215648677905699,2.12977101741657,0.20133587406263273,2
1771108693802,8.923664348736462,0.394083959182738,-1.9265267858317932,2
1771108693903,5.313931143612702,9.762404748624858,-0.1412213781453671,2
1771108694011,6.408396814234138,2.153625879979663,-0.07347327871675274,2
1771108694120,10.221373824055851,1.5553434637603294,1.345419840775809,2
1771108694256,-12.409350646362212,4.990458080275952,3.166984761754489,2
1771108694354,14.959924282457978,-0.27385496734820675,-2.254770949747208,2
1771108694445,-22.712786631974826,-5.66316768049874,3.7328243130247905,2
1771108694553,-8.103052978452572,1.049618328366014,-0.569656506438428,2
1771108694661,-13.459923386943029,-5.328244231905287,0.9618320413979558,2
1771108694771,2.583969419155721,8.049617847254623,0.7146946663291497,2
1771108694879,18.04866389118468,2.2929389006028855,-2.2251908945557637,2
1771108694986,1.4780533632775825,7.770037713958492,0.5477099346964135,2
1771108695096,-4.462786266417917,-6.248091420640292,1.019083967681472,2
1771108695205,-5.228053467630839,0.9332060782561976,-0.9494274573698606,2
1771108695312,-5.474236537206548,1.221374000494857,-0.9608778426265638,2
1771108695421,-0.9036259163430476,-3.290076296542343,0.5973282174479414,2
1771108695528,9.316793815663116,-0.20706106669098434,-1.4103053572304607,2
1771108695641,3.322519054769669,2.7709923783485406,0.33874045712243206,2
1771108695746,0.1135496137750009,4.739503696678168,1.083015285364732,2
1771108695854,1.9589693306157074,-1.5524808674461537,2.6536258227456266,2
1771108695962,5.792938713408043,4.101144825338666,0.6450381560175382,2
1771108696070,0.8673664163910069,1.7080152671830393,-0.18129771320361526,2
1771108696173,-4.080152665811456,1.900763312282505,0.7643129490806776,2
1771108696280,-12.066793607597623,-5.0085875367672825,1.5677480477884245,2
1771108696388,-3.634541732849715,-2.0677479905543885,1.357824424803904,2
1771108696496,-6.844465546038547,-5.229007559680525,2.1049618493603797,2
1771108696605,-7.196564785960466,-4.63931293240372,-0.8053434962505309,2
1771108696713,0.17652671934665556,-3.6879768640476636,-4.061068690383617,2
1771108696821,-10.25000000064102,-2.802480831082769,3.8148856208079085,2
1771108696930,2.0524808102121175,-3.2996182842562622,0.4322519100384155,2
1771108697039,11.559160288103936,-3.2213739850021237,-0.3597328300930547,2
1771108697165,5.938931018709304,-2.3998091629987828,-0.46183204527113914,2
1771108697274,6.527671553936424,-5.0906488445504,-2.750954097427604,2
1771108697380,11.356869721682022,-8.72805370732282,-2.74618321029235,2
1771108697489,-2.080152681304189,1.6564885335278747,-0.022900763843299893,2
1771108697589,0.5124045801549119,-5.054389077794095,-0.8053434962505309,2
1771108697697,-3.342557122247194,-3.3769082780173036,1.0286259553953914,2
1771108697806,-0.2996183074953626,-4.904579977407267,-0.15362594883324907,2
1771108697914,-3.611640962336309,-2.1078243389528497,-0.6851145044159996,2
1771108698023,-0.39790075426830573,-3.4208014215013325,-1.4923663448484614,2
1771108698150,1.6879770929838087,3.8301528011501795,-0.32633587309433687,2
1771108698241,-1.795801447429392,1.435114525286651,-1.4293893326582994,2
1771108698371,-1.943702363716848,4.235686745383224,1.8110686277716628,2
1771108698448,-0.7404579797958791,1.5276716993899633,1.2767175292355895,2
1771108698558,-8.959923261719121,-0.8998091212574798,3.5162212986405263,2
1771108698665,0.8559160311343036,0.5429389408394538,0.6517175474172818,2
1771108698773,0.0515267169798981,-7.083969544379629,-1.280534324321157,2
1771108698881,11.452290025708038,-2.722328134285846,-3.24427475551553,2
1771108698990,-2.920801478735369,4.7624044671915735,-0.6507633486458899,2
1771108699091,6.055343482262532,1.2185114041806813,-1.885496131940234,2
1771108699202,-9.127862245484101,-5.0267174201454345,1.5925572158446148,2
1771108699307,1.9408396606809664,3.1975191224390307,-1.5333968920183147,2
1771108699408,-1.1946564348958828,3.554389249496204,2.874999937708556,2
1771108699516,7.147900541897772,2.6727097981734653,-0.16507633408995231,2
1771108699624,10.497137589153239,4.212786401756641,-0.4875954120987214,2
1771108699724,-9.583969471652859,0.9408396684273331,2.4818702573384894,2
1771108699835,-20.592557602272176,-3.416984626415765,0.9360686745703735,2
1771108699943,-17.16507646920598,-6.990457851339808,0.9446564635129009,2
1771108700041,8.159350812686402,-5.179389223568145,-0.18129771320361526,2
1771108700165,-0.7013358835296626,-1.6774809064984975,-2.32251895579433,2
1771108700267,-8.527671325000279,-0.5706106518489671,3.025763343588482,2
1771108700390,-3.833015077299238,5.161259340189992,-0.587786229734022,2
1771108700483,0.044847328915207846,3.6326335487503427,0.1469465574335055,2
1771108700591,0.7748091355659888,3.979007382600499,0.5066793875265602,2
1771108700700,12.873091462702105,5.760496168624129,-1.3349236542904976,2
1771108700809,-11.215648730402838,-1.1650762729827326,0.6650763302167689,2
1771108700910,-11.770038109859849,-3.304389171391516,4.465648969453799,2
1771108701018,-19.686068556006422,-1.8454197835417727,4.780534350569726,2
1771108701171,4.476144835773993,-1.6469465458139554,-1.9694656238227246,2
1771108701225,3.816793804907281,8.868320179665494,-0.9093511089713991,2
1771108701326,2.7681296753126587,6.266221304018444,0.04961831943711423,2
1771108701433,-1.3272900641193621,-11.030534382196214,-1.1316794227057208,2
1771108701542,-3.115458028099324,3.458015280307324,0.12690839657448802,2
1771108701643,-6.7795800295838955,0.014312976568299106,1.2032442238384102,2
1771108701750,11.721373865797153,-0.5314885555827505,-1.4227099412585558,2
1771108701851,-6.891221179115046,-4.893129592150563,2.07347318318274,2
1771108701959,-10.91221330765679,0.3368320595796482,-0.27194656980542287,2
1771108702067,-18.915076802495385,-0.47232823175645045,3.08874046250035,2
1771108702191,-11.118320242277449,-1.591603017073223,0.40744274198222513,2
1771108702280,0.7538167625953662,-3.4589693723570103,0.29293891609561906,2
1771108702404,-4.70133574582249,10.596374261378,3.1020992452998373,2
1771108702492,14.466603624370052,2.130725109466256,-2.7929388433688493,2
1771108702604,10.722328072314912,3.312022761562652,-2.4503815911608493,2
1771108702710,-20.806298127063968,-7.1459923577983995,4.882633725830369,2
1771108702811,10.890267056079892,3.565839634752907,-0.4513358587858278,2
1771108702917,-4.971374104848114,-2.63072505223222,1.3931297793454058,2
1771108703017,-15.748090546637014,-0.24618320297784058,2.4914122450524085,2
1771108703127,16.00190891393115,7.216602853437991,-1.065839707479677,2
1771108703229,-3.134542003527163,-3.7986639215291285,-1.6278625703861167,2
1771108703335,-14.70038221663937,2.37881679002816,0.9456106622842928,2
1771108703443,-9.149809350834644,2.8167939193753537,2.0419847304485117,2
1771108703552,22.480915370031234,-1.36068702111808,-2.2795801178033983,2
1771108703653,-6.4494274681256964,9.107824178006577,1.899809220232819,2
1771108703760,3.714694429646638,-0.6154579941043882,2.751908402920702,2
1771108703869,12.397900687992331,4.998091670447089,-0.2652671784056793,2
1771108703977,17.60019025518706,4.586831893255457,0.03625953997268041,2
1771108704086,5.491412328535014,8.441793649018416,-0.618320590418564,2
1771108704197,1.9227099907462253,-6.078244252775939,-1.9274808778814794,2
1771108704303,-1.0925572730786512,12.224236298155587,0.09160305537319957,2
1771108704412,3.4341602043008197,-2.007633574678402,-0.40553434443944125,2
1771108704520,2.2853053104317502,1.450381705628922,1.7910305602941379,2
1771108704627,-13.68034298296945,-2.7910304458260655,1.3272900641193621,2
1771108704736,-4.041030622906092,-5.5906485738729526,1.3358778530618896,2
1771108704845,-5.62309154554369,-3.2366411653443947,0.32633587309433687,2
1771108704945,-7.749999646480967,-5.134541774591018,1.5811068305879117,2
1771108705052,-4.081106757861142,-0.27194656980542287,0.24236640789227282,2
1771108705161,17.547710496699267,2.1879770357497725,-4.595419575476279,2
1771108705323,-13.180343253646898,-5.1832060186537126,-0.13167939043144772,2
1771108705378,0.87881680164771,8.019083486570082,0.6603053363598093,2
1771108705487,-0.21278625931933598,4.19656470247786,0.7185114614147174,2
1771108705595,22.7099230751653,5.578244096566563,-0.07061068907268354,2
1771108705705,14.519083382857845,5.746183080331544,-0.664122131445377,2
1771108705820,7.440839671436803,-5.543892940796454,-2.1049618493603797,2
1771108705921,-9.689885215112247,0.13167939043144772,1.9713740213655084,2
1771108706022,9.694656102247501,-0.49332060472707306,-0.21564885563351177,2
1771108706130,8.093511204182064,2.1374046075877056,0.2681297747198551,2
1771108706274,-14.156488276615733,-0.07061068907268354,2.5047710278518958,2
1771108706345,-19.60114539896107,-1.0562977197657575,1.7232824475253103,2
1771108706454,-4.889312797064996,0.31488548783763365,-2.254770949747208,2
1771108706554,-5.318702030747956,-6.519083871715602,0.3139312890662417,2
1771108706663,-11.773854478058592,-4.3788167745354265,-1.5477098735891939,2
1771108706770,-7.2958014581852275,-8.131679155037743,-1.6316793654716844,2
1771108706879,8.482824302909975,-2.8864503229652594,-1.8129770253144468,2
1771108706988,10.042938547083853,-3.187022829232014,1.7843511688943945,2
1771108707095,-5.744274896232172,1.2041984226098021,3.990457767857202,2
1771108707217,4.0725190756403205,1.064885508708285,-1.8206106154855823,2
1771108707312,4.890266889114682,2.7624044826843073,-0.20419847037680852,2
1771108707433,-13.315839692627964,2.7881679562335955,0.17843511688943944,2
1771108707521,3.7232825387542827,0.6688931253023367,0.1727099242610878,2
1771108707630,-12.611641212784125,-5.4923664205847,1.2251907955804247,2
1771108707738,-6.286259371495969,-7.1765267184829415,2.146946595301625,2
1771108707847,4.8110687112542685,2.5916030093268563,-1.9961831894216988,2
1771108707956,-9.673664369607113,2.062977103419134,-1.4551526994858817,2
1771108708063,-10.52290020892888,0.6507633486458899,-0.2824427562907342,2
1771108708175,4.281488286410037,-0.005725190960824973,0.42557251863867196,2
1771108708281,4.428435110647807,4.864503842452217,0.555343524867549,2
1771108708388,3.1269084133560274,-3.5171756041336244,0.2643129796342874,2
1771108708498,0.013358778630670495,-9.063930821079136,0.11832060763196059,2
1771108708607,2.2805342098530845,1.3635496174322557,-0.42748091618145584,2
1771108708716,0.2290076250927857,2.5066794253946796,1.17366406192526,2
1771108708823,18.598282383506437,2.2423664724408185,-2.0572519107907827,2
1771108708933,2.22328249701298,2.0572519107907827,0.324427475551553,2
1771108709039,-20.38644981387787,-5.841602957470738,-0.8320610618495051,2
1771108709166,6.464694648467967,4.139312776194345,-1.176526658239436,2
1771108709257,-0.11736640886056866,-4.700381653772804,-1.372137406374783,2
1771108709365,-5.1946564039104155,-5.515267191098107,-0.8835877955046698,2
1771108709474,-10.72041988821554,2.796755638454417,4.155534475473124,2
1771108709582,8.971374073862647,-9.488549167626843,0.6841603056446077,2
1771108709690,7.787213932173781,-5.86545782003383,1.2099236152381538,2
1771108709799,-16.494275053082568,-3.2509542536369795,3.2490458560941957,2
1771108709899,12.072519013669387,-0.354961836236095,-1.372137406374783,2
1771108710007,-0.19942747651984885,-2.702290066808321,-0.27099237103403095,2
1771108710108,-1.2719465353786297,-0.48282441824176175,-1.0753816951935964,2
1771108710215,0.24045801034948894,-10.712786298044405,-2.4370228083613625,2
1771108710324,-4.035305216834329,-5.22137396950939,-1.9580152385660212,2
1771108710449,3.8311068931998657,-4.125954206838268,-1.562022855160073,2
1771108710543,3.2003816120315007,1.3616412198894718,0.8272900679925455,2
1771108710650,-3.9017173888394576,1.2471373673224393,2.163167867693582,2
1771108710759,8.55820568568482,6.86164091048019,-1.236641180837128,2
1771108710858,-10.56679356585632,-7.131679269505814,-0.3215648792373772,2
1771108710966,-15.542938984726511,-0.7900763159082599,-0.523854965411615,2
1771108711075,-6.937976812191545,-7.8769079763543886,-0.17080152671830395,2
1771108711200,1.2709923366072378,-14.173663641057376,-0.9675572340263073,2
1771108711300,19.20706055932426,6.2986638488023585,-2.5830153271060348,2
1771108711408,3.110686927520659,-0.9570610475409961,-0.5639313138100764,2
1771108711517,-1.4732823694206227,7.187023011689958,1.773854982409083,2
1771108711625,-15.627862141771866,-3.2786259112856397,1.7366412303247976,2
1771108711725,41.11259567103174,-1.795801447429392,-7.770037713958492,2
1771108711834,14.116412141660682,9.364503540789302,-0.8750000065621423,2
1771108711935,-2.553435058471179,-9.296755748185593,-0.23759541403531312,2
1771108712042,-9.773854706994738,-8.430343690648536,-0.29293891609561906,2
1771108712169,-8.250953894740029,-7.614504061273546,0.05534351206546585,2
1771108712276,-2.691793773601304,-3.704198563326444,-0.9131679040569669,2
1771108712385,-10.862595398431232,-2.502862630309112,1.7471374168101088,2
1771108712492,-0.8463740434203842,-2.6173662694327327,2.7538168004634858,2
1771108712606,-5.710877832511748,0.0333969469935579,0.7681297441662454,2
1771108712710,-1.265267143978886,-1.1994274287528424,-1.3482824370899846,2
1771108712819,10.887404353044012,1.574427439188168,-2.1698473658150315,2
1771108712926,15.891220575789216,0.24045801034948894,-2.1898854332925564,2
1771108713037,10.975191066898892,7.544847230796818,-0.632633571989443,2
1771108713151,11.00858727684567,4.586831893255457,-1.1526716889546376,2
1771108713252,0.2690839734912471,-3.0963740526714854,-0.2786259612051664,2
1771108713361,10.712786298044405,-8.951336006385121,-2.533396990993654,2
1771108713469,1.761450398380988,5.178435131518459,-1.281488523092549,2
1771108713577,6.319656435216393,1.159351080354381,-0.8215648753641939,2
1771108713677,-0.41507633215336065,4.690839452615473,1.221374000494857,2
1771108713785,-9.154580237969899,1.7881679639799621,2.1354962100449217,2
1771108713893,8.97232773902551,-4.208969606671073,0.06393129767293998,2
1771108714003,13.020992378989561,-10.970419325989992,-4.266221106067766,2
1771108714110,0.3664122214927983,-0.22519083000721793,-1.8463740890348703,2
1771108714219,-7.354961995454939,-7.415076197887514,-1.358778623575296,2
1771108714329,1.0753816951935964,-5.983778467686431,-2.1984733289567897,2
1771108714463,1.2070610189239779,-2.6832060913804825,-2.2185113964343146,2
1771108714546,6.768129644327192,4.892175500100877,-3.948473021915957,2
1771108714654,-10.964694773691877,-8.163168034658794,-2.0324427427345926,2
1771108714753,3.254771048722547,-0.2643129796342874,-0.6631679326739851,2
1771108714861,-1.5276716993899633,-6.8158397963402,0.17652671934665556,2
1771108714970,-5.874045502254652,-14.49904531538032,2.2509541546616405,2
1771108715078,-5.168892930361127,-8.019083486570082,1.11164124850649,2
1771108715187,-2.542938978707573,0.6278625781324834,1.992366394336131,2
1771108715287,7.42652701003104,-1.358778623575296,-1.6784351052698894,2
1771108715389,15.423663391250578,0.293893114867011,-0.17652671934665556,2
1771108715495,-6.9646943777905195,-0.6545801437314577,-2.495229040137976,2
1771108715604,-10.80152667706215,0.01622137411108298,-0.4532442563286117,2
1771108715704,2.856870267773815,-8.038167888884743,0.09351144624587683,2
1771108715813,-0.9723282278832671,-2.0811067733538753,-0.5801526395628865,2
1771108715920,-6.277671689275148,-4.23759535636942,0.37213738744072344,2
1771108716030,-18.791984840820707,-6.585877572269626,1.188931242267531,2
1771108716187,17.513358060268686,2.053435115705215,-2.133587812502138,2
1771108716238,4.9675573097625465,-2.507633517444366,-3.1278625054057136,2
1771108716345,-1.6364503593286441,0.987595408225538,-0.4885496108701134,2
1771108716495,-12.861640650558579,-0.5572519224103328,-0.8912213856758052,2
1771108716555,-3.1879771347251116,-3.462786167442578,-1.0725190988794204,2
1771108716654,4.041030622906092,0.7051526786152303,-2.902671808800628,2
1771108716763,-16.91221432839565,-7.768129529859119,-0.08683206151623987,2
1771108716863,9.933205581652073,6.119274906667497,-2.74904569988482,2
1771108716972,-4.440839587954197,1.2414121746940876,-0.25381679314897604,2
1771108717080,7.671755560670239,3.596373781994038,-0.8158396827358422,2
1771108717193,6.555343211585084,1.0238549615384318,-0.6812977093304319,2
1771108717290,-2.6688930030878972,4.081106757861142,3.1202289152345783,2
1771108717397,9.173663786510915,0.34351145097939173,0.8730916090193585,2
1771108717506,7.817748292858323,0.6717557216165125,-0.5104961826121279,2
1771108717616,9.793892774472262,-10.226144711191104,-0.7290076479000288,2
1771108717722,-2.2490457571188562,0.324427475551553,1.1059160558781382,2
1771108717831,9.127862245484101,-1.0772900927363802,-1.9828244066222116,2
1771108717942,7.705152624390663,7.5305345693910555,0.21374045809072792,2
1771108718051,-6.808206206169065,3.6469466370429275,-0.2910305185528352,2
1771108718174,-9.050572678609884,-7.024809007109917,-0.5219465678688312,2
1771108718281,-2.0133587673067534,-10.011450521236448,0.34351145097939173,2
1771108718389,-8.93606882604285,-2.130725109466256,0.4770992256134101,2
1771108718497,8.071564952605167,6.76622146022782,-2.813931216339472,2
1771108718606,-1.1297710251629367,15.059160100909093,0.3520992399219192,2
1771108718707,-1.0916030743072593,-4.7204197212503285,4.226144971112716,2
1771108718814,13.364503936690658,-5.629771043665139,-0.742366377338663,2
1771108718924,-3.381679378595969,-2.7757632654837945,0.897900723714696,2
1771108719031,-1.839694590913421,-2.8540075647379335,-0.011450381921649946,2
1771108719175,28.479961018059935,4.4561067682964675,-3.664122001484571,2
1771108719248,-13.145038005827102,6.645992201589024,1.2862595169495088,2
1771108719358,5.953244107001889,-11.389313120239581,-3.134542003527163,2
1771108719488,5.567747803359546,-9.867365973147736,-3.410305341737727,2
1771108719573,-20.087786132040723,-8.610687151719906,2.112595439531515,2
1771108719685,-10.42652623974,-2.0362595378201602,1.622137377757765,2
1771108719813,-20.490458227011533,4.6125953668047455,3.819656507943163,2
1771108719891,5.013358850789359,0.3139312890662417,-2.0963739536961463,2
1771108719998,-9.892175781534162,2.550572568878709,-0.5973282174479414,2
1771108720112,-8.179388880163927,-4.724236516335896,1.468511375563663,2
1771108720217,7.370229175797211,-0.9694656315690913,-0.239503811578097,2
1771108720325,10.982824657070028,-3.3788166755600875,-2.798664035997201,2
1771108720432,0.3015267050381465,-2.6164121773830464,-0.6459923547889302,2
1771108720540,8.504770554486873,-3.37213739088205,-0.18034351443222332,2
1771108720649,0.38263357392603475,-11.564885694175699,-1.8320610007422855,2
1771108720758,-9.067748043051527,-4.497137422188027,-1.9217556852531277,2
1771108720867,-3.5267175918475435,2.739503712170901,-0.4646946415853149,2
1771108720967,4.565839733728247,-6.385496043720731,-0.7395037810244872,2
1771108721075,-3.390267060816791,1.1030534595639625,0.9208014942281024,2
1771108721194,-20.268128739338447,-4.100190733288981,1.5830152281306955,2
1771108721300,-15.985687214652371,4.436068700818943,-0.49522900226985694,2
1771108721402,-21.034351313261524,-9.493320054762096,0.9494274573698606,2
1771108721511,11.44274825143753,-7.995229050893812,-3.1574427740405695,2
1771108721616,-1.6708015150987539,2.0601144003832528,-1.8406488964065186,2
1771108721725,-8.227099459063759,-12.388358913721824,-1.5973282097015746,2
1771108721834,6.655534402746355,-2.6001909049910896,-4.194656518378489,2
1771108721942,7.653625677292087,-1.4131679535446364,-3.4895037330415524,2
1771108722051,-8.65648869274672,-2.38167927962063,0.17652671934665556,2
1771108722181,-6.159351041622547,-3.359732700132249,1.1040076583353544,2
1771108722259,-8.505725073423381,4.966602790826037,0.4685114366708827,2
1771108722359,11.488549792464344,0.87881680164771,-0.2776717624337745,2
1771108722468,-0.5181297727832634,8.432251874747909,0.7776717318801647,2
1771108722576,-8.963740483691511,5.857824229862695,2.0849235684394434,2
1771108722676,13.940839567724565,-9.325381924770761,-1.5963740109301827,2
1771108722784,-13.40744277468159,1.0419847381948786,-0.5286259592685748,2
1771108722893,0.8320610618495051,-9.923663807381566,-1.6297709679289005,2
1771108723005,-3.4818701428704166,-3.166030456261391,0.4770992256134101,2
1771108723135,14.489503541109812,3.041030523930753,-0.5143129776976957,2
1771108723218,4.748091378898989,-7.854007205840983,0.6154579941043882,2
1771108723327,16.01812890566264,1.8358777958278532,-0.4685114366708827,2
1771108723435,-3.243320663465844,3.8082061226864594,0.5658397113528604,2
1771108723544,-8.516221366630399,3.319656351733787,-0.03148854945077403,2
1771108723652,16.81297680239724,8.28530547739696,-2.0791983758110915,2
1771108723760,-8.187976989271572,-5.52671757635481,-0.10877862658814783,2
1771108723869,-6.571564910863865,-0.1774809181180475,-0.18034351443222332,2
1771108723977,19.798664224474084,4.622137141075253,-4.195610610428174,2
1771108724116,-2.273854925175047,-0.34064885466521594,0.1984732777484569,2
1771108724193,0.6536259449600657,-13.602098897158722,-4.087786255982591,2
1771108724302,16.791029697046696,3.322519054769669,-3.015267050381465,2
1771108724411,-3.8893129115330685,-1.5372136871038826,-0.6669847277595529,2
1771108724531,-14.898855561088894,-1.6440839494997797,2.3301525459654653,2
1771108724629,7.416030716824023,-4.492366535052773,-2.335877738593817,2
1771108724735,15.62404577357312,5.9083966580247615,-2.9904578823252748,2
1771108724846,-1.3979007732023654,-7.143129654762518,-0.293893114867011,2
1771108724945,5.604961662165538,7.60400776806653,-0.927480885627846,2
1771108725053,-9.299618451221473,-1.712786261039999,0.6994274859868786,2
1771108725181,-11.09255676872816,0.679389311787648,0.6393129633891866,2
1771108725286,1.946564853309318,-5.805343617601256,-2.796755638454417,2
1771108725397,22.537213204265065,8.341603311630791,-1.3062976911487394,2
1771108725518,21.589693504107753,1.6087785949582778,-1.0620229123941092,2
1771108725603,-0.2786259612051664,0.041030533829640094,0.293893114867011,2
1771108725714,16.599236277605446,-1.8597328718343575,-1.7795801750374347,2
1771108725820,-23.09541895192082,0.9856870106827542,1.9990456790141689,2
1771108725929,2.7108777490291427,-4.051526489226286,1.357824424803904,2
1771108726030,-10.72328259125142,-1.2118320127809377,4.559160235606797,2
1771108726174,10.918893232665063,0.12690839657448802,4.358778707057901,2
1771108726237,6.741412078728218,-1.6774809064984975,2.147900687351311,2
1771108726348,-9.239503395015253,0.20515266914820046,-1.2929389083492524,2
1771108726454,-5.355915889553947,2.3101144784879404,-2.318702160708762,2
1771108726554,10.412213578334239,5.854961953713636,-2.3606869066500074,2
1771108726663,-16.536258518363343,-5.654579998277918,1.064885508708285,2
1771108726771,-5.040076416388334,-3.4188930239585487,-1.0839694841361238,2
1771108726879,10.745228842828318,-2.387404472248982,-1.0429389369662705,2
1771108726987,-18.220419243148406,-6.966602988776715,-0.4341603075811994,2
1771108727100,0.5124045801549119,-11.168892670439515,-2.6383586424033556,2
1771108727207,18.62690770631796,6.662213473980981,-2.1421754947229594,2
1771108727313,-2.2633588454114415,-0.5057251887551683,2.0066792691853044,2
1771108727421,3.9265267703390596,-1.345419840775809,-2.168893060321934,2
1771108727523,-1.9227099907462253,-3.9169845691817287,-1.7490458143528926,2
1771108727630,-7.167938609375296,12.097327968282166,0.030534350679382087,2
1771108727738,2.3931296648773333,-6.652671699710473,0.6335877707608351,2
1771108727847,5.134541774591018,-4.026717534613507,0.2166030544049037,2
1771108727947,-11.196564328088176,-1.1030534595639625,1.7166030561255667,2
1771108728055,22.17938813138456,8.499046002188756,-2.210877806263179,2
1771108728170,7.007633642668274,1.7643129946951637,-0.9656488364835235,2
1771108728273,-7.485686693527106,4.537213557143077,1.0858778816789076,2
1771108728381,-2.453244294196731,-1.8406488964065186,1.7166030561255667,2
1771108728490,2.547709865842827,-4.6183203459896855,-0.8998091212574798,2
1771108728597,-6.060114369397786,-0.7738549367945969,2.87690833525134,2
1771108728706,2.507633517444366,9.058206268781019,3.0448473190163208,2
1771108728815,-1.1879770434961392,-3.183206034146446,2.6669846055451134,2
1771108728925,-11.50858785994187,-3.124045710320146,1.594465613387399,2
1771108729025,8.442748167954925,6.402671835049198,-3.028625833180952,2
1771108729149,3.4522900876789726,4.895992295186445,-1.0591603160799334,2
1771108729231,-7.442747855536174,-12.830152624711173,1.578244234273736,2
1771108729339,-1.206106820152586,-10.616412328855525,0.8816793979618859,2
1771108729442,-18.615456894174436,2.613549474347165,1.8893129270258018,2
1771108729549,-12.566793336920176,-2.219465701927412,3.437976999386388,2
1771108729656,1.7652671934665556,-3.91984727221761,0.3988549530396977,2
1771108729764,1.3645038162036476,-1.0019083897964172,0.8597328262198713,2
1771108729865,5.600190775030283,-0.4141221333819687,-0.912213705285575,2
1771108729974,-9.687022512076366,-9.033396460394593,4.391221251841816,2
1771108730083,-5.6755725846919525,-2.7557251980062696,0.6908396970443512,2
1771108730223,-13.275763557672914,-5.310114348527135,2.3062976834023727,2
1771108730290,-11.775763515931612,-5.013358850789359,2.8979007082219623,2
1771108730391,-0.9160305003711428,1.7480916155815007,1.8988549147397211,2
1771108730500,15.634542066780137,-9.971373532507751,-0.8473282421917762,2
1771108730607,-3.7385497190965538,-0.8024808999363551,1.979007611536644,2
1771108730716,-2.4742366671673537,-1.9236640827959115,2.2576336527830896,2
1771108730816,7.256678988393041,-3.0954197471783877,0.41889312723892835,2
1771108730926,0.6774809142448641,10.122137151831089,1.4312977302010832,2
1771108731034,-1.3816793940887024,2.1879770357497725,1.6173663839008052,2
1771108731149,2.7280533269141976,6.586832091206135,0.7347327871675275,2
1771108731251,-5.883587703411983,1.6269083716147248,1.9446564557665342,2
1771108731358,-8.284350958460452,-8.668893170053108,-1.2929389083492524,2
1771108731467,-0.4666030391280988,0.8101144901074906,0.4580152501855714,2
1771108731567,0.4370229038953752,2.9465647388412455,-1.1498090926404616,2
1771108731676,-8.320610725216756,-3.8034352355512056,1.4942747423912455,2
1771108731786,7.5429390466974455,-5.167938838311442,-1.1431297012407182,2
1771108731892,-8.870229217538514,-10.180343170164292,-1.0391221418807026,2
1771108731992,-7.679389150841375,9.312976593690726,-0.3673663935837638,2
1771108732157,7.2786260937435845,-3.357824302589465,-2.0963739536961463,2
1771108732209,-3.2528626511797634,7.642175718922207,0.7108778712435819,2
1771108732310,-0.08969465783041569,3.74522879033118,-0.8540076335915197,2
1771108732418,5.49904591870615,8.091603020082692,-0.4885496108701134,2
1771108732547,1.2108778140095457,6.717557216165125,0.8511450372773439,2
1771108732634,4.543893055264526,5.746183080331544,-1.8082061381791927,2
1771108732735,10.215648417984088,-2.83969468988876,-0.6994274859868786,2
1771108732843,-1.4494275068575302,2.548664171335925,-1.3053434923773475,2
1771108732951,12.368320846244298,0.6288167769038753,-2.1860686382069887,2
1771108733060,16.664121367173273,1.7261450438394863,0.6383587646177947,2
1771108733182,10.65076305773881,-5.145038067798035,0.20324427160541658,2
1771108733269,11.216603249339347,12.040076468885472,-1.9646945232440591,2
1771108733370,6.6116410458189145,-8.124045564866606,-2.99522898290394,2
1771108733477,-17.370228031116486,0.7833969245085163,2.1393130051304894,2
1771108733577,6.942748126213623,-8.812976864368174,-0.2213740482618634,2
1771108733685,-13.703243753482855,-7.059160162880027,1.5410304821894503,2
1771108733793,-21.075381967153085,-7.272900687671822,3.071564884615295,2
1771108733902,7.691793628147765,1.562977053931465,-0.4685114366708827,2
1771108734011,6.3349236155586635,-4.195610610428174,0.3864503690116025,2
1771108734137,12.923663890864171,-1.5200381092188278,-3.8129770098217133,2
1771108734219,-5.382633455152922,1.031488551709567,-0.8225190741355858,2
1771108734327,-5.246182924122169,-3.425572522079998,0.18702289249175366,2
1771108734436,-10.129770742002224,12.155533986615367,2.0639311954688204,2
1771108734559,-12.299618534704079,-6.648854904624906,1.0419847381948786,2
1771108734653,13.895992545634261,-0.2643129796342874,-2.193702228378124,2
1771108734761,-19.83969487836564,5.686068451012146,0.7690839429376373,2
1771108734869,0.08110686888788825,-8.46374075436896,-1.3463740395472008,2
1771108734970,10.699427301801505,4.291030487567368,1.2910305108064684,2
1771108735078,-16.39599204602067,2.289122105517318,1.997137281471385,2
1771108735195,12.919847522665426,10.396946397991966,0.31870228292320135,2
1771108735307,1.2786259267783733,6.825381570610708,1.5601144576172892,2
1771108735412,-0.6965648896727029,6.260495897946681,1.1001908632497868,2
1771108735521,-16.69274839753209,3.999999969014533,0.5791984407914945,2
1771108735630,5.384542066139117,9.373091649896947,0.36164122763583856,2
1771108735729,-5.667938994520817,9.089694294628424,2.542938978707573,2
1771108735837,-24.88549542016527,1.5057251276479486,3.108778529977875,2
1771108735937,14.70896947197337,2.5047710278518958,-3.3921754583595747,2
1771108736039,-4.776717555484159,-9.994274303021157,-1.0362595455665269,2
1771108736165,-11.203244253096448,-7.288167868014092,-2.1975190234636917,2
1771108736246,12.244274365633112,-9.502862682806251,-4.447519086075646,2
1771108736355,-0.18893129003453754,-0.6631679326739851,-2.676526593259033,2
1771108736463,-8.10209931328971,9.686068846913502,0.2671755759484632,2
1771108736565,32.08492290916162,1.559160258845897,-5.278625895792906,2
1771108736673,5.616412047422241,7.5601144111390886,0.08683206151623987,2
1771108736772,-2.318702160708762,-12.154580321452505,-0.32729007186572884,2
1771108736882,22.859733029325774,4.674618180223516,-3.429389317165566,2
1771108736981,-22.89503827714557,-6.359732570171443,1.8711832570910607,2
1771108737088,-1.931297672967047,-10.119274448795208,-0.7385495822530952,2
1771108737206,18.831106456839247,0.787213719594084,-1.8377861933706372,2
1771108737306,4.545801666250721,2.467557169045904,-2.8082060237111204,2
1771108737414,-15.998090838185114,3.2051527126101664,2.366412099278359,2
1771108737523,8.180343399100437,-7.16125953814067,0.11164122290232364,2
1771108737623,-1.7709923860949073,1.2022900250670183,1.9255724803386953,2
1771108737730,-6.513358892530662,7.0992367247219,-1.192748037353099,2
1771108737840,-1.7967557529224896,-10.937976781206078,1.7814885725802185,2
1771108737949,28.025763683537843,4.006679467135982,-1.870228951597963,2
1771108738057,-8.31011443200974,12.139313141110234,0.8158396827358422,2
1771108738158,27.282442733901817,10.552480904450558,-6.186068607221522,2
1771108738265,20.35591545319333,9.359732653654047,-2.382633585113728,2
1771108738377,12.935114703007699,5.648855019092978,-0.015267175339691044,2
1771108738481,-6.170801426879251,12.45419852222616,1.1192748386776254,2
1771108738584,22.401717619057642,13.567748168275434,-2.751908402920702,2
1771108738690,9.176526489546797,4.01622124140649,-0.05629770750180448,2
1771108738798,-15.313931279592447,-3.279580003335326,0.4217557235531042,2
1771108738906,2.290076197567004,-17.033397252197307,0.6374045658464027,2
1771108739007,10.38645010478495,-11.773854478058592,2.316793763165978,2
1771108739169,-0.6249999818183075,0.5954198199051575,-0.42843511495284775,2
1771108739224,-4.281488286410037,2.301526582823707,0.12786259534587996,2
1771108739332,14.159350979651613,-1.2242365968090327,-2.829198396681743,2
1771108739440,-7.369274656860701,-2.7099236569794565,0.895992326171912,2
1771108739571,9.508587235104367,-5.803435006615061,-3.5009541182982553,2
1771108739649,15.209922866458784,-3.229007575173259,-0.9885496069969301,2
1771108739758,2.560114556592628,-3.505725218876921,-0.38358777269742667,2
1771108739867,-6.053434871276337,-8.552481133386705,-0.9809160168257945,2
1771108739975,-6.145992472266472,14.636449938460759,3.5162212986405263,2
1771108740123,-7.35400747651843,0.5066793875265602,1.0572519185371496,2
1771108740183,4.780534350569726,6.9780533740334185,1.2041984226098021,2
1771108740292,-20.453243941318718,0.9246182893136702,4.604007684583924,2
1771108740400,3.136450401069947,-7.404579904680497,0.15744274391881682,2
1771108740509,13.313931508528592,-2.136450302094608,-4.264312921968394,2
1771108740617,3.9923663788433976,6.694656445651718,-3.5019084237913534,2
1771108740717,2.532442685500556,4.539122168129272,-2.153625879979663,2
1771108740826,14.304389192903187,8.083014910975047,-2.1202290297026507,2
1771108740936,-1.36068702111808,-7.403626239517634,-0.8196564778214099,2
1771108741043,-15.184159392909496,-9.203244482032593,3.9036259998256533,2
1771108741164,-9.122136839412338,-4.422709704576044,2.8349235893100944,2
1771108741251,16.16221345375135,-1.8940840276044673,-3.0667937840366295,2
1771108741359,0.7843511232799083,0.4875954120987214,-0.46946563544227465,2
1771108741468,-15.13454148368394,-0.29198471732422715,0.4332061088098074,2
1771108741578,-7.372137359896583,-9.478052874419825,0.9160305003711428,2
1771108741684,16.73282453248714,5.111641004077612,-3.9723283113658727,2
1771108741793,2.1717557633578153,3.4265266141296844,-1.0209923652242558,2
1771108741901,-4.642175635439601,4.411259319319341,0.16507633408995231,2
1771108742011,3.0515266036943585,-7.18988571472584,1.542938879732234,2
1771108742150,-20.810114495262713,-2.778625968519676,0.25381679314897604,2
1771108742219,-16.675572179316802,-10.986641025268773,3.8635494379837803,2
1771108742328,-1.5877862219876553,6.2395037384194705,0.7977099060793954,2
1771108742436,7.256678988393041,2.000954076556953,-2.1068702469031635,2
1771108742596,-10.456106935261678,7.5124046860129035,1.4961831399340293,2
1771108742646,-16.583969097263175,-11.333015286005752,1.3196564739482266,2
1771108742752,-2.1402670971801756,-6.396946428977434,2.110687041988731,2
1771108742861,8.539122137143805,-1.1545800864974214,-0.7022900823010545,2
1771108742971,7.03053441318168,-3.6555343192637495,-1.6793893040412813,2
1771108743069,-11.611640900365375,2.424618331054973,2.656488525781508,2
1771108743182,12.79961826402663,-7.1803430866816855,-1.5706106441026004,2
1771108743285,4.72328242428621,-8.610687151719906,-0.9389312708845493,2
1771108743395,-5.388358861224685,-0.17080152671830395,1.4666029780208791,2
1771108743502,-11.4580154317798,-10.472327780766813,0.5114503813835198,2
1771108743604,3.405534241159062,10.505724844487236,-0.30820609643789004,2
1771108743711,11.596373720023104,-1.0209923652242558,-1.6450381482711716,2
1771108743814,-17.65553357048438,9.880724969390634,1.712786261039999,2
1771108743919,-5.364503571774769,-8.88835824714302,1.8196565234358961,2
1771108744028,7.914122262047203,-6.324427322351647,-1.051526725908798,2
1771108744147,7.166030425275924,-13.967556706436717,-3.1746183519256244,2
1771108744245,-7.2786260937435845,2.900763411257844,1.6488549433567392,2
1771108744353,-3.7557250835381972,-2.907442695935882,1.420801543715772,2
1771108744462,15.405534361646072,13.263358226592878,-1.9475191588024157,2
1771108744587,12.97614450312561,-9.58301495271635,-3.4694656655640275,2
1771108744679,-14.986640567396483,-15.040076552368078,-1.189885441038923,2
1771108744789,-19.214695003269043,13.119274532277814,1.0295801541667833,2
1771108744895,-3.0400762184376555,-4.176526635000336,1.034351148023743,2
1771108744997,6.669847064152116,3.135496095576849,0.0019083969174613804,2
1771108745148,5.6154579553725545,-3.5295800814400136,0.15362594883324907,2
1771108745212,7.82442736409295,-5.45801526481459,-2.190839738785654,2
1771108745321,23.325381175991392,4.228053582098912,-3.193702327353463,2
1771108745421,-1.8969465171969373,0.5916030248195897,1.063931309936893,2
1771108745531,-21.010495170037963,4.318702145216029,2.577290134477683,2
1771108745637,-1.5372136871038826,-9.552480592031808,-0.6879771007301755,2
1771108745738,4.056297803248363,-7.7767176389667645,-2.550572568878709,2
1771108745847,-11.446564619636275,1.463740488428409,1.2127862115523296,2
1771108745955,-0.1383587818311913,2.160305378101112,-0.7366411847103114,2
1771108746055,19.284350979972125,1.313931281319875,-2.854961870231031,2
1771108746165,6.390266930855985,4.0791985737617695,-0.6812977093304319,2
1771108746272,-9.713740504562162,-2.6774808987521306,-0.8826335967332778,2
1771108746372,2.005725177135618,3.165076364211705,-2.4942747346448786,2
1771108746480,13.499045856735215,-7.666030154598476,-1.6898854905265925,2
1771108746603,19.920801667212253,-3.6488548211423,-0.4646946415853149,2
1771108746698,-19.64026701497961,-0.7671755453948533,1.714694658582783,2
1771108746805,7.198472970059838,4.913167659628089,-0.00954198437886607,2
1771108746915,8.025763411578355,-14.205152520678427,-1.3015266972917798,2
1771108747022,3.9150763850823562,-0.70992367247219,-0.027671756032732926,2
1771108747168,18.78148854761369,-6.15553424653698,-1.6498091421281311,2
1771108747239,21.959923908068294,9.961831758237244,-2.346374031800834,2
1771108747349,11.000000021511672,2.313931273573508,-2.2767176282109283,2
1771108747448,-8.043893294956506,-2.791984751319163,-1.7204198512111346,2
1771108747556,26.149809539311526,14.986640567396483,-2.3979007654559985,2
1771108747664,8.608778113846888,5.394083840409625,0.25381679314897604,2
1771108747774,-17.35114448257547,8.951336006385121,0.8272900679925455,2
1771108747883,0.12499999903170415,-10.726145294287303,-0.3196564816945933,2
1771108747990,13.399809184510454,-5.41412190788715,0.8129770864216663,2
1771108748091,-16.824427614540767,8.885496397880784,0.9341602770275895,2
1771108748199,-2.7595419930918372,-7.88072519832678,-0.15171755129046519,2
1771108748307,12.7566794260357,-5.348282299382812,0.39503815795412994,2
1771108748407,-13.839694711400432,12.916984819629546,2.9112594910214495,2
1771108748515,3.305343476884614,-1.992366394336131,0.1498091537476813,2
1771108748624,15.047709288765567,-12.755724907099191,-0.7509541662811904,2
1771108748724,1.0009541910250253,-1.2748091316928054,3.3416030301975077,2
1771108748832,4.159351270558693,-9.610686610365011,-0.09064885660180763,2
1771108748941,8.94847330334924,-8.561068388720702,-1.0181297689100801,2
1771108749041,-25.75572469967472,-2.2328244847268994,2.9446563412984617,2
1771108749142,15.959923741103083,6.827290181596903,-0.540076344525278,2
1771108749250,-11.950381570931219,14.395038609793952,1.8587785663412597,2
1771108749357,-19.004770846675992,1.020038166452864,3.061068591408278,2
1771108749467,-8.401717514063366,-17.541985090627502,-1.9103052999964243,2
1771108749603,-17.145038401728456,15.688930863140948,0.5190839715546554,2
1771108749683,-10.935114078170196,-1.2022900250670183,0.2566793894631519,2
1771108749784,-15.867366140112948,-10.839694627917826,2.7003816692655374,2
1771108749886,4.296755466752308,-5.275763192757025,-1.6908396892979844,2
1771108749992,-7.91984681434532,-8.82061045453931,-2.324427353337114,2
1771108750092,-2.2003817264995735,-9.676526218869348,-0.20896946423376822,2
1771108750201,-7.437022449464411,3.5772900200096105,1.2480915660938312,2
1771108750308,-7.376908247031837,8.46278623543245,0.9198472954567105,2
1771108750418,-8.465648938468332,10.834923740782573,0.8692748139337907,2
1771108750521,17.78625997610384,6.141221158244395,-1.4131679535446364,2
1771108750618,-26.913166848877786,-5.942747813794872,3.0496182061515746,2
1771108750725,0.32824427063712075,-1.3969465744309735,-0.07633587503092856,2
1771108750834,14.021946356571174,-0.1383587818311913,0.13263358920283966,2
1771108750941,-12.833015327747054,7.779580342002646,4.475190743724307,2
1771108751043,-15.351145565285261,1.576335836730952,1.928435183374577,2
1771108751155,18.25763352884122,-3.817747896956967,-1.5706106441026004,2
1771108751252,-0.003816793834922761,-7.640266681049188,-0.1822519119750072,2
1771108751359,-16.932252395873174,-6.540076031242813,1.2671755415216701,2
1771108751468,-9.218511662374864,-5.2185112664735085,0.8673664163910069,2
1771108751578,19.22423677753955,6.756679259070489,-2.1870229437000863,2
1771108751686,-3.0486641141018884,-11.219465098601583,0.23282442017835345,2
1771108751794,-25.19370258382022,-10.875954394674132,0.9942747996252816,2
1771108751901,2.141221402673273,11.16221359920489,-1.1660304717541246,2
1771108752010,21.41698363320752,8.274809184189944,-1.7108778634972153,2
1771108752118,1.946564853309318,-11.070610517151264,-2.2604961423755596,2
1771108752231,-21.07919833535183,-12.053434611354724,1.0534351234515817,2
1771108752335,-1.809160230228879,10.92461778496318,-0.30438930135232234,2
1771108752444,18.768128697597145,-4.2347326533335385,-1.1660304717541246,2
1771108752545,-13.474236048348791,3.2729007186572883,4.54293896321484,2
1771108752654,-30.510496003581977,-12.810114557233648,2.8540075647379335,2
1771108752761,-8.914121720692307,12.021946585507319,0.8835877955046698,2
1771108752869,31.90839667006264,9.855916014777856,-6.174618221964819,2
1771108752978,3.2232823825449075,-3.8377863913213153,-0.6564885412742415,2
1771108753086,-16.288167264688262,-1.6278625703861167,2.0896946690181086,2
1771108753193,18.658396585939013,-4.126908298887955,-0.3520992399219192,2
1771108753294,17.935113703780512,11.125000167285721,-2.160305378101112,2
1771108753403,-13.713740046689873,4.314885350130461,3.7070608394755022,2
1771108753506,1.3797709965459186,8.428434652775517,3.571564827381259,2
1771108753633,-14.528625157128353,-1.6154579863580214,0.07061068907268354,2
1771108753711,-14.871183049666588,-3.9246181593528644,1.3969465744309735,2
1771108753820,-13.935114161652802,-4.300572261837876,2.0362595378201602,2
1771108753928,10.27862617722619,-4.698473042786608,-0.9465648610556847,2
1771108754037,16.585878135136195,3.4160305343660786,-0.5324427543541425,2
1771108754181,-5.722328217768451,0.84923663973456,1.4761449657347985,2
1771108754253,-6.478053217824043,4.057251895298049,3.593511505844979,2
1771108754362,5.875954113240848,0.8940839819899811,1.2767175292355895,2
1771108754470,7.9923663478579305,1.1469464963262859,0.8253816704497615,2
1771108754578,-2.395038062420117,1.160305279125773,0.20229007283402467,2
1771108754680,-6.876908090822461,5.004770741681714,1.2767175292355895,2
1771108754788,22.345419784823815,7.119274792199425,-2.907442695935882,2
1771108754896,11.89790095866978,-4.100190733288981,-2.8015267390330827,2
1771108755004,-18.992365515595957,1.6727099126415377,-0.293893114867011,2
1771108755130,-10.418892649568864,2.4646946794534346,-0.04866412066572229,2
1771108755223,15.202290130061295,2.5410305811647893,-0.3139312890662417,2
1771108755329,-23.60877767748627,-2.4456107040255954,2.691793773601304,2
1771108755438,-22.85496214219052,-3.105916040385405,1.8730916546338445,2
1771108755539,21.155534237063183,-2.809160329204218,-3.7051526553761303,2
1771108755647,12.43797682294738,4.182252041072099,-0.8120228876502744,2
1771108755755,-34.96183273851684,-11.335877989041634,2.713740452065024,2
1771108755856,19.44656455766534,-7.412213494851633,-2.4923663371020948,2
1771108755964,14.24999954276873,-1.0725190988794204,-4.214694585856013,2
1771108756072,23.551527031863223,6.088740545982955,-2.919847386685683,2
1771108756180,5.18129783455434,-2.2204197939770984,0.2061068679195924,2
1771108756280,8.156488109650521,7.156488651005416,-2.317748068659076,2
1771108756388,-5.562976916224292,-6.536259236157245,0.2881679222386594,2
1771108756489,-5.772900645930519,0.7156488651005416,-1.437022922829435,2
1771108756632,-11.491411641726579,-1.0601145148513254,0.6679389265309448,2
1771108756699,1.7041984720974717,2.1832061486145187,-1.2146946090951134,2
1771108756806,-19.20610604038775,-2.4036259580843504,1.8072518326860951,2
1771108756915,17.63167913480811,2.1249999168379046,-0.4999999961268166,2
1771108757023,4.11259521059537,-0.5009541948982086,2.0324427427345926,2
1771108757193,-7.539121824725054,3.5429388642395008,-1.192748037353099,2
1771108757231,-0.3711831886693315,2.158396980558328,-0.3673663935837638,2
1771108757334,7.025763099159604,0.9007633200288717,-2.9465647388412455,2
1771108757442,-5.9332060395243635,-3.0343510258093036,-0.7614503527665017,2
1771108757550,-0.6135495965616043,-7.763358642723865,0.9532442524554283,2
1771108757656,6.655534402746355,2.221374099470196,0.19465648266288915,2
1771108757766,-19.628816202836084,-2.3587785091072235,2.6173662694327327,2
1771108757875,16.03435060494142,3.6230913475930118,-3.262404425450271,2
1771108757983,5.550572438917903,-3.787213536272425,1.3272900641193621,2
1771108758148,-26.984731863453888,1.174618260696652,2.0286259476490245,2
1771108758199,-9.353053582419422,-2.3998091629987828,-0.42843511495284775,2
1771108758307,11.24236586911499,0.046755723122938415,0.13263358920283966,2
1771108758408,-9.375954352932828,4.23759535636942,-0.15171755129046519,2
1771108758516,-11.837785902463558,2.0324427427345926,0.41316793461057677,2
1771108758631,-1.0467557320518381,-4.730916014457346,1.6116411912724538,2
1771108758733,8.956106893520376,9.84446520263433,-0.26145038332011156,2
1771108758842,-8.012404415335455,-2.99522898290394,1.0706107013366366,2
1771108758950,5.430343607165931,6.39790052102712,-1.2786259267783733,2
1771108759057,3.734732924010986,-2.425572423104659,-0.37022898989793956,2
1771108759175,-15.83301541122966,-7.496182986734123,0.4532442563286117,2
1771108759283,0.03244274822216596,3.208969507695734,2.0763358862186214,2
1771108759391,-10.294847022731323,0.7461831724242307,2.479961859795705,2
1771108759493,1.6612595273848345,6.027671824613871,1.9179388901675598,2
1771108759593,-12.287213203624043,0.37213738744072344,2.8959923106791785,2
1771108759701,1.9742365109579785,-6.223282466027513,-1.6755725089557134,2
1771108759811,8.419847397441519,0.603053410076293,-2.2328244847268994,2
1771108759917,3.1574427740405695,7.974236464479778,-0.5276717604971828,2
1771108760018,-4.366412297229037,-2.145038197758841,-2.1746182529502853,2
1771108760150,-3.4895037330415524,1.4217557424871639,0.803435098707747,2
1771108760235,-2.6793892962949144,1.0438931357376624,-0.32824427063712075,2
1771108760336,12.281488651325926,-11.587786464689104,-0.8520992360487358,2
1771108760443,-19.820609622277335,-4.080152665811456,3.9370226366592536,2
1771108760552,-17.23950333304432,1.3874045867170541,3.893129706618636,2
1771108760651,9.628816493743162,-6.037213598884379,-2.516221413108599,2
1771108760760,-1.5496182711319777,7.145038265748713,-0.17938931566083138,2
1771108760869,-0.7032442810724464,-1.530534295704139,0.5047709899837763,2
1771108760976,2.827289999138959,4.931297543006241,-0.6870229019587835,2
1771108761084,-5.983778467686431,5.596373979944715,1.2643129452074942,2
1771108761188,4.937022949078004,1.0019083897964172,-0.3597328300930547,2
1771108761293,-3.183206034146446,-4.414122022355222,0.9036259163430476,2
1771108761403,2.1994274210064755,6.674618378174194,-0.5839694346484543,2
1771108761503,7.088740431514883,-2.6641221159526434,-1.8024809455508413,2
1771108761609,7.667939192471495,3.2681296180786226,-1.0286259553953914,2
1771108761718,-0.7853053220513002,-4.706106632957744,2.857824359823501,2
1771108761820,-10.100190900254193,-3.522900796761976,0.39503815795412994,2
1771108761927,19.991412162851844,1.8645037589696114,-3.2347327678016105,2
1771108762035,10.457060600424542,-8.219465868892623,-1.188931242267531,2
1771108762149,-8.298663619866213,13.506679446906352,3.4437021920147393,2
1771108762253,10.014313224272328,3.440839702422269,0.5811068383342785,2
1771108762362,25.156488298127403,2.502862630309112,0.6316793732180511,2
1771108762470,-4.379770866585113,10.3597329660728,2.550572568878709,2
1771108762570,4.980915879118622,6.494274917102823,-1.4379771216008268,2
1771108762679,-0.08015267011649631,10.144083403407986,-2.62786256263975,2
1771108762788,-6.642175406503457,-3.321564749276571,-2.896946616172276,2
1771108762895,8.986641254204917,4.581106914070517,-3.719465743668715,2
1771108763003,11.885495627589744,-0.15648854514742488,-0.43034351249563163,2
1771108763104,-21.75572515754701,-5.469465650071294,3.005725062667546,2
1771108763217,-2.1269083143806884,4.091603051068159,3.2032443150673826,2
1771108763320,4.128816909874151,10.861640879494724,1.8730916546338445,2
1771108763424,0.540076344525278,7.676526447805493,2.9666030197621818,2
1771108763529,-10.312976906109476,-1.1688930680683005,0.7833969245085163,2
1771108763649,15.113548897269904,10.304388797001831,-2.7385496201212147,2
1771108763738,-12.916030300693036,6.185114515171835,-1.8435113859989887,2
1771108763849,-13.459923386943029,-7.448473261607938,-0.2232824458046473,2
1771108763950,4.372137276413977,3.103053337349523,0.16125953900438456,2
1771108764057,5.564885527210488,4.850190754159632,-2.4637403739603365,2
1771108764165,22.306298168805274,-0.2671755759484632,-4.159351270558693,2
1771108764272,10.056297543326751,5.527671668404496,-0.5276717604971828,2
1771108764379,-15.028625740224552,-2.7881679562335955,2.771946470398227,2
1771108764516,13.441793503564876,-5.015267034888732,-2.9914121878183724,2
1771108764589,13.543892878825519,0.6412213609319705,-1.865458064462709,2
1771108764698,-14.162213682687495,9.245228801087016,-0.39503815795412994,2
1771108764807,-5.478053332292116,0.10114503641701234,-0.897900723714696,2
1771108764915,2.915076286107017,1.8988549147397211,-0.5038167912123844,2
1771108765015,-16.244274761534466,5.3998092464813885,3.105916040385405,2
1771108765133,-17.798663599636583,-1.8024809455508413,2.3435113287649525,2
1771108765224,2.6221373700113983,-2.1402670971801756,0.45229005755721974,2
1771108765332,-8.709923823944667,18.14694689824658,4.25954203483314,2
1771108765439,6.4312975847475435,2.5343510830433402,1.654580135985091,2
1771108765547,5.7414121931962905,-5.831106664263721,0.08301526643067213,2
1771108765664,-5.827289869178153,-1.3520992321755525,2.827289999138959,2
1771108765765,1.7881679639799621,-10.864503582530604,-0.4417938977523349,2
1771108765872,18.96564923065745,2.402671652591253,-2.1145038370742992,2
1771108765983,0.5973282174479414,-1.997137281471385,0.7900763159082599,2
1771108766081,-16.301527114704808,-3.24141226592306,3.846374073542137,2
1771108766206,-5.347328207333126,-0.5515267297819813,2.100190748781714,2
1771108766306,10.818702041503792,-3.0820609643789005,-1.8492365786273404,2
1771108766414,-20.326335611445295,7.437022449464411,1.9246183882890093,2
1771108766515,15.898855019733999,1.9169847981178738,-2.1097327364956335,2
1771108766623,15.276716993899631,4.682251770394651,-0.22519083000721793,2
1771108766732,0.8540076335915197,12.446564932055026,0.5372137482111022,2
1771108766841,-0.18893129003453754,0.7061068773866223,0.9265266868564541,2
1771108766940,16.07442673989647,4.684160381380846,-1.7700381873235154,2
1771108767044,6.412213609319705,0.2442748054350567,-1.192748037353099,2
1771108767176,15.374045482025021,-5.415076426823659,-0.41793892846753644,2
1771108767259,-6.165076447694311,-2.415076343341054,1.300572498520388,2
1771108767359,-2.22614498660545,-1.1192748386776254,-0.2872137234672674,2
1771108767466,19.830153104095135,-3.0706105791221976,-0.07919847134510438,2
1771108767567,-10.08206101687604,-6.161259652608742,-0.24809160052062443,2
1771108767668,-1.1164122423634497,-2.2500000626119543,-0.5133587789263038,2
1771108767774,21.98473286268107,3.729007517939223,-0.8702290127051826,2
1771108767883,-3.3139311591054357,0.8530534348201277,1.760496199609596,2
1771108767984,-1.1297710251629367,1.145038098783502,2.0944655561533625,2
1771108768097,6.712786329029871,-0.45992364772835526,1.5496182711319777,2
1771108768212,-15.785304832329828,1.0887404779930834,3.9818700856363805,2
1771108768317,-13.272900854637033,1.9265267858317932,0.7900763159082599,2
1771108768417,17.724236735798247,-2.7127861465719265,-4.835877665867047,2
1771108768526,-14.881679342873605,-4.835877665867047,-1.300572498520388,2
1771108768679,-1.5925572158446148,0.15839694269020876,2.1049618493603797,2
1771108768742,9.313931112627236,0.6564885412742415,1.2633587464361022,2
1771108768842,-10.06965653956965,-2.196564931414006,1.2996182997489958,2
1771108768952,-14.76622182514371,9.343510954375269,0.8616412237626552,2
1771108769064,-1.0763358939649883,6.9952287384750615,-0.005725190960824973,2
1771108769168,12.087786194011658,-3.2681296180786226,-2.2748092306681444,2
1771108769269,-18.03530574871543,1.6259541728433327,2.4179388329335234,2
1771108769376,6.058206185298413,4.017175333456176,0.3425572522079998,2
1771108769484,12.51622090875811,-2.1593510726080143,-0.6469465535603222,2
1771108769595,-13.032442337359441,0.30629769889510616,2.4809159518453914,2
1771108769701,-11.453243690870902,0.8072518937933147,0.68034351055904,2
1771108769809,32.8062967534471,-1.3024808960631717,-3.6164122763583855,2
1771108769918,-3.826336006064612,3.3444655197899777,3.547709964818166,2
1771108770027,-18.78816847262196,9.962786277173754,4.357824188121392,2
1771108770194,10.757633320134708,10.16507598982202,0.09828244010283652,2
1771108770245,7.166030425275924,-2.59351140686964,0.1498091537476813,2
1771108770353,-22.74809187979462,-4.767175354326827,1.8921756300616834,2
1771108770460,-5.031488307280688,-3.432251806758036,0.8759542053335343,2
1771108770571,23.862594337233112,4.405534340134401,-2.0200380519847916,2
1771108770671,-12.305343087002196,3.402671751566592,1.372137406374783,2
1771108770779,-16.296756227569553,-3.6421753230208505,0.8816793979618859,2
1771108770886,11.906488214003778,6.692747834665523,-1.41984734494438,2
1771108770987,-2.8654579499946364,-2.645992232574491,-0.06488549644433192,2
1771108771095,-3.693702270119427,1.1851144471819635,1.3807251953173105,2
1771108771223,14.747136569055401,-0.7547709613667581,-0.14599235866211357,2
1771108771328,20.337786423588824,0.44370229529511873,-1.5582060600745051,2
1771108771436,12.98091624403451,1.5038167301051648,1.5858778244448715,2
1771108771547,-16.006679801066404,5.589694481823266,2.3082060809451566,2
1771108771678,-2.7709923783485406,-0.9179388979139266,-1.5534350662175456,2
1771108771763,21.98473286268107,4.139312776194345,-1.6269083716147248,2
1771108771863,-7.949427509866999,0.9961831971680655,-0.5601145187245087,2
1771108771964,-8.428434652775517,-5.581106799602445,0.9093511089713991,2
1771108772070,16.488549647010803,-0.7767175331087728,-0.5104961826121279,2
1771108772180,-14.704198584838116,3.612595481272818,0.912213705285575,2
1771108772288,-23.551527031863223,5.319656549684465,2.2729008331253606,2
1771108772398,24.111640109844704,2.121183121752337,-2.2490457571188562,2
1771108772504,-6.172710037865446,1.3664122137464316,2.6040077000766573,2
1771108772604,-8.194656060506198,-14.574426698155166,-0.30534350012371425,2
1771108772713,30.65266980625038,15.477099376222174,-4.052481008162795,2
1771108772814,5.603053478066165,6.620228728039736,-0.3015267050381465,2
1771108772921,-19.30152719818741,0.6288167769038753,2.4627862819106503,2
1771108773031,-3.601145096016115,-8.104007497389082,1.9866412017077795,2
1771108773160,-3.522900796761976,-0.4446564940665107,1.0734732976508126,2
1771108773238,-25.90839650309743,-3.148854878376336,3.2709923211145044,2
1771108773347,12.040076468885472,-5.13167949844196,0.5190839715546554,2
1771108773455,11.461831799978546,-3.0238549460456983,0.8578244286770874,2
1771108773565,-14.340648105885847,-1.2566793550363586,0.26335878086289544,2
1771108773680,-6.307251957910004,-8.262404706883554,0.4561068526427875,2
1771108773772,23.22614535754028,3.6393130468717922,-3.613549573322504,2
1771108773880,-9.88931307849828,3.442748099965053,0.9093511089713991,2
1771108773989,23.437022325522545,-1.1517174901832457,-2.267175640497009,2
1771108774137,-1.8635496669199252,-0.7671755453948533,-0.01622137411108298,2
1771108774206,17.146945732054185,1.437022922829435,0.03530534453634177,2
1771108774306,-13.871182737247837,-5.080152551343383,0.7795801294229485,2
1771108774415,-8.359732341235297,-6.654579883809846,1.963740431194373,2
1771108774523,20.77194569063339,13.291984403178049,-2.6374045503536694,2
1771108774631,-4.633587526331956,14.091603187047903,1.3425572444616332,2
1771108774740,-21.989503749816325,-2.7299617244569814,1.7538168082098524,2
1771108774848,2.4942747346448786,0.09255724747448489,1.5057251276479486,2
1771108774957,14.451336444027781,-1.1431297012407182,0.43034351249563163,2
1771108775065,-19.15648813116219,8.91984712676407,1.5257633018471792,2
1771108775186,-14.620228239181978,-4.589694596291339,-0.8625954225340471,2
1771108775291,-5.411259631738091,0.254770991920368,0.6421755597033625,2
1771108775398,13.165076073304625,-5.333969211090227,-0.0066793893153352475,2
1771108775499,-18.054389297256446,-7.474236735157226,2.022900755020673,2
1771108775608,8.583969159234108,4.338740212693554,-1.1860686459533554,2
1771108775708,12.625000209027023,-5.087786141514519,-2.4007632550484685,2
1771108775819,-22.766220909399127,-8.074427655641049,2.63072505223222,2
1771108775926,8.039122407821253,6.007633330249523,1.3950381768881897,2
1771108776032,15.035305665232825,-4.436068700818943,-1.9265267858317932,2
1771108776142,-11.793892545536117,9.005724802745934,1.4971373387054212,2
1771108776259,7.523854644382784,-4.69465624770104,0.40267174812526546,2
1771108776361,11.114503874078704,2.4370228083613625,-0.8501908385059519,2
1771108776467,5.024809236046062,1.4179389474015962,-1.4274809351155155,2
1771108776575,-3.7003817682408764,2.624045767554182,0.16507633408995231,2
1771108776676,17.733778510068753,13.271946335700523,-1.9770992139938601,2
1771108776783,-3.77957994610129,3.7061067474258165,0.6727099203879044,2
1771108776892,-15.500953811898443,3.3291983394477067,3.0896945545500363,2
1771108777006,2.8349235893100944,-1.3311068592049298,0.9723282278832671,2
1771108777131,-6.374999750513713,-6.65362579176016,1.1297710251629367,2
1771108777217,-16.738549938558904,-3.6059159831513687,1.3396946481474572,2
1771108777325,8.271946481154062,-2.2805342098530845,-2.9465647388412455,2
1771108777435,30.29102836517113,-1.2757633304641975,-3.2251907800876913,2
1771108777543,-6.639312703467574,2.8692747450802045,0.024809159718557114,2
1771108777685,10.895992462151657,0.169847327946912,-3.0677480895297276,2
1771108777751,15.30438950532194,1.9446564557665342,-0.9217556929994943,2
1771108777860,-20.63740462436248,-1.6612595273848345,4.309160370945521,2
1771108777962,6.984732872154868,-15.943702041824302,-3.3263358498552367,2
1771108778068,6.377862453549596,-2.6488549356103723,-4.519084100651747,2
1771108778186,-19.729961059160217,1.3645038162036476,0.7709923404804211,2
1771108778294,-18.57347342889366,1.1297710251629367,4.194656518378489,2
1771108778407,13.94465593592331,-1.253816758722183,-0.7051526786152303,2
1771108778510,0.7824427257371244,-3.9150763850823562,2.0696563880971723,2
1771108778619,-17.170801875277746,4.061068690383617,2.927480976856818,2
1771108778727,20.78912190884868,2.2604961423755596,0.5715648506203591,2
1771108778827,-9.573473178445843,5.683206174863088,-0.07442747748814468,2
1771108778937,-16.784351479585716,1.051526725908798,2.336832044086915,2
1771108779045,7.5305345693910555,-3.010496163246211,0.5820610371056704,2
1771108779166,14.663167930946557,4.6851144734305326,-1.4389313203722187,2
1771108779261,-9.44370214553654,-4.375954071499545,-0.4332061088098074,2
1771108779361,5.668893086570503,2.1402670971801756,0.2566793894631519,2
1771108779472,-0.6889312995015674,-6.741412078728218,2.5572518535567466,2
1771108779578,-15.331105790260443,1.1650762729827326,3.0801525668361167,2
1771108779679,-0.725190852814461,4.267175625004276,-0.270038172262639,2
1771108779787,3.5400763746470307,0.4666030391280988,-1.050572527137406,2
1771108779896,-11.20610695613233,-3.5124045035549587,1.4541985007144898,2
1771108780004,-6.097328228203777,-5.550572438917903,-0.8654580188482229,2
1771108780141,-7.4112598296887695,5.9923661499072525,1.502862531333773,2
1771108780221,3.210877905238518,2.2509541546616405,0.25381679314897604,2
1771108780329,-6.760496054156056,5.318702030747956,2.3893128697917656,2
1771108780436,4.115457913631252,-5.656488609264113,0.3196564816945933,2
1771108780537,-16.134540942329043,-4.458015379282663,1.098282465707003,2
1771108780674,7.237595439852026,7.267175281600058,-0.943702264741509,2
1771108780754,10.81297663543203,-3.1975191224390307,-1.895992425147251,2
1771108780862,-6.992366462326003,4.674618180223516,0.169847327946912,2
1771108780971,2.456106783789201,-0.8835877955046698,1.2022900250670183,2
1771108781082,13.828243899256906,-3.168893159297273,-1.9227099907462253,2
1771108781203,-12.64408375756804,3.4236641245372144,1.5877862219876553,2
1771108781305,-13.333969576006117,5.898854883754254,2.763358788177405,2
1771108781415,1.4780533632775825,3.522900796761976,0.12786259534587996,2
1771108781521,6.150763359401726,3.8549617557629587,-0.9675572340263073,2
1771108781632,2.8454198825171115,0.7003816847582707,-1.3492366358613765,2
1771108781739,18.00954227516614,12.126907810030199,-4.258587515896631,2
1771108781846,-1.5639312527028568,4.064885485469185,-1.126908428848761,2
1771108781948,-9.26240416552866,1.6249999740719407,1.653625937213699,2
1771108782055,5.787213734223103,1.666984720013186,0.07633587503092856,2
1771108782199,11.394084007374836,-7.944656622731745,-2.892175515593611,2
1771108782273,10.955152145647721,-0.18034351443222332,-2.7232824397789437,2
1771108782381,6.08683193499676,-5.6087784572511055,0.6288167769038753,2
1771108782489,-0.5085877850693441,6.033396803798811,2.932251863992072,2
1771108782589,-0.897900723714696,0.28148855751934226,0.24618320297784058,2
1771108782699,-15.192748355790787,-2.951335839419911,1.82442741057115,2
1771108782808,-5.682251655926579,2.592557314819954,0.7786259306515566,2
1771108782914,0.08110686888788825,-0.4465648916092946,-0.12786259534587996,2
1771108783015,-8.471373490766448,1.7805343738088266,1.343511443233025,2
1771108783123,12.940839255305814,6.041984486019634,-1.2900763120350764,2
1771108783225,-11.248091275186752,-4.23759535636942,0.6698473240737286,2
1771108783342,-1.372137406374783,-2.5553434560139627,0.5276717604971828,2
1771108783439,-12.278625948290045,-0.5782442420201026,-0.1908396875773214,2
1771108783548,-2.208015316670709,2.592557314819954,0.864503820076831,2
1771108783680,-9.258587797329914,2.8129771242897856,0.9188930966853186,2
1771108783758,-5.204198605067747,4.340648823679749,1.2080152176953698,2
1771108783865,-3.284351103913991,-1.5973282097015746,0.1259541978030961,2
1771108783974,-15.939885673625557,3.1727099543828405,2.0543892077549013,2
1771108784083,9.47328198728457,7.809160183750679,-1.1202290374490174,2
1771108784208,14.018129134598784,1.0935114718500432,-1.2729007341500216,2
1771108784319,7.280534277842957,-1.9475191588024157,-1.2833969206353328,2
1771108784424,6.408396814234138,4.122137411752701,-1.5133587178190842,2
1771108784524,-7.605915952165901,-9.503816347969114,0.0667938939871158,2
1771108784635,-7.870228905119762,1.8120229332647606,-0.27194656980542287,2
1771108784743,-0.5763358444773188,8.793893315827159,-0.7566793589095421,2
1771108784849,8.019083486570082,-0.18988548880592948,-0.20133587406263273,2
1771108784959,0.6622137339025931,-6.006679238199838,0.03625953997268041,2
1771108785068,-8.218511349956113,1.002862588567809,0.3425572522079998,2
1771108785176,8.092557539019202,7.819656476957696,-0.8263358692211535,2
1771108785283,-0.16889312917552007,2.2127862038059627,0.16125953900438456,2
1771108785393,-1.5343510907897067,0.23473281772113733,1.7471374168101088,2
1771108785500,10.503816660387864,4.912213567578402,0.2337786189497454,2
1771108785609,-0.07156488117396888,1.7853053676657864,-0.1498091537476813,2
1771108785717,-1.8387404988637348,-0.6832061068732158,0.6698473240737286,2
1771108785826,-2.686068580972952,0.021946565071907953,0.8167938815072341,2
1771108785934,-7.3606865477530565,1.7366412303247976,-0.6307251744466592,2
1771108786042,-10.878816243936367,-3.381679378595969,1.6870228942124168,2
1771108786204,-13.560114578104299,-6.0477098920913965,0.8692748139337907,2
1771108786259,5.344465504297244,6.687022855480583,-0.35114504115052725,2
1771108786369,0.6011450125335092,-5.749045783367426,-0.803435098707747,2
1771108786477,6.893129790101241,6.85591593129525,1.3549618284897282,2
1771108786584,4.668893201038576,5.851145158628069,-1.9446564557665342,2
1771108786699,-1.2041984226098021,-5.520992170283047,-0.2805343587479503,2
1771108786801,-4.015267149356804,0.28435115383351806,2.5591602510995304,2
1771108786903,-5.728053196953391,1.4799617608203663,0.5820610371056704,2
1771108787012,0.27385496734820675,0.49332060472707306,0.8721374102479665,2
1771108787112,3.580152723045492,3.6316794567006565,0.41603053092475256,2
1771108787219,3.5467556593250684,-0.18893129003453754,-0.6526717461886737,2
1771108787329,2.6383586424033556,2.2290076896413313,-2.4303435236833244,2
1771108787435,1.7251908450680942,-2.270038130089479,-1.1994274287528424,2
1771108787544,-4.27194651213953,-2.468511474539002,1.17366406192526,2
1771108787655,-2.561068648642314,3.9303435654246273,-0.7595419552237179,2
1771108787761,0.7700381417090292,1.0858778816789076,-1.9809160090794278,2
1771108787869,-4.318702145216029,-1.6402671544142118,0.31679388538041753,2
1771108787978,-2.324427353337114,-1.7719465848662992,-2.7118320545222403,2
1771108788085,-1.0324427504809592,2.4437023064828116,-0.7280534491286368,2
1771108788190,-4.981869971168308,3.357824302589465,0.9389312708845493,2
1771108788294,6.783396824669463,-0.8129770864216663,-0.3778625800690751,2
1771108788404,-2.2404580748980347,-1.3272900641193621,-0.8062976950219228,2
1771108788511,-7.004770939632393,4.283396897396233,-1.1803434533250037,2
1771108788620,-1.8606869638840435,6.394083725941552,-1.3263358653479702,2
1771108788728,14.5152670146591,0.9704198303404832,-3.171755648889743,2
1771108788828,-3.0534350012371423,-2.1049618493603797,1.578244234273736,2
1771108788937,-2.221374099470196,6.66316799291749,1.2986641009776039,2
1771108789048,10.586831633333846,-0.6937022933585271,2.3807251875709436,2
1771108789164,20.58873952652614,6.004771054100465,-3.327289941904923,2
1771108789262,-17.055342650000558,-5.646946408106783,-1.5887404207590472,2
1771108789371,-16.40362648996545,-3.4188930239585487,-1.8425572939493027,2
1771108789471,15.454197751935121,2.9942746774108424,-3.010496163246211,2
1771108789579,1.1555342852688133,-2.1879770357497725,-0.9942747996252816,2
1771108789701,6.228053353162767,-1.4112595560018526,-1.0935114718500432,2
1771108789788,-7.660305602300359,0.8091602913360987,1.82156492097868,2
1771108789896,-0.22041984949047147,-7.010495918817332,-0.7519083650525824,2
1771108790004,6.708015015007794,-3.1020992452998373,-1.6555343347564828,2
1771108790156,3.746183309267689,7.760495939687984,-1.5343510907897067,2
1771108790221,6.470419627652907,2.8664122554877345,-0.40458014566804934,2
1771108790329,7.8959923786690505,7.763358642723865,-1.683206099126849,2
1771108790440,-6.385496043720731,-3.974236495465245,-0.17175572548969587,2
1771108790548,-3.2280534831235728,0.7490457687384066,-0.9074427114286153,2
1771108790655,0.8740458077907504,3.4417937944719554,-1.8167938204000145,2
1771108790756,-2.859732757366285,-3.715648948583147,-1.3816793940887024,2
1771108790863,-0.28148855751934226,-8.315839838081503,-1.6040076011013182,2
1771108790964,0.5572519224103328,4.504771012359162,-3.3177479541910033,2
1771108791065,-2.9875953927328047,16.335877843588094,-0.7442747748814469,2
1771108791187,16.479962391676807,8.881679175908394,2.320610558251546,2
1771108791290,-32.83301645348019,-5.417938702972718,-0.03721373874407234,2
1771108791398,-9.340649105113032,-0.2767175636623826,-1.4770991645061904,2
1771108791505,0.10877862658814783,-6.371182955428146,-2.3110685705376266,2
1771108791607,10.075381945641412,2.1402670971801756,-2.12977101741657,2
1771108791719,-3.2213739850021237,-6.62881683714738,-0.8396946520206406,2
1771108791823,-9.420801375023132,-2.4923663371020948,0.30248090380953846,2
1771108791933,-3.2032443150673826,-0.5534351273247652,-0.5849236334198462,2
1771108792042,-10.34255674785751,2.4131679457982695,1.54580147604641,2
1771108792149,-7.74427509418285,-1.7385496278675814,0.6898854982729593,2
1771108792292,-2.458015181331985,-6.8215647755251405,0.1393129806025832,2
1771108792360,6.851145044159996,5.114503707113493,-1.7003816770119038,2
1771108792466,0.7662213466234614,-3.7061067474258165,-0.5314885555827505,2
1771108792575,-10.546755498378795,-10.226144711191104,0.5687023076670361,2
1771108792710,-9.596373948959249,-4.345419710815003,0.24236640789227282,2
1771108792784,-6.959923490655266,-4.976144991983368,-1.0925572730786512,2
1771108792891,-7.526717347418665,-2.410305242762388,-1.3492366358613765,2
1771108792998,-4.84828257006026,-4.350190597950257,-1.3091602874629154,2
1771108793170,-1.8730916546338445,-7.956106581101626,-1.1688930680683005,2
1771108793217,8.28530547739696,1.4465649105433542,-2.000954076556953,2
1771108793325,5.710877832511748,-1.5601144576172892,-2.686068580972952,2
1771108793433,2.9246182738209368,-3.3024807738487323,-2.0047708716425205,2
1771108793543,-12.195610121570418,-0.9208014942281024,0.11641221008917672,2
1771108793645,2.270992435582577,-0.08683206151623987,-0.22805342632139375,2
1771108793751,-4.524809079836687,-4.850190754159632,-0.632633571989443,2
1771108793859,1.3692748100606074,-9.417938671987251,0.32633587309433687,2
1771108793968,-3.7356870160606723,-5.389312953274371,-1.870228951597963,2
1771108794075,-1.7375954290961895,-5.173664244383205,-1.2872137157209007,2
1771108794187,2.127862619873786,1.9685113183296268,-1.125954230077369,2
1771108794293,3.8597326428982126,-0.7337785883961355,0.30629769889510616,2
1771108794403,4.119274708716819,-1.1383588141054641,-1.5648854514742487,2
1771108794509,1.110687049735098,-1.6020992035585344,-1.2929389083492524,2
1771108794609,9.846374240507348,-2.0295800396987107,-2.704198464351105,2
1771108794718,-0.07442747748814468,2.394083970370431,-1.530534295704139,2
1771108794829,0.5124045801549119,-1.9761449085007623,0.270038172262639,2
1771108794934,-0.9656488364835235,3.2690839235717206,0.5219465678688312,2
1771108795043,-3.319656351733787,-4.174618450900963,-1.1812976520963956,2
1771108795171,4.933206153992437,-0.42557251863867196,-0.632633571989443,2
1771108795260,4.9541983135196475,-4.291030487567368,-1.7538168082098524,2
1771108795368,-5.451335766693141,-13.567748168275434,-2.8158396138822557,2
1771108795479,-13.425572658059743,-4.186068836157666,1.774809181180475,2
1771108795585,-11.947518867895337,-0.19274808512010527,2.3215648637446438,2
1771108795716,45.0362593114481,17.965648064465054,-8.418892878505009,2
1771108795803,-18.999045440604228,-1.0104961787389446,0.7089694737007981,2
1771108795905,17.427480384286824,-4.806297824119015,-1.344465642004417,2
1771108796010,-3.8234733030287305,0.30534350012371425,-0.25095419683480025,2
1771108796168,-4.1688930448292005,0.2891221210100513,0.5896946272768059,2
1771108796227,3.2251907800876913,1.4875953509915019,-0.5534351273247652,2
1771108796328,0.9017175188002637,2.8587786653165987,1.3940839781167977,2
1771108796436,-8.597328155477008,-2.527671798365302,-0.021946565071907953,2
1771108796542,-12.493320138244702,-3.9980913580283377,1.8788168472621962,2
1771108796645,16.17175522802186,2.6402670399461394,-2.6946564766371854,2
1771108796753,-4.3540073930358245,-2.143129800216057,0.1956106814342811,2
1771108796861,6.955152603520012,-3.2146947003240856,-1.8349237037781672,2
1771108796962,1.5343510907897067,-3.9007632967897714,-0.024809159718557114,2
1771108797073,-2.529580195908086,4.929389358906869,-0.5782442420201026,2
1771108797189,2.256679347289992,-2.520992300243853,-2.8158396138822557,2
1771108797295,8.868320179665494,1.236641180837128,-1.3673664125178235,2
1771108797398,-3.9150763850823562,1.6765267077271055,-0.7738549367945969,2
1771108797496,4.920801249799224,-5.017175645874927,-3.277671605792542,2
1771108797603,2.313931273573508,-1.7328244352392297,-0.02576335848994905,2
1771108797713,2.374999994942592,2.025763244613143,-0.09351144624587683,2
1771108797812,-1.050572527137406,1.193702236124491,-0.68034351055904,2
1771108797915,-3.4637404729356756,-2.2318701792338014,-0.6307251744466592,2
1771108798021,3.5314884789827974,0.8463740434203842,-1.7070610684116474,2
1771108798121,-9.98473252875065,-5.13167949844196,1.1154580435920578,2
1771108798229,-5.75381667050268,1.1832060496391794,1.6717557138701458,2
1771108798339,-2.3110685705376266,-6.054389390212846,-2.3683204968211427,2
1771108798446,4.4809161497960694,-2.547709865842827,-1.1917938385817068,2
1771108798555,-8.07347313670454,0.6583969388170254,-0.7910305146796518,2
1771108798664,-1.0400763406520945,-3.325381544362139,0.007633587669845522,2
1771108798764,5.7175573306331975,-2.320610558251546,-0.9618320413979558,2
1771108798875,-9.037213682366986,2.3482824293436177,0.5419847420680619,2
1771108798981,-5.321564733783838,-5.409351020751896,-0.3368320595796482,2
1771108799124,1.0677481050224609,-1.9227099907462253,-1.4532443019430978,2
1771108799197,-4.448473178125332,-5.7414121931962905,-0.24045801034948894,2
1771108799306,-1.2624045476647103,-4.3540073930358245,0.4103053382964009,2
1771108799406,9.645038193021943,0.5181297727832634,0.6116411990188204,2
1771108799515,12.182251979101165,7.584923365751868,-1.5858778244448715,2
1771108799622,-1.0076335824247689,-1.4895037485342857,-0.789122117136868,2
1771108799723,-0.8196564778214099,-2.8435114849743277,0.6192747891899559,2
1771108799832,-2.302480888316805,-1.159351080354381,-0.8301526643067213,2
1771108799941,5.437977197337066,-2.9083970014289795,-1.1240458325345852,2
1771108800047,1.9904579967933471,-3.6908395670835454,1.5362594883324907,2
1771108800182,-1.0324427504809592,-7.119274792199425,0.6631679326739851,2
1771108800256,9.344465473311777,-4.438931403854824,-1.4332061277438672,2
1771108800365,7.078244138307866,-1.4150763510874202,-1.1879770434961392,2
1771108800473,-3.3177479541910033,-2.730916029950079,1.54580147604641,2
1771108800574,1.7232824475253103,-5.066793981987308,-0.7213740577288933,2
1771108800713,-3.5095420139624887,1.2423663734654797,-1.2022900250670183,2
1771108800792,-9.516220825275504,-5.6393128179356475,1.793893049886608,2
1771108800901,-1.5200381092188278,-4.432251905733375,-0.46183204527113914,2
1771108801007,1.3501908346327687,-5.84446566050662,0.021946565071907953,2
1771108801160,-0.25095419683480025,-6.560114525607161,-0.2881679222386594,2
1771108801216,-3.028625833180952,0.29580151240979485,1.2385495783799119,2
1771108801324,-3.4828244483635142,1.0839694841361238,-0.17175572548969587,2
1771108801433,-0.15267175006185713,2.2633588454114415,-1.3406488469188491,2
1771108801541,2.5238550032797344,-3.4007633540238076,-0.40839694075361704,2
1771108801649,9.433205852329522,-4.9541983135196475,0.31488548783763365,2
1771108801750,-7.307251416555108,0.9379770721131573,0.40839694075361704,2
1771108801858,5.580152707552759,-1.404580164602109,0.6440839572461463,2
1771108801966,10.976144732061757,0.17843511688943944,-1.9083969024536405,2
1771108802074,-7.050572480659206,-1.1812976520963956,-1.2996182997489958,2
1771108802199,-19.555343857934258,-8.096373907217947,-1.5801526318165198,2
1771108802291,7.636450312850443,-4.406488432184087,-0.7175572626433255,2
1771108802400,-0.084923663973456,-2.750000005377918,-0.743320576110055,2
1771108802501,7.856869908876864,-4.360686891157274,-1.3167938776340509,2
1771108802608,3.2824427063712074,-4.107824323460116,-1.6316793654716844,2
1771108802717,-6.035305414785007,1.5066793264193405,-0.6574427400456334,2
1771108802825,8.477098896838212,-5.718511422682884,-4.179389338036217,2
1771108802929,14.895037485342856,8.153625406614639,-1.4732823694206227,2
1771108803034,-10.80152667706215,3.294847183677597,1.9408396606809664,2
1771108803163,-3.1851144316892297,-5.605915754215223,-0.33015266817990463,2
1771108803268,2.0725190911330538,3.3358778375691562,0.5171755740118715,2
1771108803376,-2.87404584565887,-4.66698459005238,-0.4875954120987214,2
1771108803485,-8.03625970478537,-0.2891221210100513,2.3062976834023727,2
1771108803593,-6.76526694129131,0.2557251906917599,1.4761449657347985,2
1771108803744,-0.5706106518489671,-10.491412183081474,-3.7385497190965538,2
1771108803803,3.3912213663098885,-2.750954097427604,-1.5486640723605858,2
1771108803909,-13.26908363266464,-6.736641191592964,3.124045710320146,2
1771108804018,-17.007633778648017,-34.089692713587084,-2.958015124097949,2
1771108804144,-16.530534819838874,-2.761450390634621,-0.2757633648909906,2
1771108804252,3.80152662456501,4.348282413850884,-0.5047709899837763,2
1771108804360,13.021946044152424,-3.787213536272425,0.6898854982729593,2
1771108804470,-0.5505725310105893,-6.080152436875311,1.002862588567809,2
1771108804579,-6.134542087009769,12.533397126973398,-1.343511443233025,2
1771108804723,-2.3148853656231942,-3.949427540852466,-1.4274809351155155,2
1771108804795,9.37499983399632,4.060114598333931,-0.4666030391280988,2
1771108804895,2.857824359823501,-1.0562977197657575,1.6498091421281311,2
1771108805003,0.9980915947108494,6.8959920662503,-0.54103054329667,2
1771108805111,6.247137328590606,5.678434860841011,0.7156488651005416,2
1771108805220,5.485686922463251,11.89312921776088,0.1135496137750009,2
1771108805328,-16.916030696594394,-1.3769084002317429,5.472328353107176,2
1771108805437,10.71660266624315,5.371183069896219,0.8845419942760617,2
1771108805545,3.1450380832907685,0.2003816752912408,0.2337786189497454,2
1771108805646,-5.894083996619,7.2958014581852275,2.382633585113728,2
1771108805755,-19.339694295269446,3.550572454410636,5.551526530967589,2
1771108805862,8.108778384524335,-2.542938978707573,1.4732823694206227,2
1771108805970,4.6364502293678385,1.062977111165501,2.0286259476490245,2
1771108806071,2.952289931469597,-2.332060943508249,-0.7557251601381502,2
1771108806197,-4.386450364706562,-1.9980915869644826,0.3473282460649595,2
1771108806305,-7.280534277842957,-0.020038167529124077,1.729961838925054,2
1771108806413,0.013358778630670495,7.990458163758558,0.8759542053335343,2
1771108806521,-2.1650762652363658,-2.505725119901582,0.34828244483635146,2
1771108806629,-6.4131677013693915,18.43511428687671,2.284351004938652,2
1771108806738,-5.682251655926579,9.582061287553486,1.8015266400577434,2
1771108806846,11.53912222062641,0.44083969898094294,-2.3883587777420794,2
1771108806955,5.5486638279317075,2.0391220274126303,-0.5219465678688312,2
1771108807063,1.312022883777091,1.530534295704139,-2.005725177135618,2
1771108807173,7.890266972597288,1.8082061381791927,-3.760495970673451,2
1771108807279,13.907442504004141,-5.791030529308671,-1.7643129946951637,2
1771108807380,-4.034351124784643,1.7061068696402555,-1.0114503775103365,2
1771108807488,-2.751908402920702,2.290076197567004,-0.9198472954567105,2
1771108807596,-9.774809225931246,-5.468511558021608,-1.1001908632497868,2
1771108807720,11.450381841608666,-1.4818701583631502,-2.592557314819954,2
1771108807813,-12.61545758098287,-3.9618320181588556,1.0992366644783949,2
1771108807914,10.874045356801112,-1.1230916337631933,0.13645038428840742,2
1771108808025,7.154580040019221,-2.4809159518453914,-0.04961831943711423,2
1771108808142,18.868320742532063,7.43893148733743,-1.9732824189082923,2
1771108808240,-10.175572283029037,0.48568701455593755,1.7118320622686072,2
1771108808348,4.659350999881244,-0.9599236438551719,-0.6354961683036189,2
1771108808456,0.8406488507920326,-1.2280533918946006,0.08206106765928019,2
1771108808566,7.536259121689173,5.645992316057097,0.4513358587858278,2
1771108808673,0.5629771150386845,4.651717409710109,-1.8692748595482769,2
1771108808774,7.873091608155645,1.29675570343482,1.3177480764054428,2
1771108808881,11.35496153758265,-3.459923677850108,-0.27194656980542287,2
1771108808993,7.539121824725054,8.833014931845698,1.0696565025652447,2
1771108809148,-3.558206044581772,2.088740363525011,-1.3034350948345637,2
1771108809199,-2.6164121773830464,6.080152436875311,-0.10877862658814783,2
1771108809308,1.0582061173085415,-1.852099281663222,0.06393129767293998,2
1771108809416,5.5486638279317075,-1.8082061381791927,0.8797710004191021,2
1771108809517,-3.725190722853655,2.333969341051033,0.5162213752404796,2
1771108809624,-0.5648855125814684,-1.3950381768881897,-0.07347327871675274,2
1771108809724,-6.129770772987691,-3.110686927520659,0.569656506438428,2
1771108809832,-8.741411849792073,-3.1622136611758234,-0.5715648506203591,2
1771108809936,-7.248091733059042,-2.8187023169181376,-0.2003816752912408,2
1771108810041,-5.064885371001112,-2.942747943755678,2.4141220378479558,2
1771108810168,-3.5295800814400136,-0.9503816561412525,-0.046755723122938415,2
1771108810274,6.998091441510943,-4.660305091930931,0.3416030534366079,2
1771108810385,0.0954198437886607,0.6727099203879044,-1.0295801541667833,2
1771108810492,3.771946355930154,-11.779579884130357,-1.502862531333773,2
1771108810599,-1.836832101320951,-5.197519106946298,-1.3263358653479702,2
1771108810720,3.4856869379559843,3.1793892390608782,-1.2166030066378972,2
1771108810810,2.8606870628593826,-0.7538167625953662,0.6431297584747544,2
1771108810916,6.2700380991040126,-0.9914122033111058,-0.9332060782561976,2
1771108811017,-12.749999501027427,1.8501908841204382,-0.5601145187245087,2
1771108811167,9.614503832337402,6.038167690934065,1.9885495992505633,2
1771108811233,-3.6927481780697406,-6.409350906283824,-1.2194656029520732,2
1771108811342,5.671755789606385,8.995228509538917,-1.686068695441025,2
1771108811450,4.593511391376906,4.792938827876116,-0.9599236438551719,2
1771108811559,1.4952289411626374,2.44083960344693,0.4885496108701134,2
1771108811667,-6.56297680175622,-3.734732924010986,2.5706106363562338,2
1771108811863,0.8625954225340471,7.627862203742799,0.3625954264072305,2
1771108811896,4.7204197212503285,-1.562022855160073,-0.4351145063525913,2
1771108811984,7.061068773866222,0.6965648896727029,-0.3769083812976831,2
1771108812138,1.1020992607925706,1.176526658239436,2.47519075921704,2
1771108812193,-7.8463736156698465,1.9351144680526147,0.9561068487696042,2
1771108812302,-11.615458122337765,-2.8673663475374203,1.6603053286134426,2
1771108812411,-10.316794128081867,-3.8893129115330685,2.1984733289567897,2
1771108812518,11.001908205611043,-0.5286259592685748,-1.266221342750278,2
1771108812626,10.592557039405609,8.417939213342146,-0.13740458305979936,2
1771108812735,-3.5400763746470307,-1.9541984434804536,1.281488523092549,2
1771108812844,-7.341602999212041,0.05438931329407391,0.36354962517862244,2
1771108812955,12.806297335261258,2.0935114641036763,-0.7051526786152303,2
1771108813053,-11.705152166518372,-4.080152665811456,0.49522900226985694,2
1771108813173,-10.578244377999846,1.6421755519569956,1.681297701584065,2
1771108813271,6.905534267407631,1.4074427609162847,1.5410304821894503,2
1771108813377,0.6249999818183075,5.256679217329186,0.5314885555827505,2
1771108813486,-1.1660304717541246,-0.3215648792373772,0.5486641334678054,2
1771108813595,3.49045803853465,-2.0238548470703592,0.27290076857681483,2
1771108813725,0.8568702299056955,-0.6211831867327399,-2.258587744832776,2
1771108813797,-6.5219465747514835,-3.968511516280305,-1.6755725089557134,2
1771108813903,2.969465509354652,-11.82919864712956,-0.8435114471062084,2
1771108814012,-2.216602998891531,-0.7643129490806776,-1.7671755910093396,2
1771108814154,2.4503815911608493,-3.1555343764977857,1.251908361179399,2
1771108814220,-6.591602978341389,-4.911259475528716,0.757633557680934,2
1771108814329,10.29007613559607,2.134541904551824,-2.241412166947721,2
1771108814438,-13.484732341555807,-2.1269083143806884,2.8835878333727893,2
1771108814546,3.2480915506010977,4.376908163549231,-0.29198471732422715,2
1771108814654,-2.444656398532498,2.4866411444737433,2.271946527632263,2
1771108814762,-5.431297699215616,-4.830152686682108,-0.3015267050381465,2
1771108814874,-7.192747563988076,-1.300572498520388,1.176526658239436,2
1771108814971,0.7538167625953662,-8.187022470335062,-0.5687023076670361,2
1771108815079,-3.884542024397814,-2.562022954135412,-1.1688930680683005,2
1771108815189,-6.434160287783425,0.2337786189497454,0.5667939101242523,2
1771108815296,-3.148854878376336,5.104961932842985,1.9828244066222116,2
1771108815397,1.5543892649889375,-0.03625953997268041,-0.5276717604971828,2
1771108815505,2.5992365994979916,6.058206185298413,0.3368320595796482,2
1771108815607,3.0896945545500363,-1.4236641400299477,0.2891221210100513,2
1771108815734,-0.6469465535603222,1.9074428104039542,1.885496131940234,2
1771108815822,-0.9532442524554283,1.2643129452074942,0.8454198446489922,2
1771108815931,13.027671450224187,6.055343482262532,-2.7299617244569814,2
1771108816039,1.3253816665765783,-0.8206106765928018,1.0410305394234867,2
1771108816158,6.463740556418281,5.2070608812168055,0.7118320700149738,2
1771108816265,-3.412213739280511,-7.491412099598869,-1.9379771710884963,2
1771108816373,1.2261449943518168,-6.172710037865446,-0.42080152478171223,2
1771108816481,1.1049618571067463,2.7891220482832817,-0.41698472969614453,2
1771108816581,-9.743320346310195,-3.0267174356381683,1.2671755415216701,2
1771108816689,-2.706106861893889,-0.3969465554969138,1.41984734494438,2
1771108816798,-4.395038046927383,-0.741412178567271,-0.08206106765928019,2
1771108816907,6.084923750897388,3.3005723763059485,1.0381679431093107,2
1771108817007,-10.437022532947017,-5.31774793869827,-0.1335877879742316,2
1771108817115,-5.886450406447865,13.741411704338534,0.6545801437314577,2
1771108817222,1.3396946481474572,7.149809152883967,0.27099237103403095,2
1771108817323,-7.292938755149346,-9.80534358661579,1.6116411912724538,2
1771108817432,8.550572095513685,2.935114353584542,-1.6564885335278747,2
1771108817541,-2.1746182529502853,14.428434819740728,0.4293893137242397,2
1771108817648,8.217556831019605,7.798663890543661,0.989503805768322,2
1771108817752,11.147900937799127,2.764312880227091,-1.8034350376005275,2
1771108817858,7.887404269561406,10.349236672865782,-0.5362595494397102,2
1771108817965,6.356870294022384,4.810114619204582,0.8559160311343036,2
1771108818075,11.114503874078704,8.695610308765259,0.31870228292320135,2
1771108818195,1.3988549719737573,5.303434850405685,-2.2624045399183434,2
1771108818300,-2.0696563880971723,6.008587849186033,1.0276717566239995,2
1771108818407,5.461832059900158,0.7662213466234614,-0.4293893137242397,2
1771108818508,18.664121992010777,-0.9866412094541461,-4.483778425945128,2
1771108818616,14.218511516921325,-2.7118320545222403,-3.336831929618842,2
1771108818729,-6.122137182816556,6.652671699710473,1.0543893222229737,2
1771108818833,-3.9828241776860667,-0.3568702337788789,1.2643129452074942,2
1771108818933,4.2872136924818,7.377862765968346,1.499999935019597,2
1771108819042,-6.5811066851343725,3.388358663274007,0.9322518794848057,2
1771108819168,0.9131679040569669,1.3072518899201313,-1.8349237037781672,2
1771108819267,0.8854961930474536,-3.447518987100307,-1.7194656524397427,2
1771108819376,-3.9522898170015246,1.8406488964065186,2.458015181331985,2
1771108819484,-12.414121533497465,4.1202288007665056,3.3893129687671046,2
1771108819592,0.09446564501726877,2.6173662694327327,0.38454197146881863,2
1771108819729,0.2337786189497454,6.5744271870129225,0.14312976234793776,2
1771108819809,-0.479007623156194,1.3511450334041606,0.7910305146796518,2
1771108819910,-7.729961579003442,9.329198292969506,1.529580096932747,2
1771108820017,5.5429388487467675,-1.916030492624776,0.1259541978030961,2
1771108820144,0.9103053077427912,-0.9770992217402268,-0.7709923404804211,2
1771108820259,1.2166030066378972,-0.6307251744466592,0.48282441824176175,2
1771108820360,12.702289775901242,2.178435048035853,0.40648854321083316,2
1771108820468,13.020992378989561,9.830152541228568,-0.8158396827358422,2
1771108820577,5.1526716579691705,7.556297189166698,0.7041984798438384,2
1771108820677,-7.387404540238854,7.927480404516456,0.8053434962505309,2
1771108820785,-7.052480664758578,4.462786266417917,2.2729008331253606,2
1771108820894,-4.986641285190385,-7.224236443609127,-2.204198521585141,2
1771108821002,4.772900760398591,-1.8893129270258018,-0.8912213856758052,2
1771108821110,7.980915535714404,6.324427322351647,-1.221374000494857,2
1771108821211,7.935113994687591,-0.2061068679195924,-0.8816793979618859,2
1771108821319,2.038167935362944,2.4713739641314723,-1.6078243961868859,2
1771108821438,-7.570610704346106,-7.850190837642238,0.4675572378994908,2
1771108821536,6.025763213627676,-2.3416029312221687,-1.193702236124491,2
1771108821636,5.133587682541331,-1.7643129946951637,0.31774808415180944,2
1771108821737,-4.852099365145827,-4.805343305182506,-0.14885495497628937,2
1771108821844,16.89599262911687,2.8864503229652594,-2.495229040137976,2
1771108821953,-1.88358773439745,-0.1956106814342811,0.3101144939806739,2
1771108822053,-2.3148853656231942,-3.387404571224321,-2.982824292154139,2
1771108822187,-1.8473281810845565,-6.721374011250693,-1.1631678754399488,2
1771108822264,-5.354007705454575,1.7309160376964459,-1.464694687199801,2
1771108822370,-11.250953978222634,-6.547709621413949,0.5362595494397102,2
1771108822479,1.8931297221113694,-0.07824427257371244,1.3301526604335379,2
1771108822587,-13.61450337446511,-3.166030456261391,1.1832060496391794,2
1771108822696,10.276717139353172,-0.3473282460649595,-0.1469465574335055,2
1771108822797,8.231870346199013,-2.239503769404937,-0.027671756032732926,2
1771108822904,2.730916029950079,-1.2347327832943442,0.08587786274484793,2
1771108823012,-6.542938734278695,0.6011450125335092,1.88358773439745,2
1771108823164,-2.238549677355251,1.7833969701230024,-0.1259541978030961,2
1771108823229,9.484732799428098,5.187976905788966,-1.145038098783502,2
1771108823339,-1.9112596054895221,4.015267149356804,3.2366411653443947,2
1771108823446,3.010496163246211,7.913167743110694,1.162213676668557,2
1771108823555,6.527671553936424,7.024809007109917,-2.181297751071735,2
1771108823663,5.648855019092978,1.3998091707451494,-0.28339695506212614,2
1771108823772,-6.657442586845727,-4.524809079836687,-0.9666030352549154,2
1771108823881,6.30152655183824,1.1183206399062335,-2.4923663371020948,2
1771108823988,-0.6994274859868786,1.159351080354381,0.6822519081018238,2
1771108824121,-7.778625823066137,-3.781488557087485,0.4646946415853149,2
1771108824208,0.5267175617257909,-3.0687021815794133,-2.601144997040776,2
1771108824314,-1.451335904400314,-4.118320616667133,0.8339694593922891,2
1771108824422,-3.0229006405526007,5.325381528869405,0.9770992217402268,2
1771108824531,7.419847085022768,-1.2328243857515602,-3.005725062667546,2
1771108824631,1.0295801541667833,-8.275762849352807,1.5238549043043954,2
1771108824740,2.4160304353907396,9.510496272977386,0.35019084237913534,2
1771108824848,13.800572241608245,13.41889273305147,1.375954201460351,2
1771108824957,6.660305289881609,8.241412120469521,0.45706105141417946,2
1771108825069,7.937976697723473,-1.2786259267783733,0.5925572235909817,2
1771108825199,2.4933206425951924,-2.0725190911330538,1.098282465707003,2
1771108825307,-6.706106830908422,-3.699427249304367,0.25858778700593577,2
1771108825414,12.776717493513225,-1.3520992321755525,-2.238549677355251,2
1771108825524,2.1622137756438957,-5.8253816850787805,-0.027671756032732926,2
1771108825632,2.0849235684394434,-2.8482823721095816,-2.4513358966539474,2
1771108825743,-3.0687021815794133,-2.2185113964343146,1.593511414616007,2
1771108825842,-7.388359059175363,-2.4370228083613625,0.5591603199531168,2
1771108825950,8.744274552827955,-4.367366389278724,-3.256679446265331,2
1771108826050,3.9370226366592536,-3.24141226592306,-0.2671755759484632,2
1771108826170,8.898854540350037,1.1078244534209223,-1.358778623575296,2
1771108826266,3.673664202641902,-5.95610681003777,-0.34923664360774337,2
1771108826367,-8.650763286674955,0.07251907994536082,1.0400763406520945,2
1771108826468,4.057251895298049,2.219465701927412,2.674618195716249,2
1771108826576,1.5658396502456406,-4.36259550214347,1.3874045867170541,2
1771108826683,2.0267175501062407,-4.286259600432114,-0.10114503641701234,2
1771108826783,-9.020991983088205,-3.7490455854167477,-0.010496183150258008,2
1771108826891,-7.7290079138405785,2.34446563425805,-1.467557176792271,2
1771108827001,4.0505723971766,-5.977098969564982,-0.47328243052784236,2
1771108827143,3.2490458560941957,-1.8587785663412597,-0.8435114471062084,2
1771108827217,5.410305112801582,1.7471374168101088,-1.6898854905265925,2
1771108827326,9.272900458735677,10.375953811577933,-2.553435058471179,2
1771108827425,-7.003816847582707,4.017175333456176,-1.2318701869801683,2
1771108827533,-14.185114453200901,-7.692748147084274,3.2280534831235728,2
1771108827641,6.192748105342971,6.3721374743646555,0.5534351273247652,2
1771108827743,-8.21374046282086,-5.266221418486517,2.870229050573302,2
1771108827851,-8.726144669449802,6.694656445651718,1.2767175292355895,2
1771108827961,13.955152229130327,-11.336831654204497,-0.5706106518489671,2
1771108828069,10.148855144316887,4.085877644996396,-1.2328243857515602,2
1771108828180,19.854962058707915,-0.8110686888788825,-2.241412166947721,2
1771108828285,-12.78435108368436,3.0954197471783877,2.005725177135618,2
1771108828393,-5.49809139976964,-1.577290035502344,-1.063931309936893,2
1771108828503,12.124999625930826,-2.520038208194167,-0.9866412094541461,2
1771108828610,-3.4895037330415524,-5.438931289386752,0.0696564903012916,2
1771108828748,2.859732757366285,0.4112595370677929,-1.0591603160799334,2
1771108828827,-6.206106674699046,-1.098282465707003,1.1517174901832457,2
1771108828936,-7.369274656860701,8.429389171712026,-0.239503811578097,2
1771108829045,-4.768129873263337,-0.40839694075361704,-1.0104961787389446,2
1771108829151,-1.5267175006185711,-2.5877862142412886,0.1288167941172719,2
1771108829252,-6.393129633891866,1.2633587464361022,0.603053410076293,2
1771108829352,2.7204197367430623,-1.5734732404167762,-2.9093510934786657,2
1771108829462,-0.3597328300930547,-0.14599235866211357,-2.49713743768076,2
1771108829569,1.312977082548483,3.334923532076058,2.6956105686868717,2
1771108829678,2.316793763165978,0.13167939043144772,-3.0486641141018884,2
1771108829786,-0.5057251887551683,-2.691793773601304,-2.1593510726080143,2
1771108829886,8.143129967181268,-0.2003816752912408,-2.334923646544131,2
1771108829994,0.43988550020955103,3.226145085580789,-2.012404461813656,2
1771108830180,-3.7328243130247905,3.6603052063990034,0.6889312995015674,2
1771108830228,-0.8750000065621423,-3.719465743668715,0.3988549530396977,2
1771108830312,-9.884542191363025,-0.02576335848994905,0.5124045801549119,2
1771108830420,5.473282445156862,-3.990457767857202,-1.8606869638840435,2
1771108830530,4.62690845509733,1.8750000521766286,-0.8473282421917762,2
1771108830637,3.181297636603662,9.282442233006185,0.4227099223244961,2
1771108830749,-5.3091602564774485,2.068702296047486,1.2270991931232087,2
1771108830854,6.213740264870182,-0.5582061211817249,-1.529580096932747,2
1771108830962,12.025762953706064,2.601144997040776,-0.8616412237626552,2
1771108831071,7.870228905119762,2.4322519212261087,0.48473281578454563,2
1771108831195,8.849236631124478,3.0973281447211716,-1.065839707479677,2
1771108831280,-1.0486641295946222,0.14599235866211357,2.204198521585141,2
1771108831387,7.336832112076787,-1.8320610007422855,-0.8940839819899811,2
1771108831488,3.9713737924293633,4.217557288891895,-1.943702363716848,2
1771108831596,0.4456106928379026,5.140267180662781,-1.1020992607925706,2
1771108831705,-0.6908396970443512,-1.6459923470425635,0.3291984694085127,2
1771108831813,5.430343607165931,4.125954206838268,-0.9704198303404832,2
1771108831924,1.3101144862343073,0.8339694593922891,1.792938957836922,2
1771108832030,-11.073473220187145,-0.5419847420680619,0.19942747651984885,2
1771108832150,-5.230915743779898,-2.8015267390330827,0.19274808512010527,2
1771108832238,7.4933202836982415,-3.1975191224390307,-1.3320610579763217,2
1771108832347,2.0200380519847916,-0.26049618454871964,1.7204198512111346,2
1771108832456,-4.958969200654901,1.0734732976508126,1.713740459811391,2
1771108832564,-6.4799618288102385,-3.0944656551287015,2.409351150712702,2
1771108832665,3.525763286354446,2.5725190338990176,0.8444656458776003,2
1771108832772,2.6956105686868717,-1.0763358939649883,-0.8988549224860879,2
1771108832881,15.153625032224955,2.2290076896413313,-4.599236370561846,2
1771108832989,0.3110686927520659,1.2996182997489958,0.024809159718557114,2
1771108833090,-5.2318702627164075,-11.766220887887457,-1.2003816275242343,2
1771108833201,-1.3349236542904976,-1.6249999740719407,1.098282465707003,2
1771108833307,-6.104961818374913,-4.821565004461285,3.0515266036943585,2
1771108833417,4.88167920689386,-4.489503832016891,-2.104007543867282,2
1771108833524,-0.6498091498744979,-5.6812975638768926,-2.520992300243853,2
1771108833632,-3.9713737924293633,-4.541984871165154,-0.30534350012371425,2
1771108833752,-5.84446566050662,-3.917938661231415,-0.6593511375884173,2
1771108833850,12.791030154918987,-0.046755723122938415,0.12309160148892029,2
1771108833951,-3.2337786757519247,7.207061079167484,0.6583969388170254,2
1771108834058,21.563931738105758,9.111641399978968,-2.6641221159526434,2
1771108834219,9.382633424167455,-2.6841601834301683,-0.7499999675097985,2
1771108834267,-14.964695169593233,-5.322518825833524,0.224236631235826,2
1771108834374,-8.937022491205713,-2.5410305811647893,2.2003817264995735,2
1771108834474,4.820610485524776,1.2290075906659925,-0.11164122290232364,2
1771108834583,-3.975190587514931,0.8015267011649632,0.11927480640335253,2
1771108834691,-8.910305352493562,5.625954248579571,0.3234732767801611,2
1771108834800,-7.319656747635143,8.465648938468332,-1.329198461662146,2
1771108834907,0.6316793732180511,2.748091607835134,-1.1784350557822199,2
1771108835017,0.989503805768322,4.250953925725495,-0.8635496213054391,2
1771108835132,-1.0572519185371496,1.8616412693771414,2.993320585361156,2
1771108835229,-7.159350927154475,-7.250954436094924,2.4236640255618753,2
1771108835337,16.119273761986772,1.0267175578526075,-0.12404580026031221,2
1771108835442,5.185114629639908,-14.486641691847577,-1.5925572158446148,2
1771108835550,16.291983632887007,6.526717461886737,-3.2729007186572883,2
1771108835660,-19.660305082457135,6.090648730082328,1.8444656914920865,2
1771108835768,-2.9160305916001152,3.725190722853655,0.8597328262198713,2
1771108835884,6.352098980000307,-3.3311067369904905,-1.2471373673224393,2
1771108835985,7.9923663478579305,-3.0267174356381683,-1.5076335251907325,2
1771108836092,1.0572519185371496,0.9608778426265638,0.4475190903806865,2
1771108836219,-4.897900479285817,8.861641108430868,1.6307251667002924,2
1771108836327,-3.624045866529521,-5.300572574256627,1.7977098449721758,2
1771108836436,-8.64312969650382,2.44083960344693,0.15076335251907325,2
1771108836543,-2.6316793577253175,-2.6517174252028424,1.7528626094384605,2
1771108836652,1.7509542118956767,-4.718511537150956,2.716602941657494,2
1771108836759,4.125000114788583,4.266221106067766,0.08683206151623987,2
1771108836869,1.1994274287528424,0.8091602913360987,0.05343511452268198,2
1771108836977,-1.3492366358613765,5.170801541347323,-0.8215648753641939,2
1771108837109,4.982824490104817,-0.3234732767801611,0.9618320413979558,2
1771108837186,2.8187023169181376,0.0066793893153352475,-1.3406488469188491,2
1771108837295,1.328244262890754,-3.4742365526992813,0.4370229038953752,2
1771108837394,-1.1536258877260295,-3.7118321534975793,2.0267175501062407,2
1771108837502,4.804389213132819,3.500000026248569,-0.17652671934665556,2
1771108837611,-0.4007633505824816,-0.005725190960824973,1.1307252239343286,2
1771108837713,-1.139313012876856,1.895992425147251,0.041984732601032033,2
1771108837819,-7.600190546094138,-0.14217557691675903,2.2442748699836024,2
1771108837922,9.911259330075177,-1.0849236829075157,-3.3912213663098885,2
1771108838031,16.08969392023874,-0.5209923690974393,-1.0734732976508126,2
1771108838193,-1.1536258877260295,1.713740459811391,0.743320576110055,2
1771108838245,-0.2786259612051664,10.24618277866863,1.485686953448718,2
1771108838345,9.256679613230542,4.206106903635192,1.0868320804502996,2
1771108838454,3.949427540852466,1.2633587464361022,0.37977097761185896,2
1771108838555,-8.499046002188756,-1.343511443233025,1.6240457753005488,2
1771108838666,-1.7433206217245412,-1.7204198512111346,-0.6383587646177947,2
1771108838771,11.813931466787288,0.8024808999363551,0.23664121526392118,2
1771108838874,-0.11736640886056866,3.3788166755600875,0.6164121928757801,2
1771108838979,-10.230915598326359,4.199427405513743,3.884542024397814,2
1771108839088,2.101145054274812,-1.1431297012407182,1.594465613387399,2
1771108839199,-2.1545801854727604,1.313931281319875,1.3940839781167977,2
1771108839305,-2.4694655665886884,-9.790076406273517,2.8673663475374203,2
1771108839413,-1.7519084106670686,3.8206105999928486,-0.5419847420680619,2
1771108839521,-6.260495897946681,-1.9980915869644826,0.8711832114765746,2
1771108839630,3.709923542511384,1.110687049735098,0.6364503670750108,2
1771108839749,7.848282653542865,-7.251908101257787,2.5467557737931408,2
1771108839838,-15.031487589486787,3.6421753230208505,2.2404580748980347,2
1771108839939,12.61927480295526,-6.859732726380818,0.14885495497628937,2
1771108840049,8.167938921794047,5.252862422243618,0.8568702299056955,2
1771108840193,-9.199427260060203,-5.406488317716015,3.429389317165566,2
1771108840265,-2.271946527632263,4.8769083197586065,-0.9780534205116187,2
1771108840372,0.7204198589575014,-0.2519083956061922,0.895038180761373,2
1771108840481,9.892175781534162,10.624999584189522,-0.5935114223623736,2
1771108840589,3.005725062667546,5.648855019092978,0.3654580227214063,2
1771108840697,-1.531488494475531,-7.289122386950601,0.23759541403531312,2
1771108840807,-5.437022678400556,0.7347327871675275,0.8921755844471972,2
1771108840915,-17.27957946799937,-0.4589694489569633,3.3301526449408043,2
1771108841025,-1.872137349140747,-0.8053434962505309,0.20419847037680852,2
1771108841177,4.736640993642285,-4.692748063601668,0.6688931253023367,2
1771108841231,20.107824199518248,4.755724969070124,-0.8988549224860879,2
1771108841332,5.257633309378872,8.494274261279855,0.5286259592685748,2
1771108841441,-10.154579696615004,1.88072524480498,2.715648849607808,2
1771108841549,4.515267305566179,1.0916030743072593,1.1803434533250037,2
1771108841658,6.124045793802751,1.5477098735891939,0.9045801151144395,2
1771108841770,15.299618618186685,7.807251999651307,0.10400763273118814,2
1771108841874,-10.142175219308614,-3.9809159935866942,1.003816787339201,2
1771108841982,-3.2519083456866653,1.8645037589696114,1.4608778921142334,2
1771108842091,5.870228707169084,2.6345418473177875,-0.7022900823010545,2
1771108842191,-6.666984788003059,8.650763286674955,3.8788166183260513,2
1771108842299,-8.039122407821253,6.842556935052351,1.3167938776340509,2
1771108842400,10.378816514613815,5.102099229807104,0.3463740472935676,2
1771108842509,3.3759541859676174,5.795801416443925,0.7977099060793954,2
1771108842621,-10.308206018974223,-3.990457767857202,0.12499999903170415,2
1771108842792,-9.234732507879999,0.18988548880592948,-0.2337786189497454,2
1771108842833,-0.42461831986728,-1.3091602874629154,0.31679388538041753,2
1771108842942,12.526717201965125,2.4112595482554857,-1.7843511688943945,2
1771108843054,3.4666029625281456,-6.193702197392657,-0.8625954225340471,2
1771108843167,1.3215648714910104,10.322518680379984,1.4389313203722187,2
1771108843267,2.119274724209553,3.3187022596841014,-0.8921755844471972,2
1771108843376,-7.282442461942329,3.532442784475895,2.5916030093268563,2
1771108843476,-0.5419847420680619,-5.286259485964042,1.9475191588024157,2
1771108843584,3.0248090380953845,3.110686927520659,0.34064885466521594,2
1771108843684,-3.425572522079998,-0.03435114576494984,0.5629771150386845,2
1771108843792,-7.228053665581517,6.718511308214811,2.769083980805757,2
1771108843902,-8.797709684025902,2.184160240664205,2.3979007654559985,2
1771108844010,2.8979007082219623,4.41221383825585,-0.4646946415853149,2
1771108844164,1.3797709965459186,-0.044847328915207846,-0.6593511375884173,2
1771108844227,-6.589694367355194,-2.8473282800598954,-0.8549618323629117,2
1771108844335,-14.678435111288827,-1.8206106154855823,1.3492366358613765,2
1771108844438,1.7385496278675814,8.906488130521172,0.9522900536840364,2
1771108844544,10.689885527530997,-0.38454197146881863,-0.11927480640335253,2
1771108844652,10.60782421974788,2.3148853656231942,0.08874045905902375,2
1771108844761,-12.498091025379956,-0.005725190960824973,0.8425572483348165,2
1771108844881,12.929389296935934,-2.13263350700904,0.7996183036221792,2
1771108844976,-14.642175344532522,1.1183206399062335,-0.20324427160541658,2
1771108845077,17.55820508235899,4.516221397615865,-0.8339694593922891,2
1771108845189,5.530534371440377,6.224236558077199,0.9866412094541461,2
1771108845294,5.479961943278311,2.2452289620332886,0.08587786274484793,2
1771108845402,0.7757633343373808,-1.8616412693771414,-0.694656492129919,2
1771108845503,-8.923664348736462,-2.731870121999765,1.804389343093625,2
1771108845611,-2.560114556592628,2.105915941410066,2.5066794253946796,2
1771108845719,-2.507633517444366,1.249999963636615,0.8167938815072341,2
1771108845830,-10.897900646251028,-3.7576336945243924,-0.6230915842755237,2
1771108845929,0.09923663887422846,-4.393129862828012,0.40648854321083316,2
1771108846040,-0.7022900823010545,-0.6832061068732158,2.332060943508249,2
1771108846157,6.067747959568921,8.28148825542457,-1.3053434923773475,2
1771108846245,-0.7185114614147174,0.5791984407914945,-0.05629770750180448,2
1771108846354,3.414122136823295,7.951335693966372,-0.021946565071907953,2
1771108846461,-17.3358773022332,-1.666984720013186,0.09255724747448489,2
1771108846570,-8.45038175812606,18.0324421919059,3.8969465017042038,2
1771108846670,11.031488047359076,3.725190722853655,-0.6259541805896995,2
1771108846772,-6.6975191486876,-5.814885391871764,3.0448473190163208,2
1771108846882,-1.312977082548483,1.1574426828115971,1.4666029780208791,2
1771108846982,3.7585877865740787,7.900763265804304,0.6307251744466592,2
1771108847086,-1.6937022856121604,1.2156488078665053,0.6450381560175382,2
1771108847190,10.419847168505374,11.18988525685355,-1.403625965830717,2
1771108847296,2.4322519212261087,1.69847327946912,0.37309158621211536,2
1771108847404,6.13645027110914,5.637404633836275,-1.6879770929838087,2
1771108847513,-8.287213661496333,-9.34637365741115,0.743320576110055,2
1771108847620,-12.911259413557783,-8.597328155477008,0.5629771150386845,2
1771108847766,8.410305623171011,5.809160412686824,-1.1154580435920578,2
1771108847838,-6.416030404405273,0.3416030534366079,0.9332060782561976,2
1771108847947,-1.125954230077369,-1.685114496669633,0.8568702299056955,2
1771108848055,-6.131679383973887,6.235686943333902,2.716602941657494,2
1771108848159,2.2604961423755596,2.2614504478686572,-0.2318702214069615,2
1771108848264,12.499045544316465,1.3311068592049298,-1.0124045762817284,2
1771108848372,-6.5744271870129225,-0.8263358692211535,-0.18034351443222332,2
1771108848472,7.623091316607545,7.719465285796425,0.09732824133144458,2
1771108848585,-0.6822519081018238,2.6536258227456266,1.3654580149750395,2
1771108848689,13.099236464800288,10.188931279271936,-1.1049618571067463,2
1771108848790,-2.735686917085333,-0.23664121526392118,0.5811068383342785,2
1771108848898,7.304389567292873,1.8473281810845565,-1.3511450334041606,2
1771108849006,-0.020038167529124077,3.2652671284861525,0.09255724747448489,2
1771108849154,-6.9236641507857835,-0.5362595494397102,1.4389313203722187,2
1771108849214,-0.9456106622842928,3.62118316349364,1.931297672967047,2
1771108849323,-3.535305274068365,0.9341602770275895,1.8559160767487897,2
1771108849431,-5.586831778787385,3.9618320181588556,-1.281488523092549,2
1771108849540,16.184160559101894,12.45038130025377,-1.3034350948345637,2
1771108849648,11.034350750394958,14.618320908856253,1.1832060496391794,2
1771108849769,-4.605915868683296,-0.4036259468966574,2.2471373595760724,2
1771108849857,2.4284351261405406,3.1822519420967597,-1.8482824865776541,2
1771108849959,14.606870096712726,4.941793836213258,-3.2318702782091404,2
1771108850065,1.9179388901675598,10.295801541667833,2.812022818796688,2
1771108850185,-1.2633587464361022,2.34446563425805,0.1001908376456204,2
1771108850275,4.289121876581173,7.0620228659159086,-1.29675570343482,2
1771108850382,-4.320610756202224,-0.34351145097939173,0.6574427400456334,2
1771108850491,-2.0763358862186214,5.344465504297244,0.5019083936696005,2
1771108850600,0.943702264741509,-3.5047709133838234,1.2700381378358458,2
1771108850707,-0.6889312995015674,-8.854007518259733,1.3272900641193621,2
1771108850808,10.400763619964358,1.5896946195304391,0.38358777269742667,2
1771108850917,-20.00190845605886,-0.54103054329667,1.9370228655953987,2
1771108851024,-2.6727097981734653,-3.395038161395456,-1.82156492097868,2
1771108851141,7.393129946310617,11.34637428224865,0.224236631235826,2
1771108851233,-5.100190618820908,1.3301526604335379,0.6593511375884173,2
1771108851334,-13.48759504459169,-5.108778727928553,1.5477098735891939,2
1771108851442,-3.305343476884614,6.68129744940882,1.7404580254103652,2
1771108851550,-3.4217557269944305,-8.021946189605963,0.463740442813923,2
1771108851658,-10.341603082694647,3.6078241672507407,0.39217556163995415,2
1771108851768,-3.979961901537008,5.274809100707339,0.28530532592448354,2
1771108851875,5.139313088613095,11.891221033661507,-1.020038166452864,2
1771108851984,15.457061308744649,-4.509541899494416,-1.2041984226098021,2
1771108852131,7.726145210804697,5.005725260618224,-0.5438931396108457,2
1771108852226,-0.30248090380953846,4.002862672050415,-0.2557251906917599,2
1771108852311,-10.548663682478168,3.7633586737093325,2.97328230444022,2
1771108852418,0.1984732777484569,-4.247137130639928,1.1469464963262859,2
1771108852528,23.534350813647933,13.762404290752567,-1.9980915869644826,2
1771108852634,-0.880725199190494,6.661259381931295,1.2633587464361022,2
1771108852773,15.544846315052238,6.785305435655658,-1.5830152281306955,2
1771108852851,18.316793212337288,7.249999917158415,0.8177480802786261,2
1771108852960,15.209922866458784,-0.06393129767293998,1.4599236933428414,2
1771108853063,-9.105915993907205,9.297709413348455,-0.6393129633891866,2
1771108853186,1.3778625990031348,1.6679389187845781,-2.4770991567598237,2
1771108853293,8.487595190045228,-1.8568701687984759,-0.42843511495284775,2
1771108853402,-6.145037953329963,10.410305394234866,1.0467557320518381,2
1771108853512,1.4475191093147461,-0.7127862687863659,1.0124045762817284,2
1771108853618,-2.922709876278153,0.3654580227214063,2.0171755623923215,2
1771108853727,7.174618534383569,4.041984714955778,-1.562977053931465,2
1771108853836,-13.829198418193414,-1.9761449085007623,2.1698473658150315,2
1771108853943,-3.76145048960996,8.431297355811399,0.7929389122224357,2
1771108854052,-8.707061120908786,-4.029580237649389,0.04770992189433035,2
1771108854164,5.574427301480996,-2.628816654689436,2.2776717202606145,2
1771108854271,1.483778555905934,-0.942748065970117,0.632633571989443,2
1771108854378,-1.5849236256734796,6.7729005314624455,1.1316794227057208,2
1771108854486,8.421755581540891,-1.5973282097015746,0.5839694346484543,2
1771108854596,-5.474236537206548,-0.524809164183007,-0.13549618551701548,2
1771108854704,1.943702363716848,-1.9217556852531277,1.6164121851294133,2
1771108854814,-5.350190910369007,-2.577290134477683,3.842557278456569,2
1771108854912,-0.2681297747198551,-1.003816787339201,0.5706106518489671,2
1771108855021,-15.272900625700887,0.14503815989072164,3.1898855322678954,2
1771108855147,-1.464694687199801,5.4837787383638785,-0.18320611074639914,2
1771108855229,-12.417938755469857,-1.9017176177756028,2.5238550032797344,2
1771108855336,1.050572527137406,-2.4761450647101375,0.22519083000721793,2
1771108855438,-9.408396897716743,-5.150763473869798,1.5582060600745051,2
1771108855538,9.304389338356728,-3.3759541859676174,0.9885496069969301,2
1771108855646,-5.256679217329186,-2.1593510726080143,2.2337785767765856,2
1771108855770,-1.9494275563451997,5.5429388487467675,0.046755723122938415,2
1771108855863,3.5314884789827974,0.9332060782561976,0.2910305185528352,2
1771108855971,10.55438908854993,3.149809183869434,-1.622137377757765,2
1771108856080,12.500953728415837,6.52862564598611,-0.33587786080825627,2
1771108856181,2.2977097877381394,0.7309160454428126,1.158396881582989,2
1771108856289,4.3368320285941815,10.350190338028645,0.7938931109938276,2
1771108856396,-11.875953853319235,1.3530534309469444,0.8406488507920326,2
1771108856498,-5.270992305621771,2.6679389110382115,-0.9999999922536332,2
1771108856606,20.367366265336855,3.2328243702588266,-0.9532442524554283,2
1771108856715,5.44847306365726,4.1803434300859035,-0.5200381703260473,2
1771108856822,-3.6202290714439536,-3.3291983394477067,-0.5849236334198462,2
1771108856922,-12.860686985395715,-6.079198344825625,2.6173662694327327,2
1771108857032,9.403626010581489,32.85782370054567,2.771946470398227,2
1771108857151,24.069656644563928,1.2700381378358458,-4.802481029033447,2
1771108857239,11.687023136913867,-4.983778582154503,-4.360686891157274,2
1771108857349,-5.808205893750315,-0.40267174812526546,0.958015246312388,2
1771108857456,-7.284350646041701,2.12977101741657,1.9083969024536405,2
1771108857565,0.9799618180544025,1.0152671725959042,1.1555342852688133,2
1771108857673,3.2700380156214064,7.945610287894608,1.188931242267531,2
1771108857782,6.012404644271601,5.684160266912774,-0.2108778617765521,2
1771108857881,9.646946377121315,0.9522900536840364,-1.0734732976508126,2
1771108857990,19.07061045518033,13.837785673527414,0.8301526643067213,2
1771108858142,3.604007372165173,-1.0095419799675527,0.6383587646177947,2
1771108858199,5.358778592589829,-1.3845419904028784,-1.463740488428409,2
1771108858307,3.790076239308307,1.9494275563451997,0.7499999675097985,2
1771108858408,-14.083015077940258,-0.4770992256134101,1.7204198512111346,2
1771108858515,-1.3845419904028784,6.339694502693918,1.188931242267531,2
1771108858624,4.605915868683296,0.169847327946912,0.9246182893136702,2
1771108858732,-12.761450313170954,1.1975190312100585,1.3549618284897282,2
1771108858840,0.14790075620489743,-5.812022688835882,-0.6116411990188204,2
1771108858949,-1.471373971877839,-4.27194651213953,-0.7967557073080035,2
1771108859058,-1.7251908450680942,3.570610735331573,1.2423663734654797,2
1771108859217,1.1956106336672747,-3.3616410976750326,-0.7166030638719336,2
1771108859274,-0.9694656315690913,13.71087734365399,1.790076361522746,2
1771108859383,-4.415076114404909,-5.1288167954060775,1.2986641009776039,2
1771108859495,3.4045801491093757,4.281488286410037,2.181297751071735,2
1771108859592,-2.455152691739515,2.7805343660624597,-0.9618320413979558,2
1771108859699,-3.7490455854167477,1.7022900745546878,0.8444656458776003,2
1771108859800,-1.5038167301051648,9.000000250447817,2.6374045503536694,2
1771108859901,11.670801437635086,1.4408397179150028,-0.8940839819899811,2
1771108860011,5.395992451395821,6.673663859237684,0.4427480965237268,2
1771108860130,10.327289567515239,10.367366556243935,-0.33587786080825627,2
1771108860217,-5.229007559680525,7.274808871771193,1.7204198512111346,2
1771108860325,-10.559159975685185,6.476145033724671,2.937977056620424,2
1771108860426,15.97709825177108,-0.7538167625953662,-3.85782445879884,2
1771108860533,-5.436068586350871,8.909350833557054,-0.8473282421917762,2
1771108860635,5.418893221909227,0.6364503670750108,-0.04866412066572229,2
1771108860775,-2.2643129374611273,4.132633704959718,1.3177480764054428,2
1771108860852,22.47900803970551,5.2070608812168055,-2.346374031800834,2
1771108860964,-15.193702874727297,-1.0896946767644753,3.368320595796482,2
1771108861071,-0.7748091355659888,-4.759541764155692,-2.6851144889232663,2
1771108861193,-14.679389630225337,-3.927480862388746,-0.5066793875265602,2
1771108861287,-0.5448473383822376,21.723281758989447,1.9398855686312801,2
1771108861394,-5.54484703284614,7.283396980878838,3.2872135935064613,2
1771108861494,19.44751907660185,1.6431297507283877,-1.6259541728433327,2
1771108861601,10.368320221406798,-1.9179388901675598,-0.9055343138858314,2
1771108861710,16.942746981532895,-0.6249999818183075,-2.0143128593564397,2
1771108861811,-15.232824490745838,-2.127862619873786,2.500954232766328,2
1771108861918,2.3482824293436177,2.042938822498198,1.5992366072443585,2
1771108862021,-9.342557289212404,2.9637403167263003,-0.4770992256134101,2
1771108862178,-6.450381560175383,6.178435017050386,0.49427480349846503,2
1771108862241,4.434160089832747,7.409350791815751,1.3043892936059556,2
1771108862345,-5.377862568017668,3.0496182061515746,-1.2156488078665053,2
1771108862454,-14.62786268312676,-3.3921754583595747,0.17175572548969587,2
1771108862561,8.193702395343335,3.368320595796482,-1.4112595560018526,2
1771108862670,-4.545801666250721,-7.364503769725447,-0.6192747891899559,2
1771108862789,10.762404207269961,0.7910305146796518,0.5124045801549119,2
1771108862878,-2.5677481467637637,3.405534241159062,-0.011450381921649946,2
1771108862987,10.004770596228175,3.1879771347251116,0.28435115383351806,2
1771108863142,11.779579884130357,10.665076572918219,0.39312976041134606,2
1771108863208,8.263358372046417,4.2223281760271485,-1.8005725480080574,2
1771108863304,-12.78053386171197,-3.2738548107069745,3.276717513742856,2
1771108863412,1.546755674817802,-0.08683206151623987,1.5085877239621244,2
1771108863522,-9.659350854427705,-0.3893129653257783,1.0267175578526075,2
1771108863628,-8.217556831019605,-3.4312977147083497,1.189885441038923,2
1771108863730,-8.295801770603978,-6.927480945871351,2.613549474347165,2
1771108863837,10.56774808479283,-3.03244262826652,-3.294847183677597,2
1771108863949,-4.073473167690007,4.275763307225097,0.17175572548969587,2
1771108864054,-6.919847355700216,5.9933206688437615,0.7929389122224357,2
1771108864166,-12.35114462802901,2.4522899887036336,3.8807252293122465,2
1771108864271,10.248091816541647,1.190839639810315,-0.8673664163910069,2
1771108864371,9.478052874419825,5.693702041183282,0.6374045658464027,2
1771108864482,15.340649272078243,1.0104961787389446,0.9255724880850621,2
1771108864589,-13.416030030015587,-1.3263358653479702,2.624045767554182,2
1771108864697,-12.005724886228538,2.2471373595760724,3.139312890662417,2
1771108864805,-2.5591602510995304,2.93606865907764,2.1087786444459473,2
1771108864905,12.833015327747054,6.193702197392657,-1.1164122423634497,2
1771108865006,-8.745229071764463,4.96564869877635,2.1574426750652305,2
1771108865116,-8.203244169613843,4.264312921968394,-0.13645038428840742,2
1771108865223,4.880725114844174,3.500000026248569,0.5782442420201026,2
1771108865331,15.43225235413187,-4.031488421748761,-2.562977046185098,2
1771108865431,-3.5171756041336244,2.298664093231237,1.0143129738245122,2
1771108865539,-1.2299617894373844,3.8711830281549156,1.3253816665765783,2
1771108865648,-9.450381216771165,-0.6622137339025931,1.6020992035585344,2
1771108865778,-46.37690933230571,7.01526723283941,8.016221637307847,2
1771108865865,-46.64790050272055,0.2528625943775841,6.684160152444702,2
1771108865975,-11.915076323111423,2.6755725012093468,4.436068700818943,2
1771108866081,2.0610687058763504,1.9255724803386953,0.6269083793610915,2
1771108866205,26.156487756772506,-8.145038151280641,-2.490457939559311,2
1771108866308,12.149808580543604,-0.9980915947108494,-2.422709933512189,2
1771108866418,0.3874045677829944,8.021946189605963,-0.4370229038953752,2
1771108866524,-0.10687022904536396,-1.5238549043043954,-1.2719465353786297,2
1771108866632,-2.1574426750652305,2.3110685705376266,0.6364503670750108,2
1771108866734,-13.437022616429623,-3.8187024158934766,2.658396923324292,2
1771108866842,8.604007226711634,9.103053290871323,0.22996182386417763,2
1771108866950,-8.218511349956113,-7.601145065030647,0.03912213628685622,2
1771108867057,-12.290075906659926,-2.382633585113728,0.8797710004191021,2
1771108867189,11.705152166518372,3.3110686695129656,0.8177480802786261,2
1771108867275,-10.771945981540469,1.109732850963706,2.708969351486359,2
1771108867383,4.901717274371385,-1.8940840276044673,1.23759537960852,2
1771108867483,2.2127862038059627,4.526717690822883,1.9198472877103439,2
1771108867585,6.501908507273959,7.903625968840186,-1.0009541910250253,2
1771108867692,-11.55057217899629,9.038168201303494,1.7213740499825265,2
1771108867806,2.702290066808321,-0.25095419683480025,0.8988549224860879,2
1771108867900,-8.375954040514078,-5.202289994081552,-1.110687049735098,2
1771108868008,-4.969465493861919,10.437977051883527,0.6125953977902123,2
1771108868187,0.9456106622842928,11.71564845972539,1.712786261039999,2
1771108868225,-5.077289848307502,-1.8625953614268276,1.1001908632497868,2
1771108868334,2.7232824397789437,3.990457767857202,-1.7700381873235154,2
1771108868443,-6.657442586845727,-3.6221372555433256,1.3788167977745267,2
1771108868551,7.3826336531036,-1.6479007445853473,0.4322519100384155,2
1771108868651,-0.11832060763196059,6.8158397963402,0.07633587503092856,2
1771108868787,-26.53339637819403,-9.333015514941897,3.320610657226885,2
1771108868868,12.515267243595245,4.815839598389522,1.0620229123941092,2
1771108868978,-0.8654580188482229,1.063931309936893,3.950381632902152,2
1771108869085,2.3005724907740213,7.751908684353985,3.0963740526714854,2
1771108869190,2.99522898290394,9.201335444159575,1.3654580149750395,2
1771108869293,26.248090838826133,-4.650763317660423,-6.4914122140669415,2
1771108869406,9.003816618646562,11.557252104004563,-1.5448472772750181,2
1771108869511,-11.481869867456071,-1.065839707479677,3.412213739280511,2
1771108869621,-13.970419409472598,-0.2681297747198551,3.872137547091425,2
1771108869727,-8.90839716839419,-9.652671783193078,0.9026717175716557,2
1771108869827,2.5543893639642765,1.5982824084729665,-0.8673664163910069,2
1771108869935,8.67175587308899,-8.229007643163131,-1.5496182711319777,2
1771108870040,-14.726143982641366,-12.911259413557783,0.8368320557064648,2
1771108870155,-10.733778884458438,-2.9246182738209368,1.5505724699033696,2
1771108870248,-1.0162213713672963,-2.1068702469031635,-1.1994274287528424,2
1771108870353,-0.8559160311343036,0.24045801034948894,-1.994274791878915,2
1771108870461,-4.445610475089451,-2.2290076896413313,-1.162213676668557,2
1771108870561,0.01622137411108298,1.6278625703861167,0.927480885627846,2
1771108870669,3.0849236674147824,-0.3645038239500144,-0.3759541825262912,2
1771108870791,-2.2662213350039115,-7.651717493192715,-1.0143129738245122,2
1771108870873,-3.790076239308307,0.7557251601381502,0.045801527686599786,2
1771108870978,-4.23091585824797,-3.1020992452998373,0.48187021947036984,2
1771108871086,-8.145991816443503,2.1851145461573025,0.9513358549126445,2
1771108871189,-10.372137443379188,-3.6020991880658007,0.9312976807134138,2
1771108871295,-12.905534007486018,5.058205872879663,-0.15744274391881682,2
1771108871404,6.8959920662503,8.165076218758166,-0.06583969521572386,2
1771108871515,12.508587318586972,-0.8291984655353293,-2.3883587777420794,2
1771108871621,5.445610787508201,4.157442659572497,-0.26145038332011156,2
1771108871732,-1.4561068982572736,4.317748053166342,-0.5620229162672926,2
1771108871837,6.079198344825625,5.061068575915544,0.8893129881330214,2
1771108871938,7.907442337038931,-11.17461807651128,-1.2108778140095457,2
1771108872047,-7.932252145425356,-4.67938906735877,1.4551526994858817,2
1771108872199,3.3301526449408043,-4.127862390937641,-0.39599235672552185,2
1771108872264,-0.00858778644123746,2.8931298210867085,1.297709902206212,2
1771108872371,19.884541900455947,-4.314885350130461,-1.6011450047871423,2
1771108872480,3.9608779261091693,-1.8005725480080574,-0.17843511688943944,2
1771108872589,-2.181297751071735,7.041984798438384,-0.32538167432294496,2
1771108872689,5.546755643832335,5.432251791265302,1.1250000313059771,2
1771108872797,5.916984767132407,1.5925572158446148,0.2767175636623826,2
1771108872908,-1.8225190130283662,2.3301525459654653,2.1202290297026507,2
1771108873014,-6.171755518928936,-3.99427456294277,0.49522900226985694,2
1771108873152,-1.451335904400314,8.699427530737651,0.21469465686211986,2
1771108873230,12.52290083376638,3.2185114954096536,-2.3730915973998084,2
1771108873341,2.1698473658150315,-8.272901000090572,-0.4580152501855714,2
1771108873447,-6.690839650566151,3.7385497190965538,0.2967557111811868,2
1771108873555,-15.635496585716647,-10.68034375326049,1.8950381196541535,2
1771108873664,-3.6822518848627235,0.1622137377757765,0.87881680164771,2
1771108873782,0.587786229734022,0.7738549367945969,-0.6259541805896995,2
1771108873881,-0.021946565071907953,-5.058205872879663,-0.0667938939871158,2
1771108873990,-17.876908539220956,5.353053186518066,2.8005724335399846,2
1771108874144,15.636449397105864,2.115457929123985,0.16507633408995231,2
1771108874199,4.945610631298826,-1.7328244352392297,2.0458015255340793,2
1771108874303,-5.002862557582342,-4.653626020696304,-0.41793892846753644,2
1771108874409,0.7671755453948533,5.127862703356392,0.2290076250927857,2
1771108874518,5.348282299382812,5.27767180374322,-0.2337786189497454,2
1771108874624,-2.313931273573508,2.2938929926525717,-0.37977097761185896,2
1771108874734,0.6517175474172818,-6.405534111198255,-1.6631679249276183,2
1771108874844,-3.7471374013173753,7.0992367247219,2.0620227979260366,2
1771108874951,-3.796755737429756,-0.0667938939871158,0.28339695506212614,2
1771108875057,-5.851145158628069,-6.2395037384194705,2.119274724209553,2
1771108875166,11.447519138572785,-7.690839962984901,-1.451335904400314,2
1771108875266,4.096373938203413,10.43034346171239,-1.0696565025652447,2
1771108875366,-16.455151729516736,0.09732824133144458,0.12404580026031221,2
1771108875476,-7.454198667679701,1.7624045971523798,1.5858778244448715,2
1771108875583,8.203244169613843,6.167938723843369,0.8253816704497615,2
1771108875683,2.313931273573508,7.010495918817332,1.542938879732234,2
1771108875795,2.2471373595760724,0.013358778630670495,0.5333969531255345,2
1771108875901,-0.1622137377757765,7.731869763102814,0.9208014942281024,2
1771108876009,6.087786027046446,2.86450385794495,-0.3568702337788789,2
1771108876156,-5.2080154001533145,-0.2270992275500018,-0.788167918365476,2
1771108876226,-14.696564140893333,-3.9169845691817287,1.7490458143528926,2
1771108876334,-1.542938879732234,-0.21278625931933598,3.379770981053185,2
1771108876441,-2.317748068659076,-5.116412318099688,3.24141226592306,2
1771108876543,0.5066793875265602,1.2232823980376408,-1.0248091603098237,2
1771108876651,16.590649022271446,-2.410305242762388,-1.9856868962146816,2
1771108876792,7.461832257850836,1.4608778921142334,-0.23568701649252924,2
1771108876869,6.694656445651718,6.037213598884379,-1.0706107013366366,2
1771108876976,16.887403666235578,5.777671533065773,-1.4408397179150028,2
1771108877084,-13.664122137464314,6.5992365685125245,3.405534241159062,2
1771108877211,2.32251895579433,1.4494275068575302,2.781488458112146,2
1771108877317,16.87690737302856,0.49427480349846503,-2.6354961528108856,2
1771108877418,-7.103053519807468,2.4761450647101375,-1.3835877916314865,2
1771108877527,-5.469465650071294,3.8206105999928486,1.281488523092549,2
1771108877634,2.44083960344693,2.2223281915198823,-1.221374000494857,2
1771108877735,-2.3864503801992956,1.2108778140095457,-0.34828244483635146,2
1771108877844,5.875954113240848,-1.1545800864974214,-1.9217556852531277,2
1771108877952,-3.2786259112856397,2.7604960851415234,-1.2022900250670183,2
1771108878060,-1.4532443019430978,-6.278625781324834,-2.3711831998570245,2
1771108878236,6.531488349021991,-6.354961683036189,-0.39312976041134606,2
1771108878277,-1.3110686850056992,4.5639311227420505,1.4980915374768131,2
1771108878378,10.799618492962777,-1.499999935019597,-3.294847183677597,2
1771108878482,-6.4971371932518815,0.6393129633891866,-3.4837785404132005,2
1771108878586,-4.822519096510971,3.2185114954096536,-1.559160258845897,2
1771108878694,3.965648813244423,-2.4141220378479558,-3.013358652838681,2
1771108878805,6.084923750897388,-1.0209923652242558,0.5429389408394538,2
1771108878904,1.2261449943518168,-0.8396946520206406,-1.6440839494997797,2
1771108879012,16.106870138454028,2.754770892513172,-2.3759540869922784,2
1771108879120,-10.287213432560188,14.076336006705633,3.9475189298662707,2
1771108879242,13.104961870872051,10.421755352604746,-3.0114502552958973,2
1771108879379,24.18034327515857,7.400763536481753,-2.6402670399461394,2
1771108879498,0.896946524943304,1.062977111165501,-2.3759540869922784,2
1771108879562,-1.5534350662175456,-0.38549617024021055,-0.32538167432294496,2
1771108879670,-8.783397022620141,0.8463740434203842,-0.4198473260103203,2
1771108879793,-8.837785818980953,-2.269084038039793,0.8129770864216663,2
1771108879880,-8.179388880163927,2.9083970014289795,0.9484732585984686,2
1771108879992,2.6555342202884105,-11.27385474873604,-1.0782442915077721,2
1771108880134,-11.578243836644951,-10.062022949398514,0.9503816561412525,2
1771108880206,-19.076335861252094,-3.0896945545500363,2.2748092306681444,2
1771108880306,17.936068222717022,4.286259600432114,-2.2776717202606145,2
1771108880416,3.2366411653443947,9.824427135156805,-0.569656506438428,2
1771108880514,19.673663224926386,1.8568701687984759,-6.80057261599793,2
1771108880621,-5.476145148192743,3.708969450461698,-2.8349235893100944,2
1771108880730,-8.315839838081503,-18.537213662137354,1.1717556643824762,2
1771108880839,10.645037651667048,14.117365806823544,-1.3826335928600944,2
1771108880947,-1.9036260153183866,0.3874045677829944,-2.131679414959354,2
1771108881055,-1.6316793654716844,-1.0057251848819848,-1.9494275563451997,2
1771108881192,8.483778821846483,-1.3549618284897282,-0.9179388979139266,2
1771108881264,-14.370227947633879,1.2290075906659925,2.086831965982227,2
1771108881365,16.344465098922093,6.276717597225462,-1.6326335642430763,2
1771108881472,-4.560114327656483,-1.4580152958000576,-0.09828244010283652,2
1771108881580,-3.978053290550813,1.4169847486302043,-0.4541984551000036,2
1771108881681,8.268129259181672,2.8664122554877345,-0.31870228292320135,2
1771108881801,-3.2738548107069745,-3.1297709029484975,-0.9007633200288717,2
1771108881897,-2.216602998891531,-7.844465431570474,3.5066793109266072,2
1771108881998,1.2185114041806813,-8.496183299152873,0.49809159858403274,2
1771108882099,-12.497137360217092,-5.809160412686824,-1.9293892754242632,2
1771108882207,7.966602874308642,5.224236672545271,-3.5753816224668267,2
1771108882306,-5.7719465538808326,-3.4503816901361883,-3.80152662456501,2
1771108882417,4.991412172325639,4.840648979889124,-0.9694656315690913,2
1771108882515,6.250954123676173,-4.873091524673039,-2.4818702573384894,2
1771108882624,-8.118320158794843,4.515267305566179,-0.9513358549126445,2
1771108882735,24.37690758173507,-1.9541984434804536,-1.0858778816789076,2
1771108882840,-5.384542066139117,3.812022917772027,0.5209923690974393,2
1771108882942,-15.754770471645287,1.1345420190198965,4.8282440756959115,2
1771108883049,11.90839639810315,-5.853053342727441,-1.593511414616007,2
1771108883187,8.701335714837024,1.899809220232819,-1.0276717566239995,2
1771108883257,22.753817285866386,5.122137297284628,-3.5696564298384748,2
1771108883366,0.694656492129919,-1.2929389083492524,-2.5572518535567466,2
1771108883476,0.6898854982729593,-0.40553434443944125,0.9704198303404832,2
1771108883582,15.884542358328236,8.39026670191984,1.6431297507283877,2
1771108883683,-4.0782440548252605,3.187022829232014,1.6603053286134426,2
1771108883801,0.9322518794848057,6.622137339025931,0.6860687031873915,2
1771108883899,11.701335798319628,1.51622131413326,-1.4971373387054212,2
1771108884001,2.0324427427345926,2.4961831321876624,-0.3654580227214063,2
1771108884111,16.623090713281716,5.419847313958913,0.41603053092475256,2
1771108884244,-5.4589693568642765,-5.400763338531075,1.681297701584065,2
1771108884325,-5.2423661290366015,-2.208015316670709,0.32061068046598523,2
1771108884433,13.249045565187117,8.235686714397758,-2.761450390634621,2
1771108884534,-0.6249999818183075,6.409350906283824,0.41316793461057677,2
1771108884643,0.15744274391881682,1.4112595560018526,-1.3272900641193621,2
1771108884750,2.4980915297304462,0.15839694269020876,-0.06488549644433192,2
1771108884859,-6.573473094963236,1.5658396502456406,0.1956106814342811,2
1771108884968,12.801526448126003,4.0486642130772275,-3.628816753664775,2
1771108885076,-8.30629721003735,-8.545801208378432,1.4417939166863947,2
1771108885184,-16.329197918579823,-1.899809220232819,-0.16030534023299262,2
1771108885286,1.0687023037938528,-2.453244294196731,0.7127862687863659,2
1771108885393,-3.276717513742856,-4.1937024263288025,-3.5591603500748694,2
1771108885501,5.902671678839822,4.562022938642679,-0.880725199190494,2
1771108885610,-15.443701458728103,-1.450381705628922,2.6183205749258307,2
1771108885718,-19.56870200040351,-1.0276717566239995,1.7223282487539184,2
1771108885829,-12.934160184071189,0.8845419942760617,1.8559160767487897,2
1771108885935,-5.575381393530682,-2.116412234617083,1.2767175292355895,2
1771108886044,-4.436068700818943,-1.5229007055330035,2.563931351678196,2
1771108886164,2.8206107144609214,-6.661259381931295,-0.39790075426830573,2
1771108886268,-6.03053410076293,2.7958015464047308,0.5209923690974393,2
1771108886369,-1.6717557138701458,-5.5610687321249195,-0.1727099242610878,2
1771108886478,1.8330153062353831,-3.018129753417347,-2.4083968452196043,2
1771108886586,-16.528625781965854,2.2624045399183434,1.079198490279164,2
1771108886688,19.13263369548592,4.717557018214447,-3.321564749276571,2
1771108886814,19.14408450762945,0.6240457830469156,-4.19751922141437,2
1771108886896,1.9475191588024157,-1.854961771255692,1.249999963636615,2
1771108887003,-15.31965668566421,0.06488549644433192,1.252862559950791,2
1771108887148,7.626908538579936,-0.0772900738023205,0.6536259449600657,2
1771108887220,8.929388901034578,9.066793524115017,1.2022900250670183,2
1771108887328,2.422709933512189,3.0992365422639554,-0.6135495965616043,2
1771108887438,-0.23091602263556957,8.6593513957826,0.5973282174479414,2
1771108887545,13.263358226592878,0.6307251744466592,-1.9083969024536405,2
1771108887653,3.781488557087485,-2.7853052531977136,-0.17175572548969587,2
1771108887757,-0.04770992189433035,0.05438931329407391,-0.2528625943775841,2
1771108887863,4.774808944497964,-2.143129800216057,-2.2480916650691705,2
1771108887964,-11.063931445916637,-2.088740363525011,0.6364503670750108,2
1771108888071,6.200381695514107,2.0333968347842784,-0.5973282174479414,2
1771108888199,-5.6746180657554435,-1.205152621381194,-0.37309158621211536,2
1771108888305,-10.879770762872877,-3.550572454410636,1.1297710251629367,2
1771108888416,0.7442747748814469,-2.707060953943575,0.3807251763832509,2
1771108888522,13.594465306987587,-1.4408397179150028,-2.0591603083335666,2
1771108888631,-2.042938822498198,3.9417939506813306,0.7719465392518131,2
1771108888739,-6.235686943333902,-1.654580135985091,1.9828244066222116,2
1771108888847,4.59828227851216,2.333015249001347,0.1727099242610878,2
1771108888955,-5.914122064096525,-1.7585878020668122,2.0333968347842784,2
1771108889064,-4.095419846153727,-4.161259454658064,0.48473281578454563,2
1771108889236,7.812977405723069,2.042938822498198,1.0181297689100801,2
1771108889281,-1.8597328718343575,2.5896946117840725,3.3311067369904905,2
1771108889382,-2.042938822498198,5.306297553441567,1.0209923652242558,2
1771108889489,2.4646946794534346,-0.49522900226985694,1.7270992426108782,2
1771108889598,-5.743320377295663,-0.9217556929994943,0.1669847316327362,2
1771108889699,0.16507633408995231,5.896946272768059,-3.6230913475930118,2
1771108889810,6.014312828370973,-6.949427197448249,-3.8683207520058573,2
1771108889915,12.736641358558176,8.013358934271965,-2.020992357477889,2
1771108890024,-10.265267180983292,-9.012404727754205,0.973282426654659,2
1771108890160,12.764313016206835,-1.5687022465598166,1.6345419617858603,2
1771108890241,15.814884674077861,4.3959921389770695,-4.95992371959141,2
1771108890349,12.300572199866942,0.07824427257371244,-1.2414121746940876,2
1771108890457,-5.745228988281858,-2.9618319191835165,2.4351144108185787,2
1771108890566,-4.971374104848114,-7.18988571472584,1.1192748386776254,2
1771108890674,-4.562022938642679,-5.05629768878029,-0.632633571989443,2
1771108890817,14.120228509859427,-1.7948473553797057,-0.33587786080825627,2
1771108890891,-1.9274808778814794,-7.497137505670632,0.8721374102479665,2
1771108891000,6.736641191592964,5.0620226679652305,-0.3597328300930547,2
1771108891123,6.873091295736893,-0.525763362954399,-2.2375953718621533,2
1771108891216,-16.986641192233986,-10.557251791585813,2.2795801178033983,2
1771108891325,-0.10973282535953977,-3.2862595014567755,-2.4351144108185787,2
1771108891433,5.2557251252795,-2.6450381405248047,-2.6822517858873844,2
1771108891533,0.540076344525278,4.281488286410037,0.989503805768322,2
1771108891642,-6.514312984580348,3.015267050381465,0.5677481088956442,2
1771108891742,-5.762404352723501,-8.192747876406825,0.394083959182738,2
1771108891850,-11.857823969941084,-5.168892930361127,2.278626025753712,2
1771108891959,4.915076270614284,9.878816785291262,-0.07347327871675274,2
1771108892061,12.759542129071582,1.2557251562649667,-0.2996183074953626,2
1771108892179,11.118320242277449,-0.2557251906917599,-2.141221402673273,2
1771108892284,-5.254771033229813,2.2356869743193695,0.47232823175645045,2
1771108892393,-15.272900625700887,-12.731869617649275,0.4322519100384155,2
1771108892501,3.597328300930547,-4.389313067742443,-1.5438930785036262,2
1771108892609,4.81965639347509,-2.173664160900599,-1.4923663448484614,2
1771108892717,-3.2862595014567755,-2.1708014578647177,-0.7347327871675275,2
1771108892839,-11.53530499865402,-0.3196564816945933,3.135496095576849,2
1771108892927,2.613549474347165,2.562977046185098,3.0725189766649814,2
1771108893034,-0.5438931396108457,2.59351140686964,2.0458015255340793,2
1771108893195,8.010496231236083,3.2385495628871785,0.004770992189433035,2
1771108893244,1.2156488078665053,-8.732824594458075,0.8568702299056955,2
1771108893344,2.8330151917673105,8.312977135045621,-1.5095419227335163,2
1771108893452,2.1860686382069887,-1.7700381873235154,1.1154580435920578,2
1771108893562,1.5505724699033696,7.2118319663027375,0.6164121928757801,2
1771108893669,12.585877739234837,-1.7585878020668122,-2.0725190911330538,2
1771108893777,9.342557289212404,9.060114452880391,0.5677481088956442,2
1771108893886,4.753816784970752,-5.042938692537392,1.3559160272611201,2
1771108893994,5.757633465588247,0.803435098707747,-1.531488494475531,2
1771108894140,8.431297355811399,5.229961651730211,-0.0009541984587306902,2
1771108894206,10.323473199316494,-0.5229007666402231,0.5849236334198462,2
1771108894313,10.70419818893676,3.379770981053185,0.041030533829640094,2
1771108894419,-10.050572137254989,-6.312976937094944,1.9246183882890093,2
1771108894528,6.237595127433274,1.7375954290961895,0.31870228292320135,2
1771108894636,4.429389202697493,0.44942746124304395,0.2881679222386594,2
1771108894736,-8.242366639406029,3.538167977104247,-0.41793892846753644,2
1771108894845,4.539122168129272,-0.023854960947165174,-0.4713740329850585,2
1771108894953,2.999999870039194,9.054389046808629,-0.3425572522079998,2
1771108895057,-2.6755725012093468,-4.11259521059537,3.5009541182982553,2
1771108895171,-10.866411766629977,-1.6154579863580214,0.5925572235909817,2
1771108895278,-10.677481050224609,-2.9465647388412455,2.0238548470703592,2
1771108895380,2.453244294196731,-3.4637404729356756,-0.8368320557064648,2
1771108895488,-13.25095374928649,4.3339693255583,0.8683206151623988,2
1771108895596,-3.0791984747864305,-1.2604961501219265,0.8893129881330214,2
1771108895704,6.339694502693918,-5.846373844605992,-0.5648855125814684,2
1771108895822,-1.0715649001080285,10.216602936920596,-0.8272900679925455,2
1771108895913,9.254770575357524,4.812976895353641,-0.9188930966853186,2
1771108896021,6.265267211968758,-4.620228956975881,-1.1479006950976778,2
1771108896144,-16.292938151823517,-5.435114494301184,0.678435113016256,2
1771108896248,-7.089694523564569,-0.4036259468966574,-0.0515267169798981,2
1771108896354,1.0744274964222045,1.9141220950819922,1.2767175292355895,2
1771108896464,-6.62881683714738,-3.145992388783866,-0.5658397113528604,2
1771108896571,24.01908421640186,4.077289962775574,-2.750000005377918,2
1771108896681,-7.787213932173781,-3.699427249304367,-0.8625954225340471,2
1771108896790,-21.159350605261928,-6.339694502693918,1.5505724699033696,2
1771108896898,5.372137161945904,-1.0324427504809592,0.6851145044159996,2
1771108897005,-15.88931324546349,-4.113549729531879,1.7099236647258234,2
1771108897139,3.7576336945243924,-2.6727097981734653,-1.4303435314296913,2
1771108897222,18.102098168608983,1.7118320622686072,-1.126908428848761,2
1771108897332,-8.170801624829929,8.785305206719514,2.1498090848940947,2
1771108897439,-3.025763343588482,-0.7566793589095421,0.7681297441662454,2
1771108897548,16.22805306225569,5.705152426439985,-1.2671755415216701,2
1771108897655,-7.383587318266462,0.6507633486458899,2.4656487715031203,2
1771108897756,5.0085875367672825,-14.143129280372833,-0.8339694593922891,2
1771108897864,-3.694656362169113,-2.5591602510995304,-0.33587786080825627,2
1771108897966,8.55820568568482,3.491412130584336,3.678435089777156,2
1771108898072,2.4312976157330106,-4.214694585856013,1.4131679535446364,2
1771108898217,-1.389312984259838,-6.4799618288102385,1.0066793836533767,2
1771108898281,9.941793690759718,1.729961838925054,-0.9494274573698606,2
1771108898390,-10.994274615439908,0.084923663973456,1.3272900641193621,2
1771108898499,3.1421755936982985,-1.2385495783799119,1.1354962177912884,2
1771108898607,16.33969421178684,8.784350687783004,-2.0190839599351054,2
1771108898717,-18.69465635269532,-2.6975189662296555,3.6812977928130373,2
1771108898840,-11.932251687553066,4.560114327656483,0.0019083969174613804,2
1771108898923,-12.703244294837752,1.7395038266389733,1.5372136871038826,2
1771108899027,-0.5467557359250216,-4.693702155651354,0.2986641087239707,2
1771108899177,-17.78530545716733,6.503816691373331,2.4790075543026076,2
1771108899240,-5.382633455152922,2.313931273573508,2.3988548575056847,2
1771108899341,14.071564265796733,5.164122043225873,0.1984732777484569,2
1771108899449,-15.143128739017937,-0.021946565071907953,3.336831929618842,2
1771108899558,0.5467557359250216,-1.8750000521766286,1.3988549719737573,2
1771108899667,8.04866418209176,-6.203243971663165,-0.5486641334678054,2
1771108899767,-9.962786277173754,8.425572803513282,-0.23759541403531312,2
1771108899869,6.546755529364263,-1.8645037589696114,0.7490457687384066,2
1771108899975,-19.713739359881437,-2.2681297325466954,3.62118316349364,2
1771108900077,17.722327697925227,8.616411704018024,-1.0543893222229737,2
1771108900188,-10.797709455089757,10.074427426704904,-0.8091602913360987,2
1771108900292,-6.4494274681256964,-5.701335631354417,2.178435048035853,2
1771108900400,18.26622078417522,-4.467557153553171,-2.4618319764175527,2
1771108900508,-11.328244398870499,-5.0515268016450365,2.887404628458357,2
1771108900618,16.843511163081782,8.420801062604381,-1.7824427713516104,2
1771108900725,24.802481300992934,1.4150763510874202,-1.1412213036979342,2
1771108900836,-17.67080075082665,-4.997137151510579,1.946564853309318,2
1771108900941,1.8883588349761156,-5.115457799163179,-4.424618315562239,2
1771108901042,12.952290067449342,1.5496182711319777,-4.4980915142377125,2
1771108901166,-9.595419430022739,-0.2185114519476876,3.565839634752907,2
1771108901251,6.508587578508585,-1.1641220742113407,-0.15267175006185713,2
1771108901359,-9.063930821079136,-2.184160240664205,1.9837784986718978,2
1771108901468,1.253816758722183,-5.616412047422241,-0.8940839819899811,2
1771108901578,7.465648626049581,-8.554389317486075,-1.5963740109301827,2
1771108901685,-2.4265267285977568,-1.1564884840402052,1.470419773106447,2
1771108901793,9.099236922672578,-0.39790075426830573,-0.05725190627319642,2
1771108901905,26.217556478141592,0.6908396970443512,-6.959923490655266,2
1771108902011,-3.028625833180952,33.63835722832722,12.921755706764799,2
1771108902146,29.6727084150828,18.842557268982773,-8.389313036756977,2
1771108902228,-3.4828244483635142,-4.774808944497964,-5.383587547202608,2
1771108902337,2.379770882077846,-8.080152207939166,-0.11164122290232364,2
1771108902450,5.264312807500321,-0.42461831986728,-0.6593511375884173,2
1771108902544,-8.292939067568097,14.422709413668965,-0.5162213752404796,2
1771108902657,-10.250953665803884,15.566793420402782,0.941793867198725,2
1771108902760,-22.969465140983907,8.568701978891838,1.992366394336131,2
1771108902863,15.976145440381863,-3.554389249496204,-1.343511443233025,2
1771108902963,19.645037902114865,-10.581107081035729,-1.638358756871428,2
1771108903070,-17.27957946799937,8.902671762322427,5.622137453494004,2
1771108903193,6.998091441510943,10.018129592471073,-0.12977099288866384,2
1771108903295,-7.970420096281034,2.334923646544131,3.781488557087485,2
1771108903404,-3.8807252293122465,0.10973282535953977,1.638358756871428,2
1771108903504,-1.865458064462709,2.5400762756716917,-0.15267175006185713,2
1771108903605,-9.522900750283775,-23.766220368044234,-1.7700381873235154,2
1771108903712,-22.9246181188936,12.247137068668994,0.04866412066572229,2
1771108903837,3.532442784475895,-4.017175333456176,2.12977101741657,2
1771108903922,1.1803434533250037,-20.111640567716993,0.06297709890154805,2
1771108904029,-8.496183299152873,-6.101145023289345,-0.14312976234793776,2
1771108904138,-4.641221116503092,-12.029580175678454,-1.145992297554894,2
1771108904259,-0.3893129653257783,0.6669847277595529,-4.101144825338666,2
1771108904364,4.451335881161214,22.66889242127374,3.195610724896247,2
1771108904473,-10.88835887198052,-2.488549542016527,3.0028625730750758,2
1771108904579,26.312023117004745,16.07919762703172,-6.013358736321287,2
1771108904690,4.238549448419106,23.493320159756372,-1.992366394336131,2
1771108904789,0.1393129806025832,19.41412115910778,-0.8062976950219228,2
1771108904896,15.604007706095596,-0.13263358920283966,-0.11259541500360896,2
1771108905005,-3.624045866529521,-4.2881677845314865,0.22519083000721793,2
1771108905137,-6.028625916663557,0.30248090380953846,-1.3263358653479702,2
1771108905239,-10.401717285127221,-0.8845419942760617,4.051526489226286,2
1771108905339,19.543893045790732,2.841603087431544,-0.3015267050381465,2
1771108905448,3.224236688038005,11.76049633558934,-0.7108778712435819,2
1771108905555,8.798664202962412,-1.8816793368546663,-2.704198464351105,2
1771108905656,17.35877892652025,-8.636450625269195,-4.585877801205771,2
1771108905765,-19.75381720238378,2.3559160195147535,1.3931297793454058,2
1771108905872,2.0763358862186214,-9.867365973147736,-2.346374031800834,2
1771108905981,-2.0066792691853044,0.2824427562907342,-7.095419929636332,2
1771108906135,-8.646946064702565,-1.051526725908798,4.646946522574855,2
1771108906198,-7.589694252887122,2.2299617816910176,4.663167794966812,2
1771108906298,4.773854852448277,8.505725073423381,4.875000135659234,2
1771108906407,5.953244107001889,1.1374046153340722,2.0620227979260366,2
1771108906515,3.4513357821858746,8.709923823944667,2.6221373700113983,2
1771108906617,-2.8606870628593826,10.167938692857902,3.264312822993055,2
1771108906723,12.367366327307789,-0.4322519100384155,-2.1240458247882184,2
1771108906839,3.4351145097939177,-0.8454198446489922,-1.9417939661740642,2
1771108906932,-11.795801583409135,-8.83683215381809,-0.42748091618145584,2
1771108907033,12.53435079213626,3.327289941904923,-1.328244262890754,2
1771108907156,3.210877905238518,-5.387404342288176,-1.4017175682879333,2
1771108907249,-10.48282407397383,-4.5706106208635005,-0.30343510258093037,2
1771108907350,14.533396044263606,-4.946564723348512,-0.5143129776976957,2
1771108907459,-2.270038130089479,-1.6345419617858603,2.701335761315223,2
1771108907565,12.166984798758895,-7.403626239517634,-0.11545801131778478,2
1771108907666,11.075381404286517,-7.495228467797614,-2.425572423104659,2
1771108907775,4.290076395517682,3.4809160508207304,-1.297709902206212,2
1771108907883,-11.802480654643762,2.985686995190021,1.2490457648652231,2
1771108907983,0.42652671741006387,0.2566793894631519,-0.28435115383351806,2
1771108908091,-0.6841603056446077,0.9150763015997508,0.29293891609561906,2
1771108908212,-14.891221117144113,-6.585877572269626,1.096374068164219,2
1771108908317,-19.837785840492625,-7.147900541897772,2.104007543867282,2
1771108908417,-3.5419847721898146,-2.1679389682722476,1.6708015150987539,2
1771108908526,-2.9866410872397067,6.197518992478225,3.628816753664775,2
1771108908627,-3.9561066120870922,-3.817747896956967,0.2499999980634083,2
1771108908733,3.4236641245372144,-1.8129770253144468,-1.9093512079467383,2
1771108908843,-0.43893130143815906,-0.9818702155971865,0.2166030544049037,2
1771108908944,-7.407442607716378,-4.3654577782925275,0.42461831986728,2
1771108909053,5.249045627158051,2.190839738785654,0.37213738744072344,2
1771108909178,-3.0238549460456983,1.1708014656110843,-0.07442747748814468,2
1771108909284,-15.474235819412646,-8.000954456965575,-1.0057251848819848,2
1771108909385,5.397900635495192,-2.8530534726882473,0.5448473383822376,2
1771108909492,10.07824379490365,-7.237595439852026,0.4036259468966574,2
1771108909595,-14.682251479487572,3.58110702853859,0.5601145187245087,2
1771108909702,5.729961807939587,-1.9236640827959115,-1.450381705628922,2
1771108909849,-5.2671755105362035,-0.5534351273247652,-0.07919847134510438,2
1771108909920,-15.771946689860576,0.07061068907268354,0.7585877564523259,2
1771108910026,-2.346374031800834,-5.417938702972718,0.664122131445377,2
1771108910152,4.789122032790548,-12.192748272308181,-0.5047709899837763,2
1771108910234,-6.687976947530269,-5.727099104903705,0.1937022838914972,2
1771108910346,-13.698472866347602,-2.4265267285977568,0.9904580045397139,2
1771108910451,5.043893211473901,-5.666984475584307,0.3625954264072305,2
1771108910553,-10.315839609145359,-0.6593511375884173,0.40839694075361704,2
1771108910661,-7.763358642723865,-11.416030258951734,1.3024808960631717,2
1771108910769,13.136449896719457,0.3645038239500144,-2.0763358862186214,2
1771108910878,-4.041984714955778,-4.551526645435661,-1.328244262890754,2
1771108910986,-19.566792962530492,3.4246182165869006,2.071564785639956,2
1771108911095,4.235686745383224,-0.8864503918188456,-1.6708015150987539,2
1771108911204,-6.045801281105201,0.5782442420201026,0.06774809275850774,2
1771108911312,-16.084923033103486,3.5162212986405263,2.127862619873786,2
1771108911419,15.8005720126721,8.13263367397425,-2.8940839131363947,2
1771108911524,-1.6125953900438457,1.902671709825289,0.7595419552237179,2
1771108911622,-18.17080133392285,-1.3874045867170541,1.574427439188168,2
1771108911728,14.25095406170524,-7.508587464040512,-0.270038172262639,2
1771108911843,10.81297663543203,11.903625510967895,0.9408396684273331,2
1771108911946,-8.577290087999483,9.059159933943882,2.2423664724408185,2
1771108912057,2.379770882077846,5.319656549684465,1.1660304717541246,2
1771108912186,-0.4904580084128973,1.6393129556428199,-0.25381679314897604,2
1771108912290,7.025763099159604,8.814885048467547,0.5820610371056704,2
1771108912398,-8.83683215381809,-0.6135495965616043,1.60973279372967,2
1771108912504,-2.857824359823501,-3.349236620368643,-0.864503820076831,2
1771108912613,13.61545789340162,1.7232824475253103,-2.2480916650691705,2
1771108912721,-13.292938922114557,1.0572519185371496,0.43988550020955103,2
1771108912851,-9.429389484130777,-2.950381533926813,-0.6879771007301755,2
1771108912938,14.936068139234417,1.9141220950819922,-0.7127862687863659,2
1771108913046,-9.339694586176524,1.372137406374783,0.6612595351312012,2
1771108913158,16.007632612455623,1.1717556643824762,-1.0706107013366366,2
1771108913264,19.52576230863893,-2.809160329204218,-2.7910304458260655,2
1771108913372,-4.5534352564218565,6.736641191592964,1.1669846705255165,2
1771108913473,-11.478053499257326,0.18320611074639914,1.374045803917567,2
1771108913580,13.381679301132301,-2.892175515593611,-4.248091649576437,2
1771108913689,-2.598282507448306,6.012404644271601,0.46278624404253105,2
1771108913797,-9.579198584517606,5.632633319814198,2.0143128593564397,2
1771108913897,24.583015370129377,-3.9007632967897714,-4.2290076741485985,2
1771108914009,0.6717557216165125,-0.9083969102000072,0.10973282535953977,2
1771108914114,-9.694656102247501,-3.4389313048794854,-0.06583969521572386,2
1771108914230,2.6774808987521306,-1.6603053286134426,1.0381679431093107,2
1771108914331,11.195610662925313,-3.955152520037406,-0.14312976234793776,2
1771108914439,-22.520036986049774,2.238549677355251,3.101144939806739,2
1771108914550,-10.272900771154427,3.229007575173259,1.9332060705098308,2
1771108914656,16.270038235083756,-1.4952289411626374,-0.9780534205116187,2
1771108914756,-20.047709997085672,-2.0935114641036763,3.9666029052941094,2
1771108914867,4.318702145216029,-3.1020992452998373,-0.02671755726134099,2
1771108914973,22.73950291691333,-0.17843511688943944,-1.6765267077271055,2
1771108915073,-13.810114015878753,0.7041984798438384,0.28148855751934226,2
1771108915177,-6.553435027485712,-6.94656492129919,-0.3664122214927983,2
1771108915283,0.012404579859278557,-2.704198464351105,-1.854961771255692,2
1771108915390,-11.81297694785078,-2.0849235684394434,0.01622137411108298,2
1771108915498,8.83492311594507,-0.9494274573698606,-1.6154579863580214,2
1771108915607,0.30725189766649813,-5.625954248579571,0.8998091212574798,2
1771108915716,-10.821564744539673,-5.239503852887543,2.133587812502138,2
1771108915847,22.288167431653473,2.8062976261683366,-2.0391220274126303,2
1771108915924,-3.196564816945933,-4.065839577518871,-0.47041983421366657,2
1771108916032,-11.973282341444625,-3.8311068931998657,-0.7900763159082599,2
1771108916163,-20.336831904652314,-3.9188931801679243,1.7862595664371783,2
1771108916249,6.990457851339808,-1.3931297793454058,-2.1354962100449217,2
1771108916359,-19.404579384837273,-2.022900755020673,3.2051527126101664,2
1771108916467,-1.6040076011013182,3.312022761562652,0.169847327946912,2
1771108916575,26.54770903959979,4.615458069840627,-2.365458007228673,2
1771108916683,-19.452289963737105,-0.02576335848994905,3.3158395566482195,2
1771108916783,6.6116410458189145,-5.5610687321249195,-0.2643129796342874,2
1771108916892,9.15362571903339,-7.677480966742003,-0.9112595065141831,2
1771108916999,-13.00572519864729,1.6736641114129296,-1.5085877239621244,2
1771108917155,21.489503166720127,6.39217554184218,-1.745229019267325,2
1771108917210,-7.679389150841375,-5.427480904130048,-0.8501908385059519,2
1771108917330,-9.841602499598448,-0.1335877879742316,-1.125954230077369,2
1771108917426,19.81965681088812,4.699427561723118,-3.076335771750549,2
1771108917533,-11.830152312292423,-4.862595231466021,3.1555343764977857,2
1771108917642,-9.410305081816116,7.347328405283804,0.648854951103106,2
1771108917742,15.344465640276988,6.0896946380326415,-2.4465647960752817,2
1771108917888,6.278625781324834,-9.915076552047568,-0.39026716409717027,2
1771108917961,1.193702236124491,-5.036259621302766,0.10209923518840426,2
1771108918068,12.555343378550296,5.99618294499282,-0.07538167625953662,2
1771108918184,1.266221342750278,0.17652671934665556,-0.0667938939871158,2
1771108918277,16.111641025589282,-7.091603134550764,-2.5095419149871496,2
1771108918386,9.596373948959249,0.8206106765928018,-2.553435058471179,2
1771108918492,-7.181297605618195,-2.2767176282109283,-0.018129769986340204,2
1771108918601,5.433205883314988,3.2824427063712074,-0.11450381254639284,2
1771108918709,-2.44083960344693,-2.658396923324292,1.221374000494857,2
1771108918818,-3.4656488704784594,-1.160305279125773,1.9446564557665342,2
1771108918927,5.016221126938418,4.865457934501903,0.3416030534366079,2
1771108919035,-1.9417939661740642,5.223282153608762,0.26049618454871964,2
1771108919155,-17.956106290194548,-3.825381487128103,1.0486641295946222,2
1771108919248,15.353052895610986,-1.3463740395472008,-0.44942746124304395,2
1771108919352,-7.393129946310617,-1.3769084002317429,1.4790075620489744,2
1771108919460,3.766221376745214,0.42461831986728,0.13454198674562354,2
1771108919568,3.0047709706178596,-5.911259361060644,1.4093511584590688,2
1771108919677,2.776717570976892,1.8540076792060058,1.1173664411348416,2
1771108919785,17.193701792017507,14.659351562747812,0.18511449494896978,2
1771108919903,-4.747137286849303,-0.9961831971680655,3.4971373232126877,2
1771108920003,-9.047709975574001,6.8330151607818435,2.6374045503536694,2
1771108920128,1.2137404103237215,-5.672709881656071,-2.72423653182863,2
1771108920211,-10.256679071875647,1.2156488078665053,0.5954198199051575,2
1771108920320,-0.5973282174479414,7.1803430866816855,0.40458014566804934,2
1771108920427,-11.289121929078311,-4.862595231466021,0.6851145044159996,2
1771108920528,14.597328322442218,-7.444656039635547,0.8559160311343036,2
1771108920639,8.479007080937585,3.9513357249518384,1.0534351234515817,2
1771108920744,-4.066793669568557,0.40648854321083316,1.7041984720974717,2
1771108920859,-10.640266764531793,-0.5324427543541425,-0.084923663973456,2
1771108920965,-3.34064872470441,2.367366404771457,1.1383588141054641,2
1771108921062,-0.11641221008917672,-9.080152520357917,1.0601145148513254,2
1771108921171,18.099236319346748,-0.2061068679195924,-0.7948473097652196,2
1771108921276,-2.8797710382872213,-10.259541774911527,0.10973282535953977,2
1771108921380,3.395038161395456,0.9160305003711428,-1.0763358939649883,2
1771108921490,-2.4360687163116763,12.71183155017175,-0.05820610504458836,2
1771108921598,-0.5133587789263038,1.9122136975392083,-1.0019083897964172,2
1771108921705,4.068702280554753,4.77003805736271,0.23759541403531312,2
1771108921812,-11.35782424061853,2.9666030197621818,3.2833967984208936,2
1771108921924,1.7862595664371783,-1.6583969310706586,-0.7041984798438384,2
1771108922032,7.033396689330739,6.878816701808657,-0.1383587818311913,2
1771108922195,-14.317748189146087,-1.1307252239343286,3.8835879323481284,2
1771108922247,2.890267118050827,10.047709434219106,1.697519080697728,2
1771108922357,-4.6297707312463885,2.1507633903871928,2.813931216339472,2
1771108922460,1.4255725375727317,-3.4895037330415524,-0.5992366149907252,2
1771108922563,0.32729007186572884,8.167938921794047,0.14885495497628937,2
1771108922672,-7.049618388609519,-0.6278625781324834,1.9475191588024157,2
1771108922780,-11.01240449881806,5.62881652472863,3.5572519525320856,2
1771108922889,0.1259541978030961,1.1488548938690697,1.638358756871428,2
1771108922997,5.065839463050798,7.100190816771586,1.222328199266249,2
1771108923109,-3.907442794911221,-8.427480987612654,0.29007631978144327,2
1771108923252,10.657442982747083,-2.705152556400791,-3.0505725116446727,2
1771108923314,-15.76049587771705,1.5715648428739923,-0.1440839611193297,2
1771108923426,3.1822519420967597,6.021946418542108,-1.0811068878219479,2
1771108923533,11.433205623393377,-1.3492366358613765,-1.1135496460492738,2
1771108923635,3.551526759903734,-4.0372138278205245,-1.57538163795956,2
1771108923740,-1.0543893222229737,-1.1469464963262859,-1.4303435314296913,2
1771108923862,-6.540076031242813,4.732824198556718,2.271946527632263,2
1771108923949,3.1793892390608782,-0.2337786189497454,0.10496183150258008,2
1771108924056,-1.3998091707451494,3.137404493119633,-0.21564885563351177,2
1771108924186,-7.7290079138405785,2.444656398532498,-0.7061068773866223,2
1771108924276,-0.5763358444773188,0.8635496213054391,1.57538163795956,2
1771108924382,-5.932251947474678,-1.2318701869801683,2.1545801854727604,2
1771108924493,-1.913168003032306,-9.094465181763677,2.270992435582577,2
1771108924621,-2.1221374272454345,-4.646946522574855,0.8253816704497615,2
1771108924724,3.6488548211423,-0.8291984655353293,-1.8921756300616834,2
1771108924868,1.4007633695165413,4.302480872824072,1.4742365681920147,2
1771108924941,2.791984751319163,2.1555342775224466,-0.9952289983966736,2
1771108925041,6.537213755093755,1.5171755129046518,-1.019083967681472,2
1771108925149,4.821565004461285,-1.2013358262956264,0.8158396827358422,2
1771108925297,-11.208969659168211,4.665076405953008,0.9341602770275895,2
1771108925358,-5.215648563437627,0.2767175636623826,-0.19465648266288915,2
1771108925466,7.061068773866222,-2.8835878333727893,0.33110686695129654,2
1771108925576,18.703243608029315,4.983778582154503,-2.558206159049844,2
1771108925684,3.059160193865494,5.229007559680525,-0.6622137339025931,2
1771108925792,-3.136450401069947,0.7194656601861094,-0.7461831724242307,2
1771108925893,7.375953728095327,3.6956104542187993,1.1994274287528424,2
1771108926007,11.446564619636275,-4.244274854490869,0.1956106814342811,2
1771108926111,20.1564875898073,3.734732924010986,-1.3616412198894718,2
1771108926212,-1.7051526708688636,-5.010496147753478,0.6574427400456334,2
1771108926317,9.240457913951762,1.0524809246801898,1.7948473553797057,2
1771108926426,15.836831779428405,2.207061011177611,-0.4885496108701134,2
1771108926534,-9.00095391561068,-8.36641226624357,0.6316793732180511,2
1771108926635,-14.356869805164628,4.717557018214447,-0.22996182386417763,2
1771108926743,4.478053446760188,0.9236640905422783,0.6469465535603222,2
1771108926864,1.1230916337631933,2.734732825035647,-1.1335878202485046,2
1771108926964,3.2375954708374923,-0.11736640886056866,1.729007640153662,2
1771108927068,-2.2595420503258734,2.6526717306959404,-0.5477099346964135,2
1771108927196,4.705152540908058,-0.05343511452268198,-1.5133587178190842,2
1771108927277,14.139312912174088,-6.74999976094904,-2.141221402673273,2
1771108927385,5.104961932842985,3.6517175241781814,-1.6450381482711716,2
1771108927494,-3.556297647038988,-5.729961807939587,-1.2118320127809377,2
1771108927597,-18.335876760878303,12.04961824315598,2.3998091629987828,2
1771108927702,5.960877697173024,5.089694752500714,-0.6908396970443512,2
1771108927811,18.56297713568664,1.0887404779930834,-2.332060943508249,2
1771108927919,12.717556956243513,4.91030538347903,-3.2347327678016105,2
1771108928027,-3.0028625730750758,2.353053316478872,0.4112595370677929,2
1771108928136,-9.993320637858295,2.770038072855443,-0.21183206054794404,2
1771108928244,-5.660305404349681,0.19179388634871333,0.6230915842755237,2
1771108928355,7.4103053107522605,0.7900763159082599,-0.07538167625953662,2
1771108928461,-4.706106632957744,6.64122131445377,-1.5190839104474358,2
1771108928569,-13.96087763520209,-4.058205987347735,1.8053434351433113,2
1771108928678,0.05438931329407391,-2.141221402673273,-2.3893128697917656,2
1771108928786,-1.852099281663222,-5.515267191098107,-0.42652671741006387,2
1771108928887,1.4083969596876769,4.8349235738173615,0.588740428505414,2
1771108928996,-1.11164124850649,10.583015265135101,-0.6459923547889302,2
1771108929119,1.8750000521766286,-2.3215648637446438,-0.17652671934665556,2
1771108929204,-0.8043892974791389,0.44083969898094294,-0.41603053092475256,2
1771108929314,-6.003816535163955,1.4809159595917583,2.13263350700904,2
1771108929412,-13.051526739674102,0.7862595208226921,2.2127862038059627,2
1771108929520,14.027671762642937,-0.8874045905902375,-0.5524809285533732,2
1771108929629,10.489503998982102,1.5104961215049084,-2.5887405197343862,2
1771108929740,-1.7509542118956767,0.5830152358770623,1.300572498520388,2
1771108929869,6.174618221964819,0.7624045515378937,-0.4809160206989779,2
1771108929957,5.814885391871764,-0.17557252057526362,0.5448473383822376,2
1771108930073,-5.636450114899765,-4.2881677845314865,1.5009541337909889,2
1771108930183,-6.667938880052744,6.346374000815367,1.5038167301051648,2
1771108930288,-4.837786276853243,-2.041030424955414,-1.5801526318165198,2
1771108930399,-20.020992004599876,-1.6164121851294133,1.4122137547732445,2
1771108930499,18.20992294994139,6.164121928757801,-2.0333968347842784,2
1771108930606,5.726145012854019,2.756679290055956,-0.742366377338663,2
1771108930714,8.89312998805192,-2.353053316478872,-2.1679389682722476,2
1771108930822,-1.8606869638840435,-4.562977030692364,0.0515267169798981,2
1771108930931,0.1822519119750072,-2.412213640305172,-0.05438931329407391,2
1771108931040,-8.231870346199013,5.690839765034223,0.6374045658464027,2
1771108931186,-0.6660305289881608,0.9847328119113623,1.3225190702624023,2
1771108931249,7.221373740573245,0.0333969469935579,-1.3950381768881897,2
1771108931357,-8.11641197469547,0.4541984551000036,-0.19656488020567303,2
1771108931465,-5.223282153608762,-1.3683206112892154,1.1650762729827326,2
1771108931573,4.908396772492835,6.167938723843369,0.6498091498744979,2
1771108931674,-5.779580144051968,-4.72328242428621,1.4541985007144898,2
1771108931782,-2.2013358185492597,2.273854925175047,1.2919847095778605,2
1771108931890,5.58874038977358,0.7118320700149738,-1.4417939166863947,2
1771108931999,-1.4293893326582994,6.254770918761741,0.6230915842755237,2
1771108932133,-2.2356869743193695,0.572519049391751,0.8597328262198713,2
1771108932216,0.941793867198725,-6.728053509372142,1.3673664125178235,2
1771108932323,-0.154580147604641,-3.502862515841039,0.354961836236095,2
1771108932433,1.1965648324386666,4.1937024263288025,0.5648855125814684,2
1771108932533,1.5057251276479486,-5.643129613021215,1.8912213245685856,2
1771108932641,11.895038255633898,2.1202290297026507,-1.205152621381194,2
1771108932751,10.282442545424935,-3.787213536272425,-1.9179388901675598,2
1771108932876,8.53148854697267,-4.945610631298826,-1.6879770929838087,2
1771108932966,2.163167867693582,1.7280534413822701,0.6364503670750108,2
1771108933074,10.9933200965034,2.542938978707573,-0.7996183036221792,2
1771108933185,-0.6631679326739851,6.050572595127278,-0.0515267169798981,2
1771108933291,-23.919846690403453,1.7261450438394863,1.161259477897165,2
1771108933391,6.718511308214811,0.5572519224103328,-1.1288168263915448,2
1771108933501,11.13358742261972,-0.6574427400456334,-1.8816793368546663,2
1771108933616,1.5085877239621244,-7.047709777623324,0.17843511688943944,2
1771108933749,-0.44942746124304395,5.655534090327604,0.09637404256005264,2
1771108933825,-2.4942747346448786,8.2662210750823,-1.4160305498588124,2
1771108933933,5.796755508493611,8.866411995566123,-1.775763379951867,2
1771108934034,2.6994273637724393,-2.4112595482554857,-1.9332060705098308,2
1771108934152,-1.3788167977745267,2.8301527021748405,-1.282442721863941,2
1771108934262,-4.677480883259397,0.061068701358764174,1.7805343738088266,2
1771108934359,2.2595420503258734,3.3654578927606003,-0.3568702337788789,2
1771108934471,7.505724761004631,-2.5267174928722045,-1.8597328718343575,2
1771108934576,-14.756678343325909,0.9675572340263073,1.3654580149750395,2
1771108934686,-4.707061151894253,1.0925572730786512,-2.103053451817596,2
1771108934793,4.8110687112542685,2.8797710382872213,-1.7318702364678378,2
1771108934894,-11.845419492634694,-2.791984751319163,1.1383588141054641,2
1771108935002,2.2795801178033983,-3.325381544362139,-0.3816793751546428,2
1771108935105,-1.2146946090951134,2.178435048035853,0.6574427400456334,2
1771108935210,-9.507633569941504,-5.429389088229421,4.454198584197095,2
1771108935320,-27.21564860646097,-0.8282442667639374,5.2070608812168055,2
1771108935426,-3.4589693723570103,-3.6774809977274696,0.958015246312388,2
1771108935531,0.9351144757989815,2.9064886038861957,2.598282507448306,2
1771108935635,4.572518804962873,4.202290108549624,-4.185114317221157,2
1771108935744,7.15171733698334,4.990458080275952,1.650763340899523,2
1771108935875,2.1708014578647177,0.6393129633891866,1.712786261039999,2
1771108935952,-0.834923658163681,-1.3024808960631717,0.897900723714696,2
1771108936061,13.20992309539493,7.999999938029066,-1.809160230228879,2
1771108936176,17.969466140211093,3.0524809091874565,-2.641221345439237,2
1771108936278,-14.630724532388996,2.5696565443065476,2.4761450647101375,2
1771108936388,-5.210877676302373,-0.35305343869331113,2.3912212673345494,2
1771108936494,9.875954082255381,-1.637404558100036,0.06202290013015611,2
1771108936603,-9.676526218869348,3.292938786134813,-3.388358663274007,2
1771108936705,-9.752862120580703,0.39790075426830573,-2.376908392485376,2
1771108936812,4.554389348471543,-1.6765267077271055,-0.4227099223244961,2
1771108936922,13.225190275737202,3.5429388642395008,-0.8244274716783696,2
1771108937028,-8.918892607827562,-4.7977097150113694,1.5257633018471792,2
1771108937171,-12.755724907099191,-10.617365994018387,0.5152671764690876,2
1771108937245,-4.948473334334707,-0.2690839734912471,1.4952289411626374,2
1771108937355,-1.5248091030757873,-1.5868320232162634,1.7423664229531493,2
1771108937464,-2.6774808987521306,9.107824178006577,1.652671738442307,2
1771108937570,4.248091649576437,7.763358642723865,-1.0935114718500432,2
1771108937671,-5.838740254434856,1.0744274964222045,0.5496183322391974,2
1771108937772,-8.937022491205713,-4.32824434637336,-0.3664122214927983,2
1771108937880,16.2652673479485,-3.2853051959636774,-0.5706106518489671,2
1771108937989,12.477099292739569,-0.01908396875773214,-1.1479006950976778,2
1771108938096,3.4045801491093757,-4.356870096071706,0.0009541984587306902,2
1771108938265,19.27862557390036,4.925572563821301,-1.9332060705098308,2
1771108938315,2.585877816698505,5.812022688835882,-1.684160297898241,2
1771108938413,-2.9541983290123808,5.816794002857959,-2.4465647960752817,2
1771108938521,3.168893159297273,-2.3158396711162923,-0.897900723714696,2
1771108938631,6.238549646369784,1.4160305498588124,-0.8931297832185892,2
1771108938740,17.025762808252523,0.5133587789263038,-0.17080152671830395,2
1771108938873,-1.5877862219876553,1.375000002688959,0.1956106814342811,2
1771108938958,-13.110686423170169,-3.9866409727716343,1.7251908450680942,2
1771108939063,-5.476145148192743,-0.6068702051618607,1.5639312527028568,2
1771108939234,17.609732029457568,2.899809105764746,-1.1975190312100585,2
1771108939281,8.624045294189159,4.041030622906092,-0.9646946377121316,2
1771108939380,-5.604007570115852,0.42080152478171223,1.7051526708688636,2
1771108939493,-10.995229134376418,-3.794847126443561,1.4255725375727317,2
1771108939597,-4.574427415949068,2.395038062420117,-2.104007543867282,2
1771108939706,1.3988549719737573,-11.493320679599597,-1.4074427609162847,2
1771108939814,9.287213973915085,-5.293893076135177,-2.767175583262973,2
1771108939917,6.905534267407631,1.3530534309469444,0.3664122214927983,2
1771108940024,-11.41030485287997,1.928435183374577,2.2099237142134927,2
1771108940124,14.472327322894524,4.470419856589053,-1.189885441038923,2
1771108940383,-2.141221402673273,6.541030550179323,1.1545800864974214,2
1771108940385,-8.145991816443503,2.0114503697639696,1.8730916546338445,2
1771108940450,-9.020991983088205,4.6125953668047455,1.139313012876856,2
1771108940560,-14.986640567396483,0.5839694346484543,0.12786259534587996,2
1771108940660,0.48377861701315367,-3.319656351733787,-1.2757633304641975,2
1771108940766,-0.9751908241974429,-1.7700381873235154,-0.04866412066572229,2
1771108940888,8.830152228809817,0.87881680164771,-1.1307252239343286,2
1771108940975,-6.035305414785007,10.87309169163825,-0.5772900432487107,2
1771108941086,5.316793846648584,5.696564744219163,-0.13645038428840742,2
1771108941196,19.027670763415752,7.629771241615817,-1.7509542118956767,2
1771108941300,-16.992366598305747,-1.3826335928600944,0.9503816561412525,2
1771108941408,-13.895992545634261,-0.9599236438551719,-0.26622137717707123,2
1771108941510,0.8387404532492487,-1.746183218038717,0.5782442420201026,2
1771108941617,0.48377861701315367,-0.9780534205116187,0.5944656211337656,2
1771108941725,-10.413168097270747,-3.585877915673844,1.29675570343482,2
1771108941835,-0.3969465554969138,3.811068825722341,-0.479007623156194,2
1771108941942,2.068702296047486,1.7175572548969589,-1.1192748386776254,2
1771108942043,-9.333015514941897,-0.3807251763832509,1.4570610970286655,2
1771108942159,11.027671679160331,1.095419869392827,-0.5601145187245087,2
1771108942261,7.2433208459237886,8.356870491973062,-0.21469465686211986,2
1771108942360,-5.432251791265302,-2.7738548679410107,-0.1469465574335055,2
1771108942468,-14.696564140893333,-6.289122074531851,0.0,2
1771108942577,-4.314885350130461,1.5706106441026004,0.9589694450837799,2
1771108942684,2.5372137860792217,0.030534350679382087,1.4141221523160283,2
1771108942793,2.7576335955490534,-0.17557252057526362,0.25858778700593577,2
1771108942901,3.9961831739289653,1.4064885621448928,-0.23091602263556957,2
1771108943002,4.065839577518871,-4.339694731630063,-0.912213705285575,2
1771108943110,-14.543892337470623,-1.2881679144922926,0.9303434819420218,2
1771108943219,-20.69370245859631,-5.612595252336673,1.4561068982572736,2
1771108943327,9.940839171823209,5.76908385084495,-0.9198472954567105,2
1771108943428,8.617366222954532,3.721373927768087,-0.9188930966853186,2
1771108943536,-5.5486638279317075,5.999999740078388,0.7805343281943405,2
1771108943644,-16.89694714805338,4.282442805346546,2.6020993025338734,2
1771108943753,13.649808622284906,3.141221288205201,-1.0620229123941092,2
1771108943898,7.32633581886977,6.278625781324834,1.3225190702624023,2
1771108943969,-3.5219464912688783,-1.2461831685510474,0.8835877955046698,2
1771108944078,-14.806297960098759,2.939885454163208,0.254770991920368,2
1771108944188,2.5114503125299334,3.7471374013173753,-0.41603053092475256,2
1771108944294,8.815839567404055,4.395038046927383,0.927480885627846,2
1771108944395,2.8482823721095816,-6.670801583088626,-2.09828235123893,2
1771108944503,-14.305343711839697,2.2480916650691705,0.20229007283402467,2
1771108944613,14.886450230008858,4.209923698720759,-3.821564692042535,2
1771108944720,-9.16984741831217,-4.00095406106422,0.48377861701315367,2
1771108944832,-1.7041984720974717,3.292938786134813,-1.083015285364732,2
1771108944937,3.6956104542187993,-1.8645037589696114,-0.8606870249912633,2
1771108945045,-5.223282153608762,-4.5229008957373145,1.6288167691575086,2
1771108945191,6.3425572057298,2.367366404771457,-2.31965646620186,2
1771108945247,7.84064906337173,5.256679217329186,-0.4293893137242397,2
1771108945354,-2.254770949747208,-2.010496064270872,0.7958015085366115,2
1771108945463,0.48568701455593755,3.076335771750549,0.3120228915234578,2
1771108945571,-9.26622138750105,-2.4465647960752817,0.29580151240979485,2
1771108945680,-3.1622136611758234,-3.9055341839250253,0.5353053506683183,2
1771108945788,11.601144607158357,2.4627862819106503,0.3597328300930547,2
1771108945897,8.343511495730164,-3.304389171391516,0.7843511232799083,2
1771108946005,-3.98854958375783,-1.3034350948345637,0.2213740482618634,2
1771108946113,-5.6927479491335955,-4.6192748649261945,-0.8320610618495051,2
1771108946234,5.732824510975469,7.626908538579936,0.33778625835104015,2
1771108946322,-12.901717639287275,-1.0677481050224609,0.49522900226985694,2
1771108946430,-9.36354987562644,-3.819656507943163,-0.05343511452268198,2
1771108946539,1.0400763406520945,-3.714694429646638,-1.5419846809608422,2
1771108946649,-1.3492366358613765,0.5152671764690876,0.36068702886444665,2
1771108946756,9.176526489546797,3.2061068046598526,-0.07156488117396888,2
1771108946883,12.331106560551484,5.216603082374136,-0.24522900420644864,2
1771108946974,-13.139312599755337,-7.205152895068111,0.08396946520206407,2
1771108947074,4.647900614624541,-5.3740457729321,-1.222328199266249,2
1771108947176,-12.39503798495645,-6.016221439357168,2.859732757366285,2
1771108947281,-12.21374000494857,1.559160258845897,2.34446563425805,2
1771108947390,-8.806297793133547,2.6164121773830464,1.1230916337631933,2
1771108947499,1.8282442056567179,3.1860687371823277,-1.3616412198894718,2
1771108947607,3.659351114349317,5.091602936600086,-2.2776717202606145,2
1771108947715,10.087786422947802,4.99999985454646,-1.4723281706492308,2
1771108947817,1.359732822346688,1.0152671725959042,0.9532442524554283,2
1771108947924,1.0133587750531203,-0.7080152749294062,1.0209923652242558,2
1771108948024,4.8950382031367585,0.6507633486458899,1.1173664411348416,2
1771108948132,-6.843511453988861,-4.19751922141437,-0.0028625954804124866,2
1771108948240,1.5725190416453843,-3.740457903195926,-0.6192747891899559,2
1771108948349,11.708969388490765,1.2328243857515602,-2.6631678104595458,2
1771108948457,14.200381633543172,4.833969481767675,-1.6145037875866295,2
1771108948566,17.3272900468992,2.305343377909275,0.2557251906917599,2
1771108948666,-15.557251646132274,-0.5505725310105893,3.6669847045204524,2
1771108948775,-14.003816473193021,-18.966602042046667,1.5515266686747615,2
1771108948898,-6.881679404844538,-1.6908396892979844,-0.9837786131399703,2
1771108948983,5.26145010446444,-1.3101144862343073,-1.5038167301051648,2
1771108949085,-18.51717559465983,-4.139312776194345,2.085877873932541,2
1771108949197,7.822519179993577,-5.145992159847721,-0.4780534243848021,2
1771108949300,8.354007788937182,-3.3444655197899777,-0.09255724747448489,2
1771108949409,14.122137547732445,4.290076395517682,-3.2385495628871785,2
1771108949510,-5.229961651730211,1.0448473345090543,-0.5019083936696005,2
1771108949617,-8.807251458296411,5.224236672545271,2.353053316478872,2
1771108949726,-2.6297709601825336,-4.634542045268466,0.36068702886444665,2
1771108949834,1.994274791878915,1.4312977302010832,2.1507633903871928,2
1771108949942,-4.035305216834329,-1.004770986110593,0.8606870249912633,2
1771108950051,13.980915702679615,-1.697519080697728,-1.467557176792271,2
1771108950172,7.688930925111883,2.0362595378201602,-3.4742365526992813,2
1771108950277,2.74618321029235,-4.463740358467603,2.134541904551824,2
1771108950385,-6.858778634331132,-5.500000010755836,-0.32061068046598523,2
1771108950485,-12.22614448225496,-1.6402671544142118,-2.193702228378124,2
1771108950594,-8.929388901034578,-1.1354962177912884,-0.7843511232799083,2
1771108950703,-3.9561066120870922,-1.5019083325623808,-0.5629771150386845,2
1771108950810,-7.735686985075205,-0.09160305537319957,1.5849236256734796,2
1771108950919,-4.129771001923837,-6.4799618288102385,-0.9370228733417654,2
1771108951027,8.499046002188756,-5.229007559680525,-2.115457929123985,2
1771108951157,-6.998091441510943,7.0553433677944595,3.4723281551564975,2
1771108951228,-5.755725281488875,7.771946751831511,-0.4456106928379026,2
1771108951336,-3.296755581220381,3.684160068962096,0.1984732777484569,2
1771108951445,9.18225189561856,-5.308206164427762,-1.5639312527028568,2
1771108951553,3.4818701428704166,2.752862494970388,-1.2461831685510474,2
1771108951661,5.179389223568145,1.0591603160799334,-1.868320554055179,2
1771108951762,-6.369274771328774,-7.968511058408015,-1.4217557424871639,2
1771108951889,5.396946543445506,5.982824375636745,-2.5916030093268563,2
1771108951979,-3.178435147011192,1.7251908450680942,-0.741412178567271,2
1771108952086,1.3053434923773475,-9.341602770275896,1.3692748100606074,2
1771108952243,-6.907442451507003,-0.9351144757989815,0.3711831886693315,2
1771108952343,-5.843511568456933,-4.125954206838268,-1.1335878202485046,2
1771108952413,-10.85591547342296,2.128816711923472,2.5973282019552077,2
1771108952520,5.85973284084889,2.2299617816910176,-0.8320610618495051,2
1771108952622,12.046755540120099,0.6555343425028496,-2.512404618023031,2
1771108952731,-11.81202242891427,1.1374046153340722,-0.5314885555827505,2
1771108952837,-2.7748091734341083,4.919847157749538,-0.36164122763583856,2
1771108952939,9.419846856086624,-5.2671755105362035,-0.21946565071907953,2
1771108953039,-1.3902671830312299,-0.6593511375884173,-0.3234732767801611,2
1771108953156,-12.859732466459207,-4.777671647533845,2.1793893535289506,2
1771108953247,12.163167576786503,2.737595314628117,-1.4017175682879333,2
1771108953347,-0.8750000065621423,6.067747959568921,1.7213740499825265,2
1771108953454,-14.965647980982448,-6.541984642229009,0.23282442017835345,2
1771108953555,-5.895992180718372,-7.965648355372133,-0.5772900432487107,2
1771108953664,9.357824469554675,2.844465577024014,-3.141221288205201,2
1771108953774,9.659350854427705,-0.7958015085366115,-2.0314884372414945,2
1771108953921,-7.3979008334458705,3.0200381509601306,1.7061068696402555,2
1771108953988,-11.489503457627206,-8.325381612352011,0.09351144624587683,2
1771108954134,-9.323472886897743,-4.5353053730437045,0.09351144624587683,2
1771108954198,0.4122137358391848,-8.233778530298386,0.09732824133144458,2
1771108954306,-11.297710038185956,2.080152681304189,1.6927480868407685,2
1771108954407,-3.7881680552089345,2.1393130051304894,-1.8034350376005275,2
1771108954515,5.471373834170666,3.7423665141821214,-2.8835878333727893,2
1771108954622,11.253816681258515,6.1249998858524375,-1.3520992321755525,2
1771108954731,3.9112595899967886,7.705152624390663,2.241412166947721,2
1771108954839,-8.618320741891042,2.7681296753126587,0.03530534453634177,2
1771108954948,-14.046755311183952,0.4370229038953752,1.7185114536683508,2
1771108955056,3.3988549564810238,0.041030533829640094,0.34351145097939173,2
1771108955174,-4.098282549189609,0.2690839734912471,1.8788168472621962,2
1771108955281,5.983778467686431,4.043892899055151,-0.9246182893136702,2
1771108955393,-13.367365785952893,-0.8616412237626552,2.3253816588302114,2
1771108955499,-8.950381487448613,5.133587682541331,2.7862595586908117,2
1771108955610,2.307251775452059,4.465648969453799,1.8750000521766286,2
1771108955715,0.724236654043069,7.544847230796818,1.23759537960852,2
1771108955826,6.447518857139501,4.642175635439601,0.4675572378994908,2
1771108955932,27.507632363289844,10.119274448795208,-3.964694721194737,2
1771108956033,-6.499999896287763,-1.1011450620211787,0.2776717624337745,2
1771108956172,3.355915905046681,1.3234732690337943,1.5372136871038826,2
1771108956249,-5.1106869120279255,2.221374099470196,0.7709923404804211,2
1771108956359,7.225190962545636,-7.75572505255273,-1.5248091030757873,2
1771108956459,-3.969465608329991,-9.279580383743948,2.112595439531515,2
1771108956566,0.6994274859868786,0.14885495497628937,-1.3024808960631717,2
1771108956675,-7.831106435327576,7.748091462381595,-1.0076335824247689,2
1771108956783,-2.2270992920985475,-5.01240433185285,1.4656488859711931,2
1771108956897,7.300572345320481,-1.6125953900438457,-0.9494274573698606,2
1771108957000,12.520991795893362,-8.348282382865417,-0.6202289879613478,2
1771108957138,8.971374073862647,9.291984861050338,-1.7328244352392297,2
1771108957209,-2.2204197939770984,-2.146946595301625,1.177480857010828,2
1771108957317,7.902671449903677,-9.923663807381566,-0.45992364772835526,2
1771108957420,6.617366451890677,10.288167951496698,-1.744274820495933,2
1771108957526,-4.575381507998754,-5.3683203668603365,-0.5562977236389409,2
1771108957635,-0.5028625924409924,5.270992305621771,-2.4503815911608493,2
1771108957743,-5.3749998649817865,-0.3520992399219192,-2.0333968347842784,2
1771108957852,-11.234732278943854,-1.3062976911487394,-0.6106870002474285,2
1771108957960,-5.804389098664746,0.42748091618145584,1.145992297554894,2
1771108958060,18.62881674419098,5.677480768791325,-2.301526582823707,2
1771108958184,17.694656894050212,9.738549459174942,0.270038172262639,2
1771108958269,-6.549618232400144,7.872137089219135,2.752862494970388,2
1771108958377,13.863549147076702,-3.3568702105397787,0.6994274859868786,2
1771108958486,3.3005723763059485,3.8082061226864594,2.1717557633578153,2
1771108958594,-2.2853053104317502,9.11641228711422,1.482824357134542,2
1771108958702,6.876908090822461,0.2270992275500018,-3.4284350116724682,2
1771108958811,14.902671929287639,0.6020992113049011,-0.5973282174479414,2
1771108958922,-10.491412183081474,-4.289121876581173,0.42748091618145584,2
1771108959028,-2.053435115705215,1.17366406192526,-0.5801526395628865,2
1771108959154,-7.039122095402503,5.133587682541331,2.3091601729948428,2
1771108959236,12.101145190254556,-5.425572293143853,-1.6994274782405119,2
1771108959345,-9.356869950618167,5.893129477682491,1.9332060705098308,2
1771108959446,8.011449896398947,1.4532443019430978,-2.0047708716425205,2
1771108959553,12.744274948729311,10.240458226370512,-0.6994274859868786,2
1771108959653,-4.890266889114682,5.707061037426181,1.5524808674461537,2
1771108959763,6.068702051618607,4.123091503802387,0.23473281772113733,2
1771108959862,-9.530534340454912,-4.831106778731793,2.2633588454114415,2
1771108959971,11.494274344762461,11.971374157345252,-1.8024809455508413,2
1771108960078,-4.20324420059931,-9.514312641176131,-1.4427481154577866,2
1771108960191,-5.013358850789359,-0.958015246312388,-0.6240457830469156,2
1771108960296,-2.3692748023142407,0.339694655893824,-2.0772899782683076,2
1771108960404,-6.356870294022384,-8.20992324084847,0.9494274573698606,2
1771108960513,9.2929385262132,10.584923449234473,0.525763362954399,2
1771108960616,6.195610381492029,0.7366411847103114,-1.594465613387399,2
1771108960720,-2.0677479905543885,7.222328259509754,-2.193702228378124,2
1771108960822,3.296755581220381,-2.269084038039793,0.02576335848994905,2
1771108960928,-5.991412057857566,-8.391221220856348,0.49809159858403274,2
1771108961029,-4.164122157693947,-7.888358788497915,-0.1412213781453671,2
1771108961134,-4.443702290990078,8.250953894740029,-0.9465648610556847,2
1771108961249,11.34351157921277,-2.9255725793140344,0.679389311787648,2
1771108961355,13.698472866347602,-2.316793763165978,-2.0114503697639696,2
1771108961464,-6.127862588888319,10.84351099611657,0.8769084041049262,2
1771108961572,-4.5353053730437045,-11.33015258296987,-1.9083969024536405,2
1771108961680,6.437022990819307,6.208969377734928,-1.8759541442263146,2
1771108961788,-9.897900333832277,3.7557250835381972,1.159351080354381,2
1771108961899,-8.496183299152873,-0.7499999675097985,2.056297605297685,2
1771108961999,6.072518846704175,4.974236380997173,-1.0095419799675527,2
1771108962150,-3.978053290550813,-4.838740368902929,0.5486641334678054,2
1771108962213,-7.81202288678656,-7.4465650775085654,1.515267115361868,2
1771108962322,-4.95992371959141,12.641221054532158,1.8883588349761156,2
1771108962425,-4.304389056923444,0.9818702155971865,0.28148855751934226,2
1771108962531,3.5601144421245556,2.9160305916001152,0.5534351273247652,2
1771108962640,1.4398855191436106,6.123091701753065,1.4332061277438672,2
1771108962748,6.477099125774357,-5.449427582593769,-1.1812976520963956,2
1771108962856,11.040076156466721,-0.6125953977902123,-1.0601145148513254,2
1771108962965,-2.4083968452196043,12.034351062813709,1.1545800864974214,2
1771108963073,-0.5458015371536297,-3.1851144316892297,0.3864503690116025,2
1771108963192,4.9188930656998515,-8.413167472433246,-0.40458014566804934,2
1771108963291,-10.169846876957275,8.777671616548378,2.3883587777420794,2
1771108963390,9.26335868446517,0.33015266817990463,-1.9398855686312801,2
1771108963498,2.934160261534856,2.110687041988731,-0.5973282174479414,2
1771108963606,-9.674618034769976,7.765266826823238,0.9188930966853186,2
1771108963707,7.532442753490428,0.4236641210958881,-1.193702236124491,2
1771108963817,0.4112595370677929,1.0696565025652447,-1.2242365968090327,2
1771108963926,-18.90171695247884,5.164122043225873,2.2452289620332886,2
1771108964032,-0.7748091355659888,-9.224236214672981,-1.5181297116760437,2
1771108964158,3.342557122247194,-2.8406487819384463,0.2643129796342874,2
1771108964250,-10.367366556243935,3.7986639215291285,1.343511443233025,2
1771108964358,-6.782442732619777,7.106870314893036,0.5782442420201026,2
1771108964459,9.299618451221473,-3.9866409727716343,0.4322519100384155,2
1771108964567,8.289121845595705,8.28530547739696,0.059160303815980295,2
1771108964675,13.396946481474572,6.751908371935235,-1.697519080697728,2
1771108964776,-15.000000417413029,-4.640267024453406,3.9417939506813306,2
1771108964905,3.58110702853859,-5.308206164427762,0.9961831971680655,2
1771108964983,15.022900334152789,-5.083969346428951,-1.0572519185371496,2
1771108965091,2.796755638454417,-5.852099250677755,0.8730916090193585,2
1771108965205,-4.3301525304727315,0.5687023076670361,-1.356870226032512,2
1771108965317,-10.71946536927903,0.7185114614147174,1.7795801750374347,2
1771108965417,13.219465723439084,-9.301526635320846,-3.826336006064612,2
1771108965525,10.088740088110665,-3.7576336945243924,-1.775763379951867,2
1771108965634,0.695610690901311,-1.7480916155815007,-0.9866412094541461,2
1771108965743,-3.413167831330197,8.567748313728975,-0.803435098707747,2
1771108965851,-3.1898855322678954,7.12690838237056,-2.3988548575056847,2
1771108965951,12.793892857954868,1.6488549433567392,-2.6183205749258307,2
1771108966059,7.896946043831914,-0.7805343281943405,-2.5973282019552077,2
1771108966176,-2.267175640497009,8.91698442372819,-0.01908396875773214,2
1771108966277,-3.0171754479242487,1.9217556852531277,-2.2032442160920436,2
1771108966377,0.9790076192830106,-1.5104961215049084,-0.3578244325502708,2
1771108966485,16.34732865573162,1.5801526318165198,-2.7681296753126587,2
1771108966594,-0.4532442563286117,0.588740428505414,0.9446564635129009,2
1771108966702,3.130725208441595,2.7299617244569814,-0.01622137411108298,2
1771108966802,-11.621182674635882,-10.344465785730527,0.9656488364835235,2
1771108966912,-10.08110649793953,-1.2776717280069814,-0.5181297727832634,2
1771108967019,0.2671755759484632,-1.806297740636409,-3.6679387965701387,2
1771108967173,5.322518825833524,-3.430343409215252,-3.39694655893824,2
1771108967235,12.622137505991143,-3.8864502084971866,-3.6927481780697406,2
1771108967336,1.6288167691575086,3.0820609643789005,0.679389311787648,2
1771108967444,8.55820568568482,-2.6402670399461394,1.1975190312100585,2
1771108967545,-5.95610681003777,4.838740368902929,0.7089694737007981,2
1771108967653,-18.480915827903523,-7.197519304896976,0.6507633486458899,2
1771108967753,11.00858727684567,-2.5715649418493314,-1.666030521241794,2
1771108967861,1.3874045867170541,4.581106914070517,-0.14312976234793776,2
1771108967969,1.2719465353786297,9.589694877724623,1.4618320908856253,2
1771108968081,3.7480914933670615,1.7108778634972153,-0.8062976950219228,2
1771108968203,-7.700381737255409,-4.518129581715238,1.3053434923773475,2
1771108968288,9.642175489986062,-3.405534241159062,0.39026716409717027,2
1771108968395,-1.0066793836533767,-1.1230916337631933,-0.9188930966853186,2
1771108968495,-13.114503645142559,-2.333969341051033,0.1288167941172719,2
1771108968603,-7.358778363653684,-1.6469465458139554,-0.7395037810244872,2
1771108968705,2.1221374272454345,-2.778625968519676,-1.5209923079902197,2
1771108968812,13.187976843818033,2.782442763605244,-0.030534350679382087,2
1771108968925,6.527671553936424,4.6965648586872355,0.07251907994536082,2
1771108969029,-2.9093510934786657,7.465648626049581,-0.23759541403531312,2
1771108969150,-6.901717472322063,-0.7986641048507873,-0.8940839819899811,2
1771108969246,4.275763307225097,-3.204198407117069,-2.298664093231237,2
1771108969359,-5.514313099048421,-1.653625937213699,-0.7519083650525824,2
1771108969463,-14.97328242492723,-3.1708015568400567,1.7061068696402555,2
1771108969571,3.010496163246211,1.5085877239621244,-1.1440839000121101,2
1771108969679,9.26622138750105,-0.06393129767293998,-1.451335904400314,2
1771108969789,3.593511505844979,-4.166030341793318,-0.5295801580399667,2
1771108969913,-3.9141218661458472,2.395038062420117,1.0467557320518381,2
1771108970004,12.688930779658344,-4.790076124840234,-1.8826336423477639,2
1771108970152,-16.01812890566264,5.509541785026344,0.26335878086289544,2
1771108970221,-14.741411162983638,2.143129800216057,2.971373906897436,2
1771108970329,-5.870228707169084,2.84255717948123,0.6526717461886737,2
1771108970430,8.562976572820075,2.3959923679132147,0.29580151240979485,2
1771108970539,-2.8807251303369075,-3.7929389423441884,-2.113549531581201,2
1771108970647,-14.167939088759258,-2.2156489068418446,1.249999963636615,2
1771108970758,3.8244273950784167,-0.17938931566083138,-0.7633587503092856,2
1771108970865,4.91603036266397,-2.4160304353907396,-0.9656488364835235,2
1771108970972,-3.0248090380953845,-3.4990457207554715,1.7261450438394863,2
1771108971075,-3.532442784475895,1.9551525355301396,1.3501908346327687,2
1771108971175,0.7461831724242307,3.169847251346959,0.8501908385059519,2
1771108971281,0.5009541948982086,-0.8625954225340471,0.9990457934822413,2
1771108971391,-7.570610704346106,-2.336832044086915,2.5992365994979916,2
1771108971497,22.93415989316411,-1.0553435209943656,-1.5582060600745051,2
1771108971606,-0.37309158621211536,-2.8711831426229883,0.54103054329667,2
1771108971714,-10.960877551719484,-2.4055343556271342,2.6202289724686145,2
1771108971815,1.4923663448484614,0.9637404389407397,1.375000002688959,2
1771108971915,13.272900854637033,8.457060829360687,-2.8082060237111204,2
1771108972023,-6.889312995015674,-4.135495981108777,0.5610687174959006,2
1771108972153,5.486641014512937,7.966602874308642,-1.7853053676657864,2
1771108972257,-10.903626052322792,-4.098282549189609,1.5572518613031132,2
1771108972365,12.139313141110234,1.1202290374490174,-2.7557251980062696,2
1771108972474,-1.9656488287371567,2.5257634008225183,1.3702290088319993,2
1771108972582,7.418893419859905,0.5515267297819813,-2.087786271475325,2
1771108972692,-5.106870116942358,-4.6851144734305326,-1.1822518508677875,2
1771108972799,-11.63549618981529,-3.2032443150673826,0.9513358549126445,2
1771108972925,-9.414122303788506,0.9217556929994943,0.6383587646177947,2
1771108973019,12.645991941667411,2.678434990801817,-2.1650762652363658,2
1771108973143,2.000954076556953,1.436068724058043,-0.5019083936696005,2
1771108973232,9.246183320023524,2.3606869066500074,-0.5333969531255345,2
1771108973335,4.791030643776743,-2.5419846732144755,1.328244262890754,2
1771108973442,1.6879770929838087,8.143129967181268,0.3578244325502708,2
1771108973550,18.484732196102268,2.6145037798402626,-0.6431297584747544,2
1771108973658,22.359732446229575,4.84828257006026,-2.354961714021656,2
1771108973766,9.770992003958856,6.716603124115439,0.8606870249912633,2
1771108973867,-12.046755540120099,-2.771946470398227,-0.09255724747448489,2
1771108973975,0.7204198589575014,-4.416984725391104,-2.146946595301625,2
1771108974084,-8.641221512404448,-4.062022782433303,-1.5448472772750181,2
1771108974205,-4.932251635055927,2.2977097877381394,-0.20229007283402467,2
1771108974301,-5.029580123181316,6.076335641789743,-0.409351139525009,2
1771108974411,10.33110678948763,-2.802480831082769,-1.2175572054092894,2
1771108974517,7.767175864696257,4.507633715395044,-2.5248090953294207,2
1771108974626,-0.989503805768322,-4.649809225610737,0.8339694593922891,2
1771108974736,4.22519087906303,10.12595437380348,-1.3110686850056992,2
1771108974846,-0.9370228733417654,0.4427480965237268,1.1145038448206657,2
1771108974951,9.761450229688348,1.8377861933706372,0.09160305537319957,2
1771108975061,-7.84064906337173,12.479007476838941,4.212786401756641,2
1771108975189,-19.741411871303743,-8.160305331622911,2.7709923783485406,2
1771108975294,-18.69179279588579,-7.509541982977022,1.0839694841361238,2
1771108975403,-0.9370228733417654,6.572519002913551,-2.4351144108185787,2
1771108975513,-7.833015473200595,-4.573473323899382,0.8845419942760617,2
1771108975619,9.328243774032996,-0.7566793589095421,-1.220419801723465,2
1771108975727,-8.682252166296006,-3.2061068046598526,0.3816793751546428,2
1771108975836,-5.630725135714825,-5.039121897451825,-1.4255725375727317,2
1771108975945,-5.662213588449053,-2.291984595109788,1.0009541910250253,2
1771108976044,12.37022903034367,-1.5448472772750181,-1.961832033651589,2
1771108976191,9.364503540789302,1.3845419904028784,-1.177480857010828,2
1771108976261,7.689885444048392,4.5887405042416525,0.896946524943304,2
1771108976369,-0.040076335058248154,-5.048664098609155,0.9312976807134138,2
1771108976479,17.427480384286824,10.054389359227379,-1.9456107612596318,2
1771108976587,-8.244274823505402,1.4809159595917583,-1.4589694945714495,2
1771108976697,-6.494274917102823,2.12977101741657,-0.10209923518840426,2
1771108976803,10.111640858624073,6.67557247022388,-2.168893060321934,2
1771108976930,-8.221374052991996,4.818702301425404,-1.3349236542904976,2
1771108977011,-9.47423650622108,6.948473105398563,-0.9293892831706299,2
1771108977181,-4.459923563382035,-2.376908392485376,2.352099224429186,2
1771108977228,-0.9246182893136702,4.206106903635192,0.7480915699670146,2
1771108977337,-0.7528625638239743,-1.08206108659334,0.25858778700593577,2
1771108977437,0.9379770721131573,1.8692748595482769,1.9761449085007623,2
1771108977546,-9.697518805283382,-6.7318703044577095,6.1383588820953365,2
1771108977653,-12.400763391028214,-3.760495970673451,2.550572568878709,2
1771108977762,-8.707061120908786,-0.5381679469824941,0.9332060782561976,2
1771108977871,-0.29484731363840294,1.4971373387054212,1.4561068982572736,2
1771108977975,2.305343377909275,-10.80343486116152,-1.2671755415216701,2
1771108978080,5.111641004077612,1.7566794045240282,-1.57538163795956,2
1771108978209,-5.179389223568145,-4.608778571719178,-0.19274808512010527,2
1771108978288,-0.8015267011649632,0.678435113016256,0.5820610371056704,2
1771108978388,5.875000021191162,-2.899809105764746,-1.7204198512111346,2
1771108978498,14.165076385723376,-2.374999994942592,-1.9742365109579785,2
1771108978605,-12.39503798495645,6.572519002913551,2.316793763165978,2
1771108978712,-0.8473282421917762,6.608778342783032,1.773854982409083,2
1771108978813,15.41412161698007,5.229007559680525,-1.4761449657347985,2
1771108978925,20.993320659369967,-5.424618201094167,-2.9790074970685714,2
1771108979031,-9.399808788609098,3.071564884615295,1.358778623575296,2
1771108979140,-2.645992232574491,-6.380725156585477,-0.21469465686211986,2
1771108979247,-0.2805343587479503,10.406488172262474,1.7595420008382041,2
1771108979355,2.551526660928395,-1.746183218038717,0.08396946520206407,2
1771108979464,3.8711830281549156,-0.5229007666402231,-1.3797709965459186,2
1771108979572,-1.405534363373501,1.761450398380988,-2.6078242817188135,2
1771108979681,23.380724491288714,-5.955152717988084,-3.4637404729356756,2
1771108979788,-10.69179371163037,-2.4761450647101375,0.5505725310105893,2
1771108979927,3.0019082675819777,6.903625656421435,-0.9103053077427912,2
1771108980008,5.306297553441567,2.5763358289845852,-2.136450302094608,2
1771108980154,7.862595314948627,3.964694721194737,1.3959923756595816,2
1771108980222,10.250953665803884,16.406488339227685,1.6030534023299263,2
1771108980323,-0.8301526643067213,0.05248091575129004,-0.08778626028763181,2
1771108980433,2.701335761315223,-4.294847282652936,-2.7681296753126587,2
1771108980540,-2.550572568878709,5.736641306061037,-0.9236640905422783,2
1771108980651,3.3931297638526723,-0.05725190627319642,0.8015267011649632,2
1771108980757,10.612595106883134,3.1421755936982985,-1.804389343093625,2
1771108980865,-9.635496418751435,2.86450385794495,1.2414121746940876,2
1771108980973,11.1498091218985,-6.639312703467574,0.27194656980542287,2
1771108981074,-12.020038401407946,3.0076334602103296,1.5515266686747615,2
1771108981204,-3.6421753230208505,-6.318702343166707,-1.5171755129046518,2
1771108981307,-23.96087734429501,4.790076124840234,1.0248091603098237,2
1771108981408,-16.521945856957583,-4.302480872824072,4.37786268248574,2
1771108981519,5.601144867079969,-4.842557163988497,-0.48568701455593755,2
1771108981625,4.933206153992437,1.791984652343824,-0.6984732872154867,2
1771108981733,-2.4618319764175527,6.7137404210795575,-0.3368320595796482,2
1771108981841,9.498091795670996,10.752862432999454,-0.11927480640335253,2
1771108981941,2.161259470150798,-6.072518846704175,-2.429389218190227,2
1771108982051,-5.3272901398556005,-3.580152723045492,0.3139312890662417,2
1771108982179,3.0553433987799266,-7.68797725994902,0.31583968660902556,2
1771108982285,-8.145991816443503,0.6364503670750108,-0.3578244325502708,2
1771108982392,7.761450458624493,-0.8530534348201277,-5.479961943278311,2
1771108982501,9.918892920246313,7.5954196589588845,-3.0811068723292143,2
1771108982609,-0.943702264741509,1.7671755910093396,0.5925572235909817,2
1771108982717,6.399809132013315,-2.5066794253946796,-0.18988548880592948,2
1771108982826,-5.768129758795265,0.6631679326739851,-0.20324427160541658,2
1771108982934,-13.379771117032929,-8.301526322902095,1.3864503879456622,2
1771108983042,-9.741412162210823,7.443702374472684,0.8416030495634245,2
1771108983175,17.714694961527737,12.27385506115479,-1.7547710069812443,2
1771108983251,-7.980915535714404,-1.654580135985091,1.4561068982572736,2
1771108983360,-2.180343445578637,3.333969440026372,1.7166030561255667,2
1771108983468,6.655534402746355,-1.804389343093625,-0.05820610504458836,2
1771108983576,14.520037901794355,-0.7767175331087728,1.2146946090951134,2
1771108983685,-1.0458015332804462,1.7719465848662992,-1.2309159882087763,2
1771108983793,-10.481870408810966,-0.6479007523317141,-1.790076361522746,2
1771108983894,-8.929388901034578,0.32061068046598523,-0.7337785883961355,2
1771108984003,8.122137380767233,0.4036259468966574,-0.5534351273247652,2
1771108984113,8.456107164197824,-7.8606871308492545,1.3053434923773475,2
1771108984215,-6.093511433118209,-2.4980915297304462,1.9561068410232374,2
1771108984319,0.0019083969174613804,6.3893128388062985,-0.08110686888788825,2
1771108984428,1.9541984434804536,3.7786258540516036,-3.937977155595763,2
1771108984536,3.4809160508207304,-4.861641139416335,-2.4589694868250827,2
1771108984645,-5.71946551473257,-2.9723282123905337,-0.4770992256134101,2
1771108984754,-10.854007289323588,-10.583968930297964,1.5706106441026004,2
1771108984861,1.3654580149750395,-3.821564692042535,2.0916030665608925,2
1771108984970,10.569656268892203,-3.0066793681606434,-0.5658397113528604,2
1771108985078,5.270038213572085,1.7948473553797057,-0.007633587669845522,2
1771108985180,-10.395038213892596,-1.9398855686312801,1.1335878202485046,2
1771108985287,-2.84255717948123,-2.178435048035853,2.0458015255340793,2
1771108985396,-15.234731821071563,-0.5200381703260473,1.529580096932747,2
1771108985503,-2.953244236962695,-5.370228977846533,-1.1440839000121101,2
1771108985604,4.382633569620994,-0.24522900420644864,-0.618320590418564,2
1771108985712,1.637404558100036,-10.38645010478495,-1.2461831685510474,2
1771108985825,-10.089694607047175,0.2499999980634083,1.7433206217245412,2
1771108985935,7.329198521905651,4.599236370561846,-1.0601145148513254,2
1771108986039,17.589693961980043,3.1049617348923073,-1.5410304821894503,2
1771108986184,-0.45706105141417946,7.4284351941304125,3.49332052812712,2
1771108986246,-4.838740368902929,-0.2872137234672674,-1.4618320908856253,2
1771108986356,5.629771043665139,7.1221374952353065,-1.2328243857515602,2
1771108986459,5.468511558021608,-0.6517175474172818,-0.40458014566804934,2
1771108986563,6.0477098920913965,1.576335836730952,-0.3625954264072305,2
1771108986673,-8.563931091756585,3.5772900200096105,0.3320610657226885,2
1771108986779,-12.819656331504156,-1.1431297012407182,0.725190852814461,2
1771108986881,3.668892888619825,-0.044847328915207846,-2.580152624070153,2
1771108986988,9.886450375462397,-2.644083835031707,-0.48473281578454563,2
1771108987097,10.83110651881018,0.011450381921649946,-1.1250000313059771,2
1771108987197,0.2748091661195987,8.956106893520376,3.935114452559881,2
1771108987305,-8.171755289992792,-13.748091629346806,3.062976988951062,2
1771108987413,-11.999999480156776,-1.470419773106447,-1.222328199266249,2
1771108987522,6.937976812191545,4.350190597950257,-3.564885542703221,2
1771108987631,9.902671220967532,-2.0667938985047023,-2.1708014578647177,2
1771108987740,-3.634541732849715,0.5658397113528604,0.01717557288247492,2
1771108987848,-13.036259559331832,1.48664115222011,1.9522900459376697,2
1771108987957,3.3568702105397787,-1.313931281319875,1.7633587959237718,2
1771108988064,-3.6507634321284956,-4.3120226470945795,-0.14885495497628937,2
1771108988195,-1.6612595273848345,0.011450381921649946,1.0362595455665269,2
1771108988298,7.701335402418272,1.7356870315534056,-1.094465670621435,2
1771108988406,-12.316793899145722,-2.351144918936088,2.0152671648495377,2
1771108988515,3.0372137288451855,2.3721372919067107,0.2499999980634083,2
1771108988625,-2.83969468988876,-1.9456107612596318,-0.30248090380953846,2
1771108988733,3.520992399219192,-6.040076301920261,-0.16125953900438456,2
1771108988840,4.4694657645393665,4.081106757861142,-2.455152691739515,2
1771108988947,-1.2862595169495088,-0.09732824133144458,-2.2977097877381394,2
1771108989049,-8.911259017656427,-6.910305154542885,1.0257633590812156,2
1771108989152,7.067747845100849,2.267175640497009,-0.09828244010283652,2
1771108989258,12.681297189487207,1.5887404207590472,-2.1545801854727604,2
1771108989365,0.6498091498744979,6.351144887950621,-2.573473339392115,2
1771108989475,5.234732538865465,-1.3711832076033912,-1.8167938204000145,2
1771108989582,-15.423663391250578,-9.26335868446517,1.063931309936893,2
1771108989691,-3.6307249377641475,3.1049617348923073,0.7519083650525824,2
1771108989792,4.792938827876116,-4.166030341793318,1.0725190988794204,2
1771108989900,13.20992309539493,3.979961901537008,0.29580151240979485,2
1771108990009,-3.9141218661458472,8.353053270000672,5.730915899989273,2
1771108990271,0.26335878086289544,-6.801526708047615,0.48187021947036984,2
1771108990272,0.26335878086289544,-6.801526708047615,0.48187021947036984,2
1771108990333,6.754771074971116,2.5715649418493314,0.3769083812976831,2
1771108990444,1.2175572054092894,-5.129770887455764,-1.2242365968090327,2
1771108990552,-11.000953686674535,-12.645038276504549,-0.9656488364835235,2
1771108990658,1.1469464963262859,2.767175583262973,0.8406488507920326,2
1771108990769,-8.507633257522754,-0.803435098707747,0.989503805768322,2
1771108990876,15.47232848908692,-0.8692748139337907,-3.0639312944441595,2
1771108990984,0.5333969531255345,-5.467557039085098,-0.927480885627846,2
1771108991092,-1.483778555905934,5.85019063969156,0.8062976950219228,2
1771108991198,-2.2881678000242203,2.912213796514547,0.5648855125814684,2
1771108991300,-3.21946558745934,1.8635496669199252,0.042938931372423966,2
1771108991409,1.6269083716147248,9.31011474442849,1.3301526604335379,2
1771108991520,-6.293892961667105,-1.7080152671830393,1.1288168263915448,2
1771108991626,0.4446564940665107,-1.3377862506046734,-0.5562977236389409,2
1771108991735,-12.897900417314883,4.352099208936452,1.5667938490170326,2
1771108991843,5.279579987842593,4.1631680656442605,-1.7423664229531493,2
1771108991956,11.429389255194632,3.756679175587883,-1.2146946090951134,2
1771108992060,-9.757633861489603,4.781488442619413,-1.485686953448718,2
1771108992233,3.3959922534451423,8.347327863928909,-0.4656488403567069,2
1771108992289,-4.743320491763735,8.503816889324009,1.0916030743072593,2
1771108992385,3.027671741131266,-6.333969523508978,-1.1125954472778818,2
1771108992495,-1.4904579473056776,9.37881705596871,0.8072518937933147,2
1771108992594,5.698473355205359,1.1030534595639625,0.24332060666366476,2
1771108992702,-3.6517175241781814,-2.1545801854727604,-0.18320611074639914,2
1771108992810,-3.2490458560941957,1.8940840276044673,0.004770992189433035,2
1771108992958,-10.413168097270747,-14.629770013452486,0.6164121928757801,2
1771108993020,-4.4980915142377125,-6.05248077922665,0.33110686695129654,2
1771108993131,-1.790076361522746,4.338740212693554,-0.6965648896727029,2
1771108993240,3.5753816224668267,-0.9045801151144395,-0.818702279050018,2
1771108993346,7.500953873869377,-9.08587792642968,0.19656488020567303,2
1771108993453,-9.117365952277085,7.0801527492940615,-0.09446564501726877,2
1771108993562,19.347328739214227,10.509542066459627,-4.725190608385582,2
1771108993670,2.502862630309112,3.2958014891706946,-2.1984733289567897,2
1771108993780,-8.763358955142616,-5.307251645491253,2.2604961423755596,2
1771108993887,-1.7242366462967023,-2.206106919127925,1.329198461662146,2
1771108993988,-6.738549375692336,-0.8120228876502744,0.2061068679195924,2
1771108994096,5.2013359020318655,-6.253816826712055,0.20515266914820046,2
1771108994201,1.0372137443379188,11.10591576497106,1.4026717670593252,2
1771108994304,1.159351080354381,-1.145992297554894,-2.939885454163208,2
1771108994414,-5.325381528869405,-0.11736640886056866,2.290076197567004,2
1771108994516,12.53435079213626,0.34828244483635146,-0.24809160052062443,2
1771108994621,-0.9770992217402268,0.8206106765928018,-0.8921755844471972,2
1771108994731,15.757634028454815,8.415076510306264,-2.560114556592628,2
1771108994839,-2.813931216339472,6.810114390268438,-1.0362595455665269,2
1771108994957,-10.856869992359469,-4.058205987347735,2.7862595586908117,2
1771108995049,7.694656331183646,-0.36164122763583856,-1.746183218038717,2
1771108995152,4.915076270614284,-5.373091680882414,-1.8740457466835307,2
1771108995255,-4.809160100268073,6.331106820473096,0.9809160168257945,2
1771108995364,-13.906487985067633,-1.109732850963706,1.3959923756595816,2
1771108995472,6.938931331128055,-1.2022900250670183,-0.9856870106827542,2
1771108995581,4.437022792868629,10.729007143549538,-1.3559160272611201,2
1771108995689,0.5019083936696005,-0.18034351443222332,-2.0515267181624313,2
1771108995799,-5.728053196953391,-1.2414121746940876,0.30438930135232234,2
1771108995906,-6.094465525167895,-4.810114619204582,0.26049618454871964,2
1771108996014,9.523854415446639,-2.9589694295910465,-1.5333968920183147,2
1771108996153,3.791984850294502,-4.5534352564218565,-0.34351145097939173,2
1771108996224,0.5448473383822376,-0.154580147604641,0.2891221210100513,2
1771108996324,3.5925569869084697,-7.946564806831118,-1.094465670621435,2
1771108996433,13.052480404836967,5.491412328535014,-3.224236688038005,2
1771108996532,1.4961831399340293,-1.499045736248205,0.5562977236389409,2
1771108996640,7.972328280380406,6.820610683475454,-0.5362595494397102,2
1771108996748,-18.608778676713456,-4.019083944442372,1.2910305108064684,2
1771108996857,-6.976144763047222,-8.534351250008552,-1.0171755701386882,2
1771108996965,6.226144742176571,-3.9866409727716343,-0.6011450125335092,2
1771108997074,-17.458014744971365,0.6688931253023367,3.379770981053185,2
1771108997185,3.893129706618636,8.36641226624357,0.20419847037680852,2
1771108997291,1.7242366462967023,-0.33874045712243206,0.9770992217402268,2
1771108997391,5.17175563339701,-7.471374032121345,1.1984732299814504,2
1771108997499,0.6106870002474285,0.3559160350074869,-0.35114504115052725,2
1771108997608,2.9866410872397067,-5.472328353107176,-1.161259477897165,2
1771108997718,7.487595731400124,-2.8759542432016536,-0.8750000065621423,2
1771108997824,-18.05725114651868,-0.14790075620489743,4.5772901189849495,2
1771108997967,4.7757634634344726,2.704198464351105,-1.9904579967933471,2
1771108998033,4.516221397615865,-2.09541986164646,0.38549617024021055,2
1771108998163,-8.692747605729378,5.50477089789109,0.15839694269020876,2
1771108998241,-11.250953978222634,4.455152676246781,-0.523854965411615,2
1771108998350,-4.463740358467603,-0.045801527686599786,1.1431297012407182,2
1771108998451,-0.6755725167020803,2.3482824293436177,0.2910305185528352,2
1771108998559,3.264312822993055,-7.938931216659982,0.22805342632139375,2
1771108998660,-2.8206107144609214,0.01622137411108298,2.6975189662296555,2
1771108998767,-9.44274762660003,0.540076344525278,-0.040076335058248154,2
1771108998871,0.9608778426265638,0.21278625931933598,-0.12499999903170415,2
1771108998985,-1.5839694269020874,-1.7175572548969589,0.9036259163430476,2
1771108999076,-1.1469464963262859,-1.9055344128611704,1.6259541728433327,2
1771108999204,1.994274791878915,0.5486641334678054,2.458015181331985,2
1771108999310,2.1555342775224466,-4.20324420059931,-1.3196564739482266,2
1771108999417,-7.720419804732934,0.8473282421917762,1.8206106154855823,2
1771108999526,-6.539121939193127,-0.4198473260103203,2.769083980805757,2
1771108999635,8.151717222515266,3.2032443150673826,0.479007623156194,2
1771108999743,6.76622146022782,-10.110687193461208,-0.07824427257371244,2
1771108999852,-16.138359018075082,-1.795801447429392,2.686068580972952,2
1771108999967,0.8129770864216663,-2.8463739745667977,-2.1717557633578153,2
1771109000068,-7.806297480714797,1.9866412017077795,-1.1173664411348416,2
1771109000172,4.953244221469961,2.3807251875709436,0.7795801294229485,2
1771109000301,1.3683206112892154,2.2795801178033983,-0.37499998375489924,2
1771109000402,-9.882633153490007,-7.403626239517634,-0.2290076250927857,2
1771109000503,-2.5963741099055215,-3.4589693723570103,1.7318702364678378,2
1771109000610,-6.194656289442343,-1.806297740636409,1.190839639810315,2
1771109000716,1.5181297116760437,-6.535305144107559,0.1288167941172719,2
1771109000823,1.5343510907897067,-1.3654580149750395,-2.8282443046320567,2
1771109000927,7.796755706444289,4.502862401372967,-0.39026716409717027,2
1771109001036,-4.653626020696304,1.3635496174322557,1.1984732299814504,2
1771109001169,-6.057251666361904,4.76335855924126,0.8750000065621423,2
1771109001253,1.5515266686747615,-1.4980915374768131,1.1135496460492738,2
1771109001363,-4.125954206838268,3.305343476884614,-1.451335904400314,2
1771109001469,-16.090648439175247,-2.826335907089273,1.5830152281306955,2
1771109001570,2.2251908945557637,-4.208969606671073,-0.030534350679382087,2
1771109001679,0.26145038332011156,-0.8549618323629117,1.2395037771513038,2
1771109001788,-3.975190587514931,-4.425572407611925,1.51622131413326,2
1771109001895,-7.255725323230178,-0.20419847037680852,0.42652671741006387,2
1771109002003,-2.4522899887036336,1.4914121460770695,-1.2490457648652231,2
1771109002156,8.210877759784978,2.776717570976892,0.8082060925647067,2
1771109002221,-0.7404579797958791,-4.0505723971766,-2.38167927962063,2
1771109002321,11.296755519249446,-1.0143129738245122,-0.5982824162193333,2
1771109002429,10.39026732675734,-5.682251655926579,-0.6393129633891866,2
1771109002539,3.9809159935866942,3.7938930343938746,0.9389312708845493,2
1771109002646,-0.24332060666366476,-4.389313067742443,-0.9484732585984686,2
1771109002756,-2.47232826962457,7.392175427374108,-0.29293891609561906,2
1771109002863,4.492366535052773,-2.761450390634621,-2.0152671648495377,2
1771109002975,2.766221277769875,0.6832061068732158,-2.1898854332925564,2
1771109003082,-7.590648771823631,0.6851145044159996,-0.10591603027397202,2
1771109003207,4.855916160231395,0.7595419552237179,2.4818702573384894,2
1771109003297,-4.256679331797258,-1.388358785488446,-0.4141221333819687,2
1771109003404,4.690839452615473,0.1669847316327362,-1.682251900355457,2
1771109003505,1.1727098631538682,-0.16793893040412813,-0.42652671741006387,2
1771109003614,-21.24045739410854,3.77957994610129,-0.24713740174923252,2
1771109003722,-5.808205893750315,2.103053451817596,0.15935114146160068,2
1771109003830,2.332060943508249,4.716602926164761,0.8759542053335343,2
1771109003968,3.0066793681606434,1.5677480477884245,3.2471374585514114,2
1771109004048,0.9904580045397139,-4.061068690383617,0.8673664163910069,2
1771109004180,16.826334944866492,12.056297314390607,-1.6145037875866295,2
1771109004256,-2.958015124097949,5.190839608824848,-3.923664067303178,2
1771109004365,5.509541785026344,-4.738549604628481,-2.538167878128908,2
1771109004464,5.054389077794095,4.179389338036217,0.5639313138100764,2
1771109004572,13.25381645232237,-7.387404540238854,-2.807251931661434,2
1771109004681,-12.637404686333413,-0.509541983840736,0.6116411990188204,2
1771109004789,-12.794847376891378,-5.053434985744409,0.587786229734022,2
1771109004902,-5.682251655926579,-1.5639312527028568,-1.4933205436198533,2
1771109005007,15.144083257954447,5.259541920365067,-0.648854951103106,2
1771109005161,-0.942748065970117,1.0333969492523511,-1.281488523092549,2
1771109005224,-4.633587526331956,-0.041030533829640094,-0.02576335848994905,2
1771109005324,5.336831914126109,-1.36068702111808,-0.05438931329407391,2
1771109005431,8.332060683586636,-0.895992326171912,0.8931297832185892,2
1771109005532,-4.901717274371385,-2.5543893639642765,1.561068656388681,2
1771109005644,7.653625677292087,7.436068784301549,-1.0229007627670397,2
1771109005749,14.951335319576687,-7.500953873869377,-1.9456107612596318,2
1771109005857,8.467557122567705,-3.1555343764977857,-2.0811067733538753,2
1771109005979,10.63931309936893,-2.8463739745667977,-0.679389311787648,2
1771109006066,2.040076332905728,0.46278624404253105,0.5143129776976957,2
1771109006195,11.306297293519954,-5.332061026990854,-3.928434954438432,2
1771109006299,3.55248085195342,2.47519075921704,2.0181296544420078,2
1771109006400,3.495228925669904,-0.726145051585853,1.5276716993899633,2
1771109006508,-3.4083969441949433,9.048663640736866,-0.7509541662811904,2
1771109006616,8.190839692307454,1.7824427713516104,-1.790076361522746,2
1771109006725,4.491412016116263,2.802480831082769,-1.9188931956606576,2
1771109006833,4.615458069840627,-0.8368320557064648,0.6517175474172818,2
1771109006974,2.206106919127925,1.420801543715772,-1.6574427322992666,2
1771109007043,6.949427197448249,1.2166030066378972,0.6269083793610915,2
1771109007168,-14.533396044263606,0.43988550020955103,-1.2757633304641975,2
1771109007260,1.7232824475253103,-2.8406487819384463,-1.4274809351155155,2
1771109007368,-9.824427135156805,-2.981870200104453,0.4646946415853149,2
1771109007476,-12.854007060387444,-1.0152671725959042,-0.3740457849835073,2
1771109007579,-1.791984652343824,-7.16221405707718,-0.3234732767801611,2
1771109007684,17.476145482123165,0.897900723714696,1.161259477897165,2
1771109007784,-17.411258685008043,2.5400762756716917,0.6164121928757801,2
1771109007885,2.392175572827647,0.46183204527113914,-0.9141221028283589,2
1771109007992,19.589694586817544,-1.159351080354381,-0.18606869372036172,2
1771109008100,1.2022900250670183,3.811068825722341,0.2528625943775841,2
1771109008210,-13.152671595998237,-1.4131679535446364,-0.9408396684273331,2
1771109008310,-4.007633559185669,-1.9513359538879835,-0.540076344525278,2
1771109008418,10.710878113945032,2.040076332905728,-0.05534351206546585,2
1771109008527,-4.3301525304727315,-1.54580147604641,2.07061069359027,2
1771109008635,-7.059160162880027,3.4265266141296844,2.038167935362944,2
1771109008744,5.094465639635968,-3.2977098867134784,-0.21374045809072792,2
1771109008853,4.218511380941581,-0.37022898989793956,-2.320610558251546,2
1771109008988,-2.912213796514547,0.3893129653257783,2.527671798365302,2
1771109009069,-2.085877873932541,-2.0343511402773764,-0.634541969532227,2
1771109009182,4.581106914070517,-0.8082060925647067,-0.40839694075361704,2
1771109009285,-2.0372136298698464,-0.018129769986340204,2.502862630309112,2
1771109009394,14.291984715596799,2.2633588454114415,1.3807251953173105,2
1771109009502,4.056297803248363,3.6421753230208505,1.0620229123941092,2
1771109009611,-4.732824198556718,0.4322519100384155,0.4141221333819687,2
1771109009712,-9.067748043051527,-3.536259579561463,0.08778626028763181,2
1771109009820,5.40839692870221,-1.6192747814435893,-0.20515266914820046,2
1771109009928,0.339694655893824,-8.00477082516432,0.2786259612051664,2
1771109010036,-20.779580134578172,5.521946689219556,2.3406488391724825,2
1771109010197,10.19274764747068,-1.6145037875866295,-0.9017175188002637,2
1771109010272,2.577290134477683,-2.1727098554075015,-0.0066793893153352475,2
1771109010346,-3.882633413411619,3.2977098867134784,-2.012404461813656,2
1771109010453,-11.190839775790058,1.3854961891742703,-0.12690839657448802,2
1771109010562,4.164122157693947,2.575381736934899,0.7528625638239743,2
1771109010662,10.150763328416259,1.8568701687984759,1.5076335251907325,2
1771109010770,-8.166030737694674,0.11164122290232364,0.26049618454871964,2
1771109010879,-5.581106799602445,-3.0248090380953845,0.9045801151144395,2
1771109010979,0.8854961930474536,-1.8024809455508413,-2.1879770357497725,2
1771109011088,6.757633351120175,0.8320610618495051,-1.2509541624080072,2
1771109011212,-5.802480914565375,6.752862463984921,0.6841603056446077,2
1771109011316,3.4341602043008197,-0.7204198589575014,0.8864503918188456,2
1771109011421,-6.4007632240630015,4.065839577518871,-0.2185114519476876,2
1771109011529,4.017175333456176,2.9608778271338303,-1.3158396788626587,2
1771109011631,1.9780533060435461,-4.543893055264526,1.0267175578526075,2
1771109011738,-5.199427291045669,3.1879771347251116,0.020992366300516017,2
1771109011846,1.2080152176953698,-2.1708014578647177,0.5763358444773188,2
1771109011976,-14.120228509859427,-5.1040074139064755,0.7452289736528388,2
1771109012055,0.26145038332011156,-2.939885454163208,-1.4093511584590688,2
1771109012161,-7.958969284137507,-1.420801543715772,-0.5954198199051575,2
1771109012263,5.0925570286497726,-3.5744275304171405,-2.0047708716425205,2
1771109012371,-4.2108777907704456,2.6641221159526434,3.5047709133838234,2
1771109012481,-14.977098793125975,-1.2137404103237215,0.6727099203879044,2
1771109012588,7.93702303256061,1.1202290374490174,-0.015267175339691044,2
1771109012707,6.285305279446283,-4.596374094412789,-0.8501908385059519,2
1771109012806,4.04484741799166,-1.6049617998727101,-2.0916030665608925,2
1771109012917,-17.637404540879874,-2.3158396711162923,6.813931185354005,2
1771109013014,0.4685114366708827,-17.75190753967326,6.620228728039736,2
1771109013167,-10.452289713289288,-0.42461831986728,-5.907442565975076,2
1771109013223,-14.805343441162249,13.374045710961166,-4.248091649576437,2
1771109013332,5.606870273151733,-0.2624045820915035,0.10782442781675589,2
1771109013433,6.61354965680511,-8.828244044710445,2.181297751071735,2
1771109013540,12.9933207213409,-5.538167961611514,1.9885495992505633,2
1771109013648,-21.283397085873116,-4.95992371959141,1.9503816483948857,2
1771109013756,-1.8530533737129082,0.7738549367945969,-4.640267024453406,2
1771109013857,16.90076351625212,5.841602957470738,-4.575381507998754,2
1771109013985,8.515266847693889,-7.318702228698634,1.9303435809173608,2
1771109014066,8.833014931845698,5.4417939924226335,3.076335771750549,2
1771109014193,0.22805342632139375,9.143129425826373,1.2576335538077505,2
1771109014274,-10.338740379658764,-0.942748065970117,0.5448473383822376,2
1771109014384,-21.51240479100718,-10.911259642493928,3.354007507503897,2
1771109014483,14.518128863921335,-1.4895037485342857,-1.681297701584065,2
1771109014583,7.599236880931276,6.446564765089815,0.17557252057526362,2
1771109014690,1.836832101320951,-4.188931112306725,-0.1498091537476813,2
1771109014799,1.4580152958000576,8.357824157135925,2.3587785091072235,2
1771109014909,9.925571991480938,3.397900650987926,-2.0820610788469733,2
1771109015016,1.6345419617858603,1.2776717280069814,1.5438930785036262,2
1771109015136,-11.671755956571596,0.28530532592448354,-0.5429389408394538,2
1771109015225,3.714694429646638,-1.606870197415494,-2.012404461813656,2
1771109015333,-13.85019100460745,-0.5658397113528604,2.8979007082219623,2
1771109015442,16.323472512508058,0.8816793979618859,-1.8435113859989887,2
1771109015551,-1.6631679249276183,1.6020992035585344,-1.3835877916314865,2
1771109015659,-4.561068419706169,-3.6249999585792074,-1.7795801750374347,2
1771109015769,-7.7280533949040695,-0.07824427257371244,-0.5562977236389409,2
1771109015876,13.509542149942233,-2.1984733289567897,-4.338740212693554,2
1771109016030,8.076335839740421,1.499999935019597,-1.66889311755597,2
1771109016092,15.790075719465083,10.92938952587208,-2.907442695935882,2
1771109016204,2.5066794253946796,-1.6049617998727101,-2.7681296753126587,2
1771109016294,-5.688931154048028,-6.835877863817726,0.28530532592448354,2
1771109016401,7.557251708103207,6.439885266968365,1.08206108659334,2
1771109016510,3.1708015568400567,-1.0267175578526075,0.4875954120987214,2
1771109016617,-8.222327718154858,-5.003816649632029,-0.39312976041134606,2
1771109016725,-7.782443045038527,-3.721373927768087,-0.42080152478171223,2
1771109016834,-1.4083969596876769,-0.6927480945871352,-2.809160329204218,2
1771109016946,-0.9103053077427912,-1.82156492097868,0.9589694450837799,2
1771109017051,-5.612595252336673,-7.756679571489239,0.6841603056446077,2
1771109017182,-12.486641067010076,1.1440839000121101,0.9303434819420218,2
1771109017260,15.028625740224552,-6.656488494796041,-3.013358652838681,2
1771109017369,-4.454198584197095,4.929389358906869,-0.10209923518840426,2
1771109017478,-0.2643129796342874,1.4026717670593252,-0.47996182192758596,2
1771109017577,9.47423650622108,-0.8416030495634245,-1.8816793368546663,2
1771109017687,18.97328196705494,2.949427441877127,-2.6354961528108856,2
1771109017785,-8.859732924331496,-5.905534381875704,0.16316793654716844,2
1771109017895,-10.746183361764828,0.1727099242610878,3.693702270119427,2
1771109018002,-3.9322517495239997,7.624999500706918,2.8654579499946364,2
1771109018138,1.1545800864974214,5.320610641734151,1.2624045476647103,2
1771109018220,8.086832132947437,1.2958015046634281,-0.5543893260961571,2
1771109018328,21.368320242918468,-0.7337785883961355,-0.5973282174479414,2
1771109018436,-3.7490455854167477,-5.6641221994352495,-1.7337786340106218,2
1771109018546,2.87690833525134,-1.1536258877260295,-2.5438930707572593,2
1771109018652,-12.090648897047538,-4.340648823679749,1.0305343529381752,2
1771109018763,-3.319656351733787,1.7509542118956767,2.2299617816910176,2
1771109018863,-1.3196564739482266,-1.269083939064454,-0.22996182386417763,2
1771109019014,-3.2404579604299624,-3.862595345934094,-2.088740363525011,2
1771109019079,-11.876908372255745,0.8463740434203842,-1.4770991645061904,2
1771109019180,4.254770720811063,-1.5734732404167762,-1.685114496669633,2
1771109019286,-2.4541983862464174,-10.161259621623277,-0.9217556929994943,2
1771109019395,-7.7099235115259175,2.153625879979663,-1.5438930785036262,2
1771109019495,3.028625833180952,-8.121182861830725,1.467557176792271,2
1771109019604,-0.01622137411108298,-2.4522899887036336,-0.6822519081018238,2
1771109019712,-1.3492366358613765,-6.336831799658036,0.16125953900438456,2
1771109019820,10.270992587055055,1.206106820152586,-0.7156488651005416,2
1771109019920,-14.603053728513983,-4.2223281760271485,1.125954230077369,2
1771109020021,2.4351144108185787,-7.770992232895001,-2.3082060809451566,2
1771109020128,13.598282528959977,2.5085878229374634,-0.9541984512268202,2
1771109020264,9.421755893959642,1.9236640827959115,-3.061068591408278,2
1771109020337,-10.38645010478495,-2.9837785976472366,1.463740488428409,2
1771109020446,7.696564515283018,-0.12309160148892029,0.03721373874407234,2
1771109020554,10.45896963829756,-0.44370229529511873,1.5849236256734796,2
1771109020662,6.781488640570091,-1.5820610293593036,0.9723282278832671,2
1771109020771,-6.207060766748732,-8.895991837314154,0.18320611074639914,2
1771109020874,-12.658396418973801,-7.109732591042094,1.4780533632775825,2
1771109021007,-6.039122209870575,2.8692747450802045,-2.0028624740997367,2
1771109021089,-4.946564723348512,2.6402670399461394,0.9322518794848057,2
1771109021212,2.291984595109788,-2.885496230915573,-1.6259541728433327,2
1771109021313,6.711831810093362,2.7423664152067824,-2.6354961528108856,2
1771109021417,-3.8301528011501795,3.3606870056253464,-0.5477099346964135,2
1771109021523,6.3654579762432055,3.2977098867134784,-2.6946564766371854,2
1771109021630,9.545801520797182,9.408396897716743,-1.809160230228879,2
1771109021741,4.529579966971941,3.649808913191986,-0.8673664163910069,2
1771109021847,5.126908184419882,-7.43797696840092,-1.5248091030757873,2
1771109021955,10.68034375326049,-2.160305378101112,-0.5057251887551683,2
1771109022065,-23.31011399564912,-3.603053280115487,3.4064885466521595,2
1771109022192,-23.4866402347481,-9.36164083775342,0.7385495822530952,2
1771109022297,-13.655534028356671,-1.2242365968090327,0.941793867198725,2
1771109022406,-15.94561107969732,-6.568702207827982,0.9131679040569669,2
1771109022506,9.482824615328726,-4.99427487536152,-1.1641220742113407,2
1771109022615,2.761450390634621,-3.4570609748142265,-2.982824292154139,2
1771109022723,-0.7309160454428126,-0.5820610371056704,-1.1001908632497868,2
1771109022831,8.156488109650521,6.160305133672233,1.0677481050224609,2
1771109022940,-3.369274687846168,-1.8921756300616834,1.900763312282505,2
1771109023052,-4.529579966971941,3.7652672846955277,2.193702228378124,2
1771109023167,2.488549542016527,9.530534340454912,-1.1822518508677875,2
1771109023273,-4.637404321417524,-5.376908475967982,-0.4427480965237268,2
1771109023382,8.455152645261315,-2.110687041988731,-0.6660305289881608,2
1771109023483,1.8587785663412597,-1.7977098449721758,-1.5877862219876553,2
1771109023590,-6.2566791028611135,8.71183200804404,2.899809105764746,2
1771109023692,2.3721372919067107,-2.905534298393098,0.1288167941172719,2
1771109023799,-8.02003800550659,-3.729007517939223,0.270038172262639,2
1771109023900,16.20992403265118,3.9360685446095673,-2.370228894363927,2
1771109024029,-4.698473042786608,-4.971374104848114,0.7528625638239743,2
1771109024150,-3.5591603500748694,-7.9933208667944395,-0.8043892974791389,2
1771109024224,-8.485687005945856,-1.3377862506046734,0.6020992113049011,2
1771109024333,0.6507633486458899,-9.731870387940315,1.902671709825289,2
1771109024433,-1.7232824475253103,-0.5830152358770623,0.6708015228451206,2
1771109024541,-8.466602603631195,-0.8263358692211535,0.7690839429376373,2
1771109024649,-0.339694655893824,4.861641139416335,-1.17366406192526,2
1771109024751,-3.2872135935064613,-9.577289546644588,-0.5610687174959006,2
1771109024858,-0.3683205923551557,-3.545801567275382,-2.2938929926525717,2
1771109024966,4.668893201038576,-8.233778530298386,-2.7414121097136848,2
1771109025075,-6.141221158244395,-1.4952289411626374,0.4895038096415053,2
1771109025185,1.975190816451076,-1.0543893222229737,0.6917938958157432,2
1771109025292,3.7318702209751042,3.4790076532779466,0.0667938939871158,2
1771109025400,5.682251655926579,-3.5438931697325984,2.0820610788469733,2
1771109025509,13.449427093736013,1.1574426828115971,-1.5715648428739923,2
1771109025617,10.072519242605532,10.214694752821224,0.743320576110055,2
1771109025726,1.8797709393118824,4.136450500045286,1.809160230228879,2
1771109025836,-7.838740025498711,3.9627861102085418,1.69847327946912,2
1771109025942,-0.7442747748814469,1.1192748386776254,0.1469465574335055,2
1771109026051,3.2528626511797634,-2.2662213350039115,-4.266221106067766,2
1771109026184,-5.259541920365067,2.1574426750652305,-1.0305343529381752,2
1771109026260,-3.256679446265331,0.3425572522079998,-2.829198396681743,2
1771109026369,0.6221373855041318,-6.384541951671045,-2.190839738785654,2
1771109026478,-7.872137089219135,-3.4160305343660786,0.6593511375884173,2
1771109026584,1.4169847486302043,-9.200381778996713,-1.8082061381791927,2
1771109026694,-2.270038130089479,0.4112595370677929,-0.04770992189433035,2
1771109026801,0.8177480802786261,-2.0486640151265494,2.545801468300043,2
1771109026912,-0.6240457830469156,-2.9895037902755885,-0.8654580188482229,2
1771109027020,1.0238549615384318,0.1879770912631456,-1.5496182711319777,2
1771109027138,6.576335797999119,0.5267175617257909,-0.6354961683036189,2
1771109027227,1.6345419617858603,-1.4398855191436106,-1.5687022465598166,2
1771109027335,-0.818702279050018,-6.816793888389887,-1.8969465171969373,2
1771109027437,-1.4093511584590688,-3.9465648378165845,-1.4532443019430978,2
1771109027536,-3.359732700132249,-0.7118320700149738,1.2585877525791425,2
1771109027646,15.541984465790001,-3.239503868380276,-2.9446563412984617,2
1771109027755,-2.133587812502138,5.228053467630839,-0.3759541825262912,2
1771109027861,-10.320610496280612,-2.44083960344693,2.873091540165772,2
1771109027961,-5.673663973705757,2.5467557737931408,1.0372137443379188,2
1771109028069,10.544847314279423,-5.395992451395821,-2.826335907089273,2
1771109028183,-2.6145037798402626,-1.3072518899201313,-2.115457929123985,2
1771109028286,11.142175531727364,5.949427311916321,-1.6583969310706586,2
1771109028395,-2.302480888316805,-2.3406488391724825,-0.2337786189497454,2
1771109028495,10.898855165187538,-3.6650760935342572,2.4284351261405406,2
1771109028603,-18.999045440604228,-1.221374000494857,3.6669847045204524,2
1771109028705,7.9608774682368795,-0.38358777269742667,-2.2461832675263866,2
1771109028812,8.969465889763274,-3.3807250731028713,-1.0906488755358674,2
1771109028920,-0.4914122071842892,-4.849236662109946,-1.8120229332647606,2
1771109029033,-11.34351157921277,1.6517175396709152,0.47328243052784236,2
1771109029180,11.930343503453694,-2.7433205072564686,-1.8139313308075444,2
1771109029231,1.652671738442307,0.7700381417090292,-1.2070610189239779,2
1771109029337,-6.999045533560629,-4.199427405513743,-1.1488548938690697,2
1771109029445,-2.6030533945835597,0.8750000065621423,0.10687022904536396,2
1771109029546,2.296755695688453,-3.4045801491093757,-1.7843511688943945,2
1771109029654,2.56870223881345,0.1335877879742316,-1.4446565130005704,2
1771109029763,-6.219465670941945,-7.751908684353985,0.8587786274484794,2
1771109029863,1.1011450620211787,-6.928435037921037,0.30248090380953846,2
1771109029970,-8.623091629026295,-1.3215648714910104,1.9265267858317932,2
1771109030126,5.396946543445506,-1.3387404493760653,-0.5801526395628865,2
1771109030222,8.909350833557054,3.9055341839250253,-0.3816793751546428,2
1771109030298,12.012404811236811,0.30534350012371425,-1.36068702111808,2
1771109030396,-0.5372137482111022,-4.007633559185669,1.2881679144922926,2
1771109030506,-6.3349236155586635,-2.236641279812467,-0.39599235672552185,2
1771109030613,-5.275763192757025,-3.3444655197899777,-0.2576335882345438,2
1771109030714,7.853053540678119,2.542938978707573,-1.2853053181781169,2
1771109030822,7.333014890104396,2.53148859345087,-2.6040077000766573,2
1771109030929,7.234732736816143,4.4694657645393665,-0.7404579797958791,2
1771109031032,-16.502862308416567,2.3272900563729952,4.342557007779122,2
1771109031194,-0.7185114614147174,-6.068702051618607,-0.8530534348201277,2
1771109031240,7.20229019203223,2.502862630309112,-0.5314885555827505,2
1771109031347,8.46278623543245,1.776717578723259,-0.7566793589095421,2
1771109031456,-6.827290181596903,-8.416984694405636,1.3549618284897282,2
1771109031564,-5.62309154554369,-2.354961714021656,-0.36354962517862244,2
1771109031666,-2.929389374399602,-6.938931331128055,-0.6526717461886737,2
1771109031771,17.225190671638558,-11.417938443051106,-3.2709923211145044,2
1771109031873,-7.785304894300762,-3.0791984747864305,1.6364503593286441,2
1771109031981,-7.538168159562192,-5.931297428538168,-0.9694656315690913,2
1771109032091,-10.394083694956086,-4.5229008957373145,2.0066792691853044,2
1771109032238,3.958015223073288,-4.875000135659234,-1.9570609330729236,2
1771109032305,3.9723283113658727,2.1087786444459473,0.2862595246958755,2
1771109032407,3.5248091943047597,-2.969465509354652,-0.3120228915234578,2
1771109032515,-9.339694586176524,-8.335877905559029,2.1593510726080143,2
1771109032615,-0.6975190884440948,1.0181297689100801,-1.963740431194373,2
1771109032724,-4.740457788727854,-5.5916030928094616,-0.7566793589095421,2
1771109032824,-9.69561062118401,-3.769084079781096,-1.1335878202485046,2
1771109032932,0.10973282535953977,-4.937977041127691,-2.101145054274812,2
1771109033033,-19.269083799629854,-3.943702134780703,3.492366436077434,2
1771109033158,-15.442748647338886,-3.0744273742077652,1.8893129270258018,2
1771109033249,-5.478053332292116,-3.7643127657590187,0.16030534023299262,2
1771109033357,-7.484733028364243,-1.4608778921142334,2.887404628458357,2
1771109033458,7.9083968559754405,-9.312022928527863,-4.501908309323281,2
1771109033566,3.836831872384806,-5.607824365201419,-2.5219466057369506,2
1771109033674,-11.200381550060566,1.8101145357219768,-1.4312977302010832,2
1771109033784,-12.886450458945003,-5.948473219866635,-1.11164124850649,2
1771109033891,4.707061151894253,-0.7938931109938276,-1.3520992321755525,2
1771109033999,10.34351126679402,2.2748092306681444,0.6479007523317141,2
1771109034107,2.32251895579433,-2.656488525781508,-1.6937022856121604,2
1771109034230,-3.152671673461904,-0.46087784649974717,0.49809159858403274,2
1771109034334,-7.9265267393535925,-1.9914120888430333,0.8921755844471972,2
1771109034442,-7.9914118289214215,-5.276717284806711,0.30343510258093037,2
1771109034550,8.590649084242381,7.735686985075205,-2.062977103419134,2
1771109034660,3.8339695962357476,-1.7204198512111346,-1.622137377757765,2
1771109034768,-2.4007632550484685,-3.8377863913213153,2.8482823721095816,2
1771109034875,0.726145051585853,-0.664122131445377,1.359732822346688,2
1771109034983,8.526717659837416,0.8931297832185892,-0.6631679326739851,2
1771109035092,12.291030425596434,3.949427540852466,-1.66889311755597,2
1771109035200,12.015266660499046,6.306297438973494,0.1908396875773214,2
1771109035309,4.616412161890313,2.956106726555165,-0.7662213466234614,2
1771109035409,12.874045981638615,0.6603053363598093,-1.2280533918946006,2
1771109035517,8.258587484911164,4.08492355294671,-1.1068702546495304,2
1771109035619,8.192747876406825,1.5248091030757873,0.26145038332011156,2
1771109035726,7.106870314893036,-0.9751908241974429,-2.3482824293436177,2
1771109035834,-1.358778623575296,3.4809160508207304,1.4980915374768131,2
1771109035944,-6.318702343166707,-0.4875954120987214,2.253816857697522,2
1771109036056,-7.268129800536567,-0.5763358444773188,2.362595304192791,2
1771109036165,-2.0543892077549013,2.2833969128889664,-2.907442695935882,2
1771109036269,-0.08778626028763181,0.3139312890662417,-0.06393129767293998,2
1771109036378,18.91889317069413,15.15076318296272,-2.9723282123905337,2
1771109036485,9.071564411250272,-4.240458059405301,5.796755508493611,2
1771109036587,7.823472845156441,5.5362593506253175,3.000954175532292,2
1771109036693,0.05248091575129004,-1.8883588349761156,-0.8578244286770874,2
1771109036801,-9.36164083775342,6.476145033724671,0.1622137377757765,2
1771109036904,8.74332088766509,2.5286258904149883,-3.4532441797286584,2
1771109037054,4.806297824119015,3.2700380156214064,-0.13167939043144772,2
1771109037134,-2.1822518431214206,-4.898854998222327,1.60973279372967,2
1771109037221,5.13167949844196,-1.4217557424871639,0.5687023076670361,2
1771109037322,2.6450381405248047,5.867366431020026,-0.11259541500360896,2
1771109037429,8.704198417872904,3.309160271970182,-0.9780534205116187,2
1771109037536,9.788167368400499,-2.121183121752337,-2.16412217318668,2
1771109037644,-0.5639313138100764,4.495228811201831,-0.8101144901074906,2
1771109037753,-4.591602780390711,-0.5601145187245087,-0.12404580026031221,2
1771109037861,1.0324427504809592,6.95228990048413,1.981870101129114,2
1771109037972,-6.783396824669463,-3.970419700379677,4.030534329699075,2
1771109038078,2.5973282019552077,-2.0477099230768636,-3.178435147011192,2
1771109038182,1.578244234273736,-0.043893130143815906,0.24236640789227282,2
1771109038288,-9.907442961876432,-4.7204197212503285,1.0534351234515817,2
1771109038397,-2.577290134477683,-1.0305343529381752,-0.1106870241309317,2
1771109038503,6.541030550179323,1.66889311755597,-1.2938931071206443,2
1771109038604,-3.508587708469391,4.489503832016891,-0.987595408225538,2
1771109038705,-7.605915952165901,0.7480915699670146,1.9742365109579785,2
1771109038813,-1.2862595169495088,-3.0706105791221976,2.8463739745667977,2
1771109038921,2.859732757366285,-5.455152561778709,1.9322519784601446,2
1771109039040,-6.150763359401726,7.558206227039716,0.09064885660180763,2
1771109039176,3.24141226592306,-0.9780534205116187,-3.0190838454670326,2
1771109039237,2.558206159049844,2.4942747346448786,-3.4312977147083497,2
1771109039338,-7.137404675577578,4.857824344330767,1.606870197415494,2
1771109039446,9.285304936042065,7.754770533616221,-1.2452289697796555,2
1771109039555,-2.5677481467637637,-1.470419773106447,1.2404579759226957,2
1771109039663,-7.796755706444289,-7.239503623951397,1.4312977302010832,2
1771109039763,-10.351144856965155,5.116412318099688,0.8148854839644503,2
1771109039873,3.043893013523223,3.0925572575859177,-1.2309159882087763,2
1771109039972,-8.187022470335062,-2.251908460154738,0.2795801599765584,2
1771109040081,5.219465358523195,-2.1421754947229594,-2.9131678885642334,2
1771109040182,-3.355915905046681,1.343511443233025,0.18702289249175366,2
1771109040290,10.281488026488425,2.8826335278796913,-0.9093511089713991,2
1771109040398,4.698473042786608,4.049618305126914,1.6870228942124168,2
1771109040505,0.9456106622842928,2.7414121097136848,-0.9465648610556847,2
1771109040615,-1.9456107612596318,1.546755674817802,-0.7395037810244872,2
1771109040722,-1.0524809246801898,0.24236640789227282,0.6249999818183075,2
1771109040833,-1.6583969310706586,-2.2767176282109283,-0.354961836236095,2
1771109040939,-2.121183121752337,-4.069656372604439,-0.7690839429376373,2
1771109041057,2.739503712170901,1.2290075906659925,-4.11259521059537,2
1771109041182,8.438930945982534,-2.6669846055451134,-1.0305343529381752,2
1771109041264,4.538168076079586,-4.14694636636548,-0.7843511232799083,2
1771109041365,-2.0591603083335666,-1.0057251848819848,-0.6297709756752673,2
1771109041473,-18.230915536355425,-2.3416029312221687,1.1860686459533554,2
1771109041574,-4.043892899055151,9.083969742330307,0.00954198437886607,2
1771109041681,9.609732945202147,-0.004770992189433035,-3.3606870056253464,2
1771109041790,1.2557251562649667,-2.1202290297026507,-1.5725190416453843,2
1771109041891,-13.255724636421743,-1.175572459468044,1.3826335928600944,2
1771109041998,-1.7538168082098524,2.691793773601304,0.21374045809072792,2
1771109042098,18.124045273959528,4.3339693255583,-1.8482824865776541,2
1771109042209,-16.78148792277619,0.70992367247219,3.8454199814924506,2
1771109042315,-9.45896932587881,0.8769084041049262,1.9866412017077795,2
1771109042423,-9.164122012240407,2.3959923679132147,3.0706105791221976,2
1771109042531,1.094465670621435,5.493320512634386,-0.27099237103403095,2
1771109042640,7.672710079606749,-2.715648849607808,-0.9494274573698606,2
1771109042748,2.520038208194167,0.1440839611193297,0.8263358692211535,2
1771109042857,0.36068702886444665,-5.982824375636745,-2.965648714269084,2
1771109042965,-4.318702145216029,-6.258587713847309,0.08206106765928019,2
1771109043086,-3.387404571224321,0.5572519224103328,-1.4818701583631502,2
1771109043204,-8.895038172151292,0.7862595208226921,0.8511450372773439,2
1771109043310,-8.174617993028674,-2.861641154909069,0.06774809275850774,2
1771109043417,-1.9198472877103439,-3.4370229073367016,-0.5467557359250216,2
1771109043524,-8.758588068007363,-1.4217557424871639,1.1164122423634497,2
1771109043630,-1.7032442733260797,1.5505724699033696,0.818702279050018,2
1771109043733,-5.224236672545271,4.134541889059091,1.2996182997489958,2
1771109043834,1.0419847381948786,-6.129770772987691,-1.6135495888152376,2
1771109043941,-10.903626052322792,-1.1650762729827326,1.1631678754399488,2
1771109044071,-8.432251874747909,5.5391220536612,2.2127862038059627,2
1771109044169,5.551526530967589,-3.1431296857479847,-0.08587786274484793,2
1771109044258,-19.18225160471148,1.7089694659544314,1.2566793550363586,2
1771109044367,0.7977099060793954,-0.3692747911265476,-1.0257633590812156,2
1771109044467,14.297710121668562,-6.721374011250693,-3.2528626511797634,2
1771109044576,-8.045801479055879,-0.7709923404804211,1.4914121460770695,2
1771109044683,-3.6803432738765283,0.20706106669098434,0.15362594883324907,2
1771109044793,8.11736649363198,-2.012404461813656,-0.6402671621605786,2
1771109044899,-7.226144627708499,8.028626114614235,2.239503769404937,2
1771109045001,-2.3416029312221687,-1.5219465067616116,2.2576336527830896,2
1771109045163,5.512404488062225,1.0419847381948786,1.2166030066378972,2
1771109045217,-14.554388630677641,-8.47805341577472,5.205152697117433,2
1771109045318,-12.518129946631127,5.3749998649817865,2.16412217318668,2
1771109045426,6.45419835526095,-6.518129779665916,-2.147900687351311,2
1771109045535,5.75381667050268,-1.8139313308075444,1.8129770253144468,2
1771109045644,-3.505725218876921,-10.148855144316887,0.00954198437886607,2
1771109045751,-2.971373906897436,-0.5744274469345348,0.043893130143815906,2
1771109045860,5.921755654267661,2.1440838922657433,-2.927480976856818,2
1771109045969,-9.858778717813738,-1.1087786521923142,0.11736640886056866,2
1771109046081,-21.152670680253657,-0.4475190903806865,2.316793763165978,2
1771109046203,-8.910305352493562,0.7375953834817033,3.565839634752907,2
1771109046285,7.093511318650137,0.5772900432487107,1.6736641114129296,2
1771109046394,-2.8301527021748405,6.042939004956143,1.3816793940887024,2
1771109046502,-7.356870179554312,-2.9875953927328047,-0.46183204527113914,2
1771109046610,-9.52767163741903,-5.436068586350871,-0.4866412133273295,2
1771109046719,6.669847064152116,-1.435114525286651,-2.7958015464047308,2
1771109046828,8.03339700174949,6.966602988776715,0.8358778569350729,2
1771109046936,-13.100190983736798,5.426526812080362,2.141221402673273,2
1771109047045,-14.447518368281743,-4.9541983135196475,0.5648855125814684,2
1771109047172,-3.5896947107594115,5.182251926604026,-0.8530534348201277,2
1771109047261,8.224236756027878,0.8921755844471972,-0.9637404389407397,2
1771109047369,10.887404353044012,-4.209923698720759,-0.45992364772835526,2
1771109047478,17.755725615419298,2.221374099470196,-1.7194656524397427,2
1771109047587,-12.36641180837128,0.1259541978030961,2.802480831082769,2
1771109047694,8.345419679829536,5.4656488549857265,-0.4990457973554247,2
1771109047795,10.203243940677698,2.158396980558328,-0.4742366292992343,2
1771109047904,-5.397900635495192,-2.141221402673273,-0.6879771007301755,2
1771109048011,4.691793971551982,2.6192746669755165,-2.6020993025338734,2
1771109048113,5.08110664339307,3.36259540316813,-0.044847328915207846,2
1771109048242,-11.482824386392581,-5.634541930800394,0.5229007666402231,2
1771109048348,-0.9675572340263073,5.71946551473257,-1.4131679535446364,2
1771109048449,-10.921755935700943,-3.678435089777156,2.349236521393304,2
1771109048554,3.5639312372101233,0.7948473097652196,-1.0811068878219479,2
1771109048663,5.767175666745579,0.11164122290232364,-0.6994274859868786,2
1771109048771,-2.8826335278796913,-4.238549448419106,0.9055343138858314,2
1771109048871,-14.179389047129138,1.4551526994858817,-0.4885496108701134,2
1771109048979,8.749999958899718,0.9751908241974429,-3.5343511820186793,2
1771109049091,9.578244065581096,-0.21564885563351177,-1.1574426828115971,2
1771109049200,2.873091540165772,8.620228925990414,0.37309158621211536,2
1771109049305,-3.8692748440555436,-8.916030758565325,-0.11259541500360896,2
1771109049415,-5.271946397671457,3.3177479541910033,1.0562977197657575,2
1771109049522,6.066793867519235,-0.8320610618495051,-0.42652671741006387,2
1771109049622,-5.694656560119791,-5.1040074139064755,1.5019083325623808,2
1771109049730,-11.711832091526645,0.09732824133144458,1.8578244742915735,2
1771109049840,-6.897900677236495,3.539122069153933,0.6211831867327399,2
1771109049947,2.2652672429542253,-2.0162212568992235,-1.6125953900438457,2
1771109050172,-6.3893128388062985,-4.164122157693947,0.3769083812976831,2
1771109050172,-6.3893128388062985,-4.164122157693947,0.3769083812976831,2
1771109050265,5.733778603025155,8.4895033741446,1.2738549329214135,2
1771109050373,10.28912161665956,2.1698473658150315,2.058206002840469,2
1771109050481,-0.4227099223244961,-10.575381674963966,1.6001908060157504,2
1771109050582,-6.956106695569698,2.206106919127925,1.5076335251907325,2
1771109050689,0.7986641048507873,-5.7700379428946365,0.18988548880592948,2
1771109050798,5.599236682980598,-7.882633382426152,0.17557252057526362,2
1771109050908,5.669847178620189,4.439885495904511,-0.3883587665543864,2
1771109051015,0.29484731363840294,-10.432251645811762,-2.2862594024814364,2
1771109051166,-5.377862568017668,-3.9895036758075157,1.5038167301051648,2
1771109051224,-2.5896946117840725,3.148854878376336,2.161259470150798,2
1771109051332,2.841603087431544,8.192747876406825,0.6469465535603222,2
1771109051432,8.487595190045228,-0.44942746124304395,-1.4532443019430978,2
1771109051540,-0.040076335058248154,1.9074428104039542,-0.18034351443222332,2
1771109051641,1.4122137547732445,1.683206099126849,-1.280534324321157,2
1771109051749,2.192748136328438,5.369274885796846,-0.6059160063904688,2
1771109051857,0.7824427257371244,3.0248090380953845,0.4465648916092946,2
1771109051965,3.668892888619825,-3.2576335383150172,0.6431297584747544,2
1771109052158,-5.497137307719954,-2.239503769404937,-0.07156488117396888,2
1771109052202,-2.93606865907764,-8.096373907217947,0.34828244483635146,2
1771109052291,7.041030279501874,8.178435215001064,-1.9017176177756028,2
1771109052409,6.221373855041318,3.316793862141317,1.2757633304641975,2
1771109052509,-7.2299618496808895,-7.21374015040211,2.0333968347842784,2
1771109052617,-10.128816223065716,3.6660306124707662,3.969465608329991,2
1771109052726,-10.548663682478168,1.606870197415494,3.990457767857202,2
1771109052833,-8.100191129190337,-5.725190920804333,1.2566793550363586,2
1771109052944,4.464694450517289,4.459923563382035,1.1727098631538682,2
1771109053042,11.33015258296987,-2.1564885830155442,0.20515266914820046,2
1771109053167,12.200381862479318,-0.5992366149907252,-0.7538167625953662,2
1771109053252,-2.7729007758913244,-0.7232824552716771,2.905534298393098,2
1771109053358,-13.956106748066837,-4.034351124784643,3.4589693723570103,2
1771109053468,-1.75763360329542,-3.943702134780703,1.5076335251907325,2
1771109053576,-0.6612595351312012,2.4083968452196043,0.42748091618145584,2
1771109053684,-1.2328243857515602,5.545801551782649,0.4217557235531042,2
1771109053792,0.23473281772113733,7.722327988832307,-0.8816793979618859,2
1771109053893,-12.838739880045171,-1.4799617608203663,-0.23473281772113733,2
1771109054000,-3.2633587309433687,2.1068702469031635,0.5524809285533732,2
1771109054105,-12.318702083245094,0.18511449494896978,1.2776717280069814,2
1771109054214,4.387404456756248,-0.7032442810724464,-0.8845419942760617,2
1771109054318,-0.13072519166005578,1.8139313308075444,-1.5839694269020874,2
1771109054418,3.319656351733787,6.289122074531851,-0.41698472969614453,2
1771109054526,-3.704198563326444,-5.487595533449446,-1.0324427504809592,2
1771109054635,-20.211830905104616,-5.360686776689201,0.7461831724242307,2
1771109054736,2.538167878128908,-0.14599235866211357,-0.011450381921649946,2
1771109054843,4.896946387236131,-2.1650762652363658,-2.071564785639956,2
1771109054952,-1.5839694269020874,-2.8559159622807173,-0.68034351055904,2
1771109055052,7.836831841399339,-3.119274823184892,-1.1145038448206657,2
1771109055199,-12.197519159443436,0.3759541825262912,0.6698473240737286,2
1771109055269,-19.000954478477247,-7.471374032121345,2.6956105686868717,2
1771109055371,15.05343469483733,2.87690833525134,-3.9312976574743135,2
1771109055477,11.695610392247865,-0.9293892831706299,-0.7070610761580142,2
1771109055577,-11.888358330625625,-9.018129280052323,1.744274820495933,2
1771109055688,0.13740458305979936,9.379770721131573,1.713740459811391,2
1771109055794,2.0295800396987107,4.410305227269655,1.3377862506046734,2
1771109055903,-0.7900763159082599,0.9532442524554283,0.8711832114765746,2
1771109056005,18.421756144407457,6.111641316496362,-1.0935114718500432,2
1771109056179,14.377862391578661,7.083969544379629,-1.1507632914118535,2
1771109056219,-1.4875953509915019,8.15744262858703,-0.3578244325502708,2
1771109056322,-5.299618055320117,-10.395991879055458,-1.669847316327362,2
1771109056428,6.5458014373145765,1.7843511688943945,0.2232824458046473,2
1771109056539,9.423664078059014,3.62118316349364,1.6087785949582778,2
1771109056637,-2.813931216339472,-2.6832060913804825,1.0868320804502996,2
1771109056745,-9.436068555365404,-5.479007424341802,1.5572518613031132,2
1771109056853,-12.820610850440666,-4.028625718712879,3.2232823825449075,2
1771109056962,-12.794847376891378,2.544847376250357,0.5429389408394538,2
1771109057071,-1.1087786521923142,1.9475191588024157,-0.46946563544227465,2
1771109057208,-13.264312745529388,-2.385496074706198,1.8883588349761156,2
1771109057287,-1.666030521241794,-3.691793659133231,1.4933205436198533,2
1771109057396,-7.692748147084274,2.1650762652363658,1.666030521241794,2
1771109057496,11.914121804174913,4.788167940740862,0.24522900420644864,2
1771109057604,-7.204198376131601,4.001908153113906,-0.2681297747198551,2
1771109057705,5.005725260618224,-1.2938931071206443,-0.5314885555827505,2
1771109057812,-6.503816691373331,1.0219465639956478,-2.2347328822696833,2
1771109057921,-5.016221126938418,-0.463740442813923,-1.2347327832943442,2
1771109058030,0.1669847316327362,3.0839693619216844,1.345419840775809,2
1771109058184,4.152671772437243,0.1393129806025832,-2.802480831082769,2
1771109058237,5.690839765034223,4.041984714955778,-2.125954222331002,2
1771109058339,-14.78721270401045,-2.2013358185492597,2.4608778843678665,2
1771109058447,-16.31488525717406,3.1269084133560274,2.955152634505479,2
1771109058555,-1.2356869820657361,-4.215648677905699,1.5229007055330035,2
1771109058656,11.935114390588947,7.8463736156698465,1.345419840775809,2
1771109058763,6.161259652608742,5.372137161945904,-0.25381679314897604,2
1771109058873,6.141221158244395,-4.8349235738173615,-2.1860686382069887,2
1771109058980,-0.6164121928757801,-6.476145033724671,1.0553435209943656,2
1771109059194,8.56011472355784,1.7786259762660428,0.12118320394613641,2
1771109059194,8.56011472355784,1.7786259762660428,0.12118320394613641,2
1771109059298,12.839694398981681,-3.118320517691794,-0.9074427114286153,2
1771109059399,4.728053311421464,4.017175333456176,0.41507633215336065,2
1771109059505,-6.170801426879251,1.0687023037938528,2.809160329204218,2
1771109059606,5.490457809598505,-1.5124045190476922,-0.6612595351312012,2
1771109059707,-5.0925570286497726,-4.445610475089451,1.5391220846466664,2
1771109059815,7.700381737255409,0.23664121526392118,0.8902671869044133,2
1771109059916,-18.25095360383295,7.8282437322916945,3.2853051959636774,2
1771109060023,-5.424618201094167,0.509541983840736,-2.050572412669333,2
1771109060191,-2.467557169045904,-1.5019083325623808,0.4713740329850585,2
1771109060232,2.49713743768076,0.6412213609319705,-3.4064885466521595,2
1771109060343,-1.7824427713516104,-4.031488421748761,-1.6641221236990102,2
1771109060448,7.10496170390684,4.795801530911997,-1.5362594883324907,2
1771109060559,6.453244263211264,-7.999999938029066,0.46946563544227465,2
1771109060658,-11.811068763751408,0.16889312917552007,4.425572407611925,2
1771109060765,-4.843511256038183,3.7175571326825194,1.5877862219876553,2
1771109060874,8.802480571161157,1.5438930785036262,0.41507633215336065,2
1771109060974,-5.614503863322868,1.0448473345090543,0.324427475551553,2
1771109061188,20.231870680129436,0.22232824703325535,-6.073473365640685,2
1771109061230,9.408396897716743,-3.0944656551287015,0.6765267154734722,2
1771109061316,1.1078244534209223,-4.182252041072099,1.3492366358613765,2
1771109061427,10.530533799100015,5.680343471827206,-0.9341602770275895,2
1771109061534,3.775763151015722,5.658396793363486,-0.5543893260961571,2
1771109061645,4.5524807374853475,-0.9293892831706299,0.13263358920283966,2
1771109061749,-13.256679155358253,-0.48282441824176175,0.5801526395628865,2
1771109061851,-15.387403624494274,-8.979007664033782,2.5047710278518958,2
1771109061959,-3.674618294691588,-4.2872136924818,1.329198461662146,2
1771109062066,13.489503228691062,6.364503884193519,-1.6030534023299263,2
1771109062181,-2.929389374399602,-3.6402671389214785,-1.162213676668557,2
1771109062290,3.134542003527163,0.4513358587858278,-0.1412213781453671,2
1771109062392,8.565839275855955,5.892175385632805,-1.2433205722368716,2
1771109062501,11.833015015328304,0.22041984949047147,-2.4303435236833244,2
1771109062601,-17.29484664834164,-0.30725189766649813,2.873091540165772,2
1771109062709,-10.348282153929272,0.555343524867549,-1.8597328718343575,2
1771109062820,0.5543893260961571,1.7872137652085702,-0.5839694346484543,2
1771109062921,1.4923663448484614,-1.9809160090794278,-0.9971373959394575,2
1771109063026,8.257633819748301,-1.1574426828115971,-0.5019083936696005,2
1771109063185,6.627862318210871,1.6316793654716844,-0.9188930966853186,2
1771109063244,5.575381393530682,-1.1479006950976778,-1.5534350662175456,2
1771109063345,-7.563930779337833,-6.683206060395015,0.9303434819420218,2
1771109063452,-11.51145056297775,1.5562976625317213,3.8788166183260513,2
1771109063560,-7.24236632698728,6.961832101641461,1.9980915869644826,2
1771109063668,10.176526801965547,-2.6975189662296555,-1.7690839885521235,2
1771109063776,1.591603017073223,-3.907442794911221,0.4332061088098074,2
1771109063877,-2.7328244274928633,0.03530534453634177,-0.32824427063712075,2
1771109063979,0.8396946520206406,6.546755529364263,0.8826335967332778,2
1771109064190,-3.7528623805023154,2.9942746774108424,-1.1793892545536118,2
1771109064190,-3.7528623805023154,2.9942746774108424,-1.1793892545536118,2
1771109064287,4.438931403854824,-2.0744274886758376,-0.9112595065141831,2
1771109064396,-1.9255724803386953,-1.2089694164667617,0.47041983421366657,2
1771109064504,11.89599192079676,5.40839692870221,1.6316793654716844,2
1771109064613,1.4742365681920147,4.438931403854824,1.7414122241817571,2
1771109064722,-13.178435069547525,-1.3673664125178235,-0.6975190884440948,2
1771109064829,-4.459923563382035,-1.8377861933706372,0.8416030495634245,2
1771109064937,-7.5286255315180375,-4.3540073930358245,-1.6965648819263361,2
1771109065045,-11.670801437635086,-7.130725177456128,-1.2070610189239779,2
1771109065153,12.056297314390607,1.8005725480080574,-1.126908428848761,2
1771109065269,-2.915076286107017,0.6832061068732158,-0.03435114576494984,2
1771109065374,13.6269078517715,3.4236641245372144,-0.5133587789263038,2
1771109065478,4.503816920309476,0.4341603075811994,-0.06202290013015611,2
1771109065579,-15.932251229680777,1.621183178986373,3.5438931697325984,2
1771109065687,-21.181297710612473,-1.669847316327362,-0.1669847316327362,2
1771109065795,-1.1832060496391794,-0.38454197146881863,-0.4351145063525913,2
1771109065904,18.464694128624743,6.408396814234138,-1.6498091421281311,2
1771109066013,9.337786402077151,0.16793893040412813,0.9885496069969301,2
1771109066173,-10.893129759115775,3.9293890464881183,3.8139311018713995,2
1771109066229,-16.837785757010018,-3.2786259112856397,2.175572558443383,2
1771109066338,-7.460877738914327,5.1374044776269,0.3520992399219192,2
1771109066446,-1.0219465639956478,2.2938929926525717,1.2003816275242343,2
1771109066554,-0.3883587665543864,4.66698459005238,1.1975190312100585,2
1771109066666,-16.136449980202062,1.7690839885521235,1.1994274287528424,2
1771109066764,-3.60877868618725,-2.3234732612874276,-0.5181297727832634,2
1771109066871,7.47900762229248,-5.6812975638768926,-1.7996182425149596,2
1771109066983,10.665076572918219,3.325381544362139,-1.8501908841204382,2
1771109067082,-6.5811066851343725,7.809160183750679,0.8082060925647067,2
1771109067212,-1.502862531333773,1.268129740293062,-0.5572519224103328,2
1771109067314,-8.221374052991996,-11.373091420960803,0.5190839715546554,2
1771109067423,0.6870229019587835,3.0677480895297276,-1.2547709574935748,2
1771109067523,4.214694585856013,1.0849236829075157,-2.4914122450524085,2
1771109067632,-13.828243899256906,-3.2337786757519247,1.9351144680526147,2
1771109067739,-0.8549618323629117,2.4208015359694053,-1.374045803917567,2
1771109067847,-7.9751909834162875,0.5534351273247652,0.14026717937397515,2
1771109067956,7.06488556895179,4.352099208936452,-2.6335877552681017,2
1771109068066,8.302480841838605,2.7080152594366727,0.24522900420644864,2
1771109068193,11.562022991139816,4.450381789111527,-1.6717557138701458,2
1771109068297,12.481870179874822,-2.407442753169918,-3.415076228872981,2
1771109068407,12.381678988713551,11.649808851221053,0.4589694489569633,2
1771109068516,0.49236640595568115,-2.896946616172276,1.1479006950976778,2
1771109068624,0.8005725023935711,2.0419847304485117,0.5629771150386845,2
1771109068732,-0.5944656211337656,7.883587901362661,2.7127861465719265,2
1771109068840,4.159351270558693,5.514313099048421,-1.2881679144922926,2
1771109068950,-7.166984944212434,-4.249045741626123,2.158396980558328,2
1771109069056,-17.023855477926798,-0.19942747651984885,-3.4742365526992813,2
1771109069196,-5.438931289386752,-0.7461831724242307,-0.34828244483635146,2
1771109069266,-6.093511433118209,-1.4742365681920147,4.340648823679749,2
1771109069374,-8.217556831019605,-7.98854912588554,1.6708015150987539,2
1771109069484,1.5973282097015746,5.178435131518459,0.7204198589575014,2
1771109069591,16.505724157678802,-2.8015267390330827,-3.7480914933670615,2
1771109069700,5.756679373538561,-0.5830152358770623,-1.6049617998727101,2
1771109069801,-4.244274854490869,6.21183208077081,1.1793892545536118,2
1771109069908,-8.72805370732282,1.9656488287371567,3.9007632967897714,2
1771109070008,10.601145148513254,4.348282413850884,-0.6402671621605786,2
1771109070194,-0.49809159858403274,-0.23568701649252924,-0.1822519119750072,2
1771109070222,-5.4828242194273695,-3.09160295209282,1.050572527137406,2
1771109070325,-11.742366452211188,-1.5801526318165198,1.0687023037938528,2
1771109070425,-23.27767059709156,-10.709923595008522,-0.28435115383351806,2
1771109070536,-15.39980895557431,4.258587515896631,2.829198396681743,2
1771109070642,8.64312969650382,10.217557455857106,2.127862619873786,2
1771109070752,8.979007664033782,0.1288167941172719,1.5562976625317213,2
1771109070858,-7.43797696840092,1.252862559950791,2.44083960344693,2
1771109070967,-2.686068580972952,1.3091602874629154,-0.19274808512010527,2
1771109071077,-0.17461832180387168,-2.8625954604021664,1.268129740293062,2
1771109071227,2.349236521393304,-4.127862390937641,-2.13263350700904,2
1771109071292,19.659350563520626,1.8568701687984759,-1.403625965830717,2
1771109071403,9.958969055201361,0.15839694269020876,-2.517175505158285,2
1771109071509,-4.716602926164761,3.1469464808335523,2.062977103419134,2
1771109071617,4.4208015204766715,3.36259540316813,1.4026717670593252,2
1771109071726,9.690839734048756,-4.990458080275952,0.6841603056446077,2
1771109071835,3.027671741131266,5.450381674643455,0.05343511452268198,2
1771109071944,-1.189885441038923,-3.7118321534975793,1.2862595169495088,2
1771109072053,9.061068971816901,3.841603186406883,-3.62690814267858,2
1771109072170,-4.877862411808293,-2.2290076896413313,-0.01717557288247492,2
1771109072269,10.80057215812564,3.553435157446518,3.0229006405526007,2
1771109072369,-2.87404584565887,6.324427322351647,1.0839694841361238,2
1771109072477,-15.265266181756106,-1.4961831399340293,1.8206106154855823,2
1771109072636,15.451335902672886,8.556297501585448,-3.975190587514931,2
1771109072696,11.138358309754974,2.560114556592628,-6.195610381492029,2
1771109072795,-19.77767163806005,-10.259541774911527,0.7232824552716771,2
1771109072903,-9.227098917708863,-11.375954123996683,-3.9627861102085418,2
1771109073011,35.94083790320062,-8.227099459063759,0.07538167625953662,2
1771109073160,-20.960877260812406,-8.56011472355784,-1.5839694269020874,2
1771109073227,-10.78912219975576,6.1803436280365815,5.953244107001889,2
1771109073329,-17.53530516561923,2.068702296047486,2.2776717202606145,2
1771109073438,3.0744273742077652,5.266221418486517,-1.3330152567477136,2
1771109073545,10.214694752821224,-1.9999999845072665,-4.697518950736922,2
1771109073653,-23.011450313811974,5.0925570286497726,1.5104961215049084,2
1771109073761,1.343511443233025,9.45896932587881,0.6545801437314577,2
1771109073870,-8.880724656971884,7.098282205785391,1.3501908346327687,2
1771109073980,3.58110702853859,-3.939885339695135,-2.5896946117840725,2
1771109074089,-10.629770471324777,4.635496137318152,0.5458015371536297,2
1771109074217,-15.729961517032509,-10.14980880947975,0.7328244429855966,2
1771109074305,-7.322518596897379,-1.4799617608203663,4.056297803248363,2
1771109074412,-3.5896947107594115,-2.6555342202884105,1.2891221132636845,2
1771109074521,5.726145012854019,3.49332052812712,-2.337786136136601,2
1771109074630,13.136449896719457,9.883587672426517,-2.125954222331002,2
1771109074737,-6.546755529364263,9.826335319256177,5.1660306542120695,2
1771109074847,-0.14599235866211357,-9.576335881481723,0.4580152501855714,2
1771109074954,-9.095419700700187,0.41793892846753644,4.462786266417917,2
1771109075066,-10.315839609145359,6.658396678895413,2.49713743768076,2
1771109075200,-7.685114556913138,1.3101144862343073,0.5543893260961571,2
1771109075271,-14.149809205381105,20.414122325300177,2.8301527021748405,2
1771109075373,-19.130724657612905,4.539122168129272,8.5028623703875,2
1771109075480,-7.9933208667944395,-17.720420367599502,0.9532442524554283,2
1771109075588,6.841602843002665,-2.0171755623923215,-0.20706106669098434,2
1771109075697,-2.7652671857201887,-3.0066793681606434,-1.7862595664371783,2
1771109075797,-5.64503822400741,1.775763379951867,0.040076335058248154,2
1771109075905,-8.86354929253024,1.3540076297183363,2.5963741099055215,2
1771109076013,-5.2080154001533145,-1.5963740109301827,1.249999963636615,2
1771109076219,-12.816793628468275,6.945610402362681,2.890267118050827,2
1771109076253,10.365457518370915,5.155534361005052,-0.34064885466521594,2
1771109076356,0.803435098707747,-6.418893107441154,-0.6555343425028496,2
1771109076456,-0.6669847277595529,7.320610412798007,-2.173664160900599,2
1771109076563,-3.8893129115330685,3.0944656551287015,-0.021946565071907953,2
1771109076665,-4.658396907831558,4.350190597950257,1.2156488078665053,2
1771109076772,8.39408392389223,-8.770992545313751,-0.9885496069969301,2
1771109076881,11.618320825373647,2.0973282591892444,0.3005725062667546,2
1771109076990,7.323473115833888,-1.1832060496391794,0.24713740174923252,2
1771109077097,10.796755789926895,0.33110686695129654,-1.5601144576172892,2
1771109077204,-3.259541935857801,1.6631679249276183,-1.0095419799675527,2
1771109077306,-12.981869909197375,-0.059160303815980295,2.4513358966539474,2
1771109077415,3.5954196899443516,1.963740431194373,1.2118320127809377,2
1771109077523,8.021946189605963,3.164122058718607,1.1555342852688133,2
1771109077631,-7.441794190373312,9.867365973147736,-1.6622137261562264,2
1771109077740,1.6459923470425635,0.9608778426265638,-1.4284351338869075,2
1771109077848,7.372137359896583,1.1040076583353544,1.1965648324386666,2
1771109077959,-1.69847327946912,-3.1278625054057136,1.4227099412585558,2
1771109078065,-7.3311067060050235,-4.0505723971766,2.376908392485376,2
1771109078206,-8.72328196641392,4.646946522574855,3.1793892390608782,2
1771109078283,-0.58683203096263,-3.045801411066007,1.895992425147251,2
1771109078390,-6.6059160666339745,-4.862595231466021,2.8148855218325695,2
1771109078499,-8.303435360775113,-2.457061089282299,0.4465648916092946,2
1771109078599,12.694656185730107,4.333015233508614,-1.6030534023299263,2
1771109078708,4.992366264375325,-3.893129706618636,-1.174618260696652,2
1771109078816,6.614503748854796,-0.5467557359250216,-0.2442748054350567,2
1771109078927,8.601144523675751,-1.3635496174322557,-1.6717557138701458,2
1771109079033,2.6698473085809953,4.19656470247786,-1.7480916155815007,2
1771109079186,0.30629769889510616,-2.058206002840469,2.439885511397244,2
1771109079250,-2.412213640305172,-4.593511391376906,1.3931297793454058,2
1771109079358,-5.089694752500714,-8.515266847693889,2.042938822498198,2
1771109079458,-1.744274820495933,-4.822519096510971,-0.7089694737007981,2
1771109079567,4.945610631298826,5.895038088668686,1.4971373387054212,2
1771109079674,20.22614527405767,6.674618378174194,-2.5104962204802472,2
1771109079775,-0.8015267011649632,8.653625989710838,-2.3234732612874276,2
1771109079884,-9.260495981429287,-6.9952287384750615,0.7700381417090292,2
1771109079985,7.481870325328361,-2.5868321221916024,-1.08206108659334,2
1771109080092,2.2633588454114415,-8.234733049234894,-1.188931242267531,2
1771109080226,1.451335904400314,3.2127863027813017,-3.9513357249518384,2
1771109080309,11.218511433438719,-3.4437021920147393,-4.947518815398198,2
1771109080418,7.602098730193511,-2.482824349388175,2.4112595482554857,2
1771109080519,-6.635495908382007,9.320610183861861,2.993320585361156,2
1771109080625,9.027671908096478,-1.4799617608203663,1.2700381378358458,2
1771109080726,0.021946565071907953,3.4961832311630014,1.868320554055179,2
1771109080835,-2.173664160900599,-6.5324424410716775,-1.2986641009776039,2
1771109080943,-0.8053434962505309,6.880724885908029,-0.634541969532227,2
1771109081053,-20.456105790580953,-12.263358767947773,2.5095419149871496,2
1771109081187,-1.0324427504809592,1.5324426932469228,1.7509542118956767,2
1771109081284,0.09255724747448489,2.3807251875709436,0.1335877879742316,2
1771109081393,-15.520991879375968,-7.0687023640373585,0.7299618466714207,2
1771109081501,2.254770949747208,3.3129770670557495,0.084923663973456,2
1771109081611,2.952289931469597,3.958015223073288,1.1230916337631933,2
1771109081720,8.273854665253435,0.040076335058248154,0.30343510258093037,2
1771109081827,1.54580147604641,6.564885412742415,0.7318702442142045,2
1771109081936,2.181297751071735,-0.8625954225340471,1.312022883777091,2
1771109082037,15.963740109301828,5.342557320197872,1.946564853309318,2
1771109082229,15.69561078814922,-8.211832278721488,0.1774809181180475,2
1771109082259,-9.380725240068083,-2.1946565338712216,1.574427439188168,2
1771109082353,17.398855061475302,-3.3769082780173036,-3.2538167432294496,2
1771109082461,11.362595127753785,-0.6269083793610915,-1.8330153062353831,2
1771109082569,-2.8864503229652594,10.368320221406798,-1.3263358653479702,2
1771109082678,-9.66698444459884,0.6650763302167689,-2.612595382297479,2
1771109082779,17.9608771773298,18.345420242696104,-4.028625718712879,2
1771109082887,3.9914122867937114,10.235686485461612,1.6736641114129296,2
1771109082995,-3.148854878376336,0.3645038239500144,1.8463740890348703,2
1771109083098,-9.971373532507751,2.7709923783485406,5.910305269010958,2
1771109083218,19.63454160890785,-9.143129425826373,2.1402670971801756,2
1771109083320,-4.468511245602857,-3.8940837986683223,2.376908392485376,2
1771109083431,4.229961766198284,2.595419804412424,-1.7080152671830393,2
1771109083531,12.773854790477342,1.961832033651589,-3.0229006405526007,2
1771109083637,-5.1412212727124675,1.5019083325623808,-1.7967557529224896,2
1771109083746,-8.673664057188363,-0.9704198303404832,2.2223281915198823,2
1771109083854,15.83396993016617,8.708969305008159,0.741412178567271,2
1771109083963,-3.357824302589465,9.241412432888271,1.5667938490170326,2
1771109084071,8.714694711079922,4.308205852009012,-0.9713740291118751,2
1771109084231,-0.5200381703260473,-0.5639313138100764,-0.1669847316327362,2
1771109084287,8.492366077180483,8.545801208378432,-0.4417938977523349,2
1771109084397,2.3234732612874276,1.1956106336672747,0.8750000065621423,2
1771109084505,-13.344465869213133,-1.8988549147397211,1.3826335928600944,2
1771109084613,0.027671756032732926,9.979007122678887,0.40744274198222513,2
1771109084721,1.684160297898241,5.354007705454575,1.0868320804502996,2
1771109084830,1.6917938880693764,6.893129790101241,0.5582061211817249,2
1771109084938,8.624045294189159,9.00190843454719,-1.3864503879456622,2
1771109085047,4.770992149412396,0.29770990995257873,-0.6669847277595529,2
1771109085209,7.289122386950601,6.590648886291703,1.1164122423634497,2
1771109085264,-9.755724823616585,-0.21278625931933598,-3.2146947003240856,2
1771109085365,1.5038167301051648,0.22041984949047147,-2.12977101741657,2
1771109085472,-0.16412213531856037,1.994274791878915,1.9303435809173608,2
1771109085580,-1.514312916590476,-6.664122084967176,0.6698473240737286,2
1771109085689,1.8730916546338445,5.313931143612702,-0.70992367247219,2
1771109085798,-0.08874045905902375,-2.4809159518453914,0.9103053077427912,2
1771109085905,-1.652671738442307,-3.8091602147361456,-1.0601145148513254,2
1771109086006,-14.289122012560917,1.2461831685510474,2.529580195908086,2
1771109086245,-14.629770013452486,5.143129883698663,0.10114503641701234,2
1771109086246,-14.629770013452486,5.143129883698663,0.10114503641701234,2
1771109086349,2.708969351486359,8.367365931406432,0.05057251820850617,2
1771109086456,16.90839625264961,2.2318701792338014,-2.63072505223222,2
1771109086557,-12.645038276504549,5.604007570115852,2.459923578874769,2
1771109086665,14.008587360328276,6.187022699271208,1.2700381378358458,2
1771109086765,4.096373938203413,9.468511100149318,-1.8616412693771414,2
1771109086873,-3.0801525668361167,1.405534363373501,-1.249999963636615,2
1771109086982,5.56679371130986,3.3463739173327616,-3.14790078632665,2
1771109087093,-7.496182986734123,1.3501908346327687,0.8082060925647067,2
1771109087224,3.9360685446095673,-4.347328321801198,-0.9666030352549154,2
1771109087315,-17.13549662745795,1.4398855191436106,3.770992263880468,2
1771109087424,5.005725260618224,-3.8587785508485264,1.685114496669633,2
1771109087532,-7.5124046860129035,-3.1316793004912813,0.43606870512398327,2
1771109087641,-19.44656455766534,1.1469464963262859,3.8692748440555436,2
1771109087750,0.33110686695129654,2.0038167795928343,0.8883587893616295,2
1771109087858,0.29007631978144327,7.389312724338226,0.48473281578454563,2
1771109087960,11.380725011131938,0.9809160168257945,-1.2719465353786297,2
1771109088067,13.202289505223794,6.035305414785007,-1.126908428848761,2
1771109088213,-2.6793892962949144,-2.6068701896691273,1.3625954186608638,2
1771109088275,6.970419783862282,0.941793867198725,0.8864503918188456,2
1771109088377,0.4742366292992343,11.208969659168211,0.9980915947108494,2
1771109088484,7.537213640625682,1.2108778140095457,0.7719465392518131,2
1771109088592,14.833968763973774,4.489503832016891,-0.7194656601861094,2
1771109088700,-13.727099042932771,-0.7194656601861094,0.9026717175716557,2
1771109088809,2.427480820647443,-7.944656622731745,-1.6440839494997797,2
1771109088920,2.750954097427604,-6.72519080633626,-2.2442748699836024,2
1771109089026,-11.450381841608666,1.2853053181781169,-0.13740458305979936,2
1771109089133,10.679389234323981,-2.1832061486145187,-0.3759541825262912,2
1771109089249,-14.104961329517156,-0.021946565071907953,0.21755725317629565,2
1771109089352,6.54484734526489,1.9828244066222116,-0.40267174812526546,2
1771109089460,1.471373971877839,5.694656560119791,0.1001908376456204,2
1771109089560,3.8664121410196617,-6.932251833006605,-1.313931281319875,2
1771109089670,-8.91698442372819,1.2127862115523296,-0.0954198437886607,2
1771109089777,3.9208013642672963,-0.084923663973456,0.8769084041049262,2
1771109089877,-10.641221283468303,12.63263379919816,2.6793892962949144,2
1771109089986,-7.9255722204170835,-5.938931018709304,0.1001908376456204,2
1771109090116,-6.280534392311029,-9.136450354591746,2.6450381405248047,2
1771109090204,-10.254770887776274,1.0362595455665269,3.950381632902152,2
1771109090311,-9.159351125105152,-5.059160391816172,1.2557251562649667,2
1771109090412,6.937022720141859,2.6030533945835597,0.49427480349846503,2
1771109090520,-15.863549771914203,-2.7108777490291427,1.7080152671830393,2
1771109090628,-8.388358517820468,-13.500954040834587,-0.2108778617765521,2
1771109090739,26.398855311923118,10.405534507099611,-3.4618320753928917,2
1771109090844,-4.566793825777933,2.916984683649801,0.3883587665543864,2
1771109090945,-9.237595210915881,-8.503816889324009,1.3225190702624023,2
1771109091053,8.642175177567312,-5.948473219866635,0.42748091618145584,2
1771109091197,-8.259542003847674,0.043893130143815906,1.0448473345090543,2
1771109091288,1.1040076583353544,-2.97328230444022,-0.7499999675097985,2
1771109091389,-5.5009541028055216,-3.958969315122974,2.2185113964343146,2
1771109091496,0.8769084041049262,-6.21183208077081,0.21374045809072792,2
1771109091604,-1.1135496460492738,6.254770918761741,-0.22614502877860987,2
1771109091713,-6.473282330688789,-2.9599235216407327,-0.11450381254639284,2
1771109091812,2.2614504478686572,-1.6335877630144682,-0.012404579859278557,2
1771109091921,-4.7690839653130235,4.127862390937641,0.21564885563351177,2
1771109092029,-10.922709600863808,8.833969450782208,0.5791984407914945,2
1771109092198,5.4923664205847,3.3435114277402915,0.724236654043069,2
1771109092245,4.812022803303955,-1.774809181180475,-0.1440839611193297,2
1771109092354,4.992366264375325,-1.5114503202763003,2.0458015255340793,2
1771109092454,14.820610621504521,0.4227099223244961,-3.388358663274007,2
1771109092562,5.929389244438796,-0.6040076088476849,-0.5658397113528604,2
1771109092671,-6.331106820473096,1.2089694164667617,-0.013358778630670495,2
1771109092780,6.402671835049198,-2.316793763165978,-0.5629771150386845,2
1771109092882,4.665076405953008,7.4942748026347505,1.2996182997489958,2
1771109092988,-9.072518930186781,-3.9971372659786515,2.6498090276600585,2
1771109093096,1.4427481154577866,-1.1564884840402052,-0.2681297747198551,2
1771109093218,-4.555343440521229,4.920801249799224,-0.6898854982729593,2
1771109093322,-8.522900437865024,-4.020038036492058,0.8501908385059519,2
1771109093425,15.897900500797489,0.8730916090193585,-0.7213740577288933,2
1771109093530,0.803435098707747,2.6202289724686145,0.10496183150258008,2
1771109093642,0.7385495822530952,5.837786162385171,1.2490457648652231,2
1771109093747,3.4646945649853618,-5.644083705070901,-0.08683206151623987,2
1771109093848,-15.669847314599933,-5.422710016994794,1.8377861933706372,2
1771109093955,16.96469408688344,-4.366412297229037,-1.0925572730786512,2
1771109094056,-6.682251968345329,-5.732824510975469,1.7633587959237718,2
1771109094187,-2.517175505158285,4.724236516335896,-0.12786259534587996,2
1771109094289,-8.817747751503427,-2.7261449293714137,0.6917938958157432,2
1771109094398,-18.39503815192166,-5.350190910369007,2.517175505158285,2
1771109094506,5.078244367244011,-2.2490457571188562,2.872137448116086,2
1771109094614,-1.4437023142291785,3.807252030636773,0.05629770750180448,2
1771109094715,-3.0896945545500363,2.7251908373217275,-0.2232824458046473,2
1771109094824,-4.707061151894253,1.9379771710884963,-1.7156488573541748,2
1771109094931,4.323473032351282,5.776717441016086,0.39790075426830573,2
1771109095039,-0.14885495497628937,3.770038171830782,2.0028624740997367,2
1771109095255,-3.5896947107594115,1.791984652343824,-0.2824427562907342,2
1771109095256,-3.5896947107594115,1.791984652343824,-0.2824427562907342,2
1771109095357,2.74904569988482,4.77003805736271,-0.12499999903170415,2
1771109095466,-12.249045252768365,-6.650763088724278,0.9799618180544025,2
1771109095573,8.54675572731494,4.360686891157274,-1.0124045762817284,2
1771109095685,-5.275763192757025,2.811068726747002,2.9103053989717633,2
1771109095782,-0.9809160168257945,-6.975190670997537,-0.4122137358391848,2
1771109095892,-6.7442747817641,-4.675572272273202,0.8005725023935711,2
1771109096000,-6.114503592645421,1.3769084002317429,-0.9484732585984686,2
1771109096192,-0.28530532592448354,5.953244107001889,-0.2748091661195987,2
1771109096216,-8.987594919367782,5.870228707169084,1.1068702546495304,2
1771109096324,7.71564891759768,0.293893114867011,-1.8616412693771414,2
1771109096433,11.312977218528227,14.718511246243878,1.7652671934665556,2
1771109096541,14.77194552366818,-2.16412217318668,-0.22041984949047147,2
1771109096641,-4.810114619204582,-7.029579894245171,0.4656488403567069,2
1771109096749,-12.72805324945053,11.989504040723405,2.0496183206196474,2
1771109096858,-3.8062975117002638,6.839694658903293,2.12977101741657,2
1771109096966,-12.61545758098287,-18.631678593453216,1.8444656914920865,2
1771109097075,7.379770950067718,7.581106997553123,0.12404580026031221,2
1771109097289,0.9685114327976994,-7.980915535714404,-1.1832060496391794,2
1771109097353,-3.4074426387018457,10.479961370937948,4.049618305126914,2
1771109097409,-1.404580164602109,-15.915076719012779,1.0410305394234867,2
1771109097517,0.9265266868564541,-12.813930925432393,-1.8148854228572306,2
1771109097627,-3.7490455854167477,-11.142175531727364,-1.1354962177912884,2
1771109097733,1.9217556852531277,-3.556297647038988,-1.095419869392827,2
1771109097834,-0.005725190960824973,-7.541030008824427,0.9360686745703735,2
1771109097943,-11.329198064033362,10.188931279271936,1.470419773106447,2
1771109098051,2.130725109466256,-3.473282460649595,-2.0763358862186214,2
1771109098244,2.2280533841482337,6.092557341068523,-1.2547709574935748,2
1771109098270,11.63454167087878,17.037213620396052,1.529580096932747,2
1771109098369,-0.8101144901074906,19.860687464779677,0.4904580084128973,2
1771109098469,16.708015577874363,-1.9169847981178738,-3.6860686799482916,2
1771109098576,-2.22328249701298,-14.607824615649236,-4.851144846209318,2
1771109098685,11.362595127753785,14.099236777219039,5.670801270669875,2
1771109098793,-23.459923949809596,-25.901716578089154,4.385496272656876,2
1771109098902,-5.887404498497551,18.36164023442759,1.9036260153183866,2
1771109099011,-0.7767175331087728,-4.620228956975881,-0.29198471732422715,2
1771109099119,2.9255725793140344,-21.24809183805332,-0.8797710004191021,2
1771109099221,12.004771221065676,16.836831238073508,-1.3167938776340509,2
1771109099328,9.6364500839143,15.39980895557431,-1.895992425147251,2
1771109099436,4.170801655815396,0.6316793732180511,0.154580147604641,2
1771109099544,4.473282559624934,-4.3549619119723335,-2.4618319764175527,2
1771109099645,4.705152540908058,4.184160225171471,-0.34064885466521594,2
1771109099753,1.7003816770119038,-1.3091602874629154,-0.6297709756752673,2
1771109099861,6.894083882150928,3.927480862388746,-0.1956106814342811,2
1771109099961,0.9351144757989815,-1.0591603160799334,-0.13740458305979936,2
1771109100070,-6.506679394409213,-3.352099109961113,3.659351114349317,2
1771109100185,-1.1040076583353544,10.745228842828318,1.3206106727196185,2
1771109100287,-5.695610652169477,-5.805343617601256,1.9293892754242632,2
1771109100387,3.6650760935342572,1.5419846809608422,-0.8225190741355858,2
1771109100495,1.3091602874629154,3.6860686799482916,-3.0391221263879693,2
1771109100603,-7.8110683678500505,8.676526760224244,-1.7948473553797057,2
1771109100712,4.404580248084715,6.857824115394623,-1.1040076583353544,2
1771109100820,-1.9875952937574655,-18.890266140335314,0.9236640905422783,2
1771109100931,-12.012404811236811,0.8750000065621423,2.2948472981456693,2
1771109101039,-12.562022449784921,-1.3788167977745267,0.3778625800690751,2
1771109101180,-3.611640962336309,-0.3368320595796482,-2.298664093231237,2
1771109101259,4.0477096941407185,0.9408396684273331,-1.9217556852531277,2
1771109101362,5.5906485738729526,-4.857824344330767,-0.8902671869044133,2
1771109101464,-1.5133587178190842,-3.523854888811662,0.7938931109938276,2
1771109101570,-11.076335923223027,-0.8902671869044133,2.105915941410066,2
1771109101672,0.22519083000721793,-3.0372137288451855,-0.17461832180387168,2
1771109101780,4.901717274371385,2.6622137184098595,0.4656488403567069,2
1771109101880,4.174618450900963,3.6479007290926138,-0.5372137482111022,2
1771109101988,-0.6307251744466592,-0.9589694450837799,0.9761450229688349,2
1771109102097,1.6793893040412813,3.842557278456569,-0.6937022933585271,2
1771109102219,-10.187023095172563,6.120228998717184,3.5295800814400136,2
1771109102322,1.804389343093625,6.480915920859925,0.6927480945871352,2
1771109102431,1.436068724058043,-2.2251908945557637,-0.6097328014760366,2
1771109102531,-4.37786268248574,0.7480915699670146,2.0572519107907827,2
1771109102641,2.3454197263077363,1.065839707479677,0.3654580227214063,2
1771109102739,4.086832163932905,5.142175364762154,-0.10687022904536396,2
1771109102848,-5.40171743058076,-1.1164122423634497,1.8940840276044673,2
1771109102956,1.6154579863580214,-3.2061068046598526,0.07347327871675274,2
1771109103070,-4.788167940740862,-3.2022900095742846,1.2585877525791425,2
1771109103265,9.114504103014848,0.9637404389407397,-1.2643129452074942,2
1771109103290,-0.5381679469824941,0.3520992399219192,1.1727098631538682,2
1771109103382,3.8377863913213153,0.24045801034948894,-0.741412178567271,2
1771109103492,8.604007226711634,6.844465546038547,-1.5496182711319777,2
1771109103591,-1.3692748100606074,1.2986641009776039,-0.8377862544778567,2
1771109103699,-2.284351004938652,1.7538168082098524,0.6507633486458899,2
1771109103799,-8.565839275855955,0.4561068526427875,2.953244236962695,2
1771109103909,-3.6860686799482916,-4.562977030692364,0.40744274198222513,2
1771109104016,0.06393129767293998,-2.273854925175047,1.5830152281306955,2
1771109104125,-0.8177480802786261,5.936068742560246,-0.5572519224103328,2
1771109104278,-3.138358798612731,-7.16221405707718,-1.775763379951867,2
1771109104349,-1.189885441038923,6.4551524473106365,1.6784351052698894,2
1771109104458,1.1536258877260295,-0.8377862544778567,0.19179388634871333,2
1771109104558,5.7347326950748405,-0.9322518794848057,-0.17175572548969587,2
1771109104666,-1.6288167691575086,4.279580102310665,0.7385495822530952,2
1771109104775,4.525763171886373,1.471373971877839,0.3101144939806739,2
1771109104876,-1.1125954472778818,5.023854717109553,2.802480831082769,2
1771109104977,-2.320610558251546,7.208969263266855,-0.8463740434203842,2
1771109105145,5.3749998649817865,-6.560114525607161,-1.484732754677326,2
1771109105227,-7.179389421518823,6.707060922958108,-0.013358778630670495,2
1771109105293,-1.5992366072443585,0.9751908241974429,3.368320595796482,2
1771109105400,-4.838740368902929,-1.019083967681472,4.2347326533335385,2
1771109105508,-2.479961859795705,-2.3005724907740213,1.1822518508677875,2
1771109105609,3.078244169293333,-1.7652671934665556,0.8606870249912633,2
1771109105720,2.671755706123779,0.06870229152989968,0.21946565071907953,2
1771109105826,-4.919847157749538,-2.950381533926813,1.9427480582237502,2
1771109105935,1.8940840276044673,-2.382633585113728,-0.4656488403567069,2
1771109106043,3.978053290550813,1.3158396788626587,0.0515267169798981,2
1771109106146,-3.3616410976750326,1.4131679535446364,0.6440839572461463,2
1771109106255,-1.9255724803386953,1.2452289697796555,0.9160305003711428,2
1771109106359,6.645992201589024,0.07824427257371244,0.1288167941172719,2
1771109106460,3.766221376745214,3.6001905770796054,-1.0305343529381752,2
1771109106568,1.9809160090794278,-1.5811068305879117,0.42652671741006387,2
1771109106669,8.39312940495572,-3.0171754479242487,-0.26049618454871964,2
1771109106777,-0.15553434637603294,2.0477099230768636,1.8158397283503283,2
1771109106880,-11.705152166518372,3.305343476884614,1.372137406374783,2
1771109106985,-12.17461838893003,0.6431297584747544,1.2032442238384102,2
1771109107147,7.887404269561406,3.382633470645655,-1.2709923366072378,2
1771109107203,-0.7194656601861094,3.6679387965701387,1.6603053286134426,2
1771109107313,4.155534475473124,-2.5114503125299334,-2.0658395930116042,2
1771109107418,-0.5124045801549119,8.64312969650382,-0.14599235866211357,2
1771109107519,4.724236516335896,-2.917938989142899,-0.10496183150258008,2
1771109107628,0.3215648792373772,-2.905534298393098,1.404580164602109,2
1771109107728,0.5791984407914945,7.788167597336645,1.1278626276201529,2
1771109107836,0.3683205923551557,-1.2290075906659925,0.7461831724242307,2
1771109107944,5.755725281488875,6.2700380991040126,-0.5582061211817249,2
1771109108052,-6.402671835049198,8.166984402857539,-0.24141220912088088,2
1771109108162,-13.581106310744687,-4.056297803248363,2.0849235684394434,2
1771109108284,11.706106685454882,11.74427463631056,-0.8540076335915197,2
1771109108386,8.810114161332292,12.358778218200145,0.5162213752404796,2
1771109108496,-7.375000062932465,-6.316793732180511,1.0009541910250253,2
1771109108603,-4.1211833197030145,5.960877697173024,1.17366406192526,2
1771109108712,5.7347326950748405,4.424618315562239,-0.7919847134510437,2
1771109108821,1.2900763120350764,-3.37499988047452,0.587786229734022,2
1771109108928,-4.767175354326827,3.0238549460456983,1.1250000313059771,2
1771109109038,-1.7022900745546878,9.003816618646562,0.01908396875773214,2
1771109109212,-11.841603124435949,5.762404352723501,3.7137403375969518,2
1771109109241,-11.841603124435949,5.762404352723501,3.7137403375969518,2
1771109109345,-2.6545801282387242,4.845419867024378,-0.13072519166005578,2
1771109109446,1.4379771216008268,-0.8435114471062084,0.7299618466714207,2
1771109109554,1.1917938385817068,-3.6049618911016825,-0.16030534023299262,2
1771109109662,3.5066793109266072,5.163167951176187,0.4341603075811994,2
1771109109771,-5.003816649632029,3.2872135935064613,-0.3349236620368643,2
1771109109879,8.716602895179294,2.7910304458260655,-1.2433205722368716,2
1771109109980,1.97996170358633,0.8520992360487358,1.5877862219876553,2
1771109110089,-0.6154579941043882,4.595419575476279,0.339694655893824,2
1771109110200,-2.7557251980062696,-0.7204198589575014,-1.4169847486302043,2
1771109110297,-1.0725190988794204,-4.6364502293678385,-0.555343524867549,2
1771109110407,2.208015316670709,4.029580237649389,0.6011450125335092,2
1771109110519,5.8664119120835165,3.21946558745934,-1.8167938204000145,2
1771109110623,4.887404612965623,-2.2461832675263866,0.07824427257371244,2
1771109110723,-1.0009541910250253,0.044847328915207846,0.8396946520206406,2
1771109110831,-2.656488525781508,-3.121183220727676,-1.8454197835417727,2
1771109110939,1.0916030743072593,1.499999935019597,-1.3148854800912668,2
1771109111040,-2.750954097427604,-0.23759541403531312,0.7395037810244872,2
1771109111199,-7.947519325767627,-3.4837785404132005,1.1698472668396924,2
1771109111278,5.01240433185285,-2.34732812385052,-1.4064885621448928,2
1771109111364,0.5171755740118715,-0.47328243052784236,0.8234732729069777,2
1771109111473,-6.79961809706142,1.962786125701275,1.2137404103237215,2
1771109111573,0.2652671784056793,-3.730916128925418,-0.8129770864216663,2
1771109111681,-1.6583969310706586,4.973282288947487,1.0114503775103365,2
1771109111789,-0.4007633505824816,1.9522900459376697,-0.1469465574335055,2
1771109111890,1.3940839781167977,3.658397022299631,-0.41603053092475256,2
1771109112000,9.36354987562644,4.143129571279912,-1.41984734494438,2
1771109112157,0.8616412237626552,-0.2213740482618634,0.6679389265309448,2
1771109112210,-0.39503815795412994,3.4532441797286584,-0.46278624404253105,2
1771109112315,-1.392175580574014,0.7366411847103114,0.68034351055904,2
1771109112424,1.3187022751768347,-5.433205883314988,0.06583969521572386,2
1771109112527,2.8959923106791785,-0.7843511232799083,0.36068702886444665,2
1771109112632,-2.339694533679385,-1.1364504165626803,-0.8234732729069777,2
1771109112744,-9.254770575357524,2.7977099439475146,0.8120228876502744,2
1771109112849,-3.0992365422639554,1.7872137652085702,-0.3215648792373772,2
1771109112958,-0.021946565071907953,-3.0400762184376555,-1.329198461662146,2
1771109113065,4.076335870725888,6.566793596841787,-0.3692747911265476,2
1771109113190,-7.375000062932465,3.568702337788789,0.7528625638239743,2
1771109113292,-0.5143129776976957,-0.1822519119750072,-0.15935114146160068,2
1771109113400,-1.1383588141054641,1.4103053572304607,2.3215648637446438,2
1771109113502,-4.166030341793318,1.2347327832943442,0.0772900738023205,2
1771109113609,-1.176526658239436,-1.0763358939649883,0.5343511518969264,2
1771109113710,5.154580268955366,0.3673663935837638,-0.7232824552716771,2
1771109113817,-2.8435114849743277,-1.373091605146175,0.5047709899837763,2
1771109113925,-4.6192748649261945,0.1669847316327362,1.2776717280069814,2
1771109114029,4.670801385137948,-1.2595419513505346,-2.0305343451918083,2
1771109114143,4.183206133121785,0.2671755759484632,1.9169847981178738,2
1771109114243,2.8759542432016536,0.21183206054794404,-1.9150764005750898,2
1771109114350,-0.14026717937397515,0.7862595208226921,-1.0486641295946222,2
1771109114451,0.7700381417090292,-0.8778626028763181,0.26335878086289544,2
1771109114561,-3.161259569126137,-2.473282361674256,-0.13072519166005578,2
1771109114670,3.0725189766649814,4.024808923627312,-0.1030534339597962,2
1771109114776,1.3501908346327687,-2.086831965982227,0.1288167941172719,2
1771109114876,-2.2127862038059627,0.6717557216165125,0.18893129003453754,2
1771109114984,-1.7690839885521235,-1.559160258845897,1.0229007627670397,2
1771109115145,-3.3482823148755454,0.14885495497628937,0.6240457830469156,2
1771109115202,-3.2061068046598526,1.2003816275242343,0.5629771150386845,2
1771109115310,-0.08683206151623987,0.5200381703260473,-0.33778625835104015,2
1771109115418,-2.2318701792338014,0.42748091618145584,-0.084923663973456,2
1771109115521,-0.9475190598270767,-2.350190826886402,-0.21564885563351177,2
1771109115626,-3.663167909434885,-0.23473281772113733,0.12499999903170415,2
1771109115727,-3.771946355930154,-2.2471373595760724,-0.33778625835104015,2
1771109115835,-0.20515266914820046,-0.3625954264072305,1.0114503775103365,2
1771109115944,3.9770991985011266,1.4971373387054212,-1.2757633304641975,2
1771109116044,-4.44656499402596,3.3291983394477067,0.4427480965237268,2
1771109116195,3.183206034146446,0.3139312890662417,0.309160295209282,2
1771109116298,6.907442451507003,1.464694687199801,-1.2041984226098021,2
1771109116369,4.9790076950192494,-0.5639313138100764,-1.1507632914118535,2
1771109116470,4.422709704576044,-2.31965646620186,-1.345419840775809,2
1771109116578,-2.529580195908086,3.978053290550813,0.5744274469345348,2
1771109116685,-7.9790073516150315,-3.4685113600709294,1.2461831685510474,2
1771109116787,5.035305102366256,-0.020992366300516017,-0.8921755844471972,2
1771109116887,-0.8129770864216663,-2.3416029312221687,-0.6555343425028496,2
1771109116995,-4.015267149356804,-1.0429389369662705,0.4112595370677929,2
1771109117105,-3.0553433987799266,-0.7814885269657325,-0.5524809285533732,2
1771109117232,2.425572423104659,3.4284350116724682,0.4761450268420182,2
1771109117304,-1.8606869638840435,0.041030533829640094,0.4007633505824816,2
1771109117411,-0.9856870106827542,0.927480885627846,-0.16793893040412813,2
1771109117521,-1.464694687199801,0.08683206151623987,-0.08969465783041569,2
1771109117628,0.22805342632139375,-0.15076335251907325,-1.5066793264193405,2
1771109117737,3.405534241159062,-1.1975190312100585,-2.505725119901582,2
1771109117845,-0.1669847316327362,1.3034350948345637,-0.8826335967332778,2
1771109117954,3.1020992452998373,1.916030492624776,1.463740488428409,2
1771109118062,2.5877862142412886,1.4227099412585558,-0.9284350843992379,2
1771109118181,-1.3043892936059556,-1.4389313203722187,-2.204198521585141,2
1771109118290,1.9208015932034415,2.020992357477889,-1.686068695441025,2
1771109118379,0.2786259612051664,2.2881678000242203,-1.4417939166863947,2
1771109118488,-0.448473262471652,0.0,-1.2719465353786297,2
1771109118596,-0.9923664020824977,1.9875952937574655,0.042938931372423966,2
1771109118704,-0.5610687174959006,3.475190858192379,-0.030534350679382087,2
1771109118814,-1.5582060600745051,1.6431297507283877,0.7977099060793954,2
1771109118923,-0.9770992217402268,0.4561068526427875,-0.08301526643067213,2
1771109119029,-1.221374000494857,-0.7204198589575014,-0.3444656497507837,2
1771109119174,3.8969465017042038,0.20896946423376822,-1.220419801723465,2
1771109119247,-0.47996182192758596,4.62690845509733,0.4713740329850585,2
1771109119356,4.212786401756641,0.4713740329850585,-0.06583969521572386,2
1771109119464,3.410305341737727,-2.1402670971801756,-0.6278625781324834,2
1771109119572,0.2681297747198551,3.136450401069947,-0.16316793654716844,2
1771109119681,1.4341603265152592,1.761450398380988,0.1908396875773214,2
1771109119788,3.2528626511797634,-0.5162213752404796,-0.10782442781675589,2
1771109119889,0.6259541805896995,-1.5343510907897067,-0.2786259612051664,2
1771109119997,-0.8291984655353293,-1.9685113183296268,-0.7547709613667581,2
1771109120107,-2.008587666728088,-0.6097328014760366,-0.4999999961268166,2
1771109120207,2.2051526136348274,-3.310114364019868,0.10496183150258008,2
1771109120314,0.8854961930474536,1.8740457466835307,0.5801526395628865,2
1771109120422,-2.999999870039194,1.109732850963706,0.634541969532227,2
1771109120524,-0.6908396970443512,-0.5419847420680619,-0.648854951103106,2
1771109120631,1.020038166452864,1.8750000521766286,0.169847327946912,2
1771109120740,1.7700381873235154,-2.5877862142412886,-0.21469465686211986,2
1771109120848,-3.110686927520659,-0.11736640886056866,0.6965648896727029,2
1771109120949,2.827289999138959,-2.9112594910214495,-0.2003816752912408,2
1771109121049,-0.22519083000721793,2.585877816698505,0.34923664360774337,2
1771109121165,-4.605915868683296,-0.9017175188002637,0.4866412133273295,2
1771109121257,1.9961831894216988,0.3005725062667546,-0.3015267050381465,2
1771109121365,0.694656492129919,-0.8854961930474536,0.14026717937397515,2
1771109121474,-7.045801593523952,0.5906488260481978,1.205152621381194,2
1771109121582,0.20324427160541658,-1.0715649001080285,-0.33110686695129654,2
1771109121690,2.2767176282109283,-2.4179388329335234,0.20324427160541658,2
1771109121791,-1.4656488859711931,0.8501908385059519,0.33587786080825627,2
1771109121899,-3.7881680552089345,0.03148854945077403,-0.41889312723892835,2
1771109122008,1.4026717670593252,-0.15839694269020876,0.24045801034948894,2
1771109122162,-1.5534350662175456,1.1087786521923142,-0.046755723122938415,2
1771109122217,-4.882633725830369,0.004770992189433035,0.9694656315690913,2
1771109122326,0.13645038428840742,2.441793908940028,-0.41507633215336065,2
1771109122425,-2.422709933512189,2.6832060913804825,1.1345420190198965,2
1771109122535,-1.4799617608203663,2.8167939193753537,0.880725199190494,2
1771109122641,-0.07919847134510438,-0.34064885466521594,-0.00858778644123746,2
1771109122749,-0.08206106765928019,0.3444656497507837,-0.6049618076190769,2
1771109122850,0.4236641210958881,-0.08683206151623987,0.12690839657448802,2
1771109122958,-2.704198464351105,0.9522900536840364,0.8902671869044133,2
1771109123067,-1.3396946481474572,-1.2452289697796555,0.18129771320361526,2
1771109123246,0.08587786274484793,1.7108778634972153,0.22614502877860987,2
1771109123327,-1.5419846809608422,1.8320610007422855,-0.6431297584747544,2
1771109123376,-3.136450401069947,-0.6517175474172818,-0.22519083000721793,2
1771109123484,-0.9007633200288717,-2.18893134124287,-0.39026716409717027,2
1771109123592,1.2309159882087763,4.481870241845756,0.18320611074639914,2
1771109123701,0.08015267011649631,4.637404321417524,0.3349236620368643,2
1771109123801,-2.900763411257844,7.146946449848086,1.1650762729827326,2
1771109123909,-0.5734732481631429,0.678435113016256,0.02862595313659821,2
1771109124018,-2.6793892962949144,-0.23854961280670506,-0.18988548880592948,2
1771109124129,-0.32538167432294496,3.7204198357184013,-0.004770992189433035,2
1771109124235,-0.22232824703325535,-0.3234732767801611,1.8797709393118824,2
1771109124344,-1.9456107612596318,-0.6612595351312012,0.042938931372423966,2
1771109124452,-1.192748037353099,3.0524809091874565,-0.8769084041049262,2
1771109124555,2.0419847304485117,2.2356869743193695,-1.0286259553953914,2
1771109124660,4.326335735387164,1.3024808960631717,0.36164122763583856,2
1771109124769,0.5811068383342785,1.9656488287371567,1.7261450438394863,2
1771109124871,-3.8091602147361456,0.34351145097939173,-0.7166030638719336,2
1771109124977,0.11164122290232364,-0.32729007186572884,-1.9045801073680728,2
1771109125141,-1.3969465744309735,-0.324427475551553,-0.5066793875265602,2
1771109125186,-8.802480571161157,-0.8893129881330214,0.7719465392518131,2
1771109125318,-2.153625879979663,3.979961901537008,1.2118320127809377,2
1771109125403,6.951335808434444,0.3778625800690751,0.7499999675097985,2
1771109125581,3.4370229073367016,4.308205852009012,0.12213740271752835,2
1771109125658,1.5095419227335163,-1.57538163795956,0.09923663887422846,2
1771109125763,-0.3568702337788789,2.615457871889949,0.5381679469824941,2
1771109125871,0.7929389122224357,-0.5267175617257909,0.1412213781453671,2
1771109125979,-0.01908396875773214,-0.30343510258093037,-1.2127862115523296,2
1771109126086,1.9980915869644826,2.6555342202884105,0.029580151907990147,2
1771109126201,-1.8291985111498155,3.1288168108988113,1.1956106336672747,2
1771109126320,3.8311068931998657,3.5639312372101233,0.07538167625953662,2
1771109126395,1.002862588567809,-1.0677481050224609,0.030534350679382087,2
1771109126503,-0.6125953977902123,0.15267175006185713,0.31870228292320135,2
1771109126612,-0.8368320557064648,0.27290076857681483,-0.16507633408995231,2
1771109126712,-1.3959923756595816,1.2547709574935748,0.8311068630781132,2
1771109126821,2.9666030197621818,2.224236589062666,-0.818702279050018,2
1771109126929,-3.500000026248569,-0.7070610761580142,0.10496183150258008,2
1771109127037,3.075381679700863,-0.8206106765928018,0.7604961539951098,2
1771109127146,5.787213734223103,0.5858778321912381,0.695610690901311,2
1771109127299,-3.4036258436162776,0.1469465574335055,0.09732824133144458,2
1771109127392,-2.1354962100449217,0.8416030495634245,2.103053451817596,2
1771109127489,0.4541984551000036,0.6994274859868786,0.4770992256134101,2
1771109127596,-5.932251947474678,-1.3711832076033912,1.6125953900438457,2
1771109127698,2.5820610216129367,0.09732824133144458,-0.5830152358770623,2
1771109127806,1.9055344128611704,2.4112595482554857,-0.48187021947036984,2
1771109127913,-4.198473313464056,-0.5066793875265602,-2.5047710278518958,2
1771109128013,0.6211831867327399,2.2681297325466954,-0.5458015371536297,2
1771109128142,-0.17652671934665556,1.574427439188168,2.562977046185098,2
1771109128231,-0.4532442563286117,-0.694656492129919,-2.0333968347842784,2
1771109128340,2.6479006301172747,-0.3816793751546428,-0.15362594883324907,2
1771109128447,-1.995228883928601,6.869274500651326,1.0410305394234867,2
1771109128555,2.0973282591892444,-3.0448473190163208,-0.6288167769038753,2
1771109128664,-2.0496183206196474,-0.9351144757989815,1.284351119406725,2
1771109128772,0.03530534453634177,-0.3101144939806739,0.03816793751546428,2
1771109128882,1.5658396502456406,-1.774809181180475,-0.7003816847582707,2
1771109128981,-2.1946565338712216,0.4713740329850585,-0.6650763302167689,2
1771109129089,-4.543893055264526,1.0572519185371496,0.4532442563286117,2
1771109129213,1.7528626094384605,1.2309159882087763,1.2328243857515602,2
1771109129339,-1.7853053676657864,0.8082060925647067,-1.1173664411348416,2
1771109129423,1.682251900355457,-4.0124044463209225,1.2958015046634281,2
1771109129531,-0.4780534243848021,5.44274808447232,0.7213740577288933,2
1771109129639,-3.596373781994038,4.133587797009405,0.7499999675097985,2
1771109129740,-0.6679389265309448,0.8893129881330214,-1.109732850963706,2
1771109129848,-2.2423664724408185,4.275763307225097,0.14312976234793776,2
1771109129957,-2.456106783789201,0.8835877955046698,0.6650763302167689,2
1771109130065,-1.1641220742113407,-5.642175520971529,-0.2872137234672674,2
1771109130176,-0.3196564816945933,1.8750000521766286,-1.1374046153340722,2
1771109130274,-0.2061068679195924,0.5610687174959006,2.12977101741657,2
1771109130385,-1.8902672325188994,0.68034351055904,0.0333969469935579,2
1771109130490,5.395037932459311,6.379771064535791,-1.8902672325188994,2
