type,timestamp,lat,lng,value,severity,description,limit,excess,zone_type,ride_id
vertical_impact,1771109315830.0,49.2387736,-122.9216691,0.97,high,Vertical impact detected: 0.97g variance,,,,3
sudden_stop,1771109316176.0,49.2387148,-122.9217764,8.07,high,Sudden stop: 8.1 km/h drop in 403.0s,,,,3
vertical_impact,1771109316873.0,49.2386732,-122.9218609,1.01,high,Vertical impact detected: 1.01g variance,,,,3
vertical_impact,1771109317956.0,49.2386399,-122.921927,0.99,high,Vertical impact detected: 0.99g variance,,,,3
vertical_impact,1771109319026.0,49.2386109,-122.921986,0.95,high,Vertical impact detected: 0.95g variance,,,,3
vertical_impact,1771109320108.0,49.2386109,-122.921986,1.01,high,Vertical impact detected: 1.01g variance,,,,3
vertical_impact,1771109321186.0,49.2385631,-122.9220757,0.99,high,Vertical impact detected: 0.99g variance,,,,3
vertical_impact,1771109322252.0,49.2385336,-122.9221352,0.96,high,Vertical impact detected: 0.96g variance,,,,3
vertical_impact,1771109323311.0,49.2385336,-122.9221352,1.06,high,Vertical impact detected: 1.06g variance,,,,3
vertical_impact,1771109324395.0,49.238499,-122.9222069,1.02,high,Vertical impact detected: 1.02g variance,,,,3
vertical_impact,1771109325464.0,49.238499,-122.9222069,1.01,high,Vertical impact detected: 1.01g variance,,,,3
vertical_impact,1771109326531.0,49.2384712,-122.9222629,0.98,high,Vertical impact detected: 0.98g variance,,,,3
vertical_impact,1771109327591.0,49.2384427,-122.9223248,1.03,high,Vertical impact detected: 1.03g variance,,,,3
vertical_impact,1771109328641.0,49.2383683,-122.9224721,1.07,high,Vertical impact detected: 1.07g variance,,,,3
vertical_impact,1771109329706.0,49.2383282,-122.9225582,0.98,high,Vertical impact detected: 0.98g variance,,,,3
vertical_impact,1771109330785.0,49.2382853,-122.922651,1.02,high,Vertical impact detected: 1.02g variance,,,,3
vertical_impact,1771109331850.0,49.2382396,-122.9227532,1.01,high,Vertical impact detected: 1.01g variance,,,,3
vertical_impact,1771109332929.0,49.2381887,-122.9228613,0.88,high,Vertical impact detected: 0.88g variance,,,,3
vertical_impact,1771109334005.0,49.2381375,-122.9229769,1.0,high,Vertical impact detected: 1.0g variance,,,,3
vertical_impact,1771109335072.0,49.2380852,-122.9230985,0.93,high,Vertical impact detected: 0.93g variance,,,,3
vertical_impact,1771109336165.0,49.2380307,-122.9232252,0.97,high,Vertical impact detected: 0.97g variance,,,,3
vertical_impact,1771109337200.0,49.2379743,-122.9233571,0.99,high,Vertical impact detected: 0.99g variance,,,,3
vertical_impact,1771109338267.0,49.2379183,-122.9234903,0.97,high,Vertical impact detected: 0.97g variance,,,,3
vertical_impact,1771109339311.0,49.2378666,-122.9236222,1.0,high,Vertical impact detected: 1.0g variance,,,,3
vertical_impact,1771109340362.0,49.2378167,-122.9237499,0.91,high,Vertical impact detected: 0.91g variance,,,,3
vertical_impact,1771109341430.0,49.2377682,-122.9238782,0.97,high,Vertical impact detected: 0.97g variance,,,,3
vertical_impact,1771109342497.0,49.2377213,-122.924012,0.98,high,Vertical impact detected: 0.98g variance,,,,3
vertical_impact,1771109343581.0,49.2376737,-122.9241473,1.02,high,Vertical impact detected: 1.02g variance,,,,3
vertical_impact,1771109344642.0,49.2375866,-122.9243992,0.95,high,Vertical impact detected: 0.95g variance,,,,3
vertical_impact,1771109345702.0,49.23755,-122.9245074,1.01,high,Vertical impact detected: 1.01g variance,,,,3
vertical_impact,1771109346779.0,49.2375139,-122.9246096,0.98,high,Vertical impact detected: 0.98g variance,,,,3
vertical_impact,1771109347856.0,49.2374816,-122.9246997,0.99,high,Vertical impact detected: 0.99g variance,,,,3
vertical_impact,1771109348906.0,49.2374499,-122.9247888,1.03,high,Vertical impact detected: 1.03g variance,,,,3
vertical_impact,1771109349989.0,49.2374204,-122.9248811,0.99,high,Vertical impact detected: 0.99g variance,,,,3
vertical_impact,1771109351065.0,49.2373878,-122.9249831,0.94,high,Vertical impact detected: 0.94g variance,,,,3
vertical_impact,1771109352155.0,49.2373529,-122.9250982,1.03,high,Vertical impact detected: 1.03g variance,,,,3
vertical_impact,1771109353210.0,49.2373152,-122.9252191,1.01,high,Vertical impact detected: 1.01g variance,,,,3
vertical_impact,1771109354276.0,49.2372755,-122.9253491,0.92,high,Vertical impact detected: 0.92g variance,,,,3
vertical_impact,1771109355347.0,49.2372383,-122.9254785,0.96,high,Vertical impact detected: 0.96g variance,,,,3
vertical_impact,1771109356404.0,49.2372033,-122.9256104,0.96,high,Vertical impact detected: 0.96g variance,,,,3
vertical_impact,1771109357487.0,49.2371663,-122.9257459,1.05,high,Vertical impact detected: 1.05g variance,,,,3
vertical_impact,1771109358531.0,49.2371289,-122.9258872,1.02,high,Vertical impact detected: 1.02g variance,,,,3
vertical_impact,1771109359599.0,49.2370581,-122.9261665,0.98,high,Vertical impact detected: 0.98g variance,,,,3
vertical_impact,1771109360674.0,49.2370269,-122.926291,1.06,high,Vertical impact detected: 1.06g variance,,,,3
vertical_impact,1771109361749.0,49.2370003,-122.9264085,0.98,high,Vertical impact detected: 0.98g variance,,,,3
vertical_impact,1771109362808.0,49.2369754,-122.926513,1.08,high,Vertical impact detected: 1.08g variance,,,,3
vertical_impact,1771109363868.0,49.2369521,-122.9266069,1.06,high,Vertical impact detected: 1.06g variance,,,,3
vertical_impact,1771109364953.0,49.2369337,-122.9266968,1.0,high,Vertical impact detected: 1.0g variance,,,,3
vertical_impact,1771109366012.0,49.2369172,-122.9267802,0.99,high,Vertical impact detected: 0.99g variance,,,,3
vertical_impact,1771109367073.0,49.2369007,-122.9268523,0.91,high,Vertical impact detected: 0.91g variance,,,,3
vertical_impact,1771109368143.0,49.2368867,-122.9269205,1.0,high,Vertical impact detected: 1.0g variance,,,,3
vertical_impact,1771109369208.0,49.2368621,-122.9270433,1.0,high,Vertical impact detected: 1.0g variance,,,,3
vertical_impact,1771109370292.0,49.2368621,-122.9270433,0.91,high,Vertical impact detected: 0.91g variance,,,,3
vertical_impact,1771109371343.0,49.2368455,-122.9271178,1.01,high,Vertical impact detected: 1.01g variance,,,,3
vertical_impact,1771109372410.0,49.2368455,-122.9271178,1.0,high,Vertical impact detected: 1.0g variance,,,,3
vertical_impact,1771109373477.0,49.2368455,-122.9271178,1.07,high,Vertical impact detected: 1.07g variance,,,,3
vertical_impact,1771109374528.0,49.2368455,-122.9271178,1.02,high,Vertical impact detected: 1.02g variance,,,,3
vertical_impact,1771109375596.0,49.2368455,-122.9271178,1.03,high,Vertical impact detected: 1.03g variance,,,,3
vertical_impact,1771109376664.0,49.2368267,-122.9272199,1.05,high,Vertical impact detected: 1.05g variance,,,,3
vertical_impact,1771109377731.0,49.2368267,-122.9272199,0.98,high,Vertical impact detected: 0.98g variance,,,,3
vertical_impact,1771109378799.0,49.2368267,-122.9272199,0.98,high,Vertical impact detected: 0.98g variance,,,,3
vertical_impact,1771109379858.0,49.2368267,-122.9272199,0.97,high,Vertical impact detected: 0.97g variance,,,,3
vertical_impact,1771109380926.0,49.2368009,-122.927348,0.97,high,Vertical impact detected: 0.97g variance,,,,3
vertical_impact,1771109381979.0,49.2367865,-122.9274192,0.94,high,Vertical impact detected: 0.94g variance,,,,3
vertical_impact,1771109382981.0,49.2367865,-122.9274192,0.95,high,Vertical impact detected: 0.95g variance,,,,3
vertical_impact,1771109384021.0,49.2367701,-122.9275166,1.02,high,Vertical impact detected: 1.02g variance,,,,3
vertical_impact,1771109385078.0,49.2367701,-122.9275166,1.01,high,Vertical impact detected: 1.01g variance,,,,3
vertical_impact,1771109386147.0,49.2367511,-122.9275895,1.01,high,Vertical impact detected: 1.01g variance,,,,3
vertical_impact,1771109387212.0,49.2367511,-122.9275895,0.98,high,Vertical impact detected: 0.98g variance,,,,3
vertical_impact,1771109388265.0,49.2367511,-122.9275895,1.04,high,Vertical impact detected: 1.04g variance,,,,3
vertical_impact,1771109389332.0,49.2367403,-122.9276674,0.99,high,Vertical impact detected: 0.99g variance,,,,3
vertical_impact,1771109390400.0,49.2367403,-122.9276674,0.99,high,Vertical impact detected: 0.99g variance,,,,3
vertical_impact,1771109391484.0,49.2367236,-122.9277565,0.94,high,Vertical impact detected: 0.94g variance,,,,3
vertical_impact,1771109392551.0,49.2367236,-122.9277565,0.98,high,Vertical impact detected: 0.98g variance,,,,3
vertical_impact,1771109393628.0,49.236704,-122.9278728,0.97,high,Vertical impact detected: 0.97g variance,,,,3
vertical_impact,1771109394696.0,49.236704,-122.9278728,0.9,high,Vertical impact detected: 0.9g variance,,,,3
vertical_impact,1771109395754.0,49.23668,-122.9280341,1.09,high,Vertical impact detected: 1.09g variance,,,,3
vertical_impact,1771109396822.0,49.2366637,-122.9281321,1.0,high,Vertical impact detected: 1.0g variance,,,,3
vertical_impact,1771109397899.0,49.2366457,-122.9282375,1.02,high,Vertical impact detected: 1.02g variance,,,,3
vertical_impact,1771109398948.0,49.2366281,-122.9283533,1.0,high,Vertical impact detected: 1.0g variance,,,,3
vertical_impact,1771109400046.0,49.2366109,-122.9284709,0.99,high,Vertical impact detected: 0.99g variance,,,,3
vertical_impact,1771109401084.0,49.2365941,-122.9285938,1.02,high,Vertical impact detected: 1.02g variance,,,,3
vertical_impact,1771109402160.0,49.2365761,-122.9287203,0.98,high,Vertical impact detected: 0.98g variance,,,,3
vertical_impact,1771109403228.0,49.2365607,-122.9288563,0.93,high,Vertical impact detected: 0.93g variance,,,,3
vertical_impact,1771109404305.0,49.2365415,-122.9290018,0.99,high,Vertical impact detected: 0.99g variance,,,,3
vertical_impact,1771109405379.0,49.2365251,-122.9291471,1.02,high,Vertical impact detected: 1.02g variance,,,,3
vertical_impact,1771109406447.0,49.2365082,-122.9292913,0.94,high,Vertical impact detected: 0.94g variance,,,,3
vertical_impact,1771109407507.0,49.2364937,-122.929437,1.05,high,Vertical impact detected: 1.05g variance,,,,3
vertical_impact,1771109408565.0,49.2364832,-122.92958,1.06,high,Vertical impact detected: 1.06g variance,,,,3
vertical_impact,1771109409617.0,49.2364727,-122.929718,1.0,high,Vertical impact detected: 1.0g variance,,,,3
vertical_impact,1771109410685.0,49.2364539,-122.9299763,1.0,high,Vertical impact detected: 1.0g variance,,,,3
vertical_impact,1771109411751.0,49.2364462,-122.9301026,1.01,high,Vertical impact detected: 1.01g variance,,,,3
vertical_impact,1771109412803.0,49.2364388,-122.930221,1.04,high,Vertical impact detected: 1.04g variance,,,,3
vertical_impact,1771109413863.0,49.2364307,-122.9303348,0.98,high,Vertical impact detected: 0.98g variance,,,,3
vertical_impact,1771109414938.0,49.2364251,-122.9304447,1.0,high,Vertical impact detected: 1.0g variance,,,,3
vertical_impact,1771109416006.0,49.236421,-122.9305403,0.99,high,Vertical impact detected: 0.99g variance,,,,3
vertical_impact,1771109417108.0,49.2364169,-122.9306263,0.98,high,Vertical impact detected: 0.98g variance,,,,3
vertical_impact,1771109418147.0,49.2364152,-122.9306994,0.96,high,Vertical impact detected: 0.96g variance,,,,3
vertical_impact,1771109419226.0,49.2364074,-122.9308255,0.97,high,Vertical impact detected: 0.97g variance,,,,3
vertical_impact,1771109420277.0,49.2364074,-122.9308255,1.04,high,Vertical impact detected: 1.04g variance,,,,3
vertical_impact,1771109421332.0,49.2364038,-122.9309405,0.99,high,Vertical impact detected: 0.99g variance,,,,3
vertical_impact,1771109422395.0,49.2364038,-122.9309405,0.95,high,Vertical impact detected: 0.95g variance,,,,3
vertical_impact,1771109423472.0,49.2363996,-122.9310441,1.03,high,Vertical impact detected: 1.03g variance,,,,3
vertical_impact,1771109424533.0,49.2363996,-122.9310441,1.04,high,Vertical impact detected: 1.04g variance,,,,3
vertical_impact,1771109425601.0,49.2363942,-122.9311785,0.88,high,Vertical impact detected: 0.88g variance,,,,3
vertical_impact,1771109426660.0,49.2363919,-122.9312585,0.99,high,Vertical impact detected: 0.99g variance,,,,3
vertical_impact,1771109427719.0,49.23639,-122.931347,0.98,high,Vertical impact detected: 0.98g variance,,,,3
vertical_impact,1771109428785.0,49.2363882,-122.9314399,1.07,high,Vertical impact detected: 1.07g variance,,,,3
vertical_impact,1771109429853.0,49.2363869,-122.9315454,1.12,high,Vertical impact detected: 1.12g variance,,,,3
vertical_impact,1771109430929.0,49.2363869,-122.9316578,0.93,high,Vertical impact detected: 0.93g variance,,,,3
vertical_impact,1771109431991.0,49.2363861,-122.9317814,0.95,high,Vertical impact detected: 0.95g variance,,,,3
vertical_impact,1771109433048.0,49.2363855,-122.9318999,0.96,high,Vertical impact detected: 0.96g variance,,,,3
vertical_impact,1771109434185.0,49.2363856,-122.9320158,0.99,high,Vertical impact detected: 0.99g variance,,,,3
vertical_impact,1771109435261.0,49.2363883,-122.932126,1.02,high,Vertical impact detected: 1.02g variance,,,,3
vertical_impact,1771109436327.0,49.2363907,-122.9322309,1.04,high,Vertical impact detected: 1.04g variance,,,,3
vertical_impact,1771109437395.0,49.2363921,-122.9323351,1.01,high,Vertical impact detected: 1.01g variance,,,,3
vertical_impact,1771109438463.0,49.2363946,-122.9324433,0.95,high,Vertical impact detected: 0.95g variance,,,,3
vertical_impact,1771109439519.0,49.2363977,-122.9325622,0.98,high,Vertical impact detected: 0.98g variance,,,,3
vertical_impact,1771109440574.0,49.2364011,-122.9326852,1.01,high,Vertical impact detected: 1.01g variance,,,,3
vertical_impact,1771109441626.0,49.2364044,-122.9328089,1.01,high,Vertical impact detected: 1.01g variance,,,,3
vertical_impact,1771109442693.0,49.2364226,-122.9330605,1.03,high,Vertical impact detected: 1.03g variance,,,,3
vertical_impact,1771109443769.0,49.2364316,-122.933195,0.96,high,Vertical impact detected: 0.96g variance,,,,3
vertical_impact,1771109444820.0,49.2364385,-122.9333317,0.93,high,Vertical impact detected: 0.93g variance,,,,3
vertical_impact,1771109445895.0,49.2364473,-122.9334662,1.02,high,Vertical impact detected: 1.02g variance,,,,3
vertical_impact,1771109446955.0,49.2364543,-122.9335976,0.96,high,Vertical impact detected: 0.96g variance,,,,3
vertical_impact,1771109448015.0,49.2364639,-122.9337211,1.0,high,Vertical impact detected: 1.0g variance,,,,3
vertical_impact,1771109449075.0,49.2364706,-122.9338415,1.0,high,Vertical impact detected: 1.0g variance,,,,3
vertical_impact,1771109450190.0,49.2364795,-122.9339547,0.98,high,Vertical impact detected: 0.98g variance,,,,3
vertical_impact,1771109451194.0,49.2364872,-122.934054,0.98,high,Vertical impact detected: 0.98g variance,,,,3
vertical_impact,1771109452276.0,49.2364935,-122.9341454,1.01,high,Vertical impact detected: 1.01g variance,,,,3
vertical_impact,1771109453344.0,49.2364999,-122.9342311,0.95,high,Vertical impact detected: 0.95g variance,,,,3
vertical_impact,1771109454412.0,49.2365028,-122.9343129,0.95,high,Vertical impact detected: 0.95g variance,,,,3
vertical_impact,1771109455489.0,49.2365076,-122.9343942,0.91,high,Vertical impact detected: 0.91g variance,,,,3
vertical_impact,1771109456576.0,49.2365135,-122.9344835,0.96,high,Vertical impact detected: 0.96g variance,,,,3
vertical_impact,1771109457650.0,49.2365214,-122.9345806,0.95,high,Vertical impact detected: 0.95g variance,,,,3
vertical_impact,1771109458708.0,49.2365298,-122.9346843,0.95,high,Vertical impact detected: 0.95g variance,,,,3
vertical_impact,1771109459790.0,49.2365454,-122.9349184,0.89,high,Vertical impact detected: 0.89g variance,,,,3
vertical_impact,1771109460837.0,49.2365524,-122.935044,1.01,high,Vertical impact detected: 1.01g variance,,,,3
vertical_impact,1771109461894.0,49.2365608,-122.9351757,0.99,high,Vertical impact detected: 0.99g variance,,,,3
vertical_impact,1771109462973.0,49.2365674,-122.9353039,0.93,high,Vertical impact detected: 0.93g variance,,,,3
vertical_impact,1771109464054.0,49.2365764,-122.9354291,1.04,high,Vertical impact detected: 1.04g variance,,,,3
vertical_impact,1771109465187.0,49.2365847,-122.9355543,1.04,high,Vertical impact detected: 1.04g variance,,,,3
vertical_impact,1771109466240.0,49.2365937,-122.9356858,0.95,high,Vertical impact detected: 0.95g variance,,,,3
vertical_impact,1771109467317.0,49.2366016,-122.9358233,0.98,high,Vertical impact detected: 0.98g variance,,,,3
vertical_impact,1771109468386.0,49.2366112,-122.9359605,0.93,high,Vertical impact detected: 0.93g variance,,,,3
vertical_impact,1771109469462.0,49.2366222,-122.9360923,0.99,high,Vertical impact detected: 0.99g variance,,,,3
vertical_impact,1771109470530.0,49.2366327,-122.9362258,0.96,high,Vertical impact detected: 0.96g variance,,,,3
vertical_impact,1771109471591.0,49.2366412,-122.9363559,0.99,high,Vertical impact detected: 0.99g variance,,,,3
vertical_impact,1771109472657.0,49.2366587,-122.9366003,0.97,high,Vertical impact detected: 0.97g variance,,,,3
vertical_impact,1771109473732.0,49.2366664,-122.9367102,0.97,high,Vertical impact detected: 0.97g variance,,,,3
vertical_impact,1771109474794.0,49.2366723,-122.9368168,0.94,high,Vertical impact detected: 0.94g variance,,,,3
vertical_impact,1771109475861.0,49.2366766,-122.9369069,0.92,high,Vertical impact detected: 0.92g variance,,,,3
vertical_impact,1771109476945.0,49.2366813,-122.9369781,1.08,high,Vertical impact detected: 1.08g variance,,,,3
vertical_impact,1771109478003.0,49.2366813,-122.9369781,0.94,high,Vertical impact detected: 0.94g variance,,,,3
vertical_impact,1771109479070.0,49.2366873,-122.9370976,0.98,high,Vertical impact detected: 0.98g variance,,,,3
vertical_impact,1771109480148.0,49.236697,-122.9372083,1.01,high,Vertical impact detected: 1.01g variance,,,,3
vertical_impact,1771109481150.0,49.236697,-122.9372083,0.88,high,Vertical impact detected: 0.88g variance,,,,3
vertical_impact,1771109482165.0,49.2367021,-122.9372767,0.96,high,Vertical impact detected: 0.96g variance,,,,3
vertical_impact,1771109483228.0,49.2367056,-122.9373494,0.95,high,Vertical impact detected: 0.95g variance,,,,3
vertical_impact,1771109484275.0,49.236709,-122.9374213,0.99,high,Vertical impact detected: 0.99g variance,,,,3
vertical_impact,1771109485293.0,49.2367148,-122.9374931,0.93,high,Vertical impact detected: 0.93g variance,,,,3
vertical_impact,1771109486318.0,49.2367205,-122.9375714,0.94,high,Vertical impact detected: 0.94g variance,,,,3
vertical_impact,1771109487393.0,49.236726,-122.9376605,0.94,high,Vertical impact detected: 0.94g variance,,,,3
vertical_impact,1771109488445.0,49.2367357,-122.937756,0.99,high,Vertical impact detected: 0.99g variance,,,,3
vertical_impact,1771109489512.0,49.2367424,-122.9378555,0.93,high,Vertical impact detected: 0.93g variance,,,,3
vertical_impact,1771109490596.0,49.2367482,-122.9379491,0.93,high,Vertical impact detected: 0.93g variance,,,,3
vertical_impact,1771109491649.0,49.2367534,-122.9380313,0.95,high,Vertical impact detected: 0.95g variance,,,,3
vertical_impact,1771109492720.0,49.2367574,-122.9381313,1.03,high,Vertical impact detected: 1.03g variance,,,,3
vertical_impact,1771109493774.0,49.2367574,-122.9381313,0.98,high,Vertical impact detected: 0.98g variance,,,,3
vertical_impact,1771109494848.0,49.2367618,-122.938211,1.01,high,Vertical impact detected: 1.01g variance,,,,3
vertical_impact,1771109495909.0,49.2367618,-122.938211,1.05,high,Vertical impact detected: 1.05g variance,,,,3
vertical_impact,1771109496978.0,49.2367618,-122.938211,0.93,high,Vertical impact detected: 0.93g variance,,,,3
vertical_impact,1771109498038.0,49.2367724,-122.9383045,1.02,high,Vertical impact detected: 1.02g variance,,,,3
vertical_impact,1771109499112.0,49.2367724,-122.9383045,0.86,high,Vertical impact detected: 0.86g variance,,,,3
vertical_impact,1771109500171.0,49.2367843,-122.9384462,0.97,high,Vertical impact detected: 0.97g variance,,,,3
vertical_impact,1771109501233.0,49.2367901,-122.9385356,0.98,high,Vertical impact detected: 0.98g variance,,,,3
vertical_impact,1771109502300.0,49.2367953,-122.9386332,0.85,high,Vertical impact detected: 0.85g variance,,,,3
vertical_impact,1771109503375.0,49.2368019,-122.9387316,0.98,high,Vertical impact detected: 0.98g variance,,,,3
vertical_impact,1771109504434.0,49.2368079,-122.9388276,0.99,high,Vertical impact detected: 0.99g variance,,,,3
vertical_impact,1771109505486.0,49.2368155,-122.9389245,0.97,high,Vertical impact detected: 0.97g variance,,,,3
vertical_impact,1771109506552.0,49.2368257,-122.9390262,0.98,high,Vertical impact detected: 0.98g variance,,,,3
vertical_impact,1771109507612.0,49.2368357,-122.9391384,0.93,high,Vertical impact detected: 0.93g variance,,,,3
vertical_impact,1771109508664.0,49.2368511,-122.9393848,1.08,high,Vertical impact detected: 1.08g variance,,,,3
vertical_impact,1771109509739.0,49.2368611,-122.9395157,1.03,high,Vertical impact detected: 1.03g variance,,,,3
vertical_impact,1771109510807.0,49.2368699,-122.9396596,1.06,high,Vertical impact detected: 1.06g variance,,,,3
vertical_impact,1771109511874.0,49.2368787,-122.9398072,1.0,high,Vertical impact detected: 1.0g variance,,,,3
vertical_impact,1771109512941.0,49.2368872,-122.9399602,0.94,high,Vertical impact detected: 0.94g variance,,,,3
vertical_impact,1771109514009.0,49.2368961,-122.9401076,1.05,high,Vertical impact detected: 1.05g variance,,,,3
vertical_impact,1771109515079.0,49.2369062,-122.9402559,0.95,high,Vertical impact detected: 0.95g variance,,,,3
vertical_impact,1771109516170.0,49.2369157,-122.940408,1.01,high,Vertical impact detected: 1.01g variance,,,,3
vertical_impact,1771109517210.0,49.2369276,-122.9405571,1.02,high,Vertical impact detected: 1.02g variance,,,,3
vertical_impact,1771109518272.0,49.2369372,-122.9406972,0.97,high,Vertical impact detected: 0.97g variance,,,,3
vertical_impact,1771109519356.0,49.2369453,-122.9408229,1.02,high,Vertical impact detected: 1.02g variance,,,,3
vertical_impact,1771109520415.0,49.2369512,-122.9409244,1.02,high,Vertical impact detected: 1.02g variance,,,,3
vertical_impact,1771109521492.0,49.2369572,-122.9410123,1.01,high,Vertical impact detected: 1.01g variance,,,,3
vertical_impact,1771109522561.0,49.2369621,-122.9410862,0.95,high,Vertical impact detected: 0.95g variance,,,,3
vertical_impact,1771109523618.0,49.2369721,-122.9412074,0.95,high,Vertical impact detected: 0.95g variance,,,,3
vertical_impact,1771109524679.0,49.2369721,-122.9412074,1.03,high,Vertical impact detected: 1.03g variance,,,,3
vertical_impact,1771109525745.0,49.2369812,-122.9413247,0.99,high,Vertical impact detected: 0.99g variance,,,,3
vertical_impact,1771109526805.0,49.2369812,-122.9413247,1.01,high,Vertical impact detected: 1.01g variance,,,,3
vertical_impact,1771109527873.0,49.2369919,-122.9414608,1.04,high,Vertical impact detected: 1.04g variance,,,,3
vertical_impact,1771109528948.0,49.2369984,-122.9415467,0.95,high,Vertical impact detected: 0.95g variance,,,,3
vertical_impact,1771109530016.0,49.237005,-122.9416436,0.96,high,Vertical impact detected: 0.96g variance,,,,3
vertical_impact,1771109531083.0,49.2370104,-122.9417466,1.09,high,Vertical impact detected: 1.09g variance,,,,3
vertical_impact,1771109532151.0,49.2370178,-122.9418602,1.0,high,Vertical impact detected: 1.0g variance,,,,3
vertical_impact,1771109533227.0,49.2370257,-122.9419783,1.05,high,Vertical impact detected: 1.05g variance,,,,3
vertical_impact,1771109534304.0,49.2370354,-122.9421044,0.91,high,Vertical impact detected: 0.91g variance,,,,3
vertical_impact,1771109535382.0,49.2370445,-122.942231,1.02,high,Vertical impact detected: 1.02g variance,,,,3
vertical_impact,1771109536413.0,49.2370531,-122.9423628,0.9,high,Vertical impact detected: 0.9g variance,,,,3
vertical_impact,1771109537482.0,49.2370626,-122.9425037,1.0,high,Vertical impact detected: 1.0g variance,,,,3
vertical_impact,1771109538549.0,49.2370736,-122.9426473,0.89,high,Vertical impact detected: 0.89g variance,,,,3
vertical_impact,1771109539626.0,49.2370931,-122.942944,0.98,high,Vertical impact detected: 0.98g variance,,,,3
vertical_impact,1771109540693.0,49.2371044,-122.9430972,1.02,high,Vertical impact detected: 1.02g variance,,,,3
vertical_impact,1771109541753.0,49.2371153,-122.9432568,0.98,high,Vertical impact detected: 0.98g variance,,,,3
vertical_impact,1771109542820.0,49.237127,-122.9434147,0.96,high,Vertical impact detected: 0.96g variance,,,,3
vertical_impact,1771109543896.0,49.2371401,-122.9435734,1.0,high,Vertical impact detected: 1.0g variance,,,,3
vertical_impact,1771109544955.0,49.2371543,-122.9437313,1.01,high,Vertical impact detected: 1.01g variance,,,,3
vertical_impact,1771109546023.0,49.2371692,-122.9438889,0.99,high,Vertical impact detected: 0.99g variance,,,,3
vertical_impact,1771109547108.0,49.2371846,-122.944039,1.02,high,Vertical impact detected: 1.02g variance,,,,3
vertical_impact,1771109548169.0,49.2372019,-122.944187,0.97,high,Vertical impact detected: 0.97g variance,,,,3
vertical_impact,1771109549243.0,49.2372177,-122.9443155,0.93,high,Vertical impact detected: 0.93g variance,,,,3
sudden_stop,1771109550080.0,49.2372312,-122.9444245,6.23,high,Sudden stop: 6.2 km/h drop in 952.0s,,,,3
vertical_impact,1771109550305.0,49.2372312,-122.9444245,1.0,high,Vertical impact detected: 1.0g variance,,,,3
vertical_impact,1771109551389.0,49.2372416,-122.9445163,1.0,high,Vertical impact detected: 1.0g variance,,,,3
vertical_impact,1771109552481.0,49.2372504,-122.9445961,0.91,high,Vertical impact detected: 0.91g variance,,,,3
vertical_impact,1771109553489.0,49.2372584,-122.9446671,1.05,high,Vertical impact detected: 1.05g variance,,,,3
vertical_impact,1771109554557.0,49.2372675,-122.9447373,0.95,high,Vertical impact detected: 0.95g variance,,,,3
vertical_impact,1771109555628.0,49.2372781,-122.9448202,1.02,high,Vertical impact detected: 1.02g variance,,,,3
vertical_impact,1771109556709.0,49.2372992,-122.9449909,1.03,high,Vertical impact detected: 1.03g variance,,,,3
vertical_impact,1771109557769.0,49.2373101,-122.9450802,1.0,high,Vertical impact detected: 1.0g variance,,,,3
vertical_impact,1771109558828.0,49.2373217,-122.94517,0.99,high,Vertical impact detected: 0.99g variance,,,,3
vertical_impact,1771109559888.0,49.2373334,-122.9452529,0.97,high,Vertical impact detected: 0.97g variance,,,,3
vertical_impact,1771109560938.0,49.2373444,-122.9453354,1.04,high,Vertical impact detected: 1.04g variance,,,,3
vertical_impact,1771109562007.0,49.2373554,-122.9454083,1.03,high,Vertical impact detected: 1.03g variance,,,,3
vertical_impact,1771109563058.0,49.2373657,-122.9454762,0.97,high,Vertical impact detected: 0.97g variance,,,,3
vertical_impact,1771109564133.0,49.2373848,-122.945611,0.97,high,Vertical impact detected: 0.97g variance,,,,3
vertical_impact,1771109565212.0,49.2373848,-122.945611,1.0,high,Vertical impact detected: 1.0g variance,,,,3
vertical_impact,1771109566260.0,49.2373987,-122.9456842,1.0,high,Vertical impact detected: 1.0g variance,,,,3
vertical_impact,1771109567329.0,49.2374115,-122.9457644,0.97,high,Vertical impact detected: 0.97g variance,,,,3
vertical_impact,1771109568418.0,49.2374263,-122.9458447,1.08,high,Vertical impact detected: 1.08g variance,,,,3
vertical_impact,1771109569463.0,49.2374407,-122.9459307,0.99,high,Vertical impact detected: 0.99g variance,,,,3
vertical_impact,1771109570522.0,49.237456,-122.9460169,0.97,high,Vertical impact detected: 0.97g variance,,,,3
vertical_impact,1771109571598.0,49.237473,-122.9461096,1.02,high,Vertical impact detected: 1.02g variance,,,,3
vertical_impact,1771109572666.0,49.2375101,-122.9463015,0.95,high,Vertical impact detected: 0.95g variance,,,,3
vertical_impact,1771109573742.0,49.2375292,-122.9463953,0.98,high,Vertical impact detected: 0.98g variance,,,,3
vertical_impact,1771109574811.0,49.2375487,-122.9464933,1.0,high,Vertical impact detected: 1.0g variance,,,,3
vertical_impact,1771109575869.0,49.2375677,-122.9465923,0.98,high,Vertical impact detected: 0.98g variance,,,,3
vertical_impact,1771109576930.0,49.2375888,-122.9466959,1.06,high,Vertical impact detected: 1.06g variance,,,,3
vertical_impact,1771109578004.0,49.2376101,-122.9468019,1.02,high,Vertical impact detected: 1.02g variance,,,,3
vertical_impact,1771109579072.0,49.2376331,-122.946912,0.98,high,Vertical impact detected: 0.98g variance,,,,3
vertical_impact,1771109580159.0,49.2376579,-122.9470243,0.95,high,Vertical impact detected: 0.95g variance,,,,3
vertical_impact,1771109581216.0,49.2376822,-122.947134,0.96,high,Vertical impact detected: 0.96g variance,,,,3
vertical_impact,1771109582292.0,49.2377036,-122.9472408,1.01,high,Vertical impact detected: 1.01g variance,,,,3
vertical_impact,1771109583370.0,49.2377232,-122.9473445,1.09,high,Vertical impact detected: 1.09g variance,,,,3
vertical_impact,1771109584450.0,49.2377427,-122.9474426,0.96,high,Vertical impact detected: 0.96g variance,,,,3
vertical_impact,1771109585487.0,49.2377605,-122.9475351,0.95,high,Vertical impact detected: 0.95g variance,,,,3
vertical_impact,1771109586538.0,49.2377791,-122.9476235,0.89,high,Vertical impact detected: 0.89g variance,,,,3
vertical_impact,1771109587614.0,49.237817,-122.947788,0.96,high,Vertical impact detected: 0.96g variance,,,,3
vertical_impact,1771109588691.0,49.2378377,-122.9478653,1.01,high,Vertical impact detected: 1.01g variance,,,,3
vertical_impact,1771109589749.0,49.2378577,-122.947952,0.99,high,Vertical impact detected: 0.99g variance,,,,3
vertical_impact,1771109590817.0,49.2378784,-122.948037,0.99,high,Vertical impact detected: 0.99g variance,,,,3
vertical_impact,1771109591886.0,49.2378983,-122.9481159,1.03,high,Vertical impact detected: 1.03g variance,,,,3
vertical_impact,1771109592953.0,49.2379196,-122.948187,1.01,high,Vertical impact detected: 1.01g variance,,,,3
vertical_impact,1771109594020.0,49.2379417,-122.9482623,0.97,high,Vertical impact detected: 0.97g variance,,,,3
vertical_impact,1771109595098.0,49.2379618,-122.9483392,0.99,high,Vertical impact detected: 0.99g variance,,,,3
vertical_impact,1771109596189.0,49.2379789,-122.948412,1.0,high,Vertical impact detected: 1.0g variance,,,,3
vertical_impact,1771109597250.0,49.2379989,-122.9484821,0.98,high,Vertical impact detected: 0.98g variance,,,,3
vertical_impact,1771109598334.0,49.2380179,-122.9485591,0.99,high,Vertical impact detected: 0.99g variance,,,,3
vertical_impact,1771109599384.0,49.2380376,-122.9486374,1.0,high,Vertical impact detected: 1.0g variance,,,,3
vertical_impact,1771109600467.0,49.2380599,-122.9487162,1.01,high,Vertical impact detected: 1.01g variance,,,,3
vertical_impact,1771109601494.0,49.2380838,-122.9487952,1.01,high,Vertical impact detected: 1.01g variance,,,,3
vertical_impact,1771109602570.0,49.2381065,-122.9488744,0.99,high,Vertical impact detected: 0.99g variance,,,,3
vertical_impact,1771109603631.0,49.238128,-122.948952,0.97,high,Vertical impact detected: 0.97g variance,,,,3
vertical_impact,1771109604696.0,49.238149,-122.949023,0.98,high,Vertical impact detected: 0.98g variance,,,,3
vertical_impact,1771109605773.0,49.238184,-122.9491413,0.98,high,Vertical impact detected: 0.98g variance,,,,3
vertical_impact,1771109606833.0,49.238184,-122.9491413,1.02,high,Vertical impact detected: 1.02g variance,,,,3
vertical_impact,1771109607900.0,49.2382168,-122.9492505,1.0,high,Vertical impact detected: 1.0g variance,,,,3
vertical_impact,1771109608967.0,49.2382385,-122.9493223,1.01,high,Vertical impact detected: 1.01g variance,,,,3
vertical_impact,1771109610035.0,49.2382606,-122.9494011,0.98,high,Vertical impact detected: 0.98g variance,,,,3
vertical_impact,1771109611115.0,49.2382844,-122.9494844,0.91,high,Vertical impact detected: 0.91g variance,,,,3
vertical_impact,1771109612147.0,49.2383075,-122.9495611,1.0,high,Vertical impact detected: 1.0g variance,,,,3
vertical_impact,1771109613212.0,49.2383267,-122.9496296,1.04,high,Vertical impact detected: 1.04g variance,,,,3
vertical_impact,1771109614273.0,49.2383608,-122.9497486,1.03,high,Vertical impact detected: 1.03g variance,,,,3
vertical_impact,1771109615334.0,49.2383608,-122.9497486,0.99,high,Vertical impact detected: 0.99g variance,,,,3
vertical_impact,1771109616400.0,49.2383982,-122.9498679,0.98,high,Vertical impact detected: 0.98g variance,,,,3
vertical_impact,1771109617502.0,49.2383982,-122.9498679,0.99,high,Vertical impact detected: 0.99g variance,,,,3
vertical_impact,1771109618538.0,49.2384194,-122.949933,0.96,high,Vertical impact detected: 0.96g variance,,,,3
vertical_impact,1771109619596.0,49.2384416,-122.9500016,0.96,high,Vertical impact detected: 0.96g variance,,,,3
vertical_impact,1771109620670.0,49.2384832,-122.9501302,1.0,high,Vertical impact detected: 1.0g variance,,,,3
vertical_impact,1771109621713.0,49.2385022,-122.9501986,1.1,high,Vertical impact detected: 1.1g variance,,,,3
vertical_impact,1771109622772.0,49.2385235,-122.9502754,0.9,high,Vertical impact detected: 0.9g variance,,,,3
vertical_impact,1771109623848.0,49.2385515,-122.9503636,0.94,high,Vertical impact detected: 0.94g variance,,,,3
vertical_impact,1771109624909.0,49.2385806,-122.9504642,0.99,high,Vertical impact detected: 0.99g variance,,,,3
vertical_impact,1771109625995.0,49.2386139,-122.9505726,0.96,high,Vertical impact detected: 0.96g variance,,,,3
vertical_impact,1771109627060.0,49.2386451,-122.9506857,1.0,high,Vertical impact detected: 1.0g variance,,,,3
vertical_impact,1771109628150.0,49.2386787,-122.9507993,0.96,high,Vertical impact detected: 0.96g variance,,,,3
vertical_impact,1771109629180.0,49.2387134,-122.9509149,0.95,high,Vertical impact detected: 0.95g variance,,,,3
vertical_impact,1771109630238.0,49.2387528,-122.951042,0.97,high,Vertical impact detected: 0.97g variance,,,,3
vertical_impact,1771109631322.0,49.2387938,-122.9511818,0.99,high,Vertical impact detected: 0.99g variance,,,,3
vertical_impact,1771109632392.0,49.2388407,-122.9513397,1.02,high,Vertical impact detected: 1.02g variance,,,,3
vertical_impact,1771109633449.0,49.2388924,-122.951512,0.99,high,Vertical impact detected: 0.99g variance,,,,3
vertical_impact,1771109634538.0,49.2389474,-122.9516985,1.04,high,Vertical impact detected: 1.04g variance,,,,3
vertical_impact,1771109635594.0,49.239006,-122.9519023,1.01,high,Vertical impact detected: 1.01g variance,,,,3
vertical_impact,1771109636669.0,49.2391386,-122.9523415,0.92,high,Vertical impact detected: 0.92g variance,,,,3
vertical_impact,1771109637728.0,49.2392114,-122.9525759,0.95,high,Vertical impact detected: 0.95g variance,,,,3
speeding,1771109638108.0,49.2392114,-122.9525759,69.4,high,69.0 km/h in a 50 km/h zone (19.0 km/h over),50.0,19.4,regular,3
vertical_impact,1771109638797.0,49.2392842,-122.952822,0.99,high,Vertical impact detected: 0.99g variance,,,,3
vertical_impact,1771109639856.0,49.2393602,-122.9530784,0.97,high,Vertical impact detected: 0.97g variance,,,,3
vertical_impact,1771109640915.0,49.2394398,-122.9533427,0.97,high,Vertical impact detected: 0.97g variance,,,,3
vertical_impact,1771109641984.0,49.2395207,-122.9536094,0.99,high,Vertical impact detected: 0.99g variance,,,,3
vertical_impact,1771109643043.0,49.2396058,-122.9538836,1.0,high,Vertical impact detected: 1.0g variance,,,,3
speeding,1771109643128.0,49.2396058,-122.9538836,80.1,high,80.0 km/h in a 50 km/h zone (30.0 km/h over),50.0,30.1,regular,3
vertical_impact,1771109644165.0,49.2396925,-122.9541632,0.99,high,Vertical impact detected: 0.99g variance,,,,3
vertical_impact,1771109645211.0,49.2397793,-122.9544462,0.9,high,Vertical impact detected: 0.9g variance,,,,3
vertical_impact,1771109646280.0,49.2398685,-122.9547319,0.9,high,Vertical impact detected: 0.9g variance,,,,3
vertical_impact,1771109647356.0,49.2399557,-122.955015,1.0,high,Vertical impact detected: 1.0g variance,,,,3
speeding,1771109648079.0,49.2400434,-122.9553033,83.8,high,84.0 km/h in a 50 km/h zone (34.0 km/h over),50.0,33.8,regular,3
vertical_impact,1771109648433.0,49.2400434,-122.9553033,1.0,high,Vertical impact detected: 1.0g variance,,,,3
vertical_impact,1771109649483.0,49.2401265,-122.9555929,0.94,high,Vertical impact detected: 0.94g variance,,,,3
vertical_impact,1771109650547.0,49.240213,-122.9558892,1.02,high,Vertical impact detected: 1.02g variance,,,,3
vertical_impact,1771109651610.0,49.2403879,-122.9564938,0.91,high,Vertical impact detected: 0.91g variance,,,,3
vertical_impact,1771109652661.0,49.2404786,-122.9568035,1.07,high,Vertical impact detected: 1.07g variance,,,,3
speeding,1771109653112.0,49.2404786,-122.9568035,89.6,high,90.0 km/h in a 50 km/h zone (40.0 km/h over),50.0,39.6,regular,3
vertical_impact,1771109653720.0,49.2405689,-122.9571232,1.03,high,Vertical impact detected: 1.03g variance,,,,3
vertical_impact,1771109654782.0,49.240656,-122.9574461,1.05,high,Vertical impact detected: 1.05g variance,,,,3
vertical_impact,1771109655849.0,49.2407415,-122.957777,0.97,high,Vertical impact detected: 0.97g variance,,,,3
vertical_impact,1771109656918.0,49.2408234,-122.9581122,1.0,high,Vertical impact detected: 1.0g variance,,,,3
vertical_impact,1771109657987.0,49.2409048,-122.9584439,1.15,high,Vertical impact detected: 1.15g variance,,,,3
speeding,1771109658163.0,49.2409048,-122.9584439,92.8,high,93.0 km/h in a 50 km/h zone (43.0 km/h over),50.0,42.8,regular,3
vertical_impact,1771109659069.0,49.2409836,-122.9587769,1.06,high,Vertical impact detected: 1.06g variance,,,,3
vertical_impact,1771109660129.0,49.2410632,-122.959116,0.98,high,Vertical impact detected: 0.98g variance,,,,3
vertical_impact,1771109661182.0,49.2411371,-122.9594547,1.07,high,Vertical impact detected: 1.07g variance,,,,3
vertical_impact,1771109662264.0,49.2412089,-122.9597922,1.06,high,Vertical impact detected: 1.06g variance,,,,3
speeding,1771109663086.0,49.2412783,-122.9601284,93.5,high,94.0 km/h in a 50 km/h zone (44.0 km/h over),50.0,43.5,regular,3
vertical_impact,1771109663317.0,49.2412783,-122.9601284,1.05,high,Vertical impact detected: 1.05g variance,,,,3
vertical_impact,1771109664392.0,49.2413467,-122.960475,0.96,high,Vertical impact detected: 0.96g variance,,,,3
vertical_impact,1771109665460.0,49.2414134,-122.9608236,0.91,high,Vertical impact detected: 0.91g variance,,,,3
vertical_impact,1771109666520.0,49.2414805,-122.9611784,1.0,high,Vertical impact detected: 1.0g variance,,,,3
vertical_impact,1771109667576.0,49.241548,-122.9615376,0.9,high,Vertical impact detected: 0.9g variance,,,,3
speeding,1771109668099.0,49.241618,-122.9618999,99.6,high,100.0 km/h in a 50 km/h zone (50.0 km/h over),50.0,49.6,regular,3
vertical_impact,1771109668653.0,49.2416876,-122.9622649,0.99,high,Vertical impact detected: 0.99g variance,,,,3
vertical_impact,1771109669715.0,49.2417602,-122.9626348,0.94,high,Vertical impact detected: 0.94g variance,,,,3
vertical_impact,1771109670780.0,49.2418349,-122.963,1.03,high,Vertical impact detected: 1.03g variance,,,,3
vertical_impact,1771109671826.0,49.2419133,-122.9633536,1.02,high,Vertical impact detected: 1.02g variance,,,,3
vertical_impact,1771109672884.0,49.2419958,-122.9637012,1.02,high,Vertical impact detected: 1.02g variance,,,,3
speeding,1771109673133.0,49.2419958,-122.9637012,97.7,high,98.0 km/h in a 50 km/h zone (48.0 km/h over),50.0,47.7,regular,3
vertical_impact,1771109673944.0,49.2420842,-122.9640483,0.91,high,Vertical impact detected: 0.91g variance,,,,3
vertical_impact,1771109675004.0,49.2421836,-122.9643919,0.93,high,Vertical impact detected: 0.93g variance,,,,3
vertical_impact,1771109676070.0,49.2422929,-122.9647295,1.0,high,Vertical impact detected: 1.0g variance,,,,3
vertical_impact,1771109677141.0,49.2424108,-122.9650548,1.08,high,Vertical impact detected: 1.08g variance,,,,3
speeding,1771109678123.0,49.2425352,-122.9653735,97.8,high,98.0 km/h in a 50 km/h zone (48.0 km/h over),50.0,47.8,regular,3
vertical_impact,1771109678190.0,49.2425352,-122.9653735,0.97,high,Vertical impact detected: 0.97g variance,,,,3
vertical_impact,1771109679229.0,49.2426668,-122.9656916,1.11,high,Vertical impact detected: 1.11g variance,,,,3
vertical_impact,1771109680310.0,49.2428043,-122.9660032,1.04,high,Vertical impact detected: 1.04g variance,,,,3
vertical_impact,1771109681383.0,49.2429508,-122.966305,1.08,high,Vertical impact detected: 1.08g variance,,,,3
vertical_impact,1771109682452.0,49.2431031,-122.9665968,0.98,high,Vertical impact detected: 0.98g variance,,,,3
speeding,1771109683153.0,49.2432644,-122.9668867,99.9,high,100.0 km/h in a 50 km/h zone (50.0 km/h over),50.0,49.9,regular,3
vertical_impact,1771109683504.0,49.2432644,-122.9668867,1.13,high,Vertical impact detected: 1.13g variance,,,,3
vertical_impact,1771109684593.0,49.2434346,-122.9671692,1.03,high,Vertical impact detected: 1.03g variance,,,,3
vertical_impact,1771109685634.0,49.2437938,-122.9676987,0.91,high,Vertical impact detected: 0.91g variance,,,,3
vertical_impact,1771109686681.0,49.2439872,-122.967951,1.04,high,Vertical impact detected: 1.04g variance,,,,3
vertical_impact,1771109687733.0,49.2441879,-122.9681893,0.98,high,Vertical impact detected: 0.98g variance,,,,3
speeding,1771109688128.0,49.2441879,-122.9681893,102.6,high,103.0 km/h in a 50 km/h zone (53.0 km/h over),50.0,52.6,regular,3
vertical_impact,1771109688817.0,49.2443941,-122.9684209,1.08,high,Vertical impact detected: 1.08g variance,,,,3
vertical_impact,1771109689877.0,49.2446072,-122.9686435,0.98,high,Vertical impact detected: 0.98g variance,,,,3
vertical_impact,1771109690936.0,49.244825,-122.9688582,0.86,high,Vertical impact detected: 0.86g variance,,,,3
vertical_impact,1771109692012.0,49.2450492,-122.9690691,1.03,high,Vertical impact detected: 1.03g variance,,,,3
vertical_impact,1771109693080.0,49.2452773,-122.9692753,0.98,high,Vertical impact detected: 0.98g variance,,,,3
speeding,1771109693141.0,49.2452773,-122.9692753,106.3,high,106.0 km/h in a 50 km/h zone (56.0 km/h over),50.0,56.3,regular,3
vertical_impact,1771109694178.0,49.2455074,-122.969477,1.01,high,Vertical impact detected: 1.01g variance,,,,3
vertical_impact,1771109695217.0,49.2457398,-122.9696831,1.03,high,Vertical impact detected: 1.03g variance,,,,3
vertical_impact,1771109696300.0,49.2459689,-122.9698922,0.93,high,Vertical impact detected: 0.93g variance,,,,3
vertical_impact,1771109697362.0,49.2462032,-122.9701032,1.02,high,Vertical impact detected: 1.02g variance,,,,3
speeding,1771109698102.0,49.2464385,-122.9703148,109.4,high,109.0 km/h in a 50 km/h zone (59.0 km/h over),50.0,59.4,regular,3
vertical_impact,1771109698427.0,49.2464385,-122.9703148,1.11,high,Vertical impact detected: 1.11g variance,,,,3
vertical_impact,1771109699488.0,49.2466763,-122.9705211,0.92,high,Vertical impact detected: 0.92g variance,,,,3
vertical_impact,1771109700548.0,49.2469091,-122.9707246,1.0,high,Vertical impact detected: 1.0g variance,,,,3
vertical_impact,1771109701639.0,49.2473672,-122.9711313,0.99,high,Vertical impact detected: 0.99g variance,,,,3
vertical_impact,1771109702675.0,49.2475978,-122.9713356,1.08,high,Vertical impact detected: 1.08g variance,,,,3
speeding,1771109703176.0,49.2475978,-122.9713356,106.9,high,107.0 km/h in a 50 km/h zone (57.0 km/h over),50.0,56.9,regular,3
vertical_impact,1771109703735.0,49.247829,-122.9715384,1.04,high,Vertical impact detected: 1.04g variance,,,,3
vertical_impact,1771109704793.0,49.2480612,-122.9717434,0.97,high,Vertical impact detected: 0.97g variance,,,,3
vertical_impact,1771109705870.0,49.2482954,-122.9719495,0.87,high,Vertical impact detected: 0.87g variance,,,,3
vertical_impact,1771109706929.0,49.2485282,-122.9721575,1.13,high,Vertical impact detected: 1.13g variance,,,,3
vertical_impact,1771109708005.0,49.2487603,-122.97237,1.01,high,Vertical impact detected: 1.01g variance,,,,3
speeding,1771109708132.0,49.2487603,-122.97237,108.2,high,108.0 km/h in a 50 km/h zone (58.0 km/h over),50.0,58.2,regular,3
vertical_impact,1771109709077.0,49.2489931,-122.9725834,1.1,high,Vertical impact detected: 1.1g variance,,,,3
vertical_impact,1771109710184.0,49.2492282,-122.9727899,0.96,high,Vertical impact detected: 0.96g variance,,,,3
vertical_impact,1771109711205.0,49.2494633,-122.9729935,0.98,high,Vertical impact detected: 0.98g variance,,,,3
vertical_impact,1771109712268.0,49.2496962,-122.9731969,1.12,high,Vertical impact detected: 1.12g variance,,,,3
speeding,1771109713125.0,49.2499218,-122.9733955,104.3,high,104.0 km/h in a 50 km/h zone (54.0 km/h over),50.0,54.3,regular,3
vertical_impact,1771109713336.0,49.2499218,-122.9733955,1.06,high,Vertical impact detected: 1.06g variance,,,,3
vertical_impact,1771109714388.0,49.250146,-122.9735949,1.08,high,Vertical impact detected: 1.08g variance,,,,3
vertical_impact,1771109715456.0,49.2503657,-122.9737904,1.0,high,Vertical impact detected: 1.0g variance,,,,3
vertical_impact,1771109716515.0,49.2505852,-122.9739869,1.12,high,Vertical impact detected: 1.12g variance,,,,3
vertical_impact,1771109717575.0,49.2508071,-122.974185,1.09,high,Vertical impact detected: 1.09g variance,,,,3
speeding,1771109718161.0,49.2510302,-122.9743825,102.6,high,103.0 km/h in a 50 km/h zone (53.0 km/h over),50.0,52.6,regular,3
vertical_impact,1771109718653.0,49.2512512,-122.9745791,1.04,high,Vertical impact detected: 1.04g variance,,,,3
vertical_impact,1771109719703.0,49.2514733,-122.9747741,0.99,high,Vertical impact detected: 0.99g variance,,,,3
vertical_impact,1771109720753.0,49.2516936,-122.9749671,0.84,high,Vertical impact detected: 0.84g variance,,,,3
vertical_impact,1771109721823.0,49.2519134,-122.9751611,0.99,high,Vertical impact detected: 0.99g variance,,,,3
vertical_impact,1771109722881.0,49.2521338,-122.9753553,1.0,high,Vertical impact detected: 1.0g variance,,,,3
speeding,1771109723142.0,49.2521338,-122.9753553,101.8,high,102.0 km/h in a 50 km/h zone (52.0 km/h over),50.0,51.8,regular,3
vertical_impact,1771109723957.0,49.2523547,-122.9755519,1.03,high,Vertical impact detected: 1.03g variance,,,,3
vertical_impact,1771109725020.0,49.2525753,-122.9757497,1.1,high,Vertical impact detected: 1.1g variance,,,,3
vertical_impact,1771109726094.0,49.2527975,-122.9759473,0.83,high,Vertical impact detected: 0.83g variance,,,,3
vertical_impact,1771109727156.0,49.2530202,-122.976145,1.05,high,Vertical impact detected: 1.05g variance,,,,3
speeding,1771109728196.0,49.2532451,-122.9763431,103.5,high,103.0 km/h in a 50 km/h zone (53.0 km/h over),50.0,53.5,regular,3
vertical_impact,1771109728237.0,49.2532451,-122.9763431,0.98,high,Vertical impact detected: 0.98g variance,,,,3
vertical_impact,1771109729264.0,49.2534677,-122.976547,0.95,high,Vertical impact detected: 0.95g variance,,,,3
vertical_impact,1771109730344.0,49.2536912,-122.976748,0.9,high,Vertical impact detected: 0.9g variance,,,,3
vertical_impact,1771109731408.0,49.2539129,-122.9769441,1.13,high,Vertical impact detected: 1.13g variance,,,,3
vertical_impact,1771109732509.0,49.2541353,-122.9771398,1.05,high,Vertical impact detected: 1.05g variance,,,,3
speeding,1771109733134.0,49.2543604,-122.9773374,103.5,high,103.0 km/h in a 50 km/h zone (53.0 km/h over),50.0,53.5,regular,3
vertical_impact,1771109733512.0,49.2543604,-122.9773374,0.84,high,Vertical impact detected: 0.84g variance,,,,3
vertical_impact,1771109734530.0,49.2545822,-122.977532,0.91,high,Vertical impact detected: 0.91g variance,,,,3
vertical_impact,1771109735547.0,49.2548007,-122.977727,1.02,high,Vertical impact detected: 1.02g variance,,,,3
vertical_impact,1771109736548.0,49.2550119,-122.977929,0.93,high,Vertical impact detected: 0.93g variance,,,,3
vertical_impact,1771109737583.0,49.2552223,-122.9781431,0.96,high,Vertical impact detected: 0.96g variance,,,,3
speeding,1771109738075.0,49.2554275,-122.9783722,102.1,high,102.0 km/h in a 50 km/h zone (52.0 km/h over),50.0,52.1,regular,3
vertical_impact,1771109738604.0,49.2556259,-122.9786196,1.14,high,Vertical impact detected: 1.14g variance,,,,3
vertical_impact,1771109739621.0,49.2556259,-122.9786196,0.99,high,Vertical impact detected: 0.99g variance,,,,3
vertical_impact,1771109740638.0,49.2560052,-122.9791521,1.0,high,Vertical impact detected: 1.0g variance,,,,3
vertical_impact,1771109741702.0,49.2561821,-122.9794342,1.08,high,Vertical impact detected: 1.08g variance,,,,3
vertical_impact,1771109742808.0,49.2563492,-122.9797202,0.98,high,Vertical impact detected: 0.98g variance,,,,3
speeding,1771109743111.0,49.2563492,-122.9797202,100.1,high,100.0 km/h in a 50 km/h zone (50.0 km/h over),50.0,50.1,regular,3
vertical_impact,1771109743860.0,49.2565095,-122.9800127,1.06,high,Vertical impact detected: 1.06g variance,,,,3
vertical_impact,1771109744863.0,49.2566613,-122.9803088,1.01,high,Vertical impact detected: 1.01g variance,,,,3
vertical_impact,1771109745864.0,49.2568035,-122.9806196,1.06,high,Vertical impact detected: 1.06g variance,,,,3
vertical_impact,1771109746964.0,49.2569366,-122.9809444,1.12,high,Vertical impact detected: 1.12g variance,,,,3
vertical_impact,1771109747967.0,49.257062,-122.9812737,1.0,high,Vertical impact detected: 1.0g variance,,,,3
speeding,1771109748152.0,49.257062,-122.9812737,99.2,high,99.0 km/h in a 50 km/h zone (49.0 km/h over),50.0,49.2,regular,3
vertical_impact,1771109749069.0,49.2571792,-122.981607,1.0,high,Vertical impact detected: 1.0g variance,,,,3
vertical_impact,1771109750102.0,49.2572898,-122.9819447,0.91,high,Vertical impact detected: 0.91g variance,,,,3
vertical_impact,1771109751121.0,49.2573912,-122.9822958,0.97,high,Vertical impact detected: 0.97g variance,,,,3
vertical_impact,1771109752141.0,49.2574834,-122.9826574,1.08,high,Vertical impact detected: 1.08g variance,,,,3
speeding,1771109753126.0,49.2575646,-122.9830245,101.1,high,101.0 km/h in a 50 km/h zone (51.0 km/h over),50.0,51.1,regular,3
vertical_impact,1771109753182.0,49.2575646,-122.9830245,1.04,high,Vertical impact detected: 1.04g variance,,,,3
vertical_impact,1771109754256.0,49.257637,-122.9833942,0.91,high,Vertical impact detected: 0.91g variance,,,,3
vertical_impact,1771109755261.0,49.257702,-122.983761,1.08,high,Vertical impact detected: 1.08g variance,,,,3
vertical_impact,1771109756279.0,49.2577587,-122.9841392,1.03,high,Vertical impact detected: 1.03g variance,,,,3
vertical_impact,1771109757282.0,49.2578053,-122.9845229,1.01,high,Vertical impact detected: 1.01g variance,,,,3
speeding,1771109758135.0,49.2578422,-122.9849026,102.1,high,102.0 km/h in a 50 km/h zone (52.0 km/h over),50.0,52.1,regular,3
vertical_impact,1771109758299.0,49.2578422,-122.9849026,0.97,high,Vertical impact detected: 0.97g variance,,,,3
vertical_impact,1771109759392.0,49.2578671,-122.985291,0.9,high,Vertical impact detected: 0.9g variance,,,,3
vertical_impact,1771109760410.0,49.2578826,-122.9856801,1.0,high,Vertical impact detected: 1.0g variance,,,,3
vertical_impact,1771109761428.0,49.2578896,-122.986071,1.04,high,Vertical impact detected: 1.04g variance,,,,3
vertical_impact,1771109762431.0,49.2578901,-122.986464,1.02,high,Vertical impact detected: 1.02g variance,,,,3
speeding,1771109763083.0,49.2578905,-122.9868514,102.2,high,102.0 km/h in a 50 km/h zone (52.0 km/h over),50.0,52.2,regular,3
vertical_impact,1771109763448.0,49.2578905,-122.9868514,1.07,high,Vertical impact detected: 1.07g variance,,,,3
vertical_impact,1771109764533.0,49.25789,-122.9872357,0.91,high,Vertical impact detected: 0.91g variance,,,,3
vertical_impact,1771109765551.0,49.2578908,-122.9876171,0.98,high,Vertical impact detected: 0.98g variance,,,,3
vertical_impact,1771109766571.0,49.2578917,-122.9879894,0.9,high,Vertical impact detected: 0.9g variance,,,,3
vertical_impact,1771109767606.0,49.2578905,-122.9883515,0.96,high,Vertical impact detected: 0.96g variance,,,,3
speeding,1771109768123.0,49.2578903,-122.9887073,92.2,high,92.0 km/h in a 50 km/h zone (42.0 km/h over),50.0,42.2,regular,3
vertical_impact,1771109768640.0,49.2578921,-122.9890565,1.08,high,Vertical impact detected: 1.08g variance,,,,3
vertical_impact,1771109769640.0,49.2578934,-122.9894018,1.01,high,Vertical impact detected: 1.01g variance,,,,3
vertical_impact,1771109770680.0,49.2578969,-122.9897463,1.01,high,Vertical impact detected: 1.01g variance,,,,3
vertical_impact,1771109771796.0,49.2579034,-122.9900887,1.0,high,Vertical impact detected: 1.0g variance,,,,3
vertical_impact,1771109772802.0,49.2579054,-122.9904293,1.05,high,Vertical impact detected: 1.05g variance,,,,3
speeding,1771109773117.0,49.2579054,-122.9904293,90.2,high,90.0 km/h in a 50 km/h zone (40.0 km/h over),50.0,40.2,regular,3
vertical_impact,1771109773834.0,49.2579057,-122.9907779,0.99,high,Vertical impact detected: 0.99g variance,,,,3
vertical_impact,1771109774949.0,49.2579038,-122.9911322,0.97,high,Vertical impact detected: 0.97g variance,,,,3
vertical_impact,1771109775983.0,49.2579051,-122.9914895,1.02,high,Vertical impact detected: 1.02g variance,,,,3
vertical_impact,1771109777003.0,49.2579052,-122.9918557,1.07,high,Vertical impact detected: 1.07g variance,,,,3
vertical_impact,1771109778022.0,49.2579029,-122.9922281,0.91,high,Vertical impact detected: 0.91g variance,,,,3
speeding,1771109778108.0,49.2579029,-122.9922281,98.6,high,99.0 km/h in a 50 km/h zone (49.0 km/h over),50.0,48.6,regular,3
vertical_impact,1771109779055.0,49.2579014,-122.9926056,1.11,high,Vertical impact detected: 1.11g variance,,,,3
vertical_impact,1771109780107.0,49.2578989,-122.9929891,1.03,high,Vertical impact detected: 1.03g variance,,,,3
vertical_impact,1771109781157.0,49.2578977,-122.9933745,0.95,high,Vertical impact detected: 0.95g variance,,,,3
vertical_impact,1771109782161.0,49.2578952,-122.9937629,1.05,high,Vertical impact detected: 1.05g variance,,,,3
speeding,1771109783082.0,49.2578887,-122.9941571,103.6,high,104.0 km/h in a 50 km/h zone (54.0 km/h over),50.0,53.6,regular,3
vertical_impact,1771109783193.0,49.2578887,-122.9941571,1.02,high,Vertical impact detected: 1.02g variance,,,,3
vertical_impact,1771109784211.0,49.2578808,-122.9945554,1.13,high,Vertical impact detected: 1.13g variance,,,,3
vertical_impact,1771109785227.0,49.2578738,-122.9949565,1.04,high,Vertical impact detected: 1.04g variance,,,,3
vertical_impact,1771109786243.0,49.2578657,-122.9953591,0.91,high,Vertical impact detected: 0.91g variance,,,,3
vertical_impact,1771109787249.0,49.2578558,-122.9957629,1.03,high,Vertical impact detected: 1.03g variance,,,,3
speeding,1771109788221.0,49.2578425,-122.9961673,106.1,high,106.0 km/h in a 50 km/h zone (56.0 km/h over),50.0,56.1,regular,3
vertical_impact,1771109788314.0,49.2578425,-122.9961673,0.92,high,Vertical impact detected: 0.92g variance,,,,3
vertical_impact,1771109789353.0,49.2578281,-122.9965724,0.96,high,Vertical impact detected: 0.96g variance,,,,3
vertical_impact,1771109790372.0,49.2578137,-122.9969787,1.04,high,Vertical impact detected: 1.04g variance,,,,3
vertical_impact,1771109791388.0,49.2577982,-122.9973808,0.96,high,Vertical impact detected: 0.96g variance,,,,3
vertical_impact,1771109792396.0,49.2577817,-122.9977785,1.11,high,Vertical impact detected: 1.11g variance,,,,3
speeding,1771109793136.0,49.2577643,-122.998173,103.7,high,104.0 km/h in a 50 km/h zone (54.0 km/h over),50.0,53.7,regular,3
vertical_impact,1771109793426.0,49.2577643,-122.998173,1.13,high,Vertical impact detected: 1.13g variance,,,,3
vertical_impact,1771109794528.0,49.257746,-122.9985698,0.93,high,Vertical impact detected: 0.93g variance,,,,3
vertical_impact,1771109795532.0,49.257731,-122.99897,0.92,high,Vertical impact detected: 0.92g variance,,,,3
vertical_impact,1771109796566.0,49.257714,-122.9993656,1.04,high,Vertical impact detected: 1.04g variance,,,,3
vertical_impact,1771109797583.0,49.2577009,-122.9997544,1.03,high,Vertical impact detected: 1.03g variance,,,,3
speeding,1771109798134.0,49.2576908,-123.0001406,100.3,high,100.0 km/h in a 50 km/h zone (50.0 km/h over),50.0,50.3,regular,3
vertical_impact,1771109798599.0,49.2576908,-123.0001406,1.03,high,Vertical impact detected: 1.03g variance,,,,3
vertical_impact,1771109799601.0,49.2576811,-123.0005197,1.05,high,Vertical impact detected: 1.05g variance,,,,3
vertical_impact,1771109800623.0,49.2576676,-123.0012841,1.02,high,Vertical impact detected: 1.02g variance,,,,3
vertical_impact,1771109801673.0,49.2576658,-123.0016714,1.02,high,Vertical impact detected: 1.02g variance,,,,3
vertical_impact,1771109802690.0,49.2576669,-123.0020552,1.02,high,Vertical impact detected: 1.02g variance,,,,3
speeding,1771109803126.0,49.2576669,-123.0020552,102.1,high,102.0 km/h in a 50 km/h zone (52.0 km/h over),50.0,52.1,regular,3
vertical_impact,1771109803707.0,49.2576701,-123.0024494,1.03,high,Vertical impact detected: 1.03g variance,,,,3
vertical_impact,1771109804725.0,49.2576766,-123.0028386,1.01,high,Vertical impact detected: 1.01g variance,,,,3
vertical_impact,1771109805810.0,49.2576833,-123.0032288,0.9,high,Vertical impact detected: 0.9g variance,,,,3
vertical_impact,1771109806814.0,49.2576904,-123.0036231,0.98,high,Vertical impact detected: 0.98g variance,,,,3
vertical_impact,1771109807914.0,49.2576946,-123.004015,0.94,high,Vertical impact detected: 0.94g variance,,,,3
speeding,1771109808152.0,49.2576946,-123.004015,101.0,high,101.0 km/h in a 50 km/h zone (51.0 km/h over),50.0,51.0,regular,3
vertical_impact,1771109808916.0,49.2576969,-123.0044006,1.06,high,Vertical impact detected: 1.06g variance,,,,3
vertical_impact,1771109809936.0,49.2576986,-123.004781,0.96,high,Vertical impact detected: 0.96g variance,,,,3
vertical_impact,1771109810968.0,49.2577018,-123.0051514,1.02,high,Vertical impact detected: 1.02g variance,,,,3
vertical_impact,1771109812039.0,49.257706,-123.0055148,1.04,high,Vertical impact detected: 1.04g variance,,,,3
speeding,1771109813092.0,49.2577092,-123.0058768,93.8,high,94.0 km/h in a 50 km/h zone (44.0 km/h over),50.0,43.8,regular,3
vertical_impact,1771109813151.0,49.2577092,-123.0058768,1.09,high,Vertical impact detected: 1.09g variance,,,,3
vertical_impact,1771109814185.0,49.2577126,-123.0062309,1.03,high,Vertical impact detected: 1.03g variance,,,,3
vertical_impact,1771109815196.0,49.2577187,-123.0065829,0.94,high,Vertical impact detected: 0.94g variance,,,,3
vertical_impact,1771109816207.0,49.2577245,-123.0069256,1.1,high,Vertical impact detected: 1.1g variance,,,,3
vertical_impact,1771109817225.0,49.257728,-123.0072669,1.09,high,Vertical impact detected: 1.09g variance,,,,3
speeding,1771109818110.0,49.2577316,-123.0076018,87.4,high,87.0 km/h in a 50 km/h zone (37.0 km/h over),50.0,37.4,regular,3
vertical_impact,1771109818230.0,49.2577316,-123.0076018,1.04,high,Vertical impact detected: 1.04g variance,,,,3
vertical_impact,1771109819245.0,49.2577347,-123.0079351,1.02,high,Vertical impact detected: 1.02g variance,,,,3
vertical_impact,1771109820247.0,49.2577411,-123.0082597,1.09,high,Vertical impact detected: 1.09g variance,,,,3
vertical_impact,1771109821267.0,49.2577496,-123.0085782,0.93,high,Vertical impact detected: 0.93g variance,,,,3
vertical_impact,1771109822286.0,49.2577636,-123.0088937,1.04,high,Vertical impact detected: 1.04g variance,,,,3
speeding,1771109823155.0,49.2577766,-123.0092053,79.2,high,79.0 km/h in a 50 km/h zone (29.0 km/h over),50.0,29.2,regular,3
vertical_impact,1771109823287.0,49.2577766,-123.0092053,0.89,high,Vertical impact detected: 0.89g variance,,,,3
sudden_stop,1771109824155.0,49.2577933,-123.009493,6.85,high,Sudden stop: 6.8 km/h drop in 1000.0s,,,,3
vertical_impact,1771109824372.0,49.2577933,-123.009493,1.02,high,Vertical impact detected: 1.02g variance,,,,3
vertical_impact,1771109825391.0,49.2578108,-123.0097554,0.99,high,Vertical impact detected: 0.99g variance,,,,3
vertical_impact,1771109826409.0,49.2578264,-123.0099991,0.9,high,Vertical impact detected: 0.9g variance,,,,3
vertical_impact,1771109827413.0,49.2578384,-123.0102331,0.95,high,Vertical impact detected: 0.95g variance,,,,3
sudden_stop,1771109828136.0,49.2578508,-123.0104364,10.9,high,Sudden stop: 10.9 km/h drop in 1007.0s,,,,3
vertical_impact,1771109828416.0,49.2578508,-123.0104364,1.02,high,Vertical impact detected: 1.02g variance,,,,3
vertical_impact,1771109829449.0,49.2578586,-123.0106073,0.96,high,Vertical impact detected: 0.96g variance,,,,3
vertical_impact,1771109830465.0,49.2578645,-123.0107708,0.98,high,Vertical impact detected: 0.98g variance,,,,3
vertical_impact,1771109831484.0,49.2578723,-123.01092,1.02,high,Vertical impact detected: 1.02g variance,,,,3
vertical_impact,1771109832501.0,49.2578756,-123.0110573,1.03,high,Vertical impact detected: 1.03g variance,,,,3
vertical_impact,1771109833520.0,49.2578763,-123.0111798,1.01,high,Vertical impact detected: 1.01g variance,,,,3
vertical_impact,1771109834540.0,49.2578805,-123.011294,0.99,high,Vertical impact detected: 0.99g variance,,,,3
vertical_impact,1771109835540.0,49.2578834,-123.0114024,0.99,high,Vertical impact detected: 0.99g variance,,,,3
vertical_impact,1771109836558.0,49.2578835,-123.0114982,0.97,high,Vertical impact detected: 0.97g variance,,,,3
vertical_impact,1771109837658.0,49.2578833,-123.0115755,1.01,high,Vertical impact detected: 1.01g variance,,,,3
vertical_impact,1771109838676.0,49.2578833,-123.0116767,1.05,high,Vertical impact detected: 1.05g variance,,,,3
vertical_impact,1771109839727.0,49.2578833,-123.0116767,0.98,high,Vertical impact detected: 0.98g variance,,,,3
vertical_impact,1771109840733.0,49.2578824,-123.0117461,1.06,high,Vertical impact detected: 1.06g variance,,,,3
vertical_impact,1771109841849.0,49.2578824,-123.0117461,1.06,high,Vertical impact detected: 1.06g variance,,,,3
vertical_impact,1771109842867.0,49.2578804,-123.0118218,1.05,high,Vertical impact detected: 1.05g variance,,,,3
vertical_impact,1771109843901.0,49.2578804,-123.0118218,0.95,high,Vertical impact detected: 0.95g variance,,,,3
vertical_impact,1771109844917.0,49.2578784,-123.0119037,1.0,high,Vertical impact detected: 1.0g variance,,,,3
vertical_impact,1771109845953.0,49.2578784,-123.0119037,1.03,high,Vertical impact detected: 1.03g variance,,,,3
vertical_impact,1771109846970.0,49.2578767,-123.0119766,1.01,high,Vertical impact detected: 1.01g variance,,,,3
vertical_impact,1771109847973.0,49.2578767,-123.0119766,1.03,high,Vertical impact detected: 1.03g variance,,,,3
vertical_impact,1771109849094.0,49.2578767,-123.0119766,1.02,high,Vertical impact detected: 1.02g variance,,,,3
vertical_impact,1771109850094.0,49.2578821,-123.0120918,1.0,high,Vertical impact detected: 1.0g variance,,,,3
vertical_impact,1771109851109.0,49.2578821,-123.0120918,1.06,high,Vertical impact detected: 1.06g variance,,,,3
vertical_impact,1771109852112.0,49.2578821,-123.0120918,0.95,high,Vertical impact detected: 0.95g variance,,,,3
vertical_impact,1771109853114.0,49.2578873,-123.0122054,0.94,high,Vertical impact detected: 0.94g variance,,,,3
vertical_impact,1771109854114.0,49.2578873,-123.0122054,0.97,high,Vertical impact detected: 0.97g variance,,,,3
vertical_impact,1771109855115.0,49.2578898,-123.0122921,1.0,high,Vertical impact detected: 1.0g variance,,,,3
vertical_impact,1771109856151.0,49.2578887,-123.0123771,1.0,high,Vertical impact detected: 1.0g variance,,,,3
vertical_impact,1771109857180.0,49.2578887,-123.0123771,0.98,high,Vertical impact detected: 0.98g variance,,,,3
vertical_impact,1771109858289.0,49.257887,-123.012478,1.05,high,Vertical impact detected: 1.05g variance,,,,3
vertical_impact,1771109859303.0,49.257887,-123.012478,0.94,high,Vertical impact detected: 0.94g variance,,,,3
vertical_impact,1771109860306.0,49.2578865,-123.0125962,1.01,high,Vertical impact detected: 1.01g variance,,,,3
vertical_impact,1771109861356.0,49.2578865,-123.0125962,0.98,high,Vertical impact detected: 0.98g variance,,,,3
vertical_impact,1771109862360.0,49.2578868,-123.0127214,0.97,high,Vertical impact detected: 0.97g variance,,,,3
vertical_impact,1771109863464.0,49.2578868,-123.0127214,0.96,high,Vertical impact detected: 0.96g variance,,,,3
vertical_impact,1771109864511.0,49.257885,-123.0128333,1.01,high,Vertical impact detected: 1.01g variance,,,,3
vertical_impact,1771109865546.0,49.257885,-123.0128333,0.98,high,Vertical impact detected: 0.98g variance,,,,3
vertical_impact,1771109866563.0,49.2578832,-123.0129377,1.0,high,Vertical impact detected: 1.0g variance,,,,3
vertical_impact,1771109867597.0,49.2578832,-123.0129377,0.98,high,Vertical impact detected: 0.98g variance,,,,3
vertical_impact,1771109868700.0,49.2578823,-123.0130497,0.97,high,Vertical impact detected: 0.97g variance,,,,3
vertical_impact,1771109869738.0,49.2578823,-123.0130497,0.97,high,Vertical impact detected: 0.97g variance,,,,3
vertical_impact,1771109870754.0,49.2578799,-123.0131712,0.95,high,Vertical impact detected: 0.95g variance,,,,3
vertical_impact,1771109871883.0,49.2578799,-123.0131712,0.98,high,Vertical impact detected: 0.98g variance,,,,3
vertical_impact,1771109872898.0,49.2578752,-123.0132662,0.96,high,Vertical impact detected: 0.96g variance,,,,3
vertical_impact,1771109873972.0,49.2578752,-123.0132662,1.06,high,Vertical impact detected: 1.06g variance,,,,3
vertical_impact,1771109875077.0,49.2578719,-123.013339,1.04,high,Vertical impact detected: 1.04g variance,,,,3
vertical_impact,1771109876078.0,49.2578719,-123.013339,1.03,high,Vertical impact detected: 1.03g variance,,,,3
vertical_impact,1771109877094.0,49.2578719,-123.013339,1.02,high,Vertical impact detected: 1.02g variance,,,,3
vertical_impact,1771109878099.0,49.2578716,-123.0134092,1.04,high,Vertical impact detected: 1.04g variance,,,,3
vertical_impact,1771109879157.0,49.2578716,-123.0134092,0.97,high,Vertical impact detected: 0.97g variance,,,,3
vertical_impact,1771109880249.0,49.2578682,-123.0135186,0.95,high,Vertical impact detected: 0.95g variance,,,,3
vertical_impact,1771109881338.0,49.2578682,-123.0135186,0.93,high,Vertical impact detected: 0.93g variance,,,,3
vertical_impact,1771109882374.0,49.2578605,-123.0136504,0.98,high,Vertical impact detected: 0.98g variance,,,,3
vertical_impact,1771109883404.0,49.2578605,-123.0136504,1.02,high,Vertical impact detected: 1.02g variance,,,,3
vertical_impact,1771109884406.0,49.2578542,-123.0137219,0.95,high,Vertical impact detected: 0.95g variance,,,,3
vertical_impact,1771109885522.0,49.2578486,-123.0137933,1.02,high,Vertical impact detected: 1.02g variance,,,,3
vertical_impact,1771109886557.0,49.2578369,-123.0139191,0.97,high,Vertical impact detected: 0.97g variance,,,,3
vertical_impact,1771109887576.0,49.2578369,-123.0139191,1.01,high,Vertical impact detected: 1.01g variance,,,,3
vertical_impact,1771109888610.0,49.257826,-123.0140323,1.01,high,Vertical impact detected: 1.01g variance,,,,3
vertical_impact,1771109889618.0,49.257826,-123.0140323,1.03,high,Vertical impact detected: 1.03g variance,,,,3
vertical_impact,1771109890731.0,49.2578163,-123.0141356,1.0,high,Vertical impact detected: 1.0g variance,,,,3
vertical_impact,1771109891731.0,49.2578163,-123.0141356,0.97,high,Vertical impact detected: 0.97g variance,,,,3
vertical_impact,1771109892733.0,49.2578062,-123.0142334,0.99,high,Vertical impact detected: 0.99g variance,,,,3
vertical_impact,1771109893767.0,49.2578062,-123.0142334,0.98,high,Vertical impact detected: 0.98g variance,,,,3
vertical_impact,1771109894803.0,49.2577961,-123.0143198,1.0,high,Vertical impact detected: 1.0g variance,,,,3
vertical_impact,1771109895820.0,49.2577961,-123.0143198,1.01,high,Vertical impact detected: 1.01g variance,,,,3
vertical_impact,1771109896839.0,49.2577907,-123.0143964,0.98,high,Vertical impact detected: 0.98g variance,,,,3
vertical_impact,1771109897925.0,49.2577907,-123.0143964,0.97,high,Vertical impact detected: 0.97g variance,,,,3
vertical_impact,1771109898925.0,49.2577793,-123.0145073,0.97,high,Vertical impact detected: 0.97g variance,,,,3
vertical_impact,1771109899927.0,49.2577749,-123.0145849,1.04,high,Vertical impact detected: 1.04g variance,,,,3
vertical_impact,1771109900933.0,49.257767,-123.0146654,0.95,high,Vertical impact detected: 0.95g variance,,,,3
vertical_impact,1771109902045.0,49.2577592,-123.0147544,0.99,high,Vertical impact detected: 0.99g variance,,,,3
vertical_impact,1771109903049.0,49.2577518,-123.0148371,0.94,high,Vertical impact detected: 0.94g variance,,,,3
vertical_impact,1771109904066.0,49.2577459,-123.0149096,0.96,high,Vertical impact detected: 0.96g variance,,,,3
vertical_impact,1771109905068.0,49.2577459,-123.0149096,1.04,high,Vertical impact detected: 1.04g variance,,,,3
vertical_impact,1771109906086.0,49.2577383,-123.0150259,1.05,high,Vertical impact detected: 1.05g variance,,,,3
vertical_impact,1771109907106.0,49.2577383,-123.0150259,0.94,high,Vertical impact detected: 0.94g variance,,,,3
vertical_impact,1771109908146.0,49.2577276,-123.0151414,0.97,high,Vertical impact detected: 0.97g variance,,,,3
vertical_impact,1771109909172.0,49.2577207,-123.0152451,0.98,high,Vertical impact detected: 0.98g variance,,,,3
vertical_impact,1771109910213.0,49.2577207,-123.0152451,0.98,high,Vertical impact detected: 0.98g variance,,,,3
vertical_impact,1771109911311.0,49.2577184,-123.0153401,1.05,high,Vertical impact detected: 1.05g variance,,,,3
vertical_impact,1771109912327.0,49.2577184,-123.0153401,1.03,high,Vertical impact detected: 1.03g variance,,,,3
vertical_impact,1771109913430.0,49.2577171,-123.0154482,0.99,high,Vertical impact detected: 0.99g variance,,,,3
vertical_impact,1771109914529.0,49.2577171,-123.0154482,1.0,high,Vertical impact detected: 1.0g variance,,,,3
vertical_impact,1771109915533.0,49.2577135,-123.0155834,1.01,high,Vertical impact detected: 1.01g variance,,,,3
vertical_impact,1771109916533.0,49.2577135,-123.0155834,1.01,high,Vertical impact detected: 1.01g variance,,,,3
vertical_impact,1771109917551.0,49.2577081,-123.0156665,0.98,high,Vertical impact detected: 0.98g variance,,,,3
vertical_impact,1771109918571.0,49.2576976,-123.0157506,1.0,high,Vertical impact detected: 1.0g variance,,,,3
vertical_impact,1771109919688.0,49.2576799,-123.0159254,0.97,high,Vertical impact detected: 0.97g variance,,,,3
vertical_impact,1771109920688.0,49.257674,-123.0160047,1.04,high,Vertical impact detected: 1.04g variance,,,,3
vertical_impact,1771109921774.0,49.2576723,-123.0160835,1.07,high,Vertical impact detected: 1.07g variance,,,,3
vertical_impact,1771109922810.0,49.2576745,-123.0161643,1.04,high,Vertical impact detected: 1.04g variance,,,,3
vertical_impact,1771109923826.0,49.2576718,-123.0162498,0.94,high,Vertical impact detected: 0.94g variance,,,,3
vertical_impact,1771109924911.0,49.2576739,-123.0163315,0.95,high,Vertical impact detected: 0.95g variance,,,,3
vertical_impact,1771109925911.0,49.2576708,-123.0164067,1.0,high,Vertical impact detected: 1.0g variance,,,,3
vertical_impact,1771109926981.0,49.25767,-123.0164802,0.99,high,Vertical impact detected: 0.99g variance,,,,3
vertical_impact,1771109928083.0,49.2576699,-123.0165529,1.0,high,Vertical impact detected: 1.0g variance,,,,3
vertical_impact,1771109929100.0,49.2576699,-123.0165529,0.95,high,Vertical impact detected: 0.95g variance,,,,3
vertical_impact,1771109930119.0,49.2576718,-123.0166867,1.0,high,Vertical impact detected: 1.0g variance,,,,3
vertical_impact,1771109931123.0,49.2576718,-123.0166867,0.99,high,Vertical impact detected: 0.99g variance,,,,3
vertical_impact,1771109932173.0,49.257679,-123.016814,1.04,high,Vertical impact detected: 1.04g variance,,,,3
vertical_impact,1771109933187.0,49.257679,-123.016814,1.0,high,Vertical impact detected: 1.0g variance,,,,3
vertical_impact,1771109934219.0,49.2576887,-123.0169494,0.97,high,Vertical impact detected: 0.97g variance,,,,3
vertical_impact,1771109935310.0,49.2576936,-123.0170213,1.03,high,Vertical impact detected: 1.03g variance,,,,3
vertical_impact,1771109936313.0,49.2577063,-123.0171518,0.99,high,Vertical impact detected: 0.99g variance,,,,3
vertical_impact,1771109937313.0,49.2577063,-123.0171518,0.95,high,Vertical impact detected: 0.95g variance,,,,3
vertical_impact,1771109938314.0,49.2577198,-123.0172684,1.01,high,Vertical impact detected: 1.01g variance,,,,3
vertical_impact,1771109939314.0,49.2577198,-123.0172684,0.95,high,Vertical impact detected: 0.95g variance,,,,3
vertical_impact,1771109940316.0,49.2577314,-123.0173522,0.94,high,Vertical impact detected: 0.94g variance,,,,3
vertical_impact,1771109941351.0,49.2577314,-123.0173522,0.98,high,Vertical impact detected: 0.98g variance,,,,3
vertical_impact,1771109942401.0,49.2577314,-123.0173522,1.0,high,Vertical impact detected: 1.0g variance,,,,3
vertical_impact,1771109943452.0,49.2577314,-123.0173522,1.04,high,Vertical impact detected: 1.04g variance,,,,3
vertical_impact,1771109944491.0,49.2577314,-123.0173522,1.01,high,Vertical impact detected: 1.01g variance,,,,3
vertical_impact,1771109945591.0,49.2577314,-123.0173522,1.03,high,Vertical impact detected: 1.03g variance,,,,3
vertical_impact,1771109946609.0,49.257735,-123.0174379,1.02,high,Vertical impact detected: 1.02g variance,,,,3
vertical_impact,1771109947643.0,49.257735,-123.0174379,1.01,high,Vertical impact detected: 1.01g variance,,,,3
vertical_impact,1771109948677.0,49.257735,-123.0174379,1.04,high,Vertical impact detected: 1.04g variance,,,,3
vertical_impact,1771109949679.0,49.257735,-123.0174379,1.06,high,Vertical impact detected: 1.06g variance,,,,3
vertical_impact,1771109950680.0,49.257735,-123.0174379,0.98,high,Vertical impact detected: 0.98g variance,,,,3
vertical_impact,1771109951780.0,49.2577513,-123.0175221,0.99,high,Vertical impact detected: 0.99g variance,,,,3
vertical_impact,1771109952866.0,49.2577513,-123.0175221,1.02,high,Vertical impact detected: 1.02g variance,,,,3
vertical_impact,1771109953867.0,49.2577737,-123.017657,0.97,high,Vertical impact detected: 0.97g variance,,,,3
vertical_impact,1771109954886.0,49.2577896,-123.0177393,0.99,high,Vertical impact detected: 0.99g variance,,,,3
vertical_impact,1771109955887.0,49.2578092,-123.0178314,0.96,high,Vertical impact detected: 0.96g variance,,,,3
vertical_impact,1771109956921.0,49.2578317,-123.0179261,1.02,high,Vertical impact detected: 1.02g variance,,,,3
vertical_impact,1771109957940.0,49.2578558,-123.0180236,0.98,high,Vertical impact detected: 0.98g variance,,,,3
vertical_impact,1771109958959.0,49.2578808,-123.0181175,0.94,high,Vertical impact detected: 0.94g variance,,,,3
vertical_impact,1771109960019.0,49.2579012,-123.0181994,1.01,high,Vertical impact detected: 1.01g variance,,,,3
vertical_impact,1771109961027.0,49.2579214,-123.0182651,0.99,high,Vertical impact detected: 0.99g variance,,,,3
vertical_impact,1771109962037.0,49.2579214,-123.0182651,1.03,high,Vertical impact detected: 1.03g variance,,,,3
vertical_impact,1771109963128.0,49.2579539,-123.0183764,1.02,high,Vertical impact detected: 1.02g variance,,,,3
vertical_impact,1771109964134.0,49.2579539,-123.0183764,0.96,high,Vertical impact detected: 0.96g variance,,,,3
vertical_impact,1771109965216.0,49.2579847,-123.0184741,1.06,high,Vertical impact detected: 1.06g variance,,,,3
vertical_impact,1771109966216.0,49.2580176,-123.0185806,1.0,high,Vertical impact detected: 1.0g variance,,,,3
vertical_impact,1771109967234.0,49.2580176,-123.0185806,1.06,high,Vertical impact detected: 1.06g variance,,,,3
vertical_impact,1771109968337.0,49.2580413,-123.0186474,0.96,high,Vertical impact detected: 0.96g variance,,,,3
vertical_impact,1771109969437.0,49.2580689,-123.0187205,0.99,high,Vertical impact detected: 0.99g variance,,,,3
vertical_impact,1771109970439.0,49.2581005,-123.0187999,1.0,high,Vertical impact detected: 1.0g variance,,,,3
vertical_impact,1771109971510.0,49.2581294,-123.0188735,0.99,high,Vertical impact detected: 0.99g variance,,,,3
vertical_impact,1771109972610.0,49.2581548,-123.0189446,1.0,high,Vertical impact detected: 1.0g variance,,,,3
vertical_impact,1771109973712.0,49.2582063,-123.0190653,1.01,high,Vertical impact detected: 1.01g variance,,,,3
vertical_impact,1771109974733.0,49.2582301,-123.0191249,1.06,high,Vertical impact detected: 1.06g variance,,,,3
vertical_impact,1771109975748.0,49.2582562,-123.0191885,0.99,high,Vertical impact detected: 0.99g variance,,,,3
vertical_impact,1771109976767.0,49.2582849,-123.0192572,0.97,high,Vertical impact detected: 0.97g variance,,,,3
vertical_impact,1771109977799.0,49.2583149,-123.0193325,1.02,high,Vertical impact detected: 1.02g variance,,,,3
vertical_impact,1771109978801.0,49.2583492,-123.0194124,1.02,high,Vertical impact detected: 1.02g variance,,,,3
vertical_impact,1771109979820.0,49.2583866,-123.0194997,0.96,high,Vertical impact detected: 0.96g variance,,,,3
vertical_impact,1771109980839.0,49.2584286,-123.0195853,0.94,high,Vertical impact detected: 0.94g variance,,,,3
vertical_impact,1771109981889.0,49.2584725,-123.0196752,0.96,high,Vertical impact detected: 0.96g variance,,,,3
vertical_impact,1771109982974.0,49.258518,-123.0197608,1.01,high,Vertical impact detected: 1.01g variance,,,,3
vertical_impact,1771109983977.0,49.258559,-123.0198409,1.02,high,Vertical impact detected: 1.02g variance,,,,3
vertical_impact,1771109985011.0,49.2586006,-123.0199176,1.0,high,Vertical impact detected: 1.0g variance,,,,3
vertical_impact,1771109986117.0,49.2586362,-123.0199825,0.98,high,Vertical impact detected: 0.98g variance,,,,3
vertical_impact,1771109987198.0,49.258689,-123.020078,1.06,high,Vertical impact detected: 1.06g variance,,,,3
vertical_impact,1771109988223.0,49.258689,-123.020078,1.01,high,Vertical impact detected: 1.01g variance,,,,3
vertical_impact,1771109989239.0,49.2587305,-123.0201511,0.95,high,Vertical impact detected: 0.95g variance,,,,3
vertical_impact,1771109990352.0,49.2587305,-123.0201511,1.03,high,Vertical impact detected: 1.03g variance,,,,3
vertical_impact,1771109991387.0,49.258765,-123.0202135,0.99,high,Vertical impact detected: 0.99g variance,,,,3
vertical_impact,1771109992390.0,49.258765,-123.0202135,1.01,high,Vertical impact detected: 1.01g variance,,,,3
vertical_impact,1771109993422.0,49.2587988,-123.020267,1.05,high,Vertical impact detected: 1.05g variance,,,,3
vertical_impact,1771109994507.0,49.2587988,-123.020267,0.98,high,Vertical impact detected: 0.98g variance,,,,3
vertical_impact,1771109995508.0,49.2588306,-123.0203222,1.0,high,Vertical impact detected: 1.0g variance,,,,3
vertical_impact,1771109996527.0,49.2588306,-123.0203222,1.01,high,Vertical impact detected: 1.01g variance,,,,3
vertical_impact,1771109997545.0,49.2588306,-123.0203222,1.0,high,Vertical impact detected: 1.0g variance,,,,3
vertical_impact,1771109998631.0,49.2588713,-123.0203967,1.02,high,Vertical impact detected: 1.02g variance,,,,3
vertical_impact,1771109999632.0,49.2588713,-123.0203967,1.06,high,Vertical impact detected: 1.06g variance,,,,3
vertical_impact,1771110000649.0,49.2589029,-123.0204523,1.02,high,Vertical impact detected: 1.02g variance,,,,3
vertical_impact,1771110001651.0,49.2589029,-123.0204523,0.97,high,Vertical impact detected: 0.97g variance,,,,3
vertical_impact,1771110002669.0,49.2589404,-123.0205241,0.98,high,Vertical impact detected: 0.98g variance,,,,3
vertical_impact,1771110003690.0,49.2589404,-123.0205241,0.97,high,Vertical impact detected: 0.97g variance,,,,3
vertical_impact,1771110004722.0,49.2589775,-123.0205859,0.98,high,Vertical impact detected: 0.98g variance,,,,3
vertical_impact,1771110005827.0,49.2589775,-123.0205859,1.02,high,Vertical impact detected: 1.02g variance,,,,3
vertical_impact,1771110006827.0,49.2590124,-123.0206365,0.99,high,Vertical impact detected: 0.99g variance,,,,3
vertical_impact,1771110007911.0,49.2590124,-123.0206365,0.99,high,Vertical impact detected: 0.99g variance,,,,3
vertical_impact,1771110008931.0,49.2590506,-123.0206816,1.0,high,Vertical impact detected: 1.0g variance,,,,3
vertical_impact,1771110010033.0,49.2590506,-123.0206816,1.01,high,Vertical impact detected: 1.01g variance,,,,3
vertical_impact,1771110011049.0,49.2591023,-123.0207497,0.99,high,Vertical impact detected: 0.99g variance,,,,3
vertical_impact,1771110012149.0,49.2591023,-123.0207497,1.02,high,Vertical impact detected: 1.02g variance,,,,3
vertical_impact,1771110013219.0,49.2591416,-123.0208106,1.0,high,Vertical impact detected: 1.0g variance,,,,3
vertical_impact,1771110014226.0,49.2591416,-123.0208106,0.99,high,Vertical impact detected: 0.99g variance,,,,3
vertical_impact,1771110015339.0,49.2591852,-123.0208793,1.02,high,Vertical impact detected: 1.02g variance,,,,3
vertical_impact,1771110016344.0,49.2591852,-123.0208793,1.05,high,Vertical impact detected: 1.05g variance,,,,3
vertical_impact,1771110017375.0,49.2592469,-123.0209687,1.0,high,Vertical impact detected: 1.0g variance,,,,3
vertical_impact,1771110018459.0,49.2592469,-123.0209687,0.96,high,Vertical impact detected: 0.96g variance,,,,3
vertical_impact,1771110019494.0,49.2592824,-123.0210247,0.96,high,Vertical impact detected: 0.96g variance,,,,3
vertical_impact,1771110020495.0,49.2593257,-123.0210849,0.89,high,Vertical impact detected: 0.89g variance,,,,3
vertical_impact,1771110021513.0,49.2593717,-123.0211531,0.96,high,Vertical impact detected: 0.96g variance,,,,3
vertical_impact,1771110022534.0,49.25942,-123.0212293,0.92,high,Vertical impact detected: 0.92g variance,,,,3
vertical_impact,1771110023535.0,49.2594711,-123.0213033,0.97,high,Vertical impact detected: 0.97g variance,,,,3
vertical_impact,1771110024550.0,49.25952,-123.0213715,1.03,high,Vertical impact detected: 1.03g variance,,,,3
vertical_impact,1771110025653.0,49.2596112,-123.0215083,1.02,high,Vertical impact detected: 1.02g variance,,,,3
vertical_impact,1771110026655.0,49.2596553,-123.0215719,0.98,high,Vertical impact detected: 0.98g variance,,,,3
vertical_impact,1771110027655.0,49.2596988,-123.0216397,1.03,high,Vertical impact detected: 1.03g variance,,,,3
vertical_impact,1771110028740.0,49.2597446,-123.0217072,0.95,high,Vertical impact detected: 0.95g variance,,,,3
vertical_impact,1771110029760.0,49.2597884,-123.0217736,1.03,high,Vertical impact detected: 1.03g variance,,,,3
vertical_impact,1771110030777.0,49.2598302,-123.0218368,0.99,high,Vertical impact detected: 0.99g variance,,,,3
vertical_impact,1771110031799.0,49.2598697,-123.0218983,1.0,high,Vertical impact detected: 1.0g variance,,,,3
vertical_impact,1771110032899.0,49.2599074,-123.0219537,1.0,high,Vertical impact detected: 1.0g variance,,,,3
vertical_impact,1771110033916.0,49.2599427,-123.022006,1.04,high,Vertical impact detected: 1.04g variance,,,,3
vertical_impact,1771110034935.0,49.2599779,-123.0220599,1.07,high,Vertical impact detected: 1.07g variance,,,,3
vertical_impact,1771110035954.0,49.2600175,-123.0221187,0.95,high,Vertical impact detected: 0.95g variance,,,,3
vertical_impact,1771110037071.0,49.2600628,-123.0221854,0.98,high,Vertical impact detected: 0.98g variance,,,,3
vertical_impact,1771110038187.0,49.2601136,-123.0222624,0.94,high,Vertical impact detected: 0.94g variance,,,,3
vertical_impact,1771110039246.0,49.2601718,-123.0223421,0.92,high,Vertical impact detected: 0.92g variance,,,,3
vertical_impact,1771110040247.0,49.2602334,-123.0224316,1.02,high,Vertical impact detected: 1.02g variance,,,,3
vertical_impact,1771110041257.0,49.2602938,-123.022521,1.07,high,Vertical impact detected: 1.07g variance,,,,3
vertical_impact,1771110042260.0,49.2603514,-123.0226035,0.98,high,Vertical impact detected: 0.98g variance,,,,3
vertical_impact,1771110043361.0,49.2604082,-123.0226808,0.99,high,Vertical impact detected: 0.99g variance,,,,3
vertical_impact,1771110044396.0,49.2604627,-123.0227606,0.98,high,Vertical impact detected: 0.98g variance,,,,3
vertical_impact,1771110045497.0,49.2605143,-123.0228401,1.03,high,Vertical impact detected: 1.03g variance,,,,3
vertical_impact,1771110046501.0,49.2605622,-123.0229146,1.03,high,Vertical impact detected: 1.03g variance,,,,3
vertical_impact,1771110047551.0,49.2606092,-123.0229781,0.98,high,Vertical impact detected: 0.98g variance,,,,3
vertical_impact,1771110048585.0,49.2606522,-123.0230389,1.01,high,Vertical impact detected: 1.01g variance,,,,3
vertical_impact,1771110049587.0,49.2606899,-123.0230922,1.03,high,Vertical impact detected: 1.03g variance,,,,3
vertical_impact,1771110050638.0,49.2607231,-123.023145,0.99,high,Vertical impact detected: 0.99g variance,,,,3
vertical_impact,1771110051639.0,49.2607815,-123.0232394,1.05,high,Vertical impact detected: 1.05g variance,,,,3
vertical_impact,1771110052657.0,49.2607815,-123.0232394,1.0,high,Vertical impact detected: 1.0g variance,,,,3
vertical_impact,1771110053728.0,49.2608461,-123.0233422,0.95,high,Vertical impact detected: 0.95g variance,,,,3
vertical_impact,1771110054744.0,49.2608876,-123.0234051,1.01,high,Vertical impact detected: 1.01g variance,,,,3
vertical_impact,1771110055832.0,49.2609302,-123.0234683,1.03,high,Vertical impact detected: 1.03g variance,,,,3
vertical_impact,1771110056864.0,49.2609729,-123.0235297,0.96,high,Vertical impact detected: 0.96g variance,,,,3
vertical_impact,1771110057866.0,49.2610136,-123.023587,0.94,high,Vertical impact detected: 0.94g variance,,,,3
vertical_impact,1771110058886.0,49.2610543,-123.023649,0.91,high,Vertical impact detected: 0.91g variance,,,,3
vertical_impact,1771110059919.0,49.2610986,-123.0237157,1.07,high,Vertical impact detected: 1.07g variance,,,,3
vertical_impact,1771110061004.0,49.2611456,-123.0237846,0.98,high,Vertical impact detected: 0.98g variance,,,,3
vertical_impact,1771110062025.0,49.2611917,-123.0238533,1.02,high,Vertical impact detected: 1.02g variance,,,,3
vertical_impact,1771110063040.0,49.2612385,-123.0239184,1.1,high,Vertical impact detected: 1.1g variance,,,,3
vertical_impact,1771110064074.0,49.2612909,-123.0239921,0.97,high,Vertical impact detected: 0.97g variance,,,,3
vertical_impact,1771110065095.0,49.2613461,-123.024071,1.01,high,Vertical impact detected: 1.01g variance,,,,3
vertical_impact,1771110066113.0,49.2614084,-123.0241544,0.97,high,Vertical impact detected: 0.97g variance,,,,3
vertical_impact,1771110067219.0,49.2614738,-123.0242396,1.01,high,Vertical impact detected: 1.01g variance,,,,3
vertical_impact,1771110068220.0,49.2615378,-123.0243234,1.0,high,Vertical impact detected: 1.0g variance,,,,3
vertical_impact,1771110069254.0,49.2616029,-123.0243984,1.0,high,Vertical impact detected: 1.0g variance,,,,3
vertical_impact,1771110070333.0,49.2616673,-123.0244707,1.07,high,Vertical impact detected: 1.07g variance,,,,3
vertical_impact,1771110071369.0,49.2617325,-123.0245421,1.04,high,Vertical impact detected: 1.04g variance,,,,3
vertical_impact,1771110072371.0,49.2617971,-123.0246135,1.03,high,Vertical impact detected: 1.03g variance,,,,3
vertical_impact,1771110073392.0,49.2618648,-123.0246859,0.99,high,Vertical impact detected: 0.99g variance,,,,3
vertical_impact,1771110074490.0,49.261932,-123.0247552,0.99,high,Vertical impact detected: 0.99g variance,,,,3
vertical_impact,1771110075507.0,49.261998,-123.0248252,1.0,high,Vertical impact detected: 1.0g variance,,,,3
vertical_impact,1771110076527.0,49.262067,-123.0248912,1.03,high,Vertical impact detected: 1.03g variance,,,,3
vertical_impact,1771110077528.0,49.2621378,-123.0249565,1.06,high,Vertical impact detected: 1.06g variance,,,,3
vertical_impact,1771110078528.0,49.262209,-123.0250228,1.02,high,Vertical impact detected: 1.02g variance,,,,3
vertical_impact,1771110079531.0,49.2622842,-123.0250854,0.97,high,Vertical impact detected: 0.97g variance,,,,3
vertical_impact,1771110080548.0,49.2623546,-123.025144,1.13,high,Vertical impact detected: 1.13g variance,,,,3
vertical_impact,1771110081567.0,49.262424,-123.0251966,0.93,high,Vertical impact detected: 0.93g variance,,,,3
vertical_impact,1771110082584.0,49.2624955,-123.0252504,1.01,high,Vertical impact detected: 1.01g variance,,,,3
vertical_impact,1771110083687.0,49.2626301,-123.0253464,0.99,high,Vertical impact detected: 0.99g variance,,,,3
vertical_impact,1771110084790.0,49.2626985,-123.0253897,0.94,high,Vertical impact detected: 0.94g variance,,,,3
vertical_impact,1771110085790.0,49.2627576,-123.0254231,0.98,high,Vertical impact detected: 0.98g variance,,,,3
vertical_impact,1771110086792.0,49.262803,-123.0254456,1.04,high,Vertical impact detected: 1.04g variance,,,,3
vertical_impact,1771110087809.0,49.262803,-123.0254456,1.02,high,Vertical impact detected: 1.02g variance,,,,3
vertical_impact,1771110088829.0,49.2628704,-123.0254842,1.04,high,Vertical impact detected: 1.04g variance,,,,3
vertical_impact,1771110089862.0,49.2628704,-123.0254842,0.99,high,Vertical impact detected: 0.99g variance,,,,3
vertical_impact,1771110090881.0,49.2629278,-123.0255186,1.0,high,Vertical impact detected: 1.0g variance,,,,3
vertical_impact,1771110091899.0,49.2629278,-123.0255186,0.94,high,Vertical impact detected: 0.94g variance,,,,3
vertical_impact,1771110092933.0,49.263016,-123.0255704,0.98,high,Vertical impact detected: 0.98g variance,,,,3
vertical_impact,1771110093939.0,49.2630747,-123.0256002,0.93,high,Vertical impact detected: 0.93g variance,,,,3
vertical_impact,1771110094954.0,49.2631365,-123.0256306,1.0,high,Vertical impact detected: 1.0g variance,,,,3
vertical_impact,1771110095990.0,49.2631965,-123.025655,1.03,high,Vertical impact detected: 1.03g variance,,,,3
vertical_impact,1771110097007.0,49.2632559,-123.0256759,0.97,high,Vertical impact detected: 0.97g variance,,,,3
vertical_impact,1771110098108.0,49.2633101,-123.0256938,0.95,high,Vertical impact detected: 0.95g variance,,,,3
vertical_impact,1771110099129.0,49.2633569,-123.0257113,1.01,high,Vertical impact detected: 1.01g variance,,,,3
vertical_impact,1771110100134.0,49.2633569,-123.0257113,1.01,high,Vertical impact detected: 1.01g variance,,,,3
vertical_impact,1771110101165.0,49.2634389,-123.025742,0.99,high,Vertical impact detected: 0.99g variance,,,,3
vertical_impact,1771110102248.0,49.2635067,-123.0257662,0.99,high,Vertical impact detected: 0.99g variance,,,,3
vertical_impact,1771110103273.0,49.2635067,-123.0257662,1.01,high,Vertical impact detected: 1.01g variance,,,,3
vertical_impact,1771110104351.0,49.2635592,-123.0257818,1.02,high,Vertical impact detected: 1.02g variance,,,,3
vertical_impact,1771110105368.0,49.2635592,-123.0257818,1.01,high,Vertical impact detected: 1.01g variance,,,,3
vertical_impact,1771110106387.0,49.2636209,-123.0258013,1.0,high,Vertical impact detected: 1.0g variance,,,,3
vertical_impact,1771110107392.0,49.2636209,-123.0258013,0.92,high,Vertical impact detected: 0.92g variance,,,,3
vertical_impact,1771110108406.0,49.2636678,-123.0258131,1.05,high,Vertical impact detected: 1.05g variance,,,,3
vertical_impact,1771110109428.0,49.2637262,-123.0258266,0.9,high,Vertical impact detected: 0.9g variance,,,,3
vertical_impact,1771110110431.0,49.2637901,-123.0258413,1.01,high,Vertical impact detected: 1.01g variance,,,,3
vertical_impact,1771110111545.0,49.2638476,-123.0258533,1.02,high,Vertical impact detected: 1.02g variance,,,,3
vertical_impact,1771110112563.0,49.263903,-123.0258664,0.97,high,Vertical impact detected: 0.97g variance,,,,3
vertical_impact,1771110113581.0,49.2639562,-123.0258751,1.04,high,Vertical impact detected: 1.04g variance,,,,3
vertical_impact,1771110114601.0,49.2640095,-123.0258828,1.01,high,Vertical impact detected: 1.01g variance,,,,3
vertical_impact,1771110115701.0,49.2641192,-123.0258984,1.05,high,Vertical impact detected: 1.05g variance,,,,3
vertical_impact,1771110116703.0,49.2641797,-123.0259065,0.98,high,Vertical impact detected: 0.98g variance,,,,3
vertical_impact,1771110117705.0,49.2642333,-123.0259119,0.98,high,Vertical impact detected: 0.98g variance,,,,3
vertical_impact,1771110118723.0,49.2642848,-123.0259215,0.99,high,Vertical impact detected: 0.99g variance,,,,3
vertical_impact,1771110119725.0,49.2643349,-123.0259297,0.98,high,Vertical impact detected: 0.98g variance,,,,3
vertical_impact,1771110120809.0,49.264385,-123.0259365,1.0,high,Vertical impact detected: 1.0g variance,,,,3
vertical_impact,1771110121812.0,49.264439,-123.0259416,1.0,high,Vertical impact detected: 1.0g variance,,,,3
vertical_impact,1771110122830.0,49.2644963,-123.025949,1.02,high,Vertical impact detected: 1.02g variance,,,,3
vertical_impact,1771110123848.0,49.2645566,-123.0259568,0.94,high,Vertical impact detected: 0.94g variance,,,,3
vertical_impact,1771110124866.0,49.264614,-123.0259602,0.95,high,Vertical impact detected: 0.95g variance,,,,3
vertical_impact,1771110125884.0,49.2646714,-123.025965,1.04,high,Vertical impact detected: 1.04g variance,,,,3
vertical_impact,1771110126984.0,49.2647252,-123.0259702,0.99,high,Vertical impact detected: 0.99g variance,,,,3
vertical_impact,1771110128005.0,49.2647792,-123.0259744,0.98,high,Vertical impact detected: 0.98g variance,,,,3
vertical_impact,1771110129041.0,49.2648335,-123.0259781,0.96,high,Vertical impact detected: 0.96g variance,,,,3
vertical_impact,1771110130158.0,49.2648804,-123.0259859,0.97,high,Vertical impact detected: 0.97g variance,,,,3
vertical_impact,1771110131261.0,49.2649486,-123.0259927,1.03,high,Vertical impact detected: 1.03g variance,,,,3
vertical_impact,1771110132278.0,49.2649486,-123.0259927,0.96,high,Vertical impact detected: 0.96g variance,,,,3
vertical_impact,1771110133285.0,49.2649486,-123.0259927,0.95,high,Vertical impact detected: 0.95g variance,,,,3
vertical_impact,1771110134398.0,49.2650002,-123.0260008,1.03,high,Vertical impact detected: 1.03g variance,,,,3
vertical_impact,1771110135432.0,49.2650002,-123.0260008,0.99,high,Vertical impact detected: 0.99g variance,,,,3
vertical_impact,1771110136452.0,49.2650002,-123.0260008,0.94,high,Vertical impact detected: 0.94g variance,,,,3
vertical_impact,1771110137469.0,49.2650465,-123.0260076,0.96,high,Vertical impact detected: 0.96g variance,,,,3
vertical_impact,1771110138489.0,49.2650465,-123.0260076,1.02,high,Vertical impact detected: 1.02g variance,,,,3
vertical_impact,1771110139490.0,49.2650465,-123.0260076,0.99,high,Vertical impact detected: 0.99g variance,,,,3
vertical_impact,1771110140492.0,49.2650966,-123.0260123,1.01,high,Vertical impact detected: 1.01g variance,,,,3
vertical_impact,1771110141593.0,49.2650966,-123.0260123,0.96,high,Vertical impact detected: 0.96g variance,,,,3
vertical_impact,1771110142611.0,49.2650966,-123.0260123,0.98,high,Vertical impact detected: 0.98g variance,,,,3
vertical_impact,1771110143630.0,49.2650966,-123.0260123,1.01,high,Vertical impact detected: 1.01g variance,,,,3
vertical_impact,1771110144732.0,49.2651505,-123.0260194,1.02,high,Vertical impact detected: 1.02g variance,,,,3
vertical_impact,1771110145839.0,49.2651505,-123.0260194,1.01,high,Vertical impact detected: 1.01g variance,,,,3
vertical_impact,1771110146853.0,49.2652644,-123.0260285,0.97,high,Vertical impact detected: 0.97g variance,,,,3
vertical_impact,1771110147854.0,49.2652644,-123.0260285,0.97,high,Vertical impact detected: 0.97g variance,,,,3
vertical_impact,1771110148855.0,49.2653136,-123.0260319,0.95,high,Vertical impact detected: 0.95g variance,,,,3
vertical_impact,1771110149957.0,49.2653624,-123.0260368,0.98,high,Vertical impact detected: 0.98g variance,,,,3
vertical_impact,1771110150974.0,49.2654113,-123.0260416,1.01,high,Vertical impact detected: 1.01g variance,,,,3
vertical_impact,1771110152063.0,49.2654576,-123.0260474,0.96,high,Vertical impact detected: 0.96g variance,,,,3
vertical_impact,1771110153097.0,49.2654576,-123.0260474,0.9,high,Vertical impact detected: 0.9g variance,,,,3
vertical_impact,1771110154200.0,49.2655121,-123.026054,1.06,high,Vertical impact detected: 1.06g variance,,,,3
vertical_impact,1771110155314.0,49.2655121,-123.026054,1.01,high,Vertical impact detected: 1.01g variance,,,,3
vertical_impact,1771110156317.0,49.265559,-123.0260596,1.03,high,Vertical impact detected: 1.03g variance,,,,3
vertical_impact,1771110157335.0,49.265559,-123.0260596,0.99,high,Vertical impact detected: 0.99g variance,,,,3
vertical_impact,1771110158338.0,49.265559,-123.0260596,0.96,high,Vertical impact detected: 0.96g variance,,,,3
vertical_impact,1771110159386.0,49.2656103,-123.0260661,0.99,high,Vertical impact detected: 0.99g variance,,,,3
vertical_impact,1771110160390.0,49.2656103,-123.0260661,1.0,high,Vertical impact detected: 1.0g variance,,,,3
vertical_impact,1771110161392.0,49.2656103,-123.0260661,1.02,high,Vertical impact detected: 1.02g variance,,,,3
vertical_impact,1771110162410.0,49.2656574,-123.0260715,1.0,high,Vertical impact detected: 1.0g variance,,,,3
vertical_impact,1771110163428.0,49.2656574,-123.0260715,1.0,high,Vertical impact detected: 1.0g variance,,,,3
vertical_impact,1771110164431.0,49.2656574,-123.0260715,1.0,high,Vertical impact detected: 1.0g variance,,,,3
vertical_impact,1771110165434.0,49.26572,-123.0260757,1.0,high,Vertical impact detected: 1.0g variance,,,,3
vertical_impact,1771110166452.0,49.26572,-123.0260757,0.98,high,Vertical impact detected: 0.98g variance,,,,3
vertical_impact,1771110167485.0,49.2657662,-123.0260816,1.0,high,Vertical impact detected: 1.0g variance,,,,3
vertical_impact,1771110168487.0,49.2657662,-123.0260816,1.0,high,Vertical impact detected: 1.0g variance,,,,3
vertical_impact,1771110169524.0,49.2658259,-123.0260923,0.96,high,Vertical impact detected: 0.96g variance,,,,3
vertical_impact,1771110170628.0,49.2658259,-123.0260923,0.97,high,Vertical impact detected: 0.97g variance,,,,3
vertical_impact,1771110171726.0,49.2659014,-123.0261034,0.96,high,Vertical impact detected: 0.96g variance,,,,3
vertical_impact,1771110172761.0,49.2659014,-123.0261034,0.99,high,Vertical impact detected: 0.99g variance,,,,3
vertical_impact,1771110173782.0,49.2659752,-123.0261141,0.99,high,Vertical impact detected: 0.99g variance,,,,3
vertical_impact,1771110174880.0,49.2659752,-123.0261141,0.96,high,Vertical impact detected: 0.96g variance,,,,3
vertical_impact,1771110175881.0,49.2660414,-123.0261221,1.0,high,Vertical impact detected: 1.0g variance,,,,3
vertical_impact,1771110176944.0,49.2660414,-123.0261221,1.02,high,Vertical impact detected: 1.02g variance,,,,3
vertical_impact,1771110177951.0,49.2660873,-123.0261328,1.03,high,Vertical impact detected: 1.03g variance,,,,3
vertical_impact,1771110179004.0,49.2660873,-123.0261328,1.03,high,Vertical impact detected: 1.03g variance,,,,3
vertical_impact,1771110180022.0,49.2661522,-123.0261464,1.02,high,Vertical impact detected: 1.02g variance,,,,3
vertical_impact,1771110181056.0,49.2661522,-123.0261464,1.02,high,Vertical impact detected: 1.02g variance,,,,3
vertical_impact,1771110182064.0,49.2661522,-123.0261464,0.99,high,Vertical impact detected: 0.99g variance,,,,3
vertical_impact,1771110183078.0,49.2662135,-123.0261633,0.94,high,Vertical impact detected: 0.94g variance,,,,3
vertical_impact,1771110184178.0,49.2662896,-123.0261818,0.96,high,Vertical impact detected: 0.96g variance,,,,3
vertical_impact,1771110185199.0,49.2662896,-123.0261818,0.97,high,Vertical impact detected: 0.97g variance,,,,3
vertical_impact,1771110186200.0,49.2663703,-123.0262009,0.99,high,Vertical impact detected: 0.99g variance,,,,3
vertical_impact,1771110187227.0,49.2663703,-123.0262009,1.01,high,Vertical impact detected: 1.01g variance,,,,3
vertical_impact,1771110188304.0,49.2664487,-123.0262264,1.01,high,Vertical impact detected: 1.01g variance,,,,3
vertical_impact,1771110189323.0,49.2664487,-123.0262264,0.95,high,Vertical impact detected: 0.95g variance,,,,3
vertical_impact,1771110190355.0,49.2665325,-123.0262495,1.01,high,Vertical impact detected: 1.01g variance,,,,3
vertical_impact,1771110191376.0,49.2665325,-123.0262495,1.0,high,Vertical impact detected: 1.0g variance,,,,3
vertical_impact,1771110192393.0,49.2666164,-123.026274,0.98,high,Vertical impact detected: 0.98g variance,,,,3
vertical_impact,1771110193394.0,49.2666164,-123.026274,1.05,high,Vertical impact detected: 1.05g variance,,,,3
vertical_impact,1771110194496.0,49.2666949,-123.0262995,0.98,high,Vertical impact detected: 0.98g variance,,,,3
vertical_impact,1771110195548.0,49.2666949,-123.0262995,1.0,high,Vertical impact detected: 1.0g variance,,,,3
vertical_impact,1771110196567.0,49.2667717,-123.0263231,1.0,high,Vertical impact detected: 1.0g variance,,,,3
vertical_impact,1771110197583.0,49.2667717,-123.0263231,0.97,high,Vertical impact detected: 0.97g variance,,,,3
vertical_impact,1771110198638.0,49.2668421,-123.0263496,0.98,high,Vertical impact detected: 0.98g variance,,,,3
vertical_impact,1771110199756.0,49.2668421,-123.0263496,0.99,high,Vertical impact detected: 0.99g variance,,,,3
vertical_impact,1771110200756.0,49.2669016,-123.0263732,0.96,high,Vertical impact detected: 0.96g variance,,,,3
vertical_impact,1771110201807.0,49.2669016,-123.0263732,0.94,high,Vertical impact detected: 0.94g variance,,,,3
vertical_impact,1771110202910.0,49.2669016,-123.0263732,1.0,high,Vertical impact detected: 1.0g variance,,,,3
vertical_impact,1771110203927.0,49.2669492,-123.0263884,1.04,high,Vertical impact detected: 1.04g variance,,,,3
vertical_impact,1771110204929.0,49.2669492,-123.0263884,1.02,high,Vertical impact detected: 1.02g variance,,,,3
vertical_impact,1771110205948.0,49.2669492,-123.0263884,1.03,high,Vertical impact detected: 1.03g variance,,,,3
vertical_impact,1771110206981.0,49.2669492,-123.0263884,1.05,high,Vertical impact detected: 1.05g variance,,,,3
vertical_impact,1771110208016.0,49.2669969,-123.0264073,1.02,high,Vertical impact detected: 1.02g variance,,,,3
vertical_impact,1771110209020.0,49.2669969,-123.0264073,0.99,high,Vertical impact detected: 0.99g variance,,,,3
vertical_impact,1771110210039.0,49.2669969,-123.0264073,1.0,high,Vertical impact detected: 1.0g variance,,,,3
vertical_impact,1771110211039.0,49.2669969,-123.0264073,1.03,high,Vertical impact detected: 1.03g variance,,,,3
vertical_impact,1771110212055.0,49.2670458,-123.0264262,1.02,high,Vertical impact detected: 1.02g variance,,,,3
vertical_impact,1771110213092.0,49.2670458,-123.0264262,0.98,high,Vertical impact detected: 0.98g variance,,,,3
vertical_impact,1771110214098.0,49.2670458,-123.0264262,1.04,high,Vertical impact detected: 1.04g variance,,,,3
vertical_impact,1771110215114.0,49.267112,-123.026453,1.03,high,Vertical impact detected: 1.03g variance,,,,3
vertical_impact,1771110216128.0,49.267112,-123.026453,0.96,high,Vertical impact detected: 0.96g variance,,,,3
vertical_impact,1771110217163.0,49.267112,-123.026453,0.96,high,Vertical impact detected: 0.96g variance,,,,3
vertical_impact,1771110218170.0,49.2671921,-123.0264877,0.94,high,Vertical impact detected: 0.94g variance,,,,3
vertical_impact,1771110219209.0,49.2672371,-123.0265077,0.94,high,Vertical impact detected: 0.94g variance,,,,3
vertical_impact,1771110220219.0,49.2673155,-123.0265416,0.96,high,Vertical impact detected: 0.96g variance,,,,3
vertical_impact,1771110221307.0,49.2673155,-123.0265416,0.97,high,Vertical impact detected: 0.97g variance,,,,3
vertical_impact,1771110222424.0,49.2673698,-123.0265671,0.99,high,Vertical impact detected: 0.99g variance,,,,3
vertical_impact,1771110223440.0,49.2673698,-123.0265671,0.99,high,Vertical impact detected: 0.99g variance,,,,3
vertical_impact,1771110224542.0,49.2673698,-123.0265671,1.01,high,Vertical impact detected: 1.01g variance,,,,3
vertical_impact,1771110225644.0,49.2674201,-123.0265846,0.99,high,Vertical impact detected: 0.99g variance,,,,3
vertical_impact,1771110226732.0,49.2674201,-123.0265846,1.02,high,Vertical impact detected: 1.02g variance,,,,3
vertical_impact,1771110227750.0,49.267474,-123.0266057,0.98,high,Vertical impact detected: 0.98g variance,,,,3
vertical_impact,1771110228769.0,49.267474,-123.0266057,0.98,high,Vertical impact detected: 0.98g variance,,,,3
vertical_impact,1771110229785.0,49.267474,-123.0266057,1.06,high,Vertical impact detected: 1.06g variance,,,,3
vertical_impact,1771110230877.0,49.2675456,-123.0266394,0.98,high,Vertical impact detected: 0.98g variance,,,,3
vertical_impact,1771110231905.0,49.2675456,-123.0266394,0.98,high,Vertical impact detected: 0.98g variance,,,,3
vertical_impact,1771110233012.0,49.2675456,-123.0266394,0.94,high,Vertical impact detected: 0.94g variance,,,,3
vertical_impact,1771110234125.0,49.2676508,-123.0266962,0.99,high,Vertical impact detected: 0.99g variance,,,,3
vertical_impact,1771110235144.0,49.2676508,-123.0266962,0.98,high,Vertical impact detected: 0.98g variance,,,,3
vertical_impact,1771110236165.0,49.2677139,-123.0267284,1.0,high,Vertical impact detected: 1.0g variance,,,,3
vertical_impact,1771110237185.0,49.2677139,-123.0267284,1.0,high,Vertical impact detected: 1.0g variance,,,,3
vertical_impact,1771110238282.0,49.2677766,-123.0267624,1.01,high,Vertical impact detected: 1.01g variance,,,,3
vertical_impact,1771110239301.0,49.2677766,-123.0267624,1.01,high,Vertical impact detected: 1.01g variance,,,,3
vertical_impact,1771110240304.0,49.2678444,-123.0267969,0.96,high,Vertical impact detected: 0.96g variance,,,,3
vertical_impact,1771110241321.0,49.2678444,-123.0267969,0.97,high,Vertical impact detected: 0.97g variance,,,,3
vertical_impact,1771110242407.0,49.2679022,-123.0268206,0.97,high,Vertical impact detected: 0.97g variance,,,,3
vertical_impact,1771110243408.0,49.2679022,-123.0268206,0.99,high,Vertical impact detected: 0.99g variance,,,,3
vertical_impact,1771110244443.0,49.2679022,-123.0268206,1.01,high,Vertical impact detected: 1.01g variance,,,,3
vertical_impact,1771110245462.0,49.2679022,-123.0268206,0.99,high,Vertical impact detected: 0.99g variance,,,,3
vertical_impact,1771110246533.0,49.2679022,-123.0268206,1.01,high,Vertical impact detected: 1.01g variance,,,,3
vertical_impact,1771110247599.0,49.2679022,-123.0268206,1.03,high,Vertical impact detected: 1.03g variance,,,,3
vertical_impact,1771110248621.0,49.2679545,-123.0268465,1.03,high,Vertical impact detected: 1.03g variance,,,,3
vertical_impact,1771110249652.0,49.2679545,-123.0268465,0.99,high,Vertical impact detected: 0.99g variance,,,,3
vertical_impact,1771110250669.0,49.2679545,-123.0268465,1.0,high,Vertical impact detected: 1.0g variance,,,,3
vertical_impact,1771110251756.0,49.2679545,-123.0268465,1.01,high,Vertical impact detected: 1.01g variance,,,,3
vertical_impact,1771110252759.0,49.2679545,-123.0268465,1.0,high,Vertical impact detected: 1.0g variance,,,,3
vertical_impact,1771110253759.0,49.2679545,-123.0268465,0.97,high,Vertical impact detected: 0.97g variance,,,,3
vertical_impact,1771110254860.0,49.2679545,-123.0268465,0.99,high,Vertical impact detected: 0.99g variance,,,,3
vertical_impact,1771110255961.0,49.267998,-123.0268673,1.01,high,Vertical impact detected: 1.01g variance,,,,3
vertical_impact,1771110256962.0,49.267998,-123.0268673,1.04,high,Vertical impact detected: 1.04g variance,,,,3
vertical_impact,1771110258065.0,49.267998,-123.0268673,1.0,high,Vertical impact detected: 1.0g variance,,,,3
vertical_impact,1771110259069.0,49.267998,-123.0268673,1.0,high,Vertical impact detected: 1.0g variance,,,,3
vertical_impact,1771110260121.0,49.268043,-123.0268894,1.05,high,Vertical impact detected: 1.05g variance,,,,3
vertical_impact,1771110261195.0,49.268043,-123.0268894,0.91,high,Vertical impact detected: 0.91g variance,,,,3
vertical_impact,1771110262287.0,49.2681024,-123.0269181,1.02,high,Vertical impact detected: 1.02g variance,,,,3
vertical_impact,1771110263323.0,49.2681024,-123.0269181,0.96,high,Vertical impact detected: 0.96g variance,,,,3
vertical_impact,1771110264341.0,49.2681833,-123.0269589,0.98,high,Vertical impact detected: 0.98g variance,,,,3
vertical_impact,1771110265359.0,49.2681833,-123.0269589,0.98,high,Vertical impact detected: 0.98g variance,,,,3
vertical_impact,1771110266361.0,49.2682277,-123.0269792,0.97,high,Vertical impact detected: 0.97g variance,,,,3
vertical_impact,1771110267400.0,49.2682757,-123.0270026,1.04,high,Vertical impact detected: 1.04g variance,,,,3
vertical_impact,1771110268418.0,49.2683291,-123.02703,0.97,high,Vertical impact detected: 0.97g variance,,,,3
vertical_impact,1771110269435.0,49.2683851,-123.0270559,0.98,high,Vertical impact detected: 0.98g variance,,,,3
vertical_impact,1771110270435.0,49.268437,-123.02708,1.0,high,Vertical impact detected: 1.0g variance,,,,3
vertical_impact,1771110271435.0,49.2684823,-123.0271034,0.98,high,Vertical impact detected: 0.98g variance,,,,3
vertical_impact,1771110272453.0,49.2685257,-123.0271264,0.97,high,Vertical impact detected: 0.97g variance,,,,3
vertical_impact,1771110273455.0,49.2685972,-123.0271622,0.96,high,Vertical impact detected: 0.96g variance,,,,3
vertical_impact,1771110274570.0,49.2685972,-123.0271622,1.0,high,Vertical impact detected: 1.0g variance,,,,3
vertical_impact,1771110275585.0,49.2686439,-123.0271842,1.0,high,Vertical impact detected: 1.0g variance,,,,3
vertical_impact,1771110276661.0,49.2686439,-123.0271842,0.99,high,Vertical impact detected: 0.99g variance,,,,3
vertical_impact,1771110277695.0,49.2686926,-123.0272049,1.01,high,Vertical impact detected: 1.01g variance,,,,3
vertical_impact,1771110278696.0,49.2686926,-123.0272049,1.04,high,Vertical impact detected: 1.04g variance,,,,3
vertical_impact,1771110279698.0,49.2686926,-123.0272049,1.02,high,Vertical impact detected: 1.02g variance,,,,3
vertical_impact,1771110280700.0,49.2687626,-123.0272354,0.97,high,Vertical impact detected: 0.97g variance,,,,3
vertical_impact,1771110281702.0,49.2687626,-123.0272354,0.98,high,Vertical impact detected: 0.98g variance,,,,3
vertical_impact,1771110282737.0,49.2687626,-123.0272354,0.99,high,Vertical impact detected: 0.99g variance,,,,3
vertical_impact,1771110283756.0,49.2688396,-123.0272784,0.95,high,Vertical impact detected: 0.95g variance,,,,3
vertical_impact,1771110284757.0,49.2688396,-123.0272784,0.95,high,Vertical impact detected: 0.95g variance,,,,3
vertical_impact,1771110285758.0,49.2689192,-123.0273169,0.95,high,Vertical impact detected: 0.95g variance,,,,3
vertical_impact,1771110286758.0,49.2689192,-123.0273169,0.97,high,Vertical impact detected: 0.97g variance,,,,3
vertical_impact,1771110287762.0,49.2689882,-123.0273514,1.01,high,Vertical impact detected: 1.01g variance,,,,3
vertical_impact,1771110288796.0,49.2689882,-123.0273514,1.01,high,Vertical impact detected: 1.01g variance,,,,3
vertical_impact,1771110289813.0,49.2690574,-123.0273854,0.97,high,Vertical impact detected: 0.97g variance,,,,3
vertical_impact,1771110290814.0,49.2691017,-123.0274088,1.0,high,Vertical impact detected: 1.0g variance,,,,3
vertical_impact,1771110291836.0,49.2691513,-123.0274302,1.04,high,Vertical impact detected: 1.04g variance,,,,3
vertical_impact,1771110292853.0,49.269204,-123.0274542,0.9,high,Vertical impact detected: 0.9g variance,,,,3
vertical_impact,1771110293886.0,49.2692642,-123.0274848,0.62,medium,Vertical impact detected: 0.62g variance,,,,3
vertical_impact,1771110294987.0,49.2693213,-123.027514,0.97,high,Vertical impact detected: 0.97g variance,,,,3
vertical_impact,1771110296007.0,49.269376,-123.0275411,1.1,high,Vertical impact detected: 1.1g variance,,,,3
vertical_impact,1771110297007.0,49.2694255,-123.0275664,1.03,high,Vertical impact detected: 1.03g variance,,,,3
vertical_impact,1771110298046.0,49.2694255,-123.0275664,0.97,high,Vertical impact detected: 0.97g variance,,,,3
vertical_impact,1771110299063.0,49.2694909,-123.0276012,1.04,high,Vertical impact detected: 1.04g variance,,,,3
vertical_impact,1771110300079.0,49.2694909,-123.0276012,1.05,high,Vertical impact detected: 1.05g variance,,,,3
vertical_impact,1771110301080.0,49.2695403,-123.027625,1.02,high,Vertical impact detected: 1.02g variance,,,,3
vertical_impact,1771110302081.0,49.2695403,-123.027625,1.01,high,Vertical impact detected: 1.01g variance,,,,3
vertical_impact,1771110303187.0,49.2695403,-123.027625,1.03,high,Vertical impact detected: 1.03g variance,,,,3
vertical_impact,1771110304189.0,49.2695973,-123.0276496,1.0,high,Vertical impact detected: 1.0g variance,,,,3
vertical_impact,1771110305199.0,49.2695973,-123.0276496,0.98,high,Vertical impact detected: 0.98g variance,,,,3
vertical_impact,1771110306305.0,49.2695973,-123.0276496,1.03,high,Vertical impact detected: 1.03g variance,,,,3
vertical_impact,1771110307341.0,49.2696596,-123.0276822,1.0,high,Vertical impact detected: 1.0g variance,,,,3
vertical_impact,1771110308442.0,49.2696596,-123.0276822,0.98,high,Vertical impact detected: 0.98g variance,,,,3
vertical_impact,1771110309443.0,49.2697032,-123.0277067,1.04,high,Vertical impact detected: 1.04g variance,,,,3
vertical_impact,1771110310478.0,49.2697032,-123.0277067,1.0,high,Vertical impact detected: 1.0g variance,,,,3
vertical_impact,1771110311513.0,49.2697032,-123.0277067,1.03,high,Vertical impact detected: 1.03g variance,,,,3
vertical_impact,1771110312531.0,49.2697679,-123.0277395,0.9,high,Vertical impact detected: 0.9g variance,,,,3
vertical_impact,1771110313551.0,49.2697679,-123.0277395,0.98,high,Vertical impact detected: 0.98g variance,,,,3
vertical_impact,1771110314569.0,49.2698142,-123.02776,1.0,high,Vertical impact detected: 1.0g variance,,,,3
vertical_impact,1771110315633.0,49.2698142,-123.02776,1.02,high,Vertical impact detected: 1.02g variance,,,,3
vertical_impact,1771110316637.0,49.2698614,-123.0277901,1.04,high,Vertical impact detected: 1.04g variance,,,,3
vertical_impact,1771110317708.0,49.2698614,-123.0277901,1.01,high,Vertical impact detected: 1.01g variance,,,,3
vertical_impact,1771110318735.0,49.2699152,-123.0278182,1.02,high,Vertical impact detected: 1.02g variance,,,,3
vertical_impact,1771110319826.0,49.2699152,-123.0278182,0.97,high,Vertical impact detected: 0.97g variance,,,,3
vertical_impact,1771110320861.0,49.2699729,-123.0278483,1.01,high,Vertical impact detected: 1.01g variance,,,,3
vertical_impact,1771110321879.0,49.2699729,-123.0278483,0.98,high,Vertical impact detected: 0.98g variance,,,,3
vertical_impact,1771110322882.0,49.2700404,-123.0278818,0.97,high,Vertical impact detected: 0.97g variance,,,,3
vertical_impact,1771110323901.0,49.2700404,-123.0278818,1.0,high,Vertical impact detected: 1.0g variance,,,,3
vertical_impact,1771110324904.0,49.270108,-123.0279156,1.0,high,Vertical impact detected: 1.0g variance,,,,3
vertical_impact,1771110326002.0,49.270108,-123.0279156,1.01,high,Vertical impact detected: 1.01g variance,,,,3
vertical_impact,1771110327106.0,49.2701775,-123.0279466,1.03,high,Vertical impact detected: 1.03g variance,,,,3
vertical_impact,1771110328139.0,49.2702458,-123.0279797,1.06,high,Vertical impact detected: 1.06g variance,,,,3
vertical_impact,1771110329186.0,49.2702458,-123.0279797,0.98,high,Vertical impact detected: 0.98g variance,,,,3
vertical_impact,1771110330191.0,49.2703131,-123.0280125,1.04,high,Vertical impact detected: 1.04g variance,,,,3
vertical_impact,1771110331208.0,49.2703131,-123.0280125,0.99,high,Vertical impact detected: 0.99g variance,,,,3
vertical_impact,1771110332297.0,49.2703797,-123.0280435,0.96,high,Vertical impact detected: 0.96g variance,,,,3
vertical_impact,1771110333298.0,49.2703797,-123.0280435,0.97,high,Vertical impact detected: 0.97g variance,,,,3
vertical_impact,1771110334317.0,49.2703797,-123.0280435,0.98,high,Vertical impact detected: 0.98g variance,,,,3
vertical_impact,1771110335351.0,49.270431,-123.0280706,1.04,high,Vertical impact detected: 1.04g variance,,,,3
vertical_impact,1771110336353.0,49.270431,-123.0280706,1.02,high,Vertical impact detected: 1.02g variance,,,,3
vertical_impact,1771110337371.0,49.270431,-123.0280706,1.03,high,Vertical impact detected: 1.03g variance,,,,3
vertical_impact,1771110338456.0,49.2704818,-123.0281,1.0,high,Vertical impact detected: 1.0g variance,,,,3
vertical_impact,1771110339508.0,49.2704818,-123.0281,0.99,high,Vertical impact detected: 0.99g variance,,,,3
vertical_impact,1771110340511.0,49.2704818,-123.0281,0.98,high,Vertical impact detected: 0.98g variance,,,,3
vertical_impact,1771110341527.0,49.2705349,-123.0281278,1.0,high,Vertical impact detected: 1.0g variance,,,,3
vertical_impact,1771110342528.0,49.2705349,-123.0281278,0.95,high,Vertical impact detected: 0.95g variance,,,,3
vertical_impact,1771110343564.0,49.2705349,-123.0281278,1.04,high,Vertical impact detected: 1.04g variance,,,,3
vertical_impact,1771110344600.0,49.2705891,-123.0281522,0.99,high,Vertical impact detected: 0.99g variance,,,,3
vertical_impact,1771110345634.0,49.2705891,-123.0281522,0.98,high,Vertical impact detected: 0.98g variance,,,,3
vertical_impact,1771110346635.0,49.2705891,-123.0281522,1.02,high,Vertical impact detected: 1.02g variance,,,,3
vertical_impact,1771110347737.0,49.2706402,-123.0281777,0.98,high,Vertical impact detected: 0.98g variance,,,,3
vertical_impact,1771110348755.0,49.2706402,-123.0281777,1.03,high,Vertical impact detected: 1.03g variance,,,,3
vertical_impact,1771110349773.0,49.2706402,-123.0281777,1.0,high,Vertical impact detected: 1.0g variance,,,,3
vertical_impact,1771110350780.0,49.2706977,-123.0282086,0.99,high,Vertical impact detected: 0.99g variance,,,,3
vertical_impact,1771110351811.0,49.2706977,-123.0282086,1.01,high,Vertical impact detected: 1.01g variance,,,,3
vertical_impact,1771110352913.0,49.2706977,-123.0282086,1.03,high,Vertical impact detected: 1.03g variance,,,,3
vertical_impact,1771110353931.0,49.2707603,-123.0282406,0.98,high,Vertical impact detected: 0.98g variance,,,,3
vertical_impact,1771110355047.0,49.2707603,-123.0282406,0.96,high,Vertical impact detected: 0.96g variance,,,,3
vertical_impact,1771110356085.0,49.2707603,-123.0282406,0.97,high,Vertical impact detected: 0.97g variance,,,,3
vertical_impact,1771110357167.0,49.2708145,-123.0282663,0.97,high,Vertical impact detected: 0.97g variance,,,,3
vertical_impact,1771110358212.0,49.2708145,-123.0282663,0.99,high,Vertical impact detected: 0.99g variance,,,,3
vertical_impact,1771110359271.0,49.2708145,-123.0282663,0.99,high,Vertical impact detected: 0.99g variance,,,,3
vertical_impact,1771110360356.0,49.2708145,-123.0282663,1.03,high,Vertical impact detected: 1.03g variance,,,,3
vertical_impact,1771110361361.0,49.2708145,-123.0282663,1.02,high,Vertical impact detected: 1.02g variance,,,,3
vertical_impact,1771110362377.0,49.2708145,-123.0282663,0.99,high,Vertical impact detected: 0.99g variance,,,,3
vertical_impact,1771110363393.0,49.2708145,-123.0282663,0.99,high,Vertical impact detected: 0.99g variance,,,,3
vertical_impact,1771110364395.0,49.2708601,-123.0282929,1.03,high,Vertical impact detected: 1.03g variance,,,,3
vertical_impact,1771110365397.0,49.2708601,-123.0282929,1.03,high,Vertical impact detected: 1.03g variance,,,,3
vertical_impact,1771110366418.0,49.2708601,-123.0282929,1.0,high,Vertical impact detected: 1.0g variance,,,,3
vertical_impact,1771110367485.0,49.2708601,-123.0282929,0.99,high,Vertical impact detected: 0.99g variance,,,,3
vertical_impact,1771110368506.0,49.2708601,-123.0282929,0.98,high,Vertical impact detected: 0.98g variance,,,,3
vertical_impact,1771110369620.0,49.2708601,-123.0282929,1.0,high,Vertical impact detected: 1.0g variance,,,,3
vertical_impact,1771110370640.0,49.2708601,-123.0282929,0.96,high,Vertical impact detected: 0.96g variance,,,,3
vertical_impact,1771110371672.0,49.2709203,-123.0283237,0.98,high,Vertical impact detected: 0.98g variance,,,,3
vertical_impact,1771110372697.0,49.2709203,-123.0283237,1.01,high,Vertical impact detected: 1.01g variance,,,,3
vertical_impact,1771110373724.0,49.2709651,-123.0283475,0.96,high,Vertical impact detected: 0.96g variance,,,,3
vertical_impact,1771110374729.0,49.2709651,-123.0283475,1.01,high,Vertical impact detected: 1.01g variance,,,,3
vertical_impact,1771110375739.0,49.2710152,-123.0283748,1.0,high,Vertical impact detected: 1.0g variance,,,,3
vertical_impact,1771110376830.0,49.2710152,-123.0283748,0.99,high,Vertical impact detected: 0.99g variance,,,,3
vertical_impact,1771110377935.0,49.2710768,-123.0284094,0.99,high,Vertical impact detected: 0.99g variance,,,,3
vertical_impact,1771110378935.0,49.2710768,-123.0284094,0.98,high,Vertical impact detected: 0.98g variance,,,,3
vertical_impact,1771110379952.0,49.2711454,-123.0284499,1.01,high,Vertical impact detected: 1.01g variance,,,,3
vertical_impact,1771110380988.0,49.2711454,-123.0284499,0.98,high,Vertical impact detected: 0.98g variance,,,,3
vertical_impact,1771110382005.0,49.2712156,-123.0284893,0.98,high,Vertical impact detected: 0.98g variance,,,,3
vertical_impact,1771110383011.0,49.2712156,-123.0284893,1.0,high,Vertical impact detected: 1.0g variance,,,,3
vertical_impact,1771110384030.0,49.2712687,-123.0285215,0.99,high,Vertical impact detected: 0.99g variance,,,,3
vertical_impact,1771110385079.0,49.2712687,-123.0285215,1.0,high,Vertical impact detected: 1.0g variance,,,,3
vertical_impact,1771110386220.0,49.2713121,-123.0285478,1.05,high,Vertical impact detected: 1.05g variance,,,,3
vertical_impact,1771110387315.0,49.2713552,-123.0285745,0.98,high,Vertical impact detected: 0.98g variance,,,,3
vertical_impact,1771110388351.0,49.2713552,-123.0285745,0.98,high,Vertical impact detected: 0.98g variance,,,,3
vertical_impact,1771110389403.0,49.2713999,-123.0286018,0.95,high,Vertical impact detected: 0.95g variance,,,,3
vertical_impact,1771110390407.0,49.2713999,-123.0286018,1.0,high,Vertical impact detected: 1.0g variance,,,,3
vertical_impact,1771110391473.0,49.2714428,-123.0286284,1.02,high,Vertical impact detected: 1.02g variance,,,,3
vertical_impact,1771110392493.0,49.2714428,-123.0286284,0.97,high,Vertical impact detected: 0.97g variance,,,,3
vertical_impact,1771110393493.0,49.2714869,-123.0286578,0.98,high,Vertical impact detected: 0.98g variance,,,,3
vertical_impact,1771110394510.0,49.2714869,-123.0286578,0.97,high,Vertical impact detected: 0.97g variance,,,,3
vertical_impact,1771110395533.0,49.2715323,-123.0286841,1.0,high,Vertical impact detected: 1.0g variance,,,,3
vertical_impact,1771110396620.0,49.2715323,-123.0286841,0.99,high,Vertical impact detected: 0.99g variance,,,,3
vertical_impact,1771110397633.0,49.2715802,-123.0287159,1.04,high,Vertical impact detected: 1.04g variance,,,,3
vertical_impact,1771110398635.0,49.2715802,-123.0287159,1.0,high,Vertical impact detected: 1.0g variance,,,,3
vertical_impact,1771110399640.0,49.2716456,-123.0287558,0.96,high,Vertical impact detected: 0.96g variance,,,,3
vertical_impact,1771110400655.0,49.2716456,-123.0287558,0.99,high,Vertical impact detected: 0.99g variance,,,,3
vertical_impact,1771110401657.0,49.2717237,-123.0288061,1.02,high,Vertical impact detected: 1.02g variance,,,,3
vertical_impact,1771110402710.0,49.2717237,-123.0288061,1.0,high,Vertical impact detected: 1.0g variance,,,,3
vertical_impact,1771110403810.0,49.2718048,-123.0288622,1.04,high,Vertical impact detected: 1.04g variance,,,,3
vertical_impact,1771110404882.0,49.2718521,-123.0288898,0.99,high,Vertical impact detected: 0.99g variance,,,,3
vertical_impact,1771110405932.0,49.2718987,-123.0289221,0.96,high,Vertical impact detected: 0.96g variance,,,,3
vertical_impact,1771110407031.0,49.2719431,-123.0289502,1.0,high,Vertical impact detected: 1.0g variance,,,,3
vertical_impact,1771110408049.0,49.2719431,-123.0289502,0.97,high,Vertical impact detected: 0.97g variance,,,,3
vertical_impact,1771110409052.0,49.2720089,-123.028992,1.02,high,Vertical impact detected: 1.02g variance,,,,3
vertical_impact,1771110410071.0,49.2720089,-123.028992,1.03,high,Vertical impact detected: 1.03g variance,,,,3
vertical_impact,1771110411090.0,49.272051,-123.0290167,1.01,high,Vertical impact detected: 1.01g variance,,,,3
vertical_impact,1771110412111.0,49.272051,-123.0290167,1.01,high,Vertical impact detected: 1.01g variance,,,,3
vertical_impact,1771110413226.0,49.2720986,-123.0290513,1.06,high,Vertical impact detected: 1.06g variance,,,,3
vertical_impact,1771110414228.0,49.2720986,-123.0290513,1.02,high,Vertical impact detected: 1.02g variance,,,,3
vertical_impact,1771110415228.0,49.2720986,-123.0290513,1.01,high,Vertical impact detected: 1.01g variance,,,,3
vertical_impact,1771110416250.0,49.2721474,-123.0290888,0.99,high,Vertical impact detected: 0.99g variance,,,,3
vertical_impact,1771110417282.0,49.2721474,-123.0290888,0.98,high,Vertical impact detected: 0.98g variance,,,,3
vertical_impact,1771110418285.0,49.2721474,-123.0290888,1.0,high,Vertical impact detected: 1.0g variance,,,,3
vertical_impact,1771110419302.0,49.2722028,-123.029124,1.0,high,Vertical impact detected: 1.0g variance,,,,3
vertical_impact,1771110420337.0,49.2722028,-123.029124,1.0,high,Vertical impact detected: 1.0g variance,,,,3
vertical_impact,1771110421373.0,49.2722028,-123.029124,1.03,high,Vertical impact detected: 1.03g variance,,,,3
vertical_impact,1771110422391.0,49.2722615,-123.029156,0.97,high,Vertical impact detected: 0.97g variance,,,,3
vertical_impact,1771110423409.0,49.2722615,-123.029156,1.01,high,Vertical impact detected: 1.01g variance,,,,3
vertical_impact,1771110424428.0,49.2722615,-123.029156,1.02,high,Vertical impact detected: 1.02g variance,,,,3
vertical_impact,1771110425428.0,49.2723157,-123.0291934,1.0,high,Vertical impact detected: 1.0g variance,,,,3
vertical_impact,1771110426464.0,49.2723157,-123.0291934,1.0,high,Vertical impact detected: 1.0g variance,,,,3
vertical_impact,1771110427483.0,49.2723157,-123.0291934,0.97,high,Vertical impact detected: 0.97g variance,,,,3
vertical_impact,1771110428486.0,49.2723773,-123.0292334,1.02,high,Vertical impact detected: 1.02g variance,,,,3
vertical_impact,1771110429502.0,49.2723773,-123.0292334,0.98,high,Vertical impact detected: 0.98g variance,,,,3
vertical_impact,1771110430503.0,49.2724249,-123.0292687,1.0,high,Vertical impact detected: 1.0g variance,,,,3
vertical_impact,1771110431505.0,49.2724249,-123.0292687,0.96,high,Vertical impact detected: 0.96g variance,,,,3
vertical_impact,1771110432606.0,49.2724752,-123.0293076,0.98,high,Vertical impact detected: 0.98g variance,,,,3
vertical_impact,1771110433626.0,49.2724752,-123.0293076,1.0,high,Vertical impact detected: 1.0g variance,,,,3
vertical_impact,1771110434628.0,49.2725266,-123.0293405,0.99,high,Vertical impact detected: 0.99g variance,,,,3
vertical_impact,1771110435728.0,49.2725266,-123.0293405,0.94,high,Vertical impact detected: 0.94g variance,,,,3
vertical_impact,1771110436747.0,49.2725722,-123.029375,0.98,high,Vertical impact detected: 0.98g variance,,,,3
vertical_impact,1771110437852.0,49.2725722,-123.029375,1.0,high,Vertical impact detected: 1.0g variance,,,,3
vertical_impact,1771110438867.0,49.2726267,-123.0294189,1.0,high,Vertical impact detected: 1.0g variance,,,,3
vertical_impact,1771110439885.0,49.2726267,-123.0294189,1.04,high,Vertical impact detected: 1.04g variance,,,,3
vertical_impact,1771110440920.0,49.2726267,-123.0294189,1.0,high,Vertical impact detected: 1.0g variance,,,,3
vertical_impact,1771110441926.0,49.272673,-123.0294527,0.96,high,Vertical impact detected: 0.96g variance,,,,3
vertical_impact,1771110442956.0,49.272673,-123.0294527,0.98,high,Vertical impact detected: 0.98g variance,,,,3
vertical_impact,1771110443993.0,49.2727205,-123.0294905,1.01,high,Vertical impact detected: 1.01g variance,,,,3
vertical_impact,1771110445027.0,49.2727205,-123.0294905,1.01,high,Vertical impact detected: 1.01g variance,,,,3
vertical_impact,1771110446064.0,49.2727716,-123.0295286,1.0,high,Vertical impact detected: 1.0g variance,,,,3
vertical_impact,1771110447088.0,49.2727716,-123.0295286,0.99,high,Vertical impact detected: 0.99g variance,,,,3
vertical_impact,1771110448103.0,49.2728226,-123.0295699,1.0,high,Vertical impact detected: 1.0g variance,,,,3
vertical_impact,1771110449133.0,49.2728226,-123.0295699,1.01,high,Vertical impact detected: 1.01g variance,,,,3
vertical_impact,1771110450194.0,49.2728722,-123.0296057,1.0,high,Vertical impact detected: 1.0g variance,,,,3
vertical_impact,1771110451290.0,49.2729224,-123.0296392,1.03,high,Vertical impact detected: 1.03g variance,,,,3
vertical_impact,1771110452293.0,49.2729224,-123.0296392,0.99,high,Vertical impact detected: 0.99g variance,,,,3
vertical_impact,1771110453409.0,49.2729747,-123.0296718,1.04,high,Vertical impact detected: 1.04g variance,,,,3
vertical_impact,1771110454428.0,49.2729747,-123.0296718,1.01,high,Vertical impact detected: 1.01g variance,,,,3
vertical_impact,1771110455460.0,49.2730291,-123.0297166,0.99,high,Vertical impact detected: 0.99g variance,,,,3
vertical_impact,1771110456496.0,49.2730291,-123.0297166,1.03,high,Vertical impact detected: 1.03g variance,,,,3
vertical_impact,1771110457513.0,49.2730845,-123.0297548,0.96,high,Vertical impact detected: 0.96g variance,,,,3
vertical_impact,1771110458549.0,49.2730845,-123.0297548,1.0,high,Vertical impact detected: 1.0g variance,,,,3
vertical_impact,1771110459601.0,49.27314,-123.0297963,0.99,high,Vertical impact detected: 0.99g variance,,,,3
vertical_impact,1771110460619.0,49.27314,-123.0297963,0.99,high,Vertical impact detected: 0.99g variance,,,,3
vertical_impact,1771110461639.0,49.2731956,-123.0298407,1.01,high,Vertical impact detected: 1.01g variance,,,,3
vertical_impact,1771110462659.0,49.2731956,-123.0298407,1.02,high,Vertical impact detected: 1.02g variance,,,,3
vertical_impact,1771110463674.0,49.2732396,-123.0298759,1.02,high,Vertical impact detected: 1.02g variance,,,,3
vertical_impact,1771110464710.0,49.2732396,-123.0298759,0.98,high,Vertical impact detected: 0.98g variance,,,,3
vertical_impact,1771110465744.0,49.2732898,-123.0299164,1.0,high,Vertical impact detected: 1.0g variance,,,,3
vertical_impact,1771110466746.0,49.2732898,-123.0299164,1.03,high,Vertical impact detected: 1.03g variance,,,,3
vertical_impact,1771110467885.0,49.2732898,-123.0299164,1.03,high,Vertical impact detected: 1.03g variance,,,,3
vertical_impact,1771110468965.0,49.2733417,-123.0299514,1.0,high,Vertical impact detected: 1.0g variance,,,,3
vertical_impact,1771110469983.0,49.2733417,-123.0299514,1.01,high,Vertical impact detected: 1.01g variance,,,,3
vertical_impact,1771110471024.0,49.2733417,-123.0299514,0.98,high,Vertical impact detected: 0.98g variance,,,,3
vertical_impact,1771110472071.0,49.273391,-123.0299764,1.0,high,Vertical impact detected: 1.0g variance,,,,3
vertical_impact,1771110473125.0,49.273391,-123.0299764,1.01,high,Vertical impact detected: 1.01g variance,,,,3
vertical_impact,1771110474241.0,49.273391,-123.0299764,1.01,high,Vertical impact detected: 1.01g variance,,,,3
vertical_impact,1771110475258.0,49.2734381,-123.0300064,1.0,high,Vertical impact detected: 1.0g variance,,,,3
vertical_impact,1771110476261.0,49.2734381,-123.0300064,0.99,high,Vertical impact detected: 0.99g variance,,,,3
vertical_impact,1771110477261.0,49.2734802,-123.0300407,1.02,high,Vertical impact detected: 1.02g variance,,,,3
vertical_impact,1771110478262.0,49.2734802,-123.0300407,0.97,high,Vertical impact detected: 0.97g variance,,,,3
vertical_impact,1771110479265.0,49.2735341,-123.0300828,1.01,high,Vertical impact detected: 1.01g variance,,,,3
vertical_impact,1771110480287.0,49.2735341,-123.0300828,1.01,high,Vertical impact detected: 1.01g variance,,,,3
vertical_impact,1771110481302.0,49.2735907,-123.0301273,0.99,high,Vertical impact detected: 0.99g variance,,,,3
vertical_impact,1771110482305.0,49.2735907,-123.0301273,1.01,high,Vertical impact detected: 1.01g variance,,,,3
vertical_impact,1771110483405.0,49.2736577,-123.030173,0.95,high,Vertical impact detected: 0.95g variance,,,,3
vertical_impact,1771110484455.0,49.2736577,-123.030173,1.01,high,Vertical impact detected: 1.01g variance,,,,3
vertical_impact,1771110485489.0,49.2737253,-123.0302248,1.03,high,Vertical impact detected: 1.03g variance,,,,3
vertical_impact,1771110486494.0,49.2737253,-123.0302248,0.98,high,Vertical impact detected: 0.98g variance,,,,3
vertical_impact,1771110487527.0,49.2738058,-123.0302866,1.0,high,Vertical impact detected: 1.0g variance,,,,3
vertical_impact,1771110488544.0,49.2738058,-123.0302866,0.96,high,Vertical impact detected: 0.96g variance,,,,3
vertical_impact,1771110489546.0,49.2738477,-123.0303194,0.97,high,Vertical impact detected: 0.97g variance,,,,3
vertical_impact,1771110490569.0,49.2738901,-123.0303523,0.97,high,Vertical impact detected: 0.97g variance,,,,3
vertical_impact,1771110491667.0,49.2739804,-123.0304185,1.01,high,Vertical impact detected: 1.01g variance,,,,3
vertical_impact,1771110492701.0,49.2740261,-123.0304518,1.02,high,Vertical impact detected: 1.02g variance,,,,3
vertical_impact,1771110493719.0,49.2740753,-123.030486,0.94,high,Vertical impact detected: 0.94g variance,,,,3
vertical_impact,1771110494737.0,49.2741234,-123.0305188,0.98,high,Vertical impact detected: 0.98g variance,,,,3
vertical_impact,1771110495773.0,49.2741679,-123.0305492,1.03,high,Vertical impact detected: 1.03g variance,,,,3
vertical_impact,1771110496806.0,49.2742121,-123.030575,1.03,high,Vertical impact detected: 1.03g variance,,,,3
vertical_impact,1771110497826.0,49.2742121,-123.030575,0.99,high,Vertical impact detected: 0.99g variance,,,,3
vertical_impact,1771110498826.0,49.2742838,-123.0306259,0.99,high,Vertical impact detected: 0.99g variance,,,,3
vertical_impact,1771110499828.0,49.2742838,-123.0306259,1.0,high,Vertical impact detected: 1.0g variance,,,,3
vertical_impact,1771110500952.0,49.2743499,-123.0306688,0.95,high,Vertical impact detected: 0.95g variance,,,,3
vertical_impact,1771110502048.0,49.2743499,-123.0306688,1.02,high,Vertical impact detected: 1.02g variance,,,,3
vertical_impact,1771110503149.0,49.2744035,-123.0307036,0.95,high,Vertical impact detected: 0.95g variance,,,,3
vertical_impact,1771110504169.0,49.2744655,-123.030737,1.01,high,Vertical impact detected: 1.01g variance,,,,3
vertical_impact,1771110505200.0,49.2744655,-123.030737,0.99,high,Vertical impact detected: 0.99g variance,,,,3
vertical_impact,1771110506302.0,49.2745337,-123.0307729,0.96,high,Vertical impact detected: 0.96g variance,,,,3
vertical_impact,1771110507395.0,49.2745337,-123.0307729,1.05,high,Vertical impact detected: 1.05g variance,,,,3
vertical_impact,1771110508505.0,49.2745953,-123.0308148,0.97,high,Vertical impact detected: 0.97g variance,,,,3
vertical_impact,1771110509609.0,49.2745953,-123.0308148,0.95,high,Vertical impact detected: 0.95g variance,,,,3
vertical_impact,1771110510710.0,49.2746424,-123.0308472,1.0,high,Vertical impact detected: 1.0g variance,,,,3
vertical_impact,1771110511745.0,49.2746424,-123.0308472,1.04,high,Vertical impact detected: 1.04g variance,,,,3
vertical_impact,1771110512780.0,49.2746849,-123.0308736,0.98,high,Vertical impact detected: 0.98g variance,,,,3
vertical_impact,1771110513816.0,49.2746849,-123.0308736,0.99,high,Vertical impact detected: 0.99g variance,,,,3
vertical_impact,1771110514818.0,49.2746849,-123.0308736,1.05,high,Vertical impact detected: 1.05g variance,,,,3
vertical_impact,1771110515992.0,49.2746849,-123.0308736,1.04,high,Vertical impact detected: 1.04g variance,,,,3
vertical_impact,1771110517004.0,49.2746849,-123.0308736,1.01,high,Vertical impact detected: 1.01g variance,,,,3
vertical_impact,1771110518141.0,49.2747323,-123.0309007,1.02,high,Vertical impact detected: 1.02g variance,,,,3
vertical_impact,1771110519328.0,49.2747323,-123.0309007,1.03,high,Vertical impact detected: 1.03g variance,,,,3
vertical_impact,1771110520388.0,49.2747323,-123.0309007,0.99,high,Vertical impact detected: 0.99g variance,,,,3
vertical_impact,1771110521482.0,49.2747323,-123.0309007,1.0,high,Vertical impact detected: 1.0g variance,,,,3
vertical_impact,1771110522494.0,49.2747323,-123.0309007,0.96,high,Vertical impact detected: 0.96g variance,,,,3
vertical_impact,1771110523529.0,49.2747878,-123.0309293,0.98,high,Vertical impact detected: 0.98g variance,,,,3
vertical_impact,1771110524600.0,49.2747878,-123.0309293,0.99,high,Vertical impact detected: 0.99g variance,,,,3
vertical_impact,1771110525691.0,49.2747878,-123.0309293,1.02,high,Vertical impact detected: 1.02g variance,,,,3
vertical_impact,1771110526725.0,49.2748527,-123.0309661,0.92,high,Vertical impact detected: 0.92g variance,,,,3
vertical_impact,1771110527729.0,49.2748527,-123.0309661,0.93,high,Vertical impact detected: 0.93g variance,,,,3
vertical_impact,1771110528812.0,49.2749043,-123.0309929,0.97,high,Vertical impact detected: 0.97g variance,,,,3
vertical_impact,1771110529825.0,49.2749043,-123.0309929,0.98,high,Vertical impact detected: 0.98g variance,,,,3
vertical_impact,1771110530844.0,49.2749043,-123.0309929,0.99,high,Vertical impact detected: 0.99g variance,,,,3
vertical_impact,1771110531983.0,49.2749558,-123.0310193,0.97,high,Vertical impact detected: 0.97g variance,,,,3
vertical_impact,1771110533081.0,49.2749558,-123.0310193,0.97,high,Vertical impact detected: 0.97g variance,,,,3
vertical_impact,1771110534305.0,49.2749558,-123.0310193,0.97,high,Vertical impact detected: 0.97g variance,,,,3
vertical_impact,1771110535321.0,49.2750095,-123.0310467,0.97,high,Vertical impact detected: 0.97g variance,,,,3
vertical_impact,1771110536349.0,49.2750095,-123.0310467,0.97,high,Vertical impact detected: 0.97g variance,,,,3
vertical_impact,1771110538251.0,49.2750095,-123.0310467,0.97,high,Vertical impact detected: 0.97g variance,,,,3
vertical_impact,1771110539506.0,49.2750868,-123.0310752,0.97,high,Vertical impact detected: 0.97g variance,,,,3
vertical_impact,1771110540877.0,49.2750868,-123.0310752,0.97,high,Vertical impact detected: 0.97g variance,,,,3
vertical_impact,1771110541908.0,49.2750868,-123.0310752,1.0,high,Vertical impact detected: 1.0g variance,,,,3
vertical_impact,1771110543019.0,49.2751326,-123.0310969,1.02,high,Vertical impact detected: 1.02g variance,,,,3
vertical_impact,1771110544134.0,49.2751326,-123.0310969,1.0,high,Vertical impact detected: 1.0g variance,,,,3
vertical_impact,1771110545164.0,49.2751326,-123.0310969,1.07,high,Vertical impact detected: 1.07g variance,,,,3
