timestamp,x,y,z,ride_id
1771107923098,0.490501344203949,-0.8469448089599609,0.5542725324630737,2
1771107923556,0.490501344203949,-0.8469448089599609,0.5542725324630737,2
1771107923744,-0.39398810267448425,0.38866233825683594,0.5750045776367188,2
1771107923787,-0.39398810267448425,0.38866233825683594,0.5750045776367188,2
1771107923890,1.1384626626968384,-1.0143508911132812,0.3188934326171875,2
1771107923990,-0.08402897417545319,0.5326681137084961,0.36093878746032715,2
1771107924098,0.7427498698234558,-0.2028522491455078,1.0747525691986084,2
1771107924207,0.4202542006969452,0.3537282943725586,-0.17162227630615234,2
1771107924315,0.365317165851593,0.9964580535888672,-0.11246299743652344,2
1771107924427,-0.35890263319015503,-0.9553165435791016,-0.22663664817810059,2
1771107924532,-0.4829230010509491,0.013364791870117188,0.5257728099822998,2
1771107924641,-0.020351573824882507,0.8817691802978516,-0.6364645957946777,2
1771107924749,-0.4245021343231201,0.6046295166015625,-0.3177025318145752,2
1771107924858,0.11598210036754608,-0.6855754852294922,0.6221134662628174,2
1771107924995,-0.27342820167541504,-0.6967620849609375,-0.7322280406951904,2
1771107925066,-1.402109980583191,0.9978771209716797,-1.5801821947097778,2
1771107925176,-0.1430153250694275,-0.2654085159301758,-0.1504819393157959,2
1771107925283,0.159028559923172,-0.8507061004638672,-0.10440969467163086,2
1771107925383,-0.5773833394050598,0.9110565185546875,-2.974632501602173,2
1771107925492,-1.1373529434204102,-0.19509506225585938,-1.6275899410247803,2
1771107925600,-1.1400189399719238,-0.8936433792114258,0.07937955856323242,2
1771107925708,-0.8473895788192749,-0.015007972717285156,0.7335898876190186,2
1771107925808,0.4385940730571747,0.6362190246582031,-1.4404830932617188,2
1771107925916,0.5773635506629944,-0.36862754821777344,0.32440185546875,2
1771107926025,-0.45727649331092834,-0.7087583541870117,-1.3105002641677856,2
1771107926125,-0.4688459038734436,0.34758567810058594,-0.5042083263397217,2
1771107926233,-0.3954645097255707,-1.5226097106933594,-0.45131611824035645,2
1771107926343,-0.3390686511993408,-0.5451622009277344,0.4349651336669922,2
1771107926451,0.619583785533905,0.7141885757446289,-0.9448733329772949,2
1771107926559,-0.57606041431427,-0.26342010498046875,-1.050201654434204,2
1771107926659,0.1989201307296753,0.08785533905029297,-1.5133776664733887,2
1771107926768,0.0970749706029892,0.30945682525634766,0.9130251407623291,2
1771107926877,0.5013160109519958,-0.3772439956665039,0.42681384086608887,2
1771107926996,-1.3978400230407715,-0.4342374801635742,-1.1359279155731201,2
1771107927114,-1.2874137163162231,-0.41205883026123047,-0.8181569576263428,2
1771107927200,-0.4080660939216614,-0.5054426193237305,-0.7415997982025146,2
1771107927310,1.1802304983139038,-0.493927001953125,-0.5692524909973145,2
1771107927418,-0.44428810477256775,0.4660606384277344,0.2736077308654785,2
1771107927526,0.49808597564697266,-0.019403457641601562,-0.43307673931121826,2
1771107927634,-0.4979965388774872,-0.7686147689819336,0.19515788555145264,2
1771107927743,0.3762408494949341,0.4554634094238281,0.6801958084106445,2
1771107927851,0.07564415037631989,1.03460693359375,-1.3612943887710571,2
1771107927960,-1.3610223531723022,0.2934083938598633,-1.5094538927078247,2
1771107928068,-0.16635194420814514,-1.3065385818481445,-0.08356010913848877,2
1771107928178,-0.12551909685134888,0.8095674514770508,-0.31064724922180176,2
1771107928285,-0.2934151291847229,0.4450387954711914,0.6541589498519897,2
1771107928393,0.09201034903526306,-0.03876018524169922,0.04298555850982666,2
1771107928502,-0.53423672914505,0.6031265258789062,0.5754523277282715,2
1771107928611,-0.2612088620662689,0.16468334197998047,-0.1808772087097168,2
1771107928718,0.5053958296775818,0.6213350296020508,0.6870403289794922,2
1771107928827,0.6416723132133484,1.1009521484375,0.2595987319946289,2
1771107928935,0.1024114340543747,-0.3186511993408203,1.535211443901062,2
1771107929045,-1.0464509725570679,-1.8295254707336426,0.21525168418884277,2
1771107929144,0.14850178360939026,0.0423736572265625,-1.2333459854125977,2
1771107929252,0.20055511593818665,0.0819711685180664,-2.0493099689483643,2
1771107929361,-0.10675811767578125,0.8038597106933594,0.19400954246520996,2
1771107929462,0.3339996337890625,-0.29444122314453125,0.9058300256729126,2
1771107929569,-0.4825252890586853,0.3095703125,-0.25947463512420654,2
1771107929671,-0.6459673047065735,0.6728744506835938,0.23870909214019775,2
1771107929779,-0.38574129343032837,0.4150533676147461,-0.6035213470458984,2
1771107929878,-0.16925905644893646,-0.18426132202148438,-0.8895913362503052,2
1771107930008,-0.4501555562019348,-0.34989070892333984,1.0641180276870728,2
1771107930109,0.7407980561256409,0.6475973129272461,1.2322405576705933,2
1771107930203,-0.33996471762657166,-0.14133739471435547,0.6125215291976929,2
1771107930304,0.21477514505386353,-0.2922096252441406,1.1804250478744507,2
1771107930413,-0.5846683979034424,-1.4006881713867188,-1.2851603031158447,2
1771107930520,0.10068368166685104,-0.4869537353515625,-1.3253953456878662,2
1771107930628,-0.507538914680481,-0.1234588623046875,-1.2812094688415527,2
1771107930729,0.4605943560600281,0.25961971282958984,0.8238996267318726,2
1771107930837,1.3769794702529907,-0.4175910949707031,0.5783159732818604,2
1771107930947,-1.9762167930603027,0.9156551361083984,3.1918158531188965,2
1771107931054,0.5877236723899841,0.7829093933105469,0.8507124185562134,2
1771107931156,0.08475412428379059,0.5812034606933594,-1.0258526802062988,2
1771107931262,0.21491971611976624,0.21636581420898438,2.380004405975342,2
1771107931372,-0.12079973518848419,-0.09770011901855469,1.7067887783050537,2
1771107931481,-0.39697596430778503,-0.6119136810302734,1.3891785144805908,2
1771107931588,0.7547362446784973,-0.6007795333862305,0.9935588836669922,2
1771107931697,-0.49391376972198486,0.28502368927001953,-1.8135699033737183,2
1771107931804,-0.05893576145172119,0.015770912170410156,-0.8675962686538696,2
1771107931913,-0.17910298705101013,0.44716548919677734,-0.43665480613708496,2
1771107932024,-0.4043809473514557,-0.12726497650146484,1.422025203704834,2
1771107932128,-0.42502132058143616,0.05457019805908203,-1.804672360420227,2
1771107932230,0.1360044926404953,0.5943202972412109,-0.10276544094085693,2
1771107932338,0.12271103262901306,-0.6084184646606445,-0.7215143442153931,2
1771107932446,0.12304268777370453,-0.008883476257324219,1.3076597452163696,2
1771107932555,0.09788402915000916,0.8020296096801758,0.6442663669586182,2
1771107932664,-0.021280616521835327,1.0187721252441406,-0.23052358627319336,2
1771107932766,0.41678351163864136,0.1848001480102539,0.12038588523864746,2
1771107932872,-0.11879000067710876,-0.07846641540527344,0.13631057739257812,2
1771107932981,0.8651558756828308,-0.3871498107910156,0.6382324695587158,2
1771107933106,-0.3789883553981781,0.42044734954833984,-0.8726582527160645,2
1771107933189,0.1562880426645279,0.30674171447753906,0.6888511180877686,2
1771107933298,0.021021276712417603,0.07373237609863281,0.012468099594116211,2
1771107933405,0.4821358025074005,-0.5175046920776367,0.23736190795898438,2
1771107933506,-0.6310694217681885,-0.45303916931152344,0.38638901710510254,2
1771107933615,0.23744526505470276,0.3532562255859375,0.3718605041503906,2
1771107933722,-0.5372156500816345,1.2209339141845703,-0.05023527145385742,2
1771107933830,0.264726847410202,0.5275993347167969,0.11278247833251953,2
1771107933939,0.5765414834022522,-0.054558753967285156,1.0284664630889893,2
1771107934043,-0.16375717520713806,-0.9094982147216797,-0.02980208396911621,2
1771107934148,0.2649066746234894,0.14586162567138672,0.5834851264953613,2
1771107934256,0.3197420537471771,-0.06753730773925781,0.48017024993896484,2
1771107934365,-0.14574021100997925,-0.17311954498291016,1.52382493019104,2
1771107934475,0.6703041195869446,-0.3295097351074219,0.4049546718597412,2
1771107934582,0.17144747078418732,0.6906719207763672,-0.36722779273986816,2
1771107934690,0.3955850303173065,0.3524303436279297,-1.2306371927261353,2
1771107934792,-0.6345312595367432,0.2582359313964844,-1.2763304710388184,2
1771107934898,-0.5868237614631653,-1.2016258239746094,0.10315585136413574,2
1771107935007,0.1112205758690834,-0.5738058090209961,2.5997753143310547,2
1771107935123,-0.20196521282196045,-1.0032625198364258,-0.7967896461486816,2
1771107935224,-0.2908111810684204,0.5122842788696289,-0.06856298446655273,2
1771107935333,-0.0842089056968689,0.8861255645751953,-1.040252923965454,2
1771107935441,-0.4759773015975952,0.10519218444824219,-1.8020892143249512,2
1771107935549,0.664625883102417,0.46553516387939453,0.42612218856811523,2
1771107935658,-1.2737901210784912,-0.008108139038085938,-2.851665735244751,2
1771107935766,-0.4313453435897827,-0.14855289459228516,-0.6715214252471924,2
1771107935874,0.32255080342292786,-1.2095718383789062,1.0170490741729736,2
1771107935983,0.7037539482116699,-0.1419963836669922,0.08961939811706543,2
1771107936092,0.22742369771003723,1.8318605422973633,-0.46951913833618164,2
1771107936200,-0.6279749870300293,0.8692750930786133,-1.5231096744537354,2
1771107936300,0.7602295875549316,-0.6764545440673828,1.798309564590454,2
1771107936409,0.18657395243644714,0.1805400848388672,0.831836462020874,2
1771107936517,0.7195757627487183,0.7633533477783203,-0.7202484607696533,2
1771107936625,-0.7306386232376099,-0.14327716827392578,0.16457438468933105,2
1771107936734,0.456671804189682,0.1679220199584961,-0.6888031959533691,2
1771107936834,-0.49669915437698364,1.1054725646972656,-1.8750619888305664,2
1771107936942,-0.6342109441757202,0.2523632049560547,-0.2778339385986328,2
1771107937065,1.0129029750823975,-0.21028423309326172,-0.24264740943908691,2
1771107937159,0.9123214483261108,1.0495529174804688,0.6543903350830078,2
1771107937259,-0.6820488572120667,0.29448795318603516,-0.4204723834991455,2
1771107937368,0.017025530338287354,-1.270258903503418,-2.394026756286621,2
1771107937476,0.3659835457801819,0.9963350296020508,0.1879260540008545,2
1771107937576,0.5117080807685852,-0.41287803649902344,0.770970344543457,2
1771107937686,-0.6960262060165405,-0.08976554870605469,-0.04474616050720215,2
1771107937792,0.26957085728645325,0.5740575790405273,0.2728271484375,2
1771107937904,0.07727181911468506,-0.11855888366699219,2.738949775695801,2
1771107938009,1.0670219659805298,0.05021858215332031,-0.9910283088684082,2
1771107938137,-0.7158690690994263,1.4495515823364258,0.3591432571411133,2
1771107938226,0.5855432152748108,0.1666889190673828,-0.3837132453918457,2
1771107938327,0.5900143980979919,0.3492431640625,1.5032939910888672,2
1771107938436,-0.7234360575675964,-0.665888786315918,-0.5142636299133301,2
1771107938543,0.4684901833534241,0.714726448059082,-1.7063151597976685,2
1771107938653,-0.13207438588142395,-0.8775062561035156,0.1430823802947998,2
1771107938760,0.13541950285434723,-0.33485889434814453,0.37524890899658203,2
1771107938869,0.6400458812713623,-0.2659492492675781,-1.606692910194397,2
1771107938969,1.043713927268982,0.6550159454345703,-0.30081820487976074,2
1771107939077,-0.35222184658050537,-0.03429985046386719,-1.1421371698379517,2
1771107939180,0.018428996205329895,0.14851093292236328,0.491131067276001,2
1771107939285,-0.3147869110107422,-0.9660930633544922,-0.9696588516235352,2
1771107939394,0.18739089369773865,-0.004111289978027344,0.8867878913879395,2
1771107939503,-0.10688267648220062,0.08860015869140625,-1.8647098541259766,2
1771107939604,-0.07336248457431793,-0.6651220321655273,0.7618236541748047,2
1771107939711,0.553824782371521,0.3972291946411133,0.5436303615570068,2
1771107939820,-0.004139319062232971,0.6847610473632812,0.34211254119873047,2
1771107939928,0.5699131488800049,-0.12035274505615234,0.42859935760498047,2
1771107940028,-0.14672277867794037,-0.31534862518310547,-0.49276018142700195,2
1771107940144,0.154251366853714,0.1820363998413086,-0.6355342864990234,2
1771107940245,-0.1956901103258133,-0.5070962905883789,-0.24686574935913086,2
1771107940353,-0.35851210355758667,-0.08847904205322266,-0.1096181869506836,2
1771107940461,0.22198036313056946,-0.7445411682128906,0.4101879596710205,2
1771107940570,-0.33113062381744385,0.08988380432128906,0.18085002899169922,2
1771107940678,-0.37543243169784546,0.7471799850463867,-1.212712049484253,2
1771107940787,0.7189009189605713,1.0481109619140625,-0.318509578704834,2
1771107940896,0.2735278606414795,0.24620437622070312,-0.5234007835388184,2
1771107941003,-0.2711769938468933,-0.0076007843017578125,-0.41071009635925293,2
1771107941107,-0.12833914160728455,0.01623249053955078,-0.19019556045532227,2
1771107941212,0.3054080903530121,-0.5129203796386719,0.17235970497131348,2
1771107941321,0.2878078818321228,0.33446598052978516,0.194411039352417,2
1771107941429,0.7154273390769958,-0.07617568969726562,-1.3083372116088867,2
1771107941537,-0.2333495020866394,0.8003635406494141,-1.5172784328460693,2
1771107941638,0.17069223523139954,-0.6131820678710938,0.21970701217651367,2
1771107941746,-0.5914508700370789,-0.7389011383056641,0.4826667308807373,2
1771107941855,-0.03893519192934036,0.7903871536254883,-1.2582440376281738,2
1771107941963,0.7617080807685852,1.5835704803466797,-1.3016786575317383,2
1771107942073,0.138566792011261,-0.015031814575195312,-1.0534920692443848,2
1771107942179,-0.6037243008613586,0.06568050384521484,1.082963466644287,2
1771107942280,0.23718422651290894,-0.20569419860839844,-0.13958740234375,2
1771107942389,-0.424748033285141,-0.08705806732177734,-1.3089377880096436,2
1771107942497,-0.26860782504081726,0.782867431640625,-1.6882295608520508,2
1771107942607,0.20782992243766785,-0.33556652069091797,1.1899325847625732,2
1771107942713,0.3357359766960144,0.16699790954589844,-0.8489953279495239,2
1771107942814,-0.08075244724750519,0.13956737518310547,-0.12078499794006348,2
1771107942922,0.11463053524494171,0.1437845230102539,0.14420461654663086,2
1771107943023,0.2498469352722168,-0.014421463012695312,1.379325270652771,2
1771107943130,0.3041798770427704,-0.0717000961303711,0.15742754936218262,2
1771107943231,-0.5336428880691528,0.04593181610107422,-1.5326545238494873,2
1771107943339,0.2694060206413269,0.4107198715209961,-0.01103365421295166,2
1771107943447,0.35967567563056946,-0.2953310012817383,-0.29996514320373535,2
1771107943556,-0.22590231895446777,-0.36933135986328125,-0.055286407470703125,2
1771107943656,0.05373290181159973,-0.029529571533203125,-0.2086423635482788,2
1771107943764,0.2416100800037384,0.11258125305175781,-0.5878692865371704,2
1771107943865,-0.16464859247207642,0.15480804443359375,-0.5492731332778931,2
1771107943973,0.24855473637580872,-0.04541778564453125,-0.0474928617477417,2
1771107944083,0.02373884618282318,-0.2584724426269531,-0.7836368083953857,2
1771107944190,0.2090822160243988,0.14806556701660156,0.6499673128128052,2
1771107944298,0.6448652744293213,0.19167804718017578,0.7236825227737427,2
1771107944407,-0.4164137840270996,0.07695293426513672,0.21200966835021973,2
1771107944507,0.3093406856060028,-0.19520854949951172,-0.8507506847381592,2
1771107944616,0.09269043803215027,0.11245918273925781,-0.8202069997787476,2
1771107944724,0.611830472946167,-0.4655923843383789,0.01133263111114502,2
1771107944832,-0.08793962001800537,0.7012128829956055,-0.9103678464889526,2
1771107944940,-0.006291568279266357,0.26514434814453125,-0.20997858047485352,2
1771107945049,-0.38330698013305664,-0.4264640808105469,1.164762258529663,2
1771107945159,0.28154635429382324,1.1766109466552734,-1.7258963584899902,2
1771107945266,0.6029233932495117,-0.014883995056152344,0.6077225208282471,2
1771107945366,0.4322241544723511,0.04959869384765625,0.2823054790496826,2
1771107945476,0.9676796793937683,-0.14618968963623047,0.1370406150817871,2
1771107945583,0.1934106945991516,-0.18075275421142578,0.8391556739807129,2
1771107945691,0.30262479186058044,0.6406574249267578,0.16805052757263184,2
1771107945792,0.4619594216346741,0.06786251068115234,-0.6427527666091919,2
1771107945899,-0.10646188259124756,0.7872657775878906,-1.3754189014434814,2
1771107946008,-0.2263854295015335,-0.12569427490234375,-1.6729693412780762,2
1771107946124,-0.14222507178783417,-0.02659320831298828,1.7544220685958862,2
1771107946225,-0.504487156867981,-0.3958930969238281,-0.6836627721786499,2
1771107946325,0.469088613986969,0.8329248428344727,-1.2052946090698242,2
1771107946433,-0.38673311471939087,-0.07795333862304688,0.38388383388519287,2
1771107946541,0.8034331798553467,-0.2993354797363281,0.1651097536087036,2
1771107946642,-1.0929487943649292,-0.3061666488647461,-0.40614449977874756,2
1771107946750,1.0921008586883545,0.2581291198730469,-0.4185831546783447,2
1771107946859,0.4384329319000244,-0.254608154296875,-0.11349403858184814,2
1771107946967,-0.2949300706386566,0.19272994995117188,-0.37408411502838135,2
1771107947134,0.7061550617218018,-0.16086196899414062,0.8109551668167114,2
1771107947189,0.12538349628448486,-0.3961658477783203,-0.5623421669006348,2
1771107947294,-0.25489941239356995,-0.5353946685791016,0.044960737228393555,2
1771107947393,-0.10626548528671265,0.2747945785522461,-0.6829040050506592,2
1771107947504,-0.13000638782978058,-0.2440481185913086,-0.23609471321105957,2
1771107947610,0.10560359060764313,0.048790931701660156,-0.37537264823913574,2
1771107947720,-0.22501623630523682,0.6238422393798828,-0.1281144618988037,2
1771107947827,-0.02084480971097946,-0.6993999481201172,0.8424150943756104,2
1771107947936,-0.1401454210281372,-0.8671731948852539,0.6096124649047852,2
1771107948045,0.3983738124370575,0.2786741256713867,-0.4723062515258789,2
1771107948151,0.27571019530296326,0.6690473556518555,0.03339028358459473,2
1771107948260,0.28545081615448,-0.71539306640625,-0.6242893934249878,2
1771107948361,0.1191357970237732,0.018454551696777344,-0.3138089179992676,2
1771107948469,0.04395151138305664,0.3254261016845703,0.22450661659240723,2
1771107948578,-0.9850988388061523,0.4887056350708008,-2.316591739654541,2
1771107948685,0.22968287765979767,1.4148063659667969,-0.7533162832260132,2
1771107948793,-0.33295872807502747,0.002033233642578125,-0.3167598247528076,2
1771107948895,0.008540797978639603,-0.21194934844970703,1.5247564315795898,2
1771107949002,-0.24474327266216278,1.147085189819336,-2.0089097023010254,2
1771107949130,-0.6752893924713135,0.1564168930053711,-1.8486857414245605,2
1771107949220,0.19289343059062958,-0.5379524230957031,0.36263179779052734,2
1771107949328,-0.6730380654335022,-0.6502656936645508,-0.8896394968032837,2
1771107949436,-0.18059207499027252,0.20020771026611328,-0.5909023284912109,2
1771107949544,-0.4275487959384918,0.005677223205566406,-2.2313287258148193,2
1771107949653,0.8090847730636597,0.5283594131469727,0.05259251594543457,2
1771107949761,0.8237375617027283,-0.40964603424072266,-0.16319513320922852,2
1771107949862,-0.26911088824272156,0.15339088439941406,0.4189293384552002,2
1771107949969,-0.4599582850933075,-0.08500003814697266,0.06179964542388916,2
1771107950070,0.8300344347953796,0.9614009857177734,-0.8129825592041016,2
1771107950179,-0.2942485809326172,-0.2801990509033203,-0.003741621971130371,2
1771107950281,1.049378514289856,-0.48023223876953125,1.3768408298492432,2
1771107950387,0.0022358447313308716,0.23107147216796875,0.45583391189575195,2
1771107950496,0.48359644412994385,-0.3055095672607422,2.4570553302764893,2
1771107950604,0.010454490780830383,1.3033571243286133,0.04131662845611572,2
1771107950713,-0.19389909505844116,-0.03707408905029297,0.7639024257659912,2
1771107950821,0.15768931806087494,-1.5435271263122559,1.735734462738037,2
1771107950921,-0.17983944714069366,0.7463560104370117,-1.1147985458374023,2
1771107951029,0.30588334798812866,0.8569707870483398,-0.9852488040924072,2
1771107951155,-0.009014703333377838,0.3053464889526367,-0.42690563201904297,2
1771107951238,0.5237768292427063,-0.2745027542114258,-0.3602421283721924,2
1771107951347,-0.0432860404253006,0.7784214019775391,-2.110926389694214,2
1771107951455,0.3321264386177063,0.6803512573242188,0.7620258331298828,2
1771107951555,-0.5703734159469604,0.3138761520385742,-0.3104736804962158,2
1771107951663,-0.7591477632522583,1.6012039184570312,-0.3774147033691406,2
1771107951771,0.13436797261238098,6.103515625e-05,-0.710360050201416,2
1771107951873,0.24974755942821503,-1.1614627838134766,1.1501293182373047,2
1771107951981,-0.49465954303741455,1.318282127380371,-0.622279167175293,2
1771107952128,-0.6526874303817749,-0.7229194641113281,0.6011655330657959,2
1771107952197,0.31075042486190796,-0.5686960220336914,0.9863123893737793,2
1771107952306,0.36558884382247925,-1.1387667655944824,0.36155009269714355,2
1771107952414,-0.9630609750747681,0.5091791152954102,0.22234535217285156,2
1771107952522,0.004481494426727295,1.2456865310668945,-0.35735440254211426,2
1771107952630,-1.4988417625427246,-0.6912708282470703,0.1509723663330078,2
1771107952740,0.8934164047241211,-0.12563514709472656,-1.4835269451141357,2
1771107952848,-1.7759684324264526,1.0619640350341797,-1.6169030666351318,2
1771107952956,0.9098451137542725,-0.35241127014160156,0.30927562713623047,2
1771107953064,-1.5951424837112427,1.1786317825317383,-1.9308691024780273,2
1771107953165,-0.24714890122413635,-0.7962455749511719,2.535597801208496,2
1771107953273,0.11999717354774475,0.6012554168701172,-2.0715084075927734,2
1771107953381,0.8936886787414551,0.8075456619262695,-1.3983407020568848,2
1771107953490,-1.3039761781692505,0.3345966339111328,-0.0846257209777832,2
1771107953598,0.33462363481521606,-1.0392141342163086,2.402574300765991,2
1771107953707,-0.5259091258049011,0.5007553100585938,-0.24633193016052246,2
1771107953815,0.5148177146911621,0.4600954055786133,-0.2367265224456787,2
1771107953924,-0.41944265365600586,1.0962600708007812,-1.14760422706604,2
1771107954035,0.25758135318756104,0.3435087203979492,0.058016061782836914,2
1771107954168,-0.4105686545372009,0.9657106399536133,-2.2039618492126465,2
1771107954249,-0.16528014838695526,-0.6858358383178711,-0.3313324451446533,2
1771107954359,0.006688199937343597,0.5393028259277344,-0.20683526992797852,2
1771107954465,-0.43451786041259766,0.06510639190673828,-0.3285846710205078,2
1771107954577,-0.006701350212097168,0.005551338195800781,-0.18402791023254395,2
1771107954682,-0.2157752811908722,0.8387327194213867,0.8323743343353271,2
1771107954783,-0.8004508018493652,1.0310373306274414,-0.6909515857696533,2
1771107954891,1.5470521450042725,-0.5583944320678711,2.9186959266662598,2
1771107954999,-0.6964484453201294,-0.3067502975463867,0.9342365264892578,2
1771107955128,-0.7276495695114136,-0.14278602600097656,0.09539961814880371,2
1771107955209,-0.3637241721153259,-0.3025074005126953,-1.3485019207000732,2
1771107955309,-0.08513268828392029,-1.4753351211547852,0.9210667610168457,2
1771107955419,0.1615239381790161,-0.2301015853881836,0.46125340461730957,2
1771107955525,-0.6021000146865845,-0.5228281021118164,-0.90302574634552,2
1771107955635,0.6146135926246643,0.07941150665283203,1.0296590328216553,2
1771107955735,-0.4696423411369324,-0.5591802597045898,0.056613922119140625,2
1771107955843,-0.07221752405166626,-0.5223007202148438,0.3550705909729004,2
1771107955951,0.59684157371521,-0.10680675506591797,-0.7023134231567383,2
1771107956051,-0.20639121532440186,0.6027126312255859,-1.4358464479446411,2
1771107956159,-0.49506875872612,0.0847463607788086,0.10367274284362793,2
1771107956268,0.7455766201019287,-0.6338338851928711,0.8058915138244629,2
1771107956375,-0.8039690256118774,-0.9965581893920898,-0.2286837100982666,2
1771107956476,0.4968915581703186,0.10676765441894531,-0.32297492027282715,2
1771107956576,-0.6223858594894409,-0.08820343017578125,-1.5426818132400513,2
1771107956684,0.41084223985671997,-0.26563549041748047,0.6995375156402588,2
1771107956793,-0.2379230111837387,0.22626113891601562,0.9789328575134277,2
1771107956901,0.23941290378570557,-0.3573007583618164,1.096651554107666,2
1771107957010,0.26739025115966797,-0.1637744903564453,0.3560335636138916,2
1771107957144,0.07192392647266388,1.0083656311035156,0.38946986198425293,2
1771107957226,-0.30721819400787354,0.9100475311279297,-1.330090045928955,2
1771107957335,0.16709931194782257,1.2246437072753906,-0.11210203170776367,2
1771107957443,0.08356985449790955,-0.20734214782714844,-0.35706114768981934,2
1771107957551,-0.10558363050222397,-0.2170114517211914,0.8102312088012695,2
1771107957652,-0.12748757004737854,0.2676067352294922,-0.5931766033172607,2
1771107957760,0.17831438779830933,0.542302131652832,-0.8687660694122314,2
1771107957868,-0.07303368300199509,1.1590824127197266,-0.9100384712219238,2
1771107957976,0.07559895515441895,-0.6368513107299805,-0.18652796745300293,2
1771107958099,0.5237073302268982,0.46686840057373047,1.2498440742492676,2
1771107958187,0.2606578469276428,0.3329496383666992,-1.1613507270812988,2
1771107958294,0.1742212325334549,0.17426490783691406,0.11907124519348145,2
1771107958402,-0.06063561141490936,-0.22019100189208984,0.9735064506530762,2
1771107958511,-0.21728715300559998,0.23531246185302734,-1.1749017238616943,2
1771107958610,-0.03251434862613678,-0.6095457077026367,0.34766173362731934,2
1771107958719,0.2869376838207245,-0.6218147277832031,0.8206906318664551,2
1771107958828,0.13352158665657043,-0.19624614715576172,-1.2617642879486084,2
1771107958941,-0.6308837532997131,1.001875877380371,-0.6826286315917969,2
1771107959046,0.21513763070106506,0.1452770233154297,0.782250165939331,2
1771107959154,-0.299162358045578,0.4193687438964844,-0.07111191749572754,2
1771107959263,0.36219343543052673,0.2646656036376953,0.37711143493652344,2
1771107959371,-0.07439828664064407,-0.5447092056274414,0.19488072395324707,2
1771107959479,0.3475368916988373,0.2186594009399414,0.794198751449585,2
1771107959587,0.049147024750709534,0.23119831085205078,0.5727157592773438,2
1771107959695,-0.22527845203876495,0.10956954956054688,-0.27762579917907715,2
1771107959816,0.02338939905166626,0.7984333038330078,-0.0012209415435791016,2
1771107959921,-0.10293041169643402,0.5867595672607422,-0.9231395721435547,2
1771107960028,-0.1201271265745163,-0.7115602493286133,-0.38051629066467285,2
1771107960145,-0.3259445130825043,-0.6304206848144531,-0.05662846565246582,2
1771107960245,0.20250412821769714,-0.09547996520996094,-0.36759090423583984,2
1771107960364,-0.713406503200531,0.9872465133666992,-1.4693537950515747,2
1771107960457,0.3819672465324402,0.48645591735839844,-1.1274828910827637,2
1771107960562,-0.6151013970375061,-1.0466928482055664,-0.10437321662902832,2
1771107960671,0.04577510058879852,0.14794445037841797,-0.7985637187957764,2
1771107960780,0.0037666261196136475,0.26476478576660156,-0.5932586193084717,2
1771107960890,0.4594058096408844,-0.6056728363037109,-0.2442917823791504,2
1771107960997,-0.5429271459579468,-0.6744823455810547,0.6331996917724609,2
1771107961105,0.18341997265815735,0.056931495666503906,0.5330619812011719,2
1771107961216,0.5112699866294861,-0.5254840850830078,0.6583666801452637,2
1771107961314,-0.24702125787734985,-0.36348819732666016,-0.19193220138549805,2
1771107961422,0.2844255566596985,0.15475177764892578,-0.2727469205856323,2
1771107961530,-0.6343852281570435,-0.08411312103271484,-0.5235767364501953,2
1771107961641,-0.03056234121322632,0.8526172637939453,0.5518796443939209,2
1771107961739,0.3170759379863739,0.43720149993896484,0.33588707447052,2
1771107961847,0.19158615171909332,-0.23870372772216797,1.2099668979644775,2
1771107961957,-0.23710083961486816,0.14227962493896484,-0.27698683738708496,2
1771107962064,0.6487525701522827,0.849726676940918,-0.8671216368675232,2
1771107962173,0.2463473677635193,0.42377567291259766,0.3470360040664673,2
1771107962281,0.25476402044296265,0.09618091583251953,0.4080078601837158,2
1771107962383,-1.0573132038116455,1.122152328491211,-0.3875398635864258,2
1771107962490,0.831436812877655,-0.9819402694702148,-0.7743384838104248,2
1771107962598,0.06768029928207397,0.766850471496582,-0.45893824100494385,2
1771107962714,-0.6771094799041748,0.6879787445068359,0.3132658004760742,2
1771107962807,-1.1458542346954346,-0.5193386077880859,-0.8678075075149536,2
1771107962915,0.46796172857284546,0.7291288375854492,-0.029087066650390625,2
1771107963023,0.30403342843055725,1.1381235122680664,-0.028039216995239258,2
1771107963161,0.5080673694610596,-0.5857448577880859,-0.9117875099182129,2
1771107963232,0.40297141671180725,-0.6568441390991211,0.3428173065185547,2
1771107963341,0.2436336874961853,0.08472919464111328,-0.7955831289291382,2
1771107963449,0.5839940905570984,0.6344289779663086,0.19316816329956055,2
1771107963549,-0.023216962814331055,-0.5268259048461914,0.590857982635498,2
1771107963657,-0.17481845617294312,-0.23601245880126953,-1.3592255115509033,2
1771107963766,-0.6274704337120056,2.2884035110473633,-1.1188688278198242,2
1771107963874,-0.008085399866104126,-1.8807506561279297,0.26010143756866455,2
1771107963983,-0.549497127532959,-0.36759185791015625,0.5111676454544067,2
1771107964098,-0.275084525346756,1.1007928848266602,-0.42235267162323,2
1771107964200,-0.1763676404953003,0.6540184020996094,-0.48327112197875977,2
1771107964308,-0.3593401312828064,0.16509246826171875,0.43326425552368164,2
1771107964409,-0.3622417151927948,-0.3241767883300781,-0.1430366039276123,2
1771107964519,0.3129933774471283,0.47044849395751953,-0.26210904121398926,2
1771107964626,-0.39281514286994934,0.042888641357421875,-0.3708326816558838,2
1771107964734,0.00750279426574707,-0.7062253952026367,0.2435133457183838,2
1771107964834,-0.3374616205692291,1.165440559387207,-0.6711443662643433,2
1771107964941,0.6249676942825317,0.1470804214477539,-0.46252548694610596,2
1771107965050,-0.32835134863853455,-0.40639305114746094,-1.1238986253738403,2
1771107965177,-0.0390695296227932,-0.5302610397338867,0.097068190574646,2
1771107965259,0.3024309575557709,0.5840492248535156,-0.4996410608291626,2
1771107965367,0.15915557742118835,0.5673046112060547,-0.5170845985412598,2
1771107965476,-0.007861189544200897,0.2041339874267578,0.18550419807434082,2
1771107965584,-0.33865296840667725,-0.8206548690795898,0.22924566268920898,2
1771107965684,0.25601163506507874,-0.5763015747070312,-1.010058879852295,2
1771107965792,-0.27826786041259766,-0.08949089050292969,-0.0786137580871582,2
1771107965901,0.3784276247024536,-0.2711601257324219,0.45513713359832764,2
1771107966009,-0.3308730125427246,0.6219558715820312,1.1087673902511597,2
1771107966168,0.44604310393333435,-0.7611656188964844,0.2650487422943115,2
1771107966227,-0.6091945767402649,-0.5765104293823242,0.37968909740448,2
1771107966335,0.4851764738559723,0.3225688934326172,1.8698145151138306,2
1771107966443,-0.9251750707626343,0.11516475677490234,-0.03775322437286377,2
1771107966552,0.4216824173927307,1.3271865844726562,-0.42777907848358154,2
1771107966660,-0.4482653737068176,-0.47475719451904297,0.5570380687713623,2
1771107966768,0.05545054376125336,0.41204071044921875,0.5196825265884399,2
1771107966877,-0.4169405400753021,0.1712474822998047,-0.10947012901306152,2
1771107966985,0.34072360396385193,0.04311370849609375,0.3491814136505127,2
1771107967107,-0.3308429419994354,0.46126842498779297,-0.8482321500778198,2
1771107967202,0.014175444841384888,-0.053811073303222656,0.8385288715362549,2
1771107967311,-0.01232600212097168,0.11128616333007812,1.1973748207092285,2
1771107967419,-0.4639870524406433,-1.0672988891601562,0.16754889488220215,2
1771107967519,0.4985828101634979,-0.6809816360473633,-0.698379635810852,2
1771107967627,-0.3493649363517761,0.6151256561279297,-0.33797454833984375,2
1771107967737,-0.41727203130722046,0.2829608917236328,1.240466594696045,2
1771107967846,0.09623855352401733,-0.6210393905639648,1.2559916973114014,2
1771107967953,-0.29252195358276367,0.6938447952270508,-0.4090240001678467,2
1771107968062,-0.373970091342926,0.855647087097168,-0.03847861289978027,2
1771107968170,0.09917634725570679,-0.9499702453613281,-0.4729735851287842,2
1771107968278,0.13465750217437744,-0.6101837158203125,-0.36023855209350586,2
1771107968386,0.8943982720375061,0.21557903289794922,0.07481145858764648,2
1771107968487,0.2166706770658493,0.0037069320678710938,0.03202509880065918,2
1771107968595,-0.5182881355285645,0.4146919250488281,-1.0410361289978027,2
1771107968704,0.09658962488174438,-0.1808795928955078,-2.19107723236084,2
1771107968812,1.0865509510040283,-0.751129150390625,0.6545572280883789,2
1771107968921,0.0022780895233154297,0.13067626953125,0.12030816078186035,2
1771107969030,0.9650475978851318,-0.8339767456054688,-0.646552324295044,2
1771107969138,-0.006658315658569336,0.8292474746704102,1.1574134826660156,2
1771107969246,1.1957886219024658,-0.12771224975585938,2.3175125122070312,2
1771107969354,-1.0664080381393433,1.3419103622436523,-1.716005563735962,2
1771107969463,1.2764086723327637,-0.30123233795166016,-0.21018314361572266,2
1771107969571,1.5823359489440918,-0.6940698623657227,0.8012347221374512,2
1771107969679,1.3952523469924927,-0.7066287994384766,0.7003066539764404,2
1771107969787,0.042486339807510376,0.3904438018798828,1.297231674194336,2
1771107969889,1.0201618671417236,1.0364370346069336,0.24736714363098145,2
1771107969996,0.059455156326293945,-0.4412517547607422,1.025310754776001,2
1771107970123,-0.4840128421783447,-0.15439510345458984,0.2667121887207031,2
1771107970213,-0.4624851644039154,0.5965728759765625,0.7394068241119385,2
1771107970321,0.41385236382484436,0.7168779373168945,-0.8575718402862549,2
1771107970430,-0.02490025758743286,0.37917232513427734,-1.3147118091583252,2
1771107970539,0.9398373365402222,-1.7040348052978516,0.5009446144104004,2
1771107970648,0.27549421787261963,0.4341011047363281,0.8815627098083496,2
1771107970757,0.5870723724365234,-0.07345771789550781,-1.4095127582550049,2
1771107970864,0.28795284032821655,-0.9419889450073242,5.549637794494629,2
1771107970972,1.723561406135559,1.9422149658203125,0.14145302772521973,2
1771107971085,-0.028104189783334732,0.9873504638671875,-1.870895504951477,2
1771107971189,0.6921901702880859,0.2919034957885742,-0.5155768394470215,2
1771107971298,-0.24099522829055786,-0.9529085159301758,3.4379096031188965,2
1771107971406,-1.1290488243103027,-1.4585514068603516,-0.5436868667602539,2
1771107971517,-0.7222239971160889,0.5731945037841797,-2.4554283618927,2
1771107971622,-0.37259864807128906,-0.531468391418457,-0.2294611930847168,2
1771107971723,0.6084024310112,-0.046860694885253906,0.8731496334075928,2
1771107971832,0.06470467150211334,0.2718477249145508,-1.207147240638733,2
1771107971935,0.13519743084907532,0.3762521743774414,0.2839200496673584,2
1771107972040,-0.5423959493637085,-0.6544694900512695,0.44441962242126465,2
1771107972186,0.18118581175804138,-0.13535022735595703,-1.7051949501037598,2
1771107972294,0.3077006936073303,-0.32340240478515625,0.8899922370910645,2
1771107972448,0.4038066267967224,-0.005805015563964844,0.17800045013427734,2
1771107972510,-0.07578076422214508,0.1782073974609375,-0.37232184410095215,2
1771107972616,-0.5184675455093384,-0.7285642623901367,-1.0496926307678223,2
1771107972725,0.12197695672512054,-0.3508920669555664,-0.31832408905029297,2
1771107972832,-0.491316556930542,0.3997364044189453,-0.3468945026397705,2
1771107972942,-0.19210711121559143,0.26065826416015625,0.3762843608856201,2
1771107973050,0.559893012046814,0.009890556335449219,0.839341402053833,2
1771107973252,0.5326440334320068,-0.23964977264404297,0.42423176765441895,2
1771107973296,0.2175370156764984,0.07526874542236328,-0.6229903697967529,2
1771107973376,-0.9291300773620605,-0.25087833404541016,-1.3406792879104614,2
1771107973483,0.4331880211830139,-0.1563243865966797,0.5513336658477783,2
1771107973592,0.1553557813167572,-0.1603565216064453,1.2121028900146484,2
1771107973700,-0.17647790908813477,-0.28548240661621094,-0.19007325172424316,2
1771107973809,-0.24164709448814392,0.6793889999389648,-1.0972614288330078,2
1771107973917,-0.1947907656431198,-0.4136066436767578,-0.632915735244751,2
1771107974026,0.009236790239810944,-0.40318775177001953,0.6346907615661621,2
1771107974133,0.5343995094299316,0.08222007751464844,0.77703857421875,2
1771107974240,-0.6113519072532654,0.4617500305175781,-0.2866077423095703,2
1771107974345,-0.3243614733219147,-0.001659393310546875,0.03314065933227539,2
1771107974442,0.5547244548797607,-0.2775106430053711,1.4986777305603027,2
1771107974563,-0.22165578603744507,-0.22764110565185547,1.8437950611114502,2
1771107974661,0.6487264633178711,0.29384422302246094,-0.4895806312561035,2
1771107974758,0.023842960596084595,-0.32468509674072266,0.9849424362182617,2
1771107974871,-0.030691951513290405,0.22296905517578125,-0.3282334804534912,2
1771107974968,-0.8705118894577026,-0.35295677185058594,-0.5330560207366943,2
1771107975076,0.14463427662849426,0.12308311462402344,-0.9606261253356934,2
1771107975260,-0.6695990562438965,0.2942800521850586,-1.0316517353057861,2
1771107975298,0.15413512289524078,-0.5254831314086914,-0.6257724761962891,2
1771107975393,-0.05676305294036865,0.2796449661254883,-0.45543742179870605,2
1771107975493,-0.04929324984550476,0.09570884704589844,0.7894468307495117,2
1771107975602,0.42544129490852356,0.28325748443603516,0.23969244956970215,2
1771107975712,-0.5016701221466064,0.42606258392333984,0.5441238880157471,2
1771107975809,-0.6516412496566772,0.08019542694091797,0.08421564102172852,2
1771107975918,0.7001164555549622,-0.4178285598754883,1.2882311344146729,2
1771107976026,0.19832846522331238,-0.2816753387451172,0.4671156406402588,2
1771107976135,0.0639781653881073,0.10161590576171875,0.8587532043457031,2
1771107976283,0.39231547713279724,0.0800771713256836,0.16510772705078125,2
1771107976353,-0.21032032370567322,-0.332183837890625,0.8149914741516113,2
1771107976460,0.5472778677940369,1.4259939193725586,0.5416536331176758,2
1771107976570,0.19827967882156372,-0.48746585845947266,0.8644418716430664,2
1771107976677,0.4486848711967468,-0.4826192855834961,0.794438362121582,2
1771107976785,0.34764930605888367,-0.07576370239257812,-0.008280754089355469,2
1771107976895,0.9589775800704956,-0.008617401123046875,2.1635403633117676,2
1771107977013,-0.3736008405685425,0.7424507141113281,1.0988998413085938,2
1771107977112,0.1169237494468689,0.24360275268554688,-0.5881786346435547,2
1771107977247,0.12993058562278748,0.1707172393798828,-0.5717430114746094,2
1771107977328,0.3085172474384308,-0.28700923919677734,0.6530361175537109,2
1771107977440,0.06016254425048828,-0.551264762878418,0.4436497688293457,2
1771107977545,0.3825609087944031,1.3120698928833008,-0.33496856689453125,2
1771107977647,0.43998926877975464,0.45407867431640625,0.5936193466186523,2
1771107977828,0.43998926877975464,0.45407867431640625,0.5936193466186523,2
1771107977986,0.43998926877975464,0.45407867431640625,0.5936193466186523,2
1771107977987,0.43998926877975464,0.45407867431640625,0.5936193466186523,2
1771107978081,0.43998926877975464,0.45407867431640625,0.5936193466186523,2
1771107978206,0.43998926877975464,0.45407867431640625,0.5936193466186523,2
1771107978287,0.43998926877975464,0.45407867431640625,0.5936193466186523,2
1771107978390,0.43998926877975464,0.45407867431640625,0.5936193466186523,2
1771107978495,0.43998926877975464,0.45407867431640625,0.5936193466186523,2
1771107978597,0.43998926877975464,0.45407867431640625,0.5936193466186523,2
1771107978707,0.43998926877975464,0.45407867431640625,0.5936193466186523,2
1771107978831,0.43998926877975464,0.45407867431640625,0.5936193466186523,2
1771107978930,0.43998926877975464,0.45407867431640625,0.5936193466186523,2
1771107979030,0.43998926877975464,0.45407867431640625,0.5936193466186523,2
1771107979130,0.43998926877975464,0.45407867431640625,0.5936193466186523,2
1771107979238,0.43998926877975464,0.45407867431640625,0.5936193466186523,2
1771107979346,0.43998926877975464,0.45407867431640625,0.5936193466186523,2
1771107979446,0.43998926877975464,0.45407867431640625,0.5936193466186523,2
1771107979555,0.43998926877975464,0.45407867431640625,0.5936193466186523,2
1771107979664,0.43998926877975464,0.45407867431640625,0.5936193466186523,2
1771107979766,0.43998926877975464,0.45407867431640625,0.5936193466186523,2
1771107979873,0.43998926877975464,0.45407867431640625,0.5936193466186523,2
1771107979980,0.43998926877975464,0.45407867431640625,0.5936193466186523,2
1771107980089,0.43998926877975464,0.45407867431640625,0.5936193466186523,2
1771107980244,0.2538922131061554,0.2838630676269531,-0.983227014541626,2
1771107980300,0.8027141094207764,0.2107715606689453,-0.7601122856140137,2
1771107980400,-0.3322802186012268,0.24257469177246094,-0.6989043951034546,2
1771107980511,0.6137787699699402,0.09811973571777344,-0.44696950912475586,2
1771107980615,0.454228013753891,0.07651042938232422,-0.41277074813842773,2
1771107980723,-0.27271226048469543,0.20888423919677734,-1.0167641639709473,2
1771107980824,0.19927504658699036,0.24728107452392578,-0.2880587577819824,2
1771107980932,-0.016617264598608017,0.306884765625,-0.3972010612487793,2
1771107981042,0.23613905906677246,0.10876655578613281,-0.2750546932220459,2
1771107981151,-0.1891992688179016,0.043120384216308594,-0.2976348400115967,2
1771107981249,0.8015515804290771,-0.14014530181884766,0.17607831954956055,2
1771107981356,-0.04956493526697159,-0.03533649444580078,0.016057729721069336,2
1771107981465,-0.1763717383146286,-0.021457672119140625,0.21961259841918945,2
1771107981576,-0.20042240619659424,0.2860603332519531,-0.26528167724609375,2
1771107981684,0.24204318225383759,0.10188961029052734,-0.49027466773986816,2
1771107981791,-0.24297380447387695,0.1261148452758789,-0.16635489463806152,2
1771107981899,0.45967787504196167,-0.06209850311279297,-0.1985640525817871,2
1771107982007,0.47231364250183105,0.08211135864257812,-0.4233887195587158,2
1771107982116,0.7320958375930786,0.23645305633544922,-0.5226924419403076,2
1771107982218,-0.5353253483772278,0.19992637634277344,-0.4855947494506836,2
1771107982326,0.7116584181785583,-0.005583763122558594,-0.1957106590270996,2
1771107982424,0.39119189977645874,0.10111331939697266,-0.05483222007751465,2
1771107982526,-0.009341631084680557,0.16225719451904297,-0.37536537647247314,2
1771107982632,-0.44634902477264404,0.057885169982910156,-0.5817935466766357,2
1771107982733,0.3060263693332672,0.14827632904052734,-0.2095201015472412,2
1771107982841,0.27104419469833374,0.06035327911376953,-0.06304454803466797,2
1771107982944,-0.1926419883966446,0.021846771240234375,-0.4261890649795532,2
1771107983050,-0.02083873748779297,0.07197952270507812,-0.18016743659973145,2
1771107983159,0.02750462293624878,-0.07923507690429688,-0.1273200511932373,2
1771107983266,0.4694162607192993,0.1333446502685547,0.06756472587585449,2
1771107983369,-0.12573683261871338,-0.21139240264892578,0.14992237091064453,2
1771107983476,-0.10123541206121445,0.012473106384277344,0.4186370372772217,2
1771107983584,0.08236155658960342,0.006766319274902344,0.4783492088317871,2
1771107983685,0.14578190445899963,-0.05581474304199219,0.4123830795288086,2
1771107983794,-0.7297173738479614,-0.05074882507324219,0.13588452339172363,2
1771107983902,0.7266178727149963,-0.058409690856933594,0.23731541633605957,2
1771107984011,-0.5595222115516663,0.2497243881225586,-0.3972759246826172,2
1771107984118,-0.11705134809017181,0.1441507339477539,-0.22687220573425293,2
1771107984227,-0.3246966004371643,0.06725215911865234,-0.018426179885864258,2
1771107984327,-0.42839181423187256,0.10994529724121094,-0.14177441596984863,2
1771107984435,-0.5973438024520874,0.14002513885498047,-0.23007988929748535,2
1771107984537,0.27701395750045776,-0.11494064331054688,0.3880746364593506,2
1771107984643,-0.7665541172027588,0.03084087371826172,0.16828536987304688,2
1771107984751,0.7143030166625977,-0.05088520050048828,0.29960203170776367,2
1771107984859,-0.4954351484775543,0.16245269775390625,0.030954837799072266,2
1771107984970,0.7343343496322632,-0.17476749420166016,0.2243204116821289,2
1771107985076,-0.64504075050354,-0.07615947723388672,-0.2890133857727051,2
1771107985182,-0.4095333218574524,0.2736482620239258,-0.46587491035461426,2
1771107985295,0.09205089509487152,0.2822103500366211,-0.378934383392334,2
1771107985387,-0.8211012482643127,0.021045684814453125,-0.2368617057800293,2
1771107985498,-0.6726223230361938,0.21551227569580078,-0.4701099395751953,2
1771107985594,-0.5379754304885864,0.10307693481445312,-0.229292631149292,2
1771107985706,0.7325884103775024,-0.0727548599243164,0.13692641258239746,2
1771107985804,0.5466458797454834,0.01043701171875,0.5145375728607178,2
1771107985904,-0.6418531537055969,-0.08622932434082031,0.1418313980102539,2
1771107986011,0.44578877091407776,-0.12662029266357422,0.3779335021972656,2
1771107986119,0.13544906675815582,-0.018006324768066406,0.05440568923950195,2
1771107986222,0.5261732339859009,-0.1628274917602539,0.39417529106140137,2
1771107986329,-0.04377046227455139,-0.12010765075683594,0.21219277381896973,2
1771107986440,-0.24592457711696625,-0.22558021545410156,0.329822301864624,2
1771107986545,-0.5827050805091858,0.18231678009033203,-0.1377885341644287,2
1771107986647,0.6476060152053833,-0.018431663513183594,0.22196531295776367,2
1771107986754,-0.6584852337837219,-0.07288932800292969,0.16245055198669434,2
1771107986863,0.6523658037185669,-0.1165008544921875,0.3665282726287842,2
1771107986971,-0.6016950011253357,-0.08685111999511719,0.08713841438293457,2
1771107987078,0.1371842920780182,0.014834403991699219,0.0655677318572998,2
1771107987196,-0.6682895421981812,0.055556297302246094,0.04077267646789551,2
1771107987296,-0.326650470495224,0.06344890594482422,-0.04900717735290527,2
1771107987404,0.31146636605262756,0.04700183868408203,-0.07030630111694336,2
1771107987514,-0.6338462829589844,-0.030887603759765625,-0.16518139839172363,2
1771107987622,0.546420156955719,-0.043731689453125,-0.24121356010437012,2
1771107987730,0.5635132789611816,0.1842641830444336,-0.4116826057434082,2
1771107987837,-0.10342158377170563,0.2157583236694336,-0.30115842819213867,2
1771107987946,0.08773332834243774,0.17341899871826172,-0.31178760528564453,2
1771107988054,-0.7059086561203003,-0.0776834487915039,-0.16277670860290527,2
1771107988163,-0.111722432076931,0.1858234405517578,-0.348416805267334,2
1771107988264,-0.4231536388397217,0.07967948913574219,-0.10593390464782715,2
1771107988372,-0.49880510568618774,0.21743297576904297,-0.05055737495422363,2
1771107988480,0.7195771932601929,-0.12676048278808594,0.1653456687927246,2
1771107988588,-0.6210359334945679,-0.22876358032226562,0.21738314628601074,2
1771107988697,0.588623583316803,-0.2697181701660156,0.37239575386047363,2
1771107988809,-0.4349912405014038,0.024785995483398438,-0.027792692184448242,2
1771107988913,-0.40237438678741455,0.2665443420410156,-0.14912128448486328,2
1771107989014,0.28956618905067444,-0.2502403259277344,0.19843077659606934,2
1771107989122,-0.24937626719474792,-0.12946701049804688,0.035539865493774414,2
1771107989233,0.22417594492435455,0.044391632080078125,-0.03646111488342285,2
1771107989341,-0.3575800061225891,0.25507545471191406,-0.3802015781402588,2
1771107989439,-0.47892850637435913,0.09457111358642578,-0.21032953262329102,2
1771107989549,0.5924168825149536,-0.17132186889648438,0.1853034496307373,2
1771107989656,-0.567313551902771,-0.11504268646240234,-0.10852432250976562,2
1771107989765,0.4904599189758301,-0.056377410888671875,-0.03186655044555664,2
1771107989873,-0.6046867370605469,0.1398935317993164,-0.43130385875701904,2
1771107989973,-0.5877285003662109,-0.017702102661132812,-0.25629281997680664,2
1771107990082,0.36801499128341675,0.10821151733398438,-0.19006681442260742,2
1771107990190,-0.5932722091674805,-0.08270645141601562,-0.2020118236541748,2
1771107990298,0.3757841885089874,-0.027530670166015625,-0.14526844024658203,2
1771107990410,-0.4650859832763672,0.1944408416748047,-0.4176870584487915,2
1771107990508,-0.3359651565551758,0.2157135009765625,-0.6278265714645386,2
1771107990615,-0.2774019241333008,0.04812335968017578,0.00406956672668457,2
1771107990727,0.5552260875701904,-0.03785896301269531,-0.20595407485961914,2
1771107990832,-0.635156512260437,0.11145210266113281,-0.63858962059021,2
1771107990941,-0.2175317108631134,0.14501094818115234,-0.22831368446350098,2
1771107991049,0.3218960464000702,0.2253093719482422,-0.12819576263427734,2
1771107991158,0.31588488817214966,0.01624584197998047,-0.17965233325958252,2
1771107991266,-0.167974591255188,-0.07558822631835938,-0.44367825984954834,2
1771107991374,-0.29985135793685913,0.0851278305053711,-0.633978009223938,2
1771107991482,-0.13034194707870483,0.1680755615234375,-0.5204896926879883,2
1771107991593,0.19869571924209595,-0.04320240020751953,0.07208037376403809,2
1771107991699,-0.23150548338890076,0.01953411102294922,-0.31637370586395264,2
1771107991807,0.0794980451464653,0.28277587890625,-0.33676981925964355,2
1771107991908,-0.0831204354763031,-0.02235889434814453,-0.21687865257263184,2
1771107992016,0.034194815903902054,0.03670787811279297,-0.44419825077056885,2
1771107992125,-0.14095300436019897,0.2171316146850586,-0.9109880924224854,2
1771107992241,0.014773346483707428,0.4570579528808594,-0.5219826698303223,2
1771107992333,0.006351985037326813,-0.004261016845703125,-0.4486823081970215,2
1771107992441,0.03729928284883499,0.017024993896484375,-0.30900824069976807,2
1771107992543,-0.040993258357048035,0.3049793243408203,-0.15843546390533447,2
1771107992650,0.17342394590377808,-0.24499797821044922,-0.06781530380249023,2
1771107992763,0.0021683350205421448,0.11370563507080078,0.23755383491516113,2
1771107992867,0.007408812642097473,0.06809329986572266,0.18807852268218994,2
1771107992976,0.6366378664970398,-0.09777545928955078,-0.02459418773651123,2
1771107993084,0.054238248616456985,0.08254146575927734,0.9410666227340698,2
1771107993194,0.4842798709869385,0.020750999450683594,0.8144546747207642,2
1771107993300,0.3301717936992645,-0.08751964569091797,0.020942091941833496,2
1771107993401,0.12475074827671051,-0.015026092529296875,0.1569507122039795,2
1771107993509,-0.05074451118707657,-0.06557846069335938,0.6823993921279907,2
1771107993618,0.27972856163978577,0.13327789306640625,0.3965728282928467,2
1771107993718,0.21175239980220795,0.04301738739013672,0.2989177703857422,2
1771107993826,0.0381816141307354,-0.010485649108886719,-0.24395465850830078,2
1771107993935,-0.2097286880016327,-0.031775474548339844,-0.014212489128112793,2
1771107994036,0.356157124042511,0.1504344940185547,0.15225982666015625,2
1771107994144,-0.1028607189655304,-0.14825916290283203,-0.18593454360961914,2
1771107994246,-0.10070183873176575,-0.18933963775634766,0.7700400352478027,2
1771107994354,0.07387292385101318,-0.4336509704589844,0.5749244689941406,2
1771107994463,-0.07717688381671906,-0.20419025421142578,0.4818916320800781,2
1771107994562,0.4397110939025879,0.03325843811035156,-0.1458580493927002,2
1771107994669,-0.39938294887542725,-0.10148143768310547,0.15813779830932617,2
1771107994777,-0.1012960821390152,-0.10380840301513672,0.29777073860168457,2
1771107994886,0.8654766082763672,-0.13347530364990234,0.5001661777496338,2
1771107994994,-0.41983187198638916,-0.06580543518066406,0.5605993270874023,2
1771107995102,0.9753755331039429,-0.22351932525634766,0.10471272468566895,2
1771107995235,0.9293584823608398,0.025734901428222656,0.2830312252044678,2
1771107995320,0.572162926197052,-0.03173828125,0.20557475090026855,2
1771107995420,-0.5172905921936035,0.0893707275390625,-0.3009068965911865,2
1771107995529,0.40953439474105835,0.188507080078125,0.28667378425598145,2
1771107995638,-0.02140963077545166,-0.40189075469970703,0.3928871154785156,2
1771107995747,-0.7652996778488159,-0.04298591613769531,0.38715052604675293,2
1771107995854,0.5071907043457031,-0.048503875732421875,0.15597224235534668,2
1771107995963,0.5897059440612793,-0.2743415832519531,0.39930295944213867,2
1771107996065,0.13713154196739197,-0.015038490295410156,0.5794429779052734,2
1771107996171,0.0322231650352478,-0.2486724853515625,0.5015058517456055,2
1771107996278,-0.27148306369781494,-0.059975624084472656,0.2593989372253418,2
1771107996389,0.3228091895580292,-0.056769371032714844,0.06336545944213867,2
1771107996488,-0.028529852628707886,0.10241222381591797,-0.005697965621948242,2
1771107996588,-0.39284420013427734,-0.08526420593261719,0.2844810485839844,2
1771107996696,0.3170737326145172,-0.32343006134033203,0.23428010940551758,2
1771107996804,-0.05466824769973755,0.2333354949951172,-0.045824289321899414,2
1771107996912,-0.06172919273376465,0.3121347427368164,-0.19220614433288574,2
1771107997013,0.41728219389915466,-0.21127796173095703,0.13456439971923828,2
1771107997121,-0.6524258852005005,0.028107643127441406,-0.42008209228515625,2
1771107997257,-0.32597261667251587,0.022423744201660156,-0.3020591735839844,2
1771107997340,0.23972436785697937,0.35802745819091797,-0.5093729496002197,2
1771107997447,-0.21436744928359985,0.20392227172851562,-0.6121788024902344,2
1771107997555,-0.1218111515045166,0.19599246978759766,-0.29507994651794434,2
1771107997663,0.23874229192733765,-0.020917892456054688,-0.25891590118408203,2
1771107997772,0.4795621633529663,-0.047064781188964844,-0.29415440559387207,2
1771107997873,-0.4040723741054535,0.20800209045410156,-0.4710693359375,2
1771107997980,0.30131056904792786,0.21880626678466797,-0.4407186508178711,2
1771107998089,-0.2584635317325592,0.3395347595214844,-0.5314192771911621,2
1771107998189,-0.5719007253646851,-0.016048431396484375,-0.19068503379821777,2
1771107998290,0.21290265023708344,0.054012298583984375,-0.2430260181427002,2
1771107998397,-0.19765350222587585,0.3541755676269531,-0.5138933658599854,2
1771107998506,-0.4577518701553345,0.0820455551147461,-0.10325360298156738,2
1771107998607,-0.009187936782836914,-0.1712961196899414,0.23867011070251465,2
1771107998714,0.2285962998867035,-0.050919532775878906,0.11144089698791504,2
1771107998827,-0.17938396334648132,0.12095928192138672,0.0412747859954834,2
1771107998931,0.24036149680614471,0.15968608856201172,0.031174182891845703,2
1771107999040,-0.04878206551074982,0.13702964782714844,0.05154156684875488,2
1771107999148,0.5599029064178467,-0.2233266830444336,0.41725993156433105,2
1771107999261,0.012544751167297363,-0.14453411102294922,0.36628127098083496,2
1771107999365,0.6181211471557617,-0.25533580780029297,0.4029686450958252,2
1771107999474,-0.4833398163318634,0.03474140167236328,-0.04441475868225098,2
1771107999582,-0.2438981682062149,0.29785919189453125,-0.3320777416229248,2
1771107999691,0.33698850870132446,0.06672096252441406,-0.2593822479248047,2
1771107999799,-0.4891898036003113,0.0054302215576171875,0.10750055313110352,2
1771107999899,0.09925761818885803,-0.08783149719238281,-0.006315708160400391,2
1771108000008,-0.1146596372127533,0.19877243041992188,-0.2804234027862549,2
1771108000110,-0.5259026885032654,0.2592458724975586,-0.19817829132080078,2
1771108000217,0.5072075128555298,-0.1724395751953125,0.05326414108276367,2
1771108000324,0.31422966718673706,-0.056633949279785156,-0.030707597732543945,2
1771108000433,-0.5781324505805969,0.1912097930908203,-0.18021798133850098,2
1771108000544,0.45842254161834717,0.16363525390625,-0.3691544532775879,2
1771108000650,-0.2569875419139862,0.17052459716796875,-0.24275469779968262,2
1771108000750,-0.5257815718650818,-0.19635772705078125,0.12874913215637207,2
1771108000861,-0.15359292924404144,0.2892885208129883,-0.19160056114196777,2
1771108000966,0.39301198720932007,0.3021392822265625,-0.3556828498840332,2
1771108001067,0.01136423647403717,-0.09040546417236328,-0.026157140731811523,2
1771108001176,-0.3816021680831909,-0.028181076049804688,0.10021829605102539,2
1771108001283,0.41319987177848816,0.033267974853515625,-0.004099130630493164,2
1771108001391,0.3169635236263275,0.07115650177001953,-0.15789413452148438,2
1771108001500,-0.3885257840156555,-0.04958820343017578,-0.1997227668762207,2
1771108001609,0.00041709840297698975,-0.0478973388671875,0.10266542434692383,2
1771108001718,0.31639498472213745,0.1376018524169922,-0.17680764198303223,2
1771108001826,-0.31911078095436096,0.06527328491210938,-0.22632408142089844,2
1771108001934,-0.394564151763916,-0.02691650390625,-0.062433481216430664,2
1771108002046,0.2533383369445801,-0.023917198181152344,0.013361215591430664,2
1771108002153,0.1724996119737625,0.08815860748291016,-0.27149200439453125,2
1771108002275,-0.12996309995651245,0.04766654968261719,0.04977583885192871,2
1771108002360,0.17068690061569214,0.12313652038574219,-0.17722296714782715,2
1771108002468,0.2768768072128296,0.005616188049316406,0.10515284538269043,2
1771108002577,0.2928538918495178,-0.17922592163085938,0.31980252265930176,2
1771108002685,0.04339788854122162,0.08724308013916016,-0.1896529197692871,2
1771108002793,-0.3143984079360962,0.04102802276611328,-0.20876264572143555,2
1771108002902,-0.17651179432868958,0.052356719970703125,0.16448593139648438,2
1771108003010,0.3272138833999634,0.024623870849609375,0.09500932693481445,2
1771108003119,-0.026999056339263916,0.23308944702148438,-0.19907259941101074,2
1771108003219,-0.32475292682647705,-0.0659017562866211,-0.13678288459777832,2
1771108003327,-0.07537491619586945,-0.0012311935424804688,0.0997469425201416,2
1771108003436,0.21883264183998108,0.026729583740234375,0.04106760025024414,2
1771108003545,0.18075670301914215,0.002834320068359375,-0.07497978210449219,2
1771108003653,-0.42135098576545715,-0.0018711090087890625,-0.19554686546325684,2
1771108003762,0.17589426040649414,0.014901161193847656,0.045053720474243164,2
1771108003869,0.3354634642601013,-0.13480281829833984,0.16233134269714355,2
1771108003978,-0.055585652589797974,0.011645317077636719,-0.08098292350769043,2
1771108004081,-0.1832328736782074,0.2041473388671875,-0.1705164909362793,2
1771108004187,-0.17893290519714355,0.01737213134765625,0.14174461364746094,2
1771108004296,0.3389874994754791,-0.19746875762939453,0.21538877487182617,2
1771108004403,0.3597670793533325,0.1140127182006836,-0.00454258918762207,2
1771108004512,-0.2035132646560669,0.16480731964111328,-0.22533297538757324,2
1771108004612,-0.29453393816947937,0.204986572265625,0.1184988021850586,2
1771108004720,0.04361763596534729,0.09891605377197266,0.002876758575439453,2
1771108004829,0.351065069437027,0.018941879272460938,0.06329202651977539,2
1771108004937,-0.24934205412864685,-0.058933258056640625,0.006829261779785156,2
1771108005046,-0.31412696838378906,0.16084575653076172,-0.2682316303253174,2
1771108005154,-0.01691998541355133,0.029433250427246094,0.04824995994567871,2
1771108005264,0.321646511554718,-0.05379199981689453,0.15912342071533203,2
1771108005371,-0.15507811307907104,0.21061038970947266,-0.23165011405944824,2
1771108005479,-0.18223945796489716,0.1179046630859375,0.049796342849731445,2
1771108005584,-0.09551774710416794,-0.11815929412841797,0.2809407711029053,2
1771108005688,0.16277585923671722,0.0298614501953125,0.03950691223144531,2
1771108005796,0.25753456354141235,0.04905223846435547,-0.14044833183288574,2
1771108005905,-0.36547401547431946,-0.08539390563964844,-0.05935502052307129,2
1771108006014,-0.3101739287376404,0.12786579132080078,-0.08736133575439453,2
1771108006121,0.30376267433166504,-0.014544486999511719,0.06044793128967285,2
1771108006222,0.31718048453330994,-0.1295452117919922,0.21378278732299805,2
1771108006331,-0.12807078659534454,0.173187255859375,-0.19298458099365234,2
1771108006439,-0.22831320762634277,0.12109375,-0.014783620834350586,2
1771108006547,0.2908487319946289,-0.1446208953857422,0.2394237518310547,2
1771108006648,0.30452603101730347,-0.000568389892578125,0.0966634750366211,2
1771108006756,0.28819990158081055,-0.04419994354248047,-0.05397820472717285,2
1771108006856,0.07725907862186432,-0.051548004150390625,-0.050371408462524414,2
1771108006964,-0.34806540608406067,0.14925193786621094,-0.1951909065246582,2
1771108007072,0.17335206270217896,-0.025580406188964844,0.021717309951782227,2
1771108007173,0.29072055220603943,-0.19916820526123047,0.2669339179992676,2
1771108007274,0.40401405096054077,0.027044296264648438,0.04916572570800781,2
1771108007382,-0.27610263228416443,0.10290241241455078,-0.2925887107849121,2
1771108007490,-0.34998488426208496,0.04843711853027344,-0.23844408988952637,2
1771108007599,0.11860352754592896,0.15951824188232422,-0.33193230628967285,2
1771108007707,0.14341133832931519,0.09188652038574219,-0.39855384826660156,2
1771108007817,-0.49374502897262573,-0.023919105529785156,-0.1558070182800293,2
1771108007924,0.4205520749092102,-0.061115264892578125,-0.25061750411987305,2
1771108008034,0.5820488929748535,0.0942087173461914,-0.29396867752075195,2
1771108008140,0.18920333683490753,0.11044502258300781,-0.33458685874938965,2
1771108008282,0.3649630546569824,0.010161399841308594,-0.16626644134521484,2
1771108008358,0.5511577129364014,-0.10784626007080078,0.16034173965454102,2
1771108008466,0.37789055705070496,-0.049559593200683594,-0.13794565200805664,2
1771108008574,-0.337336927652359,0.23146915435791016,-0.517061710357666,2
1771108008684,-0.005185950547456741,0.14332866668701172,-0.11507439613342285,2
1771108008792,-0.028373191133141518,0.08566665649414062,-0.1405332088470459,2
1771108008900,0.2643963694572449,0.10444068908691406,0.022902965545654297,2
1771108009008,0.3171079754829407,-0.009770393371582031,0.14904403686523438,2
1771108009110,-0.07612526416778564,0.26863861083984375,-0.26020073890686035,2
1771108009217,0.05668969079852104,0.18870830535888672,-0.49286484718322754,2
1771108009316,-0.11618583649396896,0.16065120697021484,-0.5135679244995117,2
1771108009425,-0.09114063531160355,0.1443004608154297,-0.8935444355010986,2
1771108009529,-0.18347971141338348,0.14807891845703125,-1.1715208292007446,2
1771108009634,-0.20696315169334412,0.4039449691772461,-0.937177836894989,2
1771108009744,-0.09783698618412018,0.4143381118774414,-1.002515196800232,2
1771108009855,0.1456546187400818,0.22226810455322266,0.1325753927230835,2
1771108009954,-0.1482434719800949,0.22910499572753906,0.0902026891708374,2
1771108010059,0.0528930127620697,-0.13811779022216797,0.23366302251815796,2
1771108010168,0.21928071975708008,0.30036449432373047,0.31361865997314453,2
1771108010277,0.18667297065258026,-0.045258522033691406,0.6065973043441772,2
1771108010385,0.30544623732566833,0.12221622467041016,1.4369429349899292,2
1771108010493,0.07721953094005585,-0.1745929718017578,1.0065609216690063,2
1771108010601,0.2063543200492859,0.023003578186035156,0.9787818193435669,2
1771108010709,0.1303408145904541,0.21468353271484375,0.4745182991027832,2
1771108010818,-0.1014321967959404,-0.2396383285522461,0.48344171047210693,2
1771108010927,9.673833847045898e-05,-0.25352954864501953,0.21459460258483887,2
1771108011027,0.3381199836730957,0.08324909210205078,0.3929542303085327,2
1771108011135,0.3315395414829254,0.09619617462158203,0.8143285512924194,2
1771108011272,0.33262163400650024,-0.2814054489135742,0.8714615106582642,2
1771108011352,0.4533134698867798,-0.2979440689086914,0.1545882225036621,2
1771108011452,0.2508775591850281,-0.1863994598388672,0.437854528427124,2
1771108011561,-0.5573721528053284,0.06417655944824219,0.8317806720733643,2
1771108011668,-0.01049734652042389,0.11571502685546875,1.424698829650879,2
1771108011777,0.5380075573921204,-0.21268653869628906,0.6745588779449463,2
1771108011886,0.616840660572052,-0.0387725830078125,0.1743464469909668,2
1771108011995,-0.3052123486995697,0.062094688415527344,0.33855438232421875,2
1771108012126,-0.33900097012519836,-0.03509330749511719,0.637296199798584,2
1771108012211,0.04260276257991791,0.0751791000366211,0.3039896488189697,2
1771108012320,0.29846903681755066,-0.09156036376953125,0.3071715831756592,2
1771108012420,0.33825722336769104,0.0764608383178711,0.38108134269714355,2
1771108012528,-0.5939640998840332,0.018784523010253906,-0.3626563549041748,2
1771108012637,0.2141844779253006,0.3450584411621094,-0.5520613193511963,2
1771108012745,0.04824366420507431,-0.18233489990234375,-0.12453126907348633,2
1771108012855,-0.07012621313333511,0.1029500961303711,-0.13076472282409668,2
1771108012962,-0.2256564497947693,0.1955118179321289,-0.7080463171005249,2
1771108013071,-0.36509600281715393,0.25859546661376953,-0.7016875743865967,2
1771108013179,-0.07381749898195267,-0.017038345336914062,-0.403594970703125,2
1771108013290,-0.3349188566207886,0.03951549530029297,-0.7797237634658813,2
1771108013396,0.09114941954612732,-0.04593181610107422,0.6540802717208862,2
1771108013504,-0.08469492197036743,-0.031411170959472656,-0.10252058506011963,2
1771108013613,0.07646945118904114,-0.2893705368041992,0.47859418392181396,2
1771108013713,0.3572677671909332,-0.3229856491088867,0.23833954334259033,2
1771108013823,0.5146770477294922,0.13837909698486328,0.26521873474121094,2
1771108013930,0.22688204050064087,0.07108783721923828,0.21846699714660645,2
1771108014030,0.043678637593984604,-0.10563278198242188,-0.23732197284698486,2
1771108014137,-0.2973126173019409,-0.06108283996582031,-0.19647717475891113,2
1771108014238,0.046330176293849945,0.03625011444091797,0.16725659370422363,2
1771108014347,-0.32858872413635254,-0.060855865478515625,-0.5396456718444824,2
1771108014455,-0.12880021333694458,-0.15253543853759766,-0.2095797061920166,2
1771108014564,-0.1316225826740265,0.18251514434814453,0.33559489250183105,2
1771108014672,0.19805528223514557,0.4002103805541992,-0.13156986236572266,2
1771108014781,0.4668246805667877,-0.3663520812988281,0.590728759765625,2
1771108014889,0.4477391242980957,-0.29584789276123047,0.9553804397583008,2
1771108014999,-0.33352160453796387,0.17857933044433594,0.8454785346984863,2
1771108015107,-0.24979279935359955,0.24520301818847656,-0.6984686851501465,2
1771108015215,0.011051245033740997,0.3298530578613281,-0.9592812061309814,2
1771108015323,0.509733259677887,0.17147064208984375,0.7159900665283203,2
1771108015424,0.21463415026664734,0.32601165771484375,0.8828539848327637,2
1771108015531,-0.2364593744277954,-0.27310657501220703,-0.1599712371826172,2
1771108015643,-0.5308694839477539,-0.45158958435058594,-1.2662744522094727,2
1771108015749,-0.3842540979385376,0.010786056518554688,-0.5555764436721802,2
1771108015857,-0.19425617158412933,0.1522226333618164,-0.08020961284637451,2
1771108015965,-0.4259561002254486,-0.13466358184814453,-0.34843623638153076,2
1771108016073,0.42883002758026123,0.06519031524658203,0.9598500728607178,2
1771108016174,-0.04299347475171089,0.36670589447021484,-0.6123035550117493,2
1771108016286,-0.08057419955730438,-0.2664308547973633,-0.017986416816711426,2
1771108016392,-0.7873947024345398,-0.029455184936523438,-0.34184467792510986,2
1771108016500,0.29404041171073914,-0.1323556900024414,0.5949727296829224,2
1771108016608,-0.2397450953722,0.0757303237915039,-0.46476829051971436,2
1771108016716,0.040238648653030396,0.5142974853515625,0.5061767101287842,2
1771108016825,0.32671821117401123,-0.26256561279296875,0.4338017702102661,2
1771108016933,-0.026371873915195465,0.04204845428466797,0.5210914611816406,2
1771108017035,-0.23200802505016327,-0.2176036834716797,-0.1686418056488037,2
1771108017135,-0.15475386381149292,-0.26178932189941406,0.32973265647888184,2
1771108017241,-0.35849058628082275,-0.42429065704345703,-0.14355075359344482,2
1771108017351,-0.25700122117996216,0.11528682708740234,-0.3954946994781494,2
1771108017451,0.4312427043914795,0.07277393341064453,0.20744335651397705,2
1771108017558,-0.5519658327102661,0.6290321350097656,-0.17230939865112305,2
1771108017667,0.005294293165206909,0.2620563507080078,-0.3285961151123047,2
1771108017775,-0.3797547221183777,-0.30275821685791016,-0.29970836639404297,2
1771108017876,0.3060057461261749,0.44594764709472656,0.1469329595565796,2
1771108017984,-0.11859671771526337,0.09592914581298828,-0.11148536205291748,2
1771108018095,-0.27462661266326904,0.4211883544921875,0.6649168729782104,2
1771108018201,0.3186138868331909,0.6461515426635742,0.5907752513885498,2
1771108018310,-0.2948092222213745,0.26056575775146484,0.20630300045013428,2
1771108018417,-0.034739911556243896,-0.46843910217285156,0.6679620742797852,2
1771108018522,-0.0643225610256195,0.3302631378173828,-0.9261585474014282,2
1771108018626,-0.1316419541835785,0.8545341491699219,-0.07757127285003662,2
1771108018727,0.34975874423980713,0.19293212890625,0.48843514919281006,2
1771108018835,-0.5312075018882751,-0.14849185943603516,-0.035074710845947266,2
1771108018944,-0.029129430651664734,0.5108184814453125,0.23822271823883057,2
1771108019044,0.2562011182308197,-0.1257343292236328,-0.8200000524520874,2
1771108019153,0.008907690644264221,-0.054474830627441406,0.9618861675262451,2
1771108019287,0.1455197036266327,-0.09069633483886719,0.5968236923217773,2
1771108019361,0.30713140964508057,-0.05706501007080078,0.05749773979187012,2
1771108019469,0.31423884630203247,-0.579798698425293,-0.10574686527252197,2
1771108019578,0.017940901219844818,-0.30202579498291016,0.381183385848999,2
1771108019686,0.2386041134595871,0.13530826568603516,-1.0791501998901367,2
1771108019794,0.14072388410568237,-0.09709930419921875,0.20121943950653076,2
1771108019897,0.24156087636947632,-0.30809497833251953,0.14813125133514404,2
1771108020003,0.5863240361213684,-0.004904747009277344,0.08017706871032715,2
1771108020134,0.9351800084114075,-1.8199520111083984,-0.050188541412353516,2
1771108020220,0.4182213544845581,-0.47722434997558594,0.04108262062072754,2
1771108020329,0.4038175940513611,0.7965364456176758,0.2264115810394287,2
1771108020430,1.080540657043457,0.6681461334228516,-0.569563627243042,2
1771108020536,-0.8323460221290588,-0.4521322250366211,-1.8669562339782715,2
1771108020645,4.91427755355835,-0.10529136657714844,-0.4228658676147461,2
1771108020754,0.46869397163391113,0.15093708038330078,-0.5333685874938965,2
1771108020862,0.48447370529174805,-1.566030502319336,-0.9879939556121826,2
1771108020971,-0.3525865972042084,-0.4919862747192383,0.2636127471923828,2
1771108021083,1.8274576663970947,1.5147666931152344,-0.15928149223327637,2
1771108021181,1.2160102128982544,-1.3632946014404297,5.18186092376709,2
1771108021288,-0.4679999351501465,-0.10013008117675781,-0.31112372875213623,2
1771108021399,0.15544462203979492,0.01916980743408203,-2.5112876892089844,2
1771108021505,0.24660885334014893,0.9321517944335938,-0.20625638961791992,2
1771108021613,-0.07895493507385254,0.08025455474853516,-2.345092296600342,2
1771108021721,0.5898131132125854,-0.4578523635864258,1.478748083114624,2
1771108021830,0.20457124710083008,-0.06200408935546875,1.9164190292358398,2
1771108021938,1.4876347780227661,0.6025047302246094,1.735146164894104,2
1771108022047,0.4176589250564575,-0.4323406219482422,0.6035327911376953,2
1771108022154,-0.5265949964523315,-0.16529273986816406,-0.4701523780822754,2
1771108022280,1.1092222929000854,-0.8333597183227539,1.5612043142318726,2
1771108022364,0.9538648128509521,-1.3392658233642578,0.1599433422088623,2
1771108022463,0.002676725387573242,1.6025876998901367,-1.6819685697555542,2
1771108022572,-4.224115371704102,-0.5221471786499023,-3.361755132675171,2
1771108022681,-1.3353840112686157,-2.16770076751709,1.5699917078018188,2
1771108022789,-0.6502265930175781,2.3713502883911133,-3.328439235687256,2
1771108022898,1.4949052333831787,-0.20673561096191406,0.6604816913604736,2
1771108023006,-0.10795855522155762,-2.9836082458496094,10.914258003234863,2
1771108023121,-0.7691299915313721,0.7078008651733398,-1.058022141456604,2
1771108023222,-0.7276949882507324,-1.5888214111328125,0.8928509950637817,2
1771108023331,1.248182773590088,0.3862161636352539,2.6216413974761963,2
1771108023439,0.41620850563049316,-0.22052955627441406,-3.543705940246582,2
1771108023540,1.5786981582641602,0.8855085372924805,0.4366629123687744,2
1771108023649,1.3257718086242676,1.4946527481079102,-0.2092314064502716,2
1771108023756,0.5701284408569336,-0.37506866455078125,1.2108345031738281,2
1771108023865,0.7267148494720459,0.26516056060791016,0.711219310760498,2
1771108023973,0.8165931701660156,0.5436019897460938,-0.7053272724151611,2
1771108024099,-0.32728028297424316,1.059396743774414,1.749825358390808,2
1771108024190,-0.732947587966919,-0.018096923828125,-1.4416284561157227,2
1771108024291,0.8300960063934326,0.2522773742675781,2.2560911178588867,2
1771108024401,-0.867714524269104,0.337646484375,1.3071364164352417,2
1771108024507,0.32928526401519775,-0.3131446838378906,1.5213580131530762,2
1771108024616,-0.8644953966140747,0.2522430419921875,0.2172676920890808,2
1771108024716,0.1864163875579834,-0.4680194854736328,-0.25991541147232056,2
1771108024825,-1.0251014232635498,0.9760704040527344,-1.5579190254211426,2
1771108024933,0.2023400068283081,-1.3773508071899414,-0.24418532848358154,2
1771108025042,-0.3135005235671997,-1.324228286743164,0.20969617366790771,2
1771108025150,-0.8673215508460999,0.43428611755371094,-0.26536011695861816,2
1771108025250,0.20512789487838745,1.2316913604736328,-0.5294379591941833,2
1771108025360,-0.2833722233772278,0.4502105712890625,0.020257949829101562,2
1771108025467,-0.34994304180145264,-0.8584756851196289,-0.3302740454673767,2
1771108025567,-0.7443217635154724,0.05367088317871094,-0.29393619298934937,2
1771108025675,0.09265851974487305,1.0205793380737305,-0.6998669505119324,2
1771108025783,0.578097939491272,0.2617378234863281,-1.4004247188568115,2
1771108025884,-0.4807693362236023,1.036362648010254,1.3744620084762573,2
1771108025992,0.03268444538116455,-0.0068111419677734375,-0.29753202199935913,2
1771108026101,-1.1985538005828857,0.3572511672973633,0.7105261087417603,2
1771108026209,0.8151111006736755,0.7624530792236328,0.7730612754821777,2
1771108026317,0.31051307916641235,0.5974836349487305,0.6196832656860352,2
1771108026418,-0.1210981234908104,-0.3383922576904297,0.2540668845176697,2
1771108026526,-0.09523603320121765,0.6870622634887695,0.8613675236701965,2
1771108026635,-0.0651838481426239,0.24663639068603516,-0.7929356098175049,2
1771108026744,-0.04610653221607208,-0.27265357971191406,-1.3739248514175415,2
1771108026852,-0.8501213788986206,0.39402103424072266,1.0576424598693848,2
1771108026959,0.09321554005146027,0.5575485229492188,-0.633756697177887,2
1771108027060,-0.4702834188938141,0.30593109130859375,3.205599308013916,2
1771108027168,-0.03506109118461609,-0.3226947784423828,0.7345031499862671,2
1771108027296,0.8458436131477356,-0.9242477416992188,0.7130054235458374,2
1771108027385,0.11683928966522217,0.6786231994628906,-1.8466010093688965,2
1771108027493,0.07187831401824951,-0.37653160095214844,-0.6987276077270508,2
1771108027602,0.3234809637069702,-0.29334545135498047,-0.5133419036865234,2
1771108027711,0.11097894608974457,1.121413230895996,-1.116201400756836,2
1771108027819,0.3733198642730713,0.24362945556640625,0.1071634292602539,2
1771108027927,-0.5220175385475159,-0.41234493255615234,-0.5901989936828613,2
1771108028028,0.3414486050605774,-0.10677242279052734,0.4385942220687866,2
1771108028137,0.36990758776664734,0.2779359817504883,0.3360041379928589,2
1771108028244,-0.5737242698669434,-0.34332752227783203,0.21852374076843262,2
1771108028353,-1.012362003326416,0.4089946746826172,-0.27648961544036865,2
1771108028461,0.584997832775116,-0.12139034271240234,0.4120676517486572,2
1771108028570,-0.6744855046272278,-0.26650333404541016,1.2191145420074463,2
1771108028679,0.48182547092437744,1.5773658752441406,0.6529108285903931,2
1771108028787,0.2600310444831848,0.4812784194946289,-0.28209829330444336,2
1771108028887,-0.430570125579834,-0.25063419342041016,0.8023290634155273,2
1771108028995,0.05694957822561264,0.02068328857421875,-0.0027701854705810547,2
1771108029108,0.3005761504173279,-0.05515575408935547,1.3025916814804077,2
1771108029206,0.022035986185073853,0.6774168014526367,0.14624297618865967,2
1771108029313,0.3917185664176941,0.12752628326416016,0.21533846855163574,2
1771108029421,-0.030659914016723633,-0.42849063873291016,0.5163965225219727,2
1771108029521,0.13759614527225494,-0.3200826644897461,0.026564359664916992,2
1771108029629,-0.28838956356048584,0.4611673355102539,-0.36251842975616455,2
1771108029737,0.06901217252016068,0.23637008666992188,0.4880526065826416,2
1771108029838,0.27756744623184204,0.0772562026977539,-0.41094231605529785,2
1771108029946,-0.4665364921092987,-0.39076709747314453,-0.41034412384033203,2
1771108030047,-0.1710321009159088,0.37261486053466797,-0.3713817596435547,2
1771108030155,-0.05335400998592377,0.19794082641601562,-0.07525420188903809,2
1771108030291,-0.7699398994445801,-0.17545318603515625,-0.11103439331054688,2
1771108030372,-0.07661207765340805,-0.2825174331665039,0.5637571811676025,2
1771108030481,0.7445582747459412,0.32635498046875,-0.43215346336364746,2
1771108030588,0.5157941579818726,0.5834789276123047,0.8527028560638428,2
1771108030697,-0.4922962486743927,0.5669937133789062,0.41568684577941895,2
1771108030806,-0.05955188348889351,-0.2441883087158203,1.0133013725280762,2
1771108030913,0.3196929693222046,0.7021055221557617,-0.18166065216064453,2
1771108031023,-0.461745023727417,0.3622150421142578,0.6568121910095215,2
1771108031133,-0.5712520480155945,0.1449451446533203,0.7926146984100342,2
1771108031239,0.23519927263259888,0.7940864562988281,0.3852822780609131,2
1771108031348,-1.444270372390747,-0.5427713394165039,0.21681642532348633,2
1771108031456,0.4694492816925049,0.10904788970947266,1.183755874633789,2
1771108031564,0.2697409987449646,-0.005405426025390625,-0.4083864688873291,2
1771108031673,0.12723495066165924,-0.4625225067138672,0.04066753387451172,2
1771108031781,-0.1819947063922882,-0.1907978057861328,0.20039868354797363,2
1771108031882,0.0592164546251297,0.38837623596191406,-0.0993494987487793,2
1771108031990,-0.33526501059532166,-0.033020973205566406,-0.9983969926834106,2
1771108032098,-0.1762852519750595,-0.02715778350830078,-0.5172758102416992,2
1771108032206,-0.3339862823486328,0.2108621597290039,-0.7244551181793213,2
1771108032307,-0.209518164396286,0.04005718231201172,0.08400917053222656,2
1771108032416,-0.6534065008163452,0.007349967956542969,-0.9174044132232666,2
1771108032524,0.535517156124115,0.30081844329833984,0.5008213520050049,2
1771108032632,-0.24298717081546783,-0.2237682342529297,-0.9618215560913086,2
1771108032741,0.21474915742874146,-0.5032358169555664,0.15062332153320312,2
1771108032849,0.0885472372174263,-0.04361724853515625,0.18250012397766113,2
1771108032957,-0.10278160870075226,-0.34705257415771484,0.27724218368530273,2
1771108033066,0.5253652334213257,0.39084625244140625,0.6751503944396973,2
1771108033174,-0.5928719639778137,0.12201309204101562,-0.9892878532409668,2
1771108033292,0.05693056434392929,-0.4659538269042969,-0.8485991954803467,2
1771108033383,-0.12124894559383392,0.4855155944824219,0.4031674861907959,2
1771108033491,0.1318967342376709,-0.23906707763671875,0.3854351043701172,2
1771108033600,0.047623440623283386,-0.6672687530517578,-0.47800540924072266,2
1771108033701,0.6719298362731934,0.5020160675048828,-0.9879176616668701,2
1771108033809,0.06850934028625488,-0.09774208068847656,0.08582186698913574,2
1771108033916,0.07205293327569962,-0.009303092956542969,-0.40819597244262695,2
1771108034025,0.7984078526496887,0.7279205322265625,1.301626443862915,2
1771108034134,0.08650964498519897,0.18166351318359375,-0.04818391799926758,2
1771108034243,0.0543949194252491,-0.1819477081298828,0.37157154083251953,2
1771108034351,0.37398332357406616,-0.33730506896972656,-0.25408411026000977,2
1771108034460,-0.2698134779930115,-0.14882469177246094,-0.8789033889770508,2
1771108034567,0.6918124556541443,-0.13283634185791016,-0.08216381072998047,2
1771108034676,-1.0663233995437622,-0.5372209548950195,-0.1740729808807373,2
1771108034785,0.25871288776397705,0.9864263534545898,-0.059772491455078125,2
1771108034894,-0.3549546003341675,0.6353750228881836,-0.49647843837738037,2
1771108035001,0.2370891571044922,-0.10875415802001953,0.16446733474731445,2
1771108035110,-0.15529955923557281,-0.299285888671875,-0.3567579984664917,2
1771108035210,-0.027005113661289215,0.21819019317626953,0.10725688934326172,2
1771108035311,0.030838441103696823,0.5472517013549805,0.03680276870727539,2
1771108035418,0.2179134637117386,0.23743724822998047,0.5543594360351562,2
1771108035528,0.3464212417602539,-0.4784708023071289,0.11629414558410645,2
1771108035635,-0.8739743828773499,1.0155973434448242,0.9114758968353271,2
1771108035744,-0.36934638023376465,-1.9779596328735352,0.7322314977645874,2
1771108035844,-1.7464016675949097,-1.2513513565063477,3.5232090950012207,2
1771108035952,0.1012314036488533,-3.6403989791870117,-1.5950632095336914,2
1771108036090,0.3424901068210602,1.4179363250732422,0.359973669052124,2
1771108036161,-0.6731186509132385,0.4517993927001953,-1.7296898365020752,2
1771108036300,-0.5434402823448181,1.2598600387573242,-1.0844142436981201,2
1771108036378,-0.8188289999961853,0.6980142593383789,0.07397770881652832,2
1771108036487,0.2950325608253479,0.036594390869140625,0.7864652872085571,2
1771108036595,-0.20597867667675018,0.36513328552246094,-1.2189009189605713,2
1771108036696,-0.21950262784957886,-0.23913288116455078,0.17651724815368652,2
1771108036804,0.4820745885372162,0.8638858795166016,0.5661976337432861,2
1771108036905,0.17180120944976807,-0.05861377716064453,1.047690749168396,2
1771108037012,0.33405452966690063,0.17921161651611328,0.030954718589782715,2
1771108037122,-0.6671134233474731,-0.4794883728027344,1.3046584129333496,2
1771108037221,-0.07852514088153839,0.8827219009399414,-0.07881343364715576,2
1771108037330,-0.20486414432525635,-0.33449745178222656,-0.9540535807609558,2
1771108037437,-0.06864520907402039,0.1175832748413086,-0.4248291254043579,2
1771108037546,0.3718422055244446,-0.5131807327270508,0.2783766984939575,2
1771108037654,0.21029774844646454,-0.28638362884521484,0.4775804281234741,2
1771108037763,0.4689618945121765,-0.4594240188598633,-0.8676608204841614,2
1771108037871,-0.5557582378387451,0.4639139175415039,-0.5683353543281555,2
1771108037979,-0.8619625568389893,-1.4686431884765625,-0.008930444717407227,2
1771108038080,0.571668267250061,-0.4826202392578125,0.38373446464538574,2
1771108038188,-0.643873929977417,0.7636728286743164,-1.416548252105713,2
1771108038299,0.7390763759613037,0.9930782318115234,-0.2909717559814453,2
1771108038405,0.1259555220603943,-0.15176677703857422,1.3705189228057861,2
1771108038513,-0.41001245379447937,-0.4527168273925781,0.18308234214782715,2
1771108038622,-0.5546779036521912,-0.008303642272949219,-0.8450829386711121,2
1771108038731,-0.9715301990509033,1.0079708099365234,-0.641110897064209,2
1771108038838,0.9501571655273438,-0.4907712936401367,1.0857616662979126,2
1771108038947,-1.4768189191818237,-1.2607154846191406,0.7255936861038208,2
1771108039056,0.7406163215637207,0.5411195755004883,0.10413575172424316,2
1771108039160,0.08311551809310913,-0.8846006393432617,0.3737884759902954,2
1771108039264,0.922696053981781,-0.10899734497070312,1.0453587770462036,2
1771108039372,-1.0509783029556274,0.3905143737792969,-0.015621066093444824,2
1771108039480,1.2521008253097534,-0.7434072494506836,1.2679771184921265,2
1771108039581,-0.19182267785072327,1.1493911743164062,0.615668773651123,2
1771108039689,0.8611533641815186,0.9464130401611328,-0.34634625911712646,2
1771108039790,-0.5109121799468994,-0.1471414566040039,0.8434433937072754,2
1771108039898,0.5367857813835144,-0.5358333587646484,0.6978414058685303,2
1771108040006,-0.31051552295684814,0.33873653411865234,-0.5629894733428955,2
1771108040135,-0.5001577138900757,0.9826040267944336,-1.3086318969726562,2
1771108040215,-0.47143280506134033,-1.3812313079833984,-1.0460612773895264,2
1771108040323,0.06811971962451935,0.5627117156982422,0.24359726905822754,2
1771108040424,-0.3061898946762085,-1.0441665649414062,1.0799930095672607,2
1771108040532,-0.6953681707382202,-0.99310302734375,-0.08867931365966797,2
1771108040642,0.33303940296173096,-0.3837242126464844,-0.23392200469970703,2
1771108040748,0.09220156073570251,0.8608589172363281,0.03615260124206543,2
1771108040850,0.02183370664715767,-0.44648265838623047,0.45087242126464844,2
1771108040957,0.21780334413051605,-0.13974761962890625,-0.30025267601013184,2
1771108041066,0.02404824271798134,0.532984733581543,-0.6661858558654785,2
1771108041176,-0.05146309733390808,0.0049610137939453125,-0.7814743518829346,2
1771108041305,-0.46056145429611206,1.3479557037353516,-0.9680213928222656,2
1771108041383,0.5436837673187256,-0.17662334442138672,0.5109043121337891,2
1771108041493,-0.12826046347618103,1.452850341796875,-2.188178539276123,2
1771108041600,-0.06397976726293564,0.08825397491455078,0.3544011116027832,2
1771108041700,-0.2685331106185913,-0.11654949188232422,-0.49115514755249023,2
1771108041810,0.7467369437217712,0.8679704666137695,0.8230183124542236,2
1771108041916,-0.30502861738204956,-0.05975532531738281,-0.301851749420166,2
1771108042026,0.897636353969574,-0.7322731018066406,1.0318329334259033,2
1771108042128,-0.2647022008895874,1.4710044860839844,-0.5643162727355957,2
1771108042234,0.36351361870765686,0.8002605438232422,-0.2451843023300171,2
1771108042334,0.10749087482690811,-0.5598363876342773,1.8615138530731201,2
1771108042442,-0.16038790345191956,-0.043974876403808594,0.9356820583343506,2
1771108042551,-0.06913639605045319,0.898777961730957,-1.169796347618103,2
1771108042659,0.18033869564533234,-0.0633096694946289,-0.1743605136871338,2
1771108042768,-0.35047268867492676,-0.3263397216796875,0.7747554779052734,2
1771108042876,0.3283459544181824,-0.10000896453857422,-0.6353609561920166,2
1771108042984,-0.5096473097801208,0.7954902648925781,-1.3530547618865967,2
1771108043102,-0.36802399158477783,0.5991754531860352,-0.5813789367675781,2
1771108043193,-0.8736667633056641,-0.5184764862060547,-2.8766112327575684,2
1771108043321,0.03319169580936432,0.5952901840209961,-0.23972320556640625,2
1771108043410,0.013002943247556686,-1.790853500366211,-0.997046709060669,2
1771108043520,0.18604043126106262,-0.4926128387451172,-2.3420982360839844,2
1771108043626,-0.5571096539497375,-0.2962493896484375,-0.94463711977005,2
1771108043727,1.6052873134613037,-0.8956775665283203,-0.5800313949584961,2
1771108043837,0.15174396336078644,-0.6360397338867188,1.1016345024108887,2
1771108043943,0.3630419671535492,3.0703935623168945,-2.1792659759521484,2
1771108044044,-0.003775268793106079,-0.25723934173583984,-0.11067581176757812,2
1771108044146,-0.023238569498062134,0.5271320343017578,-0.6620773077011108,2
1771108044253,0.5255882740020752,-0.3906841278076172,0.5122592449188232,2
1771108044361,-0.22491547465324402,-0.34377479553222656,0.47812962532043457,2
1771108044470,-0.15264064073562622,-0.021048545837402344,-1.5549471378326416,2
1771108044578,-0.3651476502418518,0.9676609039306641,-1.5713624954223633,2
1771108044687,0.5080896615982056,0.0421905517578125,0.30201590061187744,2
1771108044794,0.2153213620185852,0.15839195251464844,0.32599449157714844,2
1771108044903,0.6136878728866577,-0.8998279571533203,0.3535013198852539,2
1771108045011,-0.1697268784046173,-0.8399085998535156,0.2319779396057129,2
1771108045125,-0.4095376133918762,-0.284423828125,0.9421473741531372,2
1771108045228,0.3891143798828125,-0.1928853988647461,1.0858625173568726,2
1771108045336,-0.2967304289340973,-0.6729373931884766,0.4782559871673584,2
1771108045445,-0.05864819139242172,-0.1883544921875,-0.11369407176971436,2
1771108045546,1.2064499855041504,0.1032705307006836,0.5362895727157593,2
1771108045653,0.7850906252861023,0.3007850646972656,1.0564106702804565,2
1771108045754,0.5257807374000549,0.541621208190918,0.49947023391723633,2
1771108045862,-0.3538171052932739,1.1889820098876953,-1.1719108819961548,2
1771108045970,-0.00414508581161499,0.3982515335083008,-0.35845446586608887,2
1771108046079,0.3144386112689972,-0.3644065856933594,1.5914289951324463,2
1771108046180,0.6883535385131836,-0.0904550552368164,0.7138569355010986,2
1771108046316,0.13522297143936157,0.3796815872192383,0.03722810745239258,2
1771108046395,0.9304001927375793,0.3947877883911133,1.8538966178894043,2
1771108046496,0.07601950317621231,-0.38660335540771484,0.2669949531555176,2
1771108046605,-0.06045512855052948,0.2184467315673828,0.022565364837646484,2
1771108046714,0.41823405027389526,0.2543611526489258,-0.19508814811706543,2
1771108046816,-0.00985359400510788,-0.8333950042724609,0.462003231048584,2
1771108046921,0.8831113576889038,-0.17993831634521484,0.6590213775634766,2
1771108047031,0.6938779354095459,0.5801382064819336,0.5217041969299316,2
1771108047138,-0.449701726436615,-0.5069589614868164,-0.31279516220092773,2
1771108047247,0.5114309787750244,-0.16167831420898438,1.1335067749023438,2
1771108047356,-0.30204808712005615,-0.3457622528076172,0.25012660026550293,2
1771108047463,0.2167031615972519,0.6461296081542969,-0.3906867504119873,2
1771108047564,0.0018099695444107056,0.5150299072265625,-0.1268618106842041,2
1771108047672,-0.04801866412162781,0.01665210723876953,-0.6905322074890137,2
1771108047774,0.037484310567379,1.0987319946289062,-0.1593489646911621,2
1771108047880,0.4898187220096588,0.06945610046386719,0.5675263404846191,2
1771108047989,0.5798141956329346,-0.25564098358154297,0.4300668239593506,2
1771108048104,0.10644745826721191,0.11027908325195312,0.6924669742584229,2
1771108048206,0.20872138440608978,-0.25867557525634766,0.35788822174072266,2
1771108048319,-0.20979250967502594,-0.7106199264526367,0.09619152545928955,2
1771108048414,-0.2863757908344269,0.8013267517089844,-0.12049078941345215,2
1771108048515,0.4669438898563385,-0.35067176818847656,0.2616729736328125,2
1771108048623,-0.008640600368380547,-1.1995201110839844,0.6159586906433105,2
1771108048732,-0.05865395441651344,-0.2899465560913086,0.43013620376586914,2
1771108048840,0.055077239871025085,-1.055185317993164,0.7082047462463379,2
1771108048948,-0.9671581983566284,0.45838451385498047,-0.39363038539886475,2
1771108049056,-0.28536927700042725,0.5606279373168945,-0.3002835512161255,2
1771108049166,-1.3910423517227173,0.7583160400390625,0.6537237167358398,2
1771108049273,-0.0966750755906105,-0.7158069610595703,-0.8927582502365112,2
1771108049374,1.4237068891525269,-0.5615777969360352,-0.19359517097473145,2
1771108049483,-0.054615795612335205,-1.289811134338379,0.5573583841323853,2
1771108049590,-2.396430730819702,0.8217000961303711,-1.2182084321975708,2
1771108049698,0.9147872924804688,-0.35774898529052734,-0.02772533893585205,2
1771108049799,-0.84538334608078,0.9235343933105469,0.41418540477752686,2
1771108049909,0.028829164803028107,-0.3794727325439453,0.9314379692077637,2
1771108050008,0.03940090537071228,-0.7024898529052734,0.8476161956787109,2
1771108050116,-0.0022740215063095093,0.8086528778076172,-1.2214550971984863,2
1771108050216,0.6085329055786133,0.30373382568359375,0.5249192714691162,2
1771108050325,-0.30012452602386475,-0.05488300323486328,-0.7011886835098267,2
1771108050434,-0.6747152209281921,0.3013887405395508,-0.9826924800872803,2
1771108050541,0.7564789056777954,1.032710075378418,-0.23530805110931396,2
1771108050650,0.22049462795257568,-0.33100032806396484,-0.6564807891845703,2
1771108050760,-0.693070650100708,-0.6980314254760742,0.2188584804534912,2
1771108050867,0.23900671303272247,-0.1863412857055664,-0.6315501928329468,2
1771108050975,0.14511559903621674,0.09798908233642578,-0.16275548934936523,2
1771108051084,0.3234284520149231,-0.18103408813476562,-0.4055333137512207,2
1771108051184,-0.6286376118659973,-0.2666749954223633,-0.8175177574157715,2
1771108051292,-0.914644718170166,-0.09125614166259766,0.08547711372375488,2
1771108051401,0.29757019877433777,-0.5754795074462891,-0.352402925491333,2
1771108051509,-0.21005211770534515,-0.10407161712646484,-1.0408456325531006,2
1771108051618,0.08812505751848221,0.28563785552978516,0.08674955368041992,2
1771108051726,-0.37797725200653076,0.21111011505126953,0.2501300573348999,2
1771108051836,-0.23017805814743042,0.7096776962280273,0.09736323356628418,2
1771108051943,0.3439958691596985,0.6428365707397461,1.2281285524368286,2
1771108052053,-0.2765251398086548,0.022963523864746094,-0.04235100746154785,2
1771108052153,-0.26479536294937134,0.03920555114746094,0.34344303607940674,2
1771108052261,-0.271228551864624,-0.15753555297851562,-0.11378538608551025,2
1771108052368,-0.443489670753479,0.2960500717163086,-0.7916258573532104,2
1771108052476,0.1621459722518921,0.2986764907836914,-0.5868399143218994,2
1771108052585,0.1501237154006958,0.8818225860595703,-0.7338578701019287,2
1771108052693,-0.5594354271888733,0.7534723281860352,-0.21611714363098145,2
1771108052801,-0.4749573767185211,0.4304332733154297,-0.4308353662490845,2
1771108052902,0.2163524031639099,-0.5899667739868164,-0.01514577865600586,2
1771108053005,0.0007339529693126678,-0.30646419525146484,-0.8217438459396362,2
1771108053116,-0.6513175964355469,-0.9547901153564453,-1.2516733407974243,2
1771108053219,0.3347448706626892,-0.8859453201293945,-0.9777381420135498,2
1771108053343,-0.009443193674087524,1.2051897048950195,-0.22646355628967285,2
1771108053436,0.05334930866956711,-0.6722126007080078,-0.1093897819519043,2
1771108053546,-0.18724767863750458,-0.33464622497558594,1.4754648208618164,2
1771108053653,-0.5504417419433594,1.0807266235351562,0.17494487762451172,2
1771108053761,-0.5619566440582275,-1.123870849609375,0.3824741840362549,2
1771108053869,0.39665669202804565,-0.668269157409668,0.19859075546264648,2
1771108053978,-0.2941473424434662,0.3117055892944336,-0.05782651901245117,2
1771108054080,0.09163442999124527,-0.9431648254394531,-0.10725569725036621,2
1771108054186,0.1571679562330246,-0.22812271118164062,0.8643181324005127,2
1771108054295,-0.9919695854187012,0.0043792724609375,0.5091152191162109,2
1771108054403,0.07492122054100037,-0.5260868072509766,-0.08137202262878418,2
1771108054512,0.20818200707435608,-0.06473159790039062,-0.5976593494415283,2
1771108054624,0.5896812677383423,0.23265933990478516,1.4417226314544678,2
1771108054728,0.38112199306488037,0.33721446990966797,0.133958101272583,2
1771108054829,-0.2514534592628479,0.14224815368652344,-0.09762001037597656,2
1771108054937,0.11670748889446259,0.34290599822998047,0.6961863040924072,2
1771108055045,-0.7694013714790344,-0.007353782653808594,-0.13599610328674316,2
1771108055154,0.38934552669525146,0.10719013214111328,2.036949396133423,2
1771108055262,0.3671855330467224,-0.3602790832519531,1.704777717590332,2
1771108055371,0.27348899841308594,0.4018430709838867,-0.582108736038208,2
1771108055480,-0.003558829426765442,0.28831005096435547,0.39960169792175293,2
1771108055588,0.1308499574661255,-0.7934637069702148,-0.14647698402404785,2
1771108055696,0.04182617366313934,0.09861278533935547,-0.38764333724975586,2
1771108055805,0.8060200214385986,-0.2828969955444336,0.7817342281341553,2
1771108055914,-0.09154117852449417,0.18888378143310547,0.1552295684814453,2
1771108056022,-0.18104463815689087,0.67926025390625,0.47716236114501953,2
1771108056130,0.07395871728658676,0.33127498626708984,0.32056379318237305,2
1771108056240,0.42353788018226624,0.987513542175293,0.37276601791381836,2
1771108056348,-0.05048699676990509,0.2169342041015625,0.5257678031921387,2
1771108056456,-0.1302979290485382,-0.015651702880859375,0.008757591247558594,2
1771108056564,-0.15196503698825836,-0.037837982177734375,-0.08092212677001953,2
1771108056672,-0.2847132980823517,-0.15360355377197266,-0.9819545745849609,2
1771108056774,0.4349677264690399,-0.15673255920410156,0.9557132720947266,2
1771108056881,-0.04116106778383255,-0.4883613586425781,-0.07623648643493652,2
1771108056989,0.20250774919986725,-0.20954322814941406,2.2004072666168213,2
1771108057108,0.2786058485507965,0.039246559143066406,1.4535703659057617,2
1771108057214,-0.36447834968566895,-0.27381420135498047,-0.31362414360046387,2
1771108057346,0.9668822288513184,-0.23558807373046875,0.9304494857788086,2
1771108057432,0.5520980954170227,0.26767826080322266,0.563847541809082,2
1771108057541,-1.207686185836792,-0.037555694580078125,-0.13652491569519043,2
1771108057648,-0.6083904504776001,-0.5213842391967773,-0.11020326614379883,2
1771108057757,-0.2985328435897827,0.6280794143676758,-0.300980806350708,2
1771108057865,2.0675344467163086,-1.4138445854187012,0.8947205543518066,2
1771108057973,0.05788108706474304,0.12346935272216797,-0.3164706230163574,2
1771108058118,0.3077205419540405,-1.0195426940917969,3.2192630767822266,2
1771108058190,-0.5294381976127625,0.42298221588134766,0.14609050750732422,2
1771108058299,-0.5886675715446472,-0.8463039398193359,1.2318062782287598,2
1771108058407,0.13336002826690674,-0.28228187561035156,0.2348942756652832,2
1771108058516,0.7629057765007019,1.7836475372314453,0.23951196670532227,2
1771108058623,-0.4604344367980957,1.212630271911621,0.4755692481994629,2
1771108058733,1.8059098720550537,-0.6938257217407227,0.530601978302002,2
1771108058840,-1.7635118961334229,0.8513059616088867,-0.8532919883728027,2
1771108058941,1.446101427078247,0.7548913955688477,-0.10383844375610352,2
1771108059050,-1.9591941833496094,0.025915145874023438,0.4577610492706299,2
1771108059150,0.9899305105209351,0.49468994140625,-0.22212958335876465,2
1771108059258,-1.1789908409118652,-0.09308433532714844,0.1972644329071045,2
1771108059359,-0.49921655654907227,0.4971275329589844,-0.13048243522644043,2
1771108059467,1.394701361656189,0.5116062164306641,-0.8496148586273193,2
1771108059576,-1.0646731853485107,1.2287654876708984,-0.6083898544311523,2
1771108059683,0.43751221895217896,-0.8082256317138672,1.0838611125946045,2
1771108059792,0.9357012510299683,-0.6104221343994141,0.8236870765686035,2
1771108059901,-1.2670316696166992,0.6946887969970703,-1.1014738082885742,2
1771108060008,0.6722023487091064,0.239593505859375,-0.6982779502868652,2
1771108060120,-0.2526359558105469,0.773747444152832,-0.34296679496765137,2
1771108060225,-0.1414443850517273,-1.6514320373535156,0.36101436614990234,2
1771108060355,-0.0007061809301376343,-0.49256324768066406,0.057094573974609375,2
1771108060433,-0.06955522298812866,0.6266040802001953,-0.236952543258667,2
1771108060534,-0.16911180317401886,-0.7477436065673828,-0.6867682933807373,2
1771108060643,-0.15970145165920258,-0.013296127319335938,0.1761796474456787,2
1771108060743,-0.15054424107074738,0.2042102813720703,-0.12315678596496582,2
1771108060851,0.08618360012769699,0.23238372802734375,0.12143802642822266,2
1771108060960,-0.1214137002825737,-0.057221412658691406,-0.43879222869873047,2
1771108061093,-0.001342274248600006,0.2447071075439453,0.26075243949890137,2
1771108061169,-0.17602911591529846,0.23981380462646484,0.3428761959075928,2
1771108061278,0.008155474439263344,0.1150665283203125,-0.5369579792022705,2
1771108061387,0.8613952994346619,0.09351921081542969,1.4816796779632568,2
1771108061493,-0.2061530202627182,-0.3338804244995117,0.3540232181549072,2
1771108061603,0.4335547089576721,-0.25243568420410156,0.40741610527038574,2
1771108061702,0.32712987065315247,0.022739410400390625,-0.06834602355957031,2
1771108061810,0.18001671135425568,0.19655799865722656,-0.03989124298095703,2
1771108061918,0.6351274251937866,0.15681934356689453,0.4390413761138916,2
1771108062019,-0.17885896563529968,0.43437957763671875,-0.5879859924316406,2
1771108062126,-0.09777266532182693,-0.6954240798950195,-0.2767372131347656,2
1771108062229,0.16096951067447662,0.3439769744873047,0.14263415336608887,2
1771108062365,0.6063753366470337,0.4532051086425781,0.9470913410186768,2
1771108062446,0.5404156446456909,-0.19891643524169922,-0.26407670974731445,2
1771108062545,0.5873380899429321,-0.23897552490234375,0.04539656639099121,2
1771108062653,0.4231889247894287,-0.37209320068359375,-0.22390055656433105,2
1771108062761,0.8127168416976929,0.4228668212890625,1.0402870178222656,2
1771108062870,0.080483078956604,-0.28826141357421875,-0.22552490234375,2
1771108062978,0.010941118001937866,-0.1112813949584961,0.48656439781188965,2
1771108063111,-0.04761748015880585,0.19968891143798828,-0.3905041217803955,2
1771108063187,0.21562111377716064,-0.32898521423339844,-0.47925424575805664,2
1771108063295,-0.1244572103023529,0.4763765335083008,-0.831101655960083,2
1771108063407,0.2678791582584381,1.3225898742675781,-0.01160883903503418,2
1771108063506,-0.5827368497848511,1.125478744506836,0.799962043762207,2
1771108063612,0.7229251265525818,-0.9873104095458984,0.35924458503723145,2
1771108063720,-0.4803336262702942,0.6457939147949219,-0.28299736976623535,2
1771108063829,1.005237102508545,-0.49260997772216797,0.5376303195953369,2
1771108063937,-0.4277719259262085,0.3072834014892578,-1.1008477210998535,2
1771108064046,-0.21844273805618286,-0.554112434387207,-0.4221949577331543,2
1771108064155,0.10831843316555023,1.5915470123291016,-0.9731075763702393,2
1771108064263,0.22691325843334198,-0.7637386322021484,0.225691556930542,2
1771108064366,-1.0107436180114746,-0.7700166702270508,-0.8903875350952148,2
1771108064471,0.22046209871768951,-1.705298900604248,1.2175302505493164,2
1771108064589,-1.292268991470337,0.9869470596313477,-1.2768919467926025,2
1771108064680,-0.30758148431777954,0.08927440643310547,1.398223876953125,2
1771108064789,-0.46364933252334595,0.24259090423583984,-0.9539722204208374,2
1771108064897,-0.1703113317489624,-1.3812522888183594,-1.0756033658981323,2
1771108065006,-0.5270477533340454,-0.14254379272460938,-0.18149125576019287,2
1771108065125,-0.9583789110183716,1.221658706665039,-3.2921972274780273,2
1771108065231,-1.6632013320922852,0.26235198974609375,-1.534333348274231,2
1771108065349,0.31314629316329956,-0.850428581237793,1.0770597457885742,2
1771108065447,0.45730656385421753,1.128993034362793,1.1215550899505615,2
1771108065555,-0.33413785696029663,0.04697227478027344,0.3726015090942383,2
1771108065656,0.6912364363670349,-0.21934986114501953,0.8335726261138916,2
1771108065767,0.3504754304885864,0.05431842803955078,0.48979735374450684,2
1771108065873,-0.8944811224937439,-0.3091697692871094,1.8896660804748535,2
1771108065975,0.0647365152835846,0.39444541931152344,0.5515336990356445,2
1771108066081,0.07262177765369415,-0.4372434616088867,1.617677927017212,2
1771108066183,0.2800436019897461,0.4498329162597656,0.3100912570953369,2
1771108066289,-0.23508882522583008,0.14232921600341797,-1.2316781282424927,2
1771108066391,0.1687016636133194,-0.40206241607666016,0.4145042896270752,2
1771108066501,0.7439588904380798,-0.6300859451293945,0.6080422401428223,2
1771108066607,-0.6491245031356812,-0.32303714752197266,-0.8109500408172607,2
1771108066716,0.22704263031482697,0.28869152069091797,-1.1635956764221191,2
1771108066824,-0.02368764579296112,0.19042491912841797,-0.023303747177124023,2
1771108066933,0.3452991247177124,0.1127767562866211,0.33130383491516113,2
1771108067033,-0.04492880403995514,1.1732892990112305,-0.35250139236450195,2
1771108067142,-0.24912485480308533,-0.45329761505126953,-0.2976222038269043,2
1771108067249,-0.1861783117055893,0.4911794662475586,-0.9288537502288818,2
1771108067358,0.9022961854934692,0.8652944564819336,-0.7423222064971924,2
1771108067458,0.9838690757751465,-0.8984098434448242,2.340878963470459,2
1771108067566,-0.21801508963108063,-1.2358779907226562,-2.4133877754211426,2
1771108067674,2.4046316146850586,-0.025775909423828125,0.65128493309021,2
1771108067775,-0.3951679766178131,-0.09557533264160156,-0.3672146797180176,2
1771108067882,0.8821929097175598,-0.11759090423583984,0.09829378128051758,2
1771108067983,0.7843271493911743,0.7350387573242188,0.3773343563079834,2
1771108068114,0.5269050002098083,-0.48079681396484375,0.9476070404052734,2
1771108068199,-0.1864342987537384,0.5239887237548828,0.16407036781311035,2
1771108068309,0.08618518710136414,0.24990463256835938,-0.1486663818359375,2
1771108068416,0.1548682600259781,-0.39905452728271484,-0.2063312530517578,2
1771108068517,0.4194956421852112,0.1328601837158203,0.6221339702606201,2
1771108068627,-0.07219456136226654,-0.10639381408691406,0.7121715545654297,2
1771108068727,0.2946721017360687,0.39374637603759766,-0.18663978576660156,2
1771108068834,-0.4117509722709656,0.6932592391967773,-1.4286611080169678,2
1771108068942,0.5428345203399658,-0.08182048797607422,-0.24320697784423828,2
1771108069051,-0.14647985994815826,-0.5891904830932617,-0.2949397563934326,2
1771108069159,0.07335390150547028,-0.6069536209106445,-0.19030141830444336,2
1771108069260,0.41968435049057007,0.4360494613647461,-0.1495189666748047,2
1771108069368,0.02926655113697052,-0.28357982635498047,-0.5138974189758301,2
1771108069477,-1.029392957687378,0.7125310897827148,-1.4257012605667114,2
1771108069584,0.760945200920105,0.6805934906005859,-0.5929819345474243,2
1771108069694,-0.500740647315979,0.1278858184814453,-0.501092791557312,2
1771108069801,0.8904557824134827,-0.5124416351318359,1.061091661453247,2
1771108069910,-0.31891483068466187,0.22218608856201172,-1.1687591075897217,2
1771108070018,0.07768693566322327,1.4079761505126953,-1.468362808227539,2
1771108070127,-0.2937779426574707,0.8103837966918945,-1.1100505590438843,2
1771108070238,-0.4585929811000824,-0.3187990188598633,0.9591269493103027,2
1771108070378,0.1302662491798401,0.4056720733642578,-0.9441179037094116,2
1771108070445,-0.3326181173324585,-0.004123687744140625,-1.478837013244629,2
1771108070553,-0.24118423461914062,0.4432506561279297,0.21478068828582764,2
1771108070661,0.1251707375049591,-0.5627765655517578,-0.7793582677841187,2
1771108070770,-0.2583228349685669,0.9838676452636719,-0.4150576591491699,2
1771108070877,-0.15882335603237152,0.8646116256713867,-0.8456287384033203,2
1771108070988,-0.38757845759391785,0.14619064331054688,0.5789611339569092,2
1771108071102,0.17914968729019165,-0.03365135192871094,-0.47963905334472656,2
1771108071195,0.38473325967788696,-0.6375322341918945,-0.007247567176818848,2
1771108071303,0.6441707015037537,0.6419439315795898,0.48718011379241943,2
1771108071412,0.13703292608261108,0.12158012390136719,-0.009934544563293457,2
1771108071520,0.9422127604484558,0.020769119262695312,0.17290520668029785,2
1771108071629,0.4359990954399109,0.5236825942993164,0.9418054819107056,2
1771108071737,0.35734233260154724,-0.6132802963256836,-0.7102696895599365,2
1771108071845,0.08049744367599487,-0.3144388198852539,0.609626293182373,2
1771108071953,-0.24691921472549438,-0.19858741760253906,-0.49906420707702637,2
1771108072054,-0.2294231802225113,0.16344261169433594,-1.0235073566436768,2
1771108072164,0.8150996565818787,-0.10700321197509766,1.4583041667938232,2
1771108072270,0.5073926448822021,0.1559457778930664,0.9643073081970215,2
1771108072380,0.09099945425987244,-0.4239673614501953,-0.7818167209625244,2
1771108072487,-0.403635174036026,-0.6611404418945312,-1.1995575428009033,2
1771108072597,0.18730774521827698,0.6663885116577148,1.1479686498641968,2
1771108072704,0.20328551530838013,-0.23879718780517578,0.36939847469329834,2
1771108072805,-0.08606000989675522,0.1669750213623047,-0.3946225643157959,2
1771108072913,-0.07678499817848206,-0.010457038879394531,0.22282910346984863,2
1771108073021,0.655659556388855,-0.014363288879394531,0.8073034286499023,2
1771108073125,0.3072317838668823,-0.574040412902832,0.7354495525360107,2
1771108073229,0.16657790541648865,-0.06067180633544922,0.9360995292663574,2
1771108073339,-0.14052551984786987,0.04976081848144531,0.3094761371612549,2
1771108073447,-0.099339559674263,-0.010778427124023438,0.38784289360046387,2
1771108073558,0.32790079712867737,-0.774815559387207,0.6553528308868408,2
1771108073664,-0.2919972240924835,-0.08664894104003906,1.0830082893371582,2
1771108073764,-0.6289814710617065,-0.22229385375976562,0.4296150207519531,2
1771108073872,0.34096258878707886,-0.38289833068847656,0.8522303104400635,2
1771108073981,0.8819283246994019,0.03743457794189453,0.35041069984436035,2
1771108074081,0.4584590196609497,-0.8510046005249023,0.6297917366027832,2
1771108074189,0.44713902473449707,-0.9462747573852539,0.6761806011199951,2
1771108074298,-0.3220950663089752,0.2306070327758789,0.0016222000122070312,2
1771108074407,0.7886155247688293,0.6504850387573242,-0.5589513778686523,2
1771108074516,-0.9780359268188477,0.3498725891113281,0.5202465057373047,2
1771108074622,-0.26066750288009644,-0.9383244514465332,-0.6038999557495117,2
1771108074726,-0.12120604515075684,0.6221113204956055,0.03701496124267578,2
1771108074832,-0.2881089448928833,0.7971782684326172,-0.47777843475341797,2
1771108074940,-0.08275127410888672,-0.2513904571533203,0.6465048789978027,2
1771108075048,0.8473416566848755,0.642481803894043,0.5558257102966309,2
1771108075149,0.4068310856819153,-0.39069557189941406,1.1978139877319336,2
1771108075257,0.6040292978286743,-0.05690479278564453,0.8845229148864746,2
1771108075379,0.8532103896141052,0.17750167846679688,0.45169878005981445,2
1771108075466,0.05827301740646362,-0.06003856658935547,-0.37636375427246094,2
1771108075574,-0.4788283407688141,0.34542274475097656,0.8787717819213867,2
1771108075674,0.9273406863212585,0.7838544845581055,0.5709295272827148,2
1771108075784,-0.23030567169189453,-0.03882408142089844,0.6457018852233887,2
1771108075891,0.9156451225280762,0.2565746307373047,1.329688549041748,2
1771108076004,0.47435462474823,-0.219268798828125,0.8047075271606445,2
1771108076122,0.3631093502044678,0.24044322967529297,0.5792336463928223,2
1771108076216,0.25726860761642456,-0.15093135833740234,2.0382537841796875,2
1771108076324,0.36246925592422485,-0.41469764709472656,2.0596508979797363,2
1771108076433,0.358212411403656,0.49814510345458984,1.171539306640625,2
1771108076541,0.09585773944854736,0.6916780471801758,0.8430485725402832,2
1771108076651,0.5986992716789246,0.29309654235839844,1.4306178092956543,2
1771108076758,-0.04228264093399048,0.12187385559082031,1.649477481842041,2
1771108076859,0.43858951330184937,0.2665290832519531,1.7555999755859375,2
1771108076967,0.45933884382247925,0.3481292724609375,0.8541779518127441,2
1771108077076,-0.20345520973205566,0.2775697708129883,0.5814995765686035,2
1771108077184,0.2837967872619629,0.1521015167236328,1.2318248748779297,2
1771108077292,0.09959131479263306,0.19068050384521484,0.5907001495361328,2
1771108077401,0.1397222876548767,0.36411094665527344,0.04068326950073242,2
1771108077510,-0.1923074722290039,0.15672016143798828,-0.20702457427978516,2
1771108077610,0.20184296369552612,0.25214672088623047,0.37661218643188477,2
1771108077718,0.22110265493392944,0.5766916275024414,0.31275081634521484,2
1771108077818,0.03197777271270752,0.6925621032714844,-0.49036216735839844,2
1771108077926,-0.13403135538101196,0.4228172302246094,-0.647026538848877,2
1771108078035,-0.3967834413051605,0.2992382049560547,-1.1473784446716309,2
1771108078143,-0.5335474014282227,0.9664554595947266,-1.5776808261871338,2
1771108078252,0.1211540699005127,0.2203359603881836,-0.6796283721923828,2
1771108078385,-0.045647650957107544,-0.026358604431152344,0.06867170333862305,2
1771108078461,-0.3969610035419464,0.2932014465332031,-0.603034496307373,2
1771108078569,0.1901267021894455,0.20130538940429688,0.05123090744018555,2
1771108078677,0.16216476261615753,-0.05042839050292969,-0.3284640312194824,2
1771108078786,-0.49066340923309326,0.066131591796875,-0.5911165475845337,2
1771108078886,0.2686649560928345,0.04251384735107422,-0.09275436401367188,2
1771108078994,-0.12426790595054626,0.2272510528564453,-0.4510331153869629,2
1771108079104,-0.363007128238678,0.1407318115234375,-0.3582420349121094,2
1771108079212,0.17163008451461792,0.00029754638671875,0.09269356727600098,2
1771108079323,0.2280334085226059,0.021394729614257812,-0.07386565208435059,2
1771108079428,0.07055549323558807,0.07676219940185547,-0.021503925323486328,2
1771108079536,-0.35319000482559204,-0.028130531311035156,-0.3121204376220703,2
1771108079645,0.3892819285392761,0.03789710998535156,0.04060053825378418,2
1771108079746,-0.4359525144100189,0.13241004943847656,-0.44841456413269043,2
1771108079854,-0.11924101412296295,0.09316730499267578,-0.25484132766723633,2
1771108079962,0.5044993162155151,-0.012132644653320312,0.013949871063232422,2
1771108080070,-0.22540317475795746,0.07009029388427734,-0.4515514373779297,2
1771108080179,-0.25924187898635864,0.06993961334228516,-0.03725862503051758,2
1771108080288,-0.020088329911231995,0.07464790344238281,-0.13335537910461426,2
1771108080397,-0.23652328550815582,0.05273914337158203,-0.2719395160675049,2
1771108080507,0.5170871019363403,0.16512012481689453,0.25455522537231445,2
1771108080614,-0.4204106330871582,0.010949134826660156,-0.14931344985961914,2
1771108080722,0.568553626537323,0.026139259338378906,-0.021620750427246094,2
1771108080830,0.1292649507522583,0.0770711898803711,-0.04470705986022949,2
1771108080938,-0.2104421854019165,-0.050907135009765625,0.017189502716064453,2
1771108081046,0.2832973897457123,0.2566690444946289,-0.39294588565826416,2
1771108081147,-0.387698233127594,0.04317283630371094,-0.27477359771728516,2
1771108081255,0.4513511657714844,-0.10689735412597656,0.285231351852417,2
1771108081382,-0.5065306425094604,-0.09520149230957031,-0.2221975326538086,2
1771108081465,-0.20374858379364014,0.5075159072875977,0.01910233497619629,2
1771108081572,0.2323201596736908,0.006709098815917969,-0.16006207466125488,2
1771108081680,-0.07300117611885071,0.061420440673828125,0.071197509765625,2
1771108081789,0.15344582498073578,-0.32927989959716797,0.26718878746032715,2
1771108081890,0.5348290801048279,0.16479206085205078,0.22015690803527832,2
1771108081998,-0.18551039695739746,0.13753795623779297,-0.3273046016693115,2
1771108082100,-0.45612311363220215,-0.08443832397460938,0.2737922668457031,2
1771108082206,0.6326340436935425,-0.17431068420410156,0.4192636013031006,2
1771108082307,-0.14633393287658691,0.18489360809326172,-0.30734777450561523,2
1771108082415,0.01763974130153656,0.24795055389404297,-0.06602072715759277,2
1771108082517,0.6287297606468201,0.020478248596191406,0.3811931610107422,2
1771108082624,-0.4186021089553833,-0.27173900604248047,0.2959620952606201,2
1771108082732,-0.34489238262176514,0.09954071044921875,-0.08371782302856445,2
1771108082832,0.35831618309020996,0.060004234313964844,-0.317171573638916,2
1771108082940,-0.1225079745054245,0.16631507873535156,-0.10021495819091797,2
1771108083041,-0.5759164094924927,-0.11421585083007812,-0.04655647277832031,2
1771108083149,0.47848790884017944,-0.0234222412109375,-0.32951819896698,2
1771108083257,-0.5526456832885742,0.4095039367675781,-0.5396537780761719,2
1771108083386,0.5706544518470764,0.23367786407470703,-0.5409756898880005,2
1771108083467,0.08043573796749115,-0.15326404571533203,-0.16195893287658691,2
1771108083575,0.06086049973964691,0.27585792541503906,-0.1471850872039795,2
1771108083684,-0.17059949040412903,0.37299156188964844,-0.3829472064971924,2
1771108083785,0.6141536235809326,-0.15186595916748047,-0.11442232131958008,2
1771108083892,-0.10822205245494843,-0.062442779541015625,-0.421205997467041,2
1771108084000,-0.5379472374916077,0.08817577362060547,-0.1597120761871338,2
1771108084108,0.5771144032478333,-0.004118919372558594,-0.17515873908996582,2
1771108084217,0.1367320716381073,0.09953880310058594,-0.2752732038497925,2
1771108084325,-0.35980090498924255,-0.05258655548095703,-0.6621180772781372,2
1771108084433,-0.589113175868988,-0.0769643783569336,-0.8189111948013306,2
1771108084535,0.393584668636322,0.017645835876464844,-0.013653993606567383,2
1771108084642,-0.07660084962844849,-0.019562721252441406,-0.11191034317016602,2
1771108084750,-0.07374608516693115,0.2675046920776367,-0.4099072217941284,2
1771108084859,-0.1887713521718979,0.40654563903808594,-0.6765637397766113,2
1771108084967,-0.13834156095981598,0.2590370178222656,-1.1502925157546997,2
1771108085078,0.0359223335981369,0.3056602478027344,-0.33405858278274536,2
1771108085184,-0.3003717064857483,0.09069442749023438,-0.9880379438400269,2
1771108085295,-0.10370844602584839,0.3433542251586914,-0.09057974815368652,2
1771108085394,0.08575193583965302,0.3948650360107422,0.6272966861724854,2
1771108085501,-0.048603832721710205,-0.05620574951171875,-0.6173474788665771,2
1771108085610,0.009893089532852173,0.27300262451171875,-0.3101949095726013,2
1771108085710,-0.15286464989185333,-0.1330575942993164,-0.6322706937789917,2
1771108085818,0.05549727380275726,0.30858707427978516,-0.03313571214675903,2
1771108085928,0.03559640049934387,0.4330720901489258,0.22220993041992188,2
1771108086035,0.08610033988952637,-0.2297039031982422,-0.17435365915298462,2
1771108086145,0.3063535690307617,0.009462356567382812,0.7239795923233032,2
1771108086251,0.3198563754558563,-0.09082889556884766,1.559779405593872,2
1771108086388,0.005742070265114307,0.004962921142578125,0.7343419790267944,2
1771108086468,0.17316977679729462,-0.2505073547363281,0.5953629016876221,2
1771108086577,0.10291796922683716,-0.2747964859008789,0.5896550416946411,2
1771108086685,0.1382729411125183,-0.4076213836669922,0.7001475095748901,2
1771108086786,0.17098543047904968,0.05270195007324219,0.7423586845397949,2
1771108086894,0.1716863065958023,-0.07001686096191406,0.5985884666442871,2
1771108087003,0.10234016180038452,0.1242380142211914,0.6686291694641113,2
1771108087122,-0.05538994073867798,-0.24655437469482422,0.8295741081237793,2
1771108087213,0.16306108236312866,-0.0897674560546875,0.34468889236450195,2
1771108087319,0.48507097363471985,0.26198673248291016,1.0715763568878174,2
1771108087419,0.05464339256286621,-0.2632017135620117,0.287320613861084,2
1771108087528,-0.09542641043663025,-0.07152271270751953,0.6740157604217529,2
1771108087637,0.42355725169181824,0.0404815673828125,0.8762431144714355,2
1771108087745,0.319388210773468,-0.060013771057128906,1.032160758972168,2
1771108087847,-0.014513671398162842,-0.07146739959716797,-0.07024812698364258,2
1771108087954,0.04463985562324524,-0.15030479431152344,0.5793287754058838,2
1771108088062,0.5508686304092407,-0.1483001708984375,0.3218986988067627,2
1771108088170,0.1197841465473175,0.13016128540039062,0.09682464599609375,2
1771108088271,-0.19685214757919312,0.05084037780761719,0.46468353271484375,2
1771108088401,-0.1335369348526001,-0.036629676818847656,-0.20553851127624512,2
1771108088481,-0.2627333700656891,-0.060985565185546875,0.05408143997192383,2
1771108088588,0.08563274145126343,0.051975250244140625,0.27074241638183594,2
1771108088697,0.5487301349639893,0.15859222412109375,-0.007616758346557617,2
1771108088804,-0.5623872876167297,0.11789989471435547,0.3413407802581787,2
1771108088915,0.4617913067340851,0.010915756225585938,-0.07333683967590332,2
1771108089021,-0.3935202956199646,0.14163494110107422,0.08573579788208008,2
1771108089130,0.4834333062171936,0.0012388229370117188,0.06380081176757812,2
1771108089231,0.08173525333404541,-0.177215576171875,-0.012991666793823242,2
1771108089339,-0.4369215965270996,0.19306182861328125,-0.06476926803588867,2
1771108089449,0.060315102338790894,0.3853769302368164,-0.9638128280639648,2
1771108089556,0.0017137229442596436,0.18401050567626953,-0.6625878810882568,2
1771108089665,-0.27570855617523193,-0.0795297622680664,0.32642149925231934,2
1771108089772,0.41040489077568054,0.2565279006958008,-0.3319113254547119,2
1771108089881,-0.653695285320282,0.17407608032226562,-0.5311214923858643,2
1771108089989,-0.41393089294433594,0.1311321258544922,-0.44791746139526367,2
1771108090099,0.3808586001396179,-0.17060279846191406,-0.42005419731140137,2
1771108090198,-0.5864474773406982,-0.010329246520996094,0.24178194999694824,2
1771108090306,-0.03423623740673065,0.32921409606933594,-0.13785147666931152,2
1771108090406,0.485607773065567,-0.05147743225097656,-0.49573659896850586,2
1771108090517,-0.5235471129417419,-0.12281036376953125,-0.35120248794555664,2
1771108090615,-0.5629010200500488,0.10486316680908203,-0.2313694953918457,2
1771108090723,0.4783889651298523,0.29035282135009766,-0.5762960910797119,2
1771108090823,0.030650392174720764,0.1780529022216797,-0.25220799446105957,2
1771108090933,-0.2679324448108673,-0.1095743179321289,0.012630939483642578,2
1771108091041,0.3324994444847107,0.035712242126464844,-0.13910412788391113,2
1771108091149,-0.13962985575199127,0.5298318862915039,-0.23471331596374512,2
1771108091249,-0.5238378643989563,-0.1030893325805664,-0.3788430690765381,2
1771108091358,0.4258941411972046,-0.19748783111572266,0.14249324798583984,2
1771108091465,0.3021497428417206,0.15725231170654297,-0.40343475341796875,2
1771108091566,-0.02761298418045044,0.1970376968383789,-0.06246209144592285,2
1771108091674,-0.2722824215888977,-0.2923746109008789,0.5127670764923096,2
1771108091783,0.4067673981189728,-0.15554523468017578,0.014716148376464844,2
1771108091883,0.335629403591156,0.22696304321289062,-0.5793722867965698,2
1771108091992,-0.4155845046043396,0.20311927795410156,-0.0554351806640625,2
1771108092100,0.28018718957901,-0.20882225036621094,0.11774230003356934,2
1771108092208,0.3673343062400818,-0.1018056869506836,-0.415233850479126,2
1771108092318,-0.11045437306165695,0.4425811767578125,-0.3023035526275635,2
1771108092417,-0.35874781012535095,-0.07010936737060547,-0.28020143508911133,2
1771108092525,-0.08850136399269104,0.02751636505126953,0.11659121513366699,2
1771108092635,0.3147124648094177,0.06858348846435547,-0.2888174057006836,2
1771108092734,0.21971115469932556,-0.2672691345214844,-0.0008528232574462891,2
1771108092842,0.16048520803451538,0.2355213165283203,-0.21771645545959473,2
1771108092950,-0.2954821288585663,0.05481719970703125,-0.2471022605895996,2
1771108093059,-0.0892280787229538,-0.06255149841308594,0.10426807403564453,2
1771108093168,0.3419278860092163,0.16443538665771484,0.3261418342590332,2
1771108093276,-0.10229572653770447,0.20044231414794922,-0.39890050888061523,2
1771108093392,-0.2688227891921997,0.04680633544921875,0.0832369327545166,2
1771108093487,-0.2282886654138565,0.03282737731933594,0.08911967277526855,2
1771108093593,-0.09991587698459625,-0.12040424346923828,-0.34481358528137207,2
1771108093702,0.2593539357185364,-0.1885242462158203,-0.025913000106811523,2
1771108093809,-0.09379982203245163,0.26320552825927734,-0.2860381603240967,2
1771108093918,-0.2412111461162567,0.051055908203125,-0.023214340209960938,2
1771108094028,0.121753990650177,-0.1389923095703125,0.12314271926879883,2
1771108094136,0.17586563527584076,-0.09988975524902344,-0.06536388397216797,2
1771108094243,0.21995297074317932,0.12042713165283203,-0.16904306411743164,2
1771108094344,0.09537594020366669,0.0060520172119140625,-0.29534125328063965,2
1771108094452,-0.23350875079631805,0.2111988067626953,-0.4451746940612793,2
1771108094560,-0.2534406781196594,-0.03534221649169922,-0.21808552742004395,2
1771108094661,-0.26511311531066895,-0.05981254577636719,-0.05035853385925293,2
1771108094769,0.10690772533416748,-0.039834022521972656,0.22297334671020508,2
1771108094870,0.11247089505195618,-0.0662221908569336,0.21012639999389648,2
1771108094978,0.2842046320438385,-0.03686046600341797,-0.09245681762695312,2
1771108095086,-0.15845969319343567,0.07822322845458984,-0.5713183879852295,2
1771108095195,-0.37356114387512207,0.08038043975830078,-0.19237923622131348,2
1771108095304,-0.2575065791606903,0.20472145080566406,-0.22980618476867676,2
1771108095412,0.1934700608253479,-0.14554500579833984,0.15146446228027344,2
1771108095520,0.28196680545806885,0.09224510192871094,0.11823582649230957,2
1771108095628,-0.19125734269618988,0.11997509002685547,-0.355562686920166,2
1771108095736,-0.38509324193000793,0.13015270233154297,-0.3208889961242676,2
1771108095845,0.09008181095123291,0.1512289047241211,-0.21249008178710938,2
1771108095953,0.16753999888896942,0.3179664611816406,-0.25405025482177734,2
1771108096054,-0.617598295211792,0.10965538024902344,0.306926965713501,2
1771108096163,0.6675314903259277,-0.2814826965332031,-0.014453887939453125,2
1771108096273,-0.6693841218948364,0.1218414306640625,-0.3647470474243164,2
1771108096400,-0.506948709487915,0.08871269226074219,0.27776336669921875,2
1771108096479,-0.6207437515258789,0.19895267486572266,0.39482927322387695,2
1771108096591,0.73362135887146,-0.2564859390258789,-0.04127955436706543,2
1771108096696,0.10649976134300232,-0.1481618881225586,0.14441180229187012,2
1771108096804,-0.14570307731628418,-0.07131195068359375,0.2568037509918213,2
1771108096913,0.3408103287220001,-0.21886825561523438,0.03374814987182617,2
1771108097021,-0.6218365430831909,0.025590896606445312,-0.38540565967559814,2
1771108097123,0.23108361661434174,0.2349834442138672,-0.22606158256530762,2
1771108097230,0.6405314803123474,-0.1810159683227539,0.01045989990234375,2
1771108097338,-0.7186763286590576,-0.06114006042480469,0.04477238655090332,2
1771108097447,0.6647530794143677,-0.06437206268310547,-0.22077274322509766,2
1771108097555,-0.7887076735496521,0.4876365661621094,-0.2964954376220703,2
1771108097656,0.6399841904640198,0.237823486328125,-0.11478161811828613,2
1771108097764,-0.2510271370410919,0.08148765563964844,0.4652900695800781,2
1771108097875,0.7987611293792725,0.028754234313964844,0.28717637062072754,2
1771108097974,-0.6810988783836365,-0.0865793228149414,-0.607264518737793,2
1771108098081,-0.11730819940567017,0.07512760162353516,-0.1332186460494995,2
1771108098190,0.3391050100326538,0.0025358200073242188,-0.11381101608276367,2
1771108098290,-0.09533026814460754,0.0018205642700195312,-0.004346609115600586,2
1771108098411,-0.4882221817970276,-0.00262451171875,-0.3583167791366577,2
1771108098506,0.06660392135381699,0.3842010498046875,-0.4298032522201538,2
1771108098615,-0.03956708312034607,0.20011520385742188,-0.6241366863250732,2
1771108098724,-0.08896169066429138,0.1540699005126953,-0.6019524931907654,2
1771108098831,-0.23858138918876648,0.2918977737426758,-1.4731063842773438,2
1771108098932,-0.009443670511245728,0.31879138946533203,-0.216475248336792,2
1771108099040,0.15531088411808014,0.006672859191894531,0.2705141305923462,2
1771108099149,-0.006225913763046265,0.2410602569580078,0.2504803538322449,2
1771108099258,0.03013208508491516,0.2263193130493164,0.21268141269683838,2
1771108099365,0.05389687418937683,0.18602561950683594,-0.07905265688896179,2
1771108099474,0.05422690510749817,0.11726570129394531,0.7313768863677979,2
1771108099582,0.28475093841552734,0.26064014434814453,0.5323858261108398,2
1771108099683,0.0724366158246994,0.49751949310302734,0.5055928826332092,2
1771108099791,0.17657959461212158,0.18243408203125,1.2157436609268188,2
1771108099892,-0.15722647309303284,-0.10967445373535156,-0.11681821942329407,2
1771108099999,0.1314011514186859,0.4759225845336914,0.15356111526489258,2
1771108100106,0.15104830265045166,-0.008269309997558594,0.1139984130859375,2
1771108100208,0.31935957074165344,0.4487943649291992,0.45730963349342346,2
1771108100316,0.2456255704164505,0.35220813751220703,-0.050037682056427,2
1771108100417,-0.500867486000061,-0.38121604919433594,-0.10053837299346924,2
1771108100525,0.6604379415512085,0.2828636169433594,1.4655468463897705,2
1771108100633,-0.37115275859832764,-0.13850116729736328,-0.8271109461784363,2
1771108100742,-0.007361769676208496,0.5023250579833984,-0.940473198890686,2
1771108100850,-0.08025190234184265,0.13476276397705078,0.28200554847717285,2
1771108100964,0.13178400695323944,-0.25121116638183594,1.0591766834259033,2
1771108101059,-0.5062044858932495,0.045922279357910156,0.49013763666152954,2
1771108101161,0.18885383009910583,0.21435546875,0.08311730623245239,2
1771108101268,-0.2864908277988434,0.17245101928710938,0.39240407943725586,2
1771108101404,-0.35352954268455505,0.6800498962402344,0.07968014478683472,2
1771108101485,-0.7109043598175049,0.010125160217285156,0.9416860938072205,2
1771108101593,-0.7240318655967712,0.3940391540527344,0.47706902027130127,2
1771108101701,-0.9524251222610474,0.43902015686035156,0.7055184841156006,2
1771108101810,-1.0010987520217896,-0.25069427490234375,0.14223402738571167,2
1771108101918,-0.6495024561882019,0.12662601470947266,0.2523716688156128,2
1771108102027,-0.3010779619216919,-0.27751731872558594,0.8007422685623169,2
1771108102137,-0.3154844045639038,0.20794963836669922,1.2375004291534424,2
1771108102243,-0.6038001775741577,-0.028716087341308594,0.3490709066390991,2
1771108102345,-0.7221125364303589,0.04052734375,-0.14614009857177734,2
1771108102452,-0.43213844299316406,0.38460350036621094,0.5763014554977417,2
1771108102560,-0.6874070167541504,-0.27987003326416016,-0.3002955913543701,2
1771108102671,-0.6632394790649414,-0.1989583969116211,0.8039035797119141,2
1771108102779,-0.3290151357650757,-0.08507919311523438,1.2106170654296875,2
1771108102878,-0.4810175895690918,-0.5154600143432617,0.3035719394683838,2
1771108102987,-0.6471208333969116,-0.0008840560913085938,1.8877620697021484,2
1771108103097,-0.5653928518295288,-0.26659393310546875,1.196826457977295,2
1771108103195,-0.5802562236785889,0.18210124969482422,0.404757022857666,2
1771108103304,-0.11450469493865967,-0.05803680419921875,1.559964656829834,2
1771108103413,0.3508793115615845,0.3179779052734375,1.0043513774871826,2
1771108103520,-0.12796437740325928,0.06227874755859375,0.4500899314880371,2
1771108103628,-0.17560625076293945,0.38932132720947266,-0.46518874168395996,2
1771108103737,-0.6149146556854248,1.0178585052490234,1.237511157989502,2
1771108103846,-0.21984124183654785,-0.2232379913330078,0.4458119869232178,2
1771108103954,0.258591890335083,-0.7004117965698242,0.16040658950805664,2
1771108104062,-0.590632438659668,0.5820245742797852,-0.8891164064407349,2
1771108104179,-0.9576005935668945,0.3033409118652344,-0.782706618309021,2
1771108104279,-1.4664552211761475,-0.19254302978515625,0.2867170572280884,2
1771108104427,-0.7353637218475342,1.2291259765625,2.0882606506347656,2
1771108104488,-0.5969407558441162,0.668065071105957,0.044207215309143066,2
1771108104596,-0.5714960098266602,0.9754724502563477,0.03203868865966797,2
1771108104705,-1.362640619277954,0.03621101379394531,1.3616828918457031,2
1771108104814,-1.70339035987854,0.15854167938232422,1.0416184663772583,2
1771108104922,0.021282434463500977,0.7713603973388672,0.21518290042877197,2
1771108105029,-0.14058232307434082,-0.17572879791259766,0.6613041162490845,2
1771108105138,1.6764992475509644,-1.5424938201904297,-1.625150203704834,2
1771108105238,1.0651322603225708,-0.007021903991699219,-0.41127753257751465,2
1771108105347,-1.8970985412597656,0.14835643768310547,0.5912094116210938,2
1771108105455,-2.127009391784668,-1.3214082717895508,0.8052297830581665,2
1771108105556,5.740290641784668,4.496090888977051,0.2178642749786377,2
1771108105663,-0.8453187942504883,-0.4362516403198242,0.5637232065200806,2
1771108105764,1.173713207244873,-2.9428529739379883,4.167179584503174,2
1771108105865,-1.0705575942993164,-2.075847625732422,-2.674999952316284,2
1771108105973,0.9047384262084961,0.1979694366455078,-1.0260628461837769,2
1771108106098,1.5088540315628052,-0.9004058837890625,1.2400034666061401,2
1771108106189,2.794661045074463,-1.502603530883789,1.1114164590835571,2
1771108106299,0.9060193300247192,-0.1156015396118164,1.5624566078186035,2
1771108106409,0.614702582359314,-0.18842506408691406,-0.801615834236145,2
1771108106515,0.029800772666931152,0.06942176818847656,-1.572587251663208,2
1771108106623,0.4650152623653412,0.2345571517944336,-0.681246280670166,2
1771108106731,1.125382661819458,-0.8319625854492188,0.7878433465957642,2
1771108106840,0.5562832355499268,-0.6960592269897461,0.027396321296691895,2
1771108106948,1.169023036956787,0.27173900604248047,-0.04236888885498047,2
1771108107057,-0.23047244548797607,-0.3953685760498047,-1.0492414236068726,2
1771108107159,1.5629881620407104,0.8314723968505859,0.3495999574661255,2
1771108107265,0.14131520688533783,-0.24881553649902344,1.371834635734558,2
1771108107366,0.7669942378997803,-0.43694019317626953,-1.0536532402038574,2
1771108107474,-0.5271750688552856,1.386063575744629,-1.41274094581604,2
1771108107583,-0.4603070020675659,0.6705141067504883,-0.8195303678512573,2
1771108107693,-0.003009498119354248,0.09539222717285156,0.04351150989532471,2
1771108107799,0.5068236589431763,-0.03311729431152344,-0.27760303020477295,2
1771108107908,-0.47982257604599,0.8169488906860352,-0.20772480964660645,2
1771108108008,0.5545168519020081,-0.2010049819946289,0.01671433448791504,2
1771108108132,0.4766921401023865,1.2701358795166016,-0.6223663091659546,2
1771108108217,-0.8501054048538208,1.2142305374145508,-2.148742198944092,2
1771108108325,-0.5303584933280945,1.080000877380371,-0.044732093811035156,2
1771108108426,0.6055421829223633,-0.3227043151855469,0.9356710910797119,2
1771108108534,0.5991758704185486,-1.3090829849243164,-0.09116923809051514,2
1771108108642,0.5335098505020142,0.5584917068481445,-0.5944615602493286,2
1771108108750,-0.609278678894043,0.9774188995361328,-0.38553619384765625,2
1771108108851,0.08894594758749008,-0.5287923812866211,-0.21284008026123047,2
1771108108959,0.2625437080860138,-0.13637256622314453,-0.14565467834472656,2
1771108109058,-0.4319148063659668,0.32927417755126953,-0.5793194770812988,2
1771108109168,0.37566664814949036,-0.43190574645996094,0.07346439361572266,2
1771108109276,-0.15941528975963593,0.556035041809082,-0.01181793212890625,2
1771108109413,-0.020485039800405502,-0.04303932189941406,0.23434758186340332,2
1771108109492,0.08922799676656723,0.9958009719848633,-0.6238621473312378,2
1771108109601,-0.1396246999502182,1.3688154220581055,-0.31961047649383545,2
1771108109710,0.8848950862884521,0.03594684600830078,0.4789022207260132,2
1771108109819,0.057001207023859024,-0.4245786666870117,1.3931283950805664,2
1771108109926,-0.22368568181991577,0.4459705352783203,0.7158468961715698,2
1771108110027,0.11106046289205551,-0.3043985366821289,0.7861670255661011,2
1771108110137,0.0029337406158447266,-0.16048431396484375,-0.5474808812141418,2
1771108110236,-0.14899197220802307,-0.10821342468261719,0.22847306728363037,2
1771108110344,-0.3615495562553406,0.08783435821533203,0.2549564838409424,2
1771108110445,0.15747754275798798,0.6202392578125,-0.4026651382446289,2
1771108110552,-0.31994569301605225,0.6344089508056641,-1.378470778465271,2
1771108110661,-0.07513410598039627,0.4907703399658203,-0.47867298126220703,2
1771108110769,0.07993112504482269,0.2895631790161133,0.12046217918395996,2
1771108110879,0.2775475084781647,1.0222949981689453,-0.12958383560180664,2
1771108110987,-0.612031877040863,0.8193349838256836,0.20534968376159668,2
1771108111120,-1.1439030170440674,0.37998390197753906,-0.9810172915458679,2
1771108111203,0.7082006931304932,0.3299131393432617,-0.49175769090652466,2
1771108111304,-1.2353832721710205,0.18381786346435547,0.23776817321777344,2
1771108111412,0.8680799007415771,-0.6919870376586914,0.5948120355606079,2
1771108111513,-0.466901034116745,0.5327129364013672,0.5528712272644043,2
1771108111621,1.2821743488311768,1.4411487579345703,-0.00753331184387207,2
1771108111729,0.20131047070026398,-0.42293643951416016,0.2918534278869629,2
1771108111829,1.4946638345718384,-0.6207380294799805,-0.14718830585479736,2
1771108111937,0.20669719576835632,1.0526628494262695,-1.7823106050491333,2
1771108112046,0.349640429019928,0.9124841690063477,-0.45091307163238525,2
1771108112154,0.829586386680603,0.08629798889160156,-0.41181159019470215,2
1771108112263,0.26177212595939636,0.43234729766845703,-1.8430982828140259,2
1771108112372,-1.4660427570343018,-0.36415863037109375,-0.9075700640678406,2
1771108112480,-0.283447802066803,-1.4455795288085938,-0.4352223873138428,2
1771108112589,1.1346771717071533,-1.5352954864501953,0.08812868595123291,2
1771108112696,0.7317323684692383,0.49574851989746094,-3.5771093368530273,2
1771108112805,-0.8371500372886658,-0.4683094024658203,-0.872643768787384,2
1771108112913,1.1179509162902832,-0.21366596221923828,-0.34456515312194824,2
1771108113022,-0.12473344057798386,1.1290302276611328,0.2907513380050659,2
1771108113129,0.19851616024971008,-0.6864385604858398,-0.6317939758300781,2
1771108113231,0.26415014266967773,1.2620658874511719,-1.0782191753387451,2
1771108113340,-0.3962826728820801,1.369379997253418,-0.6918982267379761,2
1771108113447,-0.6534153819084167,0.3851890563964844,1.5470561981201172,2
1771108113549,0.22455629706382751,0.2676811218261719,0.20735955238342285,2
1771108113657,0.3975867033004761,0.38623619079589844,-0.49649953842163086,2
1771108113764,0.7268611788749695,0.7153520584106445,-0.6229534149169922,2
1771108113872,0.49999576807022095,-0.34824466705322266,-0.28355109691619873,2
1771108113973,-0.32970890402793884,-0.1394643783569336,-0.7944368720054626,2
1771108114081,0.06974310427904129,0.8125295639038086,-1.1014870405197144,2
1771108114190,0.19087888300418854,0.044849395751953125,-0.04554390907287598,2
1771108114298,-0.07448460161685944,-0.41473388671875,-0.046450257301330566,2
1771108114413,-0.3338494598865509,-1.13616943359375,-0.47663116455078125,2
1771108114517,-0.04915369302034378,-0.2977256774902344,0.15287399291992188,2
1771108114625,0.27584001421928406,0.49668121337890625,0.9320694208145142,2
1771108114733,0.5131356120109558,-0.6124019622802734,0.6392292976379395,2
1771108114841,-0.06813137978315353,-0.34349632263183594,0.8855739831924438,2
1771108114949,0.34467828273773193,0.27692508697509766,-0.02778446674346924,2
1771108115058,-0.14737620949745178,1.6609554290771484,-0.9643951058387756,2
1771108115168,0.4446832835674286,-0.2117776870727539,1.3376877307891846,2
1771108115277,0.6131317019462585,-0.19176673889160156,1.034462332725525,2
1771108115383,0.25566887855529785,0.6720113754272461,0.1780778169631958,2
1771108115491,0.47547078132629395,1.0201053619384766,-0.91190505027771,2
1771108115601,0.5649613738059998,0.8776006698608398,0.48291492462158203,2
1771108115708,0.5347373485565186,0.5159492492675781,0.5062658786773682,2
1771108115809,0.22871607542037964,1.017049789428711,0.40281224250793457,2
1771108115917,0.13955996930599213,-0.1423330307006836,1.0145423412322998,2
1771108116027,0.6824778914451599,-0.8274202346801758,1.9601812362670898,2
1771108116135,-0.16157767176628113,0.20833683013916016,1.8146319389343262,2
1771108116242,0.6507166624069214,-0.3029289245605469,0.8345961570739746,2
1771108116352,-0.5033686757087708,-0.513641357421875,1.441164255142212,2
1771108116459,0.5614462494850159,1.254054069519043,0.27709102630615234,2
1771108116568,0.07579439878463745,1.1139087677001953,-0.8346984386444092,2
1771108116677,0.08606673032045364,0.003833770751953125,-0.2741878032684326,2
1771108116785,-0.7997843027114868,-0.4474010467529297,-0.7159851789474487,2
1771108116894,-0.783027708530426,-0.7971820831298828,-0.8674181699752808,2
1771108117002,0.3655543327331543,0.041525840759277344,0.029398441314697266,2
1771108117131,-0.054232753813266754,-0.8247404098510742,-0.9600192308425903,2
1771108117219,-0.4081745445728302,0.5031642913818359,-2.340641975402832,2
1771108117328,-0.2672734260559082,0.20176315307617188,-0.5853495597839355,2
1771108117429,0.4142034649848938,-0.0830240249633789,-0.055112361907958984,2
1771108117535,0.26353293657302856,-0.5963077545166016,0.8262335062026978,2
1771108117636,0.5735354423522949,0.5077896118164062,1.8771861791610718,2
1771108117744,0.2675745189189911,1.1124143600463867,0.17769527435302734,2
1771108117853,0.6825032234191895,0.10147857666015625,1.0718605518341064,2
1771108117962,0.5715669393539429,0.04941368103027344,1.0433547496795654,2
1771108118069,0.5676403045654297,0.4633502960205078,1.1498931646347046,2
1771108118170,0.6358124017715454,-0.034218788146972656,0.14114558696746826,2
1771108118280,0.4500775635242462,0.14911270141601562,0.4845026731491089,2
1771108118387,-0.07975137233734131,-0.3575611114501953,-0.32086431980133057,2
1771108118488,-0.3872593343257904,0.5155220031738281,-0.22128617763519287,2
1771108118595,0.21188130974769592,-0.5993757247924805,0.32105278968811035,2
1771108118696,0.08200539648532867,-1.6274824142456055,0.8964530229568481,2
1771108118804,-0.34688055515289307,-0.3404417037963867,-0.1449272632598877,2
1771108118914,-0.7692862153053284,-0.2319021224975586,-1.5786662101745605,2
1771108119013,0.43062686920166016,-0.00962066650390625,1.0031121969223022,2
1771108119121,-0.13549202680587769,-0.37122631072998047,-0.21641159057617188,2
1771108119229,-0.7888489365577698,0.06862831115722656,0.02483046054840088,2
1771108119338,0.0038694916293025017,-0.2704582214355469,-0.7299242615699768,2
1771108119446,-0.27227553725242615,1.2279539108276367,-1.4048373699188232,2
1771108119556,-0.31999799609184265,0.7365694046020508,-1.2477858066558838,2
1771108119663,0.3190743327140808,-0.0986337661743164,0.03325152397155762,2
1771108119764,-1.0065901279449463,-0.4670124053955078,0.46333181858062744,2
1771108119872,0.21104282140731812,1.4128217697143555,-0.45475339889526367,2
1771108119980,0.1558629274368286,0.12432479858398438,1.1236999034881592,2
1771108120108,0.40232858061790466,0.65362548828125,-1.4589715003967285,2
1771108120198,0.547780454158783,0.46166229248046875,2.157200813293457,2
1771108120307,-0.5282091498374939,1.9317131042480469,0.017589569091796875,2
1771108120436,0.014518395066261292,0.6295671463012695,-0.2987525463104248,2
1771108120522,0.15235635638237,1.8029489517211914,0.236222505569458,2
1771108120631,0.03983360528945923,0.5847139358520508,1.0798907279968262,2
1771108120740,-0.2655269205570221,-0.43921661376953125,0.8731734752655029,2
1771108120840,-0.24836166203022003,-0.4415578842163086,-0.21044039726257324,2
1771108120950,-0.4787219762802124,-0.3333148956298828,1.0733723640441895,2
1771108121056,-0.5558547973632812,-0.3508634567260742,-0.8153526782989502,2
1771108121165,0.7358220815658569,-0.4256782531738281,0.5147669315338135,2
1771108121267,-0.20558910071849823,0.209197998046875,-0.15188384056091309,2
1771108121374,0.5055635571479797,-0.07170677185058594,0.8162524700164795,2
1771108121484,0.00035259872674942017,0.5947666168212891,-0.5066382884979248,2
1771108121590,-0.1872672140598297,0.892796516418457,-0.46665215492248535,2
1771108121691,-0.22282648086547852,-0.3758707046508789,0.2984030246734619,2
1771108121799,-0.07248486578464508,1.1425752639770508,-2.494602918624878,2
1771108121900,0.8121883273124695,-2.2792768478393555,-0.09637928009033203,2
1771108122008,-1.381027102470398,0.9459514617919922,-2.320331573486328,2
1771108122116,-1.4294352531433105,-0.7630834579467773,0.6544778347015381,2
1771108122225,-1.3959465026855469,0.1608562469482422,-0.133955717086792,2
1771108122333,1.175857424736023,0.5669927597045898,0.4510650634765625,2
1771108122434,1.0965276956558228,-0.3578958511352539,0.45908188819885254,2
1771108122542,-0.2375131994485855,-0.5680952072143555,0.4983631372451782,2
1771108122650,0.13407839834690094,1.4878311157226562,0.8053908348083496,2
1771108122759,-0.21860209107398987,0.31439876556396484,1.019341230392456,2
1771108122867,0.6105616092681885,-0.45867443084716797,0.518875241279602,2
1771108122978,0.43536216020584106,0.14026260375976562,0.9568568468093872,2
1771108123085,-0.4177654981613159,0.5040292739868164,-0.04300379753112793,2
1771108123193,-0.04841157793998718,-0.41684436798095703,0.18935060501098633,2
1771108123301,0.686562180519104,0.528965950012207,1.241445779800415,2
1771108123430,-1.2739509344100952,-0.4275217056274414,-1.8926125764846802,2
1771108123510,-0.7257522344589233,-0.3030433654785156,0.10352849960327148,2
1771108123618,0.05823610723018646,0.12019729614257812,0.6528489589691162,2
1771108123727,0.11211046576499939,-0.5748233795166016,-1.13265860080719,2
1771108123835,0.4592437446117401,-0.5203351974487305,0.2496488094329834,2
1771108123944,0.04704606533050537,-0.042832374572753906,0.8452117443084717,2
1771108124052,0.03026960790157318,0.005097389221191406,-0.18858981132507324,2
1771108124160,-0.487704336643219,0.09700775146484375,-0.9875133037567139,2
1771108124261,0.7205997705459595,0.10038948059082031,0.9911727905273438,2
1771108124369,0.581558346748352,0.42963314056396484,1.0653128623962402,2
1771108124470,0.13799983263015747,0.5067520141601562,-1.2523484230041504,2
1771108124578,-0.03710901737213135,0.0756216049194336,0.49715733528137207,2
1771108124686,-0.8571324944496155,0.37921905517578125,0.06057167053222656,2
1771108124795,0.7883861660957336,0.11763763427734375,0.7117817401885986,2
1771108124904,0.39135193824768066,0.0637063980102539,0.933236837387085,2
1771108125012,-0.2692074179649353,0.21027183532714844,-0.15551400184631348,2
1771108125112,0.08599698543548584,-1.1564159393310547,0.33974456787109375,2
1771108125220,-0.49841347336769104,1.06182861328125,0.5130071640014648,2
1771108125328,0.5177124738693237,-0.30071353912353516,-0.60780930519104,2
1771108125434,0.8034346103668213,0.20044517517089844,0.3152492046356201,2
1771108125537,-0.5458688139915466,0.23737716674804688,0.028223514556884766,2
1771108125639,0.36050111055374146,0.599736213684082,-0.14748382568359375,2
1771108125745,0.9571599960327148,0.6457195281982422,0.4658074378967285,2
1771108125845,-0.32946208119392395,-0.7751550674438477,0.3788771629333496,2
1771108125955,0.0564132034778595,0.088043212890625,0.7326958179473877,2
1771108126063,0.12099076807498932,1.5703067779541016,-0.6060091257095337,2
1771108126164,-0.25720128417015076,-0.4901094436645508,-2.101191997528076,2
1771108126271,-1.1064813137054443,-0.716221809387207,0.01691436767578125,2
1771108126380,0.8837247490882874,-0.08007144927978516,1.3645503520965576,2
1771108126489,-0.404987633228302,-0.38506126403808594,-1.3668360710144043,2
1771108126597,-0.04632178321480751,0.7661561965942383,0.02168107032775879,2
1771108126697,0.617415189743042,-0.4578418731689453,0.4690396785736084,2
1771108126805,-0.05258125439286232,0.06327342987060547,0.8133273124694824,2
1771108126906,0.5132107138633728,-0.030112266540527344,-0.869529128074646,2
1771108127007,0.2006344199180603,0.9889335632324219,-1.2477142810821533,2
1771108127114,0.17133933305740356,-0.0603179931640625,-0.027810335159301758,2
1771108127225,0.309506893157959,-0.3665952682495117,0.14590716361999512,2
1771108127331,-0.054563991725444794,0.47876453399658203,-0.0007364749908447266,2
1771108127441,-0.04759849235415459,0.03728199005126953,0.3781120777130127,2
1771108127547,-0.2176324427127838,0.4891071319580078,0.6349277496337891,2
1771108127648,-0.5223825573921204,0.0285797119140625,-1.1464965343475342,2
1771108127756,0.37161481380462646,-0.35703086853027344,0.6229912042617798,2
1771108127857,0.9829381108283997,0.6942863464355469,0.7114609479904175,2
1771108127967,-0.5373998284339905,0.3199491500854492,-0.7620044946670532,2
1771108128104,0.34470608830451965,-1.2634315490722656,0.6301027536392212,2
1771108128182,0.451314777135849,-1.5828619003295898,0.6236617565155029,2
1771108128291,-0.24494107067584991,0.3937845230102539,-2.821930408477783,2
1771108128400,-0.15093374252319336,0.48335933685302734,-0.08282935619354248,2
1771108128507,-0.6470575928688049,-0.7794647216796875,-0.5656967163085938,2
1771108128609,-0.13666754961013794,0.42772960662841797,-1.6807588338851929,2
1771108128717,0.030884094536304474,0.5237255096435547,0.26634907722473145,2
1771108128817,-0.06566466391086578,-0.8872318267822266,0.26708149909973145,2
1771108128925,-0.5475775599479675,0.43660736083984375,0.11721539497375488,2
1771108129033,0.7193666100502014,0.6896123886108398,-0.41941750049591064,2
1771108129141,-0.26136261224746704,0.47669124603271484,-0.7018731832504272,2
1771108129249,0.39063775539398193,0.43686676025390625,0.35041868686676025,2
1771108129350,-0.17676998674869537,0.2699012756347656,-0.20096135139465332,2
1771108129459,-0.060532666742801666,-0.15726661682128906,-0.7704821825027466,2
1771108129567,-0.4073476493358612,0.41634654998779297,1.5102651119232178,2
1771108129667,-0.03741453215479851,-0.5658798217773438,-0.838219404220581,2
1771108129778,0.6352983117103577,0.6285762786865234,0.9053614139556885,2
1771108129884,0.1667095571756363,0.32862186431884766,-0.07354235649108887,2
1771108129994,-0.007634572684764862,0.6448249816894531,2.1622743606567383,2
1771108130103,0.39971768856048584,-0.6656942367553711,0.3401005268096924,2
1771108130209,0.6910361647605896,-0.2366170883178711,1.5443556308746338,2
1771108130311,-0.3567964434623718,-0.044094085693359375,0.7848043441772461,2
1771108130436,0.25848686695098877,-0.17912578582763672,-0.6595008373260498,2
1771108130518,0.903485894203186,-0.6808872222900391,0.7907187938690186,2
1771108130626,-0.5731301307678223,0.7694873809814453,-0.4116640090942383,2
1771108130734,0.11211639642715454,-0.6108064651489258,1.6078507900238037,2
1771108130843,-0.3223020136356354,1.4241743087768555,-2.073233127593994,2
1771108130952,0.5758671164512634,0.16810226440429688,-1.8723596334457397,2
1771108131060,-1.1179734468460083,0.1300668716430664,0.9599790573120117,2
1771108131169,0.013188213109970093,-1.537724494934082,-0.689100980758667,2
1771108131277,-1.5418647527694702,-0.1601114273071289,-3.250917673110962,2
1771108131377,1.7637401819229126,0.40846920013427734,0.7014033794403076,2
1771108131485,-0.40407794713974,1.8266181945800781,-0.011301517486572266,2
1771108131594,0.8193057775497437,-1.1482276916503906,0.3597888946533203,2
1771108131703,0.1548173427581787,1.6272430419921875,-1.1993932723999023,2
1771108131811,-0.6229697465896606,0.0863494873046875,0.9684178829193115,2
1771108131912,-0.993805468082428,1.5579900741577148,-0.671043872833252,2
1771108132019,-0.11266586929559708,0.25667572021484375,-0.8220858573913574,2
1771108132127,-0.6366726160049438,0.05299854278564453,-0.882843017578125,2
1771108132228,0.2911182641983032,1.2192926406860352,-1.258562684059143,2
1771108132330,-0.1860014647245407,-0.2554817199707031,-1.490196943283081,2
1771108132449,0.4388744533061981,-0.8742752075195312,1.595468282699585,2
1771108132546,0.10403813421726227,-0.9198808670043945,0.9558916091918945,2
1771108132653,0.45076918601989746,0.38046932220458984,0.4766702651977539,2
1771108132763,-0.2330467700958252,0.7056303024291992,-0.844987154006958,2
1771108132871,0.41887733340263367,0.4492216110229492,1.2675518989562988,2
1771108132980,0.7354156374931335,-0.2144174575805664,0.31155693531036377,2
1771108133104,-0.3651459813117981,0.4540748596191406,0.6328098773956299,2
1771108133195,-0.1517912596464157,-0.16197490692138672,0.9688470363616943,2
1771108133297,0.044560737907886505,-0.3056192398071289,0.12869668006896973,2
1771108133405,0.8828861713409424,0.5107975006103516,0.1617603302001953,2
1771108133512,-0.4638301432132721,-0.5793304443359375,-0.04428434371948242,2
1771108133621,0.020874619483947754,0.5897722244262695,-0.23514509201049805,2
1771108133729,0.44170910120010376,0.39237308502197266,-0.05947256088256836,2
1771108133838,-0.9159232378005981,-0.1254444122314453,-1.7801613807678223,2
1771108133946,-0.46680352091789246,-0.17885589599609375,-0.6254911422729492,2
1771108134054,0.5450108647346497,-0.16082096099853516,-0.7541205883026123,2
1771108134162,-0.750704288482666,-0.11876583099365234,-0.06552672386169434,2
1771108134263,-0.9338197112083435,1.1989316940307617,-0.01277017593383789,2
1771108134372,0.7958903312683105,0.10392284393310547,-0.3754075765609741,2
1771108134481,0.2561551332473755,0.15938186645507812,0.25111985206604004,2
1771108134588,0.6554005146026611,0.8174762725830078,-0.7009410858154297,2
1771108134698,-0.2032768279314041,0.20671558380126953,-0.6187620162963867,2
1771108134806,1.3584723472595215,0.1770343780517578,0.8018155097961426,2
1771108134913,-0.08986193686723709,-0.7417182922363281,0.10596704483032227,2
1771108135017,-0.8035598993301392,0.8829965591430664,-0.24984002113342285,2
1771108135135,0.9213716983795166,0.6618509292602539,-0.7755064964294434,2
1771108135230,-0.0041828453540802,-0.3923664093017578,-0.1262044906616211,2
1771108135331,0.2625167667865753,-0.0714101791381836,-0.6550747156143188,2
1771108135450,-0.23916029930114746,0.2261219024658203,-2.600369453430176,2
1771108135548,1.7329137325286865,-1.2091445922851562,3.583052158355713,2
1771108135656,0.8933542966842651,2.3402786254882812,-0.7667999267578125,2
1771108135766,0.24882692098617554,-1.529484748840332,1.196761131286621,2
1771108135873,0.137258842587471,0.40737152099609375,0.5925066471099854,2
1771108135982,1.008620023727417,0.3630399703979492,0.0041849613189697266,2
1771108136112,0.04510870575904846,-0.020780563354492188,-1.0284802913665771,2
1771108136200,-0.32179272174835205,-0.09741878509521484,-0.281144380569458,2
1771108136308,-0.7143067121505737,0.14891338348388672,-1.0178951025009155,2
1771108136416,1.4406065940856934,0.8021945953369141,0.06738924980163574,2
1771108136524,-1.1299266815185547,-0.8181324005126953,-0.892082929611206,2
1771108136625,-0.47694307565689087,0.32213783264160156,0.36246299743652344,2
1771108136732,-0.4367746412754059,-0.1520252227783203,-0.01646566390991211,2
1771108136841,0.05009857565164566,0.1893167495727539,1.8845069408416748,2
1771108136950,-0.5005893707275391,0.17271041870117188,0.179718017578125,2
1771108137084,1.0352288484573364,-0.6026268005371094,1.2313530445098877,2
1771108137158,-0.11010260879993439,-0.17516708374023438,1.6884853839874268,2
1771108137274,0.16735920310020447,0.1393756866455078,0.5991613864898682,2
1771108137375,1.106735348701477,-0.4984426498413086,-0.17867326736450195,2
1771108137484,0.3859168589115143,-0.5224380493164062,0.44791078567504883,2
1771108137591,1.0061695575714111,0.23509979248046875,-0.3894951343536377,2
1771108137700,-0.742567777633667,-0.2161426544189453,-0.4701704978942871,2
1771108137808,-1.596771001815796,0.3951435089111328,0.16928339004516602,2
1771108137917,0.4455192983150482,-0.018533706665039062,0.12225818634033203,2
1771108138025,0.6476697325706482,0.3198080062866211,-0.47211313247680664,2
1771108138134,0.5263419151306152,0.3661632537841797,-0.017173051834106445,2
1771108138242,-0.46346479654312134,-0.4197702407836914,0.2522397041320801,2
1771108138351,-1.7794241905212402,-0.7422037124633789,-0.7166800498962402,2
1771108138455,-0.6447335481643677,0.7378292083740234,0.07329392433166504,2
1771108138560,-0.08721020817756653,0.7573757171630859,-0.19842982292175293,2
1771108138668,-0.35674595832824707,-0.10897636413574219,0.36055588722229004,2
1771108138768,-0.18136513233184814,-0.27202415466308594,0.567641019821167,2
1771108138877,0.012341812252998352,0.5152015686035156,-0.6855936050415039,2
1771108138985,-0.9079052209854126,0.05328845977783203,-1.9542655944824219,2
1771108139104,-0.37045687437057495,-0.1937103271484375,0.4960746765136719,2
1771108139202,0.05858299136161804,-0.12312793731689453,-0.012435436248779297,2
1771108139310,-0.14823579788208008,0.9253683090209961,-0.9202172756195068,2
1771108139421,0.15611177682876587,0.12139225006103516,0.839592456817627,2
1771108139520,-0.0011200904846191406,1.5144453048706055,-1.7610814571380615,2
1771108139627,0.09099704027175903,1.1375198364257812,-0.9274702072143555,2
1771108139736,0.48075205087661743,-0.4250478744506836,0.08810162544250488,2
1771108139844,0.7188305854797363,-0.2748603820800781,0.34593963623046875,2
1771108139952,0.5108087062835693,0.07103252410888672,0.6605308055877686,2
1771108140053,-0.7743477821350098,-0.7841148376464844,-0.3306412696838379,2
1771108140161,-0.5276870727539062,0.14301013946533203,-0.5305752754211426,2
1771108140262,1.0281130075454712,0.30014610290527344,-0.3162577152252197,2
1771108140370,0.8256295323371887,0.5314445495605469,-0.8266615867614746,2
1771108140479,-0.09216809272766113,-0.7553367614746094,0.7184393405914307,2
1771108140587,0.5548542737960815,0.06942939758300781,0.22951722145080566,2
1771108140695,0.6562144756317139,-0.2918729782104492,-0.25409603118896484,2
1771108140804,0.14912128448486328,0.1609325408935547,-0.9561471939086914,2
1771108140912,-0.8644912242889404,0.12216758728027344,0.2977476119995117,2
1771108141021,1.094817042350769,-0.20336437225341797,-0.2898387908935547,2
1771108141129,0.6382139921188354,1.2749309539794922,-1.6947017908096313,2
1771108141238,1.3888707160949707,1.3580474853515625,-1.4742133617401123,2
1771108141338,0.20906901359558105,0.6662893295288086,0.2798924446105957,2
1771108141464,0.981539249420166,1.057596206665039,-0.06694602966308594,2
1771108141555,0.24706053733825684,-0.3421792984008789,-0.4352710247039795,2
1771108141663,1.3479807376861572,-0.23482131958007812,-0.6288564205169678,2
1771108141772,0.36020326614379883,0.14088821411132812,-0.20882034301757812,2
1771108141880,2.483999729156494,0.677154541015625,1.1960082054138184,2
1771108141979,0.5277163982391357,0.028619766235351562,-0.9588450193405151,2
1771108142088,0.2669827938079834,0.3226490020751953,-0.33620786666870117,2
1771108142196,1.0178813934326172,-0.4263286590576172,0.7838715314865112,2
1771108142298,0.9242024421691895,0.754033088684082,-0.1785433292388916,2
1771108142407,6.376934051513672,0.5721101760864258,3.532932996749878,2
1771108142513,1.1370604038238525,-0.022070884704589844,2.053985118865967,2
1771108142614,1.3295249938964844,1.862196922302246,-1.2312347888946533,2
1771108142722,1.1123919486999512,1.0794715881347656,-1.175722360610962,2
1771108142831,1.213111162185669,2.2573394775390625,1.6719292402267456,2
1771108142939,0.6390466690063477,0.23048877716064453,-0.300137460231781,2
1771108143049,0.8071513175964355,0.36623191833496094,1.2960896492004395,2
1771108143156,0.9340102672576904,0.4754161834716797,1.4573816061019897,2
1771108143264,0.12008285522460938,0.7369394302368164,-1.075953722000122,2
1771108143373,0.056435346603393555,2.0347976684570312,-0.813784122467041,2
1771108143474,-0.26361656188964844,0.31021881103515625,0.07600724697113037,2
1771108143581,-0.8643040657043457,0.3842782974243164,1.558599829673767,2
1771108143690,-0.7348308563232422,1.8279352188110352,-0.16376984119415283,2
1771108143799,-0.9792628288269043,2.1625185012817383,-0.7851298451423645,2
1771108143909,0.3342475891113281,-0.9258022308349609,1.490588903427124,2
1771108144015,0.265622615814209,-0.3854036331176758,1.6961538791656494,2
1771108144128,0.2643616199493408,1.095846176147461,0.14240741729736328,2
1771108144232,0.49700021743774414,2.006959915161133,0.6652851104736328,2
1771108144333,-1.5265467166900635,0.6120758056640625,0.6273975372314453,2
1771108144472,-0.4672788381576538,1.7543411254882812,1.4571033716201782,2
1771108144548,-1.3441107273101807,0.8369731903076172,-0.13672292232513428,2
1771108144658,-1.1959648132324219,1.0488157272338867,-0.6724111437797546,2
1771108144767,-1.356490969657898,0.09637832641601562,-0.22653472423553467,2
1771108144869,-0.9956799745559692,0.25818347930908203,-0.8775390386581421,2
1771108144974,-0.04570341110229492,0.9358701705932617,-0.585796058177948,2
1771108145084,0.42571258544921875,1.056260108947754,-0.23358696699142456,2
1771108145192,-0.060173869132995605,0.1526021957397461,0.651528000831604,2
1771108145300,0.5968729257583618,-0.07728958129882812,0.99382483959198,2
1771108145410,-0.061911582946777344,0.726405143737793,0.5872601270675659,2
1771108145518,-1.0757163763046265,0.8460121154785156,-1.2166060209274292,2
1771108145617,-1.5148999691009521,0.8182840347290039,-0.31446635723114014,2
1771108145725,-0.9939234256744385,-0.24809837341308594,0.7650560140609741,2
1771108145833,-1.3952773809432983,-0.10601806640625,-0.5046194791793823,2
1771108145934,-0.08412602543830872,-1.2596006393432617,0.17042195796966553,2
1771108146043,-0.16247069835662842,-0.48192691802978516,0.4383653402328491,2
1771108146150,0.11905378103256226,1.4579572677612305,0.6026296615600586,2
1771108146251,-0.30045753717422485,0.6115884780883789,-0.34256815910339355,2
1771108146361,1.0063605308532715,-0.1493215560913086,0.15433895587921143,2
1771108146471,-0.3779340386390686,-0.3980894088745117,-0.734222948551178,2
1771108146568,-0.29760223627090454,0.7077550888061523,-0.5156210660934448,2
1771108146668,-0.4405308961868286,-0.9068689346313477,0.6739606857299805,2
1771108146776,-0.5945817828178406,0.14018917083740234,-0.17042076587677002,2
1771108146877,-0.35187479853630066,0.9171171188354492,0.38424158096313477,2
1771108146985,0.16285060346126556,-0.3841361999511719,0.2865983247756958,2
1771108147099,0.06359729170799255,-0.32273387908935547,0.8120096921920776,2
1771108147202,-0.23529374599456787,-0.8078861236572266,0.1279841661453247,2
1771108147310,-0.08727248013019562,-0.34241485595703125,1.2117146253585815,2
1771108147420,0.2260453701019287,-0.30345916748046875,-1.0047156810760498,2
1771108147527,-0.01873566210269928,0.3424081802368164,-0.09711873531341553,2
1771108147628,0.3118441700935364,0.31487369537353516,0.19812369346618652,2
1771108147736,-0.33692696690559387,-0.832972526550293,-1.632537603378296,2
1771108147845,0.5192663669586182,0.2307872772216797,0.02511441707611084,2
1771108147952,1.1048351526260376,0.3634757995605469,-0.11775767803192139,2
1771108148061,0.9806869626045227,-0.006793022155761719,-0.6383349895477295,2
1771108148169,-0.8223481774330139,-0.4037666320800781,0.16109097003936768,2
1771108148271,0.2572475075721741,-0.4207172393798828,-0.238411545753479,2
1771108148378,-0.3842369318008423,-0.915043830871582,0.5945481061935425,2
1771108148487,0.022311300039291382,0.0790090560913086,-1.1598129272460938,2
1771108148595,-0.6239660978317261,0.13586807250976562,-0.270794153213501,2
1771108148704,-0.33633774518966675,0.21244049072265625,-0.061026930809020996,2
1771108148813,0.03970018029212952,-0.5835123062133789,0.7632310390472412,2
1771108148922,-1.4116992950439453,1.8811616897583008,-1.4842268228530884,2
1771108149029,1.0876474380493164,-0.8646049499511719,0.3467143774032593,2
1771108149137,-1.5257368087768555,1.027902603149414,-0.07912790775299072,2
1771108149247,-0.2702559232711792,-0.0033502578735351562,-1.113077163696289,2
1771108149354,0.5543363094329834,0.37792015075683594,-0.9291675090789795,2
1771108149473,-0.33899521827697754,-0.23821449279785156,-0.24210190773010254,2
1771108149564,-0.1792801022529602,0.23520755767822266,-1.3796972036361694,2
1771108149671,0.23051267862319946,-0.09458065032958984,0.04243659973144531,2
1771108149780,-0.1581782102584839,0.023433685302734375,0.7472107410430908,2
1771108149887,0.6898622512817383,-0.6394281387329102,0.15742862224578857,2
1771108149989,0.609788179397583,0.4040107727050781,0.3794832229614258,2
1771108150111,-0.921862006187439,0.2321786880493164,-1.4941613674163818,2
1771108150198,-0.011013954877853394,-0.11115360260009766,1.0752915143966675,2
1771108150306,-0.703875720500946,-0.3270435333251953,0.6149535179138184,2
1771108150413,-0.05953670293092728,0.9511861801147461,-1.278071641921997,2
1771108150514,0.1704321950674057,0.28422069549560547,-1.7348133325576782,2
1771108150622,0.08124353736639023,0.3815279006958008,-0.11910951137542725,2
1771108150731,1.1026206016540527,-0.6109828948974609,2.187155246734619,2
1771108150832,-0.7331467866897583,0.3803844451904297,-0.208573579788208,2
1771108150941,0.34767115116119385,0.6531658172607422,-1.8434393405914307,2
1771108151039,-0.13203948736190796,-0.5037240982055664,0.9353235960006714,2
1771108151148,-0.6844049692153931,0.5549497604370117,-0.8102329969406128,2
1771108151256,0.4551618695259094,0.6009559631347656,-0.6742397546768188,2
1771108151364,-0.503376305103302,0.37197208404541016,-1.730301856994629,2
1771108151474,-0.3658895194530487,-1.2276649475097656,0.4885619878768921,2
1771108151582,0.782183825969696,0.1027679443359375,-1.5303875207901,2
1771108151689,-0.020944444462656975,0.14286136627197266,-0.24635732173919678,2
1771108151798,-0.7148913145065308,-1.1214847564697266,0.11133480072021484,2
1771108151907,0.9546400308609009,1.0871076583862305,-1.6925787925720215,2
1771108152015,0.1757563203573227,0.218475341796875,-0.22102713584899902,2
1771108152154,-0.4603496789932251,1.034224510192871,-1.6323192119598389,2
1771108152224,0.20168215036392212,-0.0042629241943359375,-0.7329940795898438,2
1771108152324,0.7505850195884705,0.6371212005615234,-0.27362489700317383,2
1771108152432,-0.8457585573196411,0.9432859420776367,0.9714553356170654,2
1771108152533,-0.33838987350463867,-0.47928810119628906,-0.7323925495147705,2
1771108152640,0.7241212129592896,0.42415428161621094,-0.9626991748809814,2
1771108152749,0.020352141931653023,-0.3651905059814453,1.1111361980438232,2
1771108152857,-0.7523642182350159,-0.42870330810546875,-0.14149749279022217,2
1771108152958,1.1287394762039185,-0.047168731689453125,-1.1317898035049438,2
1771108153066,-0.7203015089035034,-0.2560882568359375,-0.21106207370758057,2
1771108153175,0.7731777429580688,0.76910400390625,1.1719566583633423,2
1771108153284,-0.7537040114402771,0.16050434112548828,-0.16834616661071777,2
1771108153392,-0.6763355135917664,-0.19736099243164062,-0.18383514881134033,2
1771108153501,0.6505898237228394,0.4255218505859375,0.4306817054748535,2
1771108153609,-0.8740241527557373,0.7908363342285156,-1.0158195495605469,2
1771108153709,0.5601717829704285,-0.4214611053466797,0.4129459857940674,2
1771108153817,-0.1709711253643036,-0.3836231231689453,2.30491304397583,2
1771108153927,-0.3959750533103943,0.2592344284057617,-0.3353046178817749,2
1771108154025,1.015141248703003,-0.07547187805175781,-0.008086085319519043,2
1771108154146,-0.20202548801898956,-0.2246246337890625,0.914231538772583,2
1771108154243,-0.6589347124099731,-0.08271980285644531,-0.796549916267395,2
1771108154352,-0.47023844718933105,0.08669090270996094,-0.10916280746459961,2
1771108154484,-1.05224609375,-0.8055858612060547,-0.053157925605773926,2
1771108154560,1.335713267326355,-0.9298009872436523,1.3399533033370972,2
1771108154669,-1.4910906553268433,-0.5091581344604492,-1.0756268501281738,2
1771108154778,1.1614559888839722,-1.4360027313232422,2.6124191284179688,2
1771108154877,-0.7744623422622681,1.554555892944336,-0.8297969102859497,2
1771108154985,0.9215019345283508,0.48231983184814453,1.1908180713653564,2
1771108155118,1.3411122560501099,0.7116622924804688,0.6114192008972168,2
1771108155195,-0.695944607257843,0.2631206512451172,-1.5921745300292969,2
1771108155302,-0.32075387239456177,-0.5941781997680664,-0.34998059272766113,2
1771108155411,-0.5596853494644165,1.1172676086425781,-1.5547442436218262,2
1771108155512,-0.7915569543838501,-1.5111284255981445,-0.7975060939788818,2
1771108155619,-0.7577998638153076,1.2322568893432617,-0.2218921184539795,2
1771108155728,0.5500327944755554,0.08294963836669922,-0.4945758581161499,2
1771108155836,-0.8380496501922607,-0.008439064025878906,0.14372706413269043,2
1771108155944,1.0393391847610474,-0.23326683044433594,0.2999424934387207,2
1771108156053,-0.4148578643798828,0.18707847595214844,1.4515740871429443,2
1771108156161,0.7762023210525513,0.04090404510498047,2.3761489391326904,2
1771108156269,-0.5125200152397156,0.0640859603881836,0.10340309143066406,2
1771108156371,1.0516765117645264,-0.10451221466064453,0.21649670600891113,2
1771108156489,0.5366616249084473,0.061484336853027344,-0.21742844581604004,2
1771108156587,-0.16081857681274414,-0.1400299072265625,1.5504705905914307,2
1771108156696,-0.3581783175468445,1.351527214050293,-0.7887763977050781,2
1771108156796,-0.6385862827301025,1.2567462921142578,-2.12804913520813,2
1771108156904,0.3224811255931854,-0.08277034759521484,-0.31114912033081055,2
1771108157013,0.17980453372001648,0.6936731338500977,0.2996032238006592,2
1771108157121,0.27012479305267334,0.23400306701660156,-0.13352179527282715,2
1771108157229,-0.8508746027946472,0.8584718704223633,-0.8895013332366943,2
1771108157339,-0.3329147398471832,-0.2657508850097656,0.031066417694091797,2
1771108157447,-0.021191149950027466,0.07663726806640625,-0.27786850929260254,2
1771108157554,0.08021129667758942,0.21807193756103516,0.4148437976837158,2
1771108157655,0.4697433114051819,0.01888751983642578,-0.7270932197570801,2
1771108157763,-0.5314053893089294,0.3130989074707031,-0.19200634956359863,2
1771108157872,0.9541468024253845,-0.00010013580322265625,1.6571300029754639,2
1771108157980,-0.04425656050443649,-0.651850700378418,0.4127328395843506,2
1771108158114,0.8196895718574524,0.19536590576171875,0.3748810291290283,2
1771108158197,0.8052394986152649,0.07057380676269531,0.026040077209472656,2
1771108158306,-0.19697442650794983,0.9109296798706055,0.9391603469848633,2
1771108158414,1.0206363201141357,0.5506000518798828,3.325608730316162,2
1771108158523,0.049825847148895264,0.035246849060058594,1.0881459712982178,2
1771108158631,-0.6782358884811401,-0.47394847869873047,-0.37208986282348633,2
1771108158740,0.4178292751312256,-0.5226840972900391,-1.105867862701416,2
1771108158850,-0.5038681626319885,-0.6248931884765625,1.4321491718292236,2
1771108158956,0.6216223239898682,1.230010986328125,3.1937122344970703,2
1771108159064,1.3865954875946045,-0.02027130126953125,-1.008429765701294,2
1771108159173,-0.2625581622123718,0.08286571502685547,-2.7293295860290527,2
1771108159282,0.4321005344390869,-0.6873636245727539,1.0087664127349854,2
1771108159390,-0.6882026195526123,-0.010582923889160156,0.7604279518127441,2
1771108159491,1.198179006576538,-0.32672786712646484,-0.6040574312210083,2
1771108159599,0.02833673357963562,0.6918039321899414,-1.064241886138916,2
1771108159707,0.5193548202514648,-0.9130449295043945,1.6384899616241455,2
1771108159808,-0.2505418658256531,-0.02422332763671875,-0.28335773944854736,2
1771108159916,-0.2894943058490753,0.46051979064941406,-1.2654750347137451,2
1771108160024,0.1463031768798828,-0.9425601959228516,0.540414571762085,2
1771108160128,1.2589948177337646,0.35800933837890625,0.45331621170043945,2
1771108160225,-0.15281745791435242,0.6251020431518555,0.3477778434753418,2
1771108160334,-0.6986050605773926,0.935185432434082,-1.7173919677734375,2
1771108160442,1.345801830291748,-0.6747016906738281,1.6133537292480469,2
1771108160550,-1.793731451034546,0.3903226852416992,0.54022216796875,2
1771108160660,0.12639997899532318,-0.540186882019043,-1.0373635292053223,2
1771108160767,-0.7185981273651123,0.7898197174072266,-0.2244340181350708,2
1771108160867,-0.04375919699668884,0.25118350982666016,-0.8861970901489258,2
1771108160975,0.5792999267578125,-0.7552785873413086,-0.6974201202392578,2
1771108161077,-0.6879805326461792,-0.21248626708984375,-0.4451737403869629,2
1771108161177,1.1225197315216064,0.9149179458618164,1.2577266693115234,2
1771108161285,0.8220649361610413,-0.2753896713256836,3.104064702987671,2
1771108161385,-0.34822437167167664,1.8247957229614258,-1.9040577411651611,2
1771108161495,1.0625553131103516,0.36506080627441406,-1.6770092248916626,2
1771108161602,-0.36253657937049866,-0.5605983734130859,0.8427152633666992,2
1771108161704,0.17975693941116333,-0.8859443664550781,1.1841013431549072,2
1771108161810,0.2283039093017578,0.9543304443359375,-1.0502359867095947,2
1771108161918,-0.1373997926712036,1.0256061553955078,0.9917597770690918,2
1771108162021,1.0337417125701904,-0.5169601440429688,1.3295586109161377,2
1771108162127,-2.262540102005005,-0.6723794937133789,-0.47808027267456055,2
1771108162241,1.053561806678772,-0.05537891387939453,-0.7914526462554932,2
1771108162358,-1.1025944948196411,0.37404823303222656,-0.6861572265625,2
1771108162452,0.962051510810852,-0.5347490310668945,0.24770498275756836,2
1771108162566,-1.3807950019836426,0.8544740676879883,-0.14784765243530273,2
1771108162670,1.1891018152236938,0.984130859375,-0.22061622142791748,2
1771108162777,-1.1592761278152466,0.10101985931396484,0.04512596130371094,2
1771108162885,0.5544402599334717,-0.5028543472290039,1.596587896347046,2
1771108162986,-1.4758299589157104,1.3014421463012695,-1.7536656856536865,2
1771108163121,-1.1355544328689575,-0.14054012298583984,-1.2653592824935913,2
1771108163203,0.2724103033542633,-1.8785429000854492,-0.8379935026168823,2
1771108163311,0.5962122678756714,0.36328125,-1.3858680725097656,2
1771108163420,-1.2803606986999512,0.964777946472168,1.7973949909210205,2
1771108163530,0.08406318724155426,-1.018758773803711,-0.018828153610229492,2
1771108163636,0.7089239358901978,0.1554126739501953,-0.2180577516555786,2
1771108163756,-0.30798032879829407,0.6369638442993164,0.2636258602142334,2
1771108163853,-0.06242677569389343,-0.0716094970703125,0.30671393871307373,2
1771108163954,-0.260737806558609,-0.6052179336547852,-1.4308995008468628,2
1771108164063,0.5066594481468201,0.0071697235107421875,0.21155333518981934,2
1771108164171,-1.4115428924560547,1.7906208038330078,-2.4321556091308594,2
1771108164279,0.8045728206634521,-0.3699054718017578,0.5594050884246826,2
1771108164388,0.2646774649620056,-1.3262739181518555,1.0073890686035156,2
1771108164501,-0.5350198745727539,-0.4943256378173828,-0.16240906715393066,2
1771108164604,-0.02006167359650135,-0.6498508453369141,-0.8417892456054688,2
1771108164705,0.952316403388977,0.5901994705200195,2.950761079788208,2
1771108164814,-0.38805943727493286,-0.13282108306884766,0.14587104320526123,2
1771108164923,0.4558832049369812,1.0965490341186523,1.3223663568496704,2
1771108165024,0.4151614308357239,-0.5513362884521484,0.8195325136184692,2
1771108165154,-0.12000051140785217,-1.6373133659362793,-0.5632383823394775,2
1771108165239,-0.31691935658454895,0.4850502014160156,2.440147638320923,2
1771108165348,-0.07075802981853485,0.8403596878051758,-0.052886247634887695,2
1771108165456,0.3249395489692688,-0.43057727813720703,1.254927396774292,2
1771108165565,-0.11546961963176727,0.6270532608032227,-1.1950569152832031,2
1771108165673,-0.859440267086029,-0.23333072662353516,-1.2824113368988037,2
1771108165781,-0.5659813284873962,1.536097526550293,-1.6493651866912842,2
1771108165890,0.1223943904042244,-1.2026748657226562,-0.9684386253356934,2
1771108165998,1.1962813138961792,0.17475509643554688,0.8226337432861328,2
1771108166145,-0.0983540266752243,-1.6378483772277832,1.0702024698257446,2
1771108166206,0.0257052481174469,-1.2136878967285156,0.4491056203842163,2
1771108166317,-0.3047357201576233,-2.103109359741211,0.10295987129211426,2
1771108166423,0.7561774849891663,-0.5762720108032227,0.7971696853637695,2
1771108166532,0.40088576078414917,0.1243906021118164,-1.2048728466033936,2
1771108166633,0.1653357446193695,-0.3514413833618164,0.0074841976165771484,2
1771108166741,-0.07334017753601074,-0.6754846572875977,-0.24410080909729004,2
1771108166841,-1.0514791011810303,-0.4994497299194336,-0.9182909727096558,2
1771108166951,-0.06386245787143707,-0.8863620758056641,-0.1998056173324585,2
1771108167058,-0.516628623008728,-0.8933801651000977,-0.49859464168548584,2
1771108167168,0.24880048632621765,-2.4922590255737305,0.6911088228225708,2
1771108167273,-0.6053851842880249,0.20234966278076172,-1.6323171854019165,2
1771108167374,-0.04112786054611206,0.16498184204101562,0.14901340007781982,2
1771108167495,0.20129750669002533,1.3406190872192383,-0.5273000001907349,2
1771108167583,-0.5318442583084106,1.0224609375,0.5721918344497681,2
1771108167691,-0.014542028307914734,1.8072471618652344,-1.7003438472747803,2
1771108167799,-0.5477639436721802,2.2400131225585938,-1.2531708478927612,2
1771108167901,0.8423874378204346,0.0863199234008789,1.0702399015426636,2
1771108168008,-0.4806964099407196,0.7009029388427734,3.1372132301330566,2
1771108168124,-0.5579994916915894,-0.3920249938964844,0.24337244033813477,2
1771108168225,0.0682058334350586,-0.9968547821044922,-0.523114800453186,2
1771108168338,-0.7239421606063843,-1.576690673828125,-0.5980654954910278,2
1771108168442,-0.5275188088417053,-0.2529573440551758,-1.023485541343689,2
1771108168543,0.051510147750377655,0.007989883422851562,-0.45168864727020264,2
1771108168650,-0.018593639135360718,0.4624147415161133,1.4562458992004395,2
1771108168751,-1.8881125450134277,2.068012237548828,-2.749803066253662,2
1771108168859,-0.7965680360794067,1.3168373107910156,-1.6227972507476807,2
1771108168968,0.3227030336856842,-0.8512477874755859,0.9198405742645264,2
1771108169076,0.3760456442832947,0.05025196075439453,0.5893905162811279,2
1771108169188,1.1443202495574951,0.20827770233154297,0.8339688777923584,2
1771108169294,0.816053569316864,-0.2395944595336914,0.9342255592346191,2
1771108169403,-0.5654263496398926,-1.4501361846923828,-0.1423473358154297,2
1771108169511,0.7282524704933167,-0.22532081604003906,0.8506264686584473,2
1771108169610,-0.9371131658554077,1.114069938659668,-1.578613042831421,2
1771108169720,-0.3179394602775574,2.329845428466797,-0.0645911693572998,2
1771108169827,0.9980950355529785,0.37191009521484375,2.0557119846343994,2
1771108169927,0.0030405819416046143,2.9847946166992188,-1.5483043193817139,2
1771108170035,1.540452241897583,0.8761434555053711,0.15395140647888184,2
1771108170138,0.39980757236480713,1.7272891998291016,0.23306632041931152,2
1771108170244,0.035244137048721313,1.5284099578857422,-0.16554546356201172,2
1771108170352,-0.7079036235809326,1.1428260803222656,0.4377119541168213,2
1771108170462,-0.6683178544044495,2.170649528503418,-0.014868974685668945,2
1771108170569,0.6252388954162598,0.36232662200927734,0.18450987339019775,2
1771108170679,-0.34558817744255066,0.6667089462280273,2.195005416870117,2
1771108170786,1.3702671527862549,-0.9236021041870117,0.427490234375,2
1771108170894,0.5916553735733032,2.150393486022949,-0.31297969818115234,2
1771108170995,0.8679031133651733,0.13899517059326172,0.6363587379455566,2
1771108171134,-0.4185835123062134,0.7527551651000977,0.9782363176345825,2
1771108171204,-0.2066349983215332,0.7721881866455078,-0.28676891326904297,2
1771108171312,0.4540495276451111,-0.9002189636230469,1.3610618114471436,2
1771108171419,-0.3231961727142334,1.4338407516479492,-1.8799327611923218,2
1771108171530,0.9968463182449341,0.41636085510253906,-1.5837681293487549,2
1771108171636,-1.2273786067962646,0.49105072021484375,-2.1977274417877197,2
1771108171747,0.5865325927734375,0.7035703659057617,1.321067214012146,2
1771108171854,-1.591640830039978,-0.9579534530639648,-0.34262192249298096,2
1771108171954,-0.1418997049331665,0.1661853790283203,-1.5951077938079834,2
1771108172062,0.1765555888414383,-0.05481243133544922,-0.7767695188522339,2
1771108172171,0.5436797142028809,-0.7159290313720703,0.02886962890625,2
1771108172279,0.9511602520942688,-0.2629728317260742,0.39691174030303955,2
1771108172389,-0.4898006319999695,-1.5299034118652344,0.19683802127838135,2
1771108172499,0.0973619818687439,-1.0658845901489258,1.5114531517028809,2
1771108172606,0.5122235417366028,0.01894664764404297,0.5172251462936401,2
1771108172714,-0.2624087929725647,0.47519397735595703,0.2531867027282715,2
1771108172822,-1.3677254915237427,-0.05398845672607422,-1.8160542249679565,2
1771108172930,-0.04501616954803467,-1.5226926803588867,0.4611818790435791,2
1771108173039,-0.678148627281189,-0.912724494934082,-0.32271623611450195,2
1771108173141,0.8339614868164062,0.2874183654785156,0.5032409429550171,2
1771108173246,-1.137179970741272,-1.4857902526855469,-0.5668267011642456,2
1771108173356,0.7350727915763855,1.3041906356811523,1.474137306213379,2
1771108173463,-0.44856566190719604,1.1670475006103516,-0.3447636365890503,2
1771108173572,0.5259354114532471,-0.7384090423583984,1.5315221548080444,2
1771108173681,-0.6539011001586914,-0.6845808029174805,0.4156390428543091,2
1771108173789,0.6288180351257324,0.8755598068237305,0.1801471710205078,2
1771108173897,-0.9448723196983337,-0.7744731903076172,1.5687345266342163,2
1771108174005,0.961863100528717,-1.0290441513061523,-1.5881303548812866,2
1771108174107,0.64488285779953,-0.2558174133300781,1.4757258892059326,2
1771108174214,-0.09051759541034698,-0.5028142929077148,1.9582433700561523,2
1771108174323,-0.49401137232780457,1.0712385177612305,-0.7627372741699219,2
1771108174431,0.36863571405410767,-0.19336986541748047,-0.1717979907989502,2
1771108174544,0.3785955607891083,0.6465826034545898,-0.1692584753036499,2
1771108174647,-0.4540453553199768,-1.0276222229003906,0.8801928758621216,2
1771108174748,-0.38952815532684326,0.6051425933837891,-1.153544545173645,2
1771108174851,-0.0379660502076149,-0.23518085479736328,1.79437255859375,2
1771108174957,0.9542214870452881,0.012967109680175781,1.2473877668380737,2
1771108175065,0.09141169488430023,1.0109148025512695,0.8970026969909668,2
1771108175174,-0.5917121171951294,1.6685285568237305,1.6065928936004639,2
1771108175284,-0.7923678159713745,2.681330680847168,0.6275471448898315,2
1771108175390,1.4901115894317627,-0.8442964553833008,1.802670955657959,2
1771108175503,0.29298505187034607,-1.3977642059326172,-0.5024536848068237,2
1771108175607,-0.16677336394786835,-2.094787120819092,0.2735922336578369,2
1771108175718,-1.1998991966247559,-0.1722087860107422,-0.7818810939788818,2
1771108175824,-1.1026322841644287,2.0341358184814453,0.4550873041152954,2
1771108175933,-0.44301438331604004,2.756197929382324,-2.4581873416900635,2
1771108176042,-0.5736221671104431,-0.7703943252563477,-1.9699690341949463,2
1771108176149,-0.3307310938835144,-3.034076690673828,-1.0097180604934692,2
1771108176258,-1.1323442459106445,-1.1426124572753906,-1.8239423036575317,2
1771108176366,-0.2777853012084961,-0.3160104751586914,0.5275903940200806,2
1771108176519,-0.8765432238578796,1.0753154754638672,-1.2785290479660034,2
1771108176583,-1.1786103248596191,1.1787910461425781,-0.5236769914627075,2
1771108176694,0.733640730381012,0.053882598876953125,-0.09363555908203125,2
1771108176800,0.17955711483955383,-1.3389873504638672,1.626831293106079,2
1771108176909,0.5470058917999268,-0.36840343475341797,-1.1084685325622559,2
1771108177017,-0.7302212715148926,-0.7375164031982422,-1.0625207424163818,2
1771108177120,0.020833030343055725,-0.25016212463378906,0.11093473434448242,2
1771108177225,-0.10973843932151794,0.7030229568481445,-0.7819898128509521,2
1771108177334,-0.039032310247421265,-0.4230928421020508,0.6165441274642944,2
1771108177435,-0.13813531398773193,-0.37569618225097656,0.23621022701263428,2
1771108177543,-0.381232351064682,-0.5159053802490234,-0.6677956581115723,2
1771108177643,-1.713259220123291,0.850947380065918,-1.3453326225280762,2
1771108177751,-0.4402017593383789,0.11011981964111328,0.10351204872131348,2
1771108177859,-0.10572090744972229,-0.5705194473266602,1.7146611213684082,2
1771108177968,-0.13069824874401093,-1.3742103576660156,0.8397332429885864,2
1771108178091,0.057723987847566605,-0.42482757568359375,0.2269587516784668,2
1771108178186,1.0641802549362183,-0.3934144973754883,0.3729010820388794,2
1771108178293,0.22753003239631653,0.4705781936645508,-0.601933479309082,2
1771108178402,-0.017123334109783173,-1.1611595153808594,1.7468781471252441,2
1771108178511,0.8273552060127258,-0.8630905151367188,0.030192255973815918,2
1771108178619,0.14950166642665863,0.29117298126220703,0.596636176109314,2
1771108178720,-0.6453548073768616,0.5711126327514648,-0.7133123278617859,2
1771108178827,0.44439324736595154,0.34302520751953125,-0.6975036859512329,2
1771108178936,-0.7094614505767822,0.27368831634521484,0.647057056427002,2
1771108179044,0.9370570182800293,0.7861814498901367,1.147892951965332,2
1771108179152,0.1775536835193634,0.2993812561035156,2.2377004623413086,2
1771108179261,-0.01744695007801056,-0.5732078552246094,1.6909146308898926,2
1771108179361,-0.024495929479599,1.560774803161621,-1.753968358039856,2
1771108179472,-1.0079883337020874,-0.2807331085205078,-1.0993924140930176,2
1771108179580,-0.025674954056739807,0.6490583419799805,-0.6087380647659302,2
1771108179688,0.5158365964889526,0.4535236358642578,1.125445008277893,2
1771108179795,0.551456093788147,1.2479734420776367,0.44225263595581055,2
1771108179903,0.5856145024299622,-0.008402824401855469,0.8590242862701416,2
1771108180012,0.44762712717056274,-0.6393594741821289,-0.10909414291381836,2
1771108180115,0.730627179145813,0.9074993133544922,0.02904367446899414,2
1771108180220,-0.7059937715530396,-0.7763996124267578,-0.3839540481567383,2
1771108180329,-0.4472302198410034,1.053842544555664,-0.9181697368621826,2
1771108180437,0.007320515811443329,1.6573495864868164,-1.7146875858306885,2
1771108180546,0.07329392433166504,0.2282257080078125,-0.0708775520324707,2
1771108180654,0.10210536420345306,-0.2031383514404297,0.7923293113708496,2
1771108180763,-0.4916920065879822,0.8550357818603516,-0.595731258392334,2
1771108180872,-0.33589786291122437,-0.3573789596557617,-0.2695448398590088,2
1771108180979,-0.5795577764511108,0.702122688293457,-0.7264516353607178,2
1771108181100,-1.2405518293380737,1.1481046676635742,-2.459268808364868,2
1771108181188,0.23865483701229095,0.6431188583374023,2.322962760925293,2
1771108181296,-0.24439071118831635,0.1682720184326172,0.45798957347869873,2
1771108181405,0.6457765698432922,-0.4937887191772461,-0.0118485689163208,2
1771108181519,0.7873697280883789,0.40291595458984375,-0.7382076382637024,2
1771108181613,0.15751409530639648,-0.10988712310791016,1.310198187828064,2
1771108181721,-0.7817941904067993,-0.035813331604003906,-0.1825554370880127,2
1771108181831,0.11499578505754471,1.2889890670776367,-0.4047114849090576,2
1771108181938,0.5598611235618591,-0.6512317657470703,2.089987277984619,2
1771108182047,0.006687484681606293,0.5779209136962891,-0.6140466928482056,2
1771108182177,-0.12295509874820709,0.10927772521972656,-0.14805901050567627,2
1771108182265,-0.5031275749206543,-0.15671062469482422,-0.3591214418411255,2
1771108182372,0.7173855304718018,-0.7760171890258789,0.794269323348999,2
1771108182509,0.6099318861961365,0.40792369842529297,0.08692622184753418,2
1771108182589,-0.9142227172851562,0.9793796539306641,-1.0892469882965088,2
1771108182699,-0.4120071828365326,-0.6062955856323242,1.4461983442306519,2
1771108182798,-0.17041945457458496,0.6599712371826172,-0.34831202030181885,2
1771108182906,0.25097280740737915,-0.7792806625366211,0.19207847118377686,2
1771108183014,-0.3691118359565735,-0.0830526351928711,-0.05505526065826416,2
1771108183126,0.7676690816879272,-0.8035211563110352,0.9038072824478149,2
1771108183232,-0.05132792890071869,-0.7444324493408203,-0.095725417137146,2
1771108183340,-0.014529898762702942,-0.671147346496582,-1.9655121564865112,2
1771108183448,-0.06097469478845596,0.3586540222167969,-2.8863525390625,2
1771108183552,-0.014196813106536865,-1.7487640380859375,1.1872174739837646,2
1771108183657,0.2769888639450073,-0.16267967224121094,-1.2226568460464478,2
1771108183768,-0.13390594720840454,0.3980531692504883,0.497633695602417,2
1771108183874,0.21691805124282837,-0.42369651794433594,0.5349973440170288,2
1771108183984,0.09710465371608734,0.3675079345703125,1.2742611169815063,2
1771108184120,0.5918148756027222,-0.40444183349609375,0.319317102432251,2
1771108184199,0.5096234679222107,-0.45149993896484375,-0.43081891536712646,2
1771108184301,-0.29142820835113525,-0.553741455078125,-0.8220533132553101,2
1771108184408,-1.0759016275405884,-0.13921260833740234,-1.2876967191696167,2
1771108184519,0.03677650913596153,0.6522798538208008,0.2662709951400757,2
1771108184624,-0.034369781613349915,0.8086004257202148,0.132135272026062,2
1771108184725,-0.3323971629142761,-0.971959114074707,-2.0380139350891113,2
1771108184834,-0.2131718397140503,0.5190505981445312,-1.0681040287017822,2
1771108184942,-0.6634327173233032,0.9098901748657227,-0.539913535118103,2
1771108185053,0.010155856609344482,0.8626976013183594,-0.5829137563705444,2
1771108185158,-1.677978754043579,0.8693790435791016,-1.5149070024490356,2
1771108185267,0.47694528102874756,-0.15191078186035156,-0.6811978816986084,2
1771108185368,0.21107667684555054,1.0754032135009766,0.04184067249298096,2
1771108185476,-0.7608450651168823,-0.16179466247558594,-1.3548362255096436,2
1771108185576,0.2500147521495819,0.47205066680908203,-1.3450987339019775,2
1771108185684,0.88649982213974,-1.2121505737304688,0.9509224891662598,2
1771108185793,-0.5770372748374939,0.29512596130371094,-0.6133185625076294,2
1771108185901,0.7637606263160706,0.7477903366088867,-0.4279942512512207,2
1771108186010,-0.3990791440010071,-0.12943077087402344,0.7844874858856201,2
1771108186134,0.627467155456543,0.9984188079833984,1.375637173652649,2
1771108186236,-0.7711425423622131,1.0047693252563477,-0.8265514373779297,2
1771108186343,-0.028221989050507545,-0.4983053207397461,-1.2269964218139648,2
1771108186453,-0.18580849468708038,-0.6955051422119141,-0.5540353059768677,2
1771108186560,-0.00570833683013916,0.2574653625488281,-0.2730449438095093,2
1771108186668,-1.4557546377182007,0.1527242660522461,-1.6667488813400269,2
1771108186780,1.2373223304748535,0.051910400390625,-0.3757880926132202,2
1771108186886,-0.8069663047790527,-0.5529651641845703,0.09291934967041016,2
1771108186993,1.0416202545166016,0.8369073867797852,-0.29292821884155273,2
1771108187114,-0.8210813999176025,-0.26751232147216797,0.20634758472442627,2
1771108187211,-0.10460096597671509,1.4294843673706055,-0.8490005135536194,2
1771108187319,-0.8939717411994934,0.2451467514038086,0.14321279525756836,2
1771108187428,-0.0012119710445404053,0.5092477798461914,1.0168190002441406,2
1771108187527,1.0555427074432373,1.0134401321411133,-0.7891279458999634,2
1771108187636,-0.8966922760009766,0.184967041015625,-1.0282500982284546,2
1771108187744,1.0697420835494995,0.740290641784668,0.5611050128936768,2
1771108187853,-1.0421162843704224,0.32979774475097656,-0.0003618001937866211,2
1771108187961,-0.5666701793670654,-1.1274518966674805,-0.8155701160430908,2
1771108188100,1.0852042436599731,-1.3941431045532227,0.7762036323547363,2
1771108188178,0.7323378324508667,-0.5279092788696289,0.012955069541931152,2
1771108188287,0.6368529796600342,-1.61279296875,-0.43166792392730713,2
1771108188397,0.3192645311355591,-1.2503204345703125,0.524333119392395,2
1771108188521,-0.44936874508857727,-0.6879358291625977,0.2665153741836548,2
1771108188613,-0.5952654480934143,1.002450942993164,-1.2001965045928955,2
1771108188724,-0.08685848116874695,1.3061752319335938,-2.505032777786255,2
1771108188829,0.35438305139541626,-1.1527929306030273,1.6849405765533447,2
1771108188929,0.18285802006721497,0.6824684143066406,-0.8311433792114258,2
1771108189037,1.103513240814209,0.18088245391845703,-0.26859354972839355,2
1771108189145,-0.8602875471115112,0.4996337890625,-0.25835537910461426,2
1771108189255,1.0374451875686646,-1.311650276184082,0.37512969970703125,2
1771108189362,-0.49528470635414124,-1.3707866668701172,0.38819026947021484,2
1771108189471,0.547957181930542,-0.4744386672973633,-0.14527583122253418,2
1771108189580,0.6857577562332153,0.4439105987548828,0.384523868560791,2
1771108189688,0.45780181884765625,-0.8929405212402344,-1.2902679443359375,2
1771108189788,-0.19162313640117645,-0.6335897445678711,-0.0328984260559082,2
1771108189896,-0.43960797786712646,-1.2720251083374023,0.5763870477676392,2
1771108190004,0.487928181886673,-0.8977632522583008,-0.7139338254928589,2
1771108190117,-0.3366270959377289,1.2510013580322266,-2.352379322052002,2
1771108190222,0.483636736869812,0.27036476135253906,-0.5427546501159668,2
1771108190330,-0.7244919538497925,-0.5823554992675781,0.3816789388656616,2
1771108190438,1.1443407535552979,1.0001764297485352,-0.3303871154785156,2
1771108190547,-1.4453349113464355,0.8273000717163086,-1.1312922239303589,2
1771108190657,0.24063652753829956,-0.3346824645996094,-0.436747670173645,2
1771108190763,-1.4051549434661865,-0.14196109771728516,0.4588437080383301,2
1771108190864,0.4239031672477722,0.029085159301757812,1.8197588920593262,2
1771108190972,-0.39979299902915955,0.865107536315918,-0.29516470432281494,2
1771108191101,-0.8894535303115845,0.38185596466064453,0.06877851486206055,2
1771108191181,1.5736348628997803,-0.566864013671875,2.062978506088257,2
1771108191291,-0.2817845642566681,0.7725372314453125,0.25838613510131836,2
1771108191397,0.8480380177497864,0.18939685821533203,0.05898404121398926,2
1771108191525,0.3640289008617401,-0.3069038391113281,-0.7100446224212646,2
1771108191605,0.6898518204689026,0.5834274291992188,-1.4831528663635254,2
1771108191714,-0.6459574699401855,-0.7213916778564453,1.2485103607177734,2
1771108191815,0.4331737160682678,-0.02368640899658203,-1.1105326414108276,2
1771108191923,1.3485455513000488,2.496981620788574,0.34964561462402344,2
1771108192032,0.16498155891895294,0.3671121597290039,-0.3437464237213135,2
1771108192145,0.04777992516756058,0.4907064437866211,-1.58931565284729,2
1771108192248,0.17327100038528442,0.5532693862915039,1.5037846565246582,2
1771108192358,-0.03116108477115631,-1.2019033432006836,-0.9067236185073853,2
1771108192465,-0.11868984997272491,0.9334888458251953,-0.42432403564453125,2
1771108192574,-0.1726818084716797,-0.13214492797851562,-1.7296361923217773,2
1771108192682,-0.08716408163309097,-0.7766666412353516,-1.6717056035995483,2
1771108192791,-0.9226551055908203,-0.04256916046142578,0.4049344062805176,2
1771108192900,0.423429012298584,-0.07964038848876953,0.5224108695983887,2
1771108193007,0.35422149300575256,1.3383665084838867,-1.5340627431869507,2
1771108193126,-0.11313221603631973,1.2504692077636719,0.2128763198852539,2
1771108193232,0.4289652705192566,-1.7180166244506836,1.5780572891235352,2
1771108193342,-0.3452075719833374,-1.1799774169921875,-0.6323692798614502,2
1771108193449,-0.47574788331985474,0.4141569137573242,-0.22934961318969727,2
1771108193560,1.3917535543441772,0.16498756408691406,0.4322333335876465,2
1771108193666,0.03783579170703888,0.9181728363037109,1.385150671005249,2
1771108193774,-0.6532902121543884,-0.4833097457885742,-2.6711599826812744,2
1771108193883,-0.8539865016937256,0.6967840194702148,-2.477585554122925,2
1771108193991,1.6443533897399902,-0.10466766357421875,0.9186389446258545,2
1771108194111,-0.22314894199371338,1.094395637512207,-0.45607924461364746,2
1771108194216,0.522203266620636,0.7450065612792969,1.6263320446014404,2
1771108194316,1.0301260948181152,0.04475116729736328,1.5472602844238281,2
1771108194425,0.10431504249572754,0.7144794464111328,-1.1860451698303223,2
1771108194548,0.7495931386947632,-0.10660648345947266,0.0021505355834960938,2
1771108194643,-0.7350165843963623,-0.6794729232788086,-2.2183988094329834,2
1771108194750,0.8719460964202881,-0.32608699798583984,-0.06862759590148926,2
1771108194859,-0.387072890996933,0.2828340530395508,-0.08126068115234375,2
1771108194967,-0.27665024995803833,0.6618204116821289,0.2926783561706543,2
1771108195077,-0.1151403933763504,-0.2280445098876953,0.16775870323181152,2
1771108195176,0.33133944869041443,0.2643423080444336,-0.25659775733947754,2
1771108195284,-1.8011256456375122,0.24062252044677734,0.05068683624267578,2
1771108195392,1.5479445457458496,-1.7813901901245117,2.1511342525482178,2
1771108195493,0.7916862964630127,2.166271209716797,-1.0267168283462524,2
1771108195601,1.5821119546890259,-1.2547082901000977,1.7851898670196533,2
1771108195709,-0.14556485414505005,0.19481563568115234,0.6704130172729492,2
1771108195810,-0.1961050033569336,0.5941410064697266,-0.6184093952178955,2
1771108195918,-0.08208361268043518,-1.468696117401123,0.9373781681060791,2
1771108196027,-0.08881506323814392,-0.6454343795776367,-1.1923210620880127,2
1771108196137,-0.2981107831001282,-1.3189096450805664,0.3379487991333008,2
1771108196244,-0.3542197048664093,-1.1293573379516602,-0.6170368194580078,2
1771108196344,-0.61562180519104,-0.028507232666015625,-0.8655195236206055,2
1771108196452,-0.7522829174995422,-0.3538818359375,-1.1741281747817993,2
1771108196561,0.05167287588119507,0.363128662109375,-1.290663719177246,2
1771108196669,-0.35327959060668945,-0.15633010864257812,-1.356494426727295,2
1771108196778,0.3947315216064453,-0.2955636978149414,-0.15923309326171875,2
1771108196885,-0.2286016345024109,0.3761262893676758,0.03963184356689453,2
1771108196985,-1.1662343740463257,-0.8726663589477539,-0.41155028343200684,2
1771108197100,-0.04232409596443176,1.0239734649658203,-0.705838680267334,2
1771108197202,-0.526608407497406,0.6513795852661133,0.7263479232788086,2
1771108197311,0.009221404790878296,-0.7338075637817383,-0.5005764961242676,2
1771108197420,-0.473172128200531,-0.5264711380004883,-0.5958902835845947,2
1771108197549,0.11089634895324707,0.41851806640625,-0.8595943450927734,2
1771108197630,-0.6342120170593262,-0.9836206436157227,0.8987135887145996,2
1771108197736,-0.2164250612258911,-0.5696401596069336,0.6604359149932861,2
1771108197837,-1.1871258020401,1.2376842498779297,-1.0472257137298584,2
1771108197946,-1.1897709369659424,0.5602684020996094,0.14386510848999023,2
1771108198054,0.15024542808532715,-0.14808082580566406,0.029842376708984375,2
1771108198179,0.3946235775947571,0.014621734619140625,0.5714695453643799,2
1771108198271,0.46922874450683594,-0.2212076187133789,0.9850337505340576,2
1771108198379,-1.0361533164978027,0.5734195709228516,-0.2174968719482422,2
1771108198488,-0.1988767683506012,0.3863248825073242,-0.20172452926635742,2
1771108198596,-0.28229910135269165,-0.9883565902709961,0.4508838653564453,2
1771108198704,-0.12318453192710876,-0.6658411026000977,0.9212894439697266,2
1771108198814,-0.11481963098049164,0.7898683547973633,-2.1423139572143555,2
1771108198921,-0.08976896852254868,0.6728191375732422,0.5028376579284668,2
1771108199029,0.6256444454193115,-0.39335060119628906,0.9654879570007324,2
1771108199140,0.6772715449333191,0.06410408020019531,1.7133092880249023,2
1771108199247,0.0673302412033081,-0.9338188171386719,1.0151078701019287,2
1771108199355,0.019698426127433777,-0.561182975769043,1.1180226802825928,2
1771108199463,-0.38770848512649536,1.8007278442382812,-0.0003879070281982422,2
1771108199571,-0.6066005229949951,1.0938491821289062,-0.12990689277648926,2
1771108199672,0.1952514946460724,-0.7478437423706055,1.5760869979858398,2
1771108199780,-0.269015908241272,-0.3192882537841797,-0.16451168060302734,2
1771108199889,0.5207490921020508,-0.25330066680908203,0.23541641235351562,2
1771108199989,0.49442264437675476,0.49959659576416016,-0.41634130477905273,2
1771108200106,-0.6003575325012207,-0.12500572204589844,-0.01716470718383789,2
1771108200213,-0.7203657627105713,-0.6717662811279297,-0.07850170135498047,2
1771108200322,-0.33516016602516174,0.7086553573608398,-0.2225325107574463,2
1771108200431,1.6688730716705322,1.4009227752685547,0.43934106826782227,2
1771108200558,-1.125711441040039,1.7486038208007812,-1.1029398441314697,2
1771108200649,0.7554893493652344,-0.14232730865478516,0.8161954879760742,2
1771108200747,1.2116730213165283,1.251795768737793,-1.0682554244995117,2
1771108200857,-0.46189531683921814,1.1434221267700195,1.0978312492370605,2
1771108200964,1.9627034664154053,-0.30795860290527344,0.7660598754882812,2
1771108201102,1.6110637187957764,0.39557743072509766,0.10377168655395508,2
1771108201181,-0.8089931011199951,1.2930622100830078,-0.36386632919311523,2
1771108201290,0.9029733538627625,-0.36704540252685547,0.47159385681152344,2
1771108201400,-0.15732762217521667,-0.46428871154785156,-0.34464550018310547,2
1771108201500,0.1929091513156891,-0.41661834716796875,-0.9899907112121582,2
1771108201607,-0.15351277589797974,0.6224985122680664,-0.30747318267822266,2
1771108201707,0.45683056116104126,0.059589385986328125,0.6152963638305664,2
1771108201817,0.29236671328544617,0.9064416885375977,0.28460073471069336,2
1771108201923,-0.5993860363960266,-0.24219894409179688,0.028971195220947266,2
1771108202032,0.35151976346969604,-0.5008840560913086,0.10727882385253906,2
1771108202135,0.38462987542152405,0.22360801696777344,-0.16947507858276367,2
1771108202240,-0.33164098858833313,0.0026483535766601562,0.694890022277832,2
1771108202350,-0.09645664691925049,0.44574642181396484,-0.519566535949707,2
1771108202457,0.6237804293632507,0.5700836181640625,0.3696858882904053,2
1771108202571,0.2820432186126709,-0.16409778594970703,-0.33513545989990234,2
1771108202674,-0.17907258868217468,0.240386962890625,-1.390289545059204,2
1771108202783,-0.7343212962150574,0.7353706359863281,-0.875584602355957,2
1771108202883,0.019227206707000732,-0.8790254592895508,0.27707910537719727,2
1771108202991,0.03705623745918274,0.5526962280273438,-1.239384412765503,2
1771108203111,0.362929105758667,0.8321819305419922,-0.3118324279785156,2
1771108203209,-0.7926994562149048,0.3382139205932617,-1.8165745735168457,2
1771108203308,0.6815244555473328,0.0258026123046875,0.7476298809051514,2
1771108203416,0.06772971153259277,-0.14077091217041016,-0.7775700092315674,2
1771108203526,-0.04488810896873474,0.5295963287353516,-0.21085858345031738,2
1771108203633,-0.41286465525627136,-0.5653915405273438,0.37563467025756836,2
1771108203742,-1.242908239364624,0.5756263732910156,-0.7117424011230469,2
1771108203850,0.8950470089912415,-0.4635181427001953,0.6518621444702148,2
1771108203958,0.0289728045463562,0.6707448959350586,-0.09372806549072266,2
1771108204091,0.09296983480453491,0.6097373962402344,0.21419954299926758,2
1771108204175,-0.13082411885261536,0.823491096496582,-0.8662633895874023,2
1771108204285,-0.3577256202697754,0.5280008316040039,-0.030991554260253906,2
1771108204392,0.4847538471221924,0.14867115020751953,1.0572865009307861,2
1771108204502,0.2583684027194977,-0.47789669036865234,0.20697569847106934,2
1771108204610,-0.3959469199180603,0.40439605712890625,0.13739228248596191,2
1771108204719,0.07628394663333893,-0.49227142333984375,0.4234757423400879,2
1771108204818,-0.03269517421722412,0.06432342529296875,-0.13777899742126465,2
1771108204926,0.16775014996528625,0.24505043029785156,-0.6195480823516846,2
1771108205035,0.2339758276939392,0.5662450790405273,-0.5764074325561523,2
1771108205142,-0.42700469493865967,0.7542591094970703,-1.1891405582427979,2
1771108205243,-0.41847002506256104,-1.150080680847168,1.0013701915740967,2
1771108205352,-0.24976274371147156,0.2653989791870117,0.4312150478363037,2
1771108205452,-0.16910675168037415,1.0865459442138672,-0.7410421371459961,2
1771108205586,0.2231614887714386,1.3837757110595703,-0.5751750469207764,2
1771108205669,0.4293682873249054,-0.55078125,0.5728058815002441,2
1771108205777,0.00885707139968872,0.6588382720947266,-0.42608022689819336,2
1771108205885,0.7965502738952637,0.26985645294189453,-0.29050374031066895,2
1771108205993,-0.08419468998908997,0.11135673522949219,-1.0460963249206543,2
1771108206120,0.07215484976768494,0.779597282409668,-0.33208656311035156,2
1771108206210,-0.414361834526062,-0.2613868713378906,-0.7692816257476807,2
1771108206311,0.36629560589790344,0.23849201202392578,0.12967133522033691,2
1771108206420,0.343355268239975,0.0526123046875,0.616706371307373,2
1771108206527,0.2791762053966522,-0.13623332977294922,1.0925533771514893,2
1771108206638,0.3308398425579071,-0.15140056610107422,1.689704179763794,2
1771108206744,0.4054966866970062,-0.712397575378418,0.9229955673217773,2
1771108206852,0.34360837936401367,-0.4225149154663086,1.5089025497436523,2
1771108206953,0.6470053195953369,-0.10320663452148438,1.9078006744384766,2
1771108207063,0.1281333565711975,-0.3305244445800781,1.8727545738220215,2
1771108207170,0.24863988161087036,-0.26928138732910156,1.4464893341064453,2
1771108207279,-0.023457467555999756,0.48177051544189453,1.0918831825256348,2
1771108207386,0.2049959897994995,0.5192461013793945,0.20585203170776367,2
1771108207487,0.13471639156341553,0.34569740295410156,-0.09348630905151367,2
1771108207588,0.026711463928222656,0.19345951080322266,-0.9551172256469727,2
1771108207695,-0.20558932423591614,0.44830322265625,-0.7257857322692871,2
1771108207796,-0.1504496932029724,0.24651241302490234,-0.015227317810058594,2
1771108207904,-0.2755289673805237,0.41458702087402344,0.12629318237304688,2
1771108208012,-0.3387720584869385,0.31238460540771484,-0.4977860450744629,2
1771108208121,0.0614607036113739,0.4264812469482422,-0.33028364181518555,2
1771108208229,-0.07219451665878296,0.4196891784667969,-0.9581089019775391,2
1771108208337,-0.5080163478851318,0.3569202423095703,-0.6042771339416504,2
1771108208438,-0.12550945580005646,0.44952869415283203,-0.3221001625061035,2
1771108208546,-0.23237009346485138,0.4597902297973633,-0.854447603225708,2
1771108208655,-0.09082475304603577,0.44040775299072266,-0.8068466186523438,2
1771108208756,0.08049765229225159,0.07839202880859375,-0.09780168533325195,2
1771108208864,0.2626537084579468,0.34883785247802734,-0.5078549385070801,2
1771108208971,0.39692777395248413,0.2717304229736328,-0.07085371017456055,2
1771108209072,-0.504845380783081,0.14218521118164062,-0.0791780948638916,2
1771108209180,0.6558933258056641,-0.06564903259277344,0.1742086410522461,2
1771108209288,-0.354009211063385,0.16600799560546875,-0.16470646858215332,2
1771108209389,0.7988938093185425,0.05508613586425781,0.36663818359375,2
1771108209498,-0.06697574257850647,-0.053055763244628906,0.1836256980895996,2
1771108209606,-0.0369817316532135,-0.1251392364501953,0.632411003112793,2
1771108209714,-0.27595949172973633,0.127685546875,0.0280148983001709,2
1771108209822,-0.056162029504776,0.5527114868164062,-0.8585300445556641,2
1771108209931,-0.1751478910446167,0.32940006256103516,-0.7372856140136719,2
1771108210031,0.3342795670032501,0.14130878448486328,-0.66121506690979,2
1771108210139,0.26697829365730286,0.10628032684326172,-0.6247074604034424,2
1771108210242,-0.10401955246925354,0.25103187561035156,-0.3653240203857422,2
1771108210347,0.04227833449840546,0.2241649627685547,-0.3733534812927246,2
1771108210448,-0.28219085931777954,0.04696941375732422,-0.3924062252044678,2
1771108210557,0.573701024055481,0.08674430847167969,-0.12235283851623535,2
1771108210665,0.32398462295532227,0.17237281799316406,-0.4637019634246826,2
1771108210774,-0.34254735708236694,0.1530294418334961,-0.5793576240539551,2
1771108210883,0.6162722110748291,0.03778553009033203,-0.4434082508087158,2
1771108210990,-0.7103596925735474,0.07163429260253906,-0.6329821348190308,2
1771108211098,0.5726644396781921,0.011418342590332031,0.02900552749633789,2
1771108211207,0.42907270789146423,0.008716583251953125,-0.24903512001037598,2
1771108211315,0.12909749150276184,0.11878490447998047,-0.10150814056396484,2
1771108211426,0.6656176447868347,0.00012493133544921875,-0.17012953758239746,2
1771108211532,0.4187416434288025,-0.01693248748779297,0.008120298385620117,2
1771108211641,-0.20259346067905426,0.23020648956298828,-0.5840203762054443,2
1771108211742,0.2226429283618927,0.043686866760253906,-0.19074320793151855,2
1771108211849,0.46596914529800415,-0.11416339874267578,0.04038715362548828,2
1771108211957,0.410701721906662,0.1171407699584961,-0.015315055847167969,2
1771108212065,-0.3636867105960846,0.018555641174316406,-0.68575119972229,2
1771108212166,0.27218127250671387,-0.007039070129394531,-0.07285404205322266,2
1771108212276,0.3468012809753418,0.12647438049316406,-0.02449345588684082,2
1771108212382,0.3508194088935852,-0.0113677978515625,0.04558968544006348,2
1771108212491,0.48359987139701843,0.12125778198242188,0.028640270233154297,2
1771108212612,0.46325719356536865,0.026586532592773438,0.10883760452270508,2
1771108212700,-0.003541231155395508,0.04786205291748047,-0.4298892021179199,2
1771108212810,0.36284029483795166,0.07504844665527344,-0.0728449821472168,2
1771108212916,0.567051112651825,0.24174118041992188,-0.04944753646850586,2
1771108213024,0.27735674381256104,0.2256021499633789,0.18955206871032715,2
1771108213124,-0.13270212709903717,0.2536439895629883,0.04604220390319824,2
1771108213228,0.4503575563430786,0.4003410339355469,-0.4088503122329712,2
1771108213334,-0.2697069048881531,0.15613079071044922,-1.2538199424743652,2
1771108213433,-0.19482102990150452,0.036627769470214844,-0.8469192981719971,2
1771108213535,-0.2737365663051605,0.051116943359375,-0.6723089218139648,2
1771108213647,-0.24018585681915283,0.08732318878173828,-0.43862485885620117,2
1771108213750,0.18513095378875732,0.2583580017089844,-0.4199693500995636,2
1771108213859,-0.055173665285110474,-0.21768856048583984,-0.6117363572120667,2
1771108213959,-0.0695069432258606,0.035564422607421875,-0.8453011512756348,2
1771108214067,-0.032509565353393555,0.5291013717651367,0.0799219012260437,2
1771108214176,-0.004100382328033447,0.300079345703125,-0.5636557340621948,2
1771108214284,0.09708985686302185,0.9593343734741211,0.7033680081367493,2
1771108214395,0.22409072518348694,-0.4640941619873047,-0.22794541716575623,2
1771108214501,-0.19207969307899475,-0.13085556030273438,-0.029065489768981934,2
1771108214611,0.03336614370346069,0.8063192367553711,-0.6959486603736877,2
1771108214711,0.03524196147918701,0.9152793884277344,0.5144097805023193,2
1771108214818,0.07402035593986511,0.7000741958618164,0.7427049279212952,2
1771108214927,-0.12293606996536255,-0.06474590301513672,-0.22624483704566956,2
1771108215034,-0.20381686091423035,-0.5916805267333984,0.5924971699714661,2
1771108215148,-0.29519060254096985,-0.15162944793701172,0.22758829593658447,2
1771108215252,0.4379359185695648,0.52557373046875,-0.9191030859947205,2
1771108215352,0.0307864248752594,0.9020586013793945,-0.5403916835784912,2
1771108215460,0.2196212112903595,0.48986339569091797,0.1758173704147339,2
1771108215568,0.02673277258872986,-0.10991954803466797,1.2177232503890991,2
1771108215677,0.4906311631202698,0.3432474136352539,-0.9032588005065918,2
1771108215785,-0.2174706757068634,0.3192167282104492,-1.760326623916626,2
1771108215894,-0.2977323532104492,-0.29546451568603516,0.6658384799957275,2
1771108216002,-0.18114139139652252,0.1582498550415039,-0.5530067682266235,2
1771108216133,0.03974881023168564,0.016950607299804688,0.16447114944458008,2
1771108216211,0.18977613747119904,-0.22515487670898438,0.9425327777862549,2
1771108216319,0.4016963243484497,-0.6330862045288086,0.03723973035812378,2
1771108216428,0.15836112201213837,-0.2417745590209961,-0.040006935596466064,2
1771108216528,-0.342467725276947,0.701115608215332,-1.284096598625183,2
1771108216629,-0.009239152073860168,-1.279709815979004,0.0906379222869873,2
1771108216736,0.4552679657936096,-0.8708639144897461,0.043152689933776855,2
1771108216837,-0.16652023792266846,-0.5973720550537109,-1.341529130935669,2
1771108216946,0.534907341003418,1.1402997970581055,1.2789256572723389,2
1771108217054,0.48982369899749756,-0.2118988037109375,-0.8046252131462097,2
1771108217155,-1.3571367263793945,1.9451627731323242,-4.225710868835449,2
1771108217261,0.1255495250225067,-0.5399303436279297,0.1387547254562378,2
1771108217362,-0.28161048889160156,1.3555622100830078,0.3023386001586914,2
1771108217470,0.5597600936889648,-0.21653079986572266,-0.8690509796142578,2
1771108217571,-0.354381263256073,0.5615415573120117,0.006341397762298584,2
1771108217680,0.1704963892698288,1.2333793640136719,0.9865081310272217,2
1771108217788,0.24114347994327545,-1.7019710540771484,0.14469200372695923,2
1771108217889,-0.7462824583053589,0.01337432861328125,0.6533510088920593,2
1771108217995,0.5214794874191284,0.3696174621582031,0.18691158294677734,2
1771108218113,0.07197007536888123,0.5969877243041992,-0.6747245788574219,2
1771108218212,0.7031112909317017,0.06866264343261719,0.007450461387634277,2
1771108218314,-0.3192473351955414,0.1694793701171875,0.4906787872314453,2
1771108218421,-0.3988668918609619,1.2028589248657227,-1.3562464714050293,2
1771108218531,0.34708449244499207,-0.2740755081176758,-2.731125831604004,2
1771108218639,0.07277312874794006,1.0878620147705078,-0.356360524892807,2
1771108218747,-0.5028765201568604,-0.9904794692993164,0.16612255573272705,2
1771108218847,-0.2785836160182953,1.0991039276123047,-1.9971787929534912,2
1771108218955,0.5983844995498657,-0.7807064056396484,0.2712729573249817,2
1771108219064,0.39674699306488037,0.6535940170288086,0.08484023809432983,2
1771108219172,-0.8199044466018677,-0.06270980834960938,-1.4706835746765137,2
1771108219280,0.19409368932247162,-1.0383930206298828,2.064479112625122,2
1771108219389,-0.1763385832309723,-0.5403385162353516,1.747395396232605,2
1771108219499,-1.0588551759719849,2.673466682434082,-0.5263521671295166,2
1771108219606,-0.48048925399780273,0.912144660949707,0.4807010889053345,2
1771108219714,0.6357751488685608,0.8833303451538086,-2.095947265625,2
1771108219822,-0.336723655462265,3.145082473754883,-0.3793518841266632,2
1771108219930,0.20044633746147156,1.6842975616455078,-0.4587474465370178,2
1771108220035,0.031235486268997192,0.7271718978881836,-1.3909064531326294,2
1771108220139,-0.9692637920379639,-0.8610324859619141,1.7196415662765503,2
1771108220247,0.7203373312950134,-0.23214244842529297,1.3971965312957764,2
1771108220348,-0.12456014752388,1.3162050247192383,0.7848582863807678,2
1771108220456,0.2816845774650574,0.2315053939819336,-0.48247313499450684,2
1771108220565,-0.3388815224170685,-0.5321884155273438,0.048696041107177734,2
1771108220674,0.1216651201248169,0.7980527877807617,0.28360414505004883,2
1771108220782,-0.7344850301742554,0.8942232131958008,-0.9719440340995789,2
1771108220882,0.34062695503234863,-1.1062650680541992,-0.6491838693618774,2
1771108220989,0.3497280776500702,0.9699506759643555,-2.3271327018737793,2
1771108221142,-0.7827366590499878,1.0206594467163086,0.12701034545898438,2
1771108221198,0.057448938488960266,1.5769767761230469,-1.631240725517273,2
1771108221309,0.31864485144615173,-1.8988046646118164,0.4039527177810669,2
1771108221409,-0.11955663561820984,0.9268264770507812,-0.20980370044708252,2
1771108221515,-1.0502822399139404,0.29193687438964844,-2.213472843170166,2
1771108221654,-1.1517431735992432,-1.1753902435302734,-0.2623552083969116,2
1771108221732,0.705318808555603,-0.7936878204345703,0.6627981662750244,2
1771108221842,0.5181058645248413,-0.8706836700439453,0.5371021032333374,2
1771108221949,0.008196398615837097,0.7746152877807617,0.6470339298248291,2
1771108222058,0.5341819524765015,0.10375118255615234,0.28850066661834717,2
1771108222168,-0.34614139795303345,-0.3419818878173828,0.32497167587280273,2
1771108222268,0.20363733172416687,0.7348432540893555,-0.09041392803192139,2
1771108222375,-1.357583999633789,1.0087757110595703,0.1360863447189331,2
1771108222483,0.445893794298172,-0.18508148193359375,0.30249547958374023,2
1771108222583,0.5089728832244873,0.3059558868408203,0.4868025779724121,2
1771108222692,0.38194116950035095,-0.6826744079589844,-0.23050367832183838,2
1771108222801,-0.6277631521224976,-0.14664077758789062,-0.198652982711792,2
1771108222908,0.6407061815261841,0.5521926879882812,-0.18387377262115479,2
1771108223018,0.6779110431671143,0.5269489288330078,-0.8429983854293823,2
1771108223139,0.3553961217403412,0.3201150894165039,-0.7952346801757812,2
1771108223233,0.302053302526474,1.0432424545288086,0.3699464797973633,2
1771108223342,1.00555419921875,0.7127456665039062,-0.3057824373245239,2
1771108223450,-0.23434124886989594,-0.6109333038330078,-0.00631105899810791,2
1771108223559,-0.06597304344177246,-0.805354118347168,0.928519606590271,2
1771108223668,0.04717784374952316,0.4263582229614258,0.18413448333740234,2
1771108223775,0.6546754837036133,0.2506742477416992,0.8986202478408813,2
1771108223876,0.6330128312110901,-0.24289703369140625,0.9033247232437134,2
1771108223984,-0.0002919808030128479,0.20011234283447266,-0.8377052545547485,2
1771108224099,-0.4527284502983093,1.0938901901245117,-1.3737831115722656,2
1771108224201,-0.24900148808956146,-0.44472408294677734,0.582556962966919,2
1771108224309,-0.511737585067749,-0.7097616195678711,1.0865795612335205,2
1771108224418,-0.5904706716537476,-0.8624248504638672,0.26061153411865234,2
1771108224519,0.17049311101436615,0.7862319946289062,-0.555578351020813,2
1771108224658,-0.1708235740661621,0.41062355041503906,-0.5051915645599365,2
1771108224735,-0.34885281324386597,1.0900249481201172,0.6856107711791992,2
1771108224846,1.177359938621521,2.0337209701538086,-0.7966970205307007,2
1771108224952,0.030432745814323425,0.0011739730834960938,0.16263079643249512,2
1771108225060,-0.1834770292043686,-0.9051189422607422,0.3314913511276245,2
1771108225169,0.14959797263145447,0.38132286071777344,0.23261404037475586,2
1771108225277,-0.03292824327945709,-0.11292171478271484,-0.8916110992431641,2
1771108225385,-0.18417873978614807,0.5092296600341797,-0.3812539577484131,2
1771108225494,-0.3136007487773895,-0.3046760559082031,-0.19917798042297363,2
1771108225602,-0.46862342953681946,0.7613315582275391,0.7343771457672119,2
1771108225703,0.009009912610054016,0.055522918701171875,-0.39072227478027344,2
1771108225811,0.017991922795772552,-0.47873973846435547,-0.13248836994171143,2
1771108225911,-0.40674611926078796,-0.36583423614501953,-0.4245002269744873,2
1771108226019,-0.7815431952476501,0.8936223983764648,-2.8668813705444336,2
1771108226132,0.6491153240203857,0.9196453094482422,1.641869068145752,2
1771108226228,0.7943257689476013,2.556349754333496,-2.9135732650756836,2
1771108226337,-0.8837699294090271,-1.6548938751220703,1.7052183151245117,2
1771108226445,-0.2264111042022705,1.6904268264770508,0.6230746507644653,2
1771108226554,0.48453426361083984,-0.24749469757080078,-0.46974658966064453,2
1771108226664,-0.6282907128334045,-0.4529695510864258,0.10258352756500244,2
1771108226770,-0.021761242300271988,0.12488651275634766,-0.9139615297317505,2
1771108226878,-0.0011923424899578094,1.123988151550293,-0.15090537071228027,2
1771108226987,0.17753836512565613,1.0310945510864258,0.7060108184814453,2
1771108227095,-0.12903514504432678,0.5926589965820312,-1.0645315647125244,2
1771108227204,0.35574066638946533,0.12204933166503906,1.283483862876892,2
1771108227312,0.5586146116256714,-0.4853668212890625,0.816839337348938,2
1771108227420,0.38932982087135315,-0.30085182189941406,0.5563122034072876,2
1771108227529,0.09259489178657532,-0.07588481903076172,-0.035004496574401855,2
1771108227637,-0.5527605414390564,-0.2254791259765625,0.12201035022735596,2
1771108227747,0.003024342702701688,-0.4246025085449219,0.5024254322052002,2
1771108227854,-0.36448922753334045,-0.1480703353881836,-0.057804107666015625,2
1771108227962,-0.7430028319358826,0.8026323318481445,-1.248018503189087,2
1771108228093,-0.08067763596773148,0.09830474853515625,-0.5469900369644165,2
1771108228179,-0.15068888664245605,0.8501653671264648,0.3878723382949829,2
1771108228280,0.10270573198795319,0.5740938186645508,1.5586941242218018,2
1771108228390,0.21228820085525513,1.218062400817871,-0.5440216064453125,2
1771108228496,0.08476065844297409,0.3145284652709961,-1.6146942377090454,2
1771108228606,0.38544899225234985,-0.6733932495117188,0.11300349235534668,2
1771108228713,-1.1123967170715332,-2.1010618209838867,-0.03153347969055176,2
1771108228825,-0.3876257538795471,0.40700435638427734,2.456732988357544,2
1771108228930,-0.7408341765403748,-0.15496540069580078,1.3115532398223877,2
1771108229031,-0.6749072074890137,1.0096511840820312,-1.4942094087600708,2
1771108229144,1.1794188022613525,-0.08308887481689453,0.4925386905670166,2
1771108229247,0.4162754416465759,-0.8809976577758789,0.16553235054016113,2
1771108229356,0.5871477127075195,-0.7848472595214844,1.859181523323059,2
1771108229464,-0.4236622452735901,0.017145156860351562,-1.2181657552719116,2
1771108229573,-0.866377055644989,0.39940357208251953,-0.45096564292907715,2
1771108229684,0.4678296148777008,0.9424629211425781,0.2477039098739624,2
1771108229780,-0.2082025408744812,0.5068569183349609,-1.1176961660385132,2
1771108229881,-0.38851791620254517,-0.29145240783691406,0.49125730991363525,2
1771108229989,-1.0176020860671997,-0.0026521682739257812,1.3712366819381714,2
1771108230100,0.55770343542099,-0.35146617889404297,0.5579113960266113,2
1771108230206,-0.6526475548744202,-0.4248008728027344,1.1982848644256592,2
1771108230314,-0.3342175781726837,1.385920524597168,-1.3086390495300293,2
1771108230423,-0.6929283142089844,-0.39267730712890625,-2.771000385284424,2
1771108230533,0.1339893937110901,-0.20464134216308594,-2.6732707023620605,2
1771108230632,0.9031081795692444,-0.82440185546875,0.8231384754180908,2
1771108230740,-0.011260639876127243,-1.1593427658081055,0.8538072109222412,2
1771108230850,-0.7239609956741333,1.276341438293457,-1.9599961042404175,2
1771108230956,0.9903995990753174,0.35734081268310547,-0.36297154426574707,2
1771108231065,-0.6189256906509399,-0.09337425231933594,-0.08449363708496094,2
1771108231174,0.023889005184173584,-0.3753080368041992,-0.6058876514434814,2
1771108231274,0.38175874948501587,0.19408893585205078,-1.2176892757415771,2
1771108231382,-0.06919355690479279,-0.17651653289794922,-0.13939952850341797,2
1771108231491,-1.1283297538757324,-0.39478111267089844,-0.5822298526763916,2
1771108231601,0.31501245498657227,0.4487266540527344,0.09142851829528809,2
1771108231701,0.03157656639814377,-0.42464447021484375,-0.5198872089385986,2
1771108231809,0.3315480053424835,-0.4009380340576172,-0.5686004161834717,2
1771108231916,-0.1057124137878418,0.4692964553833008,-1.3788928985595703,2
1771108232025,-0.6207806468009949,0.8290958404541016,-1.0976959466934204,2
1771108232137,0.29373544454574585,-0.5627546310424805,-0.041815996170043945,2
1771108232241,1.058394193649292,-0.047173500061035156,2.0468287467956543,2
1771108232351,-1.0901222229003906,-0.060161590576171875,0.7743637561798096,2
1771108232458,-0.26098835468292236,0.05553150177001953,-0.8358587026596069,2
1771108232567,0.7156749963760376,0.32288074493408203,-0.22262489795684814,2
1771108232700,0.4269447922706604,0.6017751693725586,-0.8196729421615601,2
1771108232775,0.9416981935501099,-0.10997676849365234,-0.37256479263305664,2
1771108232884,0.7270482778549194,0.5662298202514648,-1.3703219890594482,2
1771108232992,-0.7032334804534912,-0.6312713623046875,0.9690923690795898,2
1771108233101,1.720697045326233,1.2958240509033203,-0.4692044258117676,2
1771108233208,0.09888684749603271,1.3814010620117188,-1.125704050064087,2
1771108233310,-1.4366638660430908,0.04825592041015625,-0.10689282417297363,2
1771108233417,-0.17255187034606934,0.9016475677490234,0.0070819854736328125,2
1771108233527,0.937451183795929,0.9840679168701172,-0.007589578628540039,2
1771108233634,-0.09827554225921631,1.2155742645263672,-0.9486004114151001,2
1771108233743,0.4052627384662628,-0.6942119598388672,-0.326959490776062,2
1771108233852,-0.8812003135681152,-0.4110736846923828,-0.6917957067489624,2
1771108233962,0.653197169303894,-0.5260143280029297,-0.34565722942352295,2
1771108234068,0.301547110080719,0.8113212585449219,0.2961409091949463,2
1771108234170,0.4975145757198334,-0.11916542053222656,1.2731425762176514,2
1771108234276,1.2049404382705688,-0.1664257049560547,-0.7378232479095459,2
1771108234385,-1.677955985069275,-1.0316991806030273,-0.7003923654556274,2
1771108234493,-0.3006758391857147,0.9778652191162109,-0.8999453783035278,2
1771108234601,0.6749004125595093,1.158574104309082,0.4138062000274658,2
1771108234711,0.13765427470207214,-0.2985067367553711,-1.3998180627822876,2
1771108234819,-0.5200327038764954,-0.025443077087402344,0.14325952529907227,2
1771108234919,-1.0452780723571777,0.27707386016845703,-0.8324662446975708,2
1771108235026,1.5091049671173096,0.9349699020385742,-0.504867434501648,2
1771108235135,-1.019494652748108,-0.581974983215332,0.5585297346115112,2
1771108235244,1.189598560333252,-0.7405471801757812,0.3544811010360718,2
1771108235352,-1.1433848142623901,-0.01473236083984375,-0.6090272665023804,2
1771108235460,0.5441374778747559,1.3004169464111328,-1.1748883724212646,2
1771108235569,0.4334804117679596,0.4482870101928711,0.7042877674102783,2
1771108235670,0.3418327867984772,-0.4197702407836914,0.4914438724517822,2
1771108235777,1.251434326171875,-0.4821968078613281,0.4127230644226074,2
1771108235886,-1.146745204925537,0.9131231307983398,-0.7099255323410034,2
1771108235994,-0.9567869901657104,-0.2739734649658203,0.11300981044769287,2
1771108236123,1.3468416929244995,-0.18621253967285156,0.2973155975341797,2
1771108236212,1.0884499549865723,0.17772865295410156,1.2082990407943726,2
1771108236320,-1.497148036956787,0.8442878723144531,-2.2692549228668213,2
1771108236427,1.4580163955688477,1.2542314529418945,0.7305659055709839,2
1771108236528,-0.25018948316574097,-0.36719417572021484,0.3675733804702759,2
1771108236636,1.055346965789795,-0.9023962020874023,0.9155410528182983,2
1771108236745,-1.2118217945098877,0.1410045623779297,-1.2314820289611816,2
1771108236853,1.6001797914505005,1.8994674682617188,0.583853006362915,2
1771108236962,-0.45655357837677,-0.26479339599609375,-0.426898717880249,2
1771108237062,0.9398704767227173,-1.150360107421875,0.5797299146652222,2
1771108237165,-0.13862448930740356,1.1438922882080078,0.012728691101074219,2
1771108237270,-0.1813243180513382,0.40769481658935547,-1.3451488018035889,2
1771108237379,-0.4627378284931183,0.7539043426513672,-0.7478357553482056,2
1771108237488,1.0669052600860596,-1.117635726928711,1.383398175239563,2
1771108237596,-0.968084454536438,-0.47444725036621094,-0.3496953248977661,2
1771108237722,0.6503067016601562,-0.16090774536132812,0.25278401374816895,2
1771108237812,-1.4495408535003662,-0.7356882095336914,0.18679845333099365,2
1771108237921,0.4519266188144684,-1.8102126121520996,-0.024651169776916504,2
1771108238029,-0.37627580761909485,1.5383567810058594,0.9419876337051392,2
1771108238131,-0.6713850498199463,-0.03146648406982422,0.5326557159423828,2
1771108238238,-0.23122115433216095,-0.9457855224609375,-0.02735614776611328,2
1771108238348,0.5363987684249878,-1.176309585571289,0.9561636447906494,2
1771108238454,-1.3670861721038818,0.9479207992553711,-0.13025736808776855,2
1771108238555,1.1640324592590332,-1.3192815780639648,1.103722333908081,2
1771108238664,-0.19762182235717773,0.3490924835205078,-2.332475185394287,2
1771108238771,-0.8386690616607666,-0.008837699890136719,-1.2413028478622437,2
1771108238879,-0.5323212146759033,-0.69287109375,-0.5962085723876953,2
1771108238980,-0.8794878721237183,0.5278501510620117,-0.7194666862487793,2
1771108239110,-0.7750148773193359,-0.3250265121459961,-0.4037824869155884,2
1771108239197,-0.39254456758499146,-0.13304805755615234,0.9835150241851807,2
1771108239296,0.239085853099823,1.643777847290039,-2.104508638381958,2
1771108239406,-0.5624328255653381,0.3914346694946289,-1.0769413709640503,2
1771108239513,-0.11840507388114929,-0.3090858459472656,1.338918924331665,2
1771108239614,0.4412316083908081,0.19439697265625,-1.191223382949829,2
1771108239739,0.3817344605922699,-0.42596435546875,0.4650428295135498,2
1771108239822,-0.4439088702201843,-0.1084585189819336,0.5338397026062012,2
1771108239931,0.1399364173412323,-0.5649576187133789,0.34095168113708496,2
1771108240031,-1.0212738513946533,-0.1849040985107422,-0.6351103782653809,2
1771108240145,1.063266634941101,-0.12144660949707031,0.5094866752624512,2
1771108240247,-0.4078860878944397,0.7604084014892578,-1.309561848640442,2
1771108240348,-0.15068545937538147,-0.26413917541503906,-0.1318516731262207,2
1771108240456,-0.2123526930809021,0.18793773651123047,-0.14787554740905762,2
1771108240559,0.5869659185409546,0.5521202087402344,-0.34806370735168457,2
1771108240664,-0.3757534325122833,-0.30118274688720703,0.4379308223724365,2
1771108240765,-0.8253317475318909,0.08737850189208984,-0.26575136184692383,2
1771108240875,1.4529674053192139,-0.06421947479248047,0.8601109981536865,2
1771108240981,0.3438217043876648,0.11259269714355469,1.0385890007019043,2
1771108241091,-0.13291452825069427,-0.5905647277832031,-0.7395404577255249,2
1771108241190,-0.021999575197696686,0.9165592193603516,-0.5470409393310547,2
1771108241300,1.145356297492981,0.9318552017211914,-0.28693675994873047,2
1771108241407,0.16008228063583374,0.016579627990722656,1.2929983139038086,2
1771108241515,-0.39471909403800964,-0.39458656311035156,-0.20213675498962402,2
1771108241625,-0.9122030138969421,0.3187522888183594,-1.0460889339447021,2
1771108241741,-2.157017707824707,0.39782238006591797,-0.9988877773284912,2
1771108241841,1.1018399000167847,0.09439659118652344,0.5009543895721436,2
1771108241941,1.416637659072876,-0.7223024368286133,1.6183397769927979,2
1771108242051,-1.6082279682159424,1.387934684753418,-3.5361294746398926,2
1771108242175,-0.4957823157310486,-0.5585231781005859,1.193807601928711,2
1771108242266,0.49137234687805176,2.2115955352783203,-3.5343313217163086,2
1771108242376,0.06960122287273407,-0.3838386535644531,1.5187737941741943,2
1771108242482,-0.11604221165180206,-0.18091678619384766,-0.2846541404724121,2
1771108242584,-0.7700554728507996,0.49422645568847656,-2.000572681427002,2
1771108242691,-0.8181708455085754,1.486222267150879,-0.224625825881958,2
1771108242800,1.005826473236084,-0.15543651580810547,1.9104187488555908,2
1771108242900,0.7717362642288208,-0.3103952407836914,0.15531611442565918,2
1771108243002,-0.0011619403958320618,-0.036350250244140625,1.5879130363464355,2
1771108243121,-0.01886145770549774,-0.6042680740356445,0.9149277210235596,2
1771108243216,0.10944809019565582,-0.38323020935058594,1.9037046432495117,2
1771108243322,0.6860440969467163,-0.03182220458984375,1.045504093170166,2
1771108243426,-0.003658667206764221,-0.969965934753418,-0.11857914924621582,2
1771108243534,0.06567490100860596,-0.38368701934814453,0.8549065589904785,2
1771108243635,0.915030837059021,1.0903692245483398,-0.3487687110900879,2
1771108243753,0.08789005875587463,0.7434577941894531,0.6430978775024414,2
1771108243853,0.47362053394317627,1.0013742446899414,-0.13881254196166992,2
1771108243959,0.4761629104614258,-0.06101417541503906,0.6148781776428223,2
1771108244104,0.7901987433433533,0.11298656463623047,0.40323686599731445,2
1771108244176,-5.426620006561279,1.688014030456543,0.6937837600708008,2
1771108244285,0.34160977602005005,-0.9728021621704102,2.3332672119140625,2
1771108244393,0.8192999958992004,0.8264980316162109,1.3367347717285156,2
1771108244501,-0.9720603823661804,1.1911745071411133,-0.2880725860595703,2
1771108244609,-0.6600886583328247,-0.217803955078125,1.649897575378418,2
1771108244721,1.5059187412261963,0.33113861083984375,1.4227790832519531,2
1771108244826,-1.5005364418029785,0.7940816879272461,-1.3397459983825684,2
1771108244935,0.3817547559738159,-0.009807586669921875,1.6832852363586426,2
1771108245043,0.6612696647644043,0.12433147430419922,1.4062299728393555,2
1771108245152,-0.22679859399795532,-0.17528533935546875,0.2456812858581543,2
1771108245261,-0.44732365012168884,0.6346511840820312,-0.5024166107177734,2
1771108245360,-0.35037434101104736,0.8988056182861328,-0.5183706283569336,2
1771108245468,-0.07014468312263489,0.28792476654052734,0.8308205604553223,2
1771108245571,0.8986647129058838,0.3765449523925781,0.47632741928100586,2
1771108245677,0.07830321788787842,1.0049819946289062,-0.6610770225524902,2
1771108245778,-0.20419567823410034,0.7752790451049805,0.3051128387451172,2
1771108245886,0.48052728176116943,-0.13429927825927734,0.8869237899780273,2
1771108245986,0.1811203956604004,0.14090347290039062,0.07022666931152344,2
1771108246133,0.09822088479995728,-0.2860078811645508,0.6430492401123047,2
1771108246202,-0.10572153329849243,-0.7135457992553711,0.8503928184509277,2
1771108246303,0.38418644666671753,0.2742137908935547,-1.1814193725585938,2
1771108246411,-0.13425934314727783,0.6025028228759766,-1.5573575496673584,2
1771108246520,-0.36297595500946045,0.4637870788574219,-0.8879170417785645,2
1771108246621,0.5234532356262207,-0.7477331161499023,0.7065606117248535,2
1771108246727,-0.10967192053794861,0.3704404830932617,-0.20394086837768555,2
1771108246828,-0.4764355421066284,0.6310892105102539,-0.6573724746704102,2
1771108246938,0.8959431052207947,-0.5471391677856445,0.9654769897460938,2
1771108247046,0.027683556079864502,-0.404052734375,0.21477174758911133,2
1771108247155,-0.4034794270992279,0.3711538314819336,0.42159175872802734,2
1771108247262,0.19813275337219238,0.4243297576904297,0.07675790786743164,2
1771108247371,-0.20196062326431274,-0.47049713134765625,0.41230297088623047,2
1771108247479,0.6253946423530579,-0.1837615966796875,0.9960269927978516,2
1771108247588,-0.2688201665878296,1.0283985137939453,0.0653076171875,2
1771108247696,-0.2378852367401123,1.2721738815307617,-0.6009097099304199,2
1771108247796,-0.03956669569015503,-0.36560630798339844,0.8904294967651367,2
1771108247904,0.13898521661758423,0.17151451110839844,1.5414762496948242,2
1771108248012,0.22520071268081665,0.07407093048095703,1.202730655670166,2
1771108248114,-0.0059833526611328125,0.11195755004882812,0.15601682662963867,2
1771108248221,-0.1521317958831787,0.5606212615966797,0.8208789825439453,2
1771108248333,0.08313816785812378,0.286376953125,0.650367259979248,2
1771108248438,-0.2054426670074463,0.3560800552368164,-0.37253808975219727,2
1771108248548,-0.23602896928787231,0.43120384216308594,-0.3739433288574219,2
1771108248656,-0.20584732294082642,0.36461639404296875,-0.2224135398864746,2
1771108248776,-0.5478605031967163,0.3052225112915039,-0.3012690544128418,2
1771108248864,0.18886041641235352,0.6073179244995117,0.5197043418884277,2
1771108248972,-0.6237258911132812,0.6321678161621094,-0.5485358238220215,2
1771108249080,-0.6022320985794067,0.3939037322998047,-0.10227489471435547,2
1771108249189,0.1864040493965149,0.43605804443359375,-0.31583404541015625,2
1771108249297,-0.696037232875824,0.6331281661987305,-0.5762476921081543,2
1771108249406,0.3605784773826599,0.5771303176879883,-1.000394344329834,2
1771108249513,-0.13846784830093384,0.2994842529296875,-0.5650296211242676,2
1771108249616,-0.2301875650882721,0.25012874603271484,-0.7994272708892822,2
1771108249722,-0.45236414670944214,0.40068626403808594,-1.0658376216888428,2
1771108249830,0.018268227577209473,0.2564115524291992,-0.5384118556976318,2
1771108249940,0.25448495149612427,0.3046426773071289,-0.5812075138092041,2
1771108250048,-0.17015668749809265,0.3614797592163086,-1.027246117591858,2
1771108250148,-0.32451215386390686,0.19450759887695312,-0.9868557453155518,2
1771108250256,0.40835171937942505,0.054404258728027344,-0.5817365646362305,2
1771108250364,-0.10071408748626709,0.19915103912353516,-0.5040321350097656,2
1771108250465,0.5202640295028687,0.18031692504882812,-0.34233713150024414,2
1771108250573,-0.34173715114593506,0.09412193298339844,-0.6965656280517578,2
1771108250681,0.23468619585037231,0.19800186157226562,-0.49206113815307617,2
1771108250787,-0.519195556640625,0.2988014221191406,-0.516528844833374,2
1771108250890,0.2322576493024826,0.055777549743652344,-0.31015753746032715,2
1771108250999,-0.15279290080070496,-0.014860153198242188,-0.4250328540802002,2
1771108251106,0.12423890829086304,0.04652118682861328,-0.3261246681213379,2
1771108251207,0.5811728835105896,0.21328163146972656,-0.5813384056091309,2
1771108251316,-0.3507739007472992,0.16131973266601562,-0.5372451543807983,2
1771108251423,-0.3489711284637451,0.043155670166015625,-0.18320465087890625,2
1771108251532,0.434511661529541,-0.012547492980957031,-0.3490421772003174,2
1771108251641,-0.5131987929344177,0.25934410095214844,-0.4538733959197998,2
1771108251750,0.5840240716934204,0.24274063110351562,-0.581676721572876,2
1771108251859,-0.46368134021759033,0.19027423858642578,-0.4396939277648926,2
1771108251969,0.031078144907951355,0.3063182830810547,-0.5068093538284302,2
1771108252074,0.3202474117279053,0.01802539825439453,-0.35974740982055664,2
1771108252183,-0.4952816069126129,0.27219676971435547,-0.4669003486633301,2
1771108252291,0.5308908224105835,0.28637218475341797,-0.5310393571853638,2
1771108252392,0.46280786395072937,-0.12168121337890625,-0.2322521209716797,2
1771108252500,-0.5363662838935852,-0.012086868286132812,-0.19335222244262695,2
1771108252609,0.45869362354278564,0.05768013000488281,-0.21876955032348633,2
1771108252718,-0.1524757742881775,0.38117408752441406,-0.5731737613677979,2
1771108252817,-0.38137567043304443,-0.05674171447753906,-0.1803722381591797,2
1771108252924,0.34060460329055786,-0.24555110931396484,-0.01217031478881836,2
1771108253033,-0.1139712780714035,0.028486251831054688,-0.2371988296508789,2
1771108253142,-0.42922142148017883,0.28468990325927734,-0.5066136121749878,2
1771108253251,0.2312096804380417,0.02874469757080078,-0.17260360717773438,2
1771108253358,0.18746116757392883,-0.05444145202636719,-0.2480618953704834,2
1771108253458,-0.019208237528800964,0.19194507598876953,-0.388150691986084,2
1771108253568,-0.305198073387146,0.22545909881591797,-0.35929441452026367,2
1771108253676,-0.017616957426071167,0.023359298706054688,-0.08473706245422363,2
1771108253796,-0.2684168219566345,0.03277778625488281,-0.23556113243103027,2
1771108253892,-0.4814472794532776,0.24406719207763672,-0.3737400770187378,2
1771108253993,0.34415924549102783,0.07319831848144531,-0.29738736152648926,2
1771108254101,-0.5675135850906372,0.005684852600097656,-0.214630126953125,2
1771108254209,0.4482254087924957,0.08273124694824219,-0.04909110069274902,2
1771108254317,-0.43493518233299255,0.02938365936279297,-0.6378046274185181,2
1771108254418,0.37790533900260925,0.06098461151123047,-0.07219362258911133,2
1771108254527,0.5591379404067993,0.02594757080078125,-0.07262921333312988,2
1771108254627,-0.3406885862350464,-0.12173080444335938,-0.47820615768432617,2
1771108254735,0.22454366087913513,0.19718074798583984,-0.23122620582580566,2
1771108254843,0.36596938967704773,0.04751873016357422,0.04989147186279297,2
1771108254951,0.355406790971756,-0.1453714370727539,0.1428210735321045,2
1771108255060,0.2404356151819229,0.0699005126953125,-0.14067792892456055,2
1771108255170,-0.05291571468114853,0.006302833557128906,0.002983570098876953,2
1771108255277,-0.24191686511039734,-0.01931476593017578,-0.35404181480407715,2
1771108255386,-0.3560046851634979,-0.22120952606201172,-0.2883056402206421,2
1771108255493,-0.26231059432029724,-0.04062652587890625,-0.22101283073425293,2
1771108255603,0.45165836811065674,0.19839096069335938,-0.04377937316894531,2
1771108255711,0.3465656042098999,-0.004105567932128906,0.11067748069763184,2
1771108255819,0.31857749819755554,-0.06946563720703125,0.09177350997924805,2
1771108255927,0.21565783023834229,0.1195840835571289,-0.1198570728302002,2
1771108256035,-0.06892184168100357,0.09143638610839844,-0.2922842502593994,2
1771108256144,-0.1377335786819458,0.048211097717285156,-0.09378862380981445,2
1771108256253,0.049642570316791534,0.19147396087646484,-0.03633475303649902,2
1771108256361,0.34511610865592957,-0.07187938690185547,0.44583773612976074,2
1771108256471,0.476015567779541,-0.19900131225585938,0.7798583507537842,2
1771108256578,0.49713146686553955,-0.27823448181152344,0.4570786952972412,2
1771108256690,-0.3811068534851074,0.048786163330078125,0.03602480888366699,2
1771108256821,0.344551682472229,-0.08329296112060547,0.3009152412414551,2
1771108256903,-0.16449767351150513,-0.03200531005859375,-0.04358792304992676,2
1771108257012,-0.1830543577671051,-0.12389087677001953,0.13762927055358887,2
1771108257120,-0.4886418282985687,0.20069503784179688,-0.05762982368469238,2
1771108257228,0.17464937269687653,0.02064800262451172,0.12224602699279785,2
1771108257330,-0.8459743857383728,0.15299034118652344,-0.46709680557250977,2
1771108257437,0.4248410761356354,0.11550140380859375,-0.013152360916137695,2
1771108257545,0.1332813799381256,0.20248889923095703,-0.2548654079437256,2
1771108257653,-0.7822728753089905,0.1409006118774414,-0.6643277406692505,2
1771108257754,0.041052162647247314,0.13312244415283203,-0.13566112518310547,2
1771108257862,-0.43202143907546997,0.07186317443847656,-0.584656834602356,2
1771108257963,0.31071582436561584,0.01447296142578125,-0.06171917915344238,2
1771108258070,0.408004492521286,0.17749977111816406,-0.07619678974151611,2
1771108258179,0.26309144496917725,0.08890056610107422,0.0015611648559570312,2
1771108258287,0.07435765862464905,-0.07167911529541016,-0.19575047492980957,2
1771108258396,-0.22583478689193726,0.038207054138183594,-0.3745155334472656,2
1771108258505,0.03571801632642746,0.12868976593017578,-0.15903031826019287,2
1771108258615,0.06647440791130066,-0.16723918914794922,0.08534932136535645,2
1771108258721,0.18109314143657684,-0.06153297424316406,0.19825243949890137,2
1771108258831,0.1680935174226761,0.16553115844726562,-0.1619408130645752,2
1771108258938,0.1899658888578415,0.10383892059326172,0.07380199432373047,2
1771108259047,0.34612318873405457,0.008219718933105469,0.19536733627319336,2
1771108259165,-0.15743020176887512,-0.02936840057373047,-0.3413820266723633,2
1771108259266,-0.10472285002470016,0.15377140045166016,-0.4631305932998657,2
1771108259372,-0.028101151809096336,-0.10251903533935547,-0.2687041759490967,2
1771108259480,-0.31316307187080383,-0.12174034118652344,-0.09421491622924805,2
1771108259588,0.09557094424962997,0.11875724792480469,0.013684749603271484,2
1771108259696,0.21431899070739746,0.28717708587646484,-0.03968489170074463,2
1771108259797,0.31713995337486267,-0.12576675415039062,0.12810683250427246,2
1771108259905,0.29793843626976013,-0.21367454528808594,0.1486961841583252,2
1771108260005,-0.029585272073745728,0.2002086639404297,-0.44059085845947266,2
1771108260114,-0.059497538954019547,0.2589073181152344,-0.5867170095443726,2
1771108260222,-0.18285134434700012,-0.007311820983886719,-1.1170282363891602,2
1771108260331,-0.1213507205247879,0.5906343460083008,-0.6767047643661499,2
1771108260439,-0.026021286845207214,0.7154874801635742,-0.7492552995681763,2
1771108260548,-0.32492679357528687,0.06056404113769531,-0.775495171546936,2
1771108260656,-0.12633666396141052,-0.04607391357421875,-0.788433313369751,2
1771108260765,-0.265773206949234,0.43856239318847656,0.13847044110298157,2
1771108260867,-0.02839300036430359,0.3131113052368164,0.13467177748680115,2
1771108260973,-0.009123831987380981,0.5308504104614258,-0.226842999458313,2
1771108261082,-0.048176586627960205,0.33483219146728516,-0.9820222854614258,2
1771108261182,-0.4883241057395935,0.04669761657714844,-0.6479943990707397,2
1771108261290,0.001809239387512207,0.7206201553344727,0.17491605877876282,2
1771108261398,-0.27585089206695557,-0.17852115631103516,-0.25111207365989685,2
1771108261499,0.15995235741138458,0.3567647933959961,-0.11699032783508301,2
1771108261606,-0.11261722445487976,0.7599897384643555,-0.43310391902923584,2
1771108261707,-0.012615293264389038,0.10820770263671875,0.20651775598526,2
1771108261815,0.2973841726779938,-0.5938539505004883,1.0685924291610718,2
1771108261917,-0.2558923363685608,0.5079736709594727,-0.2800184488296509,2
1771108262023,0.11732283234596252,0.6195564270019531,-0.6650405526161194,2
1771108262135,-0.009659945964813232,0.8447265625,-0.1755911111831665,2
1771108262240,0.12765097618103027,0.3439626693725586,-0.045491039752960205,2
1771108262349,0.24571657180786133,-0.08280181884765625,-0.1287018060684204,2
1771108262457,-0.46108341217041016,0.1308889389038086,0.37557804584503174,2
1771108262565,0.3748012185096741,-0.2045726776123047,0.4771239161491394,2
1771108262676,-0.26297128200531006,0.3285636901855469,-0.3977855145931244,2
1771108262783,-0.4545001685619354,0.27059078216552734,0.17043909430503845,2
1771108262892,0.24443687498569489,-0.3804969787597656,0.8361568450927734,2
1771108263000,0.10432478040456772,-0.10156726837158203,0.5354850888252258,2
1771108263134,-0.630483865737915,0.09609413146972656,-0.7365990877151489,2
1771108263217,-0.46907418966293335,-0.7825584411621094,1.2791954278945923,2
1771108263325,0.6107813119888306,-0.1149740219116211,2.020451784133911,2
1771108263425,0.14237508177757263,0.42091941833496094,0.056725502014160156,2
1771108263533,0.1553974747657776,0.04296112060546875,0.12887907028198242,2
1771108263635,0.19214972853660583,-0.3031473159790039,1.1152219772338867,2
1771108263743,-0.2350287139415741,-1.0677366256713867,0.4788525104522705,2
1771108263860,0.09036074578762054,-0.6369686126708984,0.7765843868255615,2
1771108263959,0.16600577533245087,0.07861518859863281,-0.3322429656982422,2
1771108264068,-0.26286596059799194,0.0884408950805664,-0.1769695281982422,2
1771108264175,0.5902987718582153,-0.14579105377197266,0.08137655258178711,2
1771108264284,0.14557231962680817,-0.4024534225463867,0.4739241600036621,2
1771108264393,-0.46280577778816223,-0.5527524948120117,0.5353758335113525,2
1771108264500,-0.18115289509296417,-0.18614768981933594,-0.947393536567688,2
1771108264601,-0.38482198119163513,-0.030979156494140625,-1.0099208354949951,2
1771108264709,0.3361856937408447,-0.13556575775146484,-0.2501852512359619,2
1771108264818,-0.23936527967453003,-0.6820592880249023,0.640055775642395,2
1771108264926,0.05076582729816437,-0.9992904663085938,0.11071527004241943,2
1771108265036,-0.4971441626548767,-0.27454090118408203,-0.06368744373321533,2
1771108265137,0.07869000732898712,0.2812204360961914,-0.45681750774383545,2
1771108265243,0.008631108328700066,0.3344612121582031,1.3316025733947754,2
1771108265353,-0.028246315196156502,-0.8287277221679688,0.23343217372894287,2
1771108265460,-0.0705934390425682,0.0394439697265625,-0.7621551752090454,2
1771108265568,0.04975919425487518,0.13084888458251953,0.07353448867797852,2
1771108265672,-0.310424268245697,-0.13967037200927734,0.05360984802246094,2
1771108265777,-0.6517844200134277,-0.5492010116577148,0.1753244400024414,2
1771108265879,-0.2685718238353729,-0.02804088592529297,-0.2794382572174072,2
1771108265986,-0.3408507704734802,0.021495819091796875,-0.3729214668273926,2
1771108266109,0.2935231924057007,-0.08905029296875,0.49776387214660645,2
1771108266202,0.4787922501564026,0.5264129638671875,0.39379334449768066,2
1771108266311,0.06253653764724731,0.8683509826660156,-1.0578522682189941,2
1771108266411,-0.5863885879516602,-0.24489784240722656,-0.03139138221740723,2
1771108266520,-0.15735191106796265,0.07470703125,0.7762384414672852,2
1771108266628,0.5218702554702759,-0.9353446960449219,0.08621358871459961,2
1771108266737,-0.23355646431446075,-0.016725540161132812,-1.4226040840148926,2
1771108266844,-0.04515737295150757,-2.5736093521118164,-0.33419370651245117,2
1771108266953,0.9587658047676086,1.4245595932006836,0.46376562118530273,2
1771108267061,0.6340734362602234,-0.4048185348510742,0.30797815322875977,2
1771108267171,0.46981722116470337,-0.6079025268554688,-0.9602565765380859,2
1771108267282,-1.9003220796585083,-1.6006488800048828,0.2751758098602295,2
1771108267386,-0.45656681060791016,1.2439079284667969,-1.429347038269043,2
1771108267495,-0.23255330324172974,0.055626869201660156,-1.1014965772628784,2
1771108267603,-0.3991139233112335,0.6353778839111328,-0.2089991569519043,2
1771108267704,-0.2553344666957855,-0.6410226821899414,-0.03647470474243164,2
1771108267813,-0.07602204382419586,0.090667724609375,-0.11319804191589355,2
1771108267913,-0.3839343190193176,0.4981222152709961,-0.1240072250366211,2
1771108268020,0.02958965301513672,0.22382736206054688,-0.9346342086791992,2
1771108268128,-0.006388738751411438,0.2001171112060547,-0.45529961585998535,2
1771108268237,-0.20543605089187622,0.2951841354370117,-0.33847880363464355,2
1771108268345,0.24341799318790436,-0.3471202850341797,-0.36795878410339355,2
1771108268446,-0.3537902534008026,0.4806938171386719,0.0708768367767334,2
1771108268554,-0.013346314430236816,0.5329160690307617,-1.2542414665222168,2
1771108268662,0.03592421114444733,0.12061309814453125,-0.8583002090454102,2
1771108268763,-0.12049280852079391,0.1585865020751953,0.05042290687561035,2
1771108268892,0.02102077007293701,0.1625385284423828,-0.4623897075653076,2
1771108268979,0.14794743061065674,0.05610466003417969,0.2186136245727539,2
1771108269098,0.15039411187171936,-0.24772262573242188,0.5156610012054443,2
1771108269196,-0.04616285860538483,0.1478595733642578,0.2923390865325928,2
1771108269305,-0.23659935593605042,0.5595569610595703,-0.5434441566467285,2
1771108269405,0.40306246280670166,0.06967639923095703,0.6935176849365234,2
1771108269513,-0.5357409119606018,-0.23462963104248047,0.34549403190612793,2
1771108269613,0.22017815709114075,-0.8238773345947266,0.6309547424316406,2
1771108269721,-0.29120680689811707,0.17962265014648438,0.8688607215881348,2
1771108269822,0.6030600666999817,-0.06665420532226562,1.3497729301452637,2
1771108269930,-0.5470787882804871,-0.3679523468017578,-0.3013651371002197,2
1771108270039,0.5237391591072083,-0.18844127655029297,1.2412302494049072,2
1771108270148,0.39865419268608093,-0.08503055572509766,1.6036608219146729,2
1771108270256,0.24552646279335022,0.15176773071289062,1.136228084564209,2
1771108270364,0.3489663004875183,-0.3061943054199219,0.9834816455841064,2
1771108270473,0.13976559042930603,-0.1524372100830078,1.1769990921020508,2
1771108270581,-0.1365462839603424,-0.34967899322509766,1.2633271217346191,2
1771108270689,0.3289986550807953,0.0030269622802734375,1.1716558933258057,2
1771108270798,0.4309721887111664,-0.09992313385009766,0.869584321975708,2
1771108270907,0.10568758845329285,0.21902179718017578,0.6781601905822754,2
1771108271014,-0.15150177478790283,-0.08427906036376953,1.0545177459716797,2
1771108271123,0.03739657998085022,-0.10889911651611328,1.4387860298156738,2
1771108271231,0.025686144828796387,-0.40519046783447266,0.35880374908447266,2
1771108271332,0.09208306670188904,0.18123912811279297,0.05627727508544922,2
1771108271440,-0.012471199035644531,0.2963552474975586,0.2465658187866211,2
1771108271549,-0.0387687087059021,0.0982503890991211,0.1546459197998047,2
1771108271662,-0.44786903262138367,0.039081573486328125,-0.7812409400939941,2
1771108271765,-0.2352832555770874,0.3163766860961914,-0.7070209980010986,2
1771108271903,0.2732442021369934,-0.04162311553955078,-0.06006574630737305,2
1771108271982,0.43110668659210205,0.257293701171875,0.050516366958618164,2
1771108272116,0.3674415946006775,0.2656440734863281,-0.36156320571899414,2
1771108272199,0.43453705310821533,0.2881631851196289,-0.47339797019958496,2
1771108272308,-0.49376893043518066,0.57647705078125,-0.44823265075683594,2
1771108272416,0.24229460954666138,0.31159019470214844,-0.34636902809143066,2
1771108272524,-0.1706872582435608,0.06176185607910156,-0.5366785526275635,2
1771108272632,-0.08543549478054047,0.1600322723388672,-0.6567943096160889,2
1771108272741,-0.24506273865699768,0.06836795806884766,-0.4372556209564209,2
1771108272850,0.4146099090576172,0.10984230041503906,-0.22827601432800293,2
1771108272958,0.3690592348575592,0.3130378723144531,-0.3188669681549072,2
1771108273066,-0.43086105585098267,0.3172626495361328,-0.4053809642791748,2
1771108273174,0.4821220636367798,0.08471107482910156,-0.3456723690032959,2
1771108273275,0.32143938541412354,0.2285327911376953,-0.25661635398864746,2
1771108273383,-0.3399175703525543,0.3034391403198242,-0.6905789375305176,2
1771108273491,0.39810997247695923,0.1086568832397461,-0.7921676635742188,2
1771108273600,-0.6844832301139832,0.10927009582519531,-0.6557736396789551,2
1771108273709,0.1962636560201645,0.2174968719482422,-0.594804048538208,2
1771108273817,0.130681574344635,0.40029430389404297,-0.9896125793457031,2
1771108273918,0.2411055862903595,0.06864547729492188,-0.733961820602417,2
1771108274025,-0.7184188961982727,0.1609048843383789,-0.6491215229034424,2
1771108274126,-0.11672675609588623,0.2431468963623047,-0.4388885498046875,2
1771108274233,0.3067007064819336,0.06044578552246094,-0.6417849063873291,2
1771108274334,-0.034082356840372086,0.2245655059814453,-0.6608943939208984,2
1771108274442,-0.4476640522480011,0.3062887191772461,-0.5564234256744385,2
1771108274550,0.3367041349411011,0.0835428237915039,-0.36776065826416016,2
1771108274660,0.3292546272277832,-0.036002159118652344,-0.39213132858276367,2
1771108274767,-0.41221198439598083,0.039175987243652344,-0.3112814426422119,2
1771108274877,0.2673910856246948,0.12910842895507812,0.0027348995208740234,2
1771108274984,0.2123844176530838,0.07268142700195312,-0.3869211673736572,2
1771108275093,-0.3917938470840454,-0.013922691345214844,-0.16489839553833008,2
1771108275193,-0.30974143743515015,0.0897226333618164,-0.07333230972290039,2
1771108275301,-0.130516916513443,0.05438995361328125,-0.019838809967041016,2
1771108275410,0.32343459129333496,-0.03241729736328125,-0.2644035816192627,2
1771108275510,0.09767675399780273,0.1542654037475586,-0.2560269832611084,2
1771108275618,-0.3502856492996216,0.041637420654296875,-0.005403041839599609,2
1771108275727,0.2638663053512573,-0.18882465362548828,0.28468751907348633,2
1771108275835,0.3823731243610382,0.015081405639648438,0.3342139720916748,2
1771108275944,0.11301626265048981,0.11442279815673828,-0.21847963333129883,2
1771108276052,-0.38429462909698486,0.0023126602172851562,-0.03382420539855957,2
1771108276161,0.2561386823654175,-0.09190654754638672,0.11895084381103516,2
1771108276268,0.3547877073287964,0.03564262390136719,0.14293885231018066,2
1771108276369,0.3576504588127136,-0.1278076171875,0.19892001152038574,2
1771108276478,0.027612000703811646,0.18140411376953125,-0.19940447807312012,2
1771108276587,-0.0933821052312851,0.16567611694335938,-0.2854015827178955,2
1771108276694,0.046907924115657806,-0.10103511810302734,0.2942678928375244,2
1771108276802,0.3576396405696869,-0.012932777404785156,-0.05533790588378906,2
1771108276928,-0.30769291520118713,0.13416194915771484,-0.06132817268371582,2
1771108277011,0.10432307422161102,0.07744503021240234,-0.3205134868621826,2
1771108277119,-0.2334364950656891,0.23708343505859375,-0.4055745601654053,2
1771108277227,-0.2291000783443451,0.0010652542114257812,-0.13420724868774414,2
1771108277336,0.23457568883895874,-0.06021308898925781,0.2960503101348877,2
1771108277445,0.3743603229522705,0.043633460998535156,0.0774850845336914,2
1771108277552,0.07731287181377411,0.12356376647949219,-0.3589766025543213,2
1771108277662,-0.336250364780426,0.028066635131835938,-0.16980838775634766,2
1771108277769,-0.31585654616355896,0.2335672378540039,-0.27768588066101074,2
1771108277870,-0.309211790561676,0.23403358459472656,-0.36276888847351074,2
1771108277978,-0.09288489073514938,0.06143951416015625,-0.005377292633056641,2
1771108278087,0.22611203789710999,-0.024005889892578125,-0.06261873245239258,2
1771108278196,0.16882839798927307,0.1763744354248047,-0.5330948829650879,2
1771108278304,0.0887567326426506,0.1949310302734375,-0.6136860847473145,2
1771108278413,-0.44351863861083984,0.05998420715332031,-0.5198273658752441,2
1771108278513,-0.33912983536720276,0.27713680267333984,-0.30864977836608887,2
1771108278621,0.49117156863212585,0.0770120620727539,-0.40584564208984375,2
1771108278729,-0.6949016451835632,0.07541561126708984,-0.2827305793762207,2
1771108278837,0.1506417989730835,-0.030660629272460938,-0.20389699935913086,2
1771108278948,-0.7520216703414917,0.15123844146728516,-0.4851713180541992,2
1771108279054,-0.5635966658592224,0.036026954650878906,-0.30579352378845215,2
1771108279163,0.5851844549179077,-0.12276935577392578,0.2992708683013916,2
1771108279272,0.35379934310913086,0.05073356628417969,-0.18352675437927246,2
1771108279380,0.18384557962417603,0.12000274658203125,-0.36835718154907227,2
1771108279489,0.06766428053379059,-0.13960647583007812,-0.3576669692993164,2
1771108279597,-0.10303422808647156,0.10044574737548828,-0.7271978855133057,2
1771108279705,0.02398042380809784,0.3149700164794922,-0.38646697998046875,2
1771108279813,0.045458368957042694,0.26204586029052734,-0.27237629890441895,2
1771108279940,-0.15670500695705414,-0.014705657958984375,-0.243391752243042,2
1771108280029,-0.16203176975250244,0.10164260864257812,-0.3086097240447998,2
1771108280138,0.14121554791927338,0.18352031707763672,0.10702753067016602,2
1771108280239,-0.08975629508495331,0.1847219467163086,0.31888794898986816,2
1771108280347,-0.4532381594181061,0.008270263671875,0.1425628662109375,2
1771108280455,-0.027892813086509705,-0.17146015167236328,0.3142244815826416,2
1771108280555,-0.19652506709098816,0.3119182586669922,0.2066056728363037,2
1771108280665,-0.6404972076416016,0.062226295471191406,-0.9225358963012695,2
1771108280773,-0.3661399483680725,-0.19179630279541016,-0.12082624435424805,2
1771108280881,-0.5354679226875305,0.2541522979736328,-0.25159263610839844,2
1771108280991,-0.40590161085128784,0.5384140014648438,0.09996211528778076,2
1771108281098,-0.45622003078460693,0.3408470153808594,-0.20173907279968262,2
1771108281210,0.12470340728759766,0.7919025421142578,0.018305480480194092,2
1771108281315,-0.27839499711990356,0.32319164276123047,-0.016233891248703003,2
1771108281424,-0.061290860176086426,-0.06467914581298828,1.3119772672653198,2
1771108281526,0.04131639003753662,0.05426311492919922,0.9893777370452881,2
1771108281631,-0.18430233001708984,0.12784957885742188,1.608029842376709,2
1771108281740,-0.6740185618400574,-0.6103429794311523,-0.028577804565429688,2
1771108281848,-0.5113984942436218,0.007521629333496094,1.217099666595459,2
1771108281967,-0.22708439826965332,-0.1722259521484375,0.5464493036270142,2
1771108282066,-0.8352457284927368,0.0803976058959961,-0.3092449903488159,2
1771108282173,-0.3606750965118408,0.1439971923828125,-0.25189638137817383,2
1771108282275,-0.49063587188720703,0.16397762298583984,0.08177876472473145,2
1771108282375,-0.6238132119178772,0.12183761596679688,0.11165130138397217,2
1771108282483,-0.41710716485977173,0.31066322326660156,1.0754297971725464,2
1771108282591,-0.8188438415527344,-0.1749277114868164,0.36106324195861816,2
1771108282691,-0.7650115489959717,-0.08481407165527344,0.46718692779541016,2
1771108282800,-0.6726793050765991,0.29642581939697266,0.5754808187484741,2
1771108282907,-1.0278350114822388,0.045501708984375,0.30414485931396484,2
1771108283017,-1.147398829460144,0.14279460906982422,-0.7581408023834229,2
1771108283124,-0.6897895336151123,0.34552669525146484,1.423272728919983,2
1771108283233,-1.129691481590271,-0.4415731430053711,-0.24308693408966064,2
1771108283341,-0.44264888763427734,0.5903921127319336,0.9296926259994507,2
1771108283450,-0.8573946952819824,-0.09368610382080078,0.05743908882141113,2
1771108283559,-0.6941361427307129,0.3898944854736328,1.389062762260437,2
1771108283667,-1.0348365306854248,-0.11034584045410156,1.4465699195861816,2
1771108283767,-1.043724775314331,-0.5374250411987305,0.5413806438446045,2
1771108283875,-0.4106926918029785,0.5295257568359375,-0.5220023393630981,2
1771108283984,0.14260172843933105,0.1639699935913086,2.0216314792633057,2
1771108284092,-0.35404491424560547,-0.09245872497558594,1.2829574346542358,2
1771108284200,-0.35762763023376465,-0.48842906951904297,0.26920151710510254,2
1771108284309,-0.3796262741088867,0.1853923797607422,0.35349297523498535,2
1771108284417,-0.8160994052886963,0.7187738418579102,-0.2071547508239746,2
1771108284525,-0.32941460609436035,0.7006235122680664,-1.8004306554794312,2
1771108284635,0.16153287887573242,0.04418754577636719,0.8211077451705933,2
1771108284742,-0.3730437755584717,-0.7201328277587891,-0.7338060140609741,2
1771108284852,0.5768778324127197,-0.36948394775390625,0.5585628747940063,2
1771108284981,0.4868476390838623,-0.26297569274902344,0.7198506593704224,2
1771108285068,-0.9078524112701416,0.6213293075561523,-1.2804630994796753,2
1771108285175,0.4436051845550537,0.9367713928222656,0.186409592628479,2
1771108285277,-0.751514196395874,0.18937110900878906,-0.7786532640457153,2
1771108285384,-1.3343069553375244,-0.009631156921386719,-0.04897642135620117,2
1771108285493,-1.0008177757263184,0.5107412338256836,0.07069563865661621,2
1771108285601,-0.5778133869171143,1.6816349029541016,-1.1176354885101318,2
1771108285702,0.01567554473876953,-1.1265592575073242,0.23837363719940186,2
1771108285810,-1.600142002105713,2.1948585510253906,-1.1734421253204346,2
1771108285912,0.1969597339630127,-0.2904930114746094,0.09769105911254883,2
1771108286018,1.6194884777069092,0.1856555938720703,-1.0767651796340942,2
1771108286128,0.5837138891220093,1.1980648040771484,-1.0859990119934082,2
1771108286235,1.0738168954849243,1.131185531616211,-1.3842220306396484,2
1771108286343,0.7202609777450562,0.32447147369384766,0.2535494565963745,2
1771108286453,0.5886627435684204,-1.1675167083740234,0.29012274742126465,2
1771108286560,0.4963047504425049,0.6745624542236328,-0.09590721130371094,2
1771108286668,0.3201298713684082,0.8480958938598633,0.5039522647857666,2
1771108286769,0.640373945236206,-0.006438255310058594,0.411041796207428,2
1771108286878,0.2136310338973999,0.2460651397705078,-0.14515751600265503,2
1771108286988,0.4954216480255127,0.45685672760009766,0.5366503000259399,2
1771108287113,-0.5589083433151245,0.3829011917114258,-0.06210070848464966,2
1771108287203,-0.0262221097946167,0.6605758666992188,-1.2992548942565918,2
1771108287308,-0.2463083267211914,0.4471454620361328,0.2315986156463623,2
1771108287412,1.017487645149231,0.03131389617919922,0.3144439458847046,2
1771108287520,0.9969039559364319,0.3130369186401367,-0.3796789050102234,2
1771108287629,-0.9921355843544006,-0.11492252349853516,0.6425704956054688,2
1771108287736,1.925520420074463,-0.4010953903198242,0.45258820056915283,2
1771108287845,0.5932455062866211,0.2229318618774414,-1.092279314994812,2
1771108287954,-0.9010595679283142,0.5555906295776367,-1.1623485088348389,2
1771108288061,0.3906939625740051,0.9082775115966797,-0.3241530656814575,2
1771108288169,0.20341609418392181,-1.1726303100585938,0.3310312032699585,2
1771108288271,0.17304985225200653,0.42356204986572266,-1.2803754806518555,2
1771108288379,-0.6086313128471375,0.40992259979248047,0.34758973121643066,2
1771108288488,-0.9435843229293823,-0.631098747253418,1.216550350189209,2
1771108288595,0.7009493708610535,0.46124267578125,-0.10128223896026611,2
1771108288696,0.2070867121219635,0.9295129776000977,-0.3841283321380615,2
1771108288804,0.26232829689979553,-0.7786283493041992,1.0865532159805298,2
1771108288913,0.5580689311027527,-0.27466773986816406,0.4184461832046509,2
1771108289021,0.2843230962753296,0.5086946487426758,-1.0098397731781006,2
1771108289128,-0.3723949193954468,0.1079549789428711,-0.3839489221572876,2
1771108289229,-0.029932498931884766,0.34390830993652344,0.405434250831604,2
1771108289337,0.25027769804000854,-0.04569721221923828,0.027912139892578125,2
1771108289445,0.06988149881362915,-0.004062652587890625,1.1781947612762451,2
1771108289555,-0.10949769616127014,0.4386253356933594,0.4094017744064331,2
1771108289662,0.04000452160835266,-0.11619949340820312,0.8643844127655029,2
1771108289771,0.27930253744125366,-0.9057149887084961,0.680324912071228,2
1771108289879,0.43302208185195923,-0.6672563552856445,0.5307996273040771,2
1771108290016,-0.43122580647468567,0.6014204025268555,-0.9617046117782593,2
1771108290117,-0.39118659496307373,-0.2406158447265625,-0.23878884315490723,2
1771108290204,0.3138890266418457,-0.1943531036376953,-0.8827100396156311,2
1771108290313,0.2624780833721161,0.11267662048339844,0.2472604513168335,2
1771108290421,0.24041038751602173,-0.22382259368896484,1.1091868877410889,2
1771108290535,-0.07050392031669617,0.5023975372314453,-0.2995659112930298,2
1771108290639,0.499473512172699,-0.14707660675048828,0.5771726369857788,2
1771108290747,-0.028513314202427864,-0.608036994934082,0.0550462007522583,2
1771108290855,0.23821230232715607,0.20545101165771484,0.16141200065612793,2
1771108290963,0.11988548934459686,0.8907194137573242,0.8350491523742676,2
1771108291103,0.4888375997543335,0.02997875213623047,-0.06820541620254517,2
1771108291181,0.518143892288208,0.02937030792236328,0.053253173828125,2
1771108291288,0.90015709400177,0.7511701583862305,-0.012808799743652344,2
1771108291389,1.184679388999939,0.18957042694091797,0.30362629890441895,2
1771108291499,0.9129830002784729,-0.03442668914794922,1.068597435951233,2
1771108291606,0.4052184224128723,-0.18807125091552734,0.6081246137619019,2
1771108291714,0.08043992519378662,-1.1917791366577148,1.0691111087799072,2
1771108291823,0.4669818878173828,-0.08424758911132812,-0.8400014638900757,2
1771108291931,0.17999601364135742,1.0009384155273438,0.457175612449646,2
1771108292033,0.5888355374336243,-0.04039287567138672,0.6633778810501099,2
1771108292139,0.2979242205619812,0.42646312713623047,0.5328443050384521,2
1771108292241,-0.34490251541137695,0.8446798324584961,0.2582094669342041,2
1771108292348,0.9607753157615662,-0.5412731170654297,-0.7694404125213623,2
1771108292460,0.21846795082092285,-0.41546154022216797,0.1438502073287964,2
1771108292559,0.07298469543457031,-0.4865436553955078,-0.34113872051239014,2
1771108292665,-0.7202886939048767,0.0776214599609375,0.7683049440383911,2
1771108292773,0.9312586188316345,0.8826379776000977,-0.09589910507202148,2
1771108292874,0.9459574818611145,-0.6322460174560547,1.622839093208313,2
1771108292981,-0.29753363132476807,0.5094118118286133,0.5729693174362183,2
1771108293107,0.10528868436813354,-0.39752769470214844,0.17860829830169678,2
1771108293183,0.3133958578109741,-0.353485107421875,0.8461353778839111,2
1771108293291,0.4790123701095581,-0.31966590881347656,0.7581443786621094,2
1771108293399,-0.45958322286605835,0.3774881362915039,-0.33112549781799316,2
1771108293499,0.8729535937309265,0.6388883590698242,-1.026555061340332,2
1771108293607,-1.3352746963500977,0.37026405334472656,-1.1749951839447021,2
1771108293717,0.2929009199142456,-1.0138826370239258,1.4113857746124268,2
1771108293824,-0.33101528882980347,0.08478546142578125,-0.5325686931610107,2
1771108293932,0.5021942257881165,0.8568267822265625,-0.7046952247619629,2
1771108294034,1.95273756980896,0.07243537902832031,1.9168760776519775,2
1771108294152,-0.6086857318878174,0.3579702377319336,0.4550884962081909,2
1771108294249,0.9467033743858337,0.4097738265991211,-0.41125035285949707,2
1771108294358,-1.2238506078720093,1.8838891983032227,-1.5821433067321777,2
1771108294467,-1.028791904449463,-0.7810420989990234,1.5689738988876343,2
1771108294575,0.4188573956489563,0.40885353088378906,0.654621958732605,2
1771108294684,-0.5900512933731079,0.30684471130371094,-0.07020747661590576,2
1771108294786,0.4997815489768982,0.1372509002685547,0.15751254558563232,2
1771108294892,0.5590245127677917,1.1095924377441406,-0.33518290519714355,2
1771108295000,0.26607292890548706,-0.38607215881347656,-0.11715269088745117,2
1771108295143,-1.5143378973007202,0.8440923690795898,-1.1084966659545898,2
1771108295217,-0.5935745239257812,-0.5796270370483398,0.6314600706100464,2
1771108295327,1.3872747421264648,0.35306358337402344,1.1762751340866089,2
1771108295434,-1.163936734199524,-0.16787433624267578,-1.3937439918518066,2
1771108295543,0.8846017718315125,-0.6849460601806641,-0.2962634563446045,2
1771108295651,-0.8073956966400146,-0.3480081558227539,-0.3205786943435669,2
1771108295759,0.2360605001449585,0.18741798400878906,0.8322231769561768,2
1771108295868,0.22136658430099487,-0.7266407012939453,2.528675079345703,2
1771108295976,-0.9197530746459961,-0.028914451599121094,-0.7205867171287537,2
1771108296116,-0.1171644926071167,-0.5018196105957031,0.9270137548446655,2
1771108296195,0.563251256942749,-0.5213632583618164,-0.7208762764930725,2
1771108296301,-0.15905120968818665,0.7551364898681641,0.2750312089920044,2
1771108296409,-0.26012635231018066,0.3643922805786133,-0.944685161113739,2
1771108296510,-0.38614946603775024,-0.1298208236694336,-0.5548685193061829,2
1771108296619,0.6582058668136597,-0.40117931365966797,-0.19531035423278809,2
1771108296727,-0.4852854013442993,-0.2608823776245117,-1.3441448211669922,2
1771108296836,-0.5997769832611084,1.4002361297607422,-2.045161247253418,2
1771108296945,0.531328558921814,1.008559226989746,-1.477465271949768,2
1771108297045,0.4644201397895813,0.36387157440185547,0.14733481407165527,2
1771108297165,-0.532150149345398,-1.129246711730957,1.2982568740844727,2
1771108297269,-0.19423899054527283,0.040958404541015625,0.498745322227478,2
1771108297378,0.763684093952179,1.0419034957885742,-0.7816828489303589,2
1771108297486,-0.6807289719581604,0.4415597915649414,-0.2723519802093506,2
1771108297595,0.47705161571502686,-1.170644760131836,1.0581622123718262,2
1771108297695,0.9930222630500793,1.314387321472168,-1.1633422374725342,2
1771108297803,0.2740171551704407,-0.6485261917114258,1.4922176599502563,2
1771108297915,-1.1303179264068604,-0.6912174224853516,-0.2866421937942505,2
1771108298040,0.014854907989501953,0.5428543090820312,-0.003615856170654297,2
1771108298124,0.9324124455451965,-0.22308635711669922,0.7557885646820068,2
1771108298229,0.1086527407169342,-0.4865570068359375,-0.07858467102050781,2
1771108298337,-1.600191593170166,-0.4463663101196289,-2.7393953800201416,2
1771108298446,0.6687489151954651,0.18727970123291016,-0.4901920557022095,2
1771108298555,-0.5861392021179199,1.4013566970825195,-0.6724467277526855,2
1771108298662,-0.12977072596549988,0.9280633926391602,0.30112552642822266,2
1771108298771,0.05843980610370636,0.08182811737060547,-0.11570632457733154,2
1771108298880,0.1519523411989212,-0.45044803619384766,-0.1239931583404541,2
1771108298981,-0.45963773131370544,0.11851024627685547,-1.3102301359176636,2
1771108299129,-0.07854944467544556,-0.16605663299560547,-1.2986968755722046,2
1771108299189,0.06566561758518219,0.2414875030517578,1.1419203281402588,2
1771108299297,0.3872475028038025,-0.38840675354003906,1.147013783454895,2
1771108299404,-0.788908839225769,0.5633363723754883,-0.38812708854675293,2
1771108299515,-0.47362127900123596,-0.27452659606933594,-1.4553818702697754,2
1771108299621,0.37029972672462463,0.5044927597045898,0.44827091693878174,2
1771108299732,0.042562562972307205,0.192474365234375,-0.36185991764068604,2
1771108299830,0.23312130570411682,0.10580062866210938,-0.3810495138168335,2
1771108299938,0.3338800370693207,1.0275955200195312,-0.6872643232345581,2
1771108300047,0.19194619357585907,-0.8730659484863281,0.08821654319763184,2
1771108300163,-0.08263566344976425,0.36727237701416016,-0.2411813735961914,2
1771108300264,0.8733739852905273,0.6556739807128906,-0.8703036308288574,2
1771108300372,-1.2169610261917114,0.5686836242675781,-1.1183958053588867,2
1771108300481,0.38519924879074097,1.1068391799926758,-0.9089193940162659,2
1771108300589,0.27833181619644165,-1.0904350280761719,1.607147455215454,2
1771108300697,-1.17324960231781,0.7080707550048828,-1.7101134061813354,2
1771108300806,0.410083144903183,-0.4383411407470703,-1.6896215677261353,2
1771108300914,-0.2684856057167053,0.8622283935546875,0.13226735591888428,2
1771108301067,-0.6061522364616394,1.0392141342163086,-1.1973392963409424,2
1771108301155,0.7103701829910278,-0.2811298370361328,0.14229226112365723,2
1771108301240,0.4037143290042877,-1.0642013549804688,-1.2881815433502197,2
1771108301349,-0.21936708688735962,0.2328033447265625,-0.30477583408355713,2
1771108301456,1.1499985456466675,0.011782646179199219,0.5923928022384644,2
1771108301565,0.28526630997657776,0.4759187698364258,2.5272555351257324,2
1771108301673,1.4615352153778076,-0.5436172485351562,1.9496275186538696,2
1771108301783,-0.9986239075660706,0.1456928253173828,-0.5638283491134644,2
1771108301890,0.21856757998466492,0.9645786285400391,-1.7227253913879395,2
1771108301998,-0.32073161005973816,-0.3182086944580078,0.0453876256942749,2
1771108302137,0.49500572681427,0.708622932434082,0.25220048427581787,2
1771108302207,0.07763560861349106,0.5875921249389648,-0.2067577838897705,2
1771108302316,0.7383646368980408,0.4797992706298828,-0.33829665184020996,2
1771108302424,0.24634787440299988,0.4768257141113281,1.2646256685256958,2
1771108302533,0.13274993002414703,-0.7450685501098633,0.569172739982605,2
1771108302641,0.77716463804245,0.982914924621582,1.0232042074203491,2
1771108302751,-0.3255508542060852,1.8000516891479492,-0.7664244174957275,2
1771108302858,-0.12413034588098526,0.8929615020751953,-0.5594431161880493,2
1771108302966,0.6249495148658752,-1.5410404205322266,-1.3930875062942505,2
1771108303070,-1.476689100265503,0.5227632522583008,-0.801433801651001,2
1771108303174,0.2711098790168762,0.8299989700317383,0.9772640466690063,2
1771108303282,0.7476162910461426,0.9838495254516602,0.27296483516693115,2
1771108303391,-0.8679553270339966,0.2853660583496094,-1.6906918287277222,2
1771108303500,-0.12261556088924408,0.590083122253418,-1.4964523315429688,2
1771108303600,0.912882924079895,-0.5248317718505859,1.5578160285949707,2
1771108303708,-1.0473881959915161,1.8496456146240234,-2.15283465385437,2
1771108303818,-0.3379468619823456,-1.0563173294067383,-0.08491432666778564,2
1771108303925,-0.8961948752403259,-0.6402864456176758,0.11638617515563965,2
1771108304065,-0.31605955958366394,0.9185867309570312,-1.7228279113769531,2
1771108304153,-0.634541392326355,1.3375377655029297,0.9558780193328857,2
1771108304259,-0.35365715622901917,-0.3800382614135742,1.1319169998168945,2
1771108304367,0.2099297046661377,-1.1806116104125977,0.7338130474090576,2
1771108304468,0.442865788936615,1.0891838073730469,-2.392348527908325,2
1771108304576,0.9086885452270508,1.6000595092773438,-0.20342659950256348,2
1771108304684,-1.3869564533233643,1.964548110961914,-0.3105350732803345,2
1771108304792,1.305331826210022,0.6573419570922852,1.4817222356796265,2
1771108304902,-0.7445181012153625,0.6808986663818359,-0.5713821649551392,2
1771108305009,0.09906598925590515,-0.493804931640625,1.2412807941436768,2
1771108305130,-0.21157024800777435,0.29805564880371094,1.9594780206680298,2
1771108305234,-0.5776395797729492,-0.45447254180908203,-0.1336911916732788,2
1771108305335,-0.911668598651886,-0.05243682861328125,-2.0947699546813965,2
1771108305443,-0.4457036852836609,0.4919099807739258,-1.3896938562393188,2
1771108305544,-0.3259364366531372,-0.7431297302246094,0.08075761795043945,2
1771108305652,0.8652812242507935,0.6682748794555664,-0.38015246391296387,2
1771108305760,0.8636184334754944,-1.4002103805541992,-0.0503004789352417,2
1771108305869,-0.2286413609981537,1.3254241943359375,0.9517569541931152,2
1771108305977,0.4864109754562378,0.553828239440918,1.5418909788131714,2
1771108306118,-0.7528222799301147,0.08438777923583984,-2.211623430252075,2
1771108306185,-0.5243489146232605,-0.2419872283935547,0.46747875213623047,2
1771108306294,0.02504623867571354,0.6963386535644531,-0.8094483017921448,2
1771108306394,-0.4364570081233978,-0.2468852996826172,-0.7981901168823242,2
1771108306502,-0.22038283944129944,-0.90789794921875,1.1756508350372314,2
1771108306603,-0.7672032117843628,0.01887989044189453,-0.37519311904907227,2
1771108306711,-0.45268094539642334,-0.4984874725341797,-1.2936218976974487,2
1771108306822,0.6370211839675903,0.5289096832275391,-0.7384908199310303,2
1771108306928,0.1214582771062851,-0.9846067428588867,1.428708553314209,2
1771108307098,-0.7578569650650024,-0.5761699676513672,-0.4340769052505493,2
1771108307145,-0.08335340023040771,-0.08666419982910156,-0.40240800380706787,2
1771108307246,-0.6466080546379089,-0.10593986511230469,1.6846041679382324,2
1771108307354,-0.44176119565963745,0.1784839630126953,-0.4575464725494385,2
1771108307462,0.2211056649684906,1.1761188507080078,0.9662315845489502,2
1771108307571,0.26292741298675537,1.5315732955932617,-0.12132430076599121,2
1771108307678,0.01445990800857544,-1.4571504592895508,1.0272300243377686,2
1771108307787,-0.02095046639442444,0.23581790924072266,1.2401463985443115,2
1771108307896,-0.2104589194059372,-0.08966827392578125,-0.5806156396865845,2
1771108308004,-0.011277705430984497,-0.5423612594604492,0.19812536239624023,2
1771108308122,-0.2730717062950134,0.3865985870361328,0.4239081144332886,2
1771108308220,-0.28648918867111206,0.48000431060791016,-0.7292793989181519,2
1771108308321,-0.5437882542610168,-0.7041997909545898,0.3011420965194702,2
1771108308429,-0.15853770077228546,-0.8392972946166992,1.698466420173645,2
1771108308538,-0.03657291829586029,-0.0658111572265625,0.36944282054901123,2
1771108308646,0.3111661672592163,1.1549797058105469,-0.02160787582397461,2
1771108308747,0.2728978991508484,0.3321208953857422,0.4541161060333252,2
1771108308855,0.7565979957580566,-0.00855255126953125,0.9594932794570923,2
1771108308963,-0.7868029475212097,0.5213508605957031,-1.1920390129089355,2
1771108309117,0.17394226789474487,-1.4795207977294922,0.5132997035980225,2
1771108309172,-0.504483163356781,-0.7883596420288086,-0.06645119190216064,2
1771108309280,-0.6502958536148071,0.3594026565551758,-0.4977257251739502,2
1771108309388,-0.8146339654922485,-0.6985969543457031,-1.2760090827941895,2
1771108309496,0.4404318928718567,-0.41517162322998047,0.36940181255340576,2
1771108309605,0.3226650059223175,1.451258659362793,-0.6525025367736816,2
1771108309716,-0.02771582640707493,0.5129337310791016,-1.228488802909851,2
1771108309822,-0.20355576276779175,-0.9573287963867188,0.377791166305542,2
1771108309931,0.13343991339206696,0.16152381896972656,-1.241891860961914,2
1771108310038,0.25988268852233887,0.6654253005981445,0.889289379119873,2
1771108310148,0.5235868692398071,0.8728084564208984,-1.4381486177444458,2
1771108310248,1.1472805738449097,0.7669439315795898,1.4901258945465088,2
1771108310356,0.8418089151382446,0.2788095474243164,-0.3790562152862549,2
1771108310464,-0.7608873844146729,-0.6600551605224609,-0.627470850944519,2
1771108310572,-0.19777946174144745,0.9832401275634766,-0.6894549131393433,2
1771108310682,-1.0468558073043823,-0.642207145690918,-0.1894376277923584,2
1771108310790,0.3422200083732605,-0.6239299774169922,0.3071732521057129,2
1771108310898,0.9223592281341553,1.659296989440918,-0.8577673435211182,2
1771108311007,0.5619555115699768,-0.640843391418457,-0.38983476161956787,2
1771108311141,-0.9021788835525513,-0.9540071487426758,-1.8195134401321411,2
1771108311214,0.3364262580871582,-1.7904014587402344,1.1521034240722656,2
1771108311315,-1.0378162860870361,0.9901561737060547,-1.953368902206421,2
1771108311424,-0.7188148498535156,-0.29497623443603516,0.32085537910461426,2
1771108311531,0.0497199110686779,-0.5357189178466797,1.0568912029266357,2
1771108311642,0.300558477640152,0.9539146423339844,-1.0930931568145752,2
1771108311748,0.5355896949768066,0.06047248840332031,0.8603729009628296,2
1771108311857,0.6171165108680725,1.0721492767333984,0.07341909408569336,2
1771108311965,0.7829999327659607,0.17992305755615234,0.9253246784210205,2
1771108312131,0.3629244267940521,0.9291582107543945,-0.39481639862060547,2
1771108312176,-0.7366235256195068,1.8718538284301758,-2.9182276725769043,2
1771108312282,-0.18224388360977173,-2.172992706298828,0.7488439083099365,2
1771108312391,-0.29679518938064575,-0.3599090576171875,-0.5653648376464844,2
1771108312499,0.905200183391571,1.1352033615112305,0.7858190536499023,2
1771108312608,0.4765995144844055,-1.1299867630004883,1.6185481548309326,2
1771108312716,-0.6906031966209412,1.7402057647705078,-1.3343255519866943,2
1771108312825,-0.42277589440345764,-0.17317867279052734,1.0021061897277832,2
1771108312925,-0.03962257504463196,0.03278064727783203,-0.15471434593200684,2
1771108313033,0.140422523021698,0.5909357070922852,1.5818378925323486,2
1771108313133,0.1386813223361969,-1.1913223266601562,3.420278787612915,2
1771108313241,-1.648138165473938,1.969573974609375,-2.4889769554138184,2
1771108313350,-0.01043131947517395,-0.18471908569335938,-1.4268221855163574,2
1771108313450,0.4996171295642853,-0.5265321731567383,-0.7495601177215576,2
1771108313559,-0.3961966633796692,0.8971319198608398,1.5185227394104004,2
1771108313667,0.5851047039031982,-1.1813793182373047,-0.17008590698242188,2
1771108313776,-0.25742971897125244,0.9773693084716797,-1.3318537473678589,2
1771108313883,-0.8664469718933105,-0.623356819152832,-0.14890193939208984,2
1771108313993,0.19695889949798584,-1.421616554260254,1.6644229888916016,2
1771108314154,-0.7749999761581421,1.3948888778686523,0.3279702663421631,2
1771108314201,-1.3678128719329834,-1.9940624237060547,-2.126862049102783,2
1771108314310,-0.015499681234359741,1.1503849029541016,-0.4668757915496826,2
1771108314417,0.4320349097251892,-0.344757080078125,1.9477038383483887,2
1771108314528,0.17667606472969055,-1.7564959526062012,1.9428224563598633,2
1771108314639,0.7263705730438232,1.9961357116699219,-0.8051141500473022,2
1771108314742,-0.2609943747520447,1.1177358627319336,1.0741193294525146,2
1771108314851,1.1420249938964844,-0.6229019165039062,2.2292428016662598,2
1771108314959,-0.3411993682384491,1.3900384902954102,-2.014680862426758,2
1771108315069,-0.35197824239730835,-0.7985830307006836,-1.5938000679016113,2
1771108315226,0.3665773868560791,1.2218141555786133,-1.1467498540878296,2
1771108315276,-0.07725828886032104,1.6671209335327148,-3.827772855758667,2
1771108315384,-0.7126814126968384,-1.2385568618774414,0.42459774017333984,2
1771108315485,-0.9234167337417603,2.1892261505126953,-1.8543428182601929,2
1771108315593,0.0796612799167633,0.823460578918457,-0.7636349201202393,2
1771108315701,-0.48473113775253296,-1.520064353942871,0.24290156364440918,2
1771108315802,-1.0717189311981201,1.9984798431396484,-0.45918965339660645,2
1771108315905,0.44245338439941406,-1.116551399230957,0.67816162109375,2
1771108316010,-0.43565788865089417,0.5970125198364258,-0.46050286293029785,2
1771108316141,0.47937819361686707,1.643031120300293,-0.5850844383239746,2
1771108316218,-0.4251089096069336,0.7381963729858398,-1.4473717212677002,2
1771108316319,-0.5496801137924194,0.9313173294067383,-0.8467953205108643,2
1771108316428,0.06803950667381287,-1.5559325218200684,-0.43308544158935547,2
1771108316537,-0.5582138299942017,1.7053279876708984,-2.169811248779297,2
1771108316645,-0.05913233757019043,0.5743741989135742,-0.862666130065918,2
1771108316752,0.38421761989593506,-0.7191238403320312,0.25405263900756836,2
1771108316853,-0.06895634531974792,0.5184850692749023,-0.3838632106781006,2
1771108316961,0.21131932735443115,-1.2578191757202148,0.9102001190185547,2
1771108317070,-0.4961039423942566,1.1424274444580078,-0.25756382942199707,2
1771108317178,0.23967628180980682,-0.6821279525756836,0.3695666790008545,2
1771108317280,0.9745010137557983,0.9034481048583984,0.8602395057678223,2
1771108317386,0.5371538400650024,-0.29131317138671875,1.1515727043151855,2
1771108317495,0.20279434323310852,-0.7615737915039062,-0.014004230499267578,2
1771108317596,-0.11304019391536713,2.003337860107422,-0.7569198608398438,2
1771108317704,-0.8059458136558533,-1.6958599090576172,-0.8253254890441895,2
1771108317812,-0.46400225162506104,1.1542644500732422,-1.126389980316162,2
1771108317921,0.6394742727279663,-0.8247766494750977,-0.23119616508483887,2
1771108318028,-0.30786779522895813,0.169586181640625,-0.3249530792236328,2
1771108318137,-0.9024204015731812,1.9309568405151367,-0.9871394634246826,2
1771108318237,-0.6035753488540649,-1.5118331909179688,-0.06443190574645996,2
1771108318346,-0.4031423330307007,0.28040504455566406,-1.468644142150879,2
1771108318446,-0.5900728702545166,-1.2115650177001953,-0.5074152946472168,2
1771108318554,0.042813174426555634,1.5063095092773438,-0.7941875457763672,2
1771108318663,0.35789069533348083,-0.04204559326171875,-1.3719412088394165,2
1771108318771,-0.6411687135696411,-1.7018346786499023,-1.5799617767333984,2
1771108318881,0.6996748447418213,-0.09628009796142578,-2.4516680240631104,2
1771108318987,-0.40283823013305664,-1.3538732528686523,1.27067232131958,2
1771108319105,0.7443985342979431,-1.623000144958496,-0.021121978759765625,2
1771108319205,-0.9861642122268677,0.6120319366455078,-2.819876194000244,2
1771108319314,-0.31332358717918396,-0.8197021484375,1.3099801540374756,2
1771108319422,-0.8609140515327454,0.6526403427124023,-1.2479318380355835,2
1771108319531,0.2259657084941864,0.8151636123657227,-0.7363772392272949,2
1771108319639,-0.4939779043197632,-1.849034309387207,0.12156343460083008,2
1771108319753,-0.4842543601989746,0.6043930053710938,-0.03755307197570801,2
1771108319855,-0.6320229768753052,-0.09934139251708984,-3.247054100036621,2
1771108319956,0.2418385148048401,0.15465736389160156,2.123845100402832,2
1771108320064,-0.6144957542419434,1.029592514038086,-1.9939405918121338,2
1771108320172,0.396068811416626,-1.1244049072265625,0.6071300506591797,2
1771108320281,-0.013756148517131805,-0.7024135589599609,1.6545857191085815,2
1771108320389,0.6085888147354126,0.239349365234375,0.5215365886688232,2
1771108320498,0.03124116361141205,-1.0121173858642578,-1.3437044620513916,2
1771108320607,-0.41740211844444275,1.0702247619628906,-2.188854217529297,2
1771108320715,-0.43439990282058716,0.5311298370361328,-1.4431657791137695,2
1771108320825,-0.5333173274993896,-1.365041732788086,0.5607470273971558,2
1771108320932,-0.765831470489502,0.17006683349609375,-0.32756173610687256,2
1771108321041,-0.2412242591381073,1.823613166809082,-0.5008585453033447,2
1771108321171,-0.8408113718032837,-0.23560714721679688,-2.036397695541382,2
1771108321248,-1.4890720844268799,0.2792367935180664,0.48631858825683594,2
1771108321357,0.5308547019958496,0.1184844970703125,0.47054314613342285,2
1771108321465,1.7808477878570557,-0.47048187255859375,0.9189136028289795,2
1771108321566,-1.1654852628707886,0.5507011413574219,0.9464590549468994,2
1771108321675,-0.039691656827926636,-1.0251579284667969,-0.5247058868408203,2
1771108321782,0.34151655435562134,-0.3551311492919922,-0.811850905418396,2
1771108321884,-0.6102479696273804,0.0734701156616211,-0.8630727529525757,2
1771108321991,-0.7037233710289001,-1.632430076599121,-0.4902384281158447,2
1771108322146,0.2702248990535736,1.2419509887695312,0.11635661125183105,2
1771108322201,-0.3658595085144043,-0.045452117919921875,0.1936197280883789,2
1771108322309,1.6887054443359375,0.3087606430053711,0.04507279396057129,2
1771108322416,0.4765535593032837,0.9620475769042969,0.737987756729126,2
1771108322525,0.08368764817714691,0.48121166229248047,2.257225513458252,2
1771108322633,0.4460928738117218,-0.9174089431762695,1.1919517517089844,2
1771108322742,0.1406290978193283,0.6250162124633789,2.878251791000366,2
1771108322842,0.6072009205818176,0.014284133911132812,-0.6810302734375,2
1771108322949,-1.1415711641311646,-1.572432518005371,-1.3113042116165161,2
1771108323058,-1.0056354999542236,-1.2483978271484375,-1.2772126197814941,2
1771108323170,-1.8304181098937988,-0.1165323257446289,-1.6262516975402832,2
1771108323277,-0.5151815414428711,-0.07395172119140625,-0.6338436603546143,2
1771108323384,-0.15814408659934998,0.8524761199951172,-0.8154778480529785,2
1771108323492,0.38201215863227844,-0.46533966064453125,0.42623281478881836,2
1771108323592,-0.42861780524253845,0.8088836669921875,-0.21321940422058105,2
1771108323700,0.076274074614048,0.1257343292236328,1.207301378250122,2
1771108323809,-1.1390632390975952,-0.7480583190917969,-1.5246812105178833,2
1771108323917,-0.03906264901161194,-0.4290018081665039,0.1159369945526123,2
1771108324025,-0.39787188172340393,0.39943504333496094,-0.10806131362915039,2
1771108324155,-0.073916956782341,-0.18965435028076172,-1.0871343612670898,2
1771108324234,-0.32614392042160034,-1.639328956604004,0.7526049613952637,2
1771108324342,1.5021023750305176,-0.9962072372436523,1.3083727359771729,2
1771108324451,-0.6074473261833191,-1.214273452758789,0.6795413494110107,2
1771108324559,-1.4899907112121582,-1.6046810150146484,1.2845227718353271,2
1771108324668,1.5202608108520508,1.7873353958129883,-0.43883609771728516,2
1771108324776,0.7452967166900635,0.11881446838378906,1.2130322456359863,2
1771108324884,1.672315239906311,1.265608787536621,1.067336082458496,2
1771108324992,-0.713721513748169,-0.758519172668457,1.0043964385986328,2
1771108325098,-1.2031439542770386,-1.3474607467651367,-0.18567752838134766,2
1771108325201,0.4749486446380615,0.934971809387207,0.6850070953369141,2
1771108325302,0.059520699083805084,2.063847541809082,-2.391148328781128,2
1771108325412,-0.1734742671251297,-1.421743392944336,-2.274777889251709,2
1771108325519,0.29323628544807434,0.28725624084472656,0.7375798225402832,2
1771108325628,-0.13418105244636536,0.3565864562988281,-2.605778455734253,2
1771108325736,1.216672420501709,-0.7383708953857422,0.30468225479125977,2
1771108325836,-0.36809825897216797,0.3181476593017578,2.073014974594116,2
1771108325946,0.43340131640434265,2.039003372192383,-0.23599696159362793,2
1771108326053,0.3723507225513458,-0.8163185119628906,0.4073026180267334,2
1771108326182,-0.3918861746788025,-0.3089466094970703,-0.5300037860870361,2
1771108326269,0.4464402198791504,-0.01567363739013672,0.5131325721740723,2
1771108326378,-0.17973840236663818,-1.4222917556762695,0.7725894451141357,2
1771108326487,0.439375102519989,-0.573695182800293,0.16530966758728027,2
1771108326595,-0.18807029724121094,0.16224956512451172,0.7457506656646729,2
1771108326703,0.07969743013381958,0.5763235092163086,0.14163661003112793,2
1771108326812,0.15373748540878296,0.03850841522216797,-1.0154626369476318,2
1771108326920,-0.6695588231086731,0.17704010009765625,-0.8709839582443237,2
1771108327028,-0.1476779580116272,-0.454498291015625,0.7861738204956055,2
1771108327132,0.0964956283569336,0.9688339233398438,0.14940810203552246,2
1771108327236,0.7111318707466125,0.4301633834838867,0.23551511764526367,2
1771108327337,0.09241825342178345,-0.3508768081665039,-0.2809927463531494,2
1771108327445,-0.22126096487045288,-1.5134639739990234,0.7693853378295898,2
1771108327545,0.4683818817138672,1.9624519348144531,-2.2066025733947754,2
1771108327654,-0.9305990934371948,0.38319969177246094,-1.2750630378723145,2
1771108327763,-0.9056982398033142,-0.7263011932373047,-2.0270514488220215,2
1771108327863,0.22827374935150146,-0.4467754364013672,0.12814950942993164,2
1771108327970,0.4236927628517151,-0.7297420501708984,-0.5611226558685303,2
1771108328093,-0.44853222370147705,0.6024436950683594,0.5443220138549805,2
1771108328179,-0.0587383508682251,-0.9627866744995117,0.4061625003814697,2
1771108328288,-0.02797919511795044,-0.27875518798828125,-0.8875160217285156,2
1771108328396,-0.4206295311450958,-0.9378929138183594,-0.32004451751708984,2
1771108328508,0.3068385124206543,-0.052341461181640625,-0.5112115144729614,2
1771108328613,-1.2195937633514404,-0.5881671905517578,-1.2956651449203491,2
1771108328721,-0.0017293095588684082,-1.3528270721435547,-0.3406522274017334,2
1771108328830,-0.7070629596710205,0.2802286148071289,0.08778953552246094,2
1771108328939,0.41941994428634644,-0.3000640869140625,0.8543503284454346,2
1771108329046,-0.6609547138214111,-0.2315530776977539,-1.395296573638916,2
1771108329148,-0.047120869159698486,-0.30914878845214844,-0.6893994808197021,2
1771108329255,0.2646239995956421,0.6694421768188477,0.43996500968933105,2
1771108329365,0.03243201971054077,1.1725521087646484,-0.0366053581237793,2
1771108329471,-0.5155460834503174,-0.7139978408813477,-1.2065775394439697,2
1771108329572,-0.6839389801025391,0.5806522369384766,-0.41808390617370605,2
1771108329682,0.33139026165008545,-0.27303314208984375,1.2059495449066162,2
1771108329782,-0.14344769716262817,0.9875307083129883,-0.36999011039733887,2
1771108329889,-0.1966571807861328,0.04241657257080078,0.091094970703125,2
1771108329997,0.20201808214187622,-1.407247543334961,0.483123779296875,2
1771108330137,-0.22219711542129517,1.324385643005371,-0.030754566192626953,2
1771108330198,-0.5298861265182495,0.914154052734375,0.3956162929534912,2
1771108330305,-0.21986550092697144,-1.0840768814086914,0.6864457130432129,2
1771108330406,-0.2711607813835144,1.483912467956543,-1.656144618988037,2
1771108330514,-0.12194639444351196,0.611180305480957,0.05478549003601074,2
1771108330623,-0.19065365195274353,-1.0602645874023438,1.5494208335876465,2
1771108330731,0.009326517581939697,-0.16982173919677734,-1.7666643857955933,2
1771108330840,-0.34454381465911865,0.009358406066894531,-0.7724217176437378,2
1771108330940,-0.35810473561286926,1.3560619354248047,-1.2778942584991455,2
1771108331052,-0.2646715044975281,0.34452342987060547,1.408043384552002,2
1771108331150,-0.9656780958175659,1.8463926315307617,-1.5886436700820923,2
1771108331256,-0.30266499519348145,-0.2579526901245117,-0.6729792356491089,2
1771108331357,-1.0951604843139648,0.6834182739257812,-0.7997097969055176,2
1771108331458,-1.0387179851531982,-0.9421777725219727,-1.9168362617492676,2
1771108331565,-0.29196110367774963,-0.5653486251831055,-1.5574722290039062,2
1771108331674,-0.16265538334846497,-0.012956619262695312,1.8913888931274414,2
1771108331775,0.2114170789718628,0.2911996841430664,0.20755505561828613,2
1771108331882,0.20897769927978516,2.0109853744506836,-0.19504356384277344,2
1771108331990,-0.13856714963912964,-1.3497438430786133,1.020538330078125,2
1771108332118,0.5999366641044617,-1.1062297821044922,2.963348388671875,2
1771108332202,-0.5344606637954712,0.7262649536132812,-1.0977139472961426,2
1771108332308,-0.492635041475296,-1.5644721984863281,-1.5074357986450195,2
1771108332415,-0.1843022108078003,1.6329545974731445,0.35944700241088867,2
1771108332516,0.35519713163375854,-0.983856201171875,0.11048150062561035,2
1771108332624,-0.328134685754776,1.6052942276000977,-0.9215455055236816,2
1771108332725,0.9329894781112671,-0.039501190185546875,1.7740082740783691,2
1771108332832,-0.3539692163467407,1.703329086303711,-0.8251928091049194,2
1771108332942,-0.22184127569198608,-0.19336986541748047,0.4273662567138672,2
1771108333050,0.22569817304611206,-1.345158576965332,0.5353059768676758,2
1771108333158,-1.3432106971740723,1.6454095840454102,-2.691993236541748,2
1771108333267,0.6271818280220032,-0.6462125778198242,2.5051498413085938,2
1771108333375,0.44545137882232666,-0.2347583770751953,-0.03150343894958496,2
1771108333484,-0.02175202965736389,0.3620128631591797,-0.3495151996612549,2
1771108333584,0.9334706664085388,-1.296433448791504,1.6413824558258057,2
1771108333691,-0.8292363882064819,0.808140754699707,-2.2402002811431885,2
1771108333792,0.7039558291435242,-1.341684341430664,0.9260711669921875,2
1771108333901,-0.44639042019844055,0.28162384033203125,-0.9252519607543945,2
1771108334010,-0.20327228307724,1.2982196807861328,0.03497052192687988,2
1771108334121,0.23142671585083008,-2.0900611877441406,1.680262565612793,2
1771108334226,0.6047605872154236,0.6200380325317383,-0.16977500915527344,2
1771108334326,0.42020177841186523,0.36332225799560547,0.5974903106689453,2
1771108334435,-0.03262054920196533,0.7168521881103516,-1.2278475761413574,2
1771108334545,0.30362504720687866,1.5430355072021484,-0.5736150741577148,2
1771108334652,-0.4619048833847046,-0.9043312072753906,-0.3358464241027832,2
1771108334760,-0.3824901580810547,-0.2773151397705078,-1.3356112241744995,2
1771108334868,-0.5951368808746338,1.3935680389404297,-0.7106961011886597,2
1771108334968,0.019693434238433838,-1.1571989059448242,1.5684430599212646,2
1771108335092,0.6819043159484863,-0.755488395690918,0.996060848236084,2
1771108335206,-0.532857358455658,1.7223873138427734,-0.9857672452926636,2
1771108335294,0.019981563091278076,-1.3606767654418945,1.4298391342163086,2
1771108335401,0.4262857437133789,0.6429347991943359,0.7226667404174805,2
1771108335510,-0.4852945804595947,1.2890663146972656,-0.6203327178955078,2
1771108335619,-0.3350883722305298,-1.7709698677062988,1.3201112747192383,2
1771108335727,1.0764999389648438,0.5137233734130859,0.3811614513397217,2
1771108335838,-0.37703606486320496,0.31984615325927734,0.46427297592163086,2
1771108335944,0.06326502561569214,-1.5072660446166992,-0.1512155532836914,2
1771108336052,-0.0674893856048584,1.7152671813964844,-0.4342067241668701,2
1771108336162,-0.48234647512435913,1.790623664855957,-1.2551543712615967,2
1771108336269,0.1760367751121521,-1.641618251800537,1.1395244598388672,2
1771108336380,-0.0045951008796691895,0.8306751251220703,-0.5387496948242188,2
1771108336486,-0.2647969722747803,2.0401573181152344,0.608938455581665,2
1771108336596,0.37372487783432007,-0.5429239273071289,1.412405014038086,2
1771108336704,0.8929407596588135,-0.0367279052734375,-0.562932014465332,2
1771108336812,-1.0307729244232178,1.3888845443725586,-2.136087417602539,2
1771108336914,0.709843099117279,-1.2257051467895508,0.4667634963989258,2
1771108337020,-0.4577796459197998,0.4113273620605469,-1.5177922248840332,2
1771108337126,0.3473029136657715,-1.8440942764282227,0.9692223072052002,2
1771108337229,0.944046139717102,-0.12095260620117188,0.3931925296783447,2
1771108337337,-0.8025684952735901,1.0121088027954102,-1.2568261623382568,2
1771108337445,0.6898696422576904,-0.2574605941772461,0.14929986000061035,2
1771108337547,0.19037467241287231,-0.38782405853271484,-0.5363514423370361,2
1771108337654,-0.430422842502594,1.332169532775879,-0.4870021343231201,2
1771108337762,0.045218586921691895,-0.9805870056152344,0.8508844375610352,2
1771108337863,0.17699891328811646,1.2038955688476562,-0.5763475894927979,2
1771108337972,-0.7322856187820435,0.18129825592041016,-2.9845311641693115,2
1771108338071,0.9392330050468445,-1.9942541122436523,0.16057062149047852,2
1771108338178,0.5979956388473511,0.4848947525024414,0.5695700645446777,2
1771108338279,-0.11028867959976196,-1.6025571823120117,0.8414320945739746,2
1771108338382,0.9660176038742065,0.3116436004638672,2.1214990615844727,2
1771108338481,1.173064947128296,-0.033477783203125,0.6520774364471436,2
1771108338588,0.3229488730430603,-0.5662345886230469,1.6316454410552979,2
1771108338697,-0.6210066080093384,1.4660797119140625,-1.8259894847869873,2
1771108338804,0.4299910068511963,-0.041937828063964844,1.2174718379974365,2
1771108338905,0.21733438968658447,1.1174345016479492,-0.6108260154724121,2
1771108339013,-0.8789194822311401,0.6141996383666992,-2.6377525329589844,2
1771108339125,-0.06780952215194702,-1.8279571533203125,0.5147581100463867,2
1771108339230,0.22190821170806885,1.0929365158081055,0.713850736618042,2
1771108339339,-1.0517115592956543,1.723794937133789,-2.1130192279815674,2
1771108339447,0.5756320953369141,0.9530668258666992,1.0553369522094727,2
1771108339557,0.4739285707473755,-0.580012321472168,2.2433245182037354,2
1771108339664,-0.1571139693260193,-0.3421773910522461,-0.7408685684204102,2
1771108339772,0.9960811138153076,-0.6878700256347656,1.7899720668792725,2
1771108339880,0.0006322264671325684,-0.025669097900390625,2.3292429447174072,2
1771108339989,-0.0531926155090332,0.8481168746948242,-0.9686000347137451,2
1771108340137,0.2815043330192566,-0.6289606094360352,3.1516952514648438,2
1771108340227,-0.32087811827659607,0.2592916488647461,-0.577702522277832,2
1771108340315,0.3439054489135742,0.9783544540405273,1.2098124027252197,2
1771108340423,-0.40512150526046753,0.3046703338623047,-0.23303794860839844,2
1771108340531,-0.019318819046020508,-1.5057401657104492,-0.8317203521728516,2
1771108340639,-0.20568588376045227,0.8400802612304688,0.12390422821044922,2
1771108340739,-0.21903058886528015,0.37763214111328125,-1.5581676959991455,2
1771108340848,0.3278665244579315,-1.3423967361450195,1.970243215560913,2
1771108340956,-0.2857801616191864,0.07177448272705078,0.7919201850891113,2
1771108341065,-0.01974812150001526,0.8201847076416016,-0.20520663261413574,2
1771108341173,0.18915724754333496,0.08188629150390625,-0.2858794927597046,2
1771108341282,0.043607860803604126,-0.6440744400024414,1.0094246864318848,2
1771108341390,-0.6495707631111145,0.026595115661621094,-0.8470040559768677,2
1771108341499,0.3038577735424042,-0.7316350936889648,-0.2915388345718384,2
1771108341607,-0.6954299211502075,-1.0028629302978516,-0.8964967727661133,2
1771108341715,-0.11219042539596558,-0.2729043960571289,-0.660788893699646,2
1771108341824,-1.0020501613616943,-0.12217426300048828,-0.7731451988220215,2
1771108341933,-0.4494629502296448,-0.865203857421875,-0.8289110660552979,2
1771108342043,-0.3971248269081116,-0.32181549072265625,0.2567126750946045,2
1771108342150,0.5595263838768005,1.304427146911621,1.4576547145843506,2
1771108342257,0.6110661625862122,-0.053847312927246094,0.26186513900756836,2
1771108342357,-0.23966345191001892,-1.0949697494506836,-0.24445152282714844,2
1771108342468,-0.027014851570129395,0.1470012664794922,-1.8141520023345947,2
1771108342578,0.5915808081626892,0.7995548248291016,-0.42644834518432617,2
1771108342682,0.3498828411102295,-0.9063510894775391,-0.33074069023132324,2
1771108342791,-0.16893309354782104,0.6102495193481445,-0.5317093133926392,2
1771108342900,-0.9634623527526855,-0.3360319137573242,-1.531646490097046,2
1771108343008,-0.27605533599853516,-0.30180835723876953,0.4345405101776123,2
1771108343127,-0.45196330547332764,-0.36853790283203125,2.2215735912323,2
1771108343238,0.4067041277885437,-0.27874088287353516,0.09298086166381836,2
1771108343342,-0.5933922529220581,-0.22957706451416016,0.7552056312561035,2
1771108343450,0.2820506691932678,0.5329732894897461,0.5177450180053711,2
1771108343559,0.09805816411972046,0.7634363174438477,1.4278950691223145,2
1771108343667,0.17146843671798706,-0.9340524673461914,0.931434154510498,2
1771108343776,0.12852710485458374,-1.3020448684692383,-0.16588640213012695,2
1771108343888,-0.6178510189056396,0.1565380096435547,-2.881829023361206,2
1771108343992,-1.0591965913772583,-0.41655921936035156,-3.0815720558166504,2
1771108344103,-0.21477165818214417,-1.112213134765625,-1.0835243463516235,2
1771108344201,0.14462214708328247,0.4864788055419922,1.65704345703125,2
1771108344309,0.1954236775636673,-1.196258544921875,2.3096301555633545,2
1771108344418,-0.023337513208389282,-1.5868520736694336,0.434207558631897,2
1771108344518,-0.09630082547664642,1.327840805053711,0.5254329442977905,2
1771108344620,0.16847661137580872,-1.0661087036132812,0.48087406158447266,2
1771108344726,-0.23781895637512207,0.12335681915283203,-0.7471938133239746,2
1771108344837,-0.2692677676677704,-0.38068199157714844,-1.946108341217041,2
1771108344943,-0.05105897784233093,-1.1291942596435547,2.091757297515869,2
1771108345051,-0.10403642058372498,1.2176685333251953,-2.446167469024658,2
1771108345160,0.8144336938858032,0.9482994079589844,0.16582751274108887,2
1771108345271,0.11753109097480774,-1.691072940826416,2.519843101501465,2
1771108345377,0.9172983765602112,-0.11138725280761719,0.589667797088623,2
1771108345485,0.5934043526649475,2.1190052032470703,-1.540649652481079,2
1771108345593,0.14694872498512268,-1.5974712371826172,0.9593551158905029,2
1771108345701,0.5013509392738342,0.2610054016113281,1.1570825576782227,2
1771108345802,-0.1543181836605072,2.1587419509887695,-0.7305338382720947,2
1771108345911,-0.15617209672927856,-1.5047054290771484,0.33518528938293457,2
1771108346019,0.43528813123703003,-0.9016799926757812,1.8112833499908447,2
1771108346161,-0.16682595014572144,-1.406214714050293,3.098512649536133,2
1771108346284,0.04650986194610596,-1.7955083847045898,-0.0407869815826416,2
1771108346345,-0.02010047435760498,-1.305624008178711,0.7515168190002441,2
1771108346452,-0.12097561359405518,1.3044776916503906,-1.790147066116333,2
1771108346563,-0.7301622629165649,1.7510786056518555,-1.5862081050872803,2
1771108346669,0.4041309952735901,-0.9533586502075195,1.1090843677520752,2
1771108346778,1.2091480493545532,0.19454383850097656,-0.18217849731445312,2
1771108346886,0.24638396501541138,1.6149444580078125,-1.6314237117767334,2
1771108346995,-0.6024140119552612,0.21697139739990234,-0.16985654830932617,2
1771108347116,0.5552620887756348,0.41886329650878906,1.2199184894561768,2
1771108347220,-0.2638305425643921,-0.6358642578125,-3.3584206104278564,2
1771108347320,0.8214163780212402,-1.3679494857788086,-0.3437669277191162,2
1771108347429,0.31225764751434326,-1.5203008651733398,1.809340476989746,2
1771108347537,-0.23717373609542847,1.2205543518066406,-2.202272415161133,2
1771108347637,-0.164337158203125,-0.12445545196533203,-0.0411067008972168,2
1771108347745,0.08975911140441895,-0.22829914093017578,0.9412355422973633,2
1771108347846,-0.729478120803833,0.25259971618652344,-2.913412570953369,2
1771108347954,0.6956702470779419,-1.8025083541870117,1.82958984375,2
1771108348062,-0.6782602071762085,-0.7601461410522461,0.19985318183898926,2
1771108348285,0.20809078216552734,0.024672508239746094,0.614642858505249,2
1771108348285,0.20809078216552734,0.024672508239746094,0.614642858505249,2
1771108348379,0.16302841901779175,-1.1423530578613281,0.6936297416687012,2
1771108348490,-0.4159587025642395,0.007999420166015625,-2.585116386413574,2
1771108348596,0.4339008331298828,-0.6664104461669922,0.8926608562469482,2
1771108348704,0.3795928359031677,-0.1292858123779297,1.489483118057251,2
1771108348805,-0.5161728262901306,1.3701114654541016,-1.6840931177139282,2
1771108348913,0.09947824478149414,-1.038726806640625,0.3736729621887207,2
1771108349022,-0.2283540666103363,1.3813791275024414,-1.501184105873108,2
1771108349132,-0.3706037402153015,0.3827381134033203,0.577648401260376,2
1771108349238,-0.4566408395767212,-0.5259408950805664,-0.5914702415466309,2
1771108349347,0.06308430433273315,-0.7754745483398438,-1.0009498596191406,2
1771108349456,-0.7837253212928772,2.243472099304199,-2.872410535812378,2
1771108349564,-0.7026838064193726,-1.5865354537963867,-1.1217548847198486,2
1771108349672,-0.24113628268241882,-1.1319780349731445,-1.2826893329620361,2
1771108349781,0.27646884322166443,1.7915401458740234,-2.028679370880127,2
1771108349889,-0.38424259424209595,-0.34571075439453125,-1.4128494262695312,2
1771108349998,0.6448346376419067,-1.2254514694213867,1.0546462535858154,2
1771108350115,-0.4000656306743622,0.27459049224853516,-0.3525419235229492,2
1771108350213,-0.6467009782791138,0.05119037628173828,-2.024404287338257,2
1771108350316,0.5155330896377563,-1.6238079071044922,2.6873714923858643,2
1771108350424,0.2128651738166809,1.448080062866211,-1.811095118522644,2
1771108350531,-0.7081360816955566,1.4779415130615234,-1.152922511100769,2
1771108350640,-1.0147360563278198,-2.287235736846924,-0.13320279121398926,2
1771108350747,0.3337746262550354,0.47937583923339844,-1.4090977907180786,2
1771108350856,0.10851287841796875,1.7261829376220703,-0.6163805723190308,2
1771108350964,0.7389892935752869,-0.14681053161621094,3.71392560005188,2
1771108351074,0.11645406484603882,-0.6870002746582031,0.5786683559417725,2
1771108351181,0.1399979591369629,1.2870244979858398,-1.8149182796478271,2
1771108351293,-0.9087110757827759,1.3252077102661133,-0.8369283676147461,2
1771108351390,-0.35240089893341064,-2.1186695098876953,0.4533255100250244,2
1771108351498,0.498312771320343,1.290999412536621,-0.8345952033996582,2
1771108351607,-0.5244032144546509,0.7412605285644531,0.35321545600891113,2
1771108351715,-0.0790984034538269,-0.9684123992919922,2.11194109916687,2
1771108351824,0.9483506083488464,-1.182356834411621,-0.5040581226348877,2
1771108351932,0.19437605142593384,1.7686824798583984,0.8753929138183594,2
1771108352040,0.4886818528175354,-0.6077518463134766,2.1843409538269043,2
1771108352148,0.31616443395614624,-1.7522473335266113,1.666153907775879,2
1771108352257,0.38161349296569824,1.488870620727539,-0.6556093692779541,2
1771108352366,-0.46240663528442383,2.822772979736328,-1.3889846801757812,2
1771108352474,0.2522682547569275,-1.8983755111694336,1.664160966873169,2
1771108352582,0.18765372037887573,0.43843555450439453,-0.12864089012145996,2
1771108352691,-0.19670554995536804,2.3458614349365234,-1.500716209411621,2
1771108352792,0.08280044794082642,-1.2254133224487305,1.4069759845733643,2
1771108352899,0.09865319728851318,-1.2338333129882812,-2.2473583221435547,2
1771108353008,-0.5611780285835266,1.7381925582885742,-0.9868350028991699,2
1771108353144,-0.739770770072937,1.9757633209228516,-1.9799355268478394,2
1771108353224,-0.07158482074737549,-1.6147069931030273,-0.1346428394317627,2
1771108353333,-0.37154340744018555,1.543691635131836,-1.465322494506836,2
1771108353435,-0.23956862092018127,-1.3793611526489258,0.9430978298187256,2
1771108353541,0.7365379333496094,-0.8891525268554688,1.9648866653442383,2
1771108353650,-0.3074854910373688,1.9984846115112305,-2.4946372509002686,2
1771108353750,0.19154244661331177,-1.8553886413574219,1.4539883136749268,2
1771108353858,-0.15229302644729614,0.43259620666503906,-0.7960875034332275,2
1771108353966,-0.9089370369911194,1.3940620422363281,-4.577101707458496,2
1771108354105,-0.19966256618499756,0.22361087799072266,-1.0774503946304321,2
1771108354183,-0.4358609616756439,-0.1912851333618164,-1.5375856161117554,2
1771108354318,-0.22426468133926392,-1.9185729026794434,1.9760725498199463,2
1771108354393,-0.6334692239761353,-1.5376091003417969,0.6464180946350098,2
1771108354500,-0.0541934072971344,-1.1283445358276367,-0.6052396297454834,2
1771108354610,-0.2740255892276764,0.4761543273925781,-1.9049530029296875,2
1771108354709,-0.06058570742607117,0.2501211166381836,1.4627997875213623,2
1771108354817,0.2669563591480255,-0.4160490036010742,-0.4185500144958496,2
1771108354927,-1.019282579421997,1.6532669067382812,-2.6115803718566895,2
1771108355034,0.14731013774871826,1.4142942428588867,0.5643777847290039,2
1771108355148,-0.5230216979980469,-1.0435609817504883,-2.090639591217041,2
1771108355251,-0.3526476323604584,1.0112590789794922,-1.5964975357055664,2
1771108355360,-0.09022960066795349,1.8106107711791992,-0.9084808826446533,2
1771108355468,-0.7253589034080505,-0.41234302520751953,-1.5179839134216309,2
1771108355576,0.05315673351287842,-1.927140712738037,-1.5293962955474854,2
1771108355684,0.24822789430618286,-0.5014991760253906,0.5209918022155762,2
1771108355793,0.05927214026451111,0.8570222854614258,-0.9252827167510986,2
1771108355901,0.6029889583587646,0.4053316116333008,2.107632637023926,2
1771108356010,0.45944881439208984,-0.520751953125,1.29471755027771,2
1771108356130,0.8325163722038269,0.43425941467285156,3.1476993560791016,2
1771108356234,0.7049968838691711,-0.46705150604248047,-1.552283763885498,2
1771108356335,0.07212018966674805,-1.2603330612182617,-2.966177225112915,2
1771108356443,-0.17835304141044617,0.2733469009399414,0.6886727809906006,2
1771108356551,0.14928275346755981,1.0974960327148438,-0.12397933006286621,2
1771108356652,1.1651089191436768,-0.816864013671875,0.40705013275146484,2
1771108356760,0.2092772126197815,-0.29806041717529297,2.746149778366089,2
1771108356868,-0.6735578775405884,0.9414043426513672,-3.1453919410705566,2
1771108356977,0.667277991771698,0.6786346435546875,2.458528995513916,2
1771108357126,-0.429526150226593,0.5922842025756836,-1.8471405506134033,2
1771108357198,-0.17912545800209045,0.1720714569091797,-1.750098705291748,2
1771108357303,-0.08099561929702759,1.175276756286621,-0.5550832748413086,2
1771108357410,0.42802131175994873,0.3655967712402344,0.7922441959381104,2
1771108357511,0.6256017684936523,1.365921974182129,-0.3182260990142822,2
1771108357620,0.34839993715286255,0.12515640258789062,-0.3728346824645996,2
1771108357728,0.32710888981819153,-1.088191032409668,-0.3441739082336426,2
1771108357836,-0.4266965985298157,-0.09278011322021484,0.5223476886749268,2
1771108357944,-0.0520247220993042,-0.2266836166381836,-1.7493950128555298,2
1771108358052,-0.24523156881332397,1.229482650756836,-0.687493085861206,2
1771108358156,0.5907095670700073,-0.49683189392089844,1.7108075618743896,2
1771108358261,-0.5954747200012207,-1.0078716278076172,-0.5816829204559326,2
1771108358369,0.22207623720169067,-0.006687164306640625,-0.799763560295105,2
1771108358478,0.35495448112487793,0.637176513671875,-1.3907774686813354,2
1771108358586,0.20397785305976868,-1.3963603973388672,2.1443397998809814,2
1771108358695,0.06791141629219055,-0.687687873840332,2.179090976715088,2
1771108358803,0.04418507218360901,1.1744890213012695,0.09674191474914551,2
1771108358903,0.347844660282135,-0.10407543182373047,-2.0312283039093018,2
1771108359012,-0.018008887767791748,-1.4222908020019531,1.2182738780975342,2
1771108359124,-0.0804864764213562,2.0853891372680664,-2.8014328479766846,2
1771108359229,0.581788182258606,1.150792121887207,-1.936522364616394,2
1771108359363,0.007616698741912842,1.4746713638305664,-3.616433620452881,2
1771108359445,0.6317702531814575,-0.4673490524291992,2.228687047958374,2
1771108359554,0.32777437567710876,1.890645980834961,-1.8055686950683594,2
1771108359662,0.4700028896331787,-0.4354686737060547,-0.7960193157196045,2
1771108359771,-0.9344782829284668,-1.6488370895385742,0.722477912902832,2
1771108359880,0.12810778617858887,-1.0555944442749023,-0.8502455949783325,2
1771108359989,-0.034949302673339844,0.8598442077636719,-0.2225480079650879,2
1771108360104,-0.05941915512084961,1.8128862380981445,-0.7218997478485107,2
1771108360205,-0.8200613856315613,-0.994074821472168,1.084043264389038,2
1771108360314,-0.04745137691497803,0.11747169494628906,0.9092833995819092,2
1771108360421,-0.343641996383667,0.3641681671142578,1.336284875869751,2
1771108360531,-0.5378336310386658,0.811004638671875,-0.35472631454467773,2
1771108360630,-0.29315614700317383,-0.5950069427490234,-0.06191587448120117,2
1771108360738,0.4161434769630432,1.1827831268310547,0.7862234115600586,2
1771108360848,0.32574743032455444,2.195955276489258,-0.5754232406616211,2
1771108360955,-0.32466599345207214,-0.27625274658203125,-1.5367624759674072,2
1771108361112,0.6691830158233643,0.28929901123046875,1.9000864028930664,2
1771108361171,0.7341501712799072,2.376821517944336,-1.9904627799987793,2
1771108361280,0.24945256114006042,1.4336891174316406,0.5385274887084961,2
1771108361382,-0.434417188167572,-1.2428979873657227,-0.778834342956543,2
1771108361489,1.0840468406677246,1.7028818130493164,1.502932071685791,2
1771108361597,0.14874345064163208,1.268355369567871,-1.5530755519866943,2
1771108361706,-0.16511881351470947,-1.2840733528137207,-0.6780951023101807,2
1771108361814,0.3226664066314697,-0.0011262893676757812,0.7780439853668213,2
1771108361923,-0.35642337799072266,0.6442422866821289,-2.4053049087524414,2
1771108362030,0.675949215888977,0.4172172546386719,-0.4107842445373535,2
1771108362149,0.23626822233200073,-0.2745628356933594,-0.47907233238220215,2
1771108362257,0.5879138708114624,-0.16445350646972656,-0.07549667358398438,2
1771108362375,0.40710413455963135,-0.5455236434936523,0.9975552558898926,2
1771108362472,-0.1430307924747467,0.06408309936523438,-1.055471420288086,2
1771108362581,0.1260107159614563,-1.983497142791748,1.5701489448547363,2
1771108362689,0.22888243198394775,-1.1171655654907227,-0.27118992805480957,2
1771108362798,0.481943279504776,1.6106300354003906,-0.7492082118988037,2
1771108362906,-0.2246468961238861,-1.2262067794799805,1.127373456954956,2
1771108363015,0.40323764085769653,-1.8714265823364258,0.33556652069091797,2
1771108363144,0.058475494384765625,-1.859550952911377,1.1041693687438965,2
1771108363231,-0.9525529146194458,0.04813957214355469,-3.190183401107788,2
1771108363339,0.7115127444267273,-0.5794258117675781,3.7821531295776367,2
1771108363440,-0.7554377317428589,1.2442703247070312,-2.757488965988159,2
1771108363549,-0.026559799909591675,2.4173974990844727,0.3081090450286865,2
1771108363656,-0.28624364733695984,-0.8493537902832031,0.28099989891052246,2
1771108363757,0.4807007908821106,1.3415346145629883,-1.6311031579971313,2
1771108363866,-0.8637969493865967,0.5016069412231445,-2.841658353805542,2
1771108363974,-0.5461676716804504,-0.6738271713256836,-0.8978875875473022,2
1771108364101,-0.430469810962677,-1.6148443222045898,0.9011695384979248,2
1771108364182,0.15122461318969727,2.0182619094848633,-0.1268765926361084,2
1771108364283,-0.2818867266178131,-2.554105758666992,0.4730241298675537,2
1771108364391,0.9110366106033325,0.13980865478515625,1.7288410663604736,2
1771108364499,0.8876062631607056,1.3991918563842773,-2.6070339679718018,2
1771108364609,-0.32571399211883545,-0.07831859588623047,-0.5474958419799805,2
1771108364716,-0.08117562532424927,-1.553898811340332,0.46305227279663086,2
1771108364825,0.3060334324836731,1.4913921356201172,0.02720963954925537,2
1771108364933,0.004386484622955322,2.342148780822754,-0.0794062614440918,2
1771108365041,-0.18072661757469177,-0.7318086624145508,0.8388499021530151,2
1771108365145,0.36656761169433594,0.4853639602661133,-1.9025297164916992,2
1771108365249,-0.8571971654891968,2.1064987182617188,-1.379707932472229,2
1771108365351,0.27247869968414307,-0.7883777618408203,1.9284579753875732,2
1771108365459,0.44424527883529663,-1.453953742980957,0.8307197093963623,2
1771108365566,-0.24587994813919067,0.5685949325561523,-2.22060489654541,2
1771108365667,-0.48386120796203613,0.7438364028930664,-0.3954143524169922,2
1771108365775,0.0019835829734802246,-1.835352897644043,0.3828752040863037,2
1771108365884,-0.12402224540710449,-0.07880878448486328,-0.637305736541748,2
1771108365984,0.1967853307723999,2.135836601257324,-1.5811325311660767,2
1771108366109,-1.4953687191009521,1.404189109802246,-2.22544527053833,2
1771108366193,-0.8987284898757935,0.3094806671142578,-2.181889772415161,2
1771108366300,-0.3836817443370819,2.1434011459350586,-1.9871736764907837,2
1771108366409,0.8145225048065186,0.4137611389160156,2.1590166091918945,2
1771108366517,0.3381076157093048,-2.3559064865112305,1.9170482158660889,2
1771108366625,0.46726876497268677,1.527841567993164,-1.4206430912017822,2
1771108366734,-0.06226971745491028,-0.474395751953125,1.6217920780181885,2
1771108366844,-0.4079076647758484,-1.619363784790039,1.017136573791504,2
1771108366950,1.096297025680542,-0.9000711441040039,1.8656070232391357,2
1771108367060,-0.06508708000183105,0.5555934906005859,-2.3686470985412598,2
1771108367181,-0.34053486585617065,-1.315272331237793,0.4473764896392822,2
1771108367275,-0.22656705975532532,-2.3792171478271484,0.6348943710327148,2
1771108367415,0.5428144931793213,0.15267276763916016,3.7645516395568848,2
1771108367486,-0.14543622732162476,0.05270862579345703,-0.5099241733551025,2
1771108367594,0.8722853064537048,-0.8361244201660156,1.0436925888061523,2
1771108367701,0.0750722885131836,1.3430004119873047,-2.0817952156066895,2
1771108367809,-0.2585509121417999,2.0694475173950195,-1.8552992343902588,2
1771108367910,0.5256298184394836,-1.5753703117370605,-0.45972108840942383,2
1771108368018,0.10562610626220703,0.4734487533569336,-0.5385441780090332,2
1771108368123,0.0632820725440979,0.009682655334472656,1.4348809719085693,2
1771108368226,-0.24078959226608276,-0.9724407196044922,1.4416532516479492,2
1771108368338,-0.17182061076164246,-0.3483400344848633,-1.8574903011322021,2
1771108368438,0.15309953689575195,0.39091014862060547,-1.5072404146194458,2
1771108368544,0.22710970044136047,-0.8964481353759766,1.0021998882293701,2
1771108368656,0.3101443648338318,-0.7571487426757812,-0.7671935558319092,2
1771108368762,-0.21104028820991516,2.5207109451293945,-1.698004961013794,2
1771108368873,0.04839742183685303,-1.8161420822143555,1.6516287326812744,2
1771108368970,0.11184275150299072,0.7020444869995117,0.7953977584838867,2
1771108369078,-0.5682368278503418,1.2004289627075195,-1.9258434772491455,2
1771108369187,0.18258517980575562,-0.767115592956543,1.605839490890503,2
1771108369296,0.06946474313735962,-1.7002601623535156,0.5502753257751465,2
1771108369575,-0.3425375819206238,1.4237480163574219,-0.45837974548339844,2
1771108369575,-0.3425375819206238,1.4237480163574219,-0.45837974548339844,2
1771108369633,-0.16506564617156982,1.2124824523925781,-0.15096259117126465,2
1771108369729,0.3722706437110901,0.5885944366455078,-0.9340298175811768,2
1771108369837,-1.2889879941940308,1.2371892929077148,-4.301959037780762,2
1771108369945,-0.5338414907455444,-1.4459848403930664,-1.0815060138702393,2
1771108370054,0.6490810513496399,-0.8982114791870117,-1.7170683145523071,2
1771108370188,0.4377793073654175,-0.9796762466430664,0.337357759475708,2
1771108370271,0.2417953610420227,1.3668537139892578,-0.9172377586364746,2
1771108370379,0.31772416830062866,0.8878707885742188,-0.5979568958282471,2
1771108370489,-0.21514096856117249,0.6514520645141602,0.12842226028442383,2
1771108370596,-0.20997607707977295,2.1140594482421875,0.5497667789459229,2
1771108370704,-0.13730847835540771,-0.47181129455566406,0.4237065315246582,2
1771108370813,-0.03668731451034546,0.03736400604248047,-1.6784183979034424,2
1771108370926,-1.5842618942260742,1.6766586303710938,-3.4310250282287598,2
1771108371029,-0.03803962469100952,-0.1932058334350586,-1.3172558546066284,2
1771108371144,0.23371052742004395,-1.3319740295410156,1.7013475894927979,2
1771108371241,-1.422109603881836,1.1583213806152344,-3.065058469772339,2
1771108371346,0.5649965405464172,-0.9167318344116211,1.4561264514923096,2
1771108371455,-0.8475348353385925,-0.9859466552734375,-1.5579910278320312,2
1771108371554,-0.2229968011379242,1.2925348281860352,-0.2472541332244873,2
1771108371663,-0.40495312213897705,-0.1533031463623047,-0.5000908374786377,2
1771108371773,0.4247477054595947,-0.6592750549316406,1.546006202697754,2
1771108371880,-1.1614329814910889,0.7639245986938477,-2.1005449295043945,2
1771108371988,-0.11621809005737305,-1.0275630950927734,0.48961472511291504,2
1771108372100,0.4747629165649414,-1.6540231704711914,0.8951187133789062,2
1771108372205,-0.3310684859752655,0.7005729675292969,-1.674696445465088,2
1771108372313,-0.5230696797370911,1.519765853881836,-0.9858940839767456,2
1771108372437,-0.5866583585739136,0.5105047225952148,-0.029949665069580078,2
1771108372522,-0.5757969617843628,0.5127496719360352,-0.5068684816360474,2
1771108372631,0.7268871068954468,0.9178056716918945,3.208404302597046,2
1771108372741,0.8684447407722473,-0.0028734207153320312,0.5097920894622803,2
1771108372847,-0.15710479021072388,1.2633638381958008,-0.0973508358001709,2
1771108372956,-0.506287693977356,1.3302412033081055,1.1542036533355713,2
1771108373064,-0.33170321583747864,-1.332535743713379,0.2891271114349365,2
1771108373173,-0.3581135869026184,-1.5481071472167969,-0.9929366111755371,2
1771108373282,-0.7173131704330444,0.45256519317626953,-1.5776678323745728,2
1771108373390,-0.3918134272098541,0.20132160186767578,2.1235594749450684,2
1771108373498,0.4680272042751312,-0.5595388412475586,1.310654640197754,2
1771108373606,-0.1854928433895111,-0.4246377944946289,0.3545958995819092,2
1771108373715,-0.8872706294059753,-0.07687091827392578,-1.2988388538360596,2
1771108373815,-0.13869497179985046,-0.23838424682617188,-0.37361979484558105,2
1771108373923,0.32075685262680054,-0.8210916519165039,0.3624328374862671,2
1771108374031,-0.7022325992584229,-0.21223926544189453,-2.5804548263549805,2
1771108374148,-0.46204283833503723,1.2905559539794922,-0.800126314163208,2
1771108374248,-0.341909259557724,-1.6595959663391113,0.5572695732116699,2
1771108374357,0.217525452375412,-0.7519998550415039,-0.7602188587188721,2
1771108374459,1.4198880195617676,1.1851940155029297,-0.626874566078186,2
1771108374565,0.5126626491546631,-0.7351131439208984,1.4677937030792236,2
1771108374680,0.5353561639785767,-0.36291980743408203,1.6846301555633545,2
1771108374782,0.25610190629959106,1.384993553161621,-0.8322983980178833,2
1771108374892,0.29353898763656616,0.7515010833740234,-0.21743083000183105,2
1771108374999,0.5003883838653564,-0.7937860488891602,1.1938419342041016,2
1771108375136,0.390392541885376,-0.3448448181152344,0.2641322612762451,2
1771108375217,-0.3341336250305176,0.820591926574707,-2.3659110069274902,2
1771108375324,0.8783724308013916,1.6112489700317383,2.460388422012329,2
1771108375448,0.5880450010299683,-0.5764293670654297,-0.9915524125099182,2
1771108375542,0.33400359749794006,1.1291465759277344,0.9425984621047974,2
1771108375645,0.3371301591396332,-0.3690509796142578,-0.6452269554138184,2
1771108375750,0.18302229046821594,0.11448383331298828,-0.5376328229904175,2
1771108375858,0.5828619599342346,-0.5983448028564453,-0.15070390701293945,2
1771108375968,-0.1327720582485199,-0.005543708801269531,-1.5754499435424805,2
1771108376096,0.577273964881897,0.4255943298339844,0.7752156257629395,2
1771108376183,0.8064343929290771,0.5555534362792969,-0.12004327774047852,2
1771108376292,0.11954954266548157,-0.18983173370361328,1.296441912651062,2
1771108376401,-0.30438297986984253,-1.6746740341186523,0.07203567028045654,2
1771108376509,0.1676844358444214,-0.056756019592285156,2.381227493286133,2
1771108376610,0.30517566204071045,2.4145431518554688,0.6044783592224121,2
1771108376717,-0.09838631749153137,-0.2833738327026367,0.7658442258834839,2
1771108376827,0.5529437065124512,0.9956188201904297,1.1189002990722656,2
1771108376934,-0.7384089827537537,0.7075290679931641,-3.1565322875976562,2
1771108377042,1.3307722806930542,0.7911920547485352,2.2484946250915527,2
1771108377151,0.465179979801178,-0.8670978546142578,3.27370548248291,2
1771108377259,-0.14765337109565735,1.4876699447631836,-0.08752822875976562,2
1771108377360,1.1213302612304688,1.4549245834350586,-1.4548923969268799,2
1771108377460,0.8002841472625732,-0.49772071838378906,2.3757009506225586,2
1771108377568,-0.368792861700058,1.548757553100586,-1.5444599390029907,2
1771108377677,0.36152195930480957,2.1346874237060547,-1.2242937088012695,2
1771108377787,0.6158208847045898,1.5846176147460938,1.962646245956421,2
1771108377887,-0.19020414352416992,-0.822575569152832,0.7331240177154541,2
1771108377993,0.6221851706504822,1.8083839416503906,-0.41734790802001953,2
1771108378119,0.011327683925628662,1.7039213180541992,-0.25917482376098633,2
1771108378210,-0.23929327726364136,-1.3574895858764648,1.0056700706481934,2
1771108378312,0.6094411611557007,1.0628786087036133,-1.4247758388519287,2
1771108378419,-1.0006741285324097,1.4008445739746094,-1.5777617692947388,2
1771108378527,0.3538609743118286,-0.7285728454589844,1.249211311340332,2
1771108378628,0.2847718596458435,-0.38860225677490234,0.2779815196990967,2
1771108378736,-0.45328834652900696,0.5453472137451172,-0.4797098636627197,2
1771108378836,-0.3801977336406708,0.5309467315673828,1.601046085357666,2
1771108378947,-0.04817688465118408,-1.3028135299682617,1.5872011184692383,2
1771108379052,0.3531001806259155,-0.8724088668823242,0.4355452060699463,2
1771108379160,-1.2994167804718018,0.31239795684814453,-2.5643115043640137,2
1771108379269,-0.6770120859146118,0.539271354675293,-2.584429979324341,2
1771108379369,-0.49788784980773926,-1.5096373558044434,0.580909013748169,2
1771108379478,-0.05489015579223633,-0.831024169921875,1.3034851551055908,2
1771108379585,0.3013572096824646,2.4911718368530273,-0.8897109031677246,2
1771108379685,-0.48275962471961975,-2.0142135620117188,1.9582550525665283,2
1771108379795,0.4213825464248657,-1.1517925262451172,1.2559220790863037,2
1771108379902,-0.4593299329280853,0.5832681655883789,-2.269174575805664,2
1771108380013,-0.22925424575805664,0.760035514831543,-1.5905735492706299,2
1771108380121,-0.4595392346382141,-0.9632692337036133,3.453315019607544,2
1771108380228,-0.13974496722221375,-1.4977283477783203,1.2634615898132324,2
1771108380338,-0.4053686559200287,0.5330648422241211,-2.1954505443573,2
1771108380463,0.8366057276725769,-0.6661338806152344,1.3776421546936035,2
1771108380545,0.3566683530807495,-2.001471519470215,2.9023611545562744,2
1771108380653,0.30721384286880493,1.810124397277832,-0.06474995613098145,2
1771108380762,0.045838236808776855,2.7044801712036133,-0.3480861186981201,2
1771108380862,-0.7509152889251709,-1.824953556060791,1.6800062656402588,2
1771108380971,-0.10674577951431274,0.024078369140625,1.909623622894287,2
1771108381082,-0.283149778842926,2.241520881652832,-2.750474452972412,2
1771108381187,0.14840644598007202,1.7144756317138672,-0.8312726020812988,2
1771108381296,-0.8196613788604736,-2.106503486633301,-1.1856002807617188,2
1771108381404,0.09550493955612183,0.1413898468017578,0.986882209777832,2
1771108381513,0.041784197092056274,1.855978012084961,-2.754995822906494,2
1771108381621,0.26757657527923584,0.6551971435546875,-0.37890124320983887,2
1771108381730,-1.1755461692810059,-2.2106218338012695,-1.9571998119354248,2
1771108381838,0.7190874814987183,0.49051856994628906,-1.5325173139572144,2
1771108381946,0.6064960360527039,2.36917781829834,-0.716443657875061,2
1771108382054,-0.15357336401939392,0.047102928161621094,0.0004677772521972656,2
1771108382162,0.4323650002479553,-1.9147529602050781,1.7477034330368042,2
1771108382263,0.31316399574279785,0.7738800048828125,-3.1476032733917236,2
1771108382371,0.20960065722465515,-0.5955734252929688,-0.2464141845703125,2
1771108382474,-0.14518065750598907,-2.6899662017822266,1.3920655250549316,2
1771108382580,0.06655281782150269,0.5044078826904297,-4.563158988952637,2
1771108382681,-0.10046881437301636,-1.1701421737670898,-0.8932638168334961,2
1771108382788,0.2377936840057373,-1.6380705833435059,1.2022974491119385,2
1771108382897,0.5228736400604248,-0.11774921417236328,0.5149796009063721,2
1771108383006,-0.36948347091674805,0.30346202850341797,-2.8652162551879883,2
1771108383119,1.4954577684402466,1.5074615478515625,-0.6684167385101318,2
1771108383214,1.2896486520767212,0.3966560363769531,0.45542097091674805,2
1771108383322,0.8936355710029602,-1.9159808158874512,-1.105070948600769,2
1771108383430,0.24916565418243408,3.566143035888672,1.0987112522125244,2
1771108383533,0.5017898082733154,1.0855112075805664,-5.669826507568359,2
1771108383639,1.078466534614563,-2.9363207817077637,1.4811968803405762,2
1771108383747,-0.26825404167175293,-1.364532470703125,0.3309755325317383,2
1771108383848,0.7941703200340271,-0.14153099060058594,0.6103079319000244,2
1771108383956,0.6125952005386353,0.8616485595703125,1.4702343940734863,2
1771108384067,-0.1965838074684143,2.3163938522338867,-0.9674086570739746,2
1771108384171,-0.2672293186187744,-0.17535686492919922,2.523556709289551,2
1771108384273,0.536492645740509,-1.1264781951904297,0.7855072021484375,2
1771108384381,0.455006867647171,-1.026092529296875,1.8841203451156616,2
1771108384490,-0.6926575899124146,-0.7570953369140625,-0.6695824861526489,2
1771108384601,-0.4398980140686035,-2.928757667541504,0.006917834281921387,2
1771108384707,0.11114370822906494,0.06500911712646484,2.4701333045959473,2
1771108384815,1.368410587310791,2.316433906555176,-0.05320596694946289,2
1771108384923,-0.2525193691253662,4.942342758178711,-3.598968505859375,2
1771108385032,-0.06460124254226685,-0.7547998428344727,0.8148040771484375,2
1771108385152,0.21076726913452148,-2.6903533935546875,0.5877475738525391,2
1771108385257,-0.4204937815666199,-3.3177332878112793,-0.5393147468566895,2
1771108385366,0.25906187295913696,-0.9614572525024414,0.969680905342102,2
1771108385494,0.6843166947364807,0.6544322967529297,-0.07852673530578613,2
1771108385574,0.24684292078018188,1.4103593826293945,1.8055881261825562,2
1771108385683,-0.4891936480998993,-1.006779670715332,-0.19855189323425293,2
1771108385783,-0.6422553658485413,-1.237320899963379,-2.594895839691162,2
1771108385890,0.24634456634521484,0.20573806762695312,-0.49099063873291016,2
1771108385999,-0.2743189334869385,0.4049186706542969,-1.3756126165390015,2
1771108386107,-0.16571563482284546,0.1361217498779297,1.1754286289215088,2
1771108386217,-0.2522113025188446,-0.9692831039428711,1.8682126998901367,2
1771108386324,-0.4606504738330841,0.8804540634155273,-2.1995909214019775,2
1771108386434,-0.10281887650489807,1.102076530456543,-0.4229937791824341,2
1771108386542,-1.1729947328567505,-0.3591766357421875,-0.4187701940536499,2
1771108386650,0.03254023194313049,-0.6026334762573242,-0.45938849449157715,2
1771108386758,0.0373496413230896,-0.9123592376708984,1.8675572872161865,2
1771108386870,0.012873873114585876,-0.06147480010986328,-0.6340543031692505,2
1771108386974,0.3728170692920685,1.3413982391357422,-0.7573161125183105,2
1771108387084,-0.3513444662094116,-1.5946664810180664,2.5900864601135254,2
1771108387192,-0.1629173755645752,-0.5465402603149414,2.450932502746582,2
1771108387301,-0.35909539461135864,-0.9008378982543945,-1.1559044122695923,2
1771108387410,0.931885838508606,-0.5822772979736328,0.3475022315979004,2
1771108387519,-0.5202771425247192,-0.4161386489868164,-2.723959445953369,2
1771108387627,0.8476452827453613,0.16569232940673828,0.21467280387878418,2
1771108387734,-0.8980929851531982,-1.453603744506836,0.08801603317260742,2
1771108387842,-0.17787113785743713,-0.8442840576171875,-0.540618896484375,2
1771108387943,0.05111783742904663,1.2385177612304688,-1.5870447158813477,2
1771108388051,0.03278335928916931,0.9117975234985352,-1.1653459072113037,2
1771108388152,0.007501661777496338,0.3340644836425781,2.017644166946411,2
1771108388259,0.5324521064758301,-0.9727067947387695,0.8269846439361572,2
1771108388367,0.09477734565734863,-0.5426845550537109,1.805171012878418,2
1771108388476,-0.14916586875915527,0.0766134262084961,0.12379717826843262,2
1771108388585,-0.053996771574020386,1.0643548965454102,-1.110510230064392,2
1771108388685,0.7078636884689331,-0.10025596618652344,1.9251768589019775,2
1771108388793,0.19488471746444702,-0.937687873840332,1.140815258026123,2
1771108388902,0.7526764273643494,-0.10011482238769531,-0.15012907981872559,2
1771108389010,-0.3007787764072418,0.2761859893798828,-0.5053203105926514,2
1771108389128,-0.19639921188354492,0.5599689483642578,-0.9793281555175781,2
1771108389226,-0.4132845401763916,0.6206750869750977,1.1931147575378418,2
1771108389336,0.10769540071487427,-0.9149408340454102,0.12489748001098633,2
1771108389445,0.6884403228759766,-0.4303874969482422,0.568324089050293,2
1771108389552,-0.902751088142395,1.3766584396362305,-1.7819693088531494,2
1771108389661,-0.16228923201560974,1.358290672302246,-0.5608029365539551,2
1771108389769,-0.39633315801620483,-0.13516712188720703,0.10030293464660645,2
1771108389877,0.5687270760536194,-0.3216981887817383,1.6634411811828613,2
1771108389986,-1.3059766292572021,1.4221935272216797,-0.9049289226531982,2
1771108390107,0.43419986963272095,0.5191431045532227,-0.12860631942749023,2
1771108390210,0.1731467843055725,1.2860536575317383,-0.950926661491394,2
1771108390320,-0.5287066102027893,-0.6181278228759766,0.8117005825042725,2
1771108390427,-0.1186637282371521,-1.4437971115112305,0.616600751876831,2
1771108390533,-0.15898817777633667,0.8459348678588867,1.0174529552459717,2
1771108390636,-0.24947047233581543,0.8529834747314453,-2.0187182426452637,2
1771108390744,-0.7292914986610413,0.6703958511352539,-1.1178213357925415,2
1771108390855,-1.0151573419570923,-0.7769403457641602,-0.34161376953125,2
1771108390961,0.6880121827125549,0.6354532241821289,-0.7306525707244873,2
1771108391069,-0.5619670152664185,2.0948314666748047,-3.4134087562561035,2
1771108391170,-0.33542537689208984,-0.3695392608642578,0.8589377403259277,2
1771108391278,-0.2781687080860138,-0.8154497146606445,0.9029185771942139,2
1771108391387,-0.6085653305053711,-0.7206077575683594,-0.4170243740081787,2
1771108391495,1.010775089263916,0.3585691452026367,-2.6617798805236816,2
1771108391604,0.9517987370491028,0.4708108901977539,1.976402759552002,2
1771108391712,-0.5440664887428284,-1.7123775482177734,-0.28354430198669434,2
1771108391820,-0.8341675996780396,-0.5063486099243164,1.026825189590454,2
1771108391929,0.6008536219596863,1.6074113845825195,-0.5434994697570801,2
1771108392037,0.13334441184997559,1.6347846984863281,-2.489760398864746,2
1771108392149,-0.16989704966545105,-0.3965616226196289,-1.8762143850326538,2
1771108392254,-0.8460056781768799,-1.105757713317871,-1.890903353691101,2
1771108392363,-0.5189737677574158,0.36952686309814453,0.18503212928771973,2
1771108392470,0.09264114499092102,-0.4487638473510742,-0.03468680381774902,2
1771108392579,0.5532585382461548,-0.12559127807617188,0.9404513835906982,2
1771108392680,1.1432898044586182,-0.1931629180908203,2.647653818130493,2
1771108392787,-0.28953251242637634,0.4224109649658203,0.5302436351776123,2
1771108392888,0.42584702372550964,1.8575458526611328,1.228952407836914,2
1771108392996,0.23383814096450806,1.3431158065795898,-0.007544994354248047,2
1771108393153,-0.11449342966079712,1.3236799240112305,0.6062139272689819,2
1771108393213,0.25001367926597595,0.3404512405395508,-0.40135347843170166,2
1771108393321,-0.4773418605327606,-1.333282470703125,0.811339259147644,2
1771108393432,0.7023106813430786,-1.3574914932250977,1.962820053100586,2
1771108393556,0.6590051054954529,-1.0906152725219727,1.9188953638076782,2
1771108393647,0.18679487705230713,1.6127967834472656,-0.9343067407608032,2
1771108393755,0.741192102432251,2.245859146118164,-0.6900308132171631,2
1771108393855,0.2960023880004883,-1.2876520156860352,0.08793234825134277,2
1771108393963,-0.6954304575920105,-0.774998664855957,-0.07028508186340332,2
1771108394073,-0.60402512550354,0.6739950180053711,-0.9798409938812256,2
1771108394190,-0.4314512014389038,0.5227870941162109,-0.7053134441375732,2
1771108394289,1.0512933731079102,1.7499761581420898,0.2549021244049072,2
1771108394397,-0.5244570374488831,-1.876894474029541,1.2132847309112549,2
1771108394506,0.32545459270477295,-0.7009716033935547,1.2815220355987549,2
1771108394615,-0.8085479736328125,0.16245365142822266,0.4414055347442627,2
1771108394723,-0.5284638404846191,0.9774894714355469,-0.1796433925628662,2
1771108394831,0.3980511724948883,0.009236335754394531,-1.3726470470428467,2
1771108394939,-0.24914711713790894,0.3741798400878906,2.451108455657959,2
1771108395047,-0.16277962923049927,-0.35808563232421875,0.6426446437835693,2
1771108395159,-0.5942343473434448,1.1464614868164062,0.30812811851501465,2
1771108395265,0.7877565622329712,0.6761045455932617,-0.8791825771331787,2
1771108395373,0.3905557096004486,0.8933887481689453,0.0934438705444336,2
1771108395481,-0.023130320012569427,-0.2932777404785156,0.09604597091674805,2
1771108395590,0.18369995057582855,0.14561080932617188,3.030916452407837,2
1771108395698,-0.29096707701683044,-0.9471111297607422,0.4084453582763672,2
1771108395807,-0.2709086835384369,-0.7477540969848633,-2.0743589401245117,2
1771108395915,0.768230140209198,2.1191024780273438,-0.025079011917114258,2
1771108396015,0.34116330742836,-0.7036380767822266,0.9861886501312256,2
1771108396155,0.4473191797733307,2.272930145263672,-1.2603919506072998,2
1771108396234,-0.5364271402359009,1.3341922760009766,-1.8071664571762085,2
1771108396340,0.08828508853912354,1.2781829833984375,-4.16095495223999,2
1771108396452,0.11369314044713974,-0.8954648971557617,0.19884347915649414,2
1771108396579,0.5346637964248657,0.5996265411376953,-0.9627394676208496,2
1771108396657,0.24100133776664734,1.3725395202636719,-2.820546865463257,2
1771108396766,0.17157399654388428,2.04617977142334,-1.0232326984405518,2
1771108396874,0.30518707633018494,-0.7001504898071289,-0.801206111907959,2
1771108396983,0.08439058810472488,-1.7194890975952148,0.07771515846252441,2
1771108397126,0.2766520380973816,1.6813163757324219,1.5437893867492676,2
1771108397192,0.378862202167511,1.6452417373657227,-0.4448230266571045,2
1771108397299,-0.2199077308177948,-0.07334709167480469,-0.748924970626831,2
1771108397408,-0.4870167076587677,-0.24259567260742188,1.717123031616211,2
1771108397508,0.0565466545522213,1.4104928970336914,-2.1752114295959473,2
1771108397609,0.17018038034439087,-0.9728260040283203,-0.1221168041229248,2
1771108397716,-0.7969818115234375,-1.6310052871704102,-1.2888871431350708,2
1771108397825,0.7299929261207581,0.35355281829833984,0.877960205078125,2
1771108397925,-0.17066524922847748,1.830021858215332,-0.5224571228027344,2
1771108398033,0.21288743615150452,0.4985971450805664,-1.4447227716445923,2
1771108398153,-1.3881529569625854,-0.41051197052001953,-2.5831844806671143,2
1771108398258,0.05319555103778839,-0.7749652862548828,1.8363416194915771,2
1771108398359,-0.43485134840011597,1.2361841201782227,-1.965804100036621,2
1771108398467,0.25196629762649536,1.320012092590332,1.3431994915008545,2
1771108398586,0.9872114658355713,0.49227237701416016,-0.5143197774887085,2
1771108398683,0.1350814253091812,-1.5664176940917969,0.8272058963775635,2
1771108398784,-0.11636112630367279,-0.5938968658447266,-0.8115133047103882,2
1771108398893,0.3288261890411377,0.6921234130859375,1.1991350650787354,2
1771108399000,-0.4388423562049866,-0.12157440185546875,-0.2025899887084961,2
1771108399135,-0.10626453161239624,1.8491554260253906,-1.626672625541687,2
1771108399217,0.12966512143611908,-0.8853950500488281,0.7165718078613281,2
1771108399326,0.21131590008735657,-0.11178302764892578,-3.354025363922119,2
1771108399434,-0.043220698833465576,1.2947702407836914,-0.25173211097717285,2
1771108399542,-0.4069516062736511,-0.39524078369140625,1.2228713035583496,2
1771108399651,0.4187949299812317,-1.143111228942871,0.6975629329681396,2
1771108399751,-0.35101771354675293,0.8801708221435547,-2.080360174179077,2
1771108399860,-0.47375160455703735,0.6675872802734375,0.5751056671142578,2
1771108399968,0.828599750995636,-1.1467056274414062,2.2271945476531982,2
1771108400076,0.01795165240764618,-0.2574033737182617,-0.44176721572875977,2
1771108400185,0.156063511967659,1.5287389755249023,-1.6816473007202148,2
1771108400293,-0.05455666780471802,0.8354005813598633,-1.2191561460494995,2
1771108400394,0.8279497027397156,-0.5355558395385742,2.67680025100708,2
1771108400501,0.7066653966903687,0.18350791931152344,0.42017507553100586,2
1771108400632,-0.12552598118782043,-1.9917125701904297,1.3029229640960693,2
1771108400715,-0.08649300038814545,0.4815711975097656,1.5775048732757568,2
1771108400818,0.3215060234069824,-1.5559048652648926,-0.09896588325500488,2
1771108400927,0.037092894315719604,0.7665443420410156,-0.6322696208953857,2
1771108401035,-0.769379734992981,0.3488473892211914,-2.3089599609375,2
1771108401142,-0.16576018929481506,0.006207466125488281,-1.2905194759368896,2
1771108401244,-0.029352515935897827,-0.4705181121826172,1.1038448810577393,2
1771108401345,0.41867098212242126,0.9897308349609375,-1.3448070287704468,2
1771108401453,-0.5174440145492554,-0.18336963653564453,-1.0354373455047607,2
1771108401561,-0.010291453450918198,-0.9605503082275391,0.12309718132019043,2
1771108401662,-0.8171515464782715,0.4146842956542969,-1.302369475364685,2
1771108401770,0.899213433265686,1.5970373153686523,0.8799464702606201,2
1771108401870,0.8678143620491028,-0.8519763946533203,2.085186004638672,2
1771108401979,-0.8636099696159363,1.138777732849121,-2.838594675064087,2
1771108402112,-0.024963021278381348,-0.4038810729980469,-1.4488499164581299,2
1771108402187,0.25148338079452515,-0.8125686645507812,2.0775375366210938,2
1771108402295,-0.49363213777542114,-0.43649864196777344,-2.2485647201538086,2
1771108402403,0.025848284363746643,1.646183967590332,-0.18160676956176758,2
1771108402513,0.47485414147377014,1.6829357147216797,1.8618946075439453,2
1771108402621,0.24172960221767426,-1.9351577758789062,-0.3000302314758301,2
1771108402721,-0.28359025716781616,1.2580556869506836,-0.6710991859436035,2
1771108402830,0.8553380370140076,0.09237289428710938,-0.27170228958129883,2
1771108402937,-0.6063261032104492,-1.7636404037475586,0.561511754989624,2
1771108403046,1.1442842483520508,0.13188838958740234,2.9500834941864014,2
1771108403154,0.6008008718490601,1.9676570892333984,-1.42982017993927,2
1771108403263,0.32812151312828064,0.8184871673583984,0.5658349990844727,2
1771108403371,-0.6767913699150085,-1.1512212753295898,1.1343448162078857,2
1771108403479,0.8125947713851929,-0.24097251892089844,1.6406903266906738,2
1771108403607,1.204464316368103,-0.36597156524658203,-0.23952722549438477,2
1771108403688,0.036718375980854034,-1.1527976989746094,1.4990184307098389,2
1771108403797,0.2918916940689087,-0.4252309799194336,-0.20132231712341309,2
1771108403905,-0.258501261472702,0.9818878173828125,-3.300297498703003,2
1771108404013,-0.13730666041374207,0.5834884643554688,-1.6958070993423462,2
1771108404125,-1.2343357801437378,0.03791236877441406,-0.6369142532348633,2
1771108404223,-0.03255831450223923,-0.05669689178466797,-1.1315540075302124,2
1771108404330,0.32775402069091797,1.2691106796264648,-1.4872678518295288,2
1771108404439,-0.40843966603279114,-1.9483470916748047,-0.4439260959625244,2
1771108404547,0.23590508103370667,-1.248671531677246,-0.244887113571167,2
1771108404648,0.7265076637268066,1.6960325241088867,-1.4887940883636475,2
1771108404756,0.12832938134670258,0.9121036529541016,-0.6378848552703857,2
1771108404864,-0.28537803888320923,-1.5065574645996094,-0.6909996271133423,2
1771108404972,-0.00016126316040754318,-0.4018077850341797,1.8464884757995605,2
1771108405108,-0.6145011186599731,-0.6932687759399414,0.43415307998657227,2
1771108405189,0.36986473202705383,1.0128250122070312,-0.5849430561065674,2
1771108405297,-0.2832292318344116,-0.050004005432128906,0.3212008476257324,2
1771108405406,0.09565092623233795,0.3970661163330078,0.23344779014587402,2
1771108405515,0.3574061989784241,0.23316192626953125,-0.1402425765991211,2
1771108405630,-0.044491179287433624,-0.0961008071899414,-0.24902796745300293,2
1771108405732,-0.24270522594451904,-0.4039783477783203,1.1633336544036865,2
1771108405840,-0.48886361718177795,-0.9003210067749023,-0.8201165199279785,2
1771108405951,0.15850260853767395,0.24107742309570312,1.4465000629425049,2
1771108406049,0.6924058794975281,-0.21823596954345703,0.7467093467712402,2
1771108406160,-0.815992534160614,-0.05666923522949219,0.4783482551574707,2
1771108406265,0.3254890441894531,-0.11999034881591797,0.3161966800689697,2
1771108406374,-0.1013898104429245,0.16218852996826172,-1.2800174951553345,2
1771108406482,0.43743839859962463,1.3427953720092773,1.3731799125671387,2
1771108406623,-0.48990535736083984,-1.2213506698608398,-1.6466535329818726,2
1771108406700,0.16062092781066895,-0.2541980743408203,1.9129338264465332,2
1771108406807,0.6099740266799927,-0.1813678741455078,2.680692195892334,2
1771108406910,0.17677372694015503,1.058802604675293,-1.7397161722183228,2
1771108407016,-0.22081990540027618,-0.5848884582519531,-1.4390387535095215,2
1771108407136,0.6121143102645874,-0.6442766189575195,1.5832078456878662,2
1771108407241,0.30909091234207153,-1.1379642486572266,1.0625288486480713,2
1771108407349,-0.3948749899864197,0.5139265060424805,-2.164811849594116,2
1771108407458,0.3133549690246582,1.274435043334961,0.2380692958831787,2
1771108407568,0.510265052318573,-0.4177665710449219,-0.3545076847076416,2
1771108407674,-0.37448257207870483,-1.6637616157531738,1.6528445482254028,2
1771108407776,1.074035406112671,0.7332563400268555,1.467250108718872,2
1771108407884,0.6711846590042114,0.5441884994506836,-1.2201104164123535,2
1771108407984,-0.4708680510520935,-1.854687213897705,1.5848264694213867,2
1771108408110,1.3989689350128174,-0.22380924224853516,4.273521900177002,2
1771108408192,0.8478500247001648,1.1950654983520508,-1.976614236831665,2
1771108408300,-0.6619205474853516,0.9030675888061523,-0.3501889705657959,2
1771108408408,0.2151622325181961,-1.6480283737182617,-0.15591812133789062,2
1771108408517,0.4225786328315735,0.8444595336914062,1.2365214824676514,2
1771108408628,-0.054960526525974274,0.8781709671020508,-2.951904296875,2
1771108408734,0.23776775598526,1.7414779663085938,1.5889761447906494,2
1771108408842,-0.46660247445106506,0.08041858673095703,0.5216400623321533,2
1771108408943,0.3442131578922272,-0.1585979461669922,1.4440312385559082,2
1771108409052,-0.3136380910873413,-0.7121429443359375,-0.9054833650588989,2
1771108409151,0.6460538506507874,0.19310951232910156,1.807631492614746,2
1771108409259,0.04713815450668335,-0.6920433044433594,-0.619530439376831,2
1771108409368,0.3751060366630554,-1.0251541137695312,0.02049994468688965,2
1771108409476,0.0365520603954792,0.5310049057006836,-1.264134407043457,2
1771108409586,0.3226519227027893,0.3711376190185547,-1.4374613761901855,2
1771108409693,-0.27736765146255493,-1.9430456161499023,0.9353947639465332,2
1771108409802,0.40091174840927124,0.00421905517578125,-0.6757601499557495,2
1771108409911,0.6677204966545105,0.9853153228759766,-1.8565152883529663,2
1771108410018,-0.006121650338172913,-0.5805692672729492,0.2961909770965576,2
1771108410160,0.30958423018455505,1.3420305252075195,-1.0971620082855225,2
1771108410227,0.13190202414989471,0.9697713851928711,-2.1443161964416504,2
1771108410336,-0.1968485563993454,0.012506484985351562,1.6254658699035645,2
1771108410444,-0.42979440093040466,-1.7255725860595703,-0.6822447776794434,2
1771108410554,0.19923794269561768,-0.4920206069946289,-1.8939427137374878,2
1771108410661,-0.09585148096084595,0.8527936935424805,-2.0272436141967773,2
1771108410768,-0.34751445055007935,-1.5995659828186035,1.9718425273895264,2
1771108410869,-0.059628985822200775,1.3502483367919922,-1.593122959136963,2
1771108410978,0.20206096768379211,1.9726619720458984,-1.4917296171188354,2
1771108411138,0.1588134467601776,-1.1728534698486328,0.716141939163208,2
1771108411194,0.26827579736709595,-1.8273134231567383,0.5652248859405518,2
1771108411295,0.25655487179756165,1.8035888671875,-0.5736913681030273,2
1771108411403,-0.1612854301929474,0.13911724090576172,-0.7932608127593994,2
1771108411512,-0.5238783359527588,-1.358454704284668,-0.4894120693206787,2
1771108411643,-0.2309502810239792,-0.6616363525390625,-1.8091497421264648,2
1771108411728,0.33885088562965393,2.0361146926879883,-0.6560630798339844,2
1771108411837,0.04064378887414932,-1.5278730392456055,0.37445640563964844,2
1771108411960,-0.28989097476005554,-0.600102424621582,1.533846139907837,2
1771108412051,-0.46806100010871887,1.787388801574707,-0.800926685333252,2
1771108412167,-0.10231906175613403,-0.20250892639160156,-0.4326043128967285,2
1771108412271,-0.3663632869720459,-2.128762722015381,0.17400431632995605,2
1771108412381,-0.5019111633300781,0.3986024856567383,-2.4030497074127197,2
1771108412487,-0.7896298170089722,1.3066530227661133,-2.321415662765503,2
1771108412596,-1.0853862762451172,-0.8967037200927734,-1.4354674816131592,2
1771108412704,0.1862122118473053,-0.8307571411132812,-0.9316774606704712,2
1771108412813,1.304865837097168,2.6606760025024414,-0.7871545553207397,2
1771108412921,0.7635778188705444,-0.9406642913818359,1.3094165325164795,2
1771108413030,0.8920047879219055,-0.8913564682006836,1.586841106414795,2
1771108413140,0.7295976877212524,2.313809394836426,-1.3812735080718994,2
1771108413246,-0.14898696541786194,2.163381576538086,-0.45499444007873535,2
1771108413347,-0.00983119010925293,-2.109144687652588,-1.0235235691070557,2
1771108413455,-0.2832794785499573,-0.2706718444824219,-1.5663180351257324,2
1771108413564,1.359269618988037,2.183408737182617,-0.4634237289428711,2
1771108413664,0.41556721925735474,-0.9511308670043945,0.020204544067382812,2
1771108413774,0.34959226846694946,-0.6550559997558594,0.5890958309173584,2
1771108413880,1.1137572526931763,0.931187629699707,-0.4270287752151489,2
1771108413988,-1.1514208316802979,-0.7613744735717773,1.4199910163879395,2
1771108414112,0.6360893845558167,0.46790122985839844,1.6296520233154297,2
1771108414208,0.06783699989318848,-0.7344160079956055,0.4332091808319092,2
1771108414314,-0.6602256298065186,0.4805946350097656,-2.3394603729248047,2
1771108414422,-0.2613675594329834,-0.3877878189086914,0.8692312240600586,2
1771108414525,0.021734803915023804,-0.547581672668457,0.9680976867675781,2
1771108414647,0.26762667298316956,0.5169601440429688,2.2150590419769287,2
1771108414741,0.13127809762954712,1.634486198425293,1.9011931419372559,2
1771108414841,0.07984420657157898,-0.28249359130859375,1.1341049671173096,2
1771108414948,-0.4962945282459259,1.1832361221313477,-1.1210627555847168,2
1771108415057,-0.06133010983467102,0.40587520599365234,-1.4364198446273804,2
1771108415165,-0.2711697220802307,-0.4264869689941406,-0.5590968132019043,2
1771108415273,1.2402639389038086,-0.18509483337402344,2.558699131011963,2
1771108415382,0.9360213875770569,2.7955188751220703,0.5113704204559326,2
1771108415490,0.8226194381713867,0.20140647888183594,0.06591296195983887,2
1771108415599,0.11758679151535034,-2.2186708450317383,0.003452777862548828,2
1771108415710,-0.203081876039505,-0.21457386016845703,-0.13586878776550293,2
1771108415815,0.042862534523010254,1.1639556884765625,-1.8615690469741821,2
1771108415917,0.6544652581214905,-0.11361217498779297,1.1468851566314697,2
1771108416024,0.41728734970092773,-1.0835590362548828,0.6888883113861084,2
1771108416136,0.36528927087783813,-0.07211780548095703,0.7577722072601318,2
1771108416241,0.30657243728637695,0.7727041244506836,-0.644385576248169,2
1771108416342,-0.013387203216552734,-0.7157020568847656,2.3005294799804688,2
1771108416449,0.49334996938705444,1.9616079330444336,-0.7843406200408936,2
1771108416550,0.3379460573196411,-0.2787199020385742,-0.5319371223449707,2
1771108416659,-0.04483366012573242,-1.6516013145446777,1.3837287425994873,2
1771108416766,-0.18496093153953552,0.7437992095947266,-0.24563252925872803,2
1771108416877,-0.4112355411052704,1.2041654586791992,0.132004976272583,2
1771108416983,0.889336109161377,-2.1302881240844727,1.3168926239013672,2
1771108417115,0.2208201289176941,0.10103893280029297,1.2659342288970947,2
1771108417200,-0.45189765095710754,1.2452640533447266,-1.7247505187988281,2
1771108417309,0.3894505500793457,-0.054108619689941406,1.6515929698944092,2
1771108417417,-0.5225900411605835,-1.5751161575317383,1.0563182830810547,2
1771108417518,0.19398543238639832,1.6473102569580078,-0.29013872146606445,2
1771108417645,0.38273894786834717,-0.5131664276123047,-1.1473979949951172,2
1771108417726,0.46988195180892944,-1.4273242950439453,0.27577757835388184,2
1771108417834,-0.20675063133239746,-0.6578512191772461,-2.180356025695801,2
1771108417942,-0.36813652515411377,0.009867668151855469,-2.018995523452759,2
1771108418045,0.2240319848060608,-0.14035511016845703,0.4001893997192383,2
1771108418147,-0.5660085678100586,0.34644222259521484,-2.496094226837158,2
1771108418251,-0.8228740096092224,0.9874916076660156,-0.588184118270874,2
1771108418360,0.8268533945083618,-0.3823432922363281,0.17590045928955078,2
1771108418468,-0.06557291746139526,-0.08979988098144531,0.6905746459960938,2
1771108418578,-0.33843857049942017,0.20963001251220703,0.28852295875549316,2
1771108418686,-0.741675615310669,-0.3458518981933594,0.11653351783752441,2
1771108418795,-0.2627144753932953,-0.3153982162475586,0.6206591129302979,2
1771108418902,0.08536714315414429,-0.9497957229614258,1.0219616889953613,2
1771108419002,-0.18391668796539307,0.7956151962280273,0.39795053005218506,2
1771108419123,0.02553194761276245,0.2083272933959961,-0.7569189071655273,2
1771108419227,-0.6063177585601807,-1.0120964050292969,-0.5228767395019531,2
1771108419335,0.2369254231452942,-0.8310260772705078,0.5481778383255005,2
1771108419444,-0.4208606779575348,1.0261850357055664,-1.124868631362915,2
1771108419555,-0.38599297404289246,-0.12914371490478516,-0.6634595394134521,2
1771108419662,0.08145803213119507,-0.9744873046875,0.1850419044494629,2
1771108419771,0.3975035548210144,0.5762357711791992,0.4071619510650635,2
1771108419871,-0.1467738151550293,0.6914520263671875,-1.1586780548095703,2
1771108419978,-0.19308781623840332,-1.0011968612670898,0.3775632381439209,2
1771108420088,0.21833592653274536,-0.36223316192626953,-1.2992987632751465,2
1771108420195,0.2371920347213745,0.12179756164550781,-1.3198237419128418,2
1771108420303,-0.808817446231842,-1.0134763717651367,0.5998029708862305,2
1771108420412,-0.17032796144485474,-1.0073270797729492,1.9125702381134033,2
1771108420512,-0.17422544956207275,1.6434335708618164,-2.1048576831817627,2
1771108420620,-0.5586007833480835,-0.17766571044921875,1.7253174781799316,2
1771108420728,-0.6840478181838989,-2.4218931198120117,0.6398603916168213,2
1771108420837,-0.3924332857131958,-0.6106548309326172,-1.4609121084213257,2
1771108420946,-0.2222716510295868,0.7014036178588867,-2.881361484527588,2
1771108421089,0.83849036693573,-0.41543006896972656,1.5834050178527832,2
1771108421163,-0.4792447090148926,-1.1202735900878906,1.864778995513916,2
1771108421271,0.18954354524612427,0.2451343536376953,0.5665581226348877,2
1771108421380,-0.445068359375,0.9685344696044922,-2.6323938369750977,2
1771108421488,0.24566352367401123,0.5248355865478516,-1.207939863204956,2
1771108421596,-0.5546149611473083,-1.7988481521606445,-1.8424220085144043,2
1771108421705,0.1196625828742981,-0.24308204650878906,-0.055799245834350586,2
1771108421813,0.4757240414619446,1.2725791931152344,-0.3435189723968506,2
1771108421914,-0.5350653529167175,0.33858585357666016,-1.4015724658966064,2
1771108422022,0.12965911626815796,-0.518280029296875,-2.148440361022949,2
1771108422126,-0.8247217535972595,-0.24472808837890625,-1.5522558689117432,2
1771108422230,0.5865159034729004,0.6106443405151367,0.40268397331237793,2
1771108422339,-0.9440858960151672,-0.9351730346679688,0.40422916412353516,2
1771108422447,-0.45241469144821167,-0.696014404296875,0.8728282451629639,2
1771108422557,-0.5685863494873047,1.0921449661254883,-1.3936529159545898,2
1771108422675,-0.49695539474487305,0.23644065856933594,-1.9477825164794922,2
1771108422773,-0.07583680748939514,0.6942501068115234,-1.5643903017044067,2
1771108422880,0.5867690443992615,-1.3927059173583984,0.9131441116333008,2
1771108422991,0.6053334474563599,-0.33995914459228516,0.2524850368499756,2
1771108423123,0.597878098487854,-1.2057924270629883,1.9748573303222656,2
1771108423205,0.6210607886314392,1.094862937927246,-1.9332165718078613,2
1771108423306,-0.20262962579727173,-2.1040964126586914,-1.0240392684936523,2
1771108423415,0.030982136726379395,-0.23795795440673828,-3.0580458641052246,2
1771108423523,0.44665253162384033,2.0924386978149414,-0.7276744842529297,2
1771108423632,0.12492191791534424,0.8264350891113281,0.15377354621887207,2
1771108423739,0.08376514911651611,-1.6385011672973633,0.18230557441711426,2
1771108423840,0.6249170303344727,1.0956850051879883,-0.9184823036193848,2
1771108423950,0.14870589971542358,1.7304191589355469,-2.6693122386932373,2
1771108424056,-0.06756708025932312,-1.033914566040039,1.9242935180664062,2
1771108424160,0.06963825225830078,1.5914192199707031,-1.5701899528503418,2
1771108424265,-0.26195982098579407,2.2969532012939453,-2.3777730464935303,2
1771108424376,0.6075790524482727,1.0970458984375,-0.8624215126037598,2
1771108424482,0.6286728382110596,-0.3043956756591797,0.17385315895080566,2
1771108424582,-1.2112900018692017,-0.9324932098388672,-1.0105440616607666,2
1771108424685,0.1512911319732666,2.57407283782959,-1.2634296417236328,2
1771108424790,0.41095343232154846,-0.2609977722167969,0.8589410781860352,2
1771108424899,-0.7257693409919739,-0.7863922119140625,0.7279078960418701,2
1771108425000,0.6566142439842224,0.5328502655029297,-1.0156141519546509,2
1771108425120,-0.586177408695221,-0.07687759399414062,-0.8117990493774414,2
1771108425224,-0.8239952921867371,-0.6980428695678711,-1.2126997709274292,2
1771108425332,0.1767321228981018,-0.8611516952514648,0.7310986518859863,2
1771108425441,-0.7803821563720703,-1.2751398086547852,1.2233333587646484,2
1771108425550,0.15279489755630493,0.7037115097045898,-1.5470961332321167,2
1771108425680,0.11326360702514648,-0.9973621368408203,0.9880690574645996,2
1771108425758,-1.1160839796066284,0.29164981842041016,0.5269677639007568,2
1771108425867,0.521306574344635,-0.9716386795043945,1.1654884815216064,2
1771108425967,-0.1603747010231018,1.9320497512817383,-1.374651551246643,2
1771108426110,-0.49383896589279175,-1.1558475494384766,0.48760104179382324,2
1771108426183,-0.31218186020851135,-1.6397933959960938,0.6623499393463135,2
1771108426293,-0.5979024171829224,-1.2445173263549805,0.9586870670318604,2
1771108426400,0.00018644332885742188,0.09342479705810547,-0.5385457277297974,2
1771108426508,0.12505298852920532,0.6096954345703125,-2.324308395385742,2
1771108426617,0.6763386130332947,0.7196283340454102,0.33397936820983887,2
1771108426725,-0.01993495225906372,-1.0646800994873047,0.28090333938598633,2
1771108426834,0.28658729791641235,-1.325026512145996,0.801316499710083,2
1771108426944,-0.4055590331554413,1.7365398406982422,-1.0725364685058594,2
1771108427051,0.25219181180000305,1.3117446899414062,-2.765413522720337,2
1771108427159,0.3289124071598053,-0.25515174865722656,0.30898618698120117,2
1771108427260,-0.4762749969959259,0.2294464111328125,0.0512087345123291,2
1771108427369,-0.18513377010822296,0.7408227920532227,-1.5628294944763184,2
1771108427477,0.6004252433776855,0.6888113021850586,0.4962313175201416,2
1771108427584,-0.6161206960678101,-0.8531894683837891,1.0384538173675537,2
1771108427697,-0.22422417998313904,-1.933816909790039,-0.7651383876800537,2
1771108427795,0.06184464693069458,1.5820913314819336,-1.5712101459503174,2
1771108427901,1.0366547107696533,1.8834514617919922,1.017930030822754,2
1771108428009,0.07077401876449585,-0.23628807067871094,1.5166325569152832,2
1771108428119,0.16193091869354248,-1.14599609375,1.1979396343231201,2
1771108428226,-0.5064347386360168,0.2625389099121094,0.7858697175979614,2
1771108428335,0.6360846161842346,0.7091827392578125,-0.3278326988220215,2
1771108428443,0.129201740026474,0.44066524505615234,-0.8669579029083252,2
1771108428552,-0.41972801089286804,-0.3497648239135742,1.1205880641937256,2
1771108428691,0.8811866641044617,0.2724876403808594,-0.13894116878509521,2
1771108428769,0.7269076704978943,0.40717411041259766,-1.0615872144699097,2
1771108428877,-0.5340132117271423,-1.2960700988769531,0.7273406982421875,2
1771108428987,-0.40324434638023376,-0.6436786651611328,-2.3896632194519043,2
1771108429090,0.17754656076431274,0.8379154205322266,-0.20541703701019287,2
1771108429195,-0.3774690628051758,-0.6896286010742188,1.6442172527313232,2
1771108429304,0.8556891083717346,-0.2262744903564453,-0.27280569076538086,2
1771108429411,-0.347062349319458,1.492650032043457,-1.4776191711425781,2
1771108429520,-0.3014218509197235,2.1384315490722656,-0.947784423828125,2
1771108429627,0.18973308801651,-1.1154146194458008,2.044600009918213,2
1771108429737,-0.3445831835269928,1.0728778839111328,-0.8807735443115234,2
1771108429845,-0.38705867528915405,0.9039974212646484,-0.6580581665039062,2
1771108429954,-0.3187522888183594,1.669478416442871,-1.593726396560669,2
1771108430062,0.8365123867988586,0.7181825637817383,-1.3588287830352783,2
1771108430171,0.03964585065841675,-1.1982650756835938,1.480379343032837,2
1771108430279,-0.15001803636550903,-0.5369405746459961,-0.4510366916656494,2
1771108430388,0.20795202255249023,0.7185459136962891,-1.9961193799972534,2
1771108430495,0.5078896880149841,0.5275068283081055,-0.07967925071716309,2
1771108430604,0.2596975564956665,-1.5045042037963867,1.5126945972442627,2
1771108430712,-0.1653372049331665,0.7477331161499023,-0.6285116672515869,2
1771108430820,0.14970868825912476,1.2206192016601562,-0.08974742889404297,2
1771108430923,-0.8045605421066284,-0.6071147918701172,-0.6388475894927979,2
1771108431029,-1.3097481727600098,-0.38195323944091797,-5.642125129699707,2
1771108431140,-0.33501386642456055,0.1486196517944336,1.0935053825378418,2
1771108431245,-0.6907843947410583,-2.6960644721984863,-0.64300537109375,2
1771108431354,0.1945139765739441,1.182260513305664,1.798807144165039,2
1771108431462,0.911690354347229,-0.12216758728027344,0.08660030364990234,2
1771108431563,1.4523582458496094,0.05312633514404297,0.9886395931243896,2
1771108431671,-0.9210864305496216,1.0815153121948242,0.004926204681396484,2
1771108431780,-0.4654526710510254,0.1685924530029297,0.5459823608398438,2
1771108431888,-0.7635629177093506,-0.385833740234375,1.5990450382232666,2
1771108431997,-0.06903272867202759,-0.2730293273925781,0.4531569480895996,2
1771108432142,0.07788586616516113,-1.6925897598266602,0.11014580726623535,2
1771108432205,-0.406014084815979,-1.2937374114990234,-0.2609741687774658,2
1771108432324,0.7687126994132996,-1.0457649230957031,2.035621166229248,2
1771108432422,0.1035735011100769,2.1929378509521484,-0.8077285289764404,2
1771108432530,-0.1079806387424469,-0.9760456085205078,-0.20014119148254395,2
1771108432639,-0.11401155591011047,-1.1021366119384766,1.5057568550109863,2
1771108432748,0.8817212581634521,0.8221406936645508,1.7131459712982178,2
1771108432856,0.9729153513908386,0.020593643188476562,-0.8262131214141846,2
1771108432956,0.6222973465919495,-1.1983184814453125,-0.4912703037261963,2
1771108433064,-0.06668329238891602,1.8746061325073242,-0.9666811227798462,2
1771108433172,-1.0873973369598389,2.08882999420166,0.16026854515075684,2
1771108433275,-0.2384437918663025,-0.7776403427124023,0.5551862716674805,2
1771108433380,0.5207604169845581,-0.19780921936035156,0.9982469081878662,2
1771108433481,-0.16466587781906128,1.441920280456543,-1.3240039348602295,2
1771108433589,-0.3580854833126068,-0.6927452087402344,-0.8951616287231445,2
1771108433715,0.5101375579833984,0.25331592559814453,-1.0313868522644043,2
1771108433798,-0.44922271370887756,0.4441041946411133,-1.8411147594451904,2
1771108433908,-0.590616762638092,0.47643566131591797,-0.2529141902923584,2
1771108434015,0.9728134870529175,-0.27601051330566406,3.3769068717956543,2
1771108434135,-0.06381994485855103,0.4615030288696289,-1.4297839403152466,2
1771108434240,0.10630840063095093,0.41875457763671875,-0.25153493881225586,2
1771108434349,0.2560754418373108,-0.2198934555053711,2.7531285285949707,2
1771108434456,-0.6212755441665649,-0.6562595367431641,-0.3345611095428467,2
1771108434565,-0.662905752658844,0.11569023132324219,-2.4525527954101562,2
1771108434673,-0.9813516139984131,0.3056755065917969,-0.0770411491394043,2
1771108434782,1.4989413022994995,-0.9876184463500977,0.1540670394897461,2
1771108434883,-1.0075531005859375,0.7597637176513672,-0.6849533319473267,2
1771108434990,-0.08533835411071777,-0.23706340789794922,2.38897967338562,2
1771108435119,0.5956583023071289,-1.4145135879516602,2.0987021923065186,2
1771108435199,0.16750121116638184,0.2940053939819336,0.31632447242736816,2
1771108435307,-0.11242493987083435,0.5487241744995117,0.51123046875,2
1771108435417,-0.5381758213043213,0.3943328857421875,-0.018833160400390625,2
1771108435525,0.32342833280563354,-0.8563318252563477,3.0636658668518066,2
1771108435635,-0.02550262212753296,0.0767507553100586,1.2810535430908203,2
1771108435741,0.2787855863571167,-0.2899818420410156,-1.145609974861145,2
1771108435850,-0.2646981477737427,-0.9663419723510742,-0.9209191799163818,2
1771108435958,-0.5356009602546692,-0.3027181625366211,-0.7480876445770264,2
1771108436105,0.6384881138801575,0.13046741485595703,0.6193118095397949,2
1771108436176,-0.13621854782104492,-0.7341785430908203,0.6400880813598633,2
1771108436285,-0.12406474351882935,-0.17469024658203125,-1.0100675821304321,2
1771108436386,0.1342793107032776,0.14174556732177734,-0.4213247299194336,2
1771108436492,0.3337414860725403,0.22650432586669922,2.127812385559082,2
1771108436601,0.9525314569473267,-0.7745704650878906,-0.2505214214324951,2
1771108436729,0.47055286169052124,0.26638031005859375,0.5614948272705078,2
1771108436809,-0.3210301399230957,-0.7465333938598633,0.1172027587890625,2
1771108436919,0.487973690032959,-0.15064525604248047,0.46082091331481934,2
1771108437026,-0.4982636570930481,-0.06208515167236328,-1.1155369281768799,2
1771108437146,0.653953492641449,-0.09256649017333984,-0.7149386405944824,2
1771108437251,-0.6532390713691711,-0.26553916931152344,-2.1689693927764893,2
1771108437361,-1.3634133338928223,0.1492290496826172,-1.0255050659179688,2
1771108437468,-0.0972573459148407,-0.17113304138183594,-1.500096082687378,2
1771108437576,0.3748842477798462,0.22060871124267578,-0.07340717315673828,2
1771108437685,-0.355721652507782,0.23208045959472656,-1.2769253253936768,2
1771108437785,0.5919039845466614,-0.05239677429199219,1.221806287765503,2
1771108437893,0.6588646769523621,0.5583333969116211,-0.4103262424468994,2
1771108438001,-0.5476760864257812,0.7654552459716797,0.2618448734283447,2
1771108438123,0.4872968792915344,-0.7377510070800781,-0.3930346965789795,2
1771108438211,1.5456469058990479,0.5371007919311523,1.6861393451690674,2
1771108438319,1.3076835870742798,-0.2111806869506836,1.9318903684616089,2
1771108438419,-0.8045274019241333,0.6638889312744141,-0.5358314514160156,2
1771108438527,-0.41176724433898926,1.398747444152832,0.8924920558929443,2
1771108438637,0.28207382559776306,-0.4224729537963867,0.7909853458404541,2
1771108438746,0.006757259368896484,1.1365842819213867,2.1253390312194824,2
1771108438854,0.5253996253013611,1.6567888259887695,0.0989842414855957,2
1771108438961,-0.15299656987190247,-1.3311424255371094,-0.6037943363189697,2
1771108439071,0.002070993185043335,-0.5032167434692383,-0.18435704708099365,2
1771108439179,0.08064669370651245,1.3346128463745117,-1.3869608640670776,2
1771108439287,0.25151580572128296,0.9667701721191406,1.350600004196167,2
1771108439395,0.32173389196395874,1.304957389831543,-1.1074059009552002,2
1771108439504,0.42684206366539,0.6756868362426758,-0.007148027420043945,2
1771108439613,-1.1461529731750488,-2.4248108863830566,-0.34706664085388184,2
1771108439765,0.42297688126564026,1.6862812042236328,-1.1913292407989502,2
1771108439830,0.6803855895996094,1.3344106674194336,-0.2779989242553711,2
1771108439936,0.3281267285346985,-0.34403324127197266,-0.3122062683105469,2
1771108440046,0.3473302721977234,-1.166764259338379,-0.4969768524169922,2
1771108440217,0.3871072828769684,1.4139432907104492,-3.7266485691070557,2
1771108440263,-0.41651543974876404,-1.2738656997680664,-0.5932860374450684,2
1771108440370,-0.2416786253452301,-1.4674367904663086,-0.3930830955505371,2
1771108440479,-0.03691932559013367,1.5622730255126953,-2.142033815383911,2
1771108440587,-0.8388674855232239,-0.05178070068359375,-0.10459470748901367,2
1771108440687,0.4575529098510742,2.637436866760254,0.3763918876647949,2
1771108440796,0.25260186195373535,1.014521598815918,-2.337402105331421,2
1771108440904,-0.5892172455787659,-0.4976329803466797,-0.5939300060272217,2
1771108441013,0.24966728687286377,-1.2726707458496094,-0.6340363025665283,2
1771108441112,-0.6798833608627319,0.25966739654541016,-3.135834217071533,2
1771108441220,0.14770668745040894,0.07708072662353516,0.032145023345947266,2
1771108441321,-0.05008268356323242,0.9011249542236328,-1.1646479368209839,2
1771108441430,-0.9599089026451111,0.5056047439575195,-3.6253743171691895,2
1771108441538,0.1968938112258911,-1.95867919921875,0.48331308364868164,2
1771108441646,-0.2958754301071167,-0.26369571685791016,0.09420204162597656,2
1771108441759,-1.3789745569229126,0.05963897705078125,-2.6545426845550537,2
1771108441855,-0.8609063029289246,-0.8184604644775391,-0.07161641120910645,2
1771108441963,0.8539602160453796,-0.5156526565551758,1.1657719612121582,2
1771108442072,0.4234886169433594,1.7873420715332031,-0.9953010082244873,2
1771108442172,0.19664698839187622,0.8011112213134766,0.1800522804260254,2
1771108442281,-0.1348731517791748,-2.111386299133301,-2.491501569747925,2
1771108442388,0.22402405738830566,1.0750198364257812,-0.2572360038757324,2
1771108442496,-0.22845327854156494,0.3422060012817383,0.09396553039550781,2
1771108442597,0.5991144180297852,-0.9512538909912109,1.8545992374420166,2
1771108442705,-0.8987311720848083,1.0876359939575195,-2.2536351680755615,2
1771108442815,-0.34521639347076416,1.5528640747070312,2.2047297954559326,2
1771108442916,-0.5538433790206909,-0.9197196960449219,0.24825620651245117,2
1771108443023,1.1726888418197632,1.6613283157348633,0.03710484504699707,2
1771108443132,-0.7820422649383545,0.9841508865356445,-2.3415048122406006,2
1771108443231,-0.36972352862358093,-1.512115478515625,0.15648531913757324,2
1771108443339,0.2949911653995514,-0.2503805160522461,-1.1203572750091553,2
1771108443447,-1.1546399593353271,0.8337163925170898,-1.8255196809768677,2
1771108443548,-0.35733550786972046,-1.635512351989746,-0.06923770904541016,2
1771108443658,-0.5016240477561951,-0.6617898941040039,-1.6519840955734253,2
1771108443767,0.9929769039154053,2.0186643600463867,1.223122000694275,2
1771108443873,-0.19728702306747437,1.0576543807983398,-0.42948365211486816,2
1771108443973,0.06615328788757324,0.16164398193359375,-0.887104332447052,2
1771108444075,0.09097284078598022,0.5503292083740234,0.13216829299926758,2
1771108444195,-0.5147239565849304,-0.3384265899658203,2.628309965133667,2
1771108444299,-0.5922616124153137,-1.2835941314697266,0.02006852626800537,2
1771108444400,-0.263827919960022,0.3586606979370117,0.9033263921737671,2
1771108444507,0.11984670162200928,2.126948356628418,-0.8774170875549316,2
1771108444607,0.07536077499389648,-0.6416416168212891,1.3872222900390625,2
1771108444707,0.7609986662864685,-0.30114269256591797,0.02940523624420166,2
1771108444816,-0.6511095762252808,0.9649505615234375,-1.8984391689300537,2
1771108444924,0.8154329657554626,0.6573324203491211,2.148385524749756,2
1771108445032,-0.828614354133606,-0.20044517517089844,-0.11072671413421631,2
1771108445152,0.8725171089172363,0.08966350555419922,-0.4102064371109009,2
1771108445257,-0.4010711908340454,0.8708486557006836,-1.299476146697998,2
1771108445366,0.12983205914497375,-0.015622138977050781,-1.2816061973571777,2
1771108445466,-0.5552441477775574,-0.8660135269165039,0.9100857973098755,2
1771108445574,0.7248148322105408,0.2110452651977539,0.9647608995437622,2
1771108445683,-0.30788612365722656,1.0294160842895508,-0.7534334659576416,2
1771108445783,-0.35113805532455444,0.40667152404785156,-0.01627218723297119,2
1771108445891,-0.509882390499115,-1.0561723709106445,0.9321575164794922,2
1771108445992,0.08131763339042664,0.7764387130737305,1.7639710903167725,2
1771108446111,0.18716290593147278,-0.027579307556152344,2.3454370498657227,2
1771108446209,-0.19216927886009216,1.1808013916015625,-0.769256591796875,2
1771108446317,0.5412412881851196,0.006873130798339844,-1.3060195446014404,2
1771108446425,0.3879691958427429,-0.089508056640625,-0.41641783714294434,2
1771108446534,-0.5151890516281128,0.006550788879394531,-1.5824546813964844,2
1771108446642,0.5850957632064819,1.1586503982543945,2.121225595474243,2
1771108446787,-0.39220407605171204,-0.9237442016601562,-1.6084465980529785,2
1771108446859,0.7853323221206665,0.46636009216308594,1.8366546630859375,2
1771108446968,-0.10991504788398743,-0.9272804260253906,0.6924564838409424,2
1771108447076,1.2231682538986206,0.5372943878173828,1.0996863842010498,2
1771108447184,-0.564400315284729,0.6419162750244141,0.0844106674194336,2
1771108447293,0.39773061871528625,0.5336151123046875,0.42021942138671875,2
1771108447401,-0.14146479964256287,0.07896232604980469,-1.1182056665420532,2
1771108447509,-0.45424017310142517,-0.1858959197998047,0.7489993572235107,2
1771108447618,1.3240933418273926,0.45114612579345703,0.3245975971221924,2
1771108447726,0.82884681224823,0.23319530487060547,-0.06463503837585449,2
1771108447835,-0.11635279655456543,-0.7903738021850586,0.6054553985595703,2
1771108447943,-0.43481841683387756,-0.8853139877319336,-1.4141883850097656,2
1771108448053,-0.43746519088745117,0.059287071228027344,0.1836071014404297,2
1771108448168,0.34000515937805176,-0.43511009216308594,-1.6203773021697998,2
1771108448269,-1.1124881505966187,-0.35201454162597656,-1.5657415390014648,2
1771108448377,-0.29462194442749023,-0.16854286193847656,-2.221536636352539,2
1771108448477,-0.4977099299430847,-0.4175853729248047,-2.2820701599121094,2
1771108448586,1.0083975791931152,0.9903802871704102,3.279320001602173,2
1771108448694,0.15188151597976685,0.18080425262451172,1.2328391075134277,2
1771108448796,-0.4278392493724823,0.14315128326416016,1.6298949718475342,2
1771108448903,0.6619791388511658,0.06773185729980469,-0.9504258632659912,2
1771108449003,0.22171509265899658,0.4591197967529297,0.930192232131958,2
1771108449138,1.3919658660888672,1.9540777206420898,0.7968754768371582,2
1771108449219,0.8914961218833923,-0.7837505340576172,0.7627978324890137,2
1771108449322,-0.6695302128791809,0.21403121948242188,-1.0152778625488281,2
1771108449428,-0.5782854557037354,-0.8015632629394531,-0.6934278011322021,2
1771108449537,0.38652747869491577,-0.24584484100341797,1.2260265350341797,2
1771108449644,0.11059153079986572,0.21685791015625,1.1048369407653809,2
1771108449745,-0.6992295384407043,1.3751649856567383,-0.23058795928955078,2
1771108449854,-0.3444667458534241,1.3333539962768555,-1.034937858581543,2
1771108449961,0.3044496774673462,-0.2517509460449219,0.1841120719909668,2
1771108450070,-0.42115291953086853,0.17080116271972656,2.003361701965332,2
1771108450170,-0.271222323179245,1.9129505157470703,-1.1649585962295532,2
1771108450279,-0.17919087409973145,-0.5805168151855469,-0.18031668663024902,2
1771108450379,0.2916301488876343,-0.4777259826660156,-0.9853739738464355,2
1771108450487,-1.1880587339401245,0.49012184143066406,-1.226943016052246,2
1771108450597,-0.8737630248069763,0.20064449310302734,-1.5534546375274658,2
1771108450703,0.06791478395462036,0.3336505889892578,-1.0397086143493652,2
1771108450805,-1.4508028030395508,-0.7817811965942383,-0.8274029493331909,2
1771108450913,-0.349164754152298,-0.8489265441894531,0.786628007888794,2
1771108451021,0.30201324820518494,-0.6813383102416992,0.3489036560058594,2
1771108451125,-0.38348010182380676,0.2945547103881836,2.084914207458496,2
1771108451229,0.7665184736251831,-0.4929018020629883,1.7475526332855225,2
1771108451341,-0.920001208782196,0.3067302703857422,-0.1863110065460205,2
1771108451446,0.2986103296279907,0.21032428741455078,0.22252488136291504,2
1771108451558,-0.18757721781730652,-1.0296926498413086,-0.49274420738220215,2
1771108451663,-0.8774473071098328,1.7605934143066406,-1.2238174676895142,2
1771108451816,0.29055798053741455,-0.29100704193115234,0.5971651077270508,2
1771108451880,-0.2786957025527954,0.5900850296020508,-0.3951456546783447,2
1771108451989,-0.0180034339427948,-1.205500602722168,0.5969231128692627,2
1771108452126,-0.5328162908554077,-0.4249439239501953,-1.1825900077819824,2
1771108452206,-0.3911752700805664,-1.1602420806884766,-1.871833086013794,2
1771108452306,0.7447505593299866,0.6989669799804688,-0.7696430683135986,2
1771108452413,-1.2480964660644531,1.0825490951538086,-1.6733533143997192,2
1771108452514,0.34574300050735474,-1.23394775390625,1.2978360652923584,2
1771108452622,-0.3469308912754059,0.3411855697631836,-1.0288796424865723,2
1771108452731,0.7026587128639221,0.7240457534790039,2.5645060539245605,2
1771108452840,0.21629828214645386,-1.3421783447265625,2.6466150283813477,2
1771108452948,-0.5634490847587585,0.8644189834594727,-2.4035892486572266,2
1771108453056,-0.6771249771118164,0.5829916000366211,-1.847252607345581,2
1771108453160,0.12994176149368286,-0.7034101486206055,1.2113323211669922,2
1771108453265,0.28152039647102356,1.724989891052246,-1.550776720046997,2
1771108453373,-0.024734169244766235,0.9451980590820312,0.0342257022857666,2
1771108453483,-0.051246702671051025,-1.200897216796875,1.9670588970184326,2
1771108453591,0.6433635950088501,0.08881378173828125,1.2491347789764404,2
1771108453698,0.22273409366607666,1.0800065994262695,-1.564125418663025,2
1771108453809,-0.515650749206543,-2.102677345275879,0.488908052444458,2
1771108453915,0.4415466785430908,0.13417530059814453,-0.4367823600769043,2
1771108454016,-0.3576931059360504,0.858551025390625,0.7237391471862793,2
1771108454136,-0.03258773684501648,-1.2045564651489258,-0.840334415435791,2
1771108454241,-0.1733863353729248,-0.5475616455078125,-0.6156283617019653,2
1771108454349,0.4000742435455322,1.3104524612426758,-0.001291513442993164,2
1771108454457,-0.42463964223861694,0.2657918930053711,0.4849727153778076,2
1771108454566,-0.09753698110580444,-1.793309211730957,-1.699732780456543,2
1771108454674,0.12545990943908691,1.9801521301269531,-2.5417518615722656,2
1771108454803,0.13594233989715576,2.717761993408203,-1.990018367767334,2
1771108454884,0.26153653860092163,0.3105888366699219,-1.1342096328735352,2
1771108454991,-0.6812095642089844,1.9071979522705078,-4.177603721618652,2
1771108455153,1.5185626745224,-0.8203630447387695,3.0222198963165283,2
1771108455208,0.17116010189056396,-1.078084945678711,0.9889075756072998,2
1771108455309,-0.3492080271244049,1.8423948287963867,-3.0423433780670166,2
1771108455417,-0.4971049726009369,-1.3174586296081543,-0.8288166522979736,2
1771108455525,-0.038379967212677,-0.5620794296264648,-0.26491498947143555,2
1771108455635,0.3087613582611084,1.3761978149414062,-3.0841891765594482,2
1771108455742,-0.5766999125480652,1.2941455841064453,0.14228129386901855,2
1771108455853,0.15655922889709473,-0.7417716979980469,-0.7122694253921509,2
1771108455958,1.176224946975708,2.823540687561035,1.1791491508483887,2
1771108456067,0.2984287142753601,1.5894193649291992,-0.6524960994720459,2
1771108456175,0.10976141691207886,-0.8834667205810547,-0.9828413724899292,2
1771108456284,-0.7634409070014954,-1.9472379684448242,-2.6657371520996094,2
1771108456395,-0.0171968936920166,1.7884588241577148,-0.7460932731628418,2
1771108456501,-0.2549396753311157,-0.6722135543823242,0.736933708190918,2
1771108456610,-0.09542953968048096,-1.8620734214782715,0.7919929027557373,2
1771108456711,-0.3320388197898865,2.4862308502197266,-1.7414538860321045,2
1771108456813,-1.2897968292236328,-1.1469554901123047,-1.7523348331451416,2
1771108456918,-0.3259526193141937,0.1366100311279297,-0.754690408706665,2
1771108457026,-0.36399996280670166,1.4342145919799805,-3.1468706130981445,2
1771108457149,-1.0033713579177856,-0.40116310119628906,-0.025528669357299805,2
1771108457252,1.6488676071166992,-0.6768302917480469,1.4922263622283936,2
1771108457361,-0.21180519461631775,0.9010810852050781,-0.3370380401611328,2
1771108457469,-0.10113072395324707,1.9880971908569336,-2.938120126724243,2
1771108457569,0.3231772184371948,-0.5059032440185547,2.1042113304138184,2
1771108457678,-0.7297083735466003,-0.9176130294799805,-1.7927708625793457,2
1771108457810,-1.1809203624725342,-1.9272079467773438,-1.7111542224884033,2
1771108457895,-0.1994553804397583,-1.1156930923461914,0.056244850158691406,2
1771108458002,0.741948127746582,-0.06577587127685547,0.035505056381225586,2
1771108458118,-0.61919105052948,0.20748615264892578,-1.7177956104278564,2
1771108458220,0.6302863955497742,0.3239707946777344,-0.31260108947753906,2
1771108458328,1.649017572402954,-0.7578210830688477,2.437131643295288,2
1771108458431,0.6039078235626221,1.3031044006347656,-2.0854573249816895,2
1771108458538,0.02986133098602295,0.8872699737548828,2.049410343170166,2
1771108458645,0.07659703493118286,-0.4820566177368164,0.21571969985961914,2
1771108458746,0.13586443662643433,1.3266773223876953,-0.12873554229736328,2
1771108458853,-0.05233454704284668,0.39534854888916016,-0.00033092498779296875,2
1771108458954,0.1218944787979126,-0.5818576812744141,-0.5344882011413574,2
1771108459062,0.3386361002922058,0.6221809387207031,-1.1944985389709473,2
1771108459170,-0.3791980743408203,0.9350547790527344,0.7599904537200928,2
1771108459279,-0.023294687271118164,-0.2523012161254883,0.45747971534729004,2
1771108459387,-0.14733639359474182,0.2767457962036133,1.3155558109283447,2
1771108459496,1.178668737411499,0.8135404586791992,0.2875868082046509,2
1771108459604,0.6492194533348083,0.24350833892822266,2.128307819366455,2
1771108459712,0.8656154870986938,0.7642574310302734,1.8684754371643066,2
1771108459871,0.1563522219657898,1.8769521713256836,-0.14093875885009766,2
1771108459921,0.3542172908782959,1.3139801025390625,1.4721438884735107,2
1771108460030,0.553796648979187,-1.361922264099121,0.716787576675415,2
1771108460149,0.9114022254943848,-0.051441192626953125,2.7525479793548584,2
1771108460247,-0.41845548152923584,0.7209634780883789,-1.1717467308044434,2
1771108460356,-0.5755867958068848,0.114776611328125,0.39875364303588867,2
1771108460476,-0.11664783954620361,-1.4035701751708984,1.0628890991210938,2
1771108460573,0.6377201080322266,0.39141368865966797,1.243293285369873,2
1771108460673,-0.11295312643051147,-0.7329435348510742,1.4311866760253906,2
1771108460780,0.4236406087875366,-0.9165315628051758,3.115417957305908,2
1771108460889,-1.3590627908706665,-0.5420846939086914,0.03037714958190918,2
1771108460999,-0.03166663646697998,1.7012720108032227,0.5430915355682373,2
1771108461153,0.7918493747711182,-0.47789859771728516,1.1783671379089355,2
1771108461214,0.14166003465652466,-0.35711002349853516,1.82820725440979,2
1771108461315,-0.077445387840271,0.8507204055786133,-3.2722394466400146,2
1771108461423,0.7949424386024475,0.15952682495117188,2.5343871116638184,2
1771108461523,-0.07790827751159668,-1.0399513244628906,-0.30443620681762695,2
1771108461631,-0.7410509586334229,0.9104833602905273,-2.5650436878204346,2
1771108461732,-0.7869874238967896,-1.0894403457641602,-1.1874191761016846,2
1771108461841,-0.697209894657135,-0.9001035690307617,-0.19014525413513184,2
1771108461951,-0.023879408836364746,1.1933984756469727,-0.1898021697998047,2
1771108462057,-0.12368500232696533,1.2156925201416016,0.7016177177429199,2
1771108462157,0.7812526822090149,-0.230072021484375,3.1174697875976562,2
1771108462309,0.6823136806488037,1.4349126815795898,0.2047131061553955,2
1771108462365,-0.03221011161804199,0.6225156784057617,0.25788402557373047,2
1771108462467,-0.8309802412986755,-0.9904289245605469,0.8202426433563232,2
1771108462575,-0.39949050545692444,-0.033921241760253906,0.37103796005249023,2
1771108462673,0.02973198890686035,-0.7463855743408203,-0.7188313007354736,2
1771108462783,0.6550062298774719,0.009612083435058594,0.3417491912841797,2
1771108462891,-0.7135437726974487,-0.07148456573486328,-0.37620019912719727,2
1771108462991,-0.4241475760936737,0.3540687561035156,1.9304165840148926,2
1771108463123,0.474239319562912,0.2026510238647461,2.412519693374634,2
1771108463208,-0.1149032711982727,0.3669395446777344,0.3870277404785156,2
1771108463317,0.7592576742172241,0.08571529388427734,1.8357045650482178,2
1771108463425,-0.8729779720306396,-1.7458672523498535,-1.256990909576416,2
1771108463525,-0.16583098471164703,0.43770599365234375,0.662297248840332,2
1771108463634,0.5321598649024963,-0.28953075408935547,-0.43829965591430664,2
1771108463736,-0.6609639525413513,1.1041736602783203,-1.5635154247283936,2
1771108463842,-0.2161632478237152,1.0928268432617188,-0.0015883445739746094,2
1771108463952,0.154159814119339,0.32837867736816406,1.782806158065796,2
1771108464053,0.36682993173599243,-0.15979385375976562,-0.5284030437469482,2
1771108464159,0.4714570641517639,0.4413490295410156,0.23290514945983887,2
1771108464267,0.7774608731269836,0.8388833999633789,2.5331578254699707,2
1771108464368,1.0136147737503052,-0.27243900299072266,0.5330634117126465,2
1771108464476,0.5805917382240295,-1.3494062423706055,-0.6753547191619873,2
1771108464584,-0.5748116374015808,-0.4667196273803711,0.2759723663330078,2
1771108464685,0.5763323307037354,0.3785581588745117,0.7907959222793579,2
1771108464831,0.24334180355072021,0.5002174377441406,1.853971004486084,2
1771108464901,0.602077841758728,0.21309185028076172,0.5126808881759644,2
1771108465009,-0.6618877649307251,-0.1474456787109375,0.9830594062805176,2
1771108465110,-0.03979688882827759,0.6949443817138672,-1.0399727821350098,2
1771108465218,-0.26890426874160767,1.3684110641479492,-2.1116397380828857,2
1771108465320,-0.752776563167572,-1.1624889373779297,-0.491371750831604,2
1771108465427,-0.13808250427246094,-0.7257890701293945,-1.7268636226654053,2
1771108465536,-0.316275417804718,1.251450538635254,-1.4003148078918457,2
1771108465636,-0.3814929127693176,-2.041107177734375,-0.5018815994262695,2
1771108465744,0.45961689949035645,1.2583627700805664,-1.0062586069107056,2
1771108465852,-0.48072731494903564,0.2318258285522461,-2.1576855182647705,2
1771108465954,-0.17259839177131653,-1.0855178833007812,2.516981363296509,2
1771108466119,-0.8854262828826904,0.6862344741821289,-0.028576135635375977,2
1771108466169,-0.20880305767059326,-0.6564264297485352,-0.5413695573806763,2
1771108466279,0.21125078201293945,-1.0030879974365234,0.8430655002593994,2
1771108466386,0.268901526927948,1.1841363906860352,-0.7491552829742432,2
1771108466494,-0.1661289483308792,0.3660135269165039,-0.8207769393920898,2
1771108466603,-0.05826425552368164,-0.6728038787841797,1.6815874576568604,2
1771108466713,0.22980737686157227,-1.5413379669189453,0.8768672943115234,2
1771108466834,0.4774746596813202,-0.45189762115478516,0.10165715217590332,2
1771108466929,0.5049513578414917,-0.1679372787475586,1.936833143234253,2
1771108467037,0.8375982642173767,-0.5951642990112305,0.850762128829956,2
1771108467168,-0.45150965452194214,-2.23653507232666,-0.9831293821334839,2
1771108467238,-0.558441162109375,-1.3972139358520508,-1.1052460670471191,2
1771108467345,0.2755105495452881,-0.31852054595947266,0.9087719917297363,2
1771108467454,-0.7072815895080566,2.0834712982177734,-0.43830037117004395,2
1771108467562,0.2855435013771057,-1.2861547470092773,0.6491105556488037,2
1771108467676,0.002086162567138672,-0.8012285232543945,1.5245745182037354,2
1771108467782,-0.9893108010292053,1.825723648071289,-2.222043514251709,2
1771108467888,0.07994258403778076,0.5093965530395508,0.13653993606567383,2
1771108467998,-0.7348582744598389,-1.1685676574707031,0.23835086822509766,2
1771108468113,1.1713207960128784,-0.2013082504272461,1.6441092491149902,2
1771108468205,-0.10155457258224487,-0.2705564498901367,1.0964102745056152,2
1771108468314,-0.07011383771896362,-1.0246343612670898,2.4484498500823975,2
1771108468422,0.704531192779541,1.5776805877685547,-0.22695422172546387,2
1771108468523,0.3823336958885193,-1.095698356628418,1.8186860084533691,2
1771108468631,-1.0742295980453491,-1.6955575942993164,-0.6534998416900635,2
1771108468738,0.14993500709533691,0.8198556900024414,-0.561486005783081,2
1771108468847,-0.3675929009914398,-0.3573122024536133,2.0632290840148926,2
1771108468956,-0.07283738255500793,-0.8387622833251953,0.403195858001709,2
1771108469056,-0.16479673981666565,0.6837339401245117,-0.4421045780181885,2
1771108469164,-0.630942702293396,-0.6274700164794922,0.08780336380004883,2
1771108469273,-0.0659746527671814,0.3412351608276367,-1.1506239175796509,2
1771108469383,-0.4549574851989746,1.4852705001831055,0.22179555892944336,2
1771108469489,-0.09464633464813232,-0.5498781204223633,1.67592453956604,2
1771108469597,0.9253678917884827,-1.1869401931762695,0.5383706092834473,2
1771108469698,-0.36642515659332275,0.24054622650146484,-1.1687124967575073,2
1771108469827,-0.7437826991081238,1.0417213439941406,-1.1039589643478394,2
1771108469906,0.7506386041641235,0.08509635925292969,-0.7552058696746826,2
1771108470015,0.11649540066719055,-0.0199737548828125,2.176009178161621,2
1771108470150,-0.39201241731643677,-0.04492664337158203,-2.113905429840088,2
1771108470224,-0.47756990790367126,0.8755531311035156,-1.1674869060516357,2
1771108470332,-0.12738949060440063,-0.5618076324462891,-1.2116529941558838,2
1771108470442,1.3338704109191895,-0.4755983352661133,0.1157834529876709,2
1771108470549,-0.24385195970535278,0.05898284912109375,-0.38976120948791504,2
1771108470660,-0.11844325065612793,-0.8314123153686523,-0.10143828392028809,2
1771108470766,-0.19719409942626953,0.9730796813964844,-1.6400052309036255,2
1771108470875,-0.7217926383018494,0.5535068511962891,-0.7683374881744385,2
1771108470976,-0.006392180919647217,-1.638716697692871,-0.46982741355895996,2
1771108471125,0.15759271383285522,0.6696758270263672,0.20582127571105957,2
1771108471191,0.6933671832084656,0.46740150451660156,2.0671308040618896,2
1771108471293,0.24261271953582764,1.0036706924438477,-0.6552464962005615,2
1771108471400,-0.1559547781944275,1.2685880661010742,-0.8029706478118896,2
1771108471508,0.7033330202102661,0.10194683074951172,3.255342960357666,2
1771108471618,0.24884921312332153,-1.2981014251708984,0.2085247039794922,2
1771108471725,-0.48373857140541077,1.3109197616577148,-0.5583171844482422,2
1771108471836,0.01749211549758911,-1.0339899063110352,1.3569750785827637,2
1771108471942,0.37064623832702637,-0.3582477569580078,0.8615379333496094,2
1771108472051,-0.3833533525466919,0.3927736282348633,-0.006741523742675781,2
1771108472154,0.43256235122680664,-1.1825904846191406,1.2601759433746338,2
1771108472259,-0.9645482301712036,1.6758661270141602,-2.333484649658203,2
1771108472368,-0.6398441791534424,-0.2685976028442383,-1.1863172054290771,2
1771108472476,-0.3516278862953186,-1.480271339416504,2.1636481285095215,2
1771108472585,-0.6567462086677551,2.364346504211426,-2.170936107635498,2
1771108472692,-0.7435399293899536,1.158294677734375,0.19913649559020996,2
1771108472793,0.015507400035858154,0.2133493423461914,-1.506895661354065,2
1771108472901,-0.48899006843566895,1.8263845443725586,-2.450737953186035,2
1771108473009,-0.3531186878681183,0.10457515716552734,-0.6570987701416016,2
1771108473118,0.45787543058395386,-0.3412504196166992,-1.568699598312378,2
1771108473221,-1.6512737274169922,2.0389022827148438,-1.3730682134628296,2
1771108473326,0.6692720651626587,0.2057952880859375,2.347410202026367,2
1771108473427,0.8232110142707825,0.8750925064086914,-1.903479814529419,2
1771108473536,-0.5627727508544922,0.2472677230834961,-0.6052069664001465,2
1771108473644,-0.4424208998680115,-0.6826610565185547,1.7437708377838135,2
1771108473752,-1.0512311458587646,2.211319923400879,-1.8925955295562744,2
1771108473861,-0.05790644884109497,2.0107460021972656,-0.26512622833251953,2
1771108473968,0.23431766033172607,0.1960124969482422,3.262242317199707,2
1771108474069,-0.5724248886108398,1.1628913879394531,-0.3258378505706787,2
1771108474182,-0.03909313678741455,-0.17621517181396484,-0.38681960105895996,2
1771108474278,-0.09869807958602905,-0.5729131698608398,0.24537873268127441,2
1771108474385,-0.1971227526664734,2.2952795028686523,-1.7665116786956787,2
1771108474495,0.14127159118652344,-0.7532272338867188,-0.43984031677246094,2
1771108474603,-0.002649247646331787,-1.0452775955200195,-1.1672790050506592,2
1771108474712,-0.0718158483505249,1.2976083755493164,-1.3075129985809326,2
1771108474833,0.037496745586395264,1.7878379821777344,-1.829321026802063,2
1771108474920,-0.7435590028762817,-1.462690830230713,-1.3935048580169678,2
1771108475030,-0.7354893684387207,0.5613002777099609,-1.0569779872894287,2
1771108475160,-1.4818365573883057,0.9715614318847656,-1.8878107070922852,2
1771108475245,-1.1915044784545898,-0.8343486785888672,-0.7287179231643677,2
1771108475356,0.1618139147758484,1.2810592651367188,-1.3339080810546875,2
1771108475454,-0.6261615753173828,-1.554781436920166,-1.2154560089111328,2
1771108475562,-1.1415753364562988,-0.06916427612304688,-0.42314469814300537,2
1771108475671,0.3505787253379822,1.582798957824707,-0.3006293773651123,2
1771108475772,-0.5355799198150635,-1.172119140625,0.49605846405029297,2
1771108475872,-1.0216959714889526,0.37982749938964844,-0.6602665185928345,2
1771108475980,0.3783683776855469,1.9636497497558594,-1.096876621246338,2
1771108476116,-0.09746372699737549,1.2874383926391602,-0.5684973001480103,2
1771108476187,-0.5749554634094238,-0.18692493438720703,0.8383440971374512,2
1771108476298,-0.2490379810333252,-1.5436172485351562,-0.6700470447540283,2
1771108476399,1.0106329917907715,0.13482379913330078,2.686689853668213,2
1771108476505,-0.21194446086883545,1.1141901016235352,0.027055025100708008,2
1771108476605,-0.20075762271881104,0.5696420669555664,1.7853894233703613,2
1771108476714,-1.0645551681518555,-1.5789794921875,-2.0490355491638184,2
1771108476836,-0.5888159275054932,-1.3980169296264648,-0.45072948932647705,2
1771108476922,0.23561662435531616,0.5645828247070312,2.1014227867126465,2
1771108477031,-0.16857218742370605,-0.8412609100341797,0.5458333492279053,2
1771108477145,-0.3078029453754425,0.4107942581176758,-1.1247785091400146,2
1771108477248,0.014109253883361816,0.05613899230957031,2.3046751022338867,2
1771108477348,1.4759151935577393,-0.4896392822265625,1.694967269897461,2
1771108477456,0.33284783363342285,2.1896886825561523,-3.1389589309692383,2
1771108477566,0.4284493327140808,0.9854593276977539,-0.44174647331237793,2
1771108477673,0.8890846371650696,-1.1871614456176758,0.42136669158935547,2
1771108477782,0.08226430416107178,-0.6219711303710938,0.38525938987731934,2
1771108477883,0.9522454142570496,1.7429733276367188,-1.2528303861618042,2
1771108477990,0.6885271072387695,-0.0942840576171875,1.3895041942596436,2
1771108478117,-0.4349908232688904,1.3513355255126953,-1.5653886795043945,2
1771108478207,-0.38222047686576843,-0.059250831604003906,-0.6586863994598389,2
1771108478316,-0.8518093824386597,-0.20899009704589844,-3.231363534927368,2
1771108478424,-0.516543984413147,0.4543743133544922,-0.8427855968475342,2
1771108478533,0.34568268060684204,-0.1135110855102539,-0.5932779312133789,2
1771108478640,-0.1802588701248169,0.5095252990722656,-0.8521344661712646,2
1771108478750,0.31639713048934937,0.11721611022949219,-0.5747958421707153,2
1771108478858,-1.0753650665283203,-1.1661672592163086,0.8312439918518066,2
1771108478965,-0.4604560136795044,0.022653579711914062,-0.7867523431777954,2
1771108479074,-0.46488845348358154,0.9872608184814453,-1.3954708576202393,2
1771108479223,0.13601461052894592,-0.7404918670654297,-0.3111763000488281,2
1771108479291,0.011353343725204468,-1.1896781921386719,0.06739664077758789,2
1771108479400,0.8760509490966797,-0.2225351333618164,-0.29382801055908203,2
1771108479508,0.10767406225204468,0.06223297119140625,-0.21583223342895508,2
1771108479617,-0.2440764605998993,-1.1467475891113281,-0.28574180603027344,2
1771108479726,0.04267975687980652,0.7262372970581055,-0.9455053806304932,2
1771108479852,0.6603379249572754,-0.4889669418334961,1.8759276866912842,2
1771108479942,0.30492690205574036,-0.46759700775146484,-0.2204725742340088,2
1771108480050,1.3891491889953613,-0.17315006256103516,2.183699131011963,2
1771108480159,-0.06549152731895447,1.939070701599121,0.11871027946472168,2
1771108480259,0.645024299621582,-0.9052610397338867,0.7970733642578125,2
1771108480367,-0.5730736255645752,-1.4806318283081055,-0.5748924016952515,2
1771108480476,0.5377638339996338,1.2726364135742188,-1.2627677917480469,2
1771108480584,0.8754552602767944,1.6958274841308594,-1.4363226890563965,2
1771108480685,-0.7762976288795471,-1.4989376068115234,0.17787694931030273,2
1771108480793,-0.6925814747810364,1.0241031646728516,-3.2276408672332764,2
1771108480901,0.3859613537788391,2.110653877258301,0.6088378429412842,2
1771108481002,-0.5011997222900391,-2.0311241149902344,-1.6206412315368652,2
1771108481140,-0.28016772866249084,-0.1365041732788086,-1.4485067129135132,2
1771108481219,-0.20365089178085327,0.7823972702026367,-2.0625381469726562,2
1771108481327,0.8941599130630493,0.15231990814208984,2.0183351039886475,2
1771108481438,-1.0045843124389648,-0.18429851531982422,-0.330517053604126,2
1771108481544,0.5635632872581482,2.1739625930786133,-3.9930508136749268,2
1771108481652,0.2328600287437439,2.4058685302734375,0.8204753398895264,2
1771108481753,-0.05969345569610596,-1.493116855621338,-0.7353627681732178,2
1771108481861,-0.29178816080093384,1.8767061233520508,-3.0714993476867676,2
1771108481962,-1.3553709983825684,-1.2736740112304688,-1.6457494497299194,2
1771108482069,0.11031776666641235,-1.2087287902832031,-1.1952204704284668,2
1771108482179,-0.8891528844833374,2.537692070007324,-1.9500362873077393,2
1771108482278,-0.3858987092971802,1.4890375137329102,-1.2226502895355225,2
1771108482387,0.10760343074798584,-0.8818206787109375,1.0287485122680664,2
1771108482495,1.0308895111083984,-0.14869213104248047,0.31637001037597656,2
1771108482605,0.9550133347511292,2.571481704711914,-1.8239704370498657,2
1771108482712,-1.3181341886520386,-1.8721680641174316,-1.6874805688858032,2
1771108482847,0.6901969313621521,1.4950599670410156,-1.0590683221817017,2
1771108482921,0.3644389510154724,2.5584936141967773,-1.3747620582580566,2
1771108483029,1.404005527496338,1.1926422119140625,-1.5538010597229004,2
1771108483149,0.29289674758911133,-1.169896125793457,1.865088701248169,2
1771108483254,0.8643347024917603,-1.2939090728759766,-1.2343671321868896,2
1771108483362,-0.17164665460586548,-0.31894969940185547,-0.9403897523880005,2
1771108483471,1.5926727056503296,-0.007409095764160156,0.7854833602905273,2
1771108483579,1.1174795627593994,0.2467193603515625,1.609013557434082,2
1771108483688,0.7236788272857666,-1.8490262031555176,0.19014573097229004,2
1771108483796,0.5242253541946411,0.9684057235717773,-0.8768970966339111,2
1771108483899,0.9906571507453918,-0.8985424041748047,1.6349163055419922,2
1771108484005,0.8055326342582703,-0.3368721008300781,0.4958226680755615,2
1771108484139,0.06917750835418701,-1.5323915481567383,0.31525301933288574,2
1771108484213,0.2148333191871643,0.4267864227294922,0.5821571350097656,2
1771108484322,0.1809091567993164,-1.7861528396606445,1.5474622249603271,2
1771108484430,0.09287750720977783,0.8196811676025391,-1.6025645732879639,2
1771108484539,0.047348201274871826,1.2686338424682617,-1.9421114921569824,2
1771108484641,-0.017129838466644287,-1.8906197547912598,-0.5630714893341064,2
1771108484747,-1.2631688117980957,-0.7679691314697266,-3.980301856994629,2
1771108484858,-1.0737106800079346,1.2804927825927734,-0.908205509185791,2
1771108484964,0.39970630407333374,-2.1213884353637695,-0.43138670921325684,2
1771108485075,-0.44028517603874207,0.009891510009765625,-0.23906278610229492,2
1771108485190,-0.8796104788780212,0.26897621154785156,-1.2570252418518066,2
1771108485291,0.03274589776992798,-0.11277103424072266,0.7789297103881836,2
1771108485397,-0.36779874563217163,-0.3044881820678711,-1.716902494430542,2
1771108485498,0.16648510098457336,1.6346197128295898,0.9147634506225586,2
1771108485607,0.2191295623779297,-1.3649816513061523,3.5637056827545166,2
1771108485716,-0.1749715656042099,-0.8508615493774414,-1.6660248041152954,2
1771108485842,0.6841272115707397,1.6945600509643555,0.38325071334838867,2
1771108485932,0.19131159782409668,1.1401290893554688,0.5132372379302979,2
1771108486042,-0.14936351776123047,-0.40370750427246094,-0.05297064781188965,2
1771108486155,0.04954719543457031,-0.46844482421875,1.1054513454437256,2
1771108486258,-0.3459603786468506,-0.8612155914306641,0.3801271915435791,2
1771108486358,0.11761832237243652,2.9016904830932617,-1.1701364517211914,2
1771108486466,0.288870632648468,-0.9144220352172852,1.0070717334747314,2
1771108486566,0.5226291418075562,0.1623849868774414,-0.6017894744873047,2
1771108486675,-0.47030314803123474,0.7844629287719727,-1.808884859085083,2
1771108486782,0.4814935326576233,-0.3169126510620117,1.1585109233856201,2
1771108486883,-0.014742165803909302,1.6669702529907227,-2.3066980838775635,2
1771108486991,-0.5199723243713379,0.9061450958251953,-0.5407185554504395,2
1771108487132,-0.29519790410995483,1.611480712890625,0.8972840309143066,2
1771108487209,-0.46582019329071045,0.8541727066040039,-2.0866646766662598,2
1771108487317,-0.20422255992889404,-0.7323713302612305,-0.20598053932189941,2
1771108487426,0.3098452687263489,-1.7731728553771973,0.1607828140258789,2
1771108487533,-0.9585237503051758,0.8849773406982422,-1.8000940084457397,2
1771108487643,-0.44530418515205383,0.9639043807983398,-0.27816271781921387,2
1771108487750,0.10953456163406372,1.2639083862304688,0.3993854522705078,2
1771108487852,0.5162268877029419,0.21564865112304688,0.8231792449951172,2
1771108487960,0.39595162868499756,-0.5070581436157227,1.1073932647705078,2
1771108488059,-0.5060125589370728,0.3771247863769531,-0.1437699794769287,2
1771108488163,-0.37488508224487305,0.7891101837158203,-1.8979084491729736,2
1771108488268,-1.054980993270874,0.37853240966796875,-2.854128360748291,2
1771108488376,-0.18876183032989502,-1.4102258682250977,-0.14125823974609375,2
1771108488484,-1.7370426654815674,0.9754438400268555,-2.4821159839630127,2
1771108488593,0.6552061438560486,0.16129207611083984,-0.21117305755615234,2
1771108488701,-0.5075863003730774,-0.2997550964355469,-0.04289746284484863,2
1771108488810,0.12316024303436279,0.8599205017089844,0.20066046714782715,2
1771108488918,-0.2570568323135376,-0.9853792190551758,-1.206857681274414,2
1771108489027,-0.09539514780044556,2.0735511779785156,-0.37546467781066895,2
1771108489129,1.0535659790039062,-0.8112936019897461,3.334866523742676,2
1771108489235,0.2085229754447937,0.6760873794555664,-0.5376918315887451,2
1771108489337,0.20237469673156738,-0.5422267913818359,0.943375825881958,2
1771108489444,0.5560871958732605,0.5649242401123047,0.8175220489501953,2
1771108489552,-0.4449230432510376,0.48593902587890625,0.17639970779418945,2
1771108489660,-0.07417824864387512,-0.8594388961791992,0.5174808502197266,2
1771108489761,0.256472110748291,0.1256427764892578,0.8828775882720947,2
1771108489871,0.39756476879119873,0.5077247619628906,-1.4024028778076172,2
1771108489978,-0.3331083357334137,1.332529067993164,-1.556833028793335,2
1771108490087,0.3079165816307068,0.3360776901245117,-0.7052764892578125,2
1771108490195,-0.3994255065917969,-0.46676063537597656,-0.018362760543823242,2
1771108490295,0.8309595584869385,-0.40453147888183594,1.6051719188690186,2
1771108490403,-0.5874170660972595,-0.44944286346435547,-0.3987976312637329,2
1771108490504,-0.5119999647140503,-0.3186674118041992,-0.4401453733444214,2
1771108490616,-0.7579357028007507,0.6889133453369141,-0.4377317428588867,2
1771108490721,0.24931156635284424,-1.478607177734375,0.7537174224853516,2
1771108490859,0.3279823660850525,-0.1334371566772461,-0.37796735763549805,2
1771108490938,0.2836306691169739,-0.2729501724243164,0.8535168170928955,2
1771108491047,0.10960257053375244,-1.2055273056030273,1.41512131690979,2
1771108491180,-0.6631252765655518,0.5700578689575195,0.5002896785736084,2
1771108491254,0.5151994228363037,-0.6468162536621094,0.6775081157684326,2
1771108491365,-0.015142977237701416,0.28324127197265625,0.8175890445709229,2
1771108491471,0.6794441342353821,0.3610525131225586,1.2967450618743896,2
1771108491580,0.3402673304080963,0.341094970703125,-1.0787111520767212,2
1771108491688,0.24884164333343506,-0.09301948547363281,2.2097582817077637,2
1771108491798,-0.3472389578819275,1.0255651473999023,-0.5184674263000488,2
1771108491899,0.45389848947525024,-0.323150634765625,0.7416250705718994,2
1771108492005,-0.510661780834198,1.6676721572875977,0.3472867012023926,2
1771108492105,0.6308186054229736,0.71746826171875,-0.18973612785339355,2
1771108492226,-0.3308067321777344,-0.8315982818603516,-1.2503595352172852,2
1771108492331,-0.27006712555885315,0.6632080078125,-1.182429552078247,2
1771108492438,0.35731127858161926,-0.1710672378540039,0.21225333213806152,2
1771108492547,-0.25380128622055054,0.6941118240356445,1.1355366706848145,2
1771108492656,0.4235134422779083,-0.9519948959350586,0.7893335819244385,2
1771108492756,0.09555330872535706,0.49003028869628906,0.5278668403625488,2
1771108492865,1.0175056457519531,-1.2566661834716797,-0.15494322776794434,2
1771108492972,-0.7328273057937622,-0.9693441390991211,-0.18458008766174316,2
1771108493109,0.8009626269340515,-0.2066659927368164,-0.17949402332305908,2
1771108493189,-0.43374624848365784,-0.5002222061157227,-0.43865418434143066,2
1771108493291,-0.7880690693855286,-0.7224035263061523,-1.6389732360839844,2
1771108493398,0.3166370391845703,0.45246315002441406,-0.1338036060333252,2
1771108493506,-0.9921209216117859,0.1438741683959961,-1.1427268981933594,2
1771108493607,0.647673487663269,-0.3982839584350586,1.6948516368865967,2
1771108493715,-0.07648715376853943,0.018346786499023438,-1.0103340148925781,2
1771108493816,0.11322978138923645,-0.1520090103149414,2.237469434738159,2
1771108493924,0.442259281873703,-0.8017740249633789,0.05191314220428467,2
1771108494032,-0.2855733036994934,-0.5289077758789062,2.5245532989501953,2
1771108494133,0.4907042682170868,1.1884984970092773,0.4783104658126831,2
1771108494240,-0.3919610381126404,0.0886068344116211,-2.1173901557922363,2
1771108494349,0.07689869403839111,0.8798971176147461,0.6215372085571289,2
1771108494451,1.085357427597046,-0.5906791687011719,2.4062347412109375,2
1771108494557,-0.5000581741333008,-0.3910980224609375,0.6156057119369507,2
1771108494665,0.43131953477859497,-0.10556983947753906,2.2152748107910156,2
1771108494769,0.1897093653678894,1.7411737442016602,-0.3960956335067749,2
1771108494874,0.03311365842819214,0.3800649642944336,0.9313251972198486,2
1771108494975,-0.3214266002178192,-1.0910568237304688,-1.4143624305725098,2
1771108495121,-0.37217721343040466,0.7339534759521484,0.4043281078338623,2
1771108495183,0.18277299404144287,-0.9798288345336914,0.39018964767456055,2
1771108495294,-0.16758404672145844,-0.08504581451416016,-1.622566819190979,2
1771108495401,-0.3622615933418274,-0.01621246337890625,2.005591630935669,2
1771108495509,0.5989753007888794,-0.4259071350097656,1.2657557725906372,2
1771108495618,-0.2844826281070709,-0.007502555847167969,1.2967565059661865,2
1771108495726,-0.6864143013954163,-0.9220542907714844,-1.0756375789642334,2
1771108495860,1.039987564086914,-0.9750776290893555,2.8507933616638184,2
1771108495943,0.20589488744735718,-0.08376884460449219,-1.1023755073547363,2
1771108496050,-0.5080567002296448,-1.5648841857910156,-0.06352758407592773,2
1771108496156,0.3410378098487854,0.7846822738647461,0.45399904251098633,2
1771108496259,-0.47389304637908936,0.18094539642333984,0.06000518798828125,2
1771108496361,0.5187495946884155,0.546931266784668,0.2557249069213867,2
1771108496468,-0.18450483679771423,-2.308523178100586,-0.005617380142211914,2
1771108496577,-0.653389573097229,0.7698278427124023,-0.3453397750854492,2
1771108496686,-0.2189597487449646,1.0831756591796875,-2.6874680519104004,2
1771108496793,0.43996578454971313,0.6372184753417969,-0.40370631217956543,2
1771108496903,0.9052620530128479,-0.6452665328979492,0.6889691352844238,2
1771108497010,-0.8090658187866211,-1.5391807556152344,-0.1317448616027832,2
1771108497118,0.026569724082946777,-0.034641265869140625,0.9188981056213379,2
1771108497227,0.1650729775428772,0.01637744903564453,0.027949929237365723,2
1771108497336,0.23510313034057617,0.5669822692871094,-1.225053310394287,2
1771108497444,0.05229717493057251,2.4848690032958984,2.0645594596862793,2
1771108497545,-0.9891687631607056,-2.712815284729004,-2.2315292358398438,2
1771108497652,-0.5587424039840698,-0.3176450729370117,-0.5509052276611328,2
1771108497753,-0.1713019609451294,-1.6586198806762695,0.8173153400421143,2
1771108497861,-0.6661713719367981,-0.10109519958496094,-2.518049955368042,2
1771108497969,-0.12824714183807373,0.26731014251708984,0.11028182506561279,2
1771108498141,0.12893468141555786,-0.7909002304077148,1.2765164375305176,2
1771108498186,-1.020004153251648,0.1786050796508789,-0.19970703125,2
1771108498295,-0.10913264751434326,-1.0048637390136719,0.30745768547058105,2
1771108498395,-0.585830569267273,0.4142923355102539,-1.2817471027374268,2
1771108498503,0.19940680265426636,1.1038618087768555,0.09371423721313477,2
1771108498604,0.5177143812179565,-0.22985076904296875,1.4020607471466064,2
1771108498713,-0.17552772164344788,1.2162418365478516,0.7834577560424805,2
1771108498822,0.20337963104248047,-0.5526046752929688,0.006627559661865234,2
1771108498929,0.08666092157363892,0.22320079803466797,-1.2541977167129517,2
1771108499037,-0.36136090755462646,0.04305267333984375,-0.17183732986450195,2
1771108499139,-0.6528211236000061,0.6126327514648438,0.580737829208374,2
1771108499247,0.4829111695289612,1.3945083618164062,0.636711835861206,2
1771108499347,1.1700680255889893,0.8136453628540039,1.01029372215271,2
1771108499454,-0.7787861824035645,1.3341093063354492,-0.939193606376648,2
1771108499567,-0.11828017234802246,0.2522592544555664,0.7285633087158203,2
1771108499671,-0.34754347801208496,0.13478565216064453,-0.31818342208862305,2
1771108499781,0.5511611104011536,2.0001001358032227,-1.1161041259765625,2
1771108499889,0.534502387046814,-1.0985727310180664,1.261976957321167,2
1771108499997,-0.04386216402053833,-0.0755014419555664,-1.9440224170684814,2
1771108500097,-0.0975697934627533,0.878819465637207,-0.13975834846496582,2
1771108500206,0.19228851795196533,0.05803966522216797,-1.4725011587142944,2
1771108500306,0.40955448150634766,0.021600723266601562,0.6046602725982666,2
1771108500414,-0.28913944959640503,-0.7090091705322266,1.661531925201416,2
1771108500522,-0.2832070291042328,1.6471118927001953,-2.8049063682556152,2
1771108500630,0.8601400256156921,-0.05772590637207031,0.10147619247436523,2
1771108500732,0.06279826164245605,0.3831195831298828,-0.41280174255371094,2
1771108500875,0.9973391890525818,-0.09088993072509766,1.1493096351623535,2
1771108500940,-0.5645691752433777,-0.11228275299072266,-1.807715892791748,2
1771108501049,-0.22926485538482666,2.3970251083374023,-1.1929442882537842,2
1771108501158,-0.44934165477752686,-1.91510009765625,-0.764890193939209,2
1771108501265,0.9513539671897888,-0.12975597381591797,0.7425432205200195,2
1771108501374,-0.13724082708358765,-0.568964958190918,0.4332442283630371,2
1771108501482,0.05175602436065674,-0.6803216934204102,1.230271339416504,2
1771108501591,-0.47810521721839905,2.1165714263916016,-0.11671328544616699,2
1771108501698,-0.2324129343032837,-0.8543691635131836,0.39130711555480957,2
1771108501800,0.06203114986419678,-1.2999897003173828,0.3822011947631836,2
1771108501900,-0.6640353202819824,1.3233613967895508,-2.0500080585479736,2
1771108502008,-1.2198147773742676,-2.07205867767334,-1.478782057762146,2
1771108502133,-0.42720770835876465,-1.2599220275878906,0.45079267024993896,2
1771108502224,-0.039662837982177734,-0.07705497741699219,1.2862000465393066,2
1771108502326,0.3348768353462219,-0.013066291809082031,-1.04525625705719,2
1771108502433,-0.5881531238555908,0.9454517364501953,0.4770667552947998,2
1771108502541,-0.3268137574195862,-1.6191887855529785,0.4111795425415039,2
1771108502650,-0.40715906023979187,1.5372610092163086,-1.104885458946228,2
1771108502757,-0.9978926181793213,1.8316993713378906,-0.12373471260070801,2
1771108502863,0.3389582633972168,-1.3058996200561523,0.057001590728759766,2
1771108502966,-0.18601888418197632,0.45934391021728516,0.5786275863647461,2
1771108503077,0.6055153608322144,-1.106369972229004,0.2719147205352783,2
1771108503177,-0.16227886080741882,0.24521350860595703,-0.07313394546508789,2
1771108503284,-0.11669117212295532,0.4245328903198242,-0.7733948230743408,2
1771108503392,-0.01161205768585205,-0.1863250732421875,-0.9037516117095947,2
1771108503500,-0.6886425018310547,1.281977653503418,-1.3925977945327759,2
1771108503608,-0.4114370346069336,-0.4070138931274414,-0.44676637649536133,2
1771108503718,0.5288686156272888,-1.676011085510254,0.295565128326416,2
1771108503826,0.16824495792388916,1.2361040115356445,-0.6142227649688721,2
1771108503936,0.10681378841400146,-0.3870697021484375,0.3188199996948242,2
1771108504043,0.3179841637611389,-0.7472438812255859,-0.16257882118225098,2
1771108504151,-1.331636667251587,0.9657831192016602,-1.6992430686950684,2
1771108504261,0.7910609245300293,-0.07396507263183594,1.356201171875,2
1771108504360,0.4881882071495056,0.09707260131835938,-1.6872516870498657,2
1771108504468,-0.48676928877830505,0.7459325790405273,-0.4087858200073242,2
1771108504576,0.8119909763336182,-0.2821788787841797,0.22196054458618164,2
1771108504687,-0.3381061553955078,1.565974235534668,-0.45308804512023926,2
1771108504786,0.006433069705963135,-0.4737377166748047,1.0365707874298096,2
1771108504893,-0.393751859664917,-0.6237764358520508,1.2269039154052734,2
1771108505002,0.6138359904289246,1.1216516494750977,-0.2554316520690918,2
1771108505132,-0.45599597692489624,1.612985610961914,-1.69172203540802,2
1771108505219,0.5560641884803772,-0.880467414855957,1.3363349437713623,2
1771108505327,-0.4898287057876587,1.678309440612793,-0.11366915702819824,2
1771108505436,-0.2846120595932007,-0.2821807861328125,-1.8488118648529053,2
1771108505544,-0.25058212876319885,0.5126190185546875,-0.04897797107696533,2
1771108505645,-0.5256195664405823,1.340733528137207,-0.9192348718643188,2
1771108505754,0.1461312472820282,-1.6419200897216797,-0.8934081792831421,2
1771108505865,0.18604031205177307,0.14513015747070312,0.3345170021057129,2
1771108505963,0.05434376001358032,1.3156051635742188,0.5070837736129761,2
1771108506070,-0.33170849084854126,-1.4425163269042969,-0.6043533086776733,2
1771108506180,0.5836110711097717,2.5546817779541016,0.7504332065582275,2
1771108506279,0.7547555565834045,-0.6889009475708008,1.6534817218780518,2
1771108506381,-0.13630932569503784,1.628006935119629,0.2572786808013916,2
1771108506487,-0.6479349732398987,0.9297084808349609,-0.5001622438430786,2
1771108506596,-0.6072956323623657,-1.4246187210083008,-1.2863357067108154,2
1771108506703,-0.8014938831329346,1.143620491027832,-1.2176111936569214,2
1771108506813,-0.37045592069625854,0.3408689498901367,0.5826268196105957,2
1771108506920,1.325347661972046,-0.08145618438720703,2.203289747238159,2
1771108507031,-0.8858872652053833,1.347635269165039,-0.457661509513855,2
1771108507173,-0.039803534746170044,-1.234440803527832,0.18633508682250977,2
1771108507249,0.2617639899253845,-0.4348611831665039,0.1343170404434204,2
1771108507355,0.40515023469924927,1.8665761947631836,0.4699348211288452,2
1771108507463,-0.2766681909561157,0.31301021575927734,-0.02226734161376953,2
1771108507571,-0.5945001840591431,-1.5499954223632812,2.23334002494812,2
1771108507680,-0.14473891258239746,0.1262826919555664,-0.026740312576293945,2
1771108507789,-1.4479607343673706,0.14019489288330078,-1.6465351581573486,2
1771108507899,0.4368906319141388,-0.3734111785888672,-0.021733522415161133,2
1771108508004,-0.5621497631072998,0.29265403747558594,-0.09913790225982666,2
1771108508148,-0.3344966769218445,-0.9278974533081055,-0.5418955087661743,2
1771108508214,-0.9530774354934692,-0.1435832977294922,-0.9863173961639404,2
1771108508315,0.2146279513835907,0.1564168930053711,0.44184207916259766,2
1771108508422,0.7778912782669067,-0.7447671890258789,2.848052501678467,2
1771108508533,-0.0829789936542511,-1.3242263793945312,0.15303969383239746,2
1771108508639,-0.9681836366653442,0.8158063888549805,-2.425340414047241,2
1771108508747,-0.6812379360198975,-0.6398859024047852,-0.8417601585388184,2
1771108508868,-0.8799989819526672,-0.3591289520263672,0.29166245460510254,2
1771108508965,-0.8014414310455322,-0.12490653991699219,1.5364983081817627,2
1771108509065,-0.3198168873786926,-1.1262531280517578,-1.6130225658416748,2
1771108509177,0.3560689687728882,-0.9269752502441406,1.170823335647583,2
1771108509281,-0.23258399963378906,0.8020715713500977,1.2234776020050049,2
1771108509392,-0.23618251085281372,-0.16293716430664062,1.1510001420974731,2
1771108509499,-0.06582731008529663,0.5885334014892578,1.2197438478469849,2
1771108509607,-0.0053160786628723145,-0.015424728393554688,1.2553510665893555,2
1771108509709,-0.20810699462890625,0.2278146743774414,1.5699877738952637,2
1771108509816,-0.0995042622089386,-0.02135944366455078,1.035146951675415,2
1771108509924,0.008989155292510986,-0.7911205291748047,2.156672716140747,2
1771108510033,0.6513679623603821,-0.0734872817993164,1.5795769691467285,2
1771108510139,0.28398746252059937,0.4115457534790039,1.9343018531799316,2
1771108510241,-0.002029716968536377,-0.2346353530883789,1.321295976638794,2
1771108510349,0.1495985984802246,-0.06424617767333984,-0.21288585662841797,2
1771108510493,0.9609026312828064,-0.04287147521972656,1.2673919200897217,2
1771108510591,-0.14121583104133606,1.1033906936645508,0.6294217109680176,2
1771108510702,-1.6608628034591675,0.2689504623413086,-0.24051809310913086,2
1771108510800,0.3650294244289398,-1.1083917617797852,3.3478951454162598,2
1771108510908,-0.41481977701187134,0.0634756088256836,-1.820962905883789,2
1771108511016,0.7323353290557861,-0.3391704559326172,-0.9512234926223755,2
1771108511140,-0.006902486085891724,-0.2204751968383789,1.2856924533843994,2
1771108511234,0.27305203676223755,0.5218391418457031,-0.60346519947052,2
1771108511342,0.8465439081192017,-0.40970897674560547,-0.06212878227233887,2
1771108511443,-0.3288297653198242,1.223282814025879,-0.059949636459350586,2
1771108511550,-0.0022396445274353027,0.34291839599609375,1.5688059329986572,2
1771108511651,-0.3419274389743805,0.6252822875976562,0.6965429782867432,2
1771108511760,0.03938847780227661,0.07691478729248047,0.274491548538208,2
1771108511870,-0.46959638595581055,0.11562633514404297,1.2003505229949951,2
1771108511978,-1.2353637218475342,-0.03711223602294922,-0.8000044822692871,2
1771108512144,0.4263651371002197,-0.25656986236572266,1.6766676902770996,2
1771108512191,-0.01647365093231201,-0.32515525817871094,-1.1044771671295166,2
1771108512293,-0.6103427410125732,1.3110170364379883,-1.2883007526397705,2
1771108512401,0.7825191617012024,-1.8874435424804688,0.06856751441955566,2
1771108512509,-0.800194263458252,0.24706077575683594,-0.5544818639755249,2
1771108512619,-0.3862494230270386,0.9771032333374023,0.030575990676879883,2
1771108512725,0.6726535558700562,-0.8358030319213867,-0.01563715934753418,2
1771108512825,0.7299181818962097,0.6116762161254883,0.8011585474014282,2
1771108512936,0.40248531103134155,-0.23377513885498047,1.2000089883804321,2
1771108513042,0.6265629529953003,0.7877683639526367,1.2112188339233398,2
1771108513143,-0.47770899534225464,0.23047161102294922,-0.35628318786621094,2
1771108513251,0.3238522410392761,-1.2382726669311523,1.5316298007965088,2
1771108513360,-0.6502876877784729,0.13391971588134766,0.553199291229248,2
1771108513472,0.508673369884491,-1.1292037963867188,1.0308692455291748,2
1771108513577,0.013084769248962402,-2.144303321838379,1.0566513538360596,2
1771108513685,-0.8494791984558105,0.4607391357421875,-1.55121648311615,2
1771108513798,0.5305528044700623,-0.6677446365356445,0.7387073040008545,2
1771108513894,-0.7456623315811157,0.08659934997558594,-0.20403003692626953,2
1771108514005,-0.13544857501983643,0.1894063949584961,-1.223297357559204,2
1771108514140,-0.05093151330947876,1.6061649322509766,-1.8160014152526855,2
1771108514213,-0.39219212532043457,1.5829343795776367,-0.6084022521972656,2
1771108514320,-0.34456783533096313,1.4129457473754883,0.802466630935669,2
1771108514428,-0.09314054250717163,-0.2537832260131836,-0.09388422966003418,2
1771108514536,-0.712070643901825,1.6359939575195312,-1.3597657680511475,2
1771108514644,-0.39828625321388245,1.3723564147949219,0.6217944622039795,2
1771108514745,0.6318643689155579,-0.023723602294921875,-1.9016447067260742,2
1771108514877,0.6984105706214905,-0.14034461975097656,-0.6014859676361084,2
1771108514962,0.21388733386993408,-0.9607248306274414,1.018364667892456,2
1771108515070,-0.610037088394165,0.6798734664916992,-0.05645036697387695,2
1771108515189,0.7373135089874268,1.6804113388061523,-1.7514760494232178,2
1771108515278,-0.35300108790397644,-1.9440059661865234,0.42440056800842285,2
1771108515387,-0.9868186712265015,1.5324182510375977,-2.704256772994995,2
1771108515495,-0.6376914978027344,-1.3791618347167969,-0.07987713813781738,2
1771108515605,-0.0999453067779541,-1.2813844680786133,0.44623732566833496,2
1771108515706,-0.23027828335762024,1.2319107055664062,0.22121715545654297,2
1771108515812,-0.696062445640564,-1.0410776138305664,0.06188559532165527,2
1771108515920,1.3685131072998047,0.7210674285888672,-0.05456733703613281,2
1771108516022,0.6798672080039978,0.17112350463867188,1.722487211227417,2
1771108516133,-1.148240327835083,-2.6070995330810547,-3.6854357719421387,2
1771108516238,-0.15972408652305603,1.0115203857421875,-0.046825408935546875,2
1771108516346,-1.2123634815216064,1.5651674270629883,-1.569164514541626,2
1771108516454,-0.01837867498397827,-1.08148193359375,-0.4878239631652832,2
1771108516563,-0.6289446353912354,2.6976776123046875,-0.6580502986907959,2
1771108516671,-0.04630836844444275,1.2432374954223633,0.9585113525390625,2
1771108516780,0.3811182379722595,-1.2139091491699219,0.5578813552856445,2
1771108516901,-0.17722533643245697,0.9135122299194336,-1.3281457424163818,2
1771108516996,-0.16330085694789886,0.8038177490234375,1.585184097290039,2
1771108517097,0.037839293479919434,-0.9819250106811523,-0.20144236087799072,2
1771108517204,-1.4485878944396973,0.8789529800415039,-0.5209033489227295,2
1771108517305,0.16189926862716675,-1.8548088073730469,0.8294341564178467,2
1771108517413,0.3007274866104126,0.6060523986816406,0.27067112922668457,2
1771108517522,0.6871812343597412,1.6809749603271484,-0.5414555072784424,2
1771108517631,0.08017009496688843,-0.7733030319213867,0.6758987903594971,2
1771108517743,0.45725035667419434,-0.3069725036621094,0.7175285816192627,2
1771108517880,-0.030468851327896118,-1.2668867111206055,-0.41586267948150635,2
1771108517958,0.5422289371490479,-0.7644376754760742,1.1963095664978027,2
1771108518065,-0.5575756430625916,-1.6603803634643555,-0.8211226463317871,2
1771108518174,0.011810898780822754,2.7500476837158203,-1.9675278663635254,2
1771108518283,-0.14811360836029053,-1.4506206512451172,-0.6516687870025635,2
1771108518390,0.15371692180633545,-0.5890569686889648,-0.04756045341491699,2
1771108518500,0.6319379210472107,-0.3663063049316406,-2.119267702102661,2
1771108518607,-0.7092832326889038,-1.582620620727539,-0.674174427986145,2
1771108518707,1.129857063293457,-1.6557750701904297,0.8845124244689941,2
1771108518815,0.5289763808250427,-0.152801513671875,-0.05042529106140137,2
1771108518924,0.1630581021308899,-0.37782764434814453,1.2511932849884033,2
1771108519034,-0.10410875082015991,-1.0999670028686523,-0.842069149017334,2
1771108519144,-0.564358115196228,0.23165607452392578,-0.6080234050750732,2
1771108519248,-1.3600826263427734,1.53558349609375,-2.0735702514648438,2
1771108519349,0.6167265772819519,2.2380599975585938,-0.07692360877990723,2
1771108519457,0.5561681389808655,1.3063316345214844,0.2700514793395996,2
1771108519559,0.6007552146911621,-0.9050388336181641,1.4459507465362549,2
1771108519666,-1.094891905784607,0.7613077163696289,-2.260800838470459,2
1771108519774,-0.4570642113685608,0.8841934204101562,-0.8664679527282715,2
1771108519883,0.5699409246444702,0.57318115234375,2.200165033340454,2
1771108519991,-0.12312474846839905,-0.06716728210449219,0.6735427379608154,2
1771108520100,-0.06284809112548828,1.9937362670898438,-1.9484190940856934,2
1771108520210,0.9575320482254028,0.30280113220214844,2.478811025619507,2
1771108520310,-0.1301349699497223,-0.561732292175293,-1.5198864936828613,2
1771108520417,0.08179393410682678,1.4654970169067383,0.8025665283203125,2
1771108520529,-0.6894877552986145,-0.2980918884277344,-0.04879593849182129,2
1771108520633,0.5023837685585022,1.2359333038330078,0.19594597816467285,2
1771108520741,0.2248121201992035,1.842728614807129,-0.6466838121414185,2
1771108520879,-0.8843126893043518,-0.1492595672607422,-4.542443752288818,2
1771108520958,0.07700160145759583,-0.7564573287963867,1.3408395051956177,2
1771108521066,0.636182427406311,1.6810798645019531,0.9159698486328125,2
1771108521170,-0.0864536464214325,0.7729043960571289,-1.085180401802063,2
1771108521275,0.1949443221092224,-0.27925968170166016,0.6057050228118896,2
1771108521376,-0.47286689281463623,1.531473159790039,-0.9076611995697021,2
1771108521484,0.40082061290740967,-0.7068910598754883,-1.1024352312088013,2
1771108521593,0.5886804461479187,-0.5043621063232422,1.8504493236541748,2
1771108521701,0.7904614210128784,-0.3063030242919922,-1.0306018590927124,2
1771108521802,-0.5622365474700928,-0.07222175598144531,0.07217669486999512,2
1771108521910,0.4851744771003723,-0.1722869873046875,-0.4473075866699219,2
1771108522018,0.3438012897968292,0.8380451202392578,-0.7241615056991577,2
1771108522157,0.4585711359977722,0.17221832275390625,0.7647185325622559,2
1771108522236,-1.0023689270019531,-0.8084392547607422,0.8488190174102783,2
1771108522335,-0.7911810874938965,0.9147424697875977,-1.1644713878631592,2
1771108522437,0.23657169938087463,1.337052345275879,-0.11676585674285889,2
1771108522544,-0.018703818321228027,0.07260704040527344,-0.34195494651794434,2
1771108522652,0.5370016694068909,0.05414867401123047,0.6189606189727783,2
1771108522760,0.8277696371078491,-0.925537109375,1.476881742477417,2
1771108522881,0.8145483732223511,-1.2574958801269531,0.27640867233276367,2
1771108522978,0.6768417358398438,0.5827503204345703,2.2394347190856934,2
1771108523088,0.395635724067688,-0.07092761993408203,0.5375610589981079,2
1771108523215,0.048364877700805664,0.5067815780639648,-0.7165874242782593,2
1771108523299,-0.25266337394714355,-0.043247222900390625,1.0592056512832642,2
1771108523403,1.1326195001602173,-0.9975490570068359,3.0714619159698486,2
1771108523513,0.1447288990020752,-0.9168777465820312,0.08512687683105469,2
1771108523611,0.5856928825378418,0.8144979476928711,-0.4295450448989868,2
1771108523715,-1.5525070428848267,0.16944599151611328,-0.44732213020324707,2
1771108523820,0.2649141848087311,-0.240997314453125,-0.10128307342529297,2
1771108523928,-0.6202114820480347,0.6046409606933594,-2.4209156036376953,2
1771108524030,0.1033315360546112,0.2540102005004883,1.4515020847320557,2
1771108524160,-0.6337125301361084,-0.938166618347168,-0.10951614379882812,2
1771108524257,-0.7770828008651733,1.2107610702514648,0.9674582481384277,2
1771108524363,0.44850683212280273,2.0132617950439453,0.18700718879699707,2
1771108524473,0.18876898288726807,-0.19194412231445312,-0.14932560920715332,2
1771108524580,-1.1723214387893677,-1.272109031677246,-2.005275249481201,2
1771108524688,0.35809704661369324,1.0594167709350586,-0.5600802898406982,2
1771108524796,-0.2221844494342804,-0.9106931686401367,-0.7360937595367432,2
1771108524905,0.6412646174430847,-1.7641525268554688,1.366315245628357,2
1771108525013,-0.852213442325592,1.4771089553833008,-1.841707706451416,2
1771108525192,-0.16513609886169434,1.3446035385131836,-0.7767581939697266,2
1771108525230,-0.012263476848602295,0.26062870025634766,1.487180471420288,2
1771108525331,0.2527284324169159,0.5503568649291992,-1.0965975522994995,2
1771108525439,0.6082946062088013,1.3292913436889648,0.7910614013671875,2
1771108525549,-0.6429225206375122,-0.9298553466796875,1.5674941539764404,2
1771108525656,1.1454238891601562,0.9703969955444336,0.9382104873657227,2
1771108525764,-0.596703052520752,1.7936105728149414,0.9249153137207031,2
1771108525897,-0.8752555251121521,0.9334163665771484,-1.3130946159362793,2
1771108525981,0.4469466805458069,0.5844621658325195,-1.6766681671142578,2
1771108526082,-1.4074631929397583,1.866302490234375,4.791640281677246,2
1771108526194,-1.988480806350708,0.9306411743164062,-4.908327579498291,2
1771108526300,-0.7868450880050659,-0.5919713973999023,-1.2025630474090576,2
1771108526406,-0.5177046656608582,0.9985370635986328,-1.3444960117340088,2
1771108526516,-0.936535120010376,-0.27463531494140625,0.5604979991912842,2
1771108526623,0.2626551389694214,-1.4491491317749023,2.0331735610961914,2
1771108526731,-0.2901401221752167,1.5423974990844727,-0.5033643245697021,2
1771108526840,0.0114668607711792,-0.5901250839233398,1.230247974395752,2
1771108526940,0.16851669549942017,-0.6731834411621094,0.8653397560119629,2
1771108527048,-0.13567832112312317,-0.1401376724243164,-1.579841136932373,2
1771108527157,-0.5727218985557556,-1.522369384765625,0.7815594673156738,2
1771108527265,0.6948435306549072,-0.560211181640625,0.866105318069458,2
1771108527374,0.2007395625114441,0.45422840118408203,-1.6654348373413086,2
1771108527483,-0.26057860255241394,0.43862056732177734,0.5609185695648193,2
1771108527591,-0.0845758318901062,0.8180303573608398,0.25967907905578613,2
1771108527699,-0.05729210376739502,-0.4595060348510742,-0.9830762147903442,2
1771108527809,-0.5637756586074829,0.9351768493652344,-1.21703040599823,2
1771108527912,-0.01612427830696106,-1.56889009475708,-0.18315410614013672,2
1771108528016,0.2907576262950897,-1.4412918090820312,0.7994449138641357,2
1771108528162,0.3298337757587433,0.17788219451904297,0.5476930141448975,2
1771108528236,1.005357265472412,0.3346443176269531,0.5808000564575195,2
1771108528341,-0.35582274198532104,-1.1130781173706055,3.0488553047180176,2
1771108528450,1.0033700466156006,1.5328645706176758,-1.0704504251480103,2
1771108528557,0.058120548725128174,-0.2863426208496094,0.7991559505462646,2
1771108528667,0.866612434387207,-0.6469793319702148,4.049785137176514,2
1771108528777,0.3176295757293701,-0.8891592025756836,2.368199586868286,2
1771108528896,-0.03178197145462036,-0.7926454544067383,-0.6106688976287842,2
1771108528984,-0.8108733892440796,-2.510104179382324,-1.1476720571517944,2
1771108529092,-0.22341647744178772,-0.4405689239501953,-0.8876774311065674,2
1771108529214,-0.9798583388328552,0.23667240142822266,-2.7529237270355225,2
1771108529317,-0.6371217966079712,0.8165864944458008,-1.5085418224334717,2
1771108529425,1.0071853399276733,-1.7620725631713867,1.681241512298584,2
1771108529535,0.31238794326782227,-0.5082616806030273,0.8780889511108398,2
1771108529642,1.4794256687164307,2.6657752990722656,0.21103525161743164,2
1771108529743,0.04045671224594116,-1.126816749572754,2.2559802532196045,2
1771108529851,-0.4278240501880646,0.7047672271728516,-2.496408224105835,2
1771108529959,-1.589606761932373,2.2457332611083984,-0.8983182907104492,2
1771108530068,-0.3305736482143402,0.5353479385375977,-1.2914178371429443,2
1771108530208,-0.5975657105445862,2.0515565872192383,-2.8192532062530518,2
1771108530285,-0.289395809173584,0.008579254150390625,-2.85958194732666,2
1771108530386,-0.31343263387680054,-0.18240928649902344,1.9924015998840332,2
1771108530493,0.5083245038986206,-1.8038291931152344,1.8023781776428223,2
1771108530602,-0.32293394207954407,2.287111282348633,-2.620621681213379,2
1771108530702,-0.9238861799240112,0.4738121032714844,-2.031372547149658,2
1771108530811,0.8631612062454224,-0.9425735473632812,2.895106077194214,2
1771108530911,0.4864557981491089,2.4813060760498047,-0.8211069107055664,2
1771108531021,0.0868682861328125,0.1127481460571289,0.4956636428833008,2
1771108531166,-0.18721908330917358,0.5400009155273438,-2.603088855743408,2
1771108531237,-0.058175474405288696,1.8589115142822266,-1.6230576038360596,2
1771108531345,0.14637255668640137,2.6171865463256836,-1.9513949155807495,2
1771108531453,0.46712207794189453,-0.8518009185791016,1.9269235134124756,2
1771108531554,0.5816106796264648,0.05098438262939453,-0.946001410484314,2
1771108531661,-0.13339534401893616,1.942159652709961,-1.2473883628845215,2
1771108531770,0.5551158785820007,-0.2265615463256836,0.28281283378601074,2
1771108531910,-0.10234382748603821,2.0199127197265625,-2.419010877609253,2
1771108531978,0.14107662439346313,1.2711381912231445,-0.6847274303436279,2
1771108532086,0.4021076560020447,0.07199764251708984,0.893582820892334,2
1771108532187,0.7056647539138794,0.39500999450683594,1.1623589992523193,2
1771108532295,0.5344264507293701,2.8287124633789062,-2.2842719554901123,2
1771108532403,-0.6606983542442322,0.24725723266601562,-0.33649301528930664,2
1771108532512,1.2094647884368896,-0.7897071838378906,4.157895088195801,2
1771108532622,1.512410283088684,-0.21286773681640625,1.9971115589141846,2
1771108532729,0.11496883630752563,1.6445369720458984,0.41031908988952637,2
1771108532836,0.5249303579330444,-0.7022933959960938,1.2529432773590088,2
1771108532937,0.7197909951210022,-0.8643512725830078,0.41007542610168457,2
1771108533045,-0.19417120516300201,1.2747879028320312,-0.48499488830566406,2
1771108533174,-0.7707299590110779,1.49603271484375,-3.43314790725708,2
1771108533262,-0.42715004086494446,-1.5009088516235352,-0.4087095260620117,2
1771108533371,-0.040614306926727295,-0.0075054168701171875,-1.833262324333191,2
1771108533479,0.19468793272972107,1.0795373916625977,0.8244122266769409,2
1771108533579,-0.4453093409538269,-0.5873641967773438,-0.10229361057281494,2
1771108533689,-0.5933900475502014,-0.7752780914306641,-4.598178386688232,2
1771108533796,-0.3671095371246338,0.6945829391479492,0.6423468589782715,2
1771108533911,0.47731295228004456,0.49767303466796875,1.4410442113876343,2
1771108534013,-0.44017958641052246,-1.4835138320922852,-0.8823378086090088,2
1771108534130,-0.021623194217681885,0.6487836837768555,1.2606576681137085,2
1771108534229,0.11827465891838074,0.6417427062988281,-0.6044328212738037,2
1771108534338,0.42903655767440796,-0.28860950469970703,2.2858376502990723,2
1771108534447,-0.468583881855011,-0.7239837646484375,0.4174603223800659,2
1771108534559,-0.33994030952453613,1.6214704513549805,-1.39677095413208,2
1771108534656,0.20673194527626038,-0.6888408660888672,0.765458345413208,2
1771108534764,0.49131888151168823,-1.5834259986877441,0.5757238864898682,2
1771108534873,-0.011800691485404968,-0.17182159423828125,-0.8792004585266113,2
1771108534980,-0.42670130729675293,0.36083316802978516,-2.0372307300567627,2
1771108535089,0.3539507985115051,-0.8515663146972656,1.277292013168335,2
1771108535197,0.9248377084732056,0.7585744857788086,1.0760663747787476,2
1771108535306,-0.3289112448692322,0.34036827087402344,-0.9879714250564575,2
1771108535414,0.20661163330078125,0.39218902587890625,-1.3597400188446045,2
1771108535524,0.4501429796218872,-0.3357372283935547,3.174609661102295,2
1771108535631,0.0035310089588165283,-1.618333339691162,0.18289124965667725,2
1771108535731,-0.19611135125160217,1.2143068313598633,0.3108084201812744,2
1771108535841,0.14132797718048096,0.550105094909668,-0.8663835525512695,2
1771108535950,-0.025637000799179077,-0.08997154235839844,-1.7872428894042969,2
1771108536057,-0.0677306056022644,-0.5397520065307617,2.2362165451049805,2
1771108536164,0.2905854284763336,0.3785228729248047,0.5353970527648926,2
1771108536265,-0.08989930152893066,-0.2297382354736328,-1.149986982345581,2
1771108536374,-0.21820417046546936,-0.33450889587402344,0.17508256435394287,2
1771108536482,-0.2982991933822632,0.013895034790039062,-0.7476902008056641,2
1771108536582,0.8853936195373535,-1.2824182510375977,2.1187210083007812,2
1771108536691,-0.27841562032699585,-1.5641183853149414,1.00286066532135,2
1771108536803,0.37440770864486694,1.480708122253418,0.6705266237258911,2
1771108536919,-0.050177544355392456,0.6186838150024414,0.2217423915863037,2
1771108537008,-0.5097320675849915,-1.142873764038086,-0.4383751153945923,2
1771108537152,-0.86943119764328,0.5451297760009766,-2.8882312774658203,2
1771108537216,0.7316907644271851,1.1286306381225586,-1.0343736410140991,2
1771108537324,-0.0794721245765686,-0.5514907836914062,0.9768393039703369,2
1771108537433,0.9143730401992798,-0.8478899002075195,1.857654333114624,2
1771108537543,-0.14986562728881836,1.3676538467407227,-1.165055751800537,2
1771108537642,-0.41124963760375977,-0.5181970596313477,-0.42262911796569824,2
1771108537750,0.5572642683982849,-0.4250926971435547,2.2903456687927246,2
1771108537858,-1.150596261024475,0.7759170532226562,-1.5711398124694824,2
1771108537966,-0.07259964942932129,1.307023048400879,-2.9306108951568604,2
1771108538111,-0.11804008483886719,0.41713809967041016,-0.14999806880950928,2
1771108538176,-0.21178939938545227,-0.19492435455322266,-0.49972057342529297,2
1771108538283,-0.2549775242805481,0.3662996292114258,-2.71492075920105,2
1771108538392,0.5594890713691711,0.8544378280639648,0.9015648365020752,2
1771108538494,-0.057225197553634644,-0.9179372787475586,1.364806890487671,2
1771108538601,0.4344131648540497,1.8671703338623047,-1.492442011833191,2
1771108538712,0.2734914720058441,1.2561569213867188,-0.09876489639282227,2
1771108538818,-0.759846568107605,-0.5277719497680664,1.110826015472412,2
1771108538924,-0.17453987896442413,-0.7775774002075195,-0.14446091651916504,2
1771108539031,0.46788033843040466,1.1003332138061523,-1.8201403617858887,2
1771108539140,0.4611963629722595,1.3933076858520508,-0.18745899200439453,2
1771108539243,-0.33168041706085205,-1.668015480041504,2.693976640701294,2
1771108539343,-0.5594722032546997,1.1524019241333008,-1.3294512033462524,2
1771108539451,-0.05997061729431152,0.6700954437255859,0.09369897842407227,2
1771108539552,0.26800596714019775,-1.7693767547607422,0.8354601860046387,2
1771108539660,0.14588600397109985,1.0396652221679688,-0.2083895206451416,2
1771108539769,1.05637526512146,1.4018850326538086,-0.745928168296814,2
1771108539878,-0.06205779314041138,-1.2471790313720703,2.220416307449341,2
1771108539988,-0.5858359932899475,-1.176987648010254,0.15863800048828125,2
1771108540125,0.24298828840255737,-0.9528436660766602,2.4635491371154785,2
1771108540202,0.36954253911972046,0.9216623306274414,-0.18561482429504395,2
1771108540314,0.455857515335083,0.7551717758178711,0.36120009422302246,2
1771108540419,-0.5978639721870422,0.4993610382080078,0.7697505950927734,2
1771108540529,0.3863275349140167,0.4503803253173828,-1.1575037240982056,2
1771108540628,0.2945471405982971,-1.6499872207641602,0.04039907455444336,2
1771108540736,0.18476861715316772,-1.2636289596557617,1.5106456279754639,2
1771108540837,-0.3690151572227478,-0.00653839111328125,-2.0355865955352783,2
1771108540945,-0.05987894535064697,-1.0000085830688477,0.36281538009643555,2
1771108541053,-0.18897968530654907,-2.060181140899658,1.017723798751831,2
1771108541174,-0.8789962530136108,-2.3558502197265625,-1.4205224514007568,2
1771108541270,0.022580504417419434,1.2324390411376953,-0.4229238033294678,2
1771108541370,-0.1546180546283722,-0.4581441879272461,2.2403523921966553,2
1771108541479,-0.09305092692375183,-0.956695556640625,0.2850358486175537,2
1771108541587,0.18478786945343018,1.0645685195922852,-1.8269023895263672,2
1771108541695,-0.8888145685195923,1.5650596618652344,-2.8686952590942383,2
1771108541796,-0.3343498408794403,-2.312540054321289,-1.7102015018463135,2
1771108541936,0.1608567237854004,0.8589639663696289,-1.3027210235595703,2
1771108542005,-0.7026290893554688,1.465444564819336,-2.4809489250183105,2
1771108542112,-0.5614020824432373,-1.516676902770996,-0.7381515502929688,2
1771108542217,0.7971583604812622,-1.1228561401367188,0.7744095325469971,2
1771108542320,-0.8551058173179626,2.7275705337524414,-2.76438307762146,2
1771108542422,-0.8380112051963806,-1.3513479232788086,1.4144067764282227,2
1771108542530,-0.4375743269920349,0.08646297454833984,-3.6299514770507812,2
1771108542638,-0.2284272015094757,0.02395343780517578,-1.9882047176361084,2
1771108542747,-0.04046788811683655,0.05994606018066406,0.47603392601013184,2
1771108542847,-0.2373725175857544,-2.524458408355713,0.6890296936035156,2
1771108542948,0.7538943290710449,2.286252975463867,-0.8242268562316895,2
1771108543060,0.37580427527427673,2.9988527297973633,-0.9644962549209595,2
1771108543184,-1.0572823286056519,1.5295915603637695,-3.1330349445343018,2
1771108543268,0.20434746146202087,-0.11261940002441406,-2.252512216567993,2
1771108543366,-0.7483320236206055,1.1058158874511719,-2.0394134521484375,2
1771108543472,-0.2278154492378235,-1.3698902130126953,0.543480634689331,2
1771108543573,0.22838950157165527,-0.123016357421875,-0.5411334037780762,2
1771108543681,-0.4876589775085449,1.1417112350463867,-1.6982083320617676,2
1771108543790,-1.1051089763641357,-0.5743436813354492,-1.3165595531463623,2
1771108543890,0.5749469995498657,-0.7931900024414062,-0.4649850130081177,2
1771108543999,1.0974328517913818,1.824934959411621,-1.1459919214248657,2
1771108544152,0.6623049974441528,-0.2900533676147461,0.9413666725158691,2
1771108544206,-0.05193278193473816,-1.1147127151489258,0.29326486587524414,2
1771108544315,-0.0636664628982544,-0.308746337890625,-0.5207319259643555,2
1771108544415,-0.2908310294151306,1.9772491455078125,-0.8980929851531982,2
1771108544525,0.014230996370315552,-1.9793472290039062,-0.6676650047302246,2
1771108544632,0.4608061611652374,-0.6159038543701172,0.2262101173400879,2
1771108544743,0.3012184500694275,1.6411209106445312,-2.0423543453216553,2
1771108544847,0.281904011964798,-0.2907066345214844,1.1008265018463135,2
1771108544950,-0.386461466550827,-1.1305427551269531,2.6799874305725098,2
1771108545049,-0.05546844005584717,1.489649772644043,-2.2945332527160645,2
1771108545185,0.7394952178001404,0.13339805603027344,-1.01373291015625,2
1771108545260,-0.18076872825622559,-1.2010011672973633,0.6680467128753662,2
1771108545366,0.26307982206344604,1.2888689041137695,-1.0347589254379272,2
1771108545474,-0.46333038806915283,1.8677663803100586,-2.5793445110321045,2
1771108545583,0.11984360218048096,0.056761741638183594,-0.7470779418945312,2
1771108545683,-0.16524112224578857,0.8241233825683594,-0.40831470489501953,2
1771108545792,-0.6846330165863037,2.6644392013549805,-2.566160202026367,2
1771108545894,0.6548116207122803,-0.6332817077636719,2.1045784950256348,2
1771108546001,-0.39065980911254883,-0.8246345520019531,-1.5782731771469116,2
1771108546152,-0.7202872037887573,1.2641029357910156,-1.4312878847122192,2
1771108546217,-0.41380783915519714,2.1538658142089844,-1.4111629724502563,2
1771108546318,0.6349374055862427,-0.4260444641113281,2.1601710319519043,2
1771108546425,0.9002469778060913,-1.065988540649414,-0.6394948959350586,2
1771108546534,0.2092674970626831,1.8624649047851562,0.13666152954101562,2
1771108546642,-1.0217812061309814,1.2182884216308594,-1.1375359296798706,2
1771108546752,0.17666196823120117,-1.0948915481567383,1.0298550128936768,2
1771108546859,0.22632750868797302,0.16180706024169922,0.7525069713592529,2
1771108546967,-0.5366504192352295,1.2134637832641602,-1.6981254816055298,2
1771108547076,0.17338785529136658,0.7013978958129883,0.15304100513458252,2
1771108547201,0.03919333219528198,-0.16591358184814453,-0.6124774217605591,2
1771108547301,0.6019487977027893,-0.43628406524658203,1.6808116436004639,2
1771108547403,-0.12350937724113464,-0.7137508392333984,-1.3685145378112793,2
1771108547510,0.19332408905029297,2.0588207244873047,1.17783784866333,2
1771108547618,-0.5580554604530334,0.6778860092163086,-0.024382352828979492,2
1771108547719,-0.45652785897254944,-0.49320316314697266,-1.639164686203003,2
1771108547827,0.26546555757522583,2.1528501510620117,0.6366991996765137,2
1771108547946,0.31523188948631287,2.8804454803466797,1.057413101196289,2
1771108548045,0.562553882598877,-0.9841156005859375,0.8375856876373291,2
1771108548170,0.48987215757369995,-1.9267845153808594,-0.1787937879562378,2
1771108548261,0.6563847064971924,1.222513198852539,0.4713841676712036,2
1771108548361,0.6830161809921265,1.0244836807250977,1.841995358467102,2
1771108548462,-0.24798017740249634,-0.9965791702270508,1.2824931144714355,2
1771108548570,-0.008810162544250488,0.8776817321777344,0.046372413635253906,2
1771108548670,0.16074052453041077,-0.15803146362304688,-0.6154564619064331,2
1771108548778,0.5347524881362915,-0.6437110900878906,0.15008485317230225,2
1771108548880,-0.07572099566459656,-0.75726318359375,0.10312747955322266,2
1771108548987,0.5500022172927856,0.42216014862060547,0.34783852100372314,2
1771108549132,0.2904394865036011,0.9065647125244141,0.31214773654937744,2
1771108549197,1.283254623413086,-0.6568202972412109,2.1696019172668457,2
1771108549303,-0.13650822639465332,-0.04684925079345703,0.4103708267211914,2
1771108549412,0.09201273322105408,0.7867498397827148,-0.23063886165618896,2
1771108549520,0.7598554491996765,-1.0541105270385742,-0.5297850370407104,2
1771108549623,-0.3888230323791504,-1.5633268356323242,0.8209401369094849,2
1771108549730,-0.6264004707336426,2.2783279418945312,0.8583707809448242,2
1771108549850,0.36740800738334656,1.0253448486328125,-0.9731859564781189,2
1771108549940,0.28422608971595764,-0.8216791152954102,0.6412012577056885,2
1771108550047,-1.0787537097930908,-0.4855365753173828,-1.2422997951507568,2
1771108550153,1.0156965255737305,0.7570562362670898,2.341801166534424,2
1771108550256,1.3150770664215088,-1.3191795349121094,1.5170162916183472,2
1771108550364,-0.29195600748062134,-1.6830949783325195,1.3418617248535156,2
1771108550471,0.2610883116722107,1.1662445068359375,-2.162834644317627,2
1771108550572,0.4373306632041931,2.6366729736328125,-0.3650498390197754,2
1771108550672,-1.2508623600006104,-1.8038511276245117,3.1650166511535645,2
1771108550780,0.7421500086784363,1.518960952758789,-0.023156166076660156,2
1771108550896,0.9839385151863098,1.6831636428833008,-0.07474946975708008,2
1771108550989,0.06667125225067139,0.02112579345703125,2.0814390182495117,2
1771108551097,0.6444610953330994,-1.0405502319335938,3.740974187850952,2
1771108551214,-0.21035850048065186,-0.2167377471923828,-1.0967459678649902,2
1771108551315,1.1784095764160156,0.7303628921508789,-0.367617130279541,2
1771108551422,-0.6531726717948914,-0.12459087371826172,-1.080306887626648,2
1771108551530,0.13728654384613037,-1.1833209991455078,2.3094398975372314,2
1771108551631,-0.030932515859603882,1.9982738494873047,-0.8773386478424072,2
1771108551740,-0.025139272212982178,1.5266122817993164,-2.3139989376068115,2
1771108551841,0.838749885559082,-0.4916954040527344,1.1048104763031006,2
1771108551948,0.7518842816352844,0.9869842529296875,0.019629955291748047,2
1771108552057,-0.7632514238357544,1.430532455444336,-1.1536144018173218,2
1771108552201,0.16705280542373657,1.4701566696166992,-0.7614229917526245,2
1771108552274,0.15519285202026367,-1.3457727432250977,-0.9435781240463257,2
1771108552381,-0.35434678196907043,1.6821050643920898,0.5402462482452393,2
1771108552492,-0.20626187324523926,0.7837972640991211,-3.598051071166992,2
1771108552599,-0.2616191506385803,-0.1561422348022461,-0.7423572540283203,2
1771108552707,-0.02243596315383911,-1.6780757904052734,0.5159964561462402,2
1771108552809,0.4157050848007202,2.241109848022461,-0.9964568614959717,2
1771108552941,0.5803836584091187,1.8856172561645508,0.2896595001220703,2
1771108553015,0.5828372836112976,0.11781883239746094,-0.8398704528808594,2
1771108553140,-0.9368401765823364,-0.4691476821899414,-3.405231475830078,2
1771108553241,0.5230034589767456,1.078557014465332,0.3581047058105469,2
1771108553349,-0.23479512333869934,1.1554994583129883,-1.1842254400253296,2
1771108553458,0.061748623847961426,-0.8097372055053711,1.6365294456481934,2
1771108553558,-0.13012570142745972,-0.12658977508544922,-0.6766526699066162,2
1771108553666,-0.12356457114219666,1.451207160949707,-2.504735231399536,2
1771108553766,-0.08843153715133667,-0.9601211547851562,1.1944422721862793,2
1771108553879,-0.013043582439422607,-0.591649055480957,-0.5693950653076172,2
1771108553983,-0.310302734375,2.129638671875,-1.421370029449463,2
1771108554091,-0.5245634913444519,1.4026126861572266,-2.9728636741638184,2
1771108554204,-0.27886995673179626,-1.1938972473144531,1.4133684635162354,2
1771108554310,-0.29604876041412354,-1.513223648071289,0.46972179412841797,2
1771108554417,0.13008570671081543,-0.08890056610107422,-1.1150957345962524,2
1771108554517,-0.34297239780426025,0.06818294525146484,1.0343999862670898,2
1771108554630,0.4734787344932556,-0.4194908142089844,0.25253963470458984,2
1771108554734,0.17520254850387573,1.0953083038330078,-1.4888806343078613,2
1771108554834,-0.4143436551094055,2.1666297912597656,0.4515538215637207,2
1771108554943,0.12781056761741638,-1.5221309661865234,2.117975950241089,2
1771108555051,0.17441987991333008,-0.9409933090209961,1.8403007984161377,2
1771108555184,1.2473258972167969,0.38042449951171875,3.588844060897827,2
1771108555259,-0.6118826866149902,-0.06264019012451172,-1.3021857738494873,2
1771108555368,0.6480250358581543,-1.1724233627319336,2.6988956928253174,2
1771108555468,0.33486348390579224,0.670292854309082,0.09058284759521484,2
1771108555576,-1.0751235485076904,0.7786111831665039,-2.8167972564697266,2
1771108555685,0.8128218650817871,-0.765629768371582,2.112139940261841,2
1771108555794,-0.4626070559024811,-1.4931583404541016,1.633687973022461,2
1771108555902,0.6721562147140503,0.6444005966186523,-1.2481906414031982,2
1771108556009,0.20166468620300293,2.551730155944824,-0.671714186668396,2
1771108556126,-0.09646566212177277,0.14148235321044922,-0.8842579126358032,2
1771108556218,0.30262991786003113,-0.8765554428100586,0.2752617597579956,2
1771108556327,-0.49183234572410583,1.7274665832519531,-0.9377286434173584,2
1771108556436,-1.2388403415679932,-0.08064937591552734,-0.7883303165435791,2
1771108556544,-0.44613948464393616,-1.1928434371948242,2.0219740867614746,2
1771108556654,1.061309576034546,-0.10610198974609375,3.3886213302612305,2
1771108556761,-0.43917420506477356,0.34455299377441406,-0.8362007737159729,2
1771108556869,-1.042097806930542,-0.03794288635253906,-0.9472814798355103,2
1771108556977,0.894740641117096,-1.4011926651000977,2.3771653175354004,2
1771108557116,-1.2328946590423584,0.9860954284667969,-3.0008151531219482,2
1771108557188,0.4422592222690582,2.093672752380371,-0.17410564422607422,2
1771108557295,-0.11700569093227386,-0.054485321044921875,1.292219877243042,2
1771108557403,-0.28537407517433167,-0.6756467819213867,2.5890793800354004,2
1771108557512,-0.8252882361412048,-0.9495420455932617,0.9538482427597046,2
1771108557621,-0.4188735783100128,1.8951139450073242,-1.5876930952072144,2
1771108557729,-0.29839977622032166,1.7903566360473633,-1.3549244403839111,2
1771108557837,0.24770629405975342,-1.4495391845703125,2.098025321960449,2
1771108557946,0.6960312128067017,-0.6992959976196289,0.916114330291748,2
1771108558055,-0.3504595160484314,1.7948389053344727,-1.472116470336914,2
1771108558184,0.4204213619232178,-1.226694107055664,-0.54190993309021,2
1771108558271,-0.41601336002349854,-0.3479499816894531,0.28095221519470215,2
1771108558379,-0.6957777738571167,-1.6548023223876953,-0.4888021945953369,2
1771108558487,-0.2645416855812073,1.2196502685546875,-3.26375412940979,2
1771108558596,-0.7976245880126953,1.5959396362304688,-1.2858545780181885,2
1771108558705,-0.20257872343063354,0.7379589080810547,-1.2829105854034424,2
1771108558813,0.048336565494537354,-0.8502960205078125,0.6824815273284912,2
1771108558944,0.3513520658016205,-1.605316162109375,-0.6005758047103882,2
1771108559021,-0.3195092976093292,0.768951416015625,-1.9166306257247925,2
1771108559155,-0.11508357524871826,1.5756464004516602,0.2582833766937256,2
1771108559239,0.24907279014587402,-0.9444046020507812,1.2769501209259033,2
1771108559346,0.07502683997154236,1.4932937622070312,-2.2944092750549316,2
1771108559455,-0.12702268362045288,1.1977109909057617,-0.09845209121704102,2
1771108559563,-0.47623318433761597,-0.10640525817871094,0.5921719074249268,2
1771108559672,1.3250901699066162,0.022672653198242188,1.9392776489257812,2
1771108559781,0.32870712876319885,0.09515094757080078,-2.624523878097534,2
1771108559890,0.554692268371582,1.4700565338134766,-0.14022278785705566,2
1771108559997,-0.04511252045631409,-0.9345273971557617,-0.6662131547927856,2
1771108560135,-0.132010817527771,1.912714958190918,-1.899336576461792,2
1771108560213,-0.3799511194229126,0.9926633834838867,-2.295788049697876,2
1771108560322,0.42331191897392273,2.0955028533935547,1.0069775581359863,2
1771108560431,-0.13025198876857758,0.47832393646240234,-0.8375371694564819,2
1771108560539,-0.29206573963165283,-1.290389060974121,0.1409156322479248,2
1771108560649,-0.2607457637786865,-1.0906009674072266,0.2431633472442627,2
1771108560758,0.7473123669624329,1.6266155242919922,-0.2961742877960205,2
1771108560864,-0.5228559970855713,0.2962312698364258,-1.442569375038147,2
1771108560965,0.33791637420654297,-1.539163589477539,0.22025799751281738,2
1771108561073,-0.5897154211997986,-0.4442157745361328,-2.4282045364379883,2
1771108561188,-1.1132638454437256,0.7173585891723633,-2.400890588760376,2
1771108561289,0.01791703701019287,0.6812953948974609,-0.8082319498062134,2
1771108561399,-0.07153487205505371,-1.2856016159057617,-1.8895965814590454,2
1771108561509,0.211093008518219,-0.9725894927978516,2.285634994506836,2
1771108561615,0.016952157020568848,1.18060302734375,0.8417531251907349,2
1771108561725,-0.8106067180633545,0.19818782806396484,-1.0553276538848877,2
1771108561833,0.2945803701877594,-0.9208297729492188,0.385029673576355,2
1771108561957,0.006678760051727295,-0.055222511291503906,-0.1965327262878418,2
1771108562049,0.18928754329681396,-0.008798599243164062,-0.03383612632751465,2
1771108562171,-0.1288214921951294,1.290151596069336,0.32915377616882324,2
1771108562257,0.033819377422332764,-0.4318971633911133,-0.6331615447998047,2
1771108562366,-0.746209979057312,1.369974136352539,-0.7910423278808594,2
1771108562468,-0.2915821671485901,1.303558349609375,-2.131941318511963,2
1771108562575,1.664982557296753,0.8560848236083984,2.9697000980377197,2
1771108562683,-0.6094200015068054,-1.0281667709350586,-0.2741739749908447,2
1771108562792,-0.1438673436641693,-1.442185401916504,0.04207873344421387,2
1771108562900,-0.43134117126464844,1.4142131805419922,-2.5100998878479004,2
1771108563002,0.8266282081604004,0.3387603759765625,0.31960558891296387,2
1771108563108,0.08534970879554749,-0.7742338180541992,2.2421956062316895,2
1771108563214,-0.10425147414207458,0.8182687759399414,-3.085667133331299,2
1771108563316,-0.24124494194984436,1.6446542739868164,-1.0382075309753418,2
1771108563425,-0.09709367156028748,-0.7132329940795898,0.584038496017456,2
1771108563533,-0.38560736179351807,-0.3607635498046875,-1.3815289735794067,2
1771108563642,0.721269965171814,0.7603416442871094,-0.7421774864196777,2
1771108563742,-0.07215839624404907,0.1684112548828125,0.37987399101257324,2
1771108563851,-0.34145617485046387,-1.0050582885742188,0.2631545066833496,2
1771108563964,-0.8707997798919678,-1.522200584411621,-0.29267191886901855,2
1771108564059,-0.9814976453781128,1.719273567199707,-1.1656371355056763,2
1771108564176,-0.1605624109506607,-0.8852148056030273,-1.8171807527542114,2
1771108564284,-0.8432645201683044,-1.6210031509399414,-0.5719588994979858,2
1771108564392,0.8813084363937378,-1.8932905197143555,1.4767379760742188,2
1771108564494,-0.031880348920822144,0.9807052612304688,-2.0594563484191895,2
1771108564601,-0.11602163314819336,-1.8663229942321777,-1.3023980855941772,2
1771108564710,0.7737845778465271,-1.953303337097168,2.881683349609375,2
1771108564813,0.11483848094940186,0.6986989974975586,0.17299294471740723,2
1771108564918,0.39146971702575684,2.2135696411132812,-1.1990679502487183,2
1771108565030,-0.6043280363082886,-0.4321880340576172,-1.9219335317611694,2
1771108565145,-1.2067780494689941,-0.7118310928344727,-2.5273120403289795,2
1771108565236,0.15526556968688965,1.4201135635375977,-3.265350341796875,2
1771108565343,0.5972929000854492,0.7045764923095703,1.1084580421447754,2
1771108565444,0.3405245244503021,-0.8862438201904297,1.4806044101715088,2
1771108565552,-0.6966630220413208,0.07627105712890625,-2.75321626663208,2
1771108565662,-1.4330003261566162,0.4322996139526367,-3.1337389945983887,2
1771108565761,-1.0062199831008911,-1.6606683731079102,0.6230969429016113,2
1771108565869,0.40868300199508667,-0.9984016418457031,0.8014159202575684,2
1771108565978,0.7405503988265991,0.5064783096313477,0.7600042819976807,2
1771108566117,0.7072763442993164,1.080002784729004,1.1551315784454346,2
1771108566194,0.688279390335083,-1.076425552368164,3.031262159347534,2
1771108566303,0.795144259929657,-0.9414901733398438,2.2091870307922363,2
1771108566412,-0.9495350122451782,0.47718048095703125,-1.4136457443237305,2
1771108566520,-0.1316763162612915,1.0142688751220703,-2.2552709579467773,2
1771108566628,0.13967788219451904,0.8719615936279297,-1.5797369480133057,2
1771108566737,-0.41992640495300293,-2.2192492485046387,0.3711833953857422,2
1771108566845,0.24794262647628784,0.7415103912353516,-2.0793747901916504,2
1771108566966,-0.2831266522407532,0.48540306091308594,-1.7180230617523193,2
1771108567061,-0.8750736713409424,0.08048725128173828,-2.2731432914733887,2
1771108567175,1.293210506439209,0.7883148193359375,2.8357179164886475,2
1771108567280,0.003959715366363525,-1.1357698440551758,-1.106717586517334,2
1771108567387,0.5974425673484802,1.2567977905273438,-1.3016128540039062,2
1771108567495,-1.045249342918396,0.3356637954711914,-2.863386631011963,2
1771108567596,0.06476908922195435,-0.5908403396606445,2.00820255279541,2
1771108567705,-0.1472579538822174,-0.5058307647705078,-1.311930537223816,2
1771108567812,0.8698715567588806,1.9562759399414062,-2.1843514442443848,2
1771108567913,-0.18053260445594788,-0.8391427993774414,-0.1534121036529541,2
1771108568022,-0.43381935358047485,-2.358121871948242,-0.03199481964111328,2
1771108568146,1.0233650207519531,-1.1461677551269531,1.7064738273620605,2
1771108568255,0.17539596557617188,-0.04910850524902344,-0.5706877708435059,2
1771108568364,0.2750137448310852,1.1320161819458008,-1.5158264636993408,2
1771108568463,-0.0971333384513855,0.90240478515625,0.7216629981994629,2
1771108568572,-0.4991458058357239,-1.7628650665283203,-0.31721019744873047,2
1771108568680,-0.3231172263622284,-0.7300567626953125,-2.5786666870117188,2
1771108568781,-0.9801314473152161,1.8354310989379883,-2.4987874031066895,2
1771108568889,-1.1051051616668701,-1.4947748184204102,-1.143402338027954,2
1771108568997,0.4822380840778351,-1.959566593170166,1.4030083417892456,2
1771108569098,0.21899080276489258,2.5480079650878906,-0.26324033737182617,2
1771108569213,0.31661778688430786,1.692596435546875,0.20386743545532227,2
1771108569314,0.3197953701019287,-0.5421333312988281,2.949570655822754,2
1771108569415,-0.411147803068161,1.4444093704223633,-2.570713996887207,2
1771108569522,0.32317712903022766,2.01554012298584,-1.365262508392334,2
1771108569623,-0.3256445825099945,-1.0780200958251953,1.245610237121582,2
1771108569732,0.3306170403957367,-0.2764444351196289,1.4820466041564941,2
1771108569840,-0.6280165314674377,0.49793434143066406,-3.318948268890381,2
1771108569979,-0.43496063351631165,-1.2979812622070312,1.9854145050048828,2
1771108570048,0.1270921528339386,-2.4469289779663086,0.6697125434875488,2
1771108570149,0.3762938678264618,-0.4944276809692383,0.34678852558135986,2
1771108570256,-0.6488418579101562,0.3892822265625,-1.8421430587768555,2
1771108570365,0.06860509514808655,0.3876314163208008,1.1497373580932617,2
1771108570474,0.2969263195991516,-1.5242114067077637,0.792320728302002,2
1771108570574,-0.008542746305465698,0.5102262496948242,-1.4741218090057373,2
1771108570682,0.24830448627471924,2.005228042602539,-2.6822078227996826,2
1771108570782,-0.12657234072685242,-0.5774688720703125,1.6393694877624512,2
1771108570892,0.4291406273841858,-1.3135595321655273,1.3570210933685303,2
1771108570999,0.2848970890045166,2.156951904296875,-3.2502119541168213,2
1771108571148,0.9026829600334167,-0.5082721710205078,3.0215187072753906,2
1771108571216,-1.3553802967071533,-0.49680423736572266,-1.419651985168457,2
1771108571324,-0.0031005144119262695,-1.703521728515625,1.2618961334228516,2
1771108571432,0.004378795623779297,0.5488862991333008,-1.292785406112671,2
1771108571541,-0.9497629404067993,1.9104185104370117,-5.194723129272461,2
1771108571642,0.18290650844573975,-0.5769119262695312,-0.20050406455993652,2
1771108571749,-0.2168160080909729,-1.193115234375,1.0224988460540771,2
1771108571858,0.24809253215789795,-0.12310981750488281,-1.7283600568771362,2
1771108571978,-0.16091585159301758,2.3280258178710938,-1.7952266931533813,2
1771108572075,-0.36841148138046265,1.8871679306030273,-0.30391359329223633,2
1771108572185,-1.1785099506378174,-1.5027790069580078,-2.0471742153167725,2
1771108572278,0.6350386738777161,1.2603187561035156,1.068678379058838,2
1771108572384,-0.4012625217437744,1.752298355102539,-3.5701756477355957,2
1771108572492,0.11440914869308472,-1.4999098777770996,-0.2800595760345459,2
1771108572592,-0.352828711271286,-0.5320768356323242,-0.1984100341796875,2
1771108572700,-0.4310307204723358,0.12004375457763672,-1.4612618684768677,2
1771108572808,0.6661432981491089,1.2221832275390625,-1.3918827772140503,2
1771108572911,0.062437862157821655,-0.16542339324951172,1.7924599647521973,2
1771108573017,0.3568820655345917,0.5945615768432617,-0.6691868305206299,2
1771108573172,-0.16309748589992523,1.7628908157348633,-0.16986453533172607,2
1771108573234,-0.16464988887310028,1.7990846633911133,-0.9460924863815308,2
1771108573345,-0.511804461479187,0.4622335433959961,-1.275094985961914,2
1771108573451,0.6778673529624939,-0.387237548828125,2.1785597801208496,2
1771108573560,-0.6634190082550049,-1.719799518585205,-0.5532692670822144,2
1771108573670,0.6420390605926514,-0.5025482177734375,1.1592791080474854,2
1771108573770,0.20639145374298096,1.2405157089233398,-0.8135964870452881,2
1771108573876,-0.9294929504394531,0.7535877227783203,0.4905891418457031,2
1771108574006,-0.8682262897491455,0.6786298751831055,-2.418832540512085,2
1771108574092,-0.7149221301078796,0.38005924224853516,-1.364032506942749,2
1771108574201,0.5436445474624634,0.7005100250244141,2.328547716140747,2
1771108574309,-0.1843179166316986,0.1440114974975586,-1.3620874881744385,2
1771108574418,-1.02944016456604,-0.7897281646728516,-0.36578965187072754,2
1771108574526,0.2713303864002228,0.09721660614013672,-1.6539431810379028,2
1771108574630,-0.23980849981307983,0.04127311706542969,-1.5952675342559814,2
1771108574735,-0.059446901082992554,0.7375144958496094,0.7816236019134521,2
1771108574845,-0.09257468581199646,-0.34256839752197266,-0.39165353775024414,2
1771108574982,0.3707432746887207,0.44609928131103516,0.5968589782714844,2
1771108575060,-0.0187063068151474,1.4342069625854492,0.3016791343688965,2
1771108575187,-0.1998838484287262,-0.3888578414916992,-1.275537371635437,2
1771108575295,0.3454016149044037,-1.139007568359375,0.21343398094177246,2
1771108575403,0.15403294563293457,1.3322277069091797,1.333503007888794,2
1771108575511,-0.1832718849182129,0.36505603790283203,-4.070815563201904,2
1771108575620,0.23659665882587433,1.300628662109375,1.001740574836731,2
1771108575734,0.7174655199050903,-0.4132852554321289,1.22932767868042,2
1771108575837,0.6513351202011108,-1.4644899368286133,2.523942708969116,2
1771108575946,0.022838860750198364,0.792236328125,0.2031996250152588,2
1771108576054,-0.16010357439517975,1.4536924362182617,-0.9895585775375366,2
1771108576179,0.7140998840332031,0.8951473236083984,0.4246101379394531,2
1771108576288,0.5123705267906189,1.5509624481201172,1.0798711776733398,2
1771108576395,0.33800768852233887,-0.7172155380249023,-1.3742517232894897,2
1771108576496,-0.549189031124115,-0.869328498840332,-0.9369785785675049,2
1771108576604,-0.294975608587265,0.9437255859375,-1.057020902633667,2
1771108576712,0.09584498405456543,1.2925958633422852,-2.3536531925201416,2
1771108576813,-0.3573964238166809,-1.0504465103149414,-0.8376731872558594,2
1771108576923,0.6836972236633301,-1.2494087219238281,2.6463239192962646,2
1771108577029,-0.5537183880805969,0.5063867568969727,-2.4355461597442627,2
1771108577135,0.2870855927467346,0.0130157470703125,-0.4009585380554199,2
1771108577239,0.26482492685317993,0.7483501434326172,1.4558753967285156,2
1771108577346,0.8685070276260376,-1.2846975326538086,2.2404277324676514,2
1771108577455,-0.6166408061981201,-0.3583650588989258,-1.2126541137695312,2
1771108577564,0.24408462643623352,1.541029930114746,1.2869007587432861,2
1771108577672,-0.34125828742980957,1.2377586364746094,-1.3398618698120117,2
1771108577781,-0.000985950231552124,0.2649106979370117,-1.8151555061340332,2
1771108577888,-0.2323809564113617,-2.1244611740112305,0.4797976016998291,2
1771108577990,-0.20392125844955444,2.230105400085449,-1.0375657081604004,2
1771108578097,-0.25037261843681335,0.7833671569824219,-3.1751468181610107,2
1771108578205,0.1318473219871521,1.066237449645996,0.26775527000427246,2
1771108578317,0.2012689709663391,-2.147158145904541,1.2808723449707031,2
1771108578422,0.088104248046875,-2.094712257385254,0.5900804996490479,2
1771108578532,-0.19793707132339478,1.9422187805175781,-0.8782744407653809,2
1771108578639,0.2481270730495453,0.8526678085327148,0.4416465759277344,2
1771108578747,-0.043356746435165405,0.9735527038574219,-0.6458820104598999,2
1771108578848,0.24350780248641968,-0.9925060272216797,1.2781643867492676,2
1771108578985,0.5280808210372925,-1.1801786422729492,1.089185357093811,2
1771108579064,-0.13478735089302063,1.505854606628418,-1.1250617504119873,2
1771108579173,-1.2386590242385864,1.5551986694335938,-2.4976279735565186,2
1771108579281,0.9297259449958801,0.3827495574951172,1.5982897281646729,2
1771108579391,0.4048522114753723,-1.511122703552246,1.16163969039917,2
1771108579498,0.3963513970375061,-1.4394779205322266,1.0109710693359375,2
1771108579608,0.015411436557769775,0.9191989898681641,-2.3205199241638184,2
1771108579715,-0.8058316707611084,1.1373748779296875,-2.646885633468628,2
1771108579824,0.6684405207633972,-0.21274852752685547,3.0454235076904297,2
1771108579932,-0.5076432228088379,-2.307248592376709,-0.5849941968917847,2
1771108580041,0.41880959272384644,-2.0075244903564453,2.404167652130127,2
1771108580150,0.23679187893867493,0.43210315704345703,-0.7960786819458008,2
1771108580249,0.7365533113479614,0.21672725677490234,2.9160938262939453,2
1771108580350,0.36578935384750366,-2.1635513305664062,1.7162914276123047,2
1771108580457,-0.2483077347278595,0.6372032165527344,-0.3855794668197632,2
1771108580568,-0.20189931988716125,1.3385639190673828,-1.0142719745635986,2
1771108580674,-0.5617650747299194,1.9082622528076172,-2.6313974857330322,2
1771108580785,-0.12951956689357758,-0.8777256011962891,0.21056294441223145,2
1771108580892,-0.4711185693740845,-0.8322906494140625,0.8181653022766113,2
1771108581000,0.576128363609314,0.11472606658935547,1.5474975109100342,2
1771108581121,0.12589958310127258,0.14122295379638672,-0.43902623653411865,2
1771108581217,0.47679513692855835,2.406400680541992,0.7818632125854492,2
1771108581325,-0.7185165882110596,0.48951148986816406,-1.45977783203125,2
1771108581437,-0.972238302230835,-2.659139633178711,-0.45516490936279297,2
1771108581534,-0.05190402269363403,1.9411659240722656,-2.1554882526397705,2
1771108581642,0.4607975482940674,1.8642387390136719,0.10133862495422363,2
1771108581751,-0.40728646516799927,0.04956626892089844,-3.1641077995300293,2
1771108581851,-0.427288681268692,-2.2103986740112305,1.3490326404571533,2
1771108581959,-0.0867263674736023,1.3908195495605469,-1.6754529476165771,2
1771108582064,-0.42915263772010803,1.088134765625,-3.927050828933716,2
1771108582180,0.7803224325180054,2.07028865814209,-2.5851001739501953,2
1771108582275,0.47518935799598694,-0.8762683868408203,2.372572422027588,2
1771108582376,0.876349925994873,0.5026445388793945,-0.631436824798584,2
1771108582485,0.990891695022583,2.1230297088623047,-2.066347599029541,2
1771108582595,0.34741249680519104,0.9261693954467773,-2.691535472869873,2
1771108582702,0.17453277111053467,-0.08449363708496094,1.471416711807251,2
1771108582810,-0.09491658210754395,-1.6816015243530273,-0.37937116622924805,2
1771108582919,0.9361459612846375,1.4714946746826172,0.25236940383911133,2
1771108583020,-0.06445235013961792,0.5176429748535156,-3.822756052017212,2
1771108583148,0.3923763632774353,0.38312721252441406,0.004582405090332031,2
1771108583227,-0.7950922250747681,-0.42620372772216797,0.9991779327392578,2
1771108583335,1.1828503608703613,-0.7415618896484375,-0.057251930236816406,2
1771108583436,-0.366637647151947,1.375112533569336,-1.1385599374771118,2
1771108583544,-0.34332895278930664,-0.41370105743408203,-0.3856959342956543,2
1771108583643,-0.19615650177001953,-1.0675430297851562,1.5084846019744873,2
1771108583753,0.26056981086730957,-0.6199073791503906,0.3392372131347656,2
1771108583861,0.467750608921051,0.7299289703369141,-1.4687092304229736,2
1771108584000,-0.2098066210746765,-1.6331911087036133,2.111731767654419,2
1771108584070,0.715042233467102,-0.9021949768066406,2.733422040939331,2
1771108584184,0.053349316120147705,1.653367042541504,-1.1005194187164307,2
1771108584286,0.09387344121932983,1.5579652786254883,-0.679255485534668,2
1771108584396,-0.7052721977233887,1.4322509765625,-3.9079947471618652,2
1771108584503,-0.8527745604515076,1.940871238708496,-1.226453423500061,2
1771108584611,-0.4799956679344177,-0.8423757553100586,0.38640522956848145,2
1771108584721,0.05854076147079468,-1.4242401123046875,-0.08931493759155273,2
1771108584829,0.5137994885444641,-0.31542110443115234,-0.3129291534423828,2
1771108584936,-0.22902479767799377,2.0408945083618164,-2.4670515060424805,2
1771108585037,-0.4269131124019623,0.13421154022216797,-1.4157530069351196,2
1771108585145,0.8475669622421265,-1.3429975509643555,1.4633426666259766,2
1771108585254,-0.3121132254600525,-0.9224576950073242,-2.904648780822754,2
1771108585362,-0.06850892305374146,1.3237876892089844,-2.460437297821045,2
1771108585470,-0.06429648399353027,1.6593599319458008,-4.239611625671387,2
1771108585571,-0.4707889258861542,-0.9119529724121094,-1.4849343299865723,2
1771108585679,0.12419694662094116,0.0769491195678711,3.2539584636688232,2
1771108585789,0.3149665594100952,-0.15482044219970703,-0.5523664951324463,2
1771108585896,0.7745156288146973,0.8316516876220703,-0.6760854721069336,2
1771108586006,0.7175077199935913,1.4004554748535156,1.3196535110473633,2
1771108586132,0.16709867119789124,0.6257572174072266,-0.8345460891723633,2
1771108586215,0.4388918876647949,-0.7202863693237305,-0.5209720134735107,2
1771108586322,0.6790299415588379,1.3028068542480469,-0.4118795394897461,2
1771108586423,-0.35767802596092224,0.7708683013916016,-0.02462601661682129,2
1771108586531,-0.5372123718261719,0.02003002166748047,-1.7908587455749512,2
1771108586639,0.08246465027332306,0.4134559631347656,1.55196213722229,2
1771108586747,-0.24018943309783936,-1.284804344177246,1.5742058753967285,2
1771108586847,0.5525363683700562,0.10863208770751953,0.7778773307800293,2
1771108586955,-0.469643771648407,1.0769987106323242,-0.801054835319519,2
1771108587056,-0.07519728690385818,0.5963449478149414,0.1414639949798584,2
1771108587164,0.5173443555831909,-0.1611795425415039,0.8458535671234131,2
1771108587275,0.15210682153701782,-1.1711244583129883,1.0438320636749268,2
1771108587381,-0.32068267464637756,0.9726762771606445,-0.6640961170196533,2
1771108587481,-0.15671995282173157,1.3715362548828125,0.004475831985473633,2
1771108587590,0.32651060819625854,-1.7122745513916016,-0.1422133445739746,2
1771108587698,0.17420099675655365,-0.9519290924072266,1.212205410003662,2
1771108587810,-0.06833523511886597,-1.0421466827392578,-1.9288651943206787,2
1771108587907,0.5611469745635986,1.2705612182617188,-0.4893362522125244,2
1771108588019,-0.5537903904914856,0.7280492782592773,-1.43056058883667,2
1771108588145,0.059392064809799194,1.8532781600952148,-1.3893194198608398,2
1771108588232,-0.24830558896064758,0.8855819702148438,-0.7580702304840088,2
1771108588333,-0.5878714323043823,0.2921943664550781,-2.2692723274230957,2
1771108588440,0.6247649192810059,1.7904319763183594,-0.5075880289077759,2
1771108588549,0.3836158215999603,-1.2200736999511719,1.3821465969085693,2
1771108588657,1.0785365104675293,-1.2697792053222656,2.0365071296691895,2
1771108588766,-0.05733659863471985,-1.1622953414916992,0.3281674385070801,2
1771108588867,-0.21773052215576172,2.0492048263549805,-0.8187255859375,2
1771108588967,-0.36994317173957825,-0.4302654266357422,-1.0885814428329468,2
1771108589074,1.126636028289795,-0.13105392456054688,2.1884520053863525,2
1771108589189,0.3728625476360321,-0.5707683563232422,0.6955885887145996,2
1771108589291,-0.5521401166915894,0.8859806060791016,-1.533932089805603,2
1771108589401,0.4301501214504242,1.2776927947998047,1.0239684581756592,2
1771108589508,-0.980588436126709,-0.27194976806640625,-2.76009464263916,2
1771108589616,0.9257644414901733,0.9459123611450195,1.7246298789978027,2
1771108589725,1.325730562210083,-1.013711929321289,3.337958812713623,2
1771108589833,-0.4416831135749817,-1.0751705169677734,-0.24872255325317383,2
1771108589941,0.43912360072135925,1.1890983581542969,-0.35384225845336914,2
1771108590042,0.20390984416007996,0.0032682418823242188,-0.7439882755279541,2
1771108590149,0.21813121438026428,-2.3811540603637695,2.3567185401916504,2
1771108590251,0.456591933965683,-1.6334362030029297,1.8593982458114624,2
1771108590358,0.6644690036773682,0.49068355560302734,-0.16044855117797852,2
1771108590460,0.48241883516311646,1.2221345901489258,-0.09409046173095703,2
1771108590567,-0.2068897783756256,-1.116520881652832,-0.7587376832962036,2
1771108590676,0.802417516708374,-0.9453582763671875,1.844691514968872,2
1771108590784,0.3344128727912903,-1.449535846710205,-0.4769773483276367,2
1771108590893,-0.03443986177444458,0.7111997604370117,-1.2474677562713623,2
1771108591015,-0.1723518669605255,0.00017642974853515625,-2.842066526412964,2
1771108591131,-0.437754362821579,2.635723114013672,-1.858029842376709,2
1771108591218,-0.5883029103279114,-0.5682897567749023,0.186051607131958,2
1771108591327,0.27292680740356445,-1.6721506118774414,-0.2059800624847412,2
1771108591435,-0.17687678337097168,1.1804780960083008,-1.5379403829574585,2
1771108591544,0.6658194065093994,1.4709510803222656,-0.5884816646575928,2
1771108591652,-0.6305304169654846,1.949967384338379,-1.5179603099822998,2
1771108591754,0.6950189471244812,-1.3345556259155273,2.3447818756103516,2
1771108591853,-0.129896342754364,0.8224735260009766,-1.495476484298706,2
1771108591961,-0.6502189636230469,1.4786605834960938,-1.788614273071289,2
1771108592068,-0.5406104922294617,0.4420299530029297,-0.22919702529907227,2
1771108592177,0.34322604537010193,-1.2257213592529297,2.515284776687622,2
1771108592287,-0.13871809840202332,-1.0399789810180664,2.124720335006714,2
1771108592395,0.1267295479774475,1.3284196853637695,0.0672612190246582,2
1771108592502,0.24124881625175476,1.835378646850586,-2.316781997680664,2
1771108592603,0.8591024875640869,-0.3202333450317383,2.3975558280944824,2
1771108592711,0.1585301160812378,-1.0824565887451172,0.19957566261291504,2
1771108592819,-0.23796766996383667,-1.8387665748596191,-0.9020529985427856,2
1771108592928,-0.20917236804962158,1.3224458694458008,-1.9679715633392334,2
1771108593029,-0.05090954899787903,1.9354124069213867,-1.4956715106964111,2
1771108593134,-0.5732967853546143,-1.0518426895141602,-1.722611427307129,2
1771108593236,-0.588711142539978,-1.5225458145141602,-1.2947449684143066,2
1771108593345,-0.10756826400756836,0.9845380783081055,-1.720367193222046,2
1771108593453,0.3627709746360779,1.77801513671875,-3.1044368743896484,2
1771108593562,0.19344604015350342,0.8884611129760742,-0.7869248390197754,2
1771108593670,0.09671580791473389,-0.07582569122314453,2.731273889541626,2
1771108593779,0.5670276284217834,-0.14506816864013672,3.041775703430176,2
1771108593889,0.06164717674255371,-1.8380727767944336,1.3961360454559326,2
1771108594025,-0.7823619842529297,0.035096168518066406,-1.1259382963180542,2
1771108594133,0.5383182764053345,-0.867100715637207,1.2650377750396729,2
1771108594213,0.30421578884124756,2.184943199157715,-0.056021928787231445,2
1771108594321,-0.9527161121368408,-0.3196392059326172,-3.5683164596557617,2
1771108594421,0.14154601097106934,-0.3668546676635742,1.539031982421875,2
1771108594530,0.8499066233634949,-0.10977458953857422,0.9734396934509277,2
1771108594638,0.5979712009429932,1.9559297561645508,-1.9394618272781372,2
1771108594747,-0.8697677850723267,0.6349582672119141,-2.4636833667755127,2
1771108594855,-0.031762540340423584,0.513035774230957,1.4359941482543945,2
1771108594963,-0.21304216980934143,-1.3338508605957031,1.1596424579620361,2
1771108595071,0.7340136766433716,-0.23406600952148438,0.23996996879577637,2
1771108595172,0.16137093305587769,1.118612289428711,-0.6774137020111084,2
1771108595280,-1.320939064025879,1.0967645645141602,-1.7540102005004883,2
1771108595389,0.06701308488845825,-0.8888921737670898,0.8519752025604248,2
1771108595496,-0.20810151100158691,-0.9346494674682617,1.709831953048706,2
1771108595606,-0.050027698278427124,-1.84149169921875,1.0572073459625244,2
1771108595713,0.8099108934402466,-0.5740833282470703,0.5693466663360596,2
1771108595813,0.3430333435535431,2.1390838623046875,-0.8900750875473022,2
1771108595922,-0.4731382131576538,-0.4918336868286133,-0.20010781288146973,2
1771108596031,0.14517053961753845,-1.2698211669921875,0.7545056343078613,2
1771108596152,-0.4099615216255188,-0.7165822982788086,3.579787254333496,2
1771108596248,-0.14163243770599365,-0.42213916778564453,-0.3657042980194092,2
1771108596356,-0.22132477164268494,2.2818918228149414,-1.178680419921875,2
1771108596464,-0.8324177265167236,1.668473243713379,-1.0797151327133179,2
1771108596565,0.23926585912704468,-1.6080284118652344,0.08924365043640137,2
1771108596674,-0.19942432641983032,-1.0745153427124023,0.7455239295959473,2
1771108596774,0.13090181350708008,1.122528076171875,-2.5447094440460205,2
1771108596881,-0.16472157835960388,1.8198833465576172,-1.6042439937591553,2
1771108596982,-0.35424286127090454,-0.7928752899169922,-0.6009204387664795,2
1771108597091,1.0123076438903809,0.22565937042236328,3.4613308906555176,2
1771108597199,0.6142069697380066,-0.32058143615722656,1.3130178451538086,2
1771108597300,-0.7611125707626343,1.823164939880371,-1.1416904926300049,2
1771108597407,-0.3496730327606201,1.3484249114990234,-0.200423002243042,2
1771108597508,0.7554753422737122,-1.471501350402832,1.871143102645874,2
1771108597617,-0.06965053081512451,-2.2177553176879883,-0.6965713500976562,2
1771108597724,0.11546912789344788,0.3844165802001953,-1.1073570251464844,2
1771108597825,0.179393470287323,1.5907363891601562,0.7877078056335449,2
1771108597935,-1.6356090307235718,-0.3557605743408203,-1.4568678140640259,2
1771108598034,0.09050321578979492,-1.2835988998413086,0.5446736812591553,2
1771108598157,1.0384385585784912,-0.5988445281982422,2.804687023162842,2
1771108598250,-0.1898486614227295,0.9550466537475586,-3.52186918258667,2
1771108598358,-0.8342033624649048,0.03430938720703125,-2.3026351928710938,2
1771108598459,-0.2959710955619812,-1.0675430297851562,2.313523054122925,2
1771108598568,0.8524616360664368,-1.559800148010254,-0.5016281604766846,2
1771108598676,-0.5699014663696289,-0.5299339294433594,-2.241469383239746,2
1771108598777,0.8945541977882385,1.9402523040771484,-0.00914907455444336,2
1771108598884,-0.21593216061592102,-1.2834672927856445,-2.844750165939331,2
1771108598992,0.42783278226852417,-0.02589130401611328,1.3735301494598389,2
1771108599154,0.8758771419525146,-0.3548450469970703,0.8590834140777588,2
1771108599209,-0.5710324048995972,-1.0576915740966797,-0.40860438346862793,2
1771108599318,-0.9715233445167542,0.9638452529907227,-2.9375457763671875,2
1771108599419,0.2971530258655548,0.5254096984863281,-0.8514809608459473,2
1771108599526,-0.542891263961792,-0.9595174789428711,-0.6205520629882812,2
1771108599627,-0.09942054748535156,-0.7762184143066406,-0.15658020973205566,2
1771108599735,-0.40967923402786255,-0.08388328552246094,-1.1238940954208374,2
1771108599843,-0.2680560350418091,0.6727380752563477,-1.2467808723449707,2
1771108599954,-0.5161872506141663,1.023000717163086,-1.137941598892212,2
1771108600060,0.09018909931182861,-1.1818084716796875,-0.47044992446899414,2
1771108600174,-0.5993061065673828,0.1430063247680664,-0.3748680353164673,2
1771108600278,0.554811954498291,0.7236061096191406,1.0920562744140625,2
1771108600386,-0.2999906539916992,-1.0829544067382812,-0.7193318605422974,2
1771108600495,-0.1969374120235443,-0.6019458770751953,-0.31665730476379395,2
1771108600602,0.42242011427879333,0.45458030700683594,-0.15361690521240234,2
1771108600711,-0.8766782879829407,-0.2684955596923828,0.6572425365447998,2
1771108600821,-0.24392437934875488,0.6392984390258789,-0.3780555725097656,2
1771108600929,0.06424635648727417,0.8361139297485352,1.1203136444091797,2
1771108601041,-0.580922544002533,-0.4010486602783203,-0.6120879650115967,2
1771108601153,0.08989143371582031,0.6017656326293945,1.8350353240966797,2
1771108601245,-0.13322073221206665,0.6715641021728516,-1.4957704544067383,2
1771108601353,-0.7009502649307251,1.3885602951049805,-3.1662628650665283,2
1771108601462,0.03014892339706421,0.08498573303222656,-1.5598626136779785,2
1771108601562,-0.12563782930374146,-1.9024529457092285,-0.7190568447113037,2
1771108601671,0.15429097414016724,-1.0711021423339844,2.140566349029541,2
1771108601778,-0.39546915888786316,0.749445915222168,-0.9267691373825073,2
1771108601879,-0.330354779958725,1.1431341171264648,-0.7374403476715088,2
1771108601990,0.595486044883728,-0.26627063751220703,3.795065402984619,2
1771108602088,0.6883084177970886,-1.9927387237548828,1.7532020807266235,2
1771108602196,-0.5330848097801208,-0.0816488265991211,-0.6968716382980347,2
1771108602304,0.09979107975959778,-0.16797637939453125,-3.2205779552459717,2
1771108602412,-0.6450300216674805,1.7852468490600586,-0.32596349716186523,2
1771108602513,0.03099653124809265,-0.6086273193359375,-1.9502980709075928,2
1771108602621,1.0804287195205688,0.4261436462402344,2.8927981853485107,2
1771108602730,0.7146339416503906,-1.1300411224365234,2.1146538257598877,2
1771108602839,-0.20793816447257996,1.1329822540283203,0.5892918109893799,2
1771108602948,-0.2237873077392578,-0.5222511291503906,-2.507664680480957,2
1771108603047,-0.28481441736221313,0.998138427734375,-0.3035874366760254,2
1771108603172,0.39171358942985535,1.0266952514648438,-0.9761216640472412,2
1771108603280,-0.2995736598968506,0.6750469207763672,-0.9477009773254395,2
1771108603389,0.02287161350250244,0.12100791931152344,-1.0621675252914429,2
1771108603497,0.5566293001174927,0.31531620025634766,1.1015651226043701,2
1771108603606,0.2721601128578186,-0.8629837036132812,0.4712967872619629,2
1771108603715,0.20134443044662476,-0.6434440612792969,2.488859176635742,2
1771108603823,0.7534623146057129,0.06470394134521484,0.624152660369873,2
1771108603931,0.1612643599510193,-0.13597393035888672,-0.2254796028137207,2
1771108604042,0.1846308708190918,0.6171588897705078,0.4704897403717041,2
1771108604148,-0.2654915750026703,1.5277557373046875,-1.090500831604004,2
1771108604257,0.6229822635650635,1.426163673400879,-1.4845380783081055,2
1771108604365,0.054755836725234985,0.3211336135864258,-0.6270710229873657,2
1771108604473,0.3125919997692108,-0.7491474151611328,0.1370396614074707,2
1771108604582,0.5771362781524658,-0.3094139099121094,0.2188560962677002,2
1771108604690,-0.15632948279380798,-0.557896614074707,-0.4965944290161133,2
1771108604798,-0.05151352286338806,1.8136558532714844,-0.7815228700637817,2
1771108604907,-0.12889879941940308,1.2125015258789062,-0.2955667972564697,2
1771108605045,-0.036112844944000244,-1.5814390182495117,-0.7204670906066895,2
1771108605145,-0.4781677722930908,2.0898780822753906,-2.274890899658203,2
1771108605233,-0.3452032804489136,-1.0160932540893555,1.101621389389038,2
1771108605341,0.12867164611816406,-1.4168891906738281,-3.601566791534424,2
1771108605449,0.5252407193183899,1.7421960830688477,-1.1178706884384155,2
1771108605557,-0.14997398853302002,1.1641998291015625,-1.3020312786102295,2
1771108605666,-0.5515962839126587,-0.725214958190918,-1.0332353115081787,2
1771108605775,0.43650972843170166,0.018439292907714844,3.0106303691864014,2
1771108605883,-0.5656507015228271,-2.0865206718444824,-0.19497203826904297,2
1771108605992,-0.274064838886261,1.6095399856567383,-1.286525011062622,2
1771108606100,-0.7909331321716309,1.5411386489868164,-3.1864213943481445,2
1771108606200,-0.34908077120780945,1.4846000671386719,-1.6671276092529297,2
1771108606307,-0.24478182196617126,-0.14840412139892578,3.079225778579712,2
1771108606416,-0.4557235538959503,-1.9463939666748047,-0.18613910675048828,2
1771108606525,-0.26313698291778564,-1.344862937927246,0.2023932933807373,2
1771108606633,0.739819347858429,0.9247722625732422,-0.883552074432373,2
1771108606743,-1.1842875480651855,1.1406049728393555,-1.667357087135315,2
1771108606850,0.24540498852729797,1.2989931106567383,1.2014904022216797,2
1771108606951,-0.10213914513587952,-0.9564676284790039,1.8218355178833008,2
1771108607060,-0.8864549398422241,2.6407318115234375,-2.197033166885376,2
1771108607169,0.2566872537136078,0.6089620590209961,-1.0277199745178223,2
1771108607268,-0.4605903923511505,-0.3727607727050781,-1.2641533613204956,2
1771108607368,-0.7351891994476318,-2.354106903076172,-1.5937931537628174,2
1771108607476,0.23832300305366516,-0.030836105346679688,-0.25163841247558594,2
1771108607584,0.2819933295249939,1.936483383178711,-2.6077115535736084,2
1771108607693,-0.29988014698028564,1.525350570678711,-3.7127814292907715,2
1771108607800,-0.20771929621696472,-0.18338775634765625,-0.07091450691223145,2
1771108607909,-0.7246533036231995,-1.2361421585083008,1.141078233718872,2
1771108608037,0.19151443243026733,-0.7588176727294922,-0.8873145580291748,2
1771108608131,0.16540661454200745,-0.7100496292114258,1.5922648906707764,2
1771108608226,-0.4621674418449402,-0.9665679931640625,-2.6216824054718018,2
1771108608336,0.04505091905593872,-1.1414813995361328,0.6044702529907227,2
1771108608443,-0.04055440425872803,-1.1830501556396484,0.6613185405731201,2
1771108608544,0.1347266137599945,0.07396888732910156,-0.2251119613647461,2
1771108608652,0.6863304376602173,0.7540788650512695,-3.5222394466400146,2
1771108608761,-0.5844622850418091,0.9855518341064453,0.173997163772583,2
1771108608869,-0.24509888887405396,1.2335805892944336,-0.37630176544189453,2
1771108608978,-0.0018821954727172852,-0.5578498840332031,1.264718770980835,2
1771108609129,-0.32380932569503784,0.5358304977416992,-1.2220951318740845,2
1771108609194,0.3517087697982788,-1.1205158233642578,1.790924072265625,2
1771108609302,0.30605417490005493,-0.3833017349243164,-0.6944621801376343,2
1771108609411,-0.6367290019989014,1.416640281677246,-1.4270521402359009,2
1771108609520,-0.48607540130615234,0.3307790756225586,-0.8378171920776367,2
1771108609630,-0.6508115530014038,-0.026309967041015625,0.5571310520172119,2
1771108609737,0.12317988276481628,-0.5333099365234375,2.0617849826812744,2
1771108609845,0.9096577167510986,-0.5129070281982422,1.434081792831421,2
1771108609955,-0.4187905788421631,1.730118751525879,-2.915743589401245,2
1771108610063,-0.711039662361145,1.1859807968139648,-2.5413050651550293,2
1771108610171,-0.26814916729927063,2.326411247253418,-0.685319185256958,2
1771108610272,0.32045191526412964,-0.26195812225341797,-0.2649264335632324,2
1771108610379,0.6909424066543579,0.2567605972290039,2.376554489135742,2
1771108610488,0.07409143447875977,-0.07194042205810547,-0.8213529586791992,2
1771108610588,-1.4593464136123657,0.4533557891845703,-3.8828389644622803,2
1771108610696,-0.3311558961868286,1.1742897033691406,-1.353381872177124,2
1771108610804,-0.738088846206665,0.022335052490234375,0.00036787986755371094,2
1771108610905,0.49724081158638,-1.4477615356445312,1.4362456798553467,2
1771108611039,-0.9714497327804565,-1.2226333618164062,-0.13561320304870605,2
1771108611128,-0.10907101631164551,2.0964975357055664,-1.2361266613006592,2
1771108611230,0.3371567726135254,0.9979066848754883,-1.479533314704895,2
1771108611338,-0.12474510073661804,0.5724964141845703,-0.7523758411407471,2
1771108611447,-0.35827192664146423,-1.4816980361938477,-1.1059439182281494,2
1771108611555,-0.32370704412460327,-0.8066349029541016,0.5427272319793701,2
1771108611664,0.1674785017967224,0.37601280212402344,1.8693530559539795,2
1771108611764,-0.14660438895225525,1.798248291015625,-1.5577200651168823,2
1771108611873,-0.08239004015922546,0.3047618865966797,-1.504483699798584,2
1771108611980,-0.27274322509765625,0.1227731704711914,1.104945421218872,2
1771108612125,-0.2210995852947235,0.800410270690918,0.29137301445007324,2
1771108612190,0.6001618504524231,0.1140298843383789,0.794870138168335,2
1771108612298,0.31508249044418335,-0.5096797943115234,0.5480339527130127,2
1771108612398,0.4360138177871704,0.24676895141601562,0.5301821231842041,2
1771108612506,-1.1734938621520996,0.4184398651123047,-1.3744070529937744,2
1771108612614,-0.042746931314468384,-0.37219905853271484,0.6347968578338623,2
1771108612722,-0.10481733083724976,0.18619155883789062,1.380316138267517,2
1771108612831,1.2444181442260742,0.4709920883178711,0.2900933027267456,2
1771108612940,0.3462061882019043,-1.3037796020507812,1.2052192687988281,2
1771108613050,0.07037144899368286,-0.10408496856689453,-1.4032641649246216,2
1771108613155,-1.2311885356903076,1.7792444229125977,-1.9626996517181396,2
1771108613257,-1.056838870048523,1.6940221786499023,-1.5548269748687744,2
1771108613365,-0.15550005435943604,1.9979228973388672,-0.34731245040893555,2
1771108613473,-0.2476857304573059,-1.6113643646240234,0.6381409168243408,2
1771108613582,-0.3045843243598938,-0.9290180206298828,-0.5664498805999756,2
1771108613690,-0.5994395017623901,-0.9785709381103516,-0.22258400917053223,2
1771108613799,0.03607439994812012,-0.8805227279663086,-0.5856156349182129,2
1771108613907,-0.33561649918556213,0.5272855758666992,-1.3951480388641357,2
1771108614054,0.000638425350189209,0.8110008239746094,1.8530933856964111,2
1771108614144,-0.2376798391342163,0.4147367477416992,1.1211390495300293,2
1771108614234,0.2510504126548767,0.7529850006103516,1.417069673538208,2
1771108614341,-0.035534024238586426,-0.4830484390258789,-0.23333024978637695,2
1771108614449,0.6503653526306152,-0.7653408050537109,0.16629934310913086,2
1771108614558,0.15509194135665894,-0.03270530700683594,0.38686132431030273,2
1771108614662,-0.7448021769523621,-0.5215244293212891,-0.6651318073272705,2
1771108614766,-0.16343021392822266,0.25153446197509766,-0.6720685958862305,2
1771108614871,0.014444559812545776,0.06664657592773438,-0.24865436553955078,2
1771108614977,-0.531999945640564,0.011240005493164062,-1.3814125061035156,2
1771108615075,0.22178688645362854,-0.6171751022338867,1.0734052658081055,2
1771108615184,-0.19697262346744537,-0.8980369567871094,-0.6046127080917358,2
1771108615291,0.23852598667144775,-1.6935276985168457,0.5266776084899902,2
1771108615392,-1.0462974309921265,-0.43631458282470703,-0.16724157333374023,2
1771108615500,-0.2631717920303345,1.9080438613891602,-0.7115288972854614,2
1771108615608,0.4534655511379242,0.39252281188964844,-2.8041534423828125,2
1771108615716,-0.25601494312286377,-0.5837926864624023,-2.2022316455841064,2
1771108615820,0.19534553587436676,-1.7422380447387695,1.3527752161026,2
1771108615925,-0.549821674823761,-2.133908271789551,0.7180972099304199,2
1771108616056,-0.11599335074424744,0.3384361267089844,-0.02692580223083496,2
1771108616140,-0.38194960355758667,0.8991870880126953,-1.1628966331481934,2
1771108616243,0.02504006028175354,2.581658363342285,-1.6170686483383179,2
1771108616343,3.8528876304626465,-1.1435565948486328,4.043756008148193,2
1771108616451,-0.5550872087478638,1.0222129821777344,1.0412564277648926,2
1771108616560,-0.82691490650177,-2.268211841583252,-0.6457574367523193,2
1771108616668,0.17165204882621765,-0.808344841003418,0.7522909641265869,2
1771108616779,-0.551928699016571,1.591263771057129,-1.0012612342834473,2
1771108616885,-0.29426753520965576,0.8819599151611328,-1.1654332876205444,2
1771108616993,-1.1021606922149658,0.6843452453613281,-0.9789130687713623,2
1771108617138,0.03586581349372864,0.2007884979248047,0.27060532569885254,2
1771108617210,0.335330605506897,1.0498905181884766,0.07393479347229004,2
1771108617319,0.2772424817085266,-0.9397106170654297,-0.1243281364440918,2
1771108617428,0.1552865207195282,0.014874458312988281,2.817868947982788,2
1771108617537,-0.33577582240104675,-1.0428361892700195,1.6026924848556519,2
1771108617644,0.22001996636390686,-0.6484880447387695,1.9171578884124756,2
1771108617752,0.24914121627807617,-0.6111631393432617,0.5885828733444214,2
1771108617861,0.8957821130752563,-0.25500965118408203,0.6873912811279297,2
1771108617969,-0.005132317543029785,-0.032515525817871094,0.3434324264526367,2
1771108618071,-1.2108732461929321,1.584122657775879,-0.6964020729064941,2
1771108618274,0.227922260761261,-1.1259918212890625,1.802325963973999,2
1771108618297,-0.46631675958633423,0.020868301391601562,-0.06762838363647461,2
1771108618403,0.00300675630569458,1.5993671417236328,-1.2036099433898926,2
1771108618511,0.7576509714126587,-0.24410438537597656,0.023529052734375,2
1771108618620,-0.49405398964881897,0.8937387466430664,-0.7421252727508545,2
1771108618728,0.7892220616340637,-1.420353889465332,2.5103890895843506,2
1771108618836,0.5168427228927612,-1.5956144332885742,1.4284892082214355,2
1771108618946,0.25293755531311035,-1.003859519958496,1.497222661972046,2
1771108619054,-0.26713624596595764,1.1474666595458984,-0.9291478395462036,2
1771108619162,-0.10357058048248291,1.103240966796875,-0.5920970439910889,2
1771108619270,0.34165480732917786,1.4289798736572266,-0.569176197052002,2
1771108619371,-0.24846290051937103,-0.40436458587646484,-1.5406558513641357,2
1771108619479,0.7153339385986328,-0.18048381805419922,-0.5233616828918457,2
1771108619589,0.4761165976524353,-0.26221752166748047,1.0365567207336426,2
1771108619696,0.019009888172149658,-1.3014297485351562,0.2989156246185303,2
1771108619804,0.5116879940032959,-0.7432374954223633,-0.4212987422943115,2
1771108619913,0.49608638882637024,0.0782632827758789,-0.27733540534973145,2
1771108620021,0.024564892053604126,-0.8012199401855469,-1.0691702365875244,2
1771108620133,1.0058611631393433,0.979827880859375,1.6400196552276611,2
1771108620239,0.3146492540836334,0.7754068374633789,-0.66945481300354,2
1771108620346,-0.28433653712272644,1.2418432235717773,-0.7587621212005615,2
1771108620447,0.8762497901916504,-0.33504581451416016,2.829756021499634,2
1771108620554,-0.4862224757671356,-0.9412784576416016,0.0523838996887207,2
1771108620663,0.5761823654174805,-0.14436054229736328,0.5442404747009277,2
1771108620771,-0.282877117395401,0.9362564086914062,-1.5595016479492188,2
1771108620872,-0.08234941959381104,1.590728759765625,-1.2220784425735474,2
1771108620980,-0.4830651581287384,0.03257465362548828,-3.137512445449829,2
1771108621088,0.4695779085159302,0.3945446014404297,-1.3432741165161133,2
1771108621188,-0.461503267288208,-1.6600909233093262,-0.14966583251953125,2
1771108621297,-0.17371898889541626,0.3140439987182617,0.8933031558990479,2
1771108621406,0.4238332509994507,1.622065544128418,-3.3644304275512695,2
1771108621514,-0.3801308274269104,0.9514484405517578,-4.4448065757751465,2
1771108621623,0.4010143280029297,1.5250835418701172,-0.5037698745727539,2
1771108621731,0.16519120335578918,-0.7575511932373047,0.49041199684143066,2
1771108621840,-0.7345737218856812,0.19932842254638672,-1.4976255893707275,2
1771108621947,-0.3453802466392517,-1.9262275695800781,1.7526180744171143,2
1771108622072,0.47788146138191223,0.12717342376708984,-0.6741278171539307,2
1771108622185,-0.4298626184463501,0.055835723876953125,2.561694383621216,2
1771108622264,0.03874245285987854,1.6298999786376953,-0.6457703113555908,2
1771108622374,-0.3634755313396454,0.4512500762939453,-0.8188925981521606,2
1771108622483,-0.2092200368642807,0.3605003356933594,0.9609558582305908,2
1771108622591,0.0337691605091095,-1.5758380889892578,0.596214771270752,2
1771108622699,-0.7551718950271606,-0.8925724029541016,0.03273892402648926,2
1771108622807,0.24253344535827637,-2.2698793411254883,1.2471730709075928,2
1771108622915,-0.602128267288208,0.5404052734375,-2.154930830001831,2
1771108623023,0.21400488913059235,1.4478397369384766,-0.6885024309158325,2
1771108623132,-0.7195150256156921,0.6120777130126953,-0.9510430097579956,2
1771108623232,0.27293017506599426,-1.922691822052002,1.7443921566009521,2
1771108623341,0.32277271151542664,-1.7175650596618652,2.8721530437469482,2
1771108623441,-0.11571487784385681,-0.45458030700683594,-2.2520017623901367,2
1771108623550,0.28363534808158875,1.4057512283325195,-2.1945908069610596,2
1771108623658,-0.2565019130706787,0.29573726654052734,-1.3310199975967407,2
1771108623766,-0.5888887643814087,-1.8695144653320312,0.6608066558837891,2
1771108623875,0.7410342693328857,-0.289154052734375,3.794626474380493,2
1771108623983,0.12713849544525146,-1.7169990539550781,-0.3647606372833252,2
1771108624131,-0.9488171935081482,-0.7820901870727539,-3.5703845024108887,2
1771108624201,-0.33078765869140625,0.9275407791137695,-0.411376953125,2
1771108624310,-0.054428040981292725,1.537531852722168,-1.1520681381225586,2
1771108624417,-0.24463286995887756,0.14740276336669922,-0.7727631330490112,2
1771108624525,0.694267749786377,-2.1790366172790527,1.2879664897918701,2
1771108624638,0.46930092573165894,-0.9518327713012695,1.3765943050384521,2
1771108624742,0.5014638304710388,-0.6446895599365234,0.8049488067626953,2
1771108624851,-0.07681041955947876,1.6690521240234375,-1.8968112468719482,2
1771108624959,0.21087723970413208,2.979604721069336,-2.408780097961426,2
1771108625070,-1.3026716709136963,-0.5022335052490234,-1.4794491529464722,2
1771108625176,0.045877814292907715,-1.4869880676269531,1.3301541805267334,2
1771108625284,0.45293307304382324,-1.938399314880371,1.0982019901275635,2
1771108625385,0.43635493516921997,2.419051170349121,-1.4643977880477905,2
1771108625494,-0.1436217725276947,1.233860969543457,-0.8278598785400391,2
1771108625602,-0.0876789391040802,0.6411857604980469,-0.5063251256942749,2
1771108625702,0.2768026888370514,-1.0358209609985352,2.2214252948760986,2
1771108625810,-0.1397697925567627,-0.14204788208007812,1.0400047302246094,2
1771108625912,-0.15343379974365234,1.0115833282470703,-0.9844222068786621,2
1771108626019,0.3041045367717743,-0.22221946716308594,0.606076717376709,2
1771108626151,0.3959254026412964,1.354538917541504,-1.4399465322494507,2
1771108626228,-0.8650752902030945,-0.2790994644165039,-1.9425731897354126,2
1771108626336,0.7140549421310425,1.4914216995239258,-0.8085646629333496,2
1771108626444,-0.6236315965652466,1.0175180435180664,-2.21528959274292,2
1771108626552,-0.6266088485717773,1.4094839096069336,0.05425310134887695,2
1771108626660,-0.3168591856956482,1.3619108200073242,-0.6953561305999756,2
1771108626769,-0.05214005708694458,-1.342341423034668,-0.17685365676879883,2
1771108626878,1.172214150428772,-1.2212638854980469,-0.535815954208374,2
1771108626978,-1.512176275253296,2.0373334884643555,-3.051696538925171,2
1771108627079,-0.05451899766921997,0.21947002410888672,0.5891215801239014,2
1771108627203,0.5099253058433533,-1.0908117294311523,2.6582858562469482,2
1771108627295,0.3175685405731201,-1.4028329849243164,1.3966710567474365,2
1771108627403,0.13465029001235962,1.8525075912475586,-4.475945472717285,2
1771108627506,-0.9768169522285461,0.02231311798095703,-0.7789127826690674,2
1771108627613,-0.5503342151641846,-0.5773115158081055,-1.5267785787582397,2
1771108627720,0.039846956729888916,-0.9195337295532227,1.1669833660125732,2
1771108627828,-0.30296286940574646,-0.3114013671875,-0.16333460807800293,2
1771108627933,-0.6309502720832825,0.6132831573486328,0.46690869331359863,2
1771108628075,-0.5055367350578308,0.11556720733642578,0.8980855941772461,2
1771108628163,-0.2495558261871338,-0.2232990264892578,-1.1984267234802246,2
1771108628254,0.40271270275115967,-0.6800756454467773,1.2960498332977295,2
1771108628356,-0.5281187295913696,0.5675182342529297,0.330078125,2
1771108628463,-0.36508938670158386,-0.4460287094116211,-1.75221848487854,2
1771108628563,-0.7141004204750061,0.5096054077148438,1.1836159229278564,2
1771108628671,1.3000702857971191,0.46787166595458984,-0.3809773921966553,2
1771108628782,0.7877956628799438,-0.03625202178955078,1.6782028675079346,2
1771108628890,0.13916492462158203,0.24552440643310547,1.2281711101531982,2
1771108628996,0.13049602508544922,0.6312532424926758,1.0430822372436523,2
1771108629138,0.5829226970672607,-0.7130794525146484,-0.6034330129623413,2
1771108629206,0.35238444805145264,-0.4644346237182617,1.0066635608673096,2
1771108629313,0.2639743387699127,0.5330829620361328,1.1319880485534668,2
1771108629415,-0.38880741596221924,0.7609348297119141,0.46155834197998047,2
1771108629522,0.1522609293460846,0.26209449768066406,-0.1415557861328125,2
1771108629630,0.6031787395477295,0.8954858779907227,2.922332525253296,2
1771108629739,-0.4547293186187744,-0.9423341751098633,-1.168135643005371,2
1771108629847,-0.20376873016357422,0.6971950531005859,-2.6807456016540527,2
1771108629956,0.36995163559913635,1.3202457427978516,1.6965560913085938,2
1771108630068,-0.4765329658985138,-0.9381523132324219,0.05106186866760254,2
1771108630171,1.1646976470947266,1.2600078582763672,0.8570189476013184,2
1771108630273,-0.42732471227645874,0.5918912887573242,-1.3186582326889038,2
1771108630381,0.6221936941146851,-0.11023139953613281,-0.17474150657653809,2
1771108630489,-0.4533889889717102,-0.20072650909423828,0.541724443435669,2
1771108630597,0.41073018312454224,-0.13333988189697266,0.48934221267700195,2
1771108630698,0.3952464759349823,0.03375244140625,-1.1310144662857056,2
1771108630806,-0.8244980573654175,-0.6828527450561523,0.784961462020874,2
1771108630916,-0.015515323728322983,0.0186767578125,0.6978321075439453,2
1771108631023,0.39250606298446655,1.0649785995483398,-0.023699045181274414,2
1771108631175,-0.44119322299957275,-1.1327667236328125,-0.7774277925491333,2
1771108631233,0.031894609332084656,-0.33917713165283203,2.765972852706909,2
1771108631340,-0.4157291054725647,0.08806419372558594,-1.0023738145828247,2
1771108631449,1.0713491439819336,1.6683597564697266,1.8684706687927246,2
1771108631549,1.041069507598877,0.043625831604003906,2.3444995880126953,2
1771108631660,-1.2082914113998413,-1.3778705596923828,-1.0568598508834839,2
1771108631765,0.6592442989349365,0.7805099487304688,1.8697201013565063,2
1771108631875,0.6328256130218506,0.9019327163696289,2.615830898284912,2
1771108631976,0.6286646127700806,0.37917613983154297,-0.8812277317047119,2
1771108632084,0.2610611617565155,-0.32752513885498047,-0.34517478942871094,2
1771108632200,-0.2368079125881195,-0.38765430450439453,-2.153219223022461,2
1771108632300,-0.07846593856811523,-0.4573335647583008,1.4037840366363525,2
1771108632409,0.25460121035575867,0.4417734146118164,2.8256468772888184,2
1771108632517,0.1827736347913742,1.107100486755371,0.9661438465118408,2
1771108632627,0.8458426594734192,-1.0077381134033203,-1.1916552782058716,2
1771108632734,-0.09925788640975952,-1.0004148483276367,-0.07504940032958984,2
1771108632834,0.4638437032699585,2.172682762145996,-1.9309418201446533,2
1771108632942,0.1482487916946411,1.9917678833007812,-1.1333943605422974,2
1771108633043,0.2635619342327118,-1.2285442352294922,2.210721969604492,2
1771108633196,0.13100171089172363,1.8025436401367188,-2.363201141357422,2
1771108633259,-0.4857919216156006,1.352952003479004,-1.4579789638519287,2
1771108633369,0.04188793897628784,2.963602066040039,-2.940591335296631,2
1771108633476,-0.5410522818565369,-0.9879398345947266,-0.37387871742248535,2
1771108633577,-0.5497154593467712,-0.7874250411987305,-0.0022804737091064453,2
1771108633686,0.2100265622138977,1.6127824783325195,-0.17973804473876953,2
1771108633793,0.001988436095416546,1.8176298141479492,-1.4891459941864014,2
1771108633902,-0.3946710526943207,0.5374164581298828,-0.619647741317749,2
1771108634009,-0.43068942427635193,0.37310791015625,-1.1549646854400635,2
1771108634119,0.2365751415491104,1.4837646484375,-0.8820295333862305,2
1771108634223,-0.10389851033687592,-0.20160961151123047,0.5420336723327637,2
1771108634327,0.19584767520427704,-0.9505634307861328,-0.19099736213684082,2
1771108634435,-0.11542046070098877,0.09349441528320312,0.4345686435699463,2
1771108634543,-0.5132235288619995,0.8879842758178711,-2.257049560546875,2
1771108634654,0.7775044441223145,2.098151206970215,-0.26551103591918945,2
1771108634762,-0.38544923067092896,0.22284793853759766,-1.8175694942474365,2
1771108634861,0.367912232875824,-1.1704082489013672,2.527604579925537,2
1771108634969,-0.2520679235458374,0.3872699737548828,-1.3076918125152588,2
1771108635102,-0.11239242553710938,1.4136066436767578,-3.2528841495513916,2
1771108635201,0.3794102072715759,-0.978154182434082,1.33793044090271,2
1771108635303,0.08559642732143402,-1.206883430480957,1.4467060565948486,2
1771108635411,-0.16142433881759644,-0.9160232543945312,-0.47475242614746094,2
1771108635520,0.2921956479549408,1.4093246459960938,-0.5859160423278809,2
1771108635628,0.2505912482738495,-0.5255746841430664,1.7168350219726562,2
1771108635737,0.07939751446247101,-0.19473934173583984,0.36412644386291504,2
1771108635845,-0.5887935161590576,0.84027099609375,-3.4099512100219727,2
1771108635953,0.3142891228199005,1.80291748046875,-1.651552438735962,2
1771108636061,-0.3539049029350281,-0.20853137969970703,0.15527772903442383,2
1771108636207,-0.5970515012741089,2.9691553115844727,-0.7390589714050293,2
1771108636278,-0.8402711749076843,1.0014333724975586,-4.76061487197876,2
1771108636390,-0.7288345098495483,0.396697998046875,-3.4515156745910645,2
1771108636495,0.9962857365608215,-0.5800800323486328,2.2358508110046387,2
1771108636603,0.4904007911682129,-1.7312626838684082,1.328887701034546,2
1771108636712,-0.9072984457015991,-0.5792350769042969,-2.4573757648468018,2
1771108636821,-0.252596378326416,0.15068435668945312,-3.352372646331787,2
1771108636929,-1.1310540437698364,-1.2282075881958008,0.024064302444458008,2
1771108637029,-0.6370824575424194,-0.7805166244506836,-1.7314919233322144,2
1771108637137,-0.19399899244308472,2.677093505859375,-0.3870781660079956,2
1771108637252,-0.19704371690750122,-1.9853944778442383,0.6400578022003174,2
1771108637354,0.24644242227077484,-1.063558578491211,2.2258355617523193,2
1771108637462,-0.3992135226726532,0.84381103515625,-1.2007132768630981,2
1771108637562,0.2693149745464325,0.735743522644043,0.9289326667785645,2
1771108637671,0.5613000988960266,-1.811110496520996,-0.5027375221252441,2
1771108637781,0.03958466649055481,-1.0540714263916016,-0.05471086502075195,2
1771108637883,0.22441278398036957,1.5301055908203125,-1.6955136060714722,2
1771108637987,0.10765433311462402,-1.5377521514892578,0.7979183197021484,2
1771108638158,0.5541023015975952,-1.2736034393310547,1.515312910079956,2
1771108638205,0.4910024106502533,2.8837890625,-0.6265416145324707,2
1771108638315,-0.43291500210762024,0.5189428329467773,-1.6225570440292358,2
1771108638422,0.13661766052246094,-2.069857597351074,3.1853182315826416,2
1771108638531,-0.41468778252601624,0.4882850646972656,-1.3038467168807983,2
1771108638638,0.8398531079292297,2.9649505615234375,0.8784224987030029,2
1771108638747,-0.058726318180561066,-2.713320732116699,0.8658874034881592,2
1771108638855,-0.03019641526043415,-1.6720170974731445,2.2263107299804688,2
1771108638964,-0.19400879740715027,-0.11547279357910156,-1.1790027618408203,2
1771108639072,-0.18231543898582458,1.5908622741699219,-0.8777422904968262,2
1771108639205,0.3560807406902313,1.263188362121582,-1.7281806468963623,2
1771108639289,-0.14668093621730804,-0.3491992950439453,-0.4841575622558594,2
1771108639389,-0.854593813419342,1.5948476791381836,-3.209486961364746,2
1771108639497,0.027299076318740845,0.33808135986328125,0.4030168056488037,2
1771108639606,0.39848652482032776,-0.3390226364135742,2.7551965713500977,2
1771108639715,-0.7481798529624939,0.6897745132446289,-1.6139419078826904,2
1771108639822,-0.10854905098676682,1.850881576538086,-0.547163724899292,2
1771108639932,0.6231507062911987,-1.0543699264526367,1.0012550354003906,2
1771108640039,-0.15377238392829895,-1.1517982482910156,-0.129072904586792,2
1771108640170,-0.15703171491622925,-0.9554967880249023,0.33253908157348633,2
1771108640258,0.4784112572669983,2.2666378021240234,-2.3982529640197754,2
1771108640365,0.31549549102783203,-2.0501742362976074,1.1798415184020996,2
1771108640473,0.6302186250686646,-0.6660709381103516,0.9560444355010986,2
1771108640581,-1.71798574924469,0.25182247161865234,-2.6911392211914062,2
1771108640692,1.5810397863388062,1.6342144012451172,0.44356560707092285,2
1771108640791,0.41772332787513733,-1.762282371520996,1.031583547592163,2
1771108640899,-1.1014723777770996,-2.019155502319336,0.9089767932891846,2
1771108641008,-0.647154688835144,-0.6450614929199219,-0.30258631706237793,2
1771108641187,0.41117599606513977,-0.7022056579589844,-1.5618436336517334,2
1771108641224,-0.12143050134181976,-0.7942123413085938,0.26349735260009766,2
1771108641332,0.6079597473144531,2.728384017944336,0.5000982284545898,2
1771108641432,-1.0851433277130127,0.6315727233886719,2.301038980484009,2
1771108641543,0.10555873811244965,-1.42584228515625,2.6877925395965576,2
1771108641641,-0.24716967344284058,2.345500946044922,-1.6192455291748047,2
1771108641749,0.3614182472229004,0.009306907653808594,-0.7137327194213867,2
1771108641849,-0.07271702587604523,-1.4866738319396973,-1.6145198345184326,2
1771108641957,-1.1213078498840332,2.066274642944336,-2.7645926475524902,2
1771108642066,-0.31346365809440613,1.0168933868408203,-1.5234193801879883,2
1771108642187,0.44597509503364563,0.8543062210083008,1.3381550312042236,2
1771108642274,-0.15143035352230072,1.9757280349731445,-1.3488742113113403,2
1771108642382,-0.32961395382881165,-1.4399166107177734,-0.09056997299194336,2
1771108642491,-0.337998628616333,-1.1833610534667969,0.4086446762084961,2
1771108642595,-0.39410942792892456,0.004177093505859375,-2.4991681575775146,2
1771108642700,-0.5395175218582153,-0.5688810348510742,-2.1811132431030273,2
1771108642808,-0.2758134603500366,-1.1580400466918945,1.4882893562316895,2
1771108642917,1.0362701416015625,-2.0468502044677734,1.8797087669372559,2
1771108643025,0.5359243750572205,-0.3626871109008789,-2.3637001514434814,2
1771108643168,0.7709687948226929,-1.4859857559204102,0.8555173873901367,2
1771108643233,0.0010304898023605347,-1.240971565246582,1.4669783115386963,2
1771108643342,-0.3015528917312622,-0.013324737548828125,0.29368114471435547,2
1771108643450,-0.21507421135902405,1.0126543045043945,-1.7000255584716797,2
1771108643560,0.12333862483501434,-0.41895294189453125,-1.0889849662780762,2
1771108643660,0.09031933546066284,0.07219505310058594,0.3273444175720215,2
1771108643768,-0.8082443475723267,0.32971858978271484,0.4057028293609619,2
1771108643876,0.14673522114753723,-0.6305093765258789,2.365206241607666,2
1771108643984,-0.3463600277900696,-0.5997829437255859,-1.4839268922805786,2
1771108644171,0.33429765701293945,-1.0089950561523438,-0.7890191078186035,2
1771108644198,-0.7839317321777344,-0.6142787933349609,-1.8886890411376953,2
1771108644301,0.7398218512535095,-1.0468816757202148,0.7998645305633545,2
1771108644411,-0.25192710757255554,-1.4566335678100586,-0.12732243537902832,2
1771108644518,-1.1245061159133911,0.08334827423095703,-1.215912103652954,2
1771108644628,0.21443822979927063,1.3112306594848633,-0.29857587814331055,2
1771108644735,-0.032797276973724365,-1.3776521682739258,0.7077071666717529,2
1771108644844,0.7091125249862671,-1.5028867721557617,2.2705271244049072,2
1771108644951,-0.4191604256629944,0.31102466583251953,0.05788588523864746,2
1771108645060,-0.44995296001434326,0.43588733673095703,-1.176153302192688,2
1771108645207,0.12240040302276611,-0.5120868682861328,0.8785521984100342,2
1771108645269,-0.5193943977355957,0.6237878799438477,0.09815335273742676,2
1771108645378,0.158955916762352,-0.3752431869506836,-0.3264284133911133,2
1771108645485,0.34732598066329956,0.9877824783325195,1.335308313369751,2
1771108645593,0.3237585723400116,-0.3626127243041992,0.7515480518341064,2
1771108645702,-0.154538094997406,-0.6703710556030273,-1.5228509902954102,2
1771108645810,-0.05325502157211304,-0.9675092697143555,-0.12150835990905762,2
1771108645921,-0.9214075803756714,-1.073674201965332,-0.3611156940460205,2
1771108646027,0.0980624407529831,0.811985969543457,2.17002534866333,2
1771108646173,1.1287596225738525,-1.712247371673584,0.6737082004547119,2
1771108646236,-0.38558319211006165,-0.6575956344604492,-0.9977381229400635,2
1771108646339,1.3633102178573608,0.5688705444335938,0.7284343242645264,2
1771108646449,-0.9300789833068848,-0.38663768768310547,0.9291057586669922,2
1771108646553,0.22837957739830017,0.22176361083984375,1.548755168914795,2
1771108646661,0.9236177802085876,0.08921241760253906,1.0198116302490234,2
1771108646769,-1.0412362813949585,-0.4898691177368164,-0.6994035243988037,2
1771108646877,0.8773429989814758,-0.05404472351074219,0.29480719566345215,2
1771108646986,0.050261564552783966,0.33477115631103516,-0.12746095657348633,2
1771108647156,0.6043874621391296,-0.4369039535522461,0.46018552780151367,2
1771108647203,-0.953366219997406,-0.6413888931274414,0.4476006031036377,2
1771108647305,-0.297342449426651,-0.016266822814941406,-0.4881463050842285,2
1771108647413,-0.9922500252723694,-1.1498785018920898,-0.1515364646911621,2
1771108647521,0.5626788139343262,-1.1768732070922852,1.3932054042816162,2
1771108647629,0.04015987738966942,-0.5033149719238281,-0.17917156219482422,2
1771108647737,-0.6259056925773621,0.14751338958740234,-2.644322395324707,2
1771108647838,1.1075820922851562,1.0887317657470703,0.8603372573852539,2
1771108647946,-0.8907254338264465,-0.08948040008544922,-0.5655949115753174,2
1771108648055,0.15814928710460663,-0.5705966949462891,-0.623105525970459,2
1771108648207,0.6179025173187256,0.1484699249267578,-0.36365675926208496,2
1771108648272,-0.1045793816447258,1.468245506286621,0.08701753616333008,2
1771108648381,-0.3075488805770874,0.10164642333984375,0.16658329963684082,2
1771108648488,0.9040207862854004,1.0814409255981445,2.1399269104003906,2
1771108648597,0.009627863764762878,0.4420185089111328,-0.7311109304428101,2
1771108648705,0.3047804832458496,-0.254058837890625,-0.3841073513031006,2
1771108648813,1.0939664840698242,-0.5614356994628906,0.3525395393371582,2
1771108648923,-0.9444704055786133,0.08739089965820312,-1.149302363395691,2
1771108649035,0.3196236491203308,-0.1241312026977539,0.9682507514953613,2
1771108649227,0.25752460956573486,-0.7840785980224609,1.404222011566162,2
1771108649249,0.25752460956573486,-0.7840785980224609,1.404222011566162,2
1771108649356,0.39489617943763733,-0.9440450668334961,1.913259744644165,2
1771108649456,0.2666587829589844,-0.16862010955810547,-0.04343080520629883,2
1771108649567,0.513338565826416,1.8014278411865234,-1.4571484327316284,2
1771108649672,0.06613302230834961,-1.0807275772094727,0.5173609256744385,2
1771108649785,0.8872941732406616,0.3104276657104492,2.2096364498138428,2
1771108649884,0.33247849345207214,0.4947013854980469,0.5905463695526123,2
1771108649989,-0.18495771288871765,0.3035888671875,-0.09383487701416016,2
1771108650167,0.2823599874973297,1.540365219116211,-0.8947575092315674,2
1771108650198,0.27997660636901855,-1.1451377868652344,-0.25061750411987305,2
1771108650308,0.09992846101522446,0.743107795715332,-0.2539541721343994,2
1771108650415,-0.2759226858615875,0.7136812210083008,0.17498183250427246,2
1771108650517,0.39134639501571655,0.2555379867553711,1.6745717525482178,2
1771108650626,0.22495366632938385,1.0461740493774414,0.9668318033218384,2
1771108650734,0.32555556297302246,-0.3469867706298828,-0.00944209098815918,2
1771108650841,-0.221259206533432,-1.3804922103881836,0.9388797283172607,2
1771108650941,-0.3304632008075714,0.7854242324829102,-1.9699265956878662,2
1771108651050,0.17623066902160645,1.0916862487792969,0.050524234771728516,2
1771108651187,0.36568590998649597,-0.7379379272460938,-0.18858957290649414,2
1771108651266,0.041700948029756546,1.2757759094238281,-0.5020543336868286,2
1771108651374,0.049029309302568436,-0.5798234939575195,-0.06715965270996094,2
1771108651483,0.2617899179458618,-0.48165035247802734,-0.8530158996582031,2
1771108651592,-0.505827009677887,0.4431171417236328,-0.7375501394271851,2
1771108651704,0.3552253842353821,-0.45406246185302734,0.18514347076416016,2
1771108651800,0.5734455585479736,0.7820043563842773,1.6198675632476807,2
1771108651909,0.38949331641197205,0.35259342193603516,0.5947797298431396,2
1771108652017,-0.0454992800951004,0.5322809219360352,2.5086634159088135,2
1771108652175,0.36602258682250977,1.3591632843017578,1.4260742664337158,2
1771108652233,-0.17514747381210327,-1.1526174545288086,0.20319461822509766,2
1771108652334,-0.8853704333305359,-1.629715919494629,-2.237833261489868,2
1771108652442,-0.20096418261528015,1.3241796493530273,-1.7473318576812744,2
1771108652542,0.5186246037483215,-1.863459587097168,0.9263441562652588,2
1771108652651,0.9034866094589233,0.0007543563842773438,1.4676094055175781,2
1771108652754,0.17222440242767334,0.7066774368286133,-0.20313048362731934,2
1771108652859,0.16814608871936798,-1.0725841522216797,-0.21988558769226074,2
1771108652959,0.0644843727350235,-0.47891998291015625,0.015906810760498047,2
1771108653068,-0.048913419246673584,0.02663898468017578,1.4376764297485352,2
1771108653191,0.0495285838842392,-0.1075277328491211,1.1246438026428223,2
1771108653292,1.0227808952331543,-0.08011817932128906,0.46802353858947754,2
1771108653404,-0.15111365914344788,-1.636397361755371,-0.16619396209716797,2
1771108653509,0.4107559323310852,0.5209569931030273,0.7468907833099365,2
1771108653617,0.3610738515853882,0.776519775390625,-0.6524591445922852,2
1771108653718,-0.5648400783538818,-1.765542984008789,0.33931541442871094,2
1771108653827,-0.9406801462173462,-0.1432666778564453,-0.8874640464782715,2
1771108653936,0.4409850835800171,-0.6798076629638672,1.3783729076385498,2
1771108654044,-0.21583671867847443,0.8461284637451172,0.6618187427520752,2
1771108654229,-0.6217052936553955,1.385930061340332,-2.080118179321289,2
1771108654264,0.5605196952819824,-0.13064289093017578,1.2546031475067139,2
1771108654361,-0.7263780832290649,0.8148765563964844,-0.06427621841430664,2
1771108654468,0.41007426381111145,-0.37248897552490234,1.129051923751831,2
1771108654579,-0.38602039217948914,-1.3230199813842773,-0.05046987533569336,2
1771108654685,-0.039041563868522644,1.5226402282714844,-0.018079519271850586,2
1771108654787,-0.22808988392353058,-0.7159051895141602,0.1423044204711914,2
1771108654895,-0.28250885009765625,-0.6100225448608398,-0.8312387466430664,2
1771108655002,0.02489675208926201,-0.3914508819580078,1.0786285400390625,2
1771108655111,-0.292243093252182,1.0421571731567383,-1.4054147005081177,2
1771108655223,-0.245280921459198,1.8049516677856445,-2.2032887935638428,2
1771108655328,-0.13363462686538696,-1.0107755661010742,2.0624325275421143,2
1771108655436,-0.2804493308067322,-0.2884988784790039,-0.06443595886230469,2
1771108655546,-0.7686789035797119,0.688288688659668,-1.1941077709197998,2
1771108655652,0.5390082597732544,-1.6080551147460938,-0.17453742027282715,2
1771108655754,-0.37111422419548035,-0.21692848205566406,0.4296863079071045,2
1771108655862,0.5272443890571594,0.6286764144897461,0.41549015045166016,2
1771108655971,0.3043174743652344,0.3874626159667969,1.4315004348754883,2
1771108656078,0.32060033082962036,0.1629486083984375,0.43419528007507324,2
1771108656212,0.07705937325954437,0.5254592895507812,-0.7643218040466309,2
1771108656287,0.0065264324657619,1.162454605102539,0.43898892402648926,2
1771108656395,-0.5017698407173157,-1.7207159996032715,-0.03398466110229492,2
1771108656506,-0.2702186405658722,-1.1586179733276367,-0.5754759311676025,2
1771108656612,0.743330717086792,0.5048828125,-2.085721254348755,2
1771108656721,0.6116659045219421,0.4316692352294922,0.5655422210693359,2
1771108656829,0.6659942865371704,-0.2286844253540039,0.7248954772949219,2
1771108656938,0.8342434167861938,-0.7297267913818359,1.7015130519866943,2
1771108657046,0.15000967681407928,-1.122115135192871,1.7450785636901855,2
1771108657146,-0.7010436058044434,2.0010881423950195,-1.6171566247940063,2
1771108657257,-0.3877621591091156,-1.595606803894043,0.9394874572753906,2
1771108657363,0.09915437549352646,-1.0910863876342773,3.5188801288604736,2
1771108657463,-0.4964657425880432,1.421921730041504,-1.7351956367492676,2
1771108657572,-0.04455028474330902,0.4172859191894531,-0.4708127975463867,2
1771108657680,0.9190099835395813,1.2654762268066406,1.9480247497558594,2
1771108657781,0.1757214218378067,-0.6528921127319336,0.9104926586151123,2
1771108657892,-0.07524216175079346,-0.39490222930908203,-0.3934587240219116,2
1771108657997,0.3417312502861023,-0.051067352294921875,1.4572699069976807,2
1771108658105,0.1247357726097107,-0.8510189056396484,0.845005989074707,2
1771108658230,-0.8414177894592285,0.6184272766113281,-1.5221933126449585,2
1771108658330,0.0897795557975769,-1.060272216796875,1.9613306522369385,2
1771108658438,0.6409911513328552,1.3496732711791992,2.161419153213501,2
1771108658540,0.08011437952518463,0.7022800445556641,-3.2604990005493164,2
1771108658647,-0.9111852645874023,0.7467384338378906,-0.8526297807693481,2
1771108658755,0.2809363305568695,-0.9276504516601562,-0.35576045513153076,2
1771108658864,-0.6063066124916077,0.07942962646484375,-0.4075089693069458,2
1771108658964,0.00012509897351264954,0.8319129943847656,1.1678516864776611,2
1771108659073,0.3400571048259735,-1.4154367446899414,0.5892939567565918,2
1771108659205,0.7606388330459595,-1.1038618087768555,1.1819159984588623,2
1771108659282,0.322109580039978,1.7506723403930664,0.09658694267272949,2
1771108659381,-0.2504086494445801,0.1570606231689453,-0.48273956775665283,2
1771108659490,-0.44334614276885986,0.5293235778808594,1.1412768363952637,2
1771108659598,0.2206142395734787,-0.40375614166259766,-0.003728032112121582,2
1771108659706,0.6645712852478027,0.9185409545898438,2.528712511062622,2
1771108659816,0.2721128463745117,-0.8619594573974609,1.9080185890197754,2
1771108659916,0.6709369421005249,-0.048381805419921875,-0.2479860782623291,2
1771108660023,-0.051031455397605896,0.8143682479858398,-2.121439218521118,2
1771108660139,0.5781993269920349,1.2685508728027344,0.02011895179748535,2
1771108660243,-0.010552309453487396,-0.03032207489013672,1.2013776302337646,2
1771108660349,0.013465987518429756,0.8279600143432617,0.6495299339294434,2
1771108660457,0.3948807716369629,-0.9565362930297852,0.9228248596191406,2
1771108660566,-0.7243929505348206,-0.2967538833618164,1.0588514804840088,2
1771108660675,0.5943372249603271,0.6118936538696289,0.1108086109161377,2
1771108660783,-0.823772132396698,1.7281808853149414,-1.1873350143432617,2
1771108660892,-0.6670068502426147,-0.994694709777832,0.7785611152648926,2
1771108660993,0.4717696011066437,-0.9342670440673828,1.8965983390808105,2
1771108661159,0.35292404890060425,1.594818115234375,-0.6729421615600586,2
1771108661215,0.34612220525741577,1.3655118942260742,-0.02001667022705078,2
1771108661316,-0.0023025795817375183,1.1675291061401367,-1.6694979667663574,2
1771108661427,-0.5298383235931396,-1.1309270858764648,-0.7349207401275635,2
1771108661533,0.0835791602730751,-0.6878643035888672,-0.6008429527282715,2
1771108661642,0.7146313190460205,0.6677675247192383,-0.9104498624801636,2
1771108661746,0.40945103764533997,-0.6228151321411133,0.8144879341125488,2
1771108661850,0.36524486541748047,-0.8962011337280273,-2.1096878051757812,2
1771108661950,-0.2602286636829376,0.21300601959228516,-1.5143083333969116,2
1771108662062,0.006484257988631725,-0.6672124862670898,0.14700031280517578,2
1771108662174,0.36114364862442017,1.2458724975585938,-0.8549942970275879,2
1771108662276,-0.975692868232727,0.6178092956542969,-0.23072028160095215,2
1771108662384,1.042335033416748,0.34384727478027344,2.220634937286377,2
1771108662484,-0.3898395895957947,1.370499610900879,-0.3196399211883545,2
1771108662592,0.45629116892814636,1.2862310409545898,2.4798426628112793,2
1771108662702,-1.0952214002609253,-1.560628890991211,-1.4015458822250366,2
1771108662809,0.40802374482154846,1.578660011291504,-2.2137551307678223,2
1771108662918,-0.7649628520011902,1.5203857421875,0.16323447227478027,2
1771108663026,-0.11435043811798096,-1.329986572265625,-1.91340172290802,2
1771108663127,-0.5360819697380066,0.279296875,-2.062872886657715,2
1771108663234,-0.48807859420776367,-0.7015972137451172,-0.8551011085510254,2
1771108663364,-0.49089282751083374,-0.5064373016357422,-0.6097598075866699,2
1771108663443,-0.2832585573196411,-0.31024837493896484,0.9919512271881104,2
1771108663552,-0.6220518350601196,-2.2183828353881836,-1.5316102504730225,2
1771108663660,-0.33241161704063416,0.6081762313842773,-1.602020502090454,2
1771108663768,0.12015967071056366,-0.16823482513427734,-0.32753801345825195,2
1771108663877,0.5788914561271667,-1.5760564804077148,1.6876626014709473,2
1771108663986,0.1727709323167801,-0.09060382843017578,-2.0467758178710938,2
1771108664093,0.26550644636154175,1.2797775268554688,-2.5091750621795654,2
1771108664200,0.446418434381485,0.010267257690429688,1.1161417961120605,2
1771108664301,0.7709819078445435,1.034912109375,-0.6424088478088379,2
1771108664402,-0.3293405771255493,0.6124515533447266,0.7819745540618896,2
1771108664511,1.1187461614608765,-0.1425647735595703,1.813795804977417,2
1771108664615,0.5893842577934265,0.4100522994995117,-0.1426560878753662,2
1771108664721,-0.6073794364929199,-0.3671293258666992,-0.27352333068847656,2
1771108664829,-0.6396814584732056,0.09975719451904297,-0.8149694204330444,2
1771108664928,0.16852711141109467,-0.6625909805297852,-0.7250635623931885,2
1771108665036,-0.04139360040426254,-1.1603660583496094,2.0654914379119873,2
1771108665160,0.0052232518792152405,-0.32374095916748047,0.022063732147216797,2
1771108665262,-0.8773422837257385,-0.8018198013305664,0.3781716823577881,2
1771108665369,-0.17708192765712738,-0.2880067825317383,-1.3444750308990479,2
1771108665471,-0.3502841591835022,0.49874305725097656,0.18858695030212402,2
1771108665578,0.5557039380073547,0.24868202209472656,2.194333076477051,2
1771108665679,-0.6347574591636658,-0.7950820922851562,-2.0467867851257324,2
1771108665789,0.49752479791641235,-0.08210086822509766,-1.4041829109191895,2
1771108665896,-0.666757345199585,-0.38228416442871094,-1.2674508094787598,2
1771108666004,-0.41027477383613586,0.11013126373291016,-0.899381160736084,2
1771108666112,0.13099025189876556,1.284616470336914,-1.9995522499084473,2
1771108666246,0.5478325486183167,0.4209098815917969,0.1532433032989502,2
1771108666332,0.34351208806037903,-0.3941516876220703,0.36169862747192383,2
1771108666437,-0.2834078073501587,0.7840175628662109,-0.6944646835327148,2
1771108666546,-0.16210179030895233,-1.4764785766601562,-0.4553341865539551,2
1771108666657,0.39196091890335083,-0.40153980255126953,0.09642958641052246,2
1771108666763,0.33759915828704834,0.48493289947509766,0.4131355285644531,2
1771108666864,0.815580427646637,0.2998237609863281,0.43372035026550293,2
1771108666971,0.39136600494384766,1.291635513305664,0.1973874568939209,2
1771108667079,-0.48068398237228394,0.975428581237793,-1.1402535438537598,2
1771108667180,0.6464688777923584,-0.1445446014404297,-0.22959470748901367,2
1771108667288,0.34957820177078247,-1.2082195281982422,1.5048613548278809,2
1771108667398,0.4536224603652954,1.0184402465820312,0.1249399185180664,2
1771108667505,-1.4243320226669312,1.0272207260131836,-2.7486484050750732,2
1771108667613,1.0002392530441284,0.42296886444091797,2.263265609741211,2
1771108667714,-1.0485695600509644,-0.5373945236206055,-0.8032608032226562,2
1771108667822,0.27542173862457275,-0.6404094696044922,1.2707688808441162,2
1771108667932,-0.7270351648330688,1.3105354309082031,-2.572632074356079,2
1771108668031,-0.40190625190734863,1.7555370330810547,0.1721205711364746,2
1771108668138,0.36089596152305603,0.46927547454833984,-0.9735163450241089,2
1771108668248,-0.1886202096939087,-0.23234939575195312,1.3131415843963623,2
1771108668356,-0.2426331490278244,-2.2829508781433105,-0.3774123191833496,2
1771108668456,-0.6269610524177551,1.7489538192749023,-0.9382072687149048,2
1771108668567,1.3671019077301025,0.05579185485839844,0.5112431049346924,2
1771108668673,1.253233790397644,0.5283899307250977,3.1975865364074707,2
1771108668781,-0.18873201310634613,0.011331558227539062,-0.3318216800689697,2
1771108668882,0.0903773084282875,-0.20527267456054688,0.5596928596496582,2
1771108668990,-0.5213611125946045,0.33019256591796875,-1.4730355739593506,2
1771108669131,0.0706537589430809,0.2695426940917969,1.7628257274627686,2
1771108669198,-0.17737093567848206,0.8484373092651367,0.07843255996704102,2
1771108669307,0.12856188416481018,-0.06563472747802734,2.0677289962768555,2
1771108669418,0.9573761224746704,-0.1730184555053711,1.3721323013305664,2
1771108669523,-0.4405781328678131,0.4737091064453125,-2.4634175300598145,2
1771108669632,0.2142280638217926,0.511876106262207,1.169682264328003,2
1771108669741,0.00648509431630373,-0.2064056396484375,1.3012561798095703,2
1771108669849,-0.4957679510116577,0.8752841949462891,-1.415575385093689,2
1771108669950,0.16036392748355865,-0.1487140655517578,4.085293769836426,2
1771108670060,0.1858336627483368,-0.22323894500732422,0.0848991870880127,2
1771108670197,0.22501300275325775,0.24793148040771484,-0.545427680015564,2
1771108670290,0.34952351450920105,0.13972759246826172,1.0025722980499268,2
1771108670391,0.9893023371696472,1.6856889724731445,1.0759270191192627,2
1771108670502,-0.3364625573158264,0.9865322113037109,-0.2229621410369873,2
1771108670608,-1.0868009328842163,-0.8303127288818359,-1.6649208068847656,2
1771108670708,-0.3181913495063782,0.8590106964111328,-0.6886982917785645,2
1771108670817,0.339072585105896,-1.7462997436523438,0.5733246803283691,2
1771108670925,-0.1452665477991104,1.0458154678344727,0.7805111408233643,2
1771108671025,0.18315134942531586,-1.3312311172485352,1.4202978610992432,2
1771108671133,0.4976809322834015,-0.6828269958496094,1.5708391666412354,2
1771108671253,-0.5637544989585876,-1.0134649276733398,1.059023141860962,2
1771108671352,-0.16758356988430023,0.7950229644775391,-1.0821207761764526,2
1771108671451,1.004456639289856,0.9877204895019531,-0.10681653022766113,2
1771108671559,0.057336531579494476,0.22075748443603516,-0.018460750579833984,2
1771108671659,0.4166812002658844,0.36380672454833984,-0.7812538146972656,2
1771108671767,-0.5174312591552734,1.2687759399414062,-0.6903588771820068,2
1771108671876,-0.10541941225528717,0.2685976028442383,0.25592541694641113,2
1771108671985,-0.31816184520721436,1.7127037048339844,-0.2343916893005371,2
1771108672093,0.8398205041885376,0.029679298400878906,-0.014862775802612305,2
1771108672199,0.26562127470970154,0.8733081817626953,-0.15589070320129395,2
1771108672302,-0.3299209177494049,1.3539199829101562,0.14340567588806152,2
1771108672409,1.7152307033538818,0.26479434967041016,1.7945408821105957,2
1771108672520,-0.9558207988739014,-0.1794891357421875,-0.007860660552978516,2
1771108672618,0.34189847111701965,0.19680500030517578,0.47130417823791504,2
1771108672726,-0.3086429536342621,-0.6046152114868164,-0.2935072183609009,2
1771108672836,-0.2193222939968109,0.3641023635864258,1.3197596073150635,2
1771108672935,0.33706116676330566,0.2654876708984375,-0.37130486965179443,2
1771108673043,0.4611530303955078,1.1582212448120117,0.5292363166809082,2
1771108673163,-0.20638500154018402,0.6802167892456055,-0.8803131580352783,2
1771108673261,-0.2861308753490448,-2.0325965881347656,0.2261040210723877,2
1771108673360,-0.4922424554824829,1.4132051467895508,-0.5426639318466187,2
1771108673469,-0.18828058242797852,-0.17364501953125,-1.1819124221801758,2
1771108673569,0.7070661783218384,-0.026189804077148438,1.1086690425872803,2
1771108673678,0.28786322474479675,-0.31748199462890625,2.825131416320801,2
1771108673787,0.8735780715942383,-0.7821493148803711,1.3421984910964966,2
1771108673887,0.13248667120933533,0.34172534942626953,0.21549034118652344,2
1771108673995,-0.34528133273124695,0.1343994140625,0.6586047410964966,2
1771108674106,0.05850651115179062,0.07323360443115234,-1.2559468746185303,2
1771108674205,0.14880776405334473,-0.7560548782348633,1.0851094722747803,2
1771108674311,-0.3595687448978424,1.23077392578125,-0.6526782512664795,2
1771108674412,-0.5874951481819153,-1.3050413131713867,-1.7685734033584595,2
1771108674520,0.027693919837474823,-0.5566854476928711,-1.5761663913726807,2
1771108674630,-0.47876864671707153,0.5956506729125977,-0.8967165946960449,2
1771108674736,-0.6653165221214294,-0.33271312713623047,0.46652865409851074,2
1771108674839,-0.7861415147781372,0.6069126129150391,-0.4833935499191284,2
1771108674946,0.2686089873313904,-1.517486572265625,0.05337643623352051,2
1771108675053,-0.12833182513713837,-0.8149757385253906,0.9937081336975098,2
1771108675167,0.8990078568458557,0.9956035614013672,-0.6125142574310303,2
1771108675263,-0.24421820044517517,0.3329124450683594,-0.4139418601989746,2
1771108675370,0.3538997769355774,-1.4299068450927734,-0.33540427684783936,2
1771108675479,0.20617926120758057,-0.8685302734375,0.6048471927642822,2
1771108675588,0.36685889959335327,-1.214249610900879,-0.06279778480529785,2
1771108675695,0.028075560927391052,0.7993917465209961,-0.09819674491882324,2
1771108675808,-0.40237826108932495,-0.5812139511108398,0.27806830406188965,2
1771108675913,-1.1724809408187866,-0.07430744171142578,-3.006021499633789,2
1771108676021,0.07518734782934189,0.4981708526611328,-1.32782781124115,2
1771108676175,0.4777252972126007,0.44277477264404297,-0.4958486557006836,2
1771108676272,-0.2493172436952591,-0.9536113739013672,-1.0957517623901367,2
1771108676346,-0.011185357347130775,0.7702484130859375,-1.2375760078430176,2
1771108676455,-0.7915802597999573,1.0900583267211914,-0.7603737115859985,2
1771108676563,0.9862642288208008,-0.4450559616088867,0.8806984424591064,2
1771108676672,-0.634728729724884,-0.3782339096069336,-2.33508563041687,2
1771108676782,0.6552013754844666,0.8924617767333984,-0.506179928779602,2
1771108676881,-0.07643361389636993,0.3856687545776367,-0.0184023380279541,2
1771108676988,-0.06093965470790863,0.9856090545654297,0.8802268505096436,2
1771108677144,0.8855889439582825,0.08384132385253906,1.3019533157348633,2
1771108677205,-0.46806564927101135,-0.46097660064697266,-1.6222341060638428,2
1771108677306,-0.4164312779903412,-0.5465488433837891,-0.7993056774139404,2
1771108677413,-0.7295008301734924,0.8572635650634766,-1.26957368850708,2
1771108677522,0.41089099645614624,0.3101024627685547,0.9105639457702637,2
1771108677623,-0.6655837893486023,0.2269878387451172,-1.0912011861801147,2
1771108677731,0.7312560677528381,0.2779045104980469,0.7516274452209473,2
1771108677839,0.2838144898414612,-0.9474477767944336,-0.5534284114837646,2
1771108677947,-0.06852126121520996,0.15953922271728516,0.6043577194213867,2
1771108678058,0.6576201915740967,-0.2987174987792969,1.203118085861206,2
1771108678166,-0.4393306076526642,0.05441093444824219,0.04987633228302002,2
1771108678276,0.2840522229671478,0.9797582626342773,0.7342455387115479,2
1771108678381,-0.27535754442214966,-0.06772232055664062,-0.3556551933288574,2
1771108678489,-0.23712576925754547,-0.7554168701171875,0.6242520809173584,2
1771108678598,0.3890731930732727,-1.067662239074707,0.7263345718383789,2
1771108678708,0.020938534289598465,0.5914812088012695,0.4643237590789795,2
1771108678815,-0.5174490213394165,-0.3894968032836914,-1.318436861038208,2
1771108678915,-0.0395207405090332,-0.21598243713378906,0.9369077682495117,2
1771108679025,-0.3368021547794342,0.7435665130615234,-0.08470010757446289,2
1771108679150,0.9416175484657288,-1.0652227401733398,1.9596672058105469,2
1771108679240,0.2831282317638397,1.5594110488891602,0.7442958354949951,2
1771108679348,0.4340788722038269,1.5359907150268555,1.2623112201690674,2
1771108679456,-0.178964763879776,-0.32453060150146484,-0.5222916603088379,2
1771108679557,0.46425551176071167,-0.06104755401611328,1.3088722229003906,2
1771108679665,0.5073078870773315,0.26200199127197266,0.8655312061309814,2
1771108679774,0.32668977975845337,1.2080211639404297,-0.41654086112976074,2
1771108679882,0.17374911904335022,1.3828239440917969,-0.4593162536621094,2
1771108679991,-0.47599589824676514,-2.932042121887207,-1.8539927005767822,2
1771108680127,-0.8116781711578369,0.5129261016845703,-2.306309938430786,2
1771108680199,-0.7672889828681946,0.07988166809082031,-1.607487440109253,2
1771108680310,0.3545299768447876,0.4401664733886719,-0.8848083019256592,2
1771108680410,-0.7062281966209412,-0.32056427001953125,-0.38153815269470215,2
1771108680516,-0.40963980555534363,-0.6920795440673828,-0.08540582656860352,2
1771108680625,-0.06592423468828201,-0.6056537628173828,1.2619524002075195,2
1771108680733,-0.11975811421871185,2.418275833129883,-1.1721993684768677,2
1771108680841,1.190060019493103,0.6569280624389648,0.9798507690429688,2
1771108680949,0.03237238526344299,-0.6704978942871094,0.7880613803863525,2
1771108681060,-1.272935390472412,0.33739185333251953,-0.41579461097717285,2
1771108681168,-0.7280785441398621,0.713623046875,-1.9174383878707886,2
1771108681294,-0.15870076417922974,1.9759130477905273,-0.5197211503982544,2
1771108681375,-0.26574867963790894,-0.7533121109008789,1.009734869003296,2
1771108681484,-0.3834379315376282,-0.3401823043823242,-0.42200005054473877,2
1771108681585,-0.3157563805580139,0.7869405746459961,-1.6161932945251465,2
1771108681692,0.08373406529426575,1.4134340286254883,-0.9864749908447266,2
1771108681801,0.04330381751060486,-1.0427560806274414,0.4370698928833008,2
1771108681909,0.28264740109443665,-0.8881502151489258,0.3757638931274414,2
1771108682018,0.06726200133562088,-0.8029603958129883,-0.6634844541549683,2
1771108682152,0.05314689129590988,-0.7982683181762695,1.885209083557129,2
1771108682234,0.7174508571624756,0.14574623107910156,0.3982274532318115,2
1771108682343,-0.5313493609428406,0.7455940246582031,-0.9261363744735718,2
1771108682450,0.6983027458190918,0.9001007080078125,1.4903554916381836,2
1771108682561,-0.05209367722272873,0.5433444976806641,0.8278443813323975,2
1771108682668,-0.14090311527252197,0.0194091796875,-0.10897493362426758,2
1771108682776,0.025314152240753174,0.11848068237304688,1.8803001642227173,2
1771108682876,-0.4856458306312561,0.05218029022216797,-0.2827061414718628,2
1771108682984,0.6847347021102905,-0.12199211120605469,0.28563225269317627,2
1771108683124,0.2760120630264282,-0.10230636596679688,1.025403618812561,2
1771108683201,-0.23521876335144043,0.7668647766113281,-1.0237414836883545,2
1771108683311,-0.0995347797870636,-0.5554771423339844,-0.5147161483764648,2
1771108683418,0.15289045870304108,0.6101999282836914,1.0057661533355713,2
1771108683526,0.9438467621803284,0.34374523162841797,0.5517349243164062,2
1771108683635,-0.9082847833633423,0.6559114456176758,-1.169508457183838,2
1771108683736,0.5021603107452393,-0.7109432220458984,0.9912657737731934,2
1771108683844,-0.502508819103241,-0.06165313720703125,-0.5109326839447021,2
1771108683952,0.783073365688324,-0.5174541473388672,1.0440335273742676,2
1771108684053,-0.2644606828689575,0.09295845031738281,-0.2135533094406128,2
1771108684161,-0.3161521553993225,-1.1374340057373047,-1.394866704940796,2
1771108684268,0.915878176689148,-0.2974367141723633,2.070241689682007,2
1771108684377,-0.12224730849266052,2.030057907104492,-2.0016977787017822,2
1771108684485,-0.1488877683877945,-0.4230356216430664,-1.2921863794326782,2
1771108684594,0.343936562538147,-0.32103919982910156,-0.12149393558502197,2
1771108684704,-0.07622119784355164,-1.869379997253418,0.48332858085632324,2
1771108684812,0.5085180997848511,0.2719402313232422,0.7139636278152466,2
1771108684919,1.0741496086120605,1.1784534454345703,0.536301851272583,2
1771108685027,-0.031331293284893036,-1.0904006958007812,-0.040633440017700195,2
1771108685146,0.8863586187362671,1.2438993453979492,0.8790291547775269,2
1771108685252,0.22070345282554626,-1.0678205490112305,1.190831184387207,2
1771108685361,0.5529177784919739,-0.029410362243652344,0.6172192096710205,2
1771108685469,-0.2982722520828247,1.4040021896362305,0.01191568374633789,2
1771108685578,0.18241095542907715,-0.03740882873535156,0.34772825241088867,2
1771108685687,0.0160962026566267,0.8620357513427734,-1.5527749061584473,2
1771108685787,0.5210968255996704,-0.44114208221435547,-0.6222240924835205,2
1771108685896,-0.3454071879386902,-0.7049140930175781,-0.33176517486572266,2
1771108686004,0.6104412078857422,-0.9366579055786133,0.35709500312805176,2
1771108686121,0.12565650045871735,-1.935647964477539,0.14280486106872559,2
1771108686220,-0.12103448808193207,1.0025463104248047,-1.8696718215942383,2
1771108686322,-0.4400329291820526,0.24691295623779297,0.10762667655944824,2
1771108686429,-0.030978361144661903,0.3237457275390625,-0.8026669025421143,2
1771108686537,0.23841014504432678,-1.0033597946166992,1.1758229732513428,2
1771108686645,0.5003498792648315,-0.39743804931640625,2.0555241107940674,2
1771108686754,0.2634528875350952,1.6355867385864258,-0.6100739240646362,2
1771108686855,0.31345126032829285,-0.3087024688720703,0.5728349685668945,2
1771108686963,0.2613593637943268,-0.5727720260620117,0.3453960418701172,2
1771108687071,1.0246436595916748,0.8942441940307617,0.7139818668365479,2
1771108687172,0.1257079839706421,-1.0928974151611328,1.0943748950958252,2
1771108687280,0.5068893432617188,-0.5863523483276367,1.030482292175293,2
1771108687389,0.6313760876655579,0.12276935577392578,-0.3273036479949951,2
1771108687497,-0.1377977728843689,1.7491369247436523,-0.961225152015686,2
1771108687605,1.3524774312973022,-0.17995834350585938,0.5119664669036865,2
1771108687714,-0.247703418135643,-0.774688720703125,1.302147388458252,2
1771108687821,-0.47864851355552673,-1.5443649291992188,-0.2876007556915283,2
1771108687924,-0.19637945294380188,0.22534465789794922,-0.2223515510559082,2
1771108688030,0.09095143526792526,-0.26007080078125,1.7944490909576416,2
1771108688151,-0.022187910974025726,0.6619157791137695,-0.34575510025024414,2
1771108688247,0.5743967890739441,0.41515254974365234,1.1244564056396484,2
1771108688355,0.49642235040664673,-0.4446077346801758,-0.27592992782592773,2
1771108688456,1.2108194828033447,0.6123237609863281,1.7369487285614014,2
1771108688564,0.03991317003965378,-0.4513540267944336,-0.8581986427307129,2
1771108688672,1.2483835220336914,-0.5028963088989258,1.4172890186309814,2
1771108688782,0.655698299407959,0.890080451965332,-0.2790048122406006,2
1771108688890,-0.22823798656463623,0.5086278915405273,-1.6836841106414795,2
1771108688998,-0.41401171684265137,-0.6172904968261719,-0.7208642959594727,2
1771108689106,0.034841254353523254,1.0658988952636719,1.0621166229248047,2
1771108689208,-0.05536791682243347,-0.004460334777832031,0.4994015693664551,2
1771108689325,-0.5230607986450195,0.8474922180175781,0.3542361259460449,2
1771108689423,0.08179832994937897,-1.3337421417236328,0.11301398277282715,2
1771108689532,-0.49372753500938416,0.8427848815917969,0.35173916816711426,2
1771108689640,-0.08236431330442429,0.12696456909179688,-0.3339660167694092,2
1771108689750,-0.48905661702156067,0.9394416809082031,-0.017168521881103516,2
1771108689857,-0.3781089782714844,0.35693836212158203,-0.005449533462524414,2
1771108689965,-0.2274649292230606,0.8519287109375,-0.4225654602050781,2
1771108690073,-0.17611834406852722,-1.908700942993164,-0.24634718894958496,2
1771108690182,0.3431468605995178,0.06155967712402344,-0.1518700122833252,2
1771108690291,-0.17253626883029938,-0.259185791015625,-0.976664662361145,2
1771108690398,-0.1557946354150772,-0.24466991424560547,2.201486587524414,2
1771108690499,-0.20716427266597748,-0.26696205139160156,1.6377472877502441,2
1771108690607,0.5225539207458496,1.4634637832641602,-0.7841473817825317,2
1771108690715,-0.38607263565063477,-0.01849079132080078,-2.4168789386749268,2
1771108690815,0.004371047019958496,-0.8583536148071289,0.5080733299255371,2
1771108690924,-0.055343881249427795,-1.3876419067382812,0.7661056518554688,2
1771108691032,-0.6648479104042053,1.2989215850830078,-2.9526469707489014,2
1771108691171,-0.4423846900463104,-1.4576377868652344,0.1471555233001709,2
1771108691241,-0.25681272149086,-1.2999839782714844,-2.290281057357788,2
1771108691342,0.05141344666481018,-0.2512807846069336,0.4380652904510498,2
1771108691450,-0.21244223415851593,-1.1584815979003906,-0.4268672466278076,2
1771108691553,-0.09216496348381042,1.898665428161621,-0.22843480110168457,2
1771108691658,0.1493476778268814,0.6966381072998047,-2.1649937629699707,2
1771108691759,0.47927767038345337,-0.0877370834350586,-0.11242914199829102,2
1771108691867,-0.48949000239372253,0.31879138946533203,-2.4226040840148926,2
1771108691975,1.0155258178710938,-0.4994316101074219,-0.8828017711639404,2
1771108692084,1.24985933303833,-0.6864309310913086,1.6761105060577393,2
1771108692199,-2.410085916519165,0.9689579010009766,-3.6804656982421875,2
1771108692301,-1.1485148668289185,-0.03180408477783203,-0.5585198402404785,2
1771108692410,-0.36749958992004395,-1.4059562683105469,0.2050917148590088,2
1771108692518,1.059126377105713,-0.5833921432495117,2.039274215698242,2
1771108692626,-0.6154037117958069,1.0008249282836914,-0.48993849754333496,2
1771108692735,0.21447382867336273,0.817408561706543,-1.6449384689331055,2
1771108692835,1.0758087635040283,0.2061147689819336,-0.5874649286270142,2
1771108692944,0.3968452215194702,-0.5688190460205078,0.8998241424560547,2
1771108693051,-0.7969174981117249,-0.9525041580200195,-0.6449233293533325,2
1771108693170,0.24545031785964966,-0.24472999572753906,0.8434411287307739,2
1771108693270,0.663615882396698,0.021503448486328125,0.3253237009048462,2
1771108693376,-0.050888583064079285,-0.5572614669799805,-0.11009931564331055,2
1771108693487,-0.47020500898361206,-0.9085531234741211,1.5635782480239868,2
1771108693595,-0.045723363757133484,-1.1864814758300781,-0.22941863536834717,2
1771108693694,0.5238325595855713,1.6656064987182617,0.3205738067626953,2
1771108693802,0.0441303551197052,0.37235069274902344,0.4783148765563965,2
1771108693903,0.40748292207717896,0.46035289764404297,1.067690134048462,2
1771108694011,0.1675669252872467,1.575613021850586,1.1034533977508545,2
1771108694120,0.5358976125717163,-0.4960823059082031,1.0095653533935547,2
1771108694256,0.1745482236146927,1.2243881225585938,-0.3318779468536377,2
1771108694354,-0.14722123742103577,-0.8303356170654297,0.29791712760925293,2
1771108694445,-1.4604824781417847,-0.1913127899169922,-1.1378920078277588,2
1771108694553,0.22560814023017883,0.592371940612793,-0.22885239124298096,2
1771108694661,-0.300139844417572,0.5624122619628906,-0.4631253480911255,2
1771108694771,0.17114199697971344,0.5483102798461914,-0.08211708068847656,2
1771108694879,0.5795207619667053,-0.03774070739746094,2.23107647895813,2
1771108694986,0.1837945282459259,-0.7616539001464844,0.27082979679107666,2
1771108695096,-0.8826219439506531,-0.804718017578125,0.8221743106842041,2
1771108695205,-0.6694785952568054,-1.3376522064208984,0.058130502700805664,2
1771108695312,0.3606243133544922,0.4282093048095703,-0.07370233535766602,2
1771108695421,-0.25275343656539917,-0.07747554779052734,-0.9345929622650146,2
1771108695528,0.6847565770149231,-0.5604248046875,0.559302806854248,2
1771108695641,-0.061357393860816956,0.7074718475341797,-0.22780132293701172,2
1771108695746,0.10636827349662781,0.07933616638183594,-0.5790239572525024,2
1771108695854,-0.3978625535964966,0.081329345703125,0.6152005195617676,2
1771108695962,0.07875604182481766,0.775446891784668,0.9327938556671143,2
1771108696070,0.028324246406555176,-0.11725807189941406,-0.7722434997558594,2
1771108696173,-0.16907110810279846,-0.5560932159423828,0.18331003189086914,2
1771108696280,0.28526636958122253,-0.8181161880493164,0.29312849044799805,2
1771108696388,-0.42731913924217224,0.696345329284668,0.5116398334503174,2
1771108696496,-0.0645102709531784,-0.32840538024902344,-0.5196189880371094,2
1771108696605,-0.4105066657066345,-0.6071872711181641,-1.7076294422149658,2
1771108696713,1.3333299160003662,-0.22775840759277344,1.268075704574585,2
1771108696821,0.07573874294757843,0.5412921905517578,-0.8700976371765137,2
1771108696930,0.13211630284786224,0.28088951110839844,-0.18336915969848633,2
1771108697039,0.04302288591861725,0.14711666107177734,1.3913483619689941,2
1771108697165,0.720707893371582,-0.5983505249023438,1.651843786239624,2
1771108697274,0.02182590961456299,-1.392477035522461,-0.5845355987548828,2
1771108697380,-0.6238759160041809,-0.1354379653930664,0.251863956451416,2
1771108697489,-0.09547996520996094,-1.0311956405639648,0.9825723171234131,2
1771108697589,-1.1092889308929443,1.2799787521362305,-0.9622341394424438,2
1771108697697,0.12059855461120605,-0.07880783081054688,-1.1742663383483887,2
1771108697806,-0.8270455598831177,-0.4233551025390625,-0.7159008979797363,2
1771108697914,0.5536050796508789,-0.8695640563964844,0.08794808387756348,2
1771108698023,-0.8962010145187378,0.21666812896728516,0.18373584747314453,2
1771108698150,0.7283381223678589,-0.5610036849975586,-0.2039353847503662,2
1771108698241,-0.08860918879508972,0.4580850601196289,0.34793806076049805,2
1771108698371,-0.7878246307373047,-0.20760631561279297,-3.0207629203796387,2
1771108698448,0.11452001333236694,0.39207935333251953,0.37477564811706543,2
1771108698558,-0.9108291268348694,0.016800880432128906,-1.1372950077056885,2
1771108698665,-0.5415188074111938,0.5239086151123047,-1.562520980834961,2
1771108698773,0.2287229299545288,-0.05970001220703125,-0.44106030464172363,2
1771108698881,0.8928025364875793,0.010800361633300781,1.4626917839050293,2
1771108698990,0.22138649225234985,0.010501861572265625,-0.9816216230392456,2
1771108699091,0.255063533782959,0.0799398422241211,0.6463391780853271,2
1771108699202,-0.13381654024124146,-0.45780277252197266,-0.36687684059143066,2
1771108699307,-0.13452717661857605,-1.0177526473999023,-0.37545061111450195,2
1771108699408,-0.19395634531974792,1.9900074005126953,-1.6832518577575684,2
1771108699516,0.16494202613830566,-0.17455577850341797,-0.17487764358520508,2
1771108699624,-0.23966234922409058,-0.2874917984008789,0.01608133316040039,2
1771108699724,0.604331374168396,-0.3283700942993164,0.06885695457458496,2
1771108699835,-0.13285687565803528,0.13638782501220703,-2.686068058013916,2
1771108699943,0.0947796106338501,0.21474647521972656,-1.235217571258545,2
1771108700041,-0.24410444498062134,-0.43535423278808594,0.5675085783004761,2
1771108700165,0.13118356466293335,0.07364463806152344,1.3704149723052979,2
1771108700267,-0.600847601890564,-0.007258415222167969,-0.6166410446166992,2
1771108700390,0.6322318315505981,0.14708995819091797,0.3000624179840088,2
1771108700483,-0.2952952980995178,0.41631603240966797,-0.5267012119293213,2
1771108700591,0.26699182391166687,1.0435829162597656,1.2950599193572998,2
1771108700700,0.2128545343875885,0.7073125839233398,0.07890439033508301,2
1771108700809,-0.3221650719642639,-1.4708232879638672,-0.5474586486816406,2
1771108700910,-0.4291211664676666,-0.19621849060058594,1.467095971107483,2
1771108701018,0.5977070927619934,-0.09444999694824219,0.35419631004333496,2
1771108701171,0.7249366044998169,-1.0690593719482422,-0.03707265853881836,2
1771108701225,0.0799684226512909,-0.46944332122802734,-2.300480604171753,2
1771108701326,-0.38446101546287537,-0.08007335662841797,-0.10735917091369629,2
1771108701433,-1.0625032186508179,0.06505680084228516,-0.1274099349975586,2
1771108701542,-0.011424660682678223,-0.37810802459716797,-0.3057844638824463,2
1771108701643,-0.8259282112121582,0.8424654006958008,-1.0482144355773926,2
1771108701750,-0.3683706521987915,0.06668663024902344,0.28591465950012207,2
1771108701851,-0.8024750351905823,-1.0700616836547852,0.7555398941040039,2
1771108701959,-0.11513184756040573,-0.4293193817138672,0.922996997833252,2
1771108702067,-0.5807666182518005,1.3684091567993164,-2.3171944618225098,2
1771108702191,-0.5692771673202515,-0.10313892364501953,-1.432372808456421,2
1771108702280,-0.6630339026451111,-0.07494258880615234,3.012578248977661,2
1771108702404,1.3643860816955566,-0.662693977355957,2.90852952003479,2
1771108702492,0.9627282619476318,-0.5189571380615234,1.9316434860229492,2
1771108702604,-0.10754971951246262,-1.5103988647460938,2.5544004440307617,2
1771108702710,-0.8496964573860168,-0.013722419738769531,-0.8331817388534546,2
1771108702811,0.8994123935699463,-0.5105466842651367,0.12839436531066895,2
1771108702917,-0.7951707243919373,-0.8168487548828125,0.15664458274841309,2
1771108703017,-0.11348311603069305,0.1343393325805664,-1.3858188390731812,2
1771108703127,-0.9898095726966858,0.4743766784667969,-0.9773018956184387,2
1771108703229,0.0677630603313446,-1.1779775619506836,0.4094583988189697,2
1771108703335,0.5654364228248596,0.28636646270751953,-0.30610013008117676,2
1771108703443,-0.44647276401519775,0.8549957275390625,-1.4310044050216675,2
1771108703552,-0.21533139050006866,-0.17669677734375,0.7899529933929443,2
1771108703653,0.18989254534244537,-2.0717897415161133,1.1785268783569336,2
1771108703760,-0.25845491886138916,1.6757984161376953,0.2027604579925537,2
1771108703869,0.7211632132530212,1.4025402069091797,1.3430225849151611,2
1771108703977,-0.5393971800804138,0.09373188018798828,-0.6182506084442139,2
1771108704086,-0.3421589136123657,-0.9785261154174805,0.4273078441619873,2
1771108704197,-0.12713852524757385,-0.06739044189453125,-1.082819938659668,2
1771108704303,0.30592769384384155,0.9033126831054688,-1.206946849822998,2
1771108704412,0.34410107135772705,0.11209774017333984,3.0980796813964844,2
1771108704520,-0.3493831753730774,-2.1190357208251953,-0.9962878227233887,2
1771108704627,-0.7682891488075256,0.8722763061523438,-1.6014201641082764,2
1771108704736,-0.198074072599411,0.09110546112060547,-0.12369513511657715,2
1771108704845,-0.41080623865127563,0.04046058654785156,-1.4574307203292847,2
1771108704945,-0.28865736722946167,0.3718833923339844,-1.4402008056640625,2
1771108705052,-0.0824919119477272,0.6489324569702148,-2.3809752464294434,2
1771108705161,1.3804371356964111,-0.6062688827514648,2.549224853515625,2
1771108705323,0.0535288006067276,-0.45934581756591797,1.0284478664398193,2
1771108705378,-0.5236265063285828,-0.9319925308227539,-0.8168288469314575,2
1771108705487,0.5227940678596497,1.800917625427246,-0.16637396812438965,2
1771108705595,-0.14283114671707153,0.21998214721679688,-0.9376373291015625,2
1771108705705,0.3016052544116974,-0.41681671142578125,0.7828147411346436,2
1771108705820,-0.2948180139064789,-0.6517477035522461,-0.5637755393981934,2
1771108705921,-0.028389308601617813,0.12994384765625,0.003766298294067383,2
1771108706022,0.01374028716236353,-0.1750946044921875,-0.29720473289489746,2
1771108706130,0.34064650535583496,-0.3401508331298828,0.8983883857727051,2
1771108706274,-1.3038554191589355,0.3618011474609375,-1.9959145784378052,2
1771108706345,0.15296131372451782,-0.661829948425293,-0.8785965442657471,2
1771108706454,-0.1175001859664917,1.2100715637207031,-0.0756673812866211,2
1771108706554,-0.675195574760437,-1.2386131286621094,-1.2901537418365479,2
1771108706663,-0.8869158029556274,0.3859224319458008,0.07287144660949707,2
1771108706770,0.25599807500839233,0.9644956588745117,-0.7199459075927734,2
1771108706879,-0.3233407139778137,-0.8447141647338867,0.4874138832092285,2
1771108706988,-0.3491326570510864,-0.7880373001098633,-0.17479443550109863,2
1771108707095,-0.3842217028141022,-0.2749166488647461,0.9746739864349365,2
1771108707217,-0.1960832178592682,-0.5693302154541016,0.2673656940460205,2
1771108707312,0.031551241874694824,0.9678974151611328,0.5280230045318604,2
1771108707433,0.2074783742427826,1.1818532943725586,-0.3739128112792969,2
1771108707521,-0.4584053158760071,-0.4003429412841797,1.0834770202636719,2
1771108707630,-0.47491341829299927,0.44694995880126953,-1.3571922779083252,2
1771108707738,-0.8903515934944153,0.3877735137939453,0.05211758613586426,2
1771108707847,0.6261409521102905,0.40763282775878906,0.8037292957305908,2
1771108707956,1.1326563358306885,-0.30109405517578125,-0.2244119644165039,2
1771108708063,-0.08285373449325562,0.8655147552490234,-1.2864177227020264,2
1771108708175,0.01756119728088379,-0.6360006332397461,0.4748413562774658,2
1771108708281,0.0054299235343933105,0.4923410415649414,0.19909214973449707,2
1771108708388,-0.1479482650756836,0.0822916030883789,0.03330850601196289,2
1771108708498,-0.015298604965209961,-0.2696189880371094,0.37149739265441895,2
1771108708607,0.8263688683509827,1.0454444885253906,0.1607344150543213,2
1771108708716,0.5899073481559753,0.6016979217529297,-0.2722827196121216,2
1771108708823,0.8091110587120056,0.42087554931640625,4.453201770782471,2
1771108708933,1.062079668045044,-1.0785198211669922,0.3568263053894043,2
1771108709039,-0.21387673914432526,1.4746522903442383,-1.54109525680542,2
1771108709166,1.4707225561141968,2.9406652450561523,0.08128666877746582,2
1771108709257,0.2678263485431671,-0.9209909439086914,-0.3890434503555298,2
1771108709365,-0.31295761466026306,0.11144733428955078,-0.021744966506958008,2
1771108709474,0.1024899110198021,0.03518962860107422,-1.483271837234497,2
1771108709582,-0.2027198076248169,0.4186868667602539,-1.9381451606750488,2
1771108709690,-0.08049756288528442,-1.4767980575561523,0.09786200523376465,2
1771108709799,-0.787765622138977,-0.07556629180908203,-1.5776240825653076,2
1771108709899,0.5625830292701721,0.3273296356201172,1.1678218841552734,2
1771108710007,0.09884712100028992,0.0994873046875,-0.33516383171081543,2
1771108710108,1.0672268867492676,0.5352773666381836,0.133675217628479,2
1771108710215,0.3519023060798645,-0.07666206359863281,0.4461249113082886,2
1771108710324,0.1104162335395813,-0.2101593017578125,-0.11628854274749756,2
1771108710449,-0.7723429203033447,-1.3326654434204102,0.46314799785614014,2
1771108710543,-0.4142051637172699,0.7774181365966797,0.7227611541748047,2
1771108710650,-0.10207056999206543,-0.19881725311279297,-0.7932950258255005,2
1771108710759,0.6849778890609741,0.4677867889404297,2.1715264320373535,2
1771108710858,0.8702753782272339,-1.8310823440551758,1.6135401725769043,2
1771108710966,-0.0050202906131744385,1.5977630615234375,0.3435695171356201,2
1771108711075,-0.3337209224700928,1.6119356155395508,-1.7238428592681885,2
1771108711200,-0.6317346096038818,-0.6146268844604492,-2.1207780838012695,2
1771108711300,0.6705245971679688,-1.3200416564941406,-1.7698748111724854,2
1771108711408,0.6115202307701111,0.21077919006347656,-0.19217455387115479,2
1771108711517,0.013214975595474243,0.3438119888305664,-0.337738037109375,2
1771108711625,0.023063957691192627,0.7440509796142578,-1.695834994316101,2
1771108711725,2.0940945148468018,1.8928680419921875,2.720341682434082,2
1771108711834,-0.7225497364997864,1.1075143814086914,1.3126137256622314,2
1771108711935,-1.219777226448059,0.17482662200927734,0.289919376373291,2
1771108712042,-0.31062567234039307,-0.23751258850097656,-1.9906057119369507,2
1771108712169,-0.6551987528800964,0.4292945861816406,-0.9916377067565918,2
1771108712276,-0.4613378643989563,0.23204803466796875,0.3810265064239502,2
1771108712385,0.4802132248878479,-0.2340526580810547,-1.343013048171997,2
1771108712492,0.13454139232635498,-0.051178932189941406,0.12598884105682373,2
1771108712606,-0.29991787672042847,-1.2873916625976562,-0.37895143032073975,2
1771108712710,0.6011114120483398,1.7871532440185547,0.9237815141677856,2
1771108712819,-0.5353826880455017,1.7931528091430664,-0.11714494228363037,2
1771108712926,-0.00673222541809082,-0.36727428436279297,0.3353879451751709,2
1771108713037,0.33976462483406067,-1.1110515594482422,1.2700051069259644,2
1771108713151,0.6488509178161621,-0.48836421966552734,1.1286633014678955,2
1771108713252,-0.023551106452941895,1.3205537796020508,-0.8930297493934631,2
1771108713361,0.7628319263458252,-0.8307666778564453,0.7784578800201416,2
1771108713469,0.6413201689720154,-0.5003414154052734,0.6542110443115234,2
1771108713577,0.591235339641571,-0.5761003494262695,1.5594794750213623,2
1771108713677,-0.07919511198997498,0.8603229522705078,0.7659074068069458,2
1771108713785,0.5795031785964966,-0.6142053604125977,-0.9902012944221497,2
1771108713893,-0.3464210331439972,1.0799551010131836,-0.6068774461746216,2
1771108714003,-1.275678038597107,-0.5138988494873047,-0.979550838470459,2
1771108714110,0.7179533243179321,-1.491708755493164,-0.019611597061157227,2
1771108714219,-0.21223580837249756,-0.1534280776977539,-0.6994718313217163,2
1771108714329,1.4575552940368652,-1.0019540786743164,2.5810465812683105,2
1771108714463,0.7301963567733765,-0.4990882873535156,0.6358742713928223,2
1771108714546,1.54141104221344,-0.879612922668457,1.0337837934494019,2
1771108714654,0.0672430694103241,0.1625499725341797,0.1271800994873047,2
1771108714753,-0.8381100296974182,-0.08064937591552734,-1.3895485401153564,2
1771108714861,0.0912206768989563,0.2098855972290039,-0.33048176765441895,2
1771108714970,-0.846913754940033,0.9430990219116211,-0.8737317323684692,2
1771108715078,-0.3644915521144867,-1.282052993774414,-0.8685872554779053,2
1771108715187,-0.9565901756286621,-0.16332054138183594,-0.5988075733184814,2
1771108715287,-0.11631506681442261,-0.289947509765625,0.3809809684753418,2
1771108715389,-0.8484840989112854,-1.0449953079223633,1.2180157899856567,2
1771108715495,0.6248299479484558,-0.9593982696533203,-0.21337580680847168,2
1771108715604,0.2595286965370178,1.5182695388793945,-2.748173713684082,2
1771108715704,-0.621863842010498,-1.8443584442138672,0.661067008972168,2
1771108715813,0.43464022874832153,-0.07292652130126953,1.1297539472579956,2
1771108715920,-0.4864501953125,-1.8952174186706543,-0.31307828426361084,2
1771108716030,0.17726391553878784,0.3463611602783203,-0.5414552688598633,2
1771108716187,-0.04247593879699707,-0.4797687530517578,0.09592556953430176,2
1771108716238,0.30181950330734253,-0.8837871551513672,-0.48857104778289795,2
1771108716345,-1.5847938060760498,-0.5244512557983398,-1.3834460973739624,2
1771108716495,0.9051376581192017,0.9844064712524414,-1.4866737127304077,2
1771108716555,-1.469032883644104,3.0112037658691406,-0.8496361970901489,2
1771108716654,-0.3543623983860016,-0.9899063110351562,1.6132557392120361,2
1771108716763,-0.05046433210372925,0.6856403350830078,-0.8036103248596191,2
1771108716863,0.30427294969558716,0.08382606506347656,-0.15966200828552246,2
1771108716972,-0.5596303343772888,-0.23366928100585938,-1.2293866872787476,2
1771108717080,0.3389836847782135,-0.49127197265625,-0.004336833953857422,2
1771108717193,0.7955037355422974,-0.9646501541137695,1.032372236251831,2
1771108717290,-0.03266555070877075,-0.0248870849609375,-1.5976383686065674,2
1771108717397,-0.06731319427490234,-0.5676202774047852,-0.034914493560791016,2
1771108717506,0.461003839969635,-0.5309524536132812,-0.1574842929840088,2
1771108717616,-0.4524351954460144,-1.2217531204223633,0.2711024284362793,2
1771108717722,1.0590405464172363,0.49909114837646484,1.586965799331665,2
1771108717831,0.3568156957626343,1.6102838516235352,-0.29658734798431396,2
1771108717942,-0.15096759796142578,-0.3025550842285156,0.2893857955932617,2
1771108718051,0.2036779522895813,-1.3435869216918945,-0.44931912422180176,2
1771108718174,-0.27374768257141113,-0.11610031127929688,-1.0708695650100708,2
1771108718281,-0.45134568214416504,0.2752208709716797,-0.5390127897262573,2
1771108718389,-0.5439059734344482,-0.16035175323486328,-2.8264660835266113,2
1771108718497,1.066758632659912,0.17076587677001953,0.38978469371795654,2
1771108718606,-0.09065824747085571,-1.149322509765625,-2.5715548992156982,2
1771108718707,-1.111549735069275,0.33206653594970703,-0.061917901039123535,2
1771108718814,-0.3945285677909851,0.13322734832763672,1.089450716972351,2
1771108718924,-0.659400224685669,-1.2213325500488281,0.3484663963317871,2
1771108719031,0.6150288581848145,0.7802772521972656,-0.6838068962097168,2
1771108719175,0.4490887522697449,-0.4673881530761719,0.0413668155670166,2
1771108719248,0.7000547051429749,1.1312828063964844,-1.3271750211715698,2
1771108719358,-1.0851936340332031,0.9302310943603516,1.0939840078353882,2
1771108719488,-0.8744637966156006,0.9781961441040039,0.9192948341369629,2
1771108719573,-0.8094391822814941,0.4022703170776367,-1.82415771484375,2
1771108719685,-0.5105600357055664,1.795863151550293,-2.3667144775390625,2
1771108719813,-0.6797438859939575,0.08438968658447266,-2.902365207672119,2
1771108719891,0.7632899880409241,-1.0511350631713867,1.170881748199463,2
1771108719998,0.03592514991760254,-0.5944786071777344,0.3260324001312256,2
1771108720112,0.11647295951843262,-0.04758167266845703,0.054882049560546875,2
1771108720217,0.6087628602981567,-0.830622673034668,2.0408592224121094,2
1771108720325,0.9998962879180908,-0.1903238296508789,1.750870704650879,2
1771108720432,-0.08426320552825928,0.41154003143310547,0.4837827682495117,2
1771108720540,-0.08976846933364868,0.1954050064086914,-0.47454655170440674,2
1771108720649,-0.38530319929122925,-2.3774547576904297,-1.2584956884384155,2
1771108720758,0.4564858078956604,0.21267127990722656,0.3403191566467285,2
1771108720867,-0.11647677421569824,0.6545248031616211,-1.8897488117218018,2
1771108720967,-1.0083253383636475,-0.6016273498535156,-0.2973778247833252,2
1771108721075,0.3897287845611572,-0.9385061264038086,0.20332932472229004,2
1771108721194,-0.16072118282318115,0.9331827163696289,-1.3497446775436401,2
1771108721300,-0.07409131526947021,-1.030379295349121,-1.4084482192993164,2
1771108721402,-0.858738362789154,1.8990449905395508,-2.807116985321045,2
1771108721511,-0.08192133903503418,-0.07353019714355469,0.06883502006530762,2
1771108721616,0.4449461102485657,-1.486912727355957,1.4995653629302979,2
1771108721725,-0.9536701440811157,1.3584489822387695,-1.9791553020477295,2
1771108721834,-0.029950082302093506,-0.4761028289794922,-1.7772542238235474,2
1771108721942,0.5841461420059204,0.9034185409545898,-0.12059521675109863,2
1771108722051,-0.909419059753418,1.8558473587036133,-1.0175368785858154,2
1771108722181,-0.8738053441047668,2.334315299987793,-1.8171260356903076,2
1771108722259,0.5784355998039246,1.2275590896606445,-1.4411475658416748,2
1771108722359,0.9864585995674133,-1.1366596221923828,1.5091230869293213,2
1771108722468,1.1267452239990234,-0.8322410583496094,1.138085126876831,2
1771108722576,-1.2120599746704102,1.7644166946411133,-1.5813922882080078,2
1771108722676,0.022696197032928467,-0.30415916442871094,1.0892791748046875,2
1771108722784,0.3583008646965027,0.4088115692138672,0.5739376544952393,2
1771108722893,0.3607768416404724,1.6625375747680664,-0.6937379837036133,2
1771108723005,-0.0706469714641571,-1.8741788864135742,0.1279280185699463,2
1771108723135,-0.9512696266174316,-0.34720802307128906,-1.7528338432312012,2
1771108723218,-0.5764950513839722,1.0712709426879883,-0.7473272085189819,2
1771108723327,0.2937813401222229,-1.157583236694336,-0.834658145904541,2
1771108723435,1.0906568765640259,1.1472578048706055,-0.49398326873779297,2
1771108723544,-0.04737061262130737,2.200542449951172,-1.2822983264923096,2
1771108723652,-0.3972204327583313,-0.16404151916503906,0.8660483360290527,2
1771108723760,-0.6735313534736633,-0.08457088470458984,1.3953518867492676,2
1771108723869,-0.28762492537498474,1.9036846160888672,-2.2781050205230713,2
1771108723977,1.2011570930480957,-0.8579092025756836,1.1933939456939697,2
1771108724116,-0.303364098072052,1.8181800842285156,-2.0553691387176514,2
1771108724193,-1.0115852355957031,1.807713508605957,-1.8800971508026123,2
1771108724302,0.05524623394012451,0.5113754272460938,-1.205688238143921,2
1771108724411,0.7795478701591492,-0.44418811798095703,1.6019313335418701,2
1771108724531,-0.2992261052131653,-1.5956439971923828,-0.7971642017364502,2
1771108724629,-0.5384369492530823,0.19977474212646484,-2.7665488719940186,2
1771108724735,1.2015351057052612,-0.31720447540283203,0.044213056564331055,2
1771108724846,-0.06340837478637695,1.5846080780029297,-0.7916245460510254,2
1771108724945,0.5715978145599365,-0.31525325775146484,-0.8348047733306885,2
1771108725053,-0.4154607057571411,-0.4018421173095703,-0.06223440170288086,2
1771108725181,1.1496474742889404,1.4486913681030273,-1.5571188926696777,2
1771108725286,0.5497536063194275,-1.3138399124145508,0.6722249984741211,2
1771108725397,-1.242027997970581,1.2339668273925781,-2.135359525680542,2
1771108725518,-0.43601059913635254,-1.0782251358032227,-0.6504418849945068,2
1771108725603,0.04402446746826172,1.498952865600586,-1.1576998233795166,2
1771108725714,0.016985297203063965,-1.5635766983032227,0.7729380130767822,2
1771108725820,0.22618359327316284,0.06876468658447266,-1.3922977447509766,2
1771108725929,-0.3305639624595642,1.0513734817504883,0.1990973949432373,2
1771108726030,-0.9609450697898865,-1.9737129211425781,-1.160382628440857,2
1771108726174,-0.9370394945144653,-0.9316778182983398,-2.005463123321533,2
1771108726237,-0.7165518999099731,-1.5208425521850586,-1.5227681398391724,2
1771108726348,0.5423951148986816,-0.3800535202026367,0.4523496627807617,2
1771108726454,-0.16208308935165405,2.8956451416015625,-1.5232300758361816,2
1771108726554,-1.116011142730713,-0.0053157806396484375,-0.10806405544281006,2
1771108726663,-0.6167287230491638,0.28821849822998047,-0.1630781888961792,2
1771108726771,0.010281860828399658,0.02804088592529297,-1.2405905723571777,2
1771108726879,0.32582205533981323,-1.6545591354370117,1.5164682865142822,2
1771108726987,0.09215188026428223,-0.3810386657714844,0.03025650978088379,2
1771108727100,0.2292708158493042,2.7261171340942383,1.1596431732177734,2
1771108727207,-1.0421608686447144,0.04794120788574219,-2.783700466156006,2
1771108727313,-0.0960695743560791,-1.0287303924560547,1.9142165184020996,2
1771108727421,-0.3889651894569397,1.044412612915039,-0.32531189918518066,2
1771108727523,0.5937559604644775,-1.0037527084350586,0.9026048183441162,2
1771108727630,0.21117430925369263,1.3383731842041016,-1.807397484779358,2
1771108727738,-1.1390334367752075,0.23032760620117188,-1.909733533859253,2
1771108727847,-0.1928260624408722,-1.8210062980651855,0.006149888038635254,2
1771108727947,-0.6389857530593872,1.3884849548339844,-0.10080087184906006,2
1771108728055,0.30830878019332886,-0.01241302490234375,0.6201268434524536,2
1771108728170,-0.03243511915206909,-1.5065994262695312,0.3566654920578003,2
1771108728273,-0.40611836314201355,0.6964597702026367,-0.9160714149475098,2
1771108728381,-0.1500217616558075,0.23925304412841797,-0.046630144119262695,2
1771108728490,-0.1184646487236023,-1.1877431869506836,1.112375020980835,2
1771108728597,-0.21953290700912476,0.05648517608642578,1.367332935333252,2
1771108728706,-0.6228335499763489,0.2485065460205078,-2.1671907901763916,2
1771108728815,0.17645961046218872,-0.6589565277099609,1.397194504737854,2
1771108728925,0.29785653948783875,1.0284976959228516,0.09459102153778076,2
1771108729025,0.44305017590522766,-0.3872823715209961,0.6281330585479736,2
1771108729149,0.7067313194274902,-0.2086162567138672,0.10476624965667725,2
1771108729231,0.10388609766960144,0.3398904800415039,-2.143254280090332,2
1771108729339,-0.715927004814148,-1.3192253112792969,-0.702700138092041,2
1771108729442,-1.554526686668396,-0.2049102783203125,-0.9876575469970703,2
1771108729549,-1.347640872001648,1.1516914367675781,-0.3045269250869751,2
1771108729656,0.38545820116996765,0.30951404571533203,-0.10947000980377197,2
1771108729764,-0.2537286877632141,0.7462406158447266,0.5283609628677368,2
1771108729865,-0.7676596641540527,-0.5248613357543945,1.5342707633972168,2
1771108729974,-1.1678967475891113,0.6092395782470703,-1.9727535247802734,2
1771108730083,1.0246516466140747,1.1870813369750977,-2.1721134185791016,2
1771108730223,-0.45559990406036377,-0.8811397552490234,-0.7023519277572632,2
1771108730290,-0.5871983766555786,-0.7249889373779297,-0.29843950271606445,2
1771108730391,0.7560491561889648,0.6166753768920898,0.17158126831054688,2
1771108730500,-0.5925111174583435,-1.4585494995117188,1.8292312622070312,2
1771108730607,0.21297168731689453,-0.06457233428955078,0.5080822706222534,2
1771108730716,-0.4612583518028259,-0.4507608413696289,-0.29921746253967285,2
1771108730816,0.7322051525115967,-0.19248390197753906,1.4163388013839722,2
1771108730926,1.1973397731781006,1.0844650268554688,-0.25468289852142334,2
1771108731034,1.180046558380127,-0.11089515686035156,0.17086732387542725,2
1771108731149,0.20119085907936096,-0.605377197265625,-0.1371694803237915,2
1771108731251,1.0791090726852417,-1.4601917266845703,0.9273161888122559,2
1771108731358,0.5507444143295288,-0.40401458740234375,1.6492477655410767,2
1771108731467,0.6919958591461182,1.287613868713379,0.4058007001876831,2
1771108731567,0.2328794300556183,0.5003328323364258,-0.23756873607635498,2
1771108731676,-0.29508957266807556,-0.21442508697509766,-1.1786102056503296,2
1771108731786,-0.6528089046478271,0.2547769546508789,-0.0752556324005127,2
1771108731892,1.6255624294281006,-0.6858901977539062,2.749272584915161,2
1771108731992,0.6693170666694641,0.9712247848510742,-0.5438227653503418,2
1771108732157,0.26647016406059265,-0.9424295425415039,2.2547504901885986,2
1771108732209,-0.11401703953742981,-0.2516288757324219,-1.1819809675216675,2
1771108732310,-0.38514918088912964,0.5041255950927734,0.7108973264694214,2
1771108732418,-0.34163200855255127,-0.9150590896606445,-0.7959959506988525,2
1771108732547,0.2840428352355957,0.3654327392578125,2.0373973846435547,2
1771108732634,0.06770545244216919,1.8575220108032227,1.8584213256835938,2
1771108732735,-0.07662802934646606,-0.1119070053100586,1.2378442287445068,2
1771108732843,0.5814149379730225,1.203446388244629,1.183039665222168,2
1771108732951,-0.10313807427883148,0.9562778472900391,1.0295606851577759,2
1771108733060,-0.696399986743927,-1.0761728286743164,1.868786334991455,2
1771108733182,-0.20799146592617035,-0.6679306030273438,0.9908618927001953,2
1771108733269,0.287322074174881,2.1137428283691406,-0.15929484367370605,2
1771108733370,0.3163898289203644,-1.3433656692504883,1.640181064605713,2
1771108733477,0.39004918932914734,0.3738117218017578,-0.9949569702148438,2
1771108733577,-0.5680121183395386,-0.5130672454833984,-0.5522418022155762,2
1771108733685,0.18383759260177612,-1.586517333984375,-0.8877524137496948,2
1771108733793,0.3836207687854767,1.0328636169433594,-1.3130804300308228,2
1771108733902,-0.3320159912109375,0.19497203826904297,0.5484902858734131,2
1771108734011,0.33609339594841003,-1.6412324905395508,1.111881971359253,2
1771108734137,0.976300835609436,-0.3789482116699219,1.9064879417419434,2
1771108734219,-0.5129233002662659,1.2259531021118164,-1.409102439880371,2
1771108734327,0.3086634576320648,0.06057453155517578,1.47831130027771,2
1771108734436,-0.5853334665298462,2.1799230575561523,-0.9459795951843262,2
1771108734559,0.6217420101165771,1.4447078704833984,-2.2288851737976074,2
1771108734653,0.028813183307647705,-0.8821125030517578,0.33023691177368164,2
1771108734761,0.3630162477493286,0.32661914825439453,-0.909530758857727,2
1771108734869,-0.4883282780647278,1.2900762557983398,-0.382584810256958,2
1771108734970,-0.529477059841156,-1.3573150634765625,-1.9980735778808594,2
1771108735078,0.5987917184829712,0.9615497589111328,-1.0086103677749634,2
1771108735195,-0.29420262575149536,-2.1161670684814453,-0.8638681173324585,2
1771108735307,-0.5010530352592468,1.477396011352539,-1.9057432413101196,2
1771108735412,-0.184545636177063,-1.7109031677246094,-1.5521444082260132,2
1771108735521,-0.32402586936950684,0.7402534484863281,-2.4936466217041016,2
1771108735630,-1.00226891040802,1.0696468353271484,-2.7641777992248535,2
1771108735729,0.5182079076766968,-1.2584075927734375,1.3540536165237427,2
1771108735837,-0.8323464393615723,1.1079778671264648,-2.8827826976776123,2
1771108735937,-0.3703603446483612,-0.7573862075805664,0.7746844291687012,2
1771108736039,0.17507100105285645,-1.4253387451171875,1.4983634948730469,2
1771108736165,0.7062374353408813,-1.0345611572265625,1.8202111721038818,2
1771108736246,0.3540509343147278,0.17215442657470703,0.8709709644317627,2
1771108736355,0.9568657875061035,-1.2833366394042969,1.6379122734069824,2
1771108736463,1.2186856269836426,1.9252872467041016,1.2128586769104004,2
1771108736565,0.738381564617157,0.0891561508178711,3.069316864013672,2
1771108736673,1.031360387802124,-0.3209209442138672,2.7372474670410156,2
1771108736772,-0.16003042459487915,1.8545141220092773,-0.2687002420425415,2
1771108736882,0.7438881397247314,0.3615083694458008,2.2821311950683594,2
1771108736981,0.38505375385284424,-0.5058107376098633,1.7751632928848267,2
1771108737088,-1.5706171989440918,0.8702535629272461,-2.6016135215759277,2
1771108737206,0.36731696128845215,-1.944223403930664,0.7632877826690674,2
1771108737306,-0.7198368906974792,-1.371912956237793,0.4883444309234619,2
1771108737414,-0.2239077091217041,0.8420801162719727,-2.0973615646362305,2
1771108737523,-0.5757784247398376,1.240351676940918,1.44423246383667,2
1771108737623,-0.8465136289596558,-1.657461166381836,0.34033751487731934,2
1771108737730,-0.48323529958724976,1.6220121383666992,-1.469772458076477,2
1771108737840,-1.7281265258789062,0.21500110626220703,-2.215472936630249,2
1771108737949,-0.2982461452484131,-0.24080467224121094,1.361894130706787,2
1771108738057,-0.5549267530441284,-1.193434715270996,1.359898567199707,2
1771108738158,0.7799302339553833,0.7460603713989258,1.0187573432922363,2
1771108738265,-0.05977614223957062,-1.0467109680175781,-0.257082462310791,2
1771108738377,0.28832513093948364,1.3359203338623047,-1.997110366821289,2
1771108738481,0.7812875509262085,1.462843894958496,0.10910749435424805,2
1771108738584,0.6004783511161804,-0.45322322845458984,1.3562936782836914,2
1771108738690,0.5020507574081421,-1.1614809036254883,0.9532120227813721,2
1771108738798,0.008006583899259567,0.6328573226928711,-1.1207339763641357,2
1771108738906,-0.8003579378128052,2.157404899597168,-1.9449845552444458,2
1771108739007,-0.33953946828842163,-2.0233497619628906,-0.048096656799316406,2
1771108739169,0.718425452709198,1.3021135330200195,-0.9176003932952881,2
1771108739224,-0.49527931213378906,1.7475805282592773,0.646068811416626,2
1771108739332,-0.2193112075328827,-0.8422183990478516,-1.7063841819763184,2
1771108739440,0.3527006208896637,-1.261368751525879,1.154557704925537,2
1771108739571,1.2830320596694946,-1.5044641494750977,1.4003088474273682,2
1771108739649,-0.0008594989776611328,0.8215160369873047,-1.7217085361480713,2
1771108739758,-0.0854591429233551,-1.8003954887390137,-0.852400541305542,2
1771108739867,1.0894352197647095,0.8171663284301758,2.7479753494262695,2
1771108739975,-0.08351697027683258,1.8248910903930664,-0.39510321617126465,2
1771108740123,-0.08211556077003479,-1.674330711364746,0.005133628845214844,2
1771108740183,0.4324316680431366,-1.0129213333129883,0.4449906349182129,2
1771108740292,0.20560882985591888,1.9757070541381836,-2.352415084838867,2
1771108740400,-0.2510654330253601,0.8092880249023438,-3.0965301990509033,2
1771108740509,0.40850985050201416,-1.578719139099121,-1.3026514053344727,2
1771108740617,0.5255813598632812,-0.33506107330322266,0.9971548318862915,2
1771108740717,1.2760781049728394,0.9965572357177734,0.18471276760101318,2
1771108740826,0.975933313369751,-0.9481801986694336,4.066588878631592,2
1771108740936,0.9599432349205017,-1.8650035858154297,1.2546231746673584,2
1771108741043,-1.0618234872817993,-0.6941852569580078,0.45676708221435547,2
1771108741164,-0.0775783360004425,0.10860347747802734,-1.4208852052688599,2
1771108741251,0.7732021808624268,0.25490856170654297,2.535910129547119,2
1771108741359,1.4396746158599854,-0.5358428955078125,2.083348274230957,2
1771108741468,0.3112414479255676,1.9265661239624023,1.9163306951522827,2
1771108741578,0.3449265956878662,-0.2251873016357422,1.3917648792266846,2
1771108741684,0.3977240025997162,-2.0943031311035156,-0.29448413848876953,2
1771108741793,0.3151330053806305,-0.2695045471191406,2.121108055114746,2
1771108741901,0.7982749342918396,0.622589111328125,-0.9162918329238892,2
1771108742011,-0.8696157336235046,1.4623432159423828,-1.9710659980773926,2
1771108742150,-0.026796579360961914,-0.09467220306396484,-2.0190935134887695,2
1771108742219,0.1936904639005661,-1.0376567840576172,0.31736302375793457,2
1771108742328,0.18644759058952332,1.4044103622436523,-0.5068684816360474,2
1771108742436,0.036734968423843384,0.7104101181030273,-0.29967665672302246,2
1771108742596,0.13150545954704285,-0.035790443420410156,-0.1759932041168213,2
1771108742646,-0.21365663409233093,0.5297231674194336,-2.396237373352051,2
1771108742752,-0.1045713871717453,1.2744941711425781,-1.1783033609390259,2
1771108742861,-0.14067977666854858,-1.580775260925293,0.5914223194122314,2
1771108742971,0.055533915758132935,-1.4495830535888672,1.2772308588027954,2
1771108743069,-0.5537621378898621,0.2736339569091797,-1.4728528261184692,2
1771108743182,0.6563321352005005,-1.4761991500854492,2.3200485706329346,2
1771108743285,-0.11856402456760406,-0.9008312225341797,-0.2878711223602295,2
1771108743395,-0.8362571001052856,-1.176492691040039,0.34227705001831055,2
1771108743502,-0.4682702422142029,0.6782779693603516,-1.9588918685913086,2
1771108743604,0.2516377866268158,0.4132232666015625,-0.27141666412353516,2
1771108743711,-0.4765428900718689,-0.7667255401611328,0.5636770725250244,2
1771108743814,0.019561469554901123,0.733302116394043,-1.8334052562713623,2
1771108743919,-0.21301722526550293,1.1879396438598633,-0.49003124237060547,2
1771108744028,-0.08786952495574951,0.2523326873779297,-2.121422052383423,2
1771108744147,-0.3103482723236084,-0.9722862243652344,-0.49217939376831055,2
1771108744245,0.629773736000061,0.07559871673583984,-0.8224851489067078,2
1771108744353,0.2682563066482544,1.763056755065918,0.4996073246002197,2
1771108744462,-0.016913801431655884,1.4809818267822266,-1.3226168155670166,2
1771108744587,0.04337015748023987,2.0384435653686523,0.19668495655059814,2
1771108744679,0.013136744499206543,-1.8991022109985352,1.0132776498794556,2
1771108744789,0.8541258573532104,1.5540170669555664,1.1337180137634277,2
1771108744895,0.2920738458633423,0.5279445648193359,-2.0728611946105957,2
1771108744997,0.2779642641544342,-1.6017255783081055,0.14362919330596924,2
1771108745148,0.016476213932037354,1.9046001434326172,0.6488778591156006,2
1771108745212,0.3925707936286926,1.6675643920898438,-0.6742233037948608,2
1771108745321,0.5266768336296082,0.30217456817626953,2.453150510787964,2
1771108745421,-0.2611565887928009,0.6427249908447266,3.267134666442871,2
1771108745531,-0.11057600378990173,0.5577888488769531,-2.4511005878448486,2
1771108745637,-0.4395570158958435,2.2267026901245117,-1.4665595293045044,2
1771108745738,-0.1882954090833664,-2.000349521636963,-0.2410351037979126,2
1771108745847,-0.9824519157409668,-1.592813491821289,1.5282869338989258,2
1771108745955,0.8138436675071716,1.6594791412353516,0.819892406463623,2
1771108746055,0.8656141757965088,-0.09619617462158203,2.0568771362304688,2
1771108746165,-0.48729002475738525,-0.7591848373413086,1.0292754173278809,2
1771108746272,0.15728405117988586,-1.3723421096801758,-2.297189235687256,2
1771108746372,-0.42403537034988403,0.6891441345214844,-2.711738348007202,2
1771108746480,-0.7076272964477539,-2.076801300048828,-0.9186549186706543,2
1771108746603,0.275465726852417,-0.05487537384033203,0.2839064598083496,2
1771108746698,0.6118648648262024,0.14191913604736328,-0.9514944553375244,2
1771108746805,-0.11333048343658447,1.724400520324707,-0.7488477230072021,2
1771108746915,-1.018598198890686,-1.5873756408691406,-1.3665540218353271,2
1771108747022,1.0341049432754517,-0.9942436218261719,2.0454635620117188,2
1771108747168,-0.03360182046890259,-1.1086311340332031,2.048246145248413,2
1771108747239,-0.1097671389579773,1.9612722396850586,0.37578821182250977,2
1771108747349,-0.576651930809021,-2.088625907897949,-0.7162506580352783,2
1771108747448,-0.5745996832847595,0.3108186721801758,-2.0644564628601074,2
1771108747556,0.1781511902809143,-0.19860172271728516,-0.17147493362426758,2
1771108747664,-0.4082939326763153,-0.5833740234375,0.7406225204467773,2
1771108747774,-0.40335118770599365,-0.4217567443847656,-0.3075072765350342,2
1771108747883,-0.36196330189704895,2.0497922897338867,-1.651975154876709,2
1771108747990,-0.3270717263221741,-1.5148296356201172,-0.9781662225723267,2
1771108748091,0.3540034294128418,1.219161033630371,-0.9590885639190674,2
1771108748199,-0.6524466276168823,1.6998481750488281,-2.690377712249756,2
1771108748307,-1.192959189414978,-1.4547243118286133,0.11611557006835938,2
1771108748407,-0.3095824718475342,0.23975563049316406,-0.9804860353469849,2
1771108748515,-0.41102921962738037,1.4620532989501953,-1.175878882408142,2
1771108748624,-0.317444384098053,-1.434342384338379,1.1770076751708984,2
1771108748724,-0.7828445434570312,-0.6291446685791016,0.8981451988220215,2
1771108748832,-0.5547940731048584,0.41718196868896484,-1.4338037967681885,2
1771108748941,-0.44152718782424927,-1.8193674087524414,3.093614101409912,2
1771108749041,0.2513774633407593,1.6665096282958984,-1.0059171915054321,2
1771108749142,-0.5722224712371826,0.36255836486816406,-1.5298107862472534,2
1771108749250,0.21186748147010803,-1.077606201171875,-0.8424546718597412,2
1771108749357,-1.0137596130371094,1.2128381729125977,-2.0788798332214355,2
1771108749467,-0.12966808676719666,1.1030855178833008,-1.8250274658203125,2
1771108749603,-0.13719694316387177,-0.04296588897705078,-3.1272919178009033,2
1771108749683,-0.0928591787815094,-1.876490592956543,0.09508299827575684,2
1771108749784,0.8125486969947815,0.9336605072021484,-1.0043730735778809,2
1771108749886,-0.20434428751468658,-2.3076682090759277,-0.9090088605880737,2
1771108749992,-0.016835272312164307,0.5379295349121094,0.1770937442779541,2
1771108750092,-0.09748271107673645,-0.724273681640625,-3.951032876968384,2
1771108750201,0.5094618797302246,-1.3912582397460938,1.8855977058410645,2
1771108750308,0.41885507106781006,-0.5364961624145508,2.6904666423797607,2
1771108750418,0.5779429078102112,2.7653732299804688,0.10198688507080078,2
1771108750521,-0.8261398077011108,-0.48978614807128906,0.664600133895874,2
1771108750618,-0.420655757188797,0.6811161041259766,-1.6285698413848877,2
1771108750725,-0.5035279393196106,2.8109073638916016,-0.12462592124938965,2
1771108750834,-0.9023803472518921,-1.2518749237060547,0.21393704414367676,2
1771108750941,0.08423322439193726,-1.7098851203918457,0.051050662994384766,2
1771108751043,-0.048449963331222534,1.7997827529907227,-2.4108588695526123,2
1771108751155,-0.6358364820480347,1.4137401580810547,-1.0518689155578613,2
1771108751252,0.15718285739421844,-1.299778938293457,0.3451530933380127,2
1771108751359,-0.007450565695762634,0.015007972717285156,-2.4947142601013184,2
1771108751468,-0.6771300435066223,2.146792411804199,-0.36921465396881104,2
1771108751578,-0.573984682559967,-0.17368507385253906,1.6942167282104492,2
1771108751686,0.04089169204235077,-2.7760276794433594,0.19946980476379395,2
1771108751794,0.04078452289104462,0.22350025177001953,-2.6680760383605957,2
1771108751901,0.4289104640483856,2.035712242126465,-0.49567675590515137,2
1771108752010,-1.043074131011963,0.17244243621826172,0.25397610664367676,2
1771108752118,0.10934677720069885,-2.2327442169189453,0.7780649662017822,2
1771108752231,-0.8779122829437256,0.685546875,-2.7770557403564453,2
1771108752335,0.07339848577976227,2.5916786193847656,-0.39616847038269043,2
1771108752444,-0.8863818645477295,-0.03324699401855469,-0.14382386207580566,2
1771108752545,-0.23682260513305664,-1.5123710632324219,-0.05596661567687988,2
1771108752654,-0.4682394862174988,0.44059276580810547,-0.8197066783905029,2
1771108752761,0.02266836166381836,2.047496795654297,-3.344886064529419,2
1771108752869,0.43926122784614563,-0.7586669921875,1.0865342617034912,2
1771108752978,0.42337894439697266,-0.914402961730957,1.230729103088379,2
1771108753086,0.4062845706939697,-0.24454498291015625,-0.2928202152252197,2
1771108753193,-1.002684473991394,-0.5992908477783203,-1.3216068744659424,2
1771108753294,0.0525454618036747,-0.11269187927246094,0.3031270503997803,2
1771108753403,-0.2066996991634369,-0.2847137451171875,-1.4918575286865234,2
1771108753506,0.12820108234882355,1.4776077270507812,0.7285094261169434,2
1771108753633,0.2733948528766632,2.537569999694824,-2.8716561794281006,2
1771108753711,-0.512600839138031,0.7193737030029297,-1.3607072830200195,2
1771108753820,-0.32403892278671265,2.03549861907959,-0.09439873695373535,2
1771108753928,-0.05890867859125137,1.1990509033203125,-0.5524744987487793,2
1771108754037,-1.2305241823196411,-0.4923744201660156,-1.0175877809524536,2
1771108754181,-0.8488363027572632,1.4011316299438477,-1.333897352218628,2
1771108754253,-0.2468166947364807,0.5055751800537109,-2.099757671356201,2
1771108754362,-0.2857382595539093,0.12807369232177734,1.708427906036377,2
1771108754470,-0.4109668731689453,1.5706748962402344,-0.752526044845581,2
1771108754578,0.851169764995575,-1.1513853073120117,2.068850040435791,2
1771108754680,-0.5443429946899414,0.9128808975219727,-0.930396556854248,2
1771108754788,-1.3339004516601562,1.3234939575195312,-0.7702293395996094,2
1771108754896,1.600537896156311,-0.07257270812988281,2.2238125801086426,2
1771108755004,0.7663559317588806,1.5027685165405273,0.9324712753295898,2
1771108755130,0.6009104251861572,-1.073531150817871,0.5812902450561523,2
1771108755223,0.4361957609653473,0.524287223815918,1.1299872398376465,2
1771108755329,0.3008626699447632,-0.1790008544921875,0.15999984741210938,2
1771108755438,-0.3349013924598694,1.7986936569213867,-1.8989230394363403,2
1771108755539,-0.7578978538513184,-1.0901727676391602,-1.9357855319976807,2
1771108755647,0.39537620544433594,-0.5841550827026367,1.339477300643921,2
1771108755755,0.637018084526062,-0.05768013000488281,-0.3698132038116455,2
1771108755856,-0.5238891839981079,0.4680967330932617,-0.18567943572998047,2
1771108755964,0.28933486342430115,-0.7649869918823242,1.7800946235656738,2
1771108756072,1.1861927509307861,0.09253692626953125,3.904313564300537,2
1771108756180,-1.0703065395355225,0.46921825408935547,-0.7577195167541504,2
1771108756280,1.6678483486175537,-0.7969093322753906,0.8254444599151611,2
1771108756388,-1.1081335544586182,-0.5174140930175781,0.4668879508972168,2
1771108756489,-0.917292058467865,2.261465072631836,-2.3751888275146484,2
1771108756632,-0.32624009251594543,-0.9202404022216797,0.6970179080963135,2
1771108756699,0.5134679675102234,-0.7177238464355469,0.9737825393676758,2
1771108756806,-0.48849165439605713,1.0471229553222656,0.14282655715942383,2
1771108756915,0.461249440908432,1.2266855239868164,0.4855940341949463,2
1771108757023,-0.4931560456752777,-1.539548397064209,-0.8977534770965576,2
1771108757193,0.07714107632637024,-0.9443988800048828,-0.920656681060791,2
1771108757231,0.07847891747951508,1.2664213180541992,0.7376270294189453,2
1771108757334,0.7233912944793701,-1.402688980102539,0.7279975414276123,2
1771108757442,0.3276301920413971,1.1090755462646484,2.6587414741516113,2
1771108757550,0.012150079011917114,0.858128547668457,-0.296389102935791,2
1771108757656,0.2621716260910034,-1.246932029724121,0.12878799438476562,2
1771108757766,-0.12106877565383911,-0.8167095184326172,-1.4955971240997314,2
1771108757875,1.0953640937805176,-1.0130987167358398,1.934455156326294,2
1771108757983,-1.2928880453109741,-1.066904067993164,-1.033332109451294,2
1771108758148,-1.8086755275726318,-0.7324514389038086,-1.449228286743164,2
1771108758199,-0.8233794569969177,2.377117156982422,-1.1071592569351196,2
1771108758307,0.9248409271240234,-0.5465974807739258,1.2432360649108887,2
1771108758408,-0.24935217201709747,-1.446047306060791,-0.49951815605163574,2
1771108758516,0.6133077144622803,0.1823720932006836,0.47223830223083496,2
1771108758631,-1.1236927509307861,1.6393022537231445,-0.607431173324585,2
1771108758733,-0.0012787580490112305,0.5679855346679688,0.15674662590026855,2
1771108758842,-0.04336591064929962,-0.6240358352661133,0.7412679195404053,2
1771108758950,-0.5248407125473022,0.05262184143066406,-0.30907177925109863,2
1771108759057,0.5345642566680908,-0.6210145950317383,-0.22202229499816895,2
1771108759175,-0.6651671528816223,0.03442859649658203,-1.8285223245620728,2
1771108759283,0.3495466709136963,-0.8035030364990234,-0.18273377418518066,2
1771108759391,-0.6357524991035461,0.5613718032836914,-1.2343796491622925,2
1771108759493,-0.2801574468612671,-0.5531606674194336,-0.9350218772888184,2
1771108759593,0.4694635272026062,0.49451255798339844,-0.14588522911071777,2
1771108759701,-1.0698758363723755,-2.170745849609375,-1.5954570770263672,2
1771108759811,-0.44371503591537476,-0.9333477020263672,-0.10754561424255371,2
1771108759917,0.29652661085128784,-0.0915975570678711,0.1036977767944336,2
1771108760018,-0.6715315580368042,-0.9016647338867188,-0.4224262237548828,2
1771108760150,-0.7010331749916077,-0.9472122192382812,-1.0892400741577148,2
1771108760235,-0.15035085380077362,1.0221405029296875,-1.1566269397735596,2
1771108760336,-0.5142075419425964,-1.429631233215332,0.8271565437316895,2
1771108760443,-0.3359193205833435,-0.5676069259643555,0.6570770740509033,2
1771108760552,-0.5807530283927917,0.2239551544189453,-0.8250842094421387,2
1771108760651,0.31424379348754883,1.743851661682129,2.06044602394104,2
1771108760760,0.15283697843551636,-0.5719146728515625,-2.5042715072631836,2
1771108760869,-0.4569067656993866,1.1592674255371094,2.999368190765381,2
1771108760976,0.3470155596733093,-0.21273422241210938,0.25850844383239746,2
1771108761084,-0.5779025554656982,-0.6587953567504883,-0.7811341285705566,2
1771108761188,-0.32851114869117737,-0.920323371887207,-0.615707278251648,2
1771108761293,0.3919525444507599,0.43747520446777344,-1.749565601348877,2
1771108761403,0.73308265209198,-0.9300050735473633,0.1974809169769287,2
1771108761503,0.1335042417049408,-0.09436321258544922,1.2798500061035156,2
1771108761609,0.678593635559082,-0.1822671890258789,1.5352320671081543,2
1771108761718,-1.0576155185699463,-0.3070383071899414,1.4452204704284668,2
1771108761820,0.930389940738678,1.4425764083862305,-0.17227554321289062,2
1771108761927,0.6489756107330322,0.6908998489379883,1.2664189338684082,2
1771108762035,-0.3889392018318176,-0.7151975631713867,2.8869760036468506,2
1771108762149,0.9733530879020691,-2.025944232940674,-0.6214388608932495,2
1771108762253,0.2019294947385788,1.001150131225586,-0.19372224807739258,2
1771108762362,0.30481696128845215,-1.2104015350341797,0.07526659965515137,2
1771108762470,1.5190318822860718,-0.17105960845947266,1.3752415180206299,2
1771108762570,0.08240465819835663,1.0626821517944336,-0.27481937408447266,2
1771108762679,-0.5640144348144531,-0.3869590759277344,-0.9777704477310181,2
1771108762788,0.3121015429496765,1.1534414291381836,-0.03792691230773926,2
1771108762895,0.7336927056312561,0.9778385162353516,-0.4371218681335449,2
1771108763003,-0.6811673641204834,-0.7677593231201172,-0.5988926887512207,2
1771108763104,-0.24343089759349823,0.50189208984375,-0.7866404056549072,2
1771108763217,-0.917887806892395,0.9026613235473633,-0.26068687438964844,2
1771108763320,0.2245592325925827,-0.342926025390625,0.025295734405517578,2
1771108763424,1.126757264137268,-1.6040587425231934,1.9302527904510498,2
1771108763529,0.010892421938478947,-0.8985080718994141,0.8539667129516602,2
1771108763649,1.0615626573562622,-0.3246603012084961,1.058912754058838,2
1771108763738,0.797078549861908,0.5139436721801758,-0.49927830696105957,2
1771108763849,-0.6136468052864075,1.312088966369629,-0.7786815166473389,2
1771108763950,0.3027992248535156,-0.3406410217285156,-0.22664499282836914,2
1771108764057,0.4424372613430023,0.8785877227783203,0.7843377590179443,2
1771108764165,1.1122074127197266,0.9021873474121094,2.3768057823181152,2
1771108764272,0.32787656784057617,-1.334756851196289,2.5214240550994873,2
1771108764379,0.2595299482345581,-0.2262420654296875,0.35207033157348633,2
1771108764516,0.47427406907081604,-0.16822338104248047,0.1031954288482666,2
1771108764589,0.0780337005853653,-1.9102721214294434,1.1230227947235107,2
1771108764698,0.7523210644721985,-0.8492870330810547,-0.5981001853942871,2
1771108764807,-0.808091402053833,2.357982635498047,-1.0736502408981323,2
1771108764915,-0.019904162734746933,-0.7546586990356445,-0.37094974517822266,2
1771108765015,0.27999386191368103,0.8542928695678711,-1.0312628746032715,2
1771108765133,-0.05811861902475357,1.5571184158325195,-1.8552438020706177,2
1771108765224,-0.8138161301612854,-1.6695013046264648,-0.662898063659668,2
1771108765332,1.3202685117721558,1.474289894104004,0.5007710456848145,2
1771108765439,-1.569057822227478,1.9535398483276367,-1.0371959209442139,2
1771108765547,-0.46653762459754944,-1.137211799621582,-0.1641826629638672,2
1771108765664,-1.1373592615127563,-1.5968718528747559,-1.056962490081787,2
1771108765765,-0.2125813513994217,1.2562904357910156,-0.0431058406829834,2
1771108765872,0.7431524991989136,-0.5709390640258789,1.19996976852417,2
1771108765983,0.5197772979736328,0.33284473419189453,1.5934019088745117,2
1771108766081,0.03576432913541794,2.048177719116211,-0.9912419319152832,2
1771108766206,0.3610568642616272,-0.4817180633544922,0.15444064140319824,2
1771108766306,0.4590987265110016,-0.8320207595825195,0.8229680061340332,2
1771108766414,1.0507433414459229,-0.4831838607788086,1.554086685180664,2
1771108766515,-1.0213720798492432,1.6546802520751953,-2.4632771015167236,2
1771108766623,0.24409063160419464,-1.409677505493164,2.160806179046631,2
1771108766732,0.4574555456638336,0.4984750747680664,0.9600849151611328,2
1771108766841,-0.10292875021696091,1.9163665771484375,-0.2637901306152344,2
1771108766940,0.541833221912384,-0.2717266082763672,1.3280179500579834,2
1771108767044,0.28687024116516113,1.0938453674316406,-0.19778108596801758,2
1771108767176,0.11930620670318604,0.729156494140625,-0.5354609489440918,2
1771108767259,0.29412662982940674,-0.13231945037841797,1.482142448425293,2
1771108767359,0.2686136066913605,1.547464370727539,-0.6033077239990234,2
1771108767466,0.09196348488330841,-1.5730047225952148,1.2903716564178467,2
1771108767567,0.11566805839538574,-0.10711860656738281,-0.22318005561828613,2
1771108767668,0.0739002674818039,1.1384620666503906,-1.9509752988815308,2
1771108767774,-0.9371703267097473,0.004150390625,1.2410566806793213,2
1771108767883,0.5692511200904846,-0.4963407516479492,1.0879981517791748,2
1771108767984,-0.128860205411911,0.8775272369384766,-2.142096519470215,2
1771108768097,-0.11781363189220428,-2.761897087097168,0.992988109588623,2
1771108768212,0.48864829540252686,-0.4852437973022461,1.1960477828979492,2
1771108768317,0.7748441696166992,1.0277175903320312,-1.1449438333511353,2
1771108768417,0.29248857498168945,2.060972213745117,1.6860754489898682,2
1771108768526,-0.35053110122680664,2.0039730072021484,-0.6527833938598633,2
1771108768679,-0.708807110786438,0.7395315170288086,-0.4211738109588623,2
1771108768742,-0.828128457069397,-1.3070640563964844,-0.6031830310821533,2
1771108768842,-0.06247587502002716,-1.857778549194336,-0.45047497749328613,2
1771108768952,0.7154062390327454,0.6535587310791016,-0.9501832723617554,2
1771108769064,-0.8098351955413818,0.9471874237060547,-1.6585206985473633,2
1771108769168,-0.10542483627796173,-0.20074748992919922,0.19318222999572754,2
1771108769269,0.3604061007499695,-0.5440139770507812,0.12476730346679688,2
1771108769376,0.13444966077804565,1.0143117904663086,-1.3280822038650513,2
1771108769484,0.4148637354373932,-1.1542749404907227,2.3306846618652344,2
1771108769595,0.3726469874382019,0.3256340026855469,0.022238969802856445,2
1771108769701,0.178950235247612,1.974104881286621,-0.6787981986999512,2
1771108769809,-0.156942680478096,1.8362598419189453,1.0532031059265137,2
1771108769918,-0.6364773511886597,-2.791555404663086,0.33138537406921387,2
1771108770027,0.6167958378791809,1.8882389068603516,-0.5611498355865479,2
1771108770194,-0.033377259969711304,-0.42958927154541016,-1.1138420104980469,2
1771108770245,-0.3611578643321991,-1.8691396713256836,-0.17616868019104004,2
1771108770353,-0.5228405594825745,1.35943603515625,-1.3939502239227295,2
1771108770460,0.49786198139190674,2.0954713821411133,-1.2642178535461426,2
1771108770571,0.3497193157672882,-0.9227638244628906,1.7707772254943848,2
1771108770671,0.12242595851421356,2.052593231201172,-0.8323190212249756,2
1771108770779,1.0630004405975342,1.7933998107910156,-0.09104752540588379,2
1771108770886,-0.5588878393173218,0.20750045776367188,0.3056654930114746,2
1771108770987,0.035172536969184875,-1.596461296081543,1.897789478302002,2
1771108771095,0.4424445331096649,2.020045280456543,0.14104080200195312,2
1771108771223,-0.40857231616973877,1.2572946548461914,1.59466552734375,2
1771108771328,-0.16869045794010162,1.0185251235961914,1.5728137493133545,2
1771108771436,-0.1807456612586975,-1.8456754684448242,0.32286667823791504,2
1771108771547,0.40663206577301025,0.4772148132324219,-1.355555534362793,2
1771108771678,1.2332735061645508,-1.2580146789550781,0.9508552551269531,2
1771108771763,0.4904525578022003,-0.04429817199707031,0.2210381031036377,2
1771108771863,0.38838446140289307,-0.7681732177734375,1.0144751071929932,2
1771108771964,-0.7767862677574158,2.1220388412475586,-3.057631015777588,2
1771108772070,-0.2563580274581909,-0.7489175796508789,0.7213606834411621,2
1771108772180,0.23243144154548645,1.8924150466918945,-0.23998379707336426,2
1771108772288,-0.24366973340511322,2.2642717361450195,-1.7867166996002197,2
1771108772398,0.006212890148162842,-0.04683494567871094,0.17297863960266113,2
1771108772504,-0.0053116679191589355,-1.5482292175292969,0.4134221076965332,2
1771108772604,-0.2185429334640503,1.670766830444336,-0.08475565910339355,2
1771108772713,1.3856396675109863,1.441741943359375,0.13224554061889648,2
1771108772814,0.0224573016166687,-0.31461429595947266,2.94816255569458,2
1771108772921,-0.07583445310592651,1.7398147583007812,0.06397604942321777,2
1771108773031,-1.7374849319458008,1.4884119033813477,-2.8885631561279297,2
1771108773160,0.3667081296443939,1.6259193420410156,-0.8027846813201904,2
1771108773238,0.027864277362823486,1.9023866653442383,-1.1279287338256836,2
1771108773347,-1.4309483766555786,1.8189592361450195,-3.1883606910705566,2
1771108773455,-0.6170466542243958,-0.7115697860717773,-0.3129572868347168,2
1771108773565,0.4211169183254242,1.0198640823364258,-0.8575067520141602,2
1771108773680,0.04357770085334778,-0.7493762969970703,0.6711688041687012,2
1771108773772,-0.5728806257247925,-0.7996368408203125,0.9078254699707031,2
1771108773880,0.1050085723400116,-1.301595687866211,0.6482248306274414,2
1771108773989,-0.4586261510848999,-0.29602622985839844,0.027691125869750977,2
1771108774137,-0.010487377643585205,-1.9978718757629395,1.4443180561065674,2
1771108774206,0.06600216031074524,-1.8947763442993164,1.6576757431030273,2
1771108774306,-0.33590200543403625,0.8721284866333008,0.008465290069580078,2
1771108774415,-0.43865320086479187,1.5139408111572266,-1.2932308912277222,2
1771108774523,-0.530306875705719,-0.4174375534057617,0.23128366470336914,2
1771108774631,0.9440816640853882,0.3300209045410156,2.872903823852539,2
1771108774740,-0.45096614956855774,1.514932632446289,-2.0471181869506836,2
1771108774848,-0.18391941487789154,1.8386516571044922,-3.0122873783111572,2
1771108774957,-0.6481479406356812,-1.9244389533996582,0.15804243087768555,2
1771108775065,0.3954676389694214,0.029768943786621094,-1.5115323066711426,2
1771108775186,1.738978624343872,-0.5641460418701172,2.1520743370056152,2
1771108775291,0.2017432451248169,1.3393669128417969,-1.9314801692962646,2
1771108775398,-0.4333791732788086,0.14197254180908203,1.4417901039123535,2
1771108775499,0.5881207585334778,-0.0626516342163086,-0.8587245941162109,2
1771108775608,0.2777770161628723,0.4575624465942383,-1.0803499221801758,2
1771108775708,-0.7385547757148743,-0.6545677185058594,0.8328540325164795,2
1771108775819,0.38972756266593933,-0.6820688247680664,-2.119992971420288,2
1771108775926,0.3274977207183838,-0.045871734619140625,-0.5835089683532715,2
1771108776032,0.34348171949386597,-0.3490915298461914,1.0776770114898682,2
1771108776142,0.38859865069389343,0.3444337844848633,-1.2057111263275146,2
1771108776259,-0.39013850688934326,1.4660682678222656,-1.3269071578979492,2
1771108776361,0.053381145000457764,0.5465908050537109,0.4777209758758545,2
1771108776467,0.2167140543460846,-1.2420539855957031,0.4314107894897461,2
1771108776575,-0.3959522247314453,0.15607547760009766,-0.7777929306030273,2
1771108776676,-0.5399731397628784,1.4180822372436523,-0.4939441680908203,2
1771108776783,0.4907229244709015,-2.0143957138061523,1.586674451828003,2
1771108776892,-0.2559037208557129,0.8932380676269531,-2.9186556339263916,2
1771108777006,-0.9599457383155823,2.361776351928711,-2.5667691230773926,2
1771108777131,0.16546443104743958,2.3713197708129883,-2.6533470153808594,2
1771108777217,0.19905593991279602,1.1519527435302734,-1.3150975704193115,2
1771108777325,0.28903594613075256,0.6305685043334961,-0.8727297782897949,2
1771108777435,0.2652854919433594,-0.4252338409423828,1.2383253574371338,2
1771108777543,0.9715220332145691,-0.6939325332641602,-0.1608142852783203,2
1771108777685,0.4703938066959381,-1.5930204391479492,1.5993068218231201,2
1771108777751,0.6135472059249878,-2.2302656173706055,0.5289783477783203,2
1771108777860,-1.1144371032714844,0.2002849578857422,-1.6318858861923218,2
1771108777962,-0.24682030081748962,1.6116209030151367,-0.14896035194396973,2
1771108778068,1.0569419860839844,-0.7096405029296875,1.8199303150177002,2
1771108778186,0.21743139624595642,0.23285198211669922,-1.1794053316116333,2
1771108778294,-0.8574140071868896,1.464310646057129,-2.9778435230255127,2
1771108778407,-0.4380105137825012,-1.1710939407348633,-1.9641427993774414,2
1771108778510,-0.19079363346099854,-1.548168659210205,-0.1063852310180664,2
1771108778619,0.2105138897895813,1.5495643615722656,-3.309556722640991,2
1771108778727,-0.9623428583145142,1.3460607528686523,-1.0691657066345215,2
1771108778827,0.2929319739341736,-0.5966777801513672,-0.53188157081604,2
1771108778937,-1.0101590156555176,0.7797269821166992,-1.8375389575958252,2
1771108779045,-0.34850502014160156,1.2821788787841797,-1.415970802307129,2
1771108779166,-0.1385665237903595,0.862299919128418,0.43442296981811523,2
1771108779261,0.03350508213043213,-0.7641382217407227,-1.585003137588501,2
1771108779361,-0.3378243148326874,0.011270523071289062,-0.39278507232666016,2
1771108779472,-0.54747474193573,-2.4009900093078613,-0.6874580383300781,2
1771108779578,-0.11738467216491699,0.11732292175292969,-0.3868114948272705,2
1771108779679,-0.33882951736450195,0.8170480728149414,-2.7560365200042725,2
1771108779787,0.08776864409446716,-2.507282257080078,0.8850808143615723,2
1771108779896,0.1375294327735901,0.2516508102416992,-1.9806269407272339,2
1771108780004,-0.13334360718727112,1.6293773651123047,-0.6810708045959473,2
1771108780141,0.1990475356578827,0.6574468612670898,-0.13056087493896484,2
1771108780221,0.5496163964271545,-1.462977409362793,1.645909070968628,2
1771108780329,-0.01961401104927063,1.5419254302978516,-0.4026947021484375,2
1771108780436,-0.7812924385070801,-0.7182254791259766,0.5963482856750488,2
1771108780537,0.4574575424194336,0.7998151779174805,-0.22327494621276855,2
1771108780674,0.46457743644714355,-0.3961334228515625,0.4107227325439453,2
1771108780754,-0.23599457740783691,-1.0408906936645508,-0.31462788581848145,2
1771108780862,0.8057326674461365,-0.38140201568603516,-0.7125835418701172,2
1771108780971,-1.3781099319458008,0.9562549591064453,-1.729411005973816,2
1771108781082,0.8759371042251587,-0.6462907791137695,1.7871570587158203,2
1771108781203,0.2702510356903076,-0.014120101928710938,-0.26888513565063477,2
1771108781305,0.48202693462371826,1.8022308349609375,-0.7887554168701172,2
1771108781415,-0.3375225067138672,0.5825138092041016,-2.0596795082092285,2
1771108781521,0.7007496356964111,-0.8451766967773438,0.19566917419433594,2
1771108781632,-0.655093252658844,0.12930679321289062,-1.7238222360610962,2
1771108781739,0.20941412448883057,-0.09133434295654297,0.1549396514892578,2
1771108781846,0.7510700225830078,-1.441915512084961,1.423375129699707,2
1771108781948,0.5787020921707153,1.3478641510009766,-0.07100486755371094,2
1771108782055,0.23529237508773804,-0.05551624298095703,-1.1323025226593018,2
1771108782199,0.00528031587600708,1.5537395477294922,2.9534051418304443,2
1771108782273,-0.5186219811439514,1.2833518981933594,-0.3345968723297119,2
1771108782381,0.6006157398223877,0.04718303680419922,0.8757228851318359,2
1771108782489,-0.23485325276851654,-0.36350345611572266,-1.5708489418029785,2
1771108782589,0.8069901466369629,-0.8767709732055664,2.136427164077759,2
1771108782699,0.19375932216644287,-0.3898906707763672,-0.16502714157104492,2
1771108782808,0.2502782940864563,1.5945100784301758,-1.2896859645843506,2
1771108782914,0.003512442111968994,-0.49411773681640625,0.02280402183532715,2
1771108783015,0.3205440044403076,0.5067529678344727,-0.6510529518127441,2
1771108783123,0.3371519446372986,-0.2762889862060547,0.294525146484375,2
1771108783225,-0.18427777290344238,0.5877895355224609,-1.4104139804840088,2
1771108783342,-0.36276036500930786,-0.15955638885498047,1.5460436344146729,2
1771108783439,0.08831456303596497,0.5010280609130859,0.08088922500610352,2
1771108783548,0.022704243659973145,1.2969551086425781,-0.5213496685028076,2
1771108783680,-0.03714093565940857,1.989211082458496,-1.523055076599121,2
1771108783758,0.21895000338554382,0.3568267822265625,-0.21072077751159668,2
1771108783865,-0.2027379274368286,0.5466108322143555,0.4363577365875244,2
1771108783974,0.23549789190292358,0.6772069931030273,-1.5249981880187988,2
1771108784083,0.08540308475494385,-0.9075908660888672,-0.19591355323791504,2
1771108784208,0.15375643968582153,-0.7645225524902344,0.14372801780700684,2
1771108784319,-0.8091879487037659,0.14999103546142578,-0.8948099613189697,2
1771108784424,0.20772230625152588,-0.6364021301269531,-0.7829611301422119,2
1771108784524,-0.413002610206604,-0.705078125,0.433837890625,2
1771108784635,0.907421350479126,1.1248550415039062,1.0607593059539795,2
1771108784743,0.4158731698989868,1.6307296752929688,-1.4024749994277954,2
1771108784849,0.08509647846221924,1.0911235809326172,0.10618185997009277,2
1771108784959,-0.6151516437530518,-1.1273908615112305,-1.4007771015167236,2
1771108785068,0.41276466846466064,-1.1358661651611328,0.9280366897583008,2
1771108785176,0.49024003744125366,0.4501953125,0.1366894245147705,2
1771108785283,0.05932396650314331,-0.18798828125,-1.5262372493743896,2
1771108785393,-0.1648751199245453,0.2019062042236328,-0.7750616073608398,2
1771108785500,-0.1995960772037506,0.2267475128173828,1.1272823810577393,2
1771108785609,0.12449765205383301,-0.7785968780517578,0.5974524021148682,2
1771108785717,0.09934529662132263,-0.6082620620727539,-0.06639242172241211,2
1771108785826,-0.07637110352516174,0.22539615631103516,1.2239716053009033,2
1771108785934,0.6674714088439941,-0.35091400146484375,-0.524461030960083,2
1771108786042,0.21796470880508423,-0.3039560317993164,1.463407278060913,2
1771108786204,-0.2009749412536621,-0.22039127349853516,-1.1006898880004883,2
1771108786259,0.7738930583000183,0.6892709732055664,1.4088127613067627,2
1771108786369,-0.5395176410675049,-0.6285848617553711,-0.3757951259613037,2
1771108786477,0.37965041399002075,-0.009873390197753906,1.320324420928955,2
1771108786584,0.6107271313667297,-0.6730585098266602,-0.7974057197570801,2
1771108786699,-0.6266855001449585,0.8115253448486328,-0.9436700344085693,2
1771108786801,-0.3303757607936859,-1.3650217056274414,-1.4182008504867554,2
1771108786903,0.03191018104553223,0.37311840057373047,0.008547067642211914,2
1771108787012,-0.05680999159812927,1.2351951599121094,0.011377811431884766,2
1771108787112,-0.3302166163921356,-0.1880645751953125,-0.709251880645752,2
1771108787219,-0.10564324259757996,-0.24669551849365234,-0.5799641609191895,2
1771108787329,0.5520495176315308,-0.10807323455810547,0.34061360359191895,2
1771108787435,-0.44387632608413696,0.08773231506347656,0.2040400505065918,2
1771108787544,-0.31031498312950134,-0.3758707046508789,-1.236581563949585,2
1771108787655,-0.011732757091522217,-1.240976333618164,0.27374911308288574,2
1771108787761,-0.12892496585845947,0.061138153076171875,0.6326556205749512,2
1771108787869,0.2945728302001953,-0.87762451171875,-0.39885854721069336,2
1771108787978,0.9316004514694214,0.6715192794799805,2.8341052532196045,2
1771108788085,0.16184812784194946,-0.2522010803222656,-0.28004908561706543,2
1771108788190,0.2854173183441162,1.6128950119018555,-0.6315900087356567,2
1771108788294,-0.3403441309928894,-1.2334480285644531,-0.9957566261291504,2
1771108788404,-0.22959566116333008,-0.73443603515625,0.5517158508300781,2
1771108788511,0.06727951765060425,0.1306314468383789,-1.1111201047897339,2
1771108788620,0.5710428953170776,0.9136991500854492,0.6212906837463379,2
1771108788728,-0.5021307468414307,0.5895071029663086,1.7017388343811035,2
1771108788828,-0.3224678635597229,0.33696937561035156,0.1796705722808838,2
1771108788937,0.0709051787853241,0.42096710205078125,-1.136075735092163,2
1771108789048,-1.3944909572601318,-0.5005912780761719,-1.4150230884552002,2
1771108789164,0.6050411462783813,0.2769279479980469,0.537081241607666,2
1771108789262,0.02506011724472046,-1.3408269882202148,0.74564528465271,2
1771108789371,-0.11111027002334595,1.7428998947143555,-2.0387518405914307,2
1771108789471,0.031982421875,0.000579833984375,1.2185852527618408,2
1771108789579,0.1414068043231964,0.41828155517578125,-1.1284065246582031,2
1771108789701,-0.05026036500930786,-0.3418540954589844,1.2925074100494385,2
1771108789788,-0.7178977727890015,0.5633363723754883,-1.6927684545516968,2
1771108789896,-0.14744916558265686,0.30957984924316406,0.47212910652160645,2
1771108790004,0.5452626347541809,-0.1282968521118164,1.11092209815979,2
1771108790156,0.062236785888671875,-0.805938720703125,0.9057705402374268,2
1771108790221,-0.14695236086845398,-0.19136524200439453,1.3078787326812744,2
1771108790329,0.700922966003418,0.19428443908691406,1.38104248046875,2
1771108790440,-0.6482184529304504,0.5207557678222656,-0.2297351360321045,2
1771108790548,-0.2174845039844513,0.49767017364501953,-1.558624267578125,2
1771108790655,0.1261036992073059,-0.49857234954833984,-0.02899003028869629,2
1771108790756,-1.0783755779266357,-0.16142845153808594,-1.0035127401351929,2
1771108790863,-0.13053791224956512,1.2852888107299805,-0.08006978034973145,2
1771108790964,1.1694071292877197,-0.27034568786621094,0.7087433338165283,2
1771108791065,0.09325110912322998,2.468836784362793,-2.6289618015289307,2
1771108791187,-2.32802152633667,0.9816999435424805,3.826983690261841,2
1771108791290,1.3153818845748901,-2.034271240234375,-3.7761240005493164,2
1771108791398,0.3339823782444,-2.074580192565918,-0.5989500284194946,2
1771108791505,0.3787844777107239,-0.6849699020385742,0.43470263481140137,2
1771108791607,0.6788614988327026,1.192429542541504,-0.16927480697631836,2
1771108791719,0.10118456184864044,1.369100570678711,-0.08802366256713867,2
1771108791823,0.8786927461624146,0.05576324462890625,-1.1304861307144165,2
1771108791933,0.5615752935409546,0.24501419067382812,0.4411160945892334,2
1771108792042,0.3140312731266022,0.38577842712402344,-0.5681829452514648,2
1771108792149,-0.48088207840919495,1.0983781814575195,-1.4844646453857422,2
1771108792292,-0.14933428168296814,0.515315055847168,0.7986040115356445,2
1771108792360,1.1393376588821411,1.058675765991211,2.062730073928833,2
1771108792466,0.25551196932792664,0.17426109313964844,1.9932472705841064,2
1771108792575,-0.47277742624282837,-0.02703857421875,-1.2046782970428467,2
1771108792710,-0.7393336296081543,-0.34857177734375,-0.61771559715271,2
1771108792784,0.7563470005989075,-0.8543615341186523,0.2780170440673828,2
1771108792891,0.7350127100944519,0.8221950531005859,0.7947697639465332,2
1771108792998,0.8615894317626953,0.6549167633056641,0.4150111675262451,2
1771108793170,-0.12389886379241943,1.1232213973999023,0.12847566604614258,2
1771108793217,0.8398133516311646,-0.1527881622314453,0.1124577522277832,2
1771108793325,0.7732742428779602,0.2899761199951172,1.3993725776672363,2
1771108793433,0.4832577705383301,-0.3119192123413086,0.265561580657959,2
1771108793543,0.19275903701782227,0.13664531707763672,-1.2303470373153687,2
1771108793645,0.6423605680465698,0.26118946075439453,0.35373449325561523,2
1771108793751,0.08331143856048584,-0.19145774841308594,0.965848445892334,2
1771108793859,0.006847083568572998,-0.1738605499267578,-1.3190267086029053,2
1771108793968,1.100478172302246,0.25443077087402344,2.261319398880005,2
1771108794075,0.37257224321365356,0.675257682800293,-1.3675472736358643,2
1771108794187,0.48595601320266724,0.26747703552246094,0.8579120635986328,2
1771108794293,0.5138479471206665,0.7886857986450195,1.584542989730835,2
1771108794403,0.8541675806045532,0.08137130737304688,1.919745683670044,2
1771108794509,-0.004473686218261719,1.683405876159668,-0.2396242618560791,2
1771108794609,0.9261987209320068,-0.739171028137207,0.9336087703704834,2
1771108794718,-0.22505027055740356,1.1864013671875,0.8484334945678711,2
1771108794829,-0.06516468524932861,-0.9883689880371094,-1.1590571403503418,2
1771108794934,-0.07201933860778809,-0.32667064666748047,-1.8816046714782715,2
1771108795043,-0.5188332200050354,-0.4336404800415039,-0.21214795112609863,2
1771108795171,-0.025413870811462402,-0.5343923568725586,-0.2964146137237549,2
1771108795260,-0.3157961368560791,-0.2920188903808594,-0.7969489097595215,2
1771108795368,-1.3449618816375732,0.8905353546142578,-1.3959648609161377,2
1771108795479,0.24695658683776855,-0.5528707504272461,0.1960155963897705,2
1771108795585,0.1257990598678589,-3.1792755126953125,-1.8843908309936523,2
1771108795716,1.0161586999893188,3.7786483764648438,1.8278555870056152,2
1771108795803,0.11508512496948242,2.170456886291504,0.9758696556091309,2
1771108795905,0.16169214248657227,0.7033767700195312,0.7344534397125244,2
1771108796010,0.23687827587127686,-0.6476554870605469,1.1161623001098633,2
1771108796168,-0.3624017834663391,0.553924560546875,-0.8677029609680176,2
1771108796227,-0.13631534576416016,1.270559310913086,0.19496512413024902,2
1771108796328,0.31792664527893066,0.1539020538330078,0.7139530181884766,2
1771108796436,0.03581082820892334,-1.0429391860961914,1.0274393558502197,2
1771108796542,-0.6039121747016907,2.221957206726074,-1.1377151012420654,2
1771108796645,1.1086633205413818,0.22931861877441406,0.909254789352417,2
1771108796753,-0.6561310887336731,0.3669252395629883,-0.8400981426239014,2
1771108796861,0.40677356719970703,-1.014817237854004,1.32572340965271,2
1771108796962,0.44088423252105713,1.4683122634887695,1.646979570388794,2
1771108797073,0.34501731395721436,0.18538379669189453,0.6687626838684082,2
1771108797189,-0.3542064428329468,0.10226726531982422,0.14384984970092773,2
1771108797295,0.5774633884429932,-0.36391353607177734,0.9038777351379395,2
1771108797398,-0.6053125262260437,1.0301237106323242,-0.6021394729614258,2
1771108797496,-0.4001477360725403,-0.5153179168701172,-0.8790023326873779,2
1771108797603,-0.09455633163452148,-0.6420507431030273,1.0579679012298584,2
1771108797713,0.5450210571289062,-0.7012205123901367,1.4370126724243164,2
1771108797812,0.2991520166397095,1.2221288681030273,-1.5440460443496704,2
1771108797915,-0.4033203721046448,-0.1723804473876953,-1.2896780967712402,2
1771108798021,0.05539977550506592,0.009411811828613281,0.2940390110015869,2
1771108798121,0.023453116416931152,0.8416557312011719,0.6874620914459229,2
1771108798229,-0.7223159074783325,0.1483306884765625,-2.078921318054199,2
1771108798339,-0.302501380443573,-0.24187278747558594,-1.4272401332855225,2
1771108798446,0.30552685260772705,-1.2111091613769531,1.0998108386993408,2
1771108798555,0.0816420316696167,0.6784420013427734,-0.5158447027206421,2
1771108798664,-0.27071189880371094,0.8022575378417969,-2.0206170082092285,2
1771108798764,-0.45243704319000244,-0.032733917236328125,-0.16115689277648926,2
1771108798875,0.20430493354797363,-0.5803956985473633,-0.7784945964813232,2
1771108798981,-0.24292242527008057,1.9611778259277344,-0.8723964691162109,2
1771108799124,-0.2968207597732544,-0.14882946014404297,-0.30994224548339844,2
1771108799197,-0.25587141513824463,1.0394201278686523,-0.14082050323486328,2
1771108799306,-0.23295652866363525,-0.2530498504638672,-1.2780768871307373,2
1771108799406,-0.043741703033447266,0.7353143692016602,0.504460334777832,2
1771108799515,0.3584866523742676,-0.015951156616210938,0.625523567199707,2
1771108799622,0.18962037563323975,0.0024518966674804688,0.7216732501983643,2
1771108799723,0.1531466245651245,-0.21992969512939453,0.37762880325317383,2
1771108799832,0.4743378162384033,0.3153696060180664,-0.04875075817108154,2
1771108799941,0.9122664928436279,0.11255168914794922,2.632030963897705,2
1771108800047,0.17750215530395508,0.03303050994873047,0.7584816217422485,2
1771108800182,-0.14474701881408691,-0.22526931762695312,0.19413328170776367,2
1771108800256,-0.054582834243774414,-0.006412506103515625,-0.11317265033721924,2
1771108800365,-0.03536391258239746,-0.36142539978027344,1.0059672594070435,2
1771108800473,-0.345717191696167,0.7481451034545898,-1.0754907131195068,2
1771108800574,-0.30287641286849976,0.7086629867553711,0.27871131896972656,2
1771108800713,-0.6105120182037354,1.4453907012939453,0.3853447437286377,2
1771108800792,-0.3445768356323242,-0.4282960891723633,-0.9370884895324707,2
1771108800901,-0.05813157558441162,-0.2798023223876953,-0.46961677074432373,2
1771108801007,-0.6988126039505005,0.8462705612182617,0.21203875541687012,2
1771108801160,-0.3736252784729004,-1.8610138893127441,0.1555863618850708,2
1771108801216,-0.9921143054962158,-0.2694683074951172,0.69452965259552,2
1771108801324,0.12518095970153809,-1.3338966369628906,-0.018213510513305664,2
1771108801433,0.5934017300605774,0.643254280090332,-0.3779928684234619,2
1771108801541,0.030784189701080322,0.5405731201171875,-0.04819297790527344,2
1771108801649,-1.220190405845642,0.03351783752441406,-0.027782201766967773,2
1771108801750,0.4457487463951111,0.786651611328125,-1.5845801830291748,2
1771108801858,-0.12068063020706177,0.10907745361328125,0.30576062202453613,2
1771108801966,1.0515680313110352,-0.5462188720703125,0.806328535079956,2
1771108802074,0.3465314507484436,0.04461383819580078,0.7250189781188965,2
1771108802199,0.9396939277648926,-1.5034475326538086,1.7388157844543457,2
1771108802291,-1.2366158962249756,-1.0308456420898438,-0.5438337326049805,2
1771108802400,0.09404909610748291,-0.35546302795410156,0.16640710830688477,2
1771108802501,0.29449301958084106,0.13291358947753906,0.20505046844482422,2
1771108802608,0.28933823108673096,-0.06896209716796875,1.518078088760376,2
1771108802717,0.09238004684448242,1.1440439224243164,-0.279715895652771,2
1771108802825,-0.240139901638031,1.2609577178955078,1.0391570329666138,2
1771108802929,0.22431910037994385,-1.6329936981201172,0.2985196113586426,2
1771108803034,-0.44922563433647156,0.4644899368286133,-1.6626620292663574,2
1771108803163,-0.1471831500530243,0.5006017684936523,0.17011618614196777,2
1771108803268,0.03041750192642212,0.6649713516235352,0.19386863708496094,2
1771108803376,-0.7771015167236328,0.7205057144165039,-0.686331033706665,2
1771108803485,-0.31760716438293457,-0.3428030014038086,-0.6335134506225586,2
1771108803593,-0.8120697140693665,1.0175971984863281,-1.2640020847320557,2
1771108803744,-2.2473814487457275,-1.0170774459838867,1.2491638660430908,2
1771108803803,-1.704018473625183,2.8496789932250977,-3.324460029602051,2
1771108803909,-2.7719802856445312,4.081177711486816,-1.9790048599243164,2
1771108804018,-0.9860387444496155,0.9676685333251953,-2.459667682647705,2
1771108804144,-0.5115665793418884,0.7351951599121094,-1.6603765487670898,2
1771108804252,-0.5193082690238953,0.37515830993652344,-0.41278600692749023,2
1771108804360,-0.6616530418395996,-1.5134782791137695,1.293241262435913,2
1771108804470,0.23082800209522247,-0.12281227111816406,0.1950981616973877,2
1771108804579,0.007209613919258118,0.821197509765625,-0.6738111972808838,2
1771108804723,-0.3312399387359619,-1.0630388259887695,-0.6208716630935669,2
1771108804795,0.1428813636302948,-1.5134878158569336,0.4411449432373047,2
1771108804895,0.13013075292110443,1.2615957260131836,1.866124153137207,2
1771108805003,0.5483448505401611,-0.09940910339355469,-0.10776364803314209,2
1771108805111,-0.7497423887252808,0.21700096130371094,-0.13559365272521973,2
1771108805220,-0.1980891227722168,-0.7817230224609375,-0.748117208480835,2
1771108805328,-1.0963526964187622,1.3888921737670898,-1.2184171676635742,2
1771108805437,-0.8264029026031494,0.4782238006591797,0.875490665435791,2
1771108805545,-1.0058127641677856,-0.4830780029296875,0.31610190868377686,2
1771108805646,0.6075981855392456,-0.2532615661621094,-1.2951273918151855,2
1771108805755,-1.1687979698181152,-0.14293575286865234,-3.180253028869629,2
1771108805862,-0.5432599782943726,-0.19356155395507812,0.19334781169891357,2
1771108805970,-0.39471524953842163,-0.6297750473022461,-0.12829411029815674,2
1771108806071,-0.1502610146999359,-0.5819940567016602,1.280971884727478,2
1771108806197,0.11004428565502167,0.7942333221435547,-0.800789475440979,2
1771108806305,-0.0009281039237976074,-0.08678150177001953,0.4597008228302002,2
1771108806413,1.5861581563949585,-0.21724510192871094,1.4426522254943848,2
1771108806521,-0.33413970470428467,-0.1551952362060547,-0.6345340013504028,2
1771108806629,-0.5575721263885498,-0.6489744186401367,-0.39504802227020264,2
1771108806738,0.15491041541099548,0.3901796340942383,-0.8329424262046814,2
1771108806846,0.039223141968250275,-0.5204572677612305,-0.023877501487731934,2
1771108806955,-0.2713736891746521,0.4573087692260742,-0.2495652437210083,2
1771108807063,0.2844286561012268,-0.06072425842285156,-0.3220149278640747,2
1771108807173,1.0919694900512695,0.1322164535522461,2.536194324493408,2
1771108807279,0.6849806904792786,-0.1678924560546875,0.23383545875549316,2
1771108807380,-0.1011730507016182,1.0189895629882812,0.14000344276428223,2
1771108807488,0.05907534807920456,0.5401515960693359,-0.5757694244384766,2
1771108807596,0.6618132591247559,0.11870288848876953,0.1890261173248291,2
1771108807720,0.3892902731895447,-0.5472278594970703,2.1571531295776367,2
1771108807813,-0.23845155537128448,-0.18687057495117188,-1.7981114387512207,2
1771108807914,-0.128779336810112,0.5399990081787109,-0.4953124523162842,2
1771108808025,-0.6696086525917053,-0.2808065414428711,0.48322105407714844,2
1771108808142,0.3350427746772766,0.21932506561279297,0.536872386932373,2
1771108808240,-0.7974206805229187,-0.2549705505371094,1.8330087661743164,2
1771108808348,-0.016474317759275436,0.33907413482666016,0.907569169998169,2
1771108808456,-0.04690682888031006,-0.5382118225097656,0.8052517175674438,2
1771108808566,0.3274950385093689,0.21968650817871094,1.4534953832626343,2
1771108808673,0.7906455993652344,-0.3138761520385742,0.990248441696167,2
1771108808774,-0.7038953900337219,-0.3063831329345703,-1.6967453956604004,2
1771108808881,-0.01873936504125595,-0.23195457458496094,0.04261469841003418,2
1771108808993,0.7437564730644226,-0.9094161987304688,0.6559321880340576,2
1771108809148,0.8860383033752441,0.9049272537231445,0.696853756904602,2
1771108809199,0.2997167110443115,-0.4085264205932617,-0.5007196664810181,2
1771108809308,-0.5321958661079407,-0.38001441955566406,-0.07572221755981445,2
1771108809416,-0.23022158443927765,-0.5292425155639648,-0.8336327075958252,2
1771108809517,0.1502939760684967,-0.5100545883178711,0.21511590480804443,2
1771108809624,-0.4057123363018036,0.7883787155151367,-0.11808478832244873,2
1771108809724,-0.47038111090660095,-0.9998226165771484,0.13303637504577637,2
1771108809832,-0.19273170828819275,-0.02735614776611328,0.9477382898330688,2
1771108809936,-0.3537387549877167,-0.3053464889526367,-0.8770982623100281,2
1771108810041,-0.45308876037597656,-0.6088190078735352,0.20407581329345703,2
1771108810168,-0.07855507731437683,0.03573894500732422,1.221112608909607,2
1771108810274,-0.42872387170791626,-0.08857250213623047,1.086045265197754,2
1771108810385,0.5252559185028076,1.1007585525512695,1.864242672920227,2
1771108810492,-0.129050150513649,-0.784489631652832,1.0933152437210083,2
1771108810599,0.2791218161582947,0.9338788986206055,0.01066744327545166,2
1771108810720,0.7717069387435913,-0.8341503143310547,1.2060277462005615,2
1771108810810,-0.34945303201675415,1.2516498565673828,-0.7487068176269531,2
1771108810916,0.7852339148521423,-1.149993896484375,1.3672434091567993,2
1771108811017,1.0623226165771484,-0.11545562744140625,0.42288780212402344,2
1771108811167,0.23261190950870514,1.3850345611572266,1.4326319694519043,2
1771108811233,-1.0207784175872803,0.723607063293457,0.7327499389648438,2
1771108811342,1.2848331928253174,0.06116294860839844,1.7211976051330566,2
1771108811450,-0.10783237218856812,0.39298343658447266,0.7170723676681519,2
1771108811559,-0.15986061096191406,-0.11589527130126953,-0.21140336990356445,2
1771108811667,-0.759401798248291,0.16860103607177734,-1.1344373226165771,2
1771108811863,0.8334063291549683,-0.30600643157958984,1.2914198637008667,2
1771108811896,-0.5307247638702393,0.1542205810546875,-0.3068563938140869,2
1771108811984,-0.11139088869094849,-0.4623117446899414,0.3875467777252197,2
1771108812138,-0.42499804496765137,0.7071733474731445,0.3668231964111328,2
1771108812193,1.2159662246704102,0.19479751586914062,1.0758429765701294,2
1771108812302,0.15565325319766998,0.0020389556884765625,-0.3248354196548462,2
1771108812411,-0.3795507848262787,1.472299575805664,-0.017472028732299805,2
1771108812518,1.7035586833953857,0.6775436401367188,1.3989275693893433,2
1771108812626,0.9796134233474731,-0.5871067047119141,2.3644657135009766,2
1771108812735,-0.36082345247268677,-0.6532907485961914,0.5524706840515137,2
1771108812844,0.40817782282829285,0.2380199432373047,-0.9719618558883667,2
1771108812955,0.5146358013153076,1.0665464401245117,2.4360814094543457,2
1771108813053,0.08833763003349304,-0.977665901184082,0.4127335548400879,2
1771108813173,-0.5726721286773682,-0.1352863311767578,-1.1351587772369385,2
1771108813271,0.8840388655662537,0.11403560638427734,0.36984682083129883,2
1771108813377,0.36187562346458435,0.6527824401855469,0.7257747650146484,2
1771108813486,-0.4821562170982361,0.0758810043334961,-0.6796543598175049,2
1771108813595,-0.9894644618034363,0.7031660079956055,-0.6813273429870605,2
1771108813725,-0.08751111477613449,-0.3019533157348633,-0.42687320709228516,2
1771108813797,0.29630282521247864,0.18054962158203125,0.138452410697937,2
1771108813903,-0.6201630234718323,-0.8463506698608398,1.1642762422561646,2
1771108814012,0.9902628660202026,-0.20285797119140625,2.419572591781616,2
1771108814154,-0.36710062623023987,-0.6473312377929688,-0.7917701005935669,2
1771108814220,0.38402724266052246,-0.0924386978149414,-2.08622407913208,2
1771108814329,-0.3608742654323578,0.30130767822265625,1.038482904434204,2
1771108814438,-1.1551294326782227,-0.14056682586669922,-1.214929461479187,2
1771108814546,0.3180945813655853,-0.7606220245361328,-0.046495676040649414,2
1771108814654,-0.6890950798988342,-1.0433387756347656,-2.459160566329956,2
1771108814762,-0.42753487825393677,-0.2829418182373047,0.07139873504638672,2
1771108814874,-0.19888365268707275,-0.45958995819091797,-1.329552173614502,2
1771108814971,-1.0401427745819092,-0.1303567886352539,-0.32118749618530273,2
1771108815079,0.11702542006969452,-0.9013595581054688,-1.337022304534912,2
1771108815189,0.2146342396736145,-0.8433361053466797,0.5532355308532715,2
1771108815296,-0.08180756121873856,-0.2140941619873047,-0.03240251541137695,2
1771108815397,0.7869741320610046,0.7637748718261719,2.3072445392608643,2
1771108815505,0.9314752221107483,0.36701202392578125,0.2902824878692627,2
1771108815607,1.0980702638626099,1.3139829635620117,1.7379744052886963,2
1771108815734,-0.2723206579685211,-0.5890979766845703,-0.27785229682922363,2
1771108815822,0.02995915524661541,0.20458698272705078,-1.1705851554870605,2
1771108815931,1.1485687494277954,0.7799434661865234,0.33424830436706543,2
1771108816039,-0.7999836206436157,-1.4860115051269531,-1.1788311004638672,2
1771108816158,-0.12644191086292267,0.22286128997802734,0.6207325458526611,2
1771108816265,0.3398476839065552,-0.1197977066040039,0.8407654762268066,2
1771108816373,0.2846476435661316,-0.10642147064208984,0.05440831184387207,2
1771108816481,0.020937204360961914,-1.3436193466186523,-0.915364146232605,2
1771108816581,-0.5931695103645325,-0.2708110809326172,0.17948687076568604,2
1771108816689,-0.38803184032440186,0.8205204010009766,0.4477609395980835,2
1771108816798,0.4618784189224243,0.7206583023071289,-0.04615914821624756,2
1771108816907,0.10191921889781952,-0.9802923202514648,0.38577020168304443,2
1771108817007,0.46665695309638977,-0.4445466995239258,1.1217129230499268,2
1771108817115,0.6279839277267456,-0.24901866912841797,-0.8819397687911987,2
1771108817222,-0.014813676476478577,1.2392425537109375,0.4695171117782593,2
1771108817323,-0.7235740423202515,-1.5792560577392578,0.1840989589691162,2
1771108817432,0.8808870315551758,1.4137325286865234,2.5501503944396973,2
1771108817541,1.158501386642456,-0.4959068298339844,-0.7930511236190796,2
1771108817648,-0.5553416013717651,-0.7648124694824219,-0.49109184741973877,2
1771108817752,0.6731333136558533,-0.2868528366088867,2.181335210800171,2
1771108817858,1.0492682456970215,0.6980342864990234,1.6220908164978027,2
1771108817965,-0.05728456377983093,-0.294097900390625,-1.0890218019485474,2
1771108818075,0.41579508781433105,0.41478633880615234,-0.16968464851379395,2
1771108818195,0.9204586744308472,-0.5456790924072266,-0.011263847351074219,2
1771108818300,0.12570205330848694,-0.43004608154296875,-1.032299518585205,2
1771108818407,-0.25695037841796875,1.1533184051513672,-1.8227713108062744,2
1771108818508,1.612546443939209,-0.5714931488037109,0.4561893939971924,2
1771108818616,0.8698334097862244,0.8539352416992188,2.6875267028808594,2
1771108818729,-0.1172066479921341,-0.6543598175048828,0.6527175903320312,2
1771108818833,-0.12496920675039291,0.8200416564941406,1.1510412693023682,2
1771108818933,-0.3887302577495575,-1.2416820526123047,-1.781670331954956,2
1771108819042,-0.2769785523414612,0.3436470031738281,-0.8967491388320923,2
1771108819168,-0.21536272764205933,-0.043308258056640625,-1.687708854675293,2
1771108819267,0.5135573148727417,-0.568354606628418,-1.2950681447982788,2
1771108819376,-0.6406046748161316,-0.24988555908203125,-0.48584818840026855,2
1771108819484,0.010998576879501343,0.14857196807861328,-0.7365865707397461,2
1771108819592,0.27277714014053345,2.099154472351074,0.5307433605194092,2
1771108819729,1.0632954835891724,1.1457910537719727,0.06198596954345703,2
1771108819809,0.8884857296943665,-0.5973548889160156,0.7088947296142578,2
1771108819910,0.3680735230445862,-0.03211212158203125,-0.12047648429870605,2
1771108820017,-0.11068353056907654,0.6141633987426758,0.7684187889099121,2
1771108820144,-0.507215142250061,-0.8826580047607422,-0.14231324195861816,2
1771108820259,0.7723798751831055,-0.5076313018798828,-0.4795541763305664,2
1771108820360,-0.31811532378196716,-0.3409147262573242,1.1261835098266602,2
1771108820468,0.568500280380249,-0.7079286575317383,1.6613223552703857,2
1771108820577,-0.3273770809173584,0.0066928863525390625,-0.7169826030731201,2
1771108820677,0.5298111438751221,-0.9326190948486328,-1.9328159093856812,2
1771108820785,-0.6770544648170471,0.41155529022216797,-1.1095225811004639,2
1771108820894,-0.34782344102859497,-0.26538658142089844,-0.605792760848999,2
1771108821002,-0.37328657507896423,0.5814752578735352,-1.5175583362579346,2
1771108821110,-0.171625018119812,0.18542766571044922,0.23137259483337402,2
1771108821211,-0.3588724136352539,0.5014238357543945,-0.008161544799804688,2
1771108821319,0.604817271232605,-0.4387483596801758,1.0033955574035645,2
1771108821438,-0.8852890729904175,0.13124942779541016,-1.327047348022461,2
1771108821536,0.17598336935043335,0.12543582916259766,2.559450626373291,2
1771108821636,0.35739821195602417,0.23210430145263672,2.172041893005371,2
1771108821737,-0.7296035289764404,0.755279541015625,0.7733628749847412,2
1771108821844,0.33369001746177673,0.7555694580078125,0.7099685668945312,2
1771108821953,0.5131802558898926,-0.7249345779418945,0.697361946105957,2
1771108822053,0.33811691403388977,-0.3893098831176758,2.312772035598755,2
1771108822187,-0.45257630944252014,-0.032581329345703125,1.3450467586517334,2
1771108822264,0.30749577283859253,0.16817569732666016,-0.23476862907409668,2
1771108822370,-0.6338776350021362,0.9175691604614258,-0.6013438701629639,2
1771108822479,-0.4730725586414337,-0.0049419403076171875,0.15044474601745605,2
1771108822587,0.03262193500995636,-0.3770589828491211,-0.9351890087127686,2
1771108822696,0.046976715326309204,-0.30651283264160156,1.772961139678955,2
1771108822797,-0.5864979028701782,0.40085506439208984,1.047286033630371,2
1771108822904,-0.19621220231056213,-0.8100242614746094,0.0719454288482666,2
1771108823012,-0.1638028621673584,0.2993650436401367,0.5622131824493408,2
1771108823164,-0.7220447659492493,-0.21230506896972656,-0.8709995746612549,2
1771108823229,-0.3089713156223297,-0.0917510986328125,-0.2996490001678467,2
1771108823339,-0.3098493218421936,-0.8295154571533203,-0.44272446632385254,2
1771108823446,0.492594450712204,1.2106752395629883,1.6236026287078857,2
1771108823555,0.9883291721343994,-1.2248220443725586,1.0107433795928955,2
1771108823663,-0.13498982787132263,-0.5431413650512695,0.5976502895355225,2
1771108823772,-0.0988524854183197,-0.9420270919799805,-2.2614407539367676,2
1771108823881,0.03015971928834915,0.26139354705810547,-0.5754284858703613,2
1771108823988,0.7689374685287476,0.7118644714355469,-0.2896127700805664,2
1771108824121,-0.4701157510280609,0.4182901382446289,0.2862720489501953,2
1771108824208,0.6846526861190796,0.1883220672607422,1.2450311183929443,2
1771108824314,-0.1190723180770874,-0.5950593948364258,0.3794288635253906,2
1771108824422,0.302517294883728,1.8852081298828125,1.0890560150146484,2
1771108824531,-0.028795212507247925,0.1478271484375,0.8722009658813477,2
1771108824631,-0.7408930063247681,-1.1189374923706055,0.5418598651885986,2
1771108824740,-0.36857661604881287,0.32514095306396484,-0.20754599571228027,2
1771108824848,-0.03793613985180855,-0.23388195037841797,-0.5897042751312256,2
1771108824957,0.4525039792060852,-0.6776676177978516,-0.08645105361938477,2
1771108825069,-0.058868587017059326,0.32797813415527344,0.8363139629364014,2
1771108825199,0.4953526258468628,0.11258220672607422,0.7990670204162598,2
1771108825307,-0.610897421836853,0.7997121810913086,-1.0908563137054443,2
1771108825414,0.35819417238235474,-1.0660371780395508,-0.5284574031829834,2
1771108825524,-1.0552369356155396,-1.3236045837402344,-1.5369200706481934,2
1771108825632,0.3645654022693634,-0.6660261154174805,1.0793850421905518,2
1771108825743,-0.18850348889827728,-0.4783039093017578,0.7552826404571533,2
1771108825842,0.11887726187705994,-0.2993955612182617,-1.0350345373153687,2
1771108825950,0.6196722984313965,0.4186878204345703,0.327423095703125,2
1771108826050,-0.521662175655365,0.6721353530883789,-0.041477203369140625,2
1771108826170,0.30943283438682556,0.8727130889892578,-0.13887834548950195,2
1771108826266,-0.38333627581596375,-0.8642330169677734,-1.4581117630004883,2
1771108826367,0.2249646633863449,0.7106399536132812,0.9617068767547607,2
1771108826468,-0.3297087848186493,0.24939632415771484,-0.14281439781188965,2
1771108826576,-0.28328484296798706,-0.12871837615966797,0.30200886726379395,2
1771108826683,0.6992172002792358,0.12030601501464844,2.4452321529388428,2
1771108826783,-1.0508713722229004,0.07323837280273438,0.7393689155578613,2
1771108826891,0.4757669270038605,0.11745357513427734,-1.1844050884246826,2
1771108827001,-0.2634449303150177,-0.111419677734375,2.019700050354004,2
1771108827143,0.010059241205453873,-0.5260143280029297,0.9308152198791504,2
1771108827217,-0.28219690918922424,-0.01809215545654297,-0.8242685794830322,2
1771108827326,1.1292610168457031,-0.8366098403930664,-0.19651532173156738,2
1771108827425,0.40987440943717957,0.5154533386230469,0.6279861927032471,2
1771108827533,-1.6746007204055786,1.843210220336914,-0.7710230350494385,2
1771108827641,0.4008989632129669,-0.46315956115722656,0.3747825622558594,2
1771108827743,-0.6498124003410339,0.35860729217529297,-1.2929943799972534,2
1771108827851,0.2537424564361572,1.3153867721557617,-0.6369345188140869,2
1771108827961,-0.3590046465396881,-0.3328390121459961,0.3053293228149414,2
1771108828069,0.0635952427983284,-0.3737802505493164,-0.23817992210388184,2
1771108828180,0.39782148599624634,-0.0006799697875976562,1.8802788257598877,2
1771108828285,0.3351724445819855,-0.5547752380371094,-0.14044642448425293,2
1771108828393,0.2801417112350464,1.1464595794677734,-0.034423112869262695,2
1771108828503,-0.22658638656139374,-1.0101537704467773,0.20412516593933105,2
1771108828610,-0.033223748207092285,-2.284295082092285,-0.9418364763259888,2
1771108828748,-0.40053731203079224,0.0697031021118164,-2.174766778945923,2
1771108828827,0.09755611419677734,1.3945417404174805,1.157757043838501,2
1771108828936,0.08498676866292953,0.3616447448730469,-0.7318382263183594,2
1771108829045,0.6170178651809692,0.2610912322998047,1.4990766048431396,2
1771108829151,0.42036890983581543,0.5250177383422852,0.6003785133361816,2
1771108829252,-0.14741909503936768,0.8145341873168945,-0.8364049196243286,2
1771108829352,0.0806499719619751,-0.5183782577514648,-1.233393907546997,2
1771108829462,-0.25599008798599243,0.724238395690918,-2.01824951171875,2
1771108829569,-0.2956542372703552,-0.3525104522705078,-0.7843270301818848,2
1771108829678,0.07654853165149689,0.3594951629638672,-0.8711193799972534,2
1771108829786,-0.08932137489318848,0.18943214416503906,-0.6045780181884766,2
1771108829886,-0.5146739482879639,-0.0641794204711914,0.8053207397460938,2
1771108829994,1.3160828351974487,1.4650049209594727,0.6483554840087891,2
1771108830180,0.6670791506767273,0.6980800628662109,0.39590930938720703,2
1771108830228,-0.6385607719421387,-0.607086181640625,-0.207411527633667,2
1771108830312,1.1999996900558472,-0.0872650146484375,1.6168129444122314,2
1771108830420,-0.2979431748390198,0.09065532684326172,-0.47779881954193115,2
1771108830530,0.24061109125614166,-1.738072395324707,-0.3359658718109131,2
1771108830637,0.1663469821214676,-0.03844261169433594,-0.16952061653137207,2
1771108830749,-0.21574804186820984,0.3003721237182617,-0.26911377906799316,2
1771108830854,0.2536570429801941,0.9392318725585938,0.15594100952148438,2
1771108830962,0.16960936784744263,0.144256591796875,1.5714728832244873,2
1771108831071,0.12747904658317566,0.5362815856933594,0.6428768634796143,2
1771108831195,0.6179972290992737,0.31959056854248047,1.7623717784881592,2
1771108831280,-0.6604347229003906,-1.1525983810424805,0.45060181617736816,2
1771108831387,0.11863993853330612,0.2713479995727539,0.8586432933807373,2
1771108831488,1.047378659248352,0.42491817474365234,1.231022834777832,2
1771108831596,0.48646172881126404,0.8634519577026367,-0.8134373426437378,2
1771108831705,0.6775161027908325,0.1463756561279297,-0.25041699409484863,2
1771108831813,0.8667124509811401,0.7906608581542969,0.4911158084869385,2
1771108831924,0.22021055221557617,-0.7957887649536133,0.6347579956054688,2
1771108832030,0.9743122458457947,-0.46146297454833984,-0.2759215831756592,2
1771108832150,0.01757827401161194,-0.6113386154174805,0.1364755630493164,2
1771108832238,0.4368956387042999,0.7653427124023438,1.1196837425231934,2
1771108832347,-0.6252001523971558,-0.5310182571411133,-0.9691951274871826,2
1771108832456,-0.004153938964009285,-0.28598880767822266,0.39699816703796387,2
1771108832564,-1.0085935592651367,-0.1552581787109375,-1.9451515674591064,2
1771108832665,-0.08199247717857361,-0.6175861358642578,-0.21250128746032715,2
1771108832772,-0.28955721855163574,0.43016815185546875,-0.4801645278930664,2
1771108832881,0.06728612631559372,-0.2543630599975586,-0.20177125930786133,2
1771108832989,-0.21981848776340485,-1.1442584991455078,-1.2285412549972534,2
1771108833090,-1.3705230951309204,-1.1395597457885742,-1.7236969470977783,2
1771108833201,0.12374942004680634,-0.0308837890625,-0.7879509925842285,2
1771108833307,-0.9950924515724182,-0.33286380767822266,-3.0403504371643066,2
1771108833417,-0.28754889965057373,-0.35692691802978516,-0.1918025016784668,2
1771108833524,0.36367160081863403,0.4304933547973633,-0.21701526641845703,2
1771108833632,-0.4022400975227356,-0.0037412643432617188,-0.5513777732849121,2
1771108833752,0.04936763644218445,1.1939659118652344,-0.14880990982055664,2
1771108833850,-0.33038851618766785,-0.8029012680053711,-0.2931950092315674,2
1771108833951,-0.1225803941488266,0.8581409454345703,1.5371036529541016,2
1771108834058,0.7320456504821777,0.39124107360839844,2.583516836166382,2
1771108834219,-0.2741740942001343,-1.52239990234375,1.6475086212158203,2
1771108834267,0.26569420099258423,-0.17013072967529297,2.786590099334717,2
1771108834374,0.0855819582939148,0.20763778686523438,1.3935437202453613,2
1771108834474,-0.9064483642578125,-0.5040225982666016,-0.6176025867462158,2
1771108834583,0.4281904399394989,-0.7134828567504883,0.8546779155731201,2
1771108834691,-0.7240413427352905,-1.1090660095214844,-1.977565050125122,2
1771108834800,0.5710711479187012,0.40491771697998047,-0.7412605285644531,2
1771108834907,-0.07041139900684357,-0.6054811477661133,0.30173158645629883,2
1771108835017,1.0769765377044678,-1.2374420166015625,1.8121309280395508,2
1771108835132,-1.1968882083892822,-1.613631248474121,-1.1383726596832275,2
1771108835229,-0.1585017591714859,-0.005681037902832031,-0.5403928756713867,2
1771108835337,0.1390075981616974,1.9221572875976562,2.0677831172943115,2
1771108835442,-0.6596705913543701,2.503720283508301,4.240289688110352,2
1771108835550,2.2726612091064453,1.7530784606933594,5.817078113555908,2
1771108835660,1.3521901369094849,0.010792732238769531,-3.2153360843658447,2
1771108835768,0.4526349902153015,0.058587074279785156,0.9824554920196533,2
1771108835884,-0.7709652781486511,2.424468994140625,-0.09020304679870605,2
1771108835985,-0.30208104848861694,-1.0655326843261719,-1.3844704627990723,2
1771108836092,0.30325743556022644,0.2290325164794922,0.9138150215148926,2
1771108836219,0.6511897444725037,0.04653644561767578,0.2579340934753418,2
1771108836327,-0.8883116245269775,0.043529510498046875,0.10422110557556152,2
1771108836436,1.0114411115646362,0.7119913101196289,0.9985940456390381,2
1771108836543,-0.5484779477119446,1.5076255798339844,-0.8007528781890869,2
1771108836652,-0.23075781762599945,-0.06711959838867188,-1.3322806358337402,2
1771108836759,0.7237634658813477,-0.35524845123291016,0.3298189640045166,2
1771108836869,-0.19053032994270325,-0.185516357421875,0.8695282936096191,2
1771108836977,0.12881408631801605,-0.2747039794921875,-0.7558155059814453,2
1771108837109,-0.49413788318634033,-1.4090652465820312,-1.8835170269012451,2
1771108837186,0.24782323837280273,0.1138296127319336,0.4784228801727295,2
1771108837295,-0.47188907861709595,-0.07650279998779297,1.3130404949188232,2
1771108837394,-0.7697004079818726,-0.949162483215332,-0.20202136039733887,2
1771108837502,0.2652047872543335,-0.502324104309082,0.4947183132171631,2
1771108837611,0.04663737118244171,-0.881744384765625,-0.22492122650146484,2
1771108837713,0.29486674070358276,-0.6653499603271484,-0.7057211399078369,2
1771108837819,0.1738685667514801,-0.11405754089355469,-0.32979798316955566,2
1771108837922,0.8399806618690491,0.36362648010253906,1.30019211769104,2
1771108838031,-0.032717376947402954,-0.3011178970336914,1.960740089416504,2
1771108838193,0.2806068956851959,0.22611045837402344,1.3422131538391113,2
1771108838245,-0.07316750288009644,-0.24405765533447266,-0.14673948287963867,2
1771108838345,0.026618897914886475,0.6578044891357422,1.064866065979004,2
1771108838454,0.93148273229599,-0.3817930221557617,0.5452241897583008,2
1771108838555,-0.4823648929595947,0.3180828094482422,-0.15599727630615234,2
1771108838666,0.3485201299190521,0.07141780853271484,0.860210657119751,2
1771108838771,-0.4260104298591614,0.43393898010253906,1.7004542350769043,2
1771108838874,0.8859239816665649,-0.47258472442626953,0.5187115669250488,2
1771108838979,0.2542800009250641,0.12127971649169922,-1.463300347328186,2
1771108839088,-0.3139885663986206,0.665532112121582,1.3240370750427246,2
1771108839199,0.1501370668411255,0.32117557525634766,0.9657020568847656,2
1771108839305,-1.2745438814163208,-1.2124662399291992,-0.4110863208770752,2
1771108839413,0.548766016960144,-0.12640094757080078,-0.30318522453308105,2
1771108839521,-0.5730922222137451,0.8297853469848633,-1.7364155054092407,2
1771108839630,-0.18466928601264954,-0.6666374206542969,-1.1726617813110352,2
1771108839749,-1.7095282077789307,-1.0429182052612305,-0.9439501762390137,2
1771108839838,0.23498541116714478,0.5355329513549805,-1.6883865594863892,2
1771108839939,-0.05965322256088257,0.3359966278076172,0.5816588401794434,2
1771108840049,-0.19338606297969818,0.19563865661621094,-0.03711867332458496,2
1771108840193,-1.6504590511322021,0.8504056930541992,-1.058722734451294,2
1771108840265,0.5014608502388,-0.05259132385253906,-1.9357329607009888,2
1771108840372,0.38927510380744934,1.023716926574707,1.5523526668548584,2
1771108840481,0.7889823317527771,0.013733863830566406,0.3767068386077881,2
1771108840589,-0.4332215189933777,-0.08067703247070312,0.7940423488616943,2
1771108840697,-0.3089364171028137,-0.697052001953125,-0.4521934986114502,2
1771108840807,-0.43134602904319763,-1.1854629516601562,-1.262779951095581,2
1771108840915,-0.8276445269584656,0.17025279998779297,-1.6444311141967773,2
1771108841025,-0.024160847067832947,1.318002700805664,0.8811640739440918,2
1771108841177,-0.5034878849983215,0.21747684478759766,1.0082767009735107,2
1771108841231,0.31702500581741333,-0.9004735946655273,0.6256189346313477,2
1771108841332,0.4915454387664795,-0.06829452514648438,1.4819056987762451,2
1771108841441,0.3726394772529602,-0.03009319305419922,0.8329939842224121,2
1771108841549,-0.431148499250412,1.2635068893432617,-0.9125816822052002,2
1771108841658,0.6199305057525635,1.2349472045898438,1.0436694622039795,2
1771108841770,-0.09552410989999771,-0.5928125381469727,0.010766983032226562,2
1771108841874,-0.18382540345191956,-0.054012298583984375,0.8514342308044434,2
1771108841982,-0.041548438370227814,0.6732816696166992,-0.46715247631073,2
1771108842091,0.10085608065128326,0.4286651611328125,-0.016068458557128906,2
1771108842191,0.021120458841323853,-1.0996713638305664,-0.13190102577209473,2
1771108842299,-0.2762157917022705,-0.08746623992919922,-0.9990750551223755,2
1771108842400,0.6994646787643433,0.17898941040039062,2.064152240753174,2
1771108842509,-0.38953346014022827,-0.11377716064453125,0.7879867553710938,2
1771108842621,-0.17280526459217072,0.0023488998413085938,-1.4913125038146973,2
1771108842792,0.08729401975870132,-0.29477787017822266,0.012348175048828125,2
1771108842833,1.1574372053146362,0.3625621795654297,0.25600409507751465,2
1771108842942,0.7009426951408386,-0.43088722229003906,2.7050020694732666,2
1771108843054,0.1088230311870575,0.8628463745117188,-0.3616931438446045,2
1771108843167,0.6033238172531128,-0.31087398529052734,-0.6255950927734375,2
1771108843267,0.5064702033996582,-0.3586130142211914,1.3447656631469727,2
1771108843376,-0.8177182078361511,-0.23091793060302734,-0.6467118263244629,2
1771108843476,-0.8852769732475281,-0.07705307006835938,-0.25804758071899414,2
1771108843584,-0.14088174700737,-0.5925674438476562,-0.34333062171936035,2
1771108843684,-0.9795179963111877,0.2866077423095703,-0.4544123411178589,2
1771108843792,0.08831784129142761,-0.17726707458496094,-1.357456088066101,2
1771108843902,-0.09002740681171417,0.11673641204833984,-1.314056396484375,2
1771108844010,1.1908142566680908,-0.46219539642333984,1.3569507598876953,2
1771108844164,-0.027737658470869064,0.8386802673339844,0.9460339546203613,2
1771108844227,0.08054685592651367,-0.07042789459228516,-0.1259915828704834,2
1771108844335,-0.03215819597244263,0.8033933639526367,0.019044876098632812,2
1771108844438,-0.3857441842556,1.0844411849975586,-1.4372121095657349,2
1771108844544,-0.6541450023651123,1.1083974838256836,0.5425374507904053,2
1771108844652,-0.1048947423696518,-0.21878814697265625,1.4735431671142578,2
1771108844761,0.25999873876571655,-1.2822895050048828,-1.1876463890075684,2
1771108844881,-0.5435910224914551,-0.44905948638916016,1.1112611293792725,2
1771108844976,0.8897667527198792,1.074965476989746,0.5665857791900635,2
1771108845077,0.283144474029541,-1.2529621124267578,0.9517035484313965,2
1771108845189,-1.0082770586013794,-0.06300163269042969,-0.20674657821655273,2
1771108845294,0.3491245210170746,-0.9768667221069336,0.9431979656219482,2
1771108845402,0.5970505475997925,-1.578239917755127,0.41693663597106934,2
1771108845503,-0.44420820474624634,-0.41335487365722656,-0.054705142974853516,2
1771108845611,-0.38532888889312744,-1.0054750442504883,0.4294273853302002,2
1771108845719,-0.12903977930545807,-0.22397804260253906,-0.6118724346160889,2
1771108845830,0.0045614540576934814,-0.1460275650024414,-2.939581871032715,2
1771108845929,-0.4556261897087097,0.05381202697753906,-0.18790054321289062,2
1771108846040,-0.033370330929756165,-0.25692272186279297,1.0719678401947021,2
1771108846157,0.957047164440155,-0.5361623764038086,-0.06544256210327148,2
1771108846245,0.3630116581916809,1.2777290344238281,0.18465232849121094,2
1771108846354,0.32354360818862915,-1.0143775939941406,-2.406111717224121,2
1771108846461,0.5178698301315308,-1.0462284088134766,-0.6299548149108887,2
1771108846570,-1.4622961282730103,-4.104267120361328,-3.1798486709594727,2
1771108846670,-1.429461121559143,1.618220329284668,-0.43381428718566895,2
1771108846772,-0.21031393110752106,-0.9614801406860352,0.18451762199401855,2
1771108846882,-0.5134819746017456,1.2338123321533203,-0.5645151138305664,2
1771108846982,-0.4944142997264862,-0.24975013732910156,-0.5267713069915771,2
1771108847086,-0.3265349864959717,-0.8574848175048828,-0.5373477935791016,2
1771108847190,0.5626441240310669,-0.6213827133178711,-0.36432957649230957,2
1771108847296,-0.45997345447540283,0.9410037994384766,-1.3227555751800537,2
1771108847404,0.40557098388671875,-0.6726751327514648,1.680190086364746,2
1771108847513,-0.6957826614379883,-0.6883125305175781,1.5355422496795654,2
1771108847620,0.020805537700653076,-0.8382024765014648,-0.3957805633544922,2
1771108847766,0.7619627118110657,0.1051321029663086,0.9370002746582031,2
1771108847838,0.35167503356933594,0.1884479522705078,0.6551969051361084,2
1771108847947,-0.17096272110939026,0.34380245208740234,0.5105469226837158,2
1771108848055,0.20885109901428223,-0.011821746826171875,-0.3749995231628418,2
1771108848159,0.7282201051712036,1.035597801208496,0.9151709079742432,2
1771108848264,0.013706952333450317,-0.4219331741333008,2.219759702682495,2
1771108848372,-0.9914371967315674,0.3455190658569336,-1.2023224830627441,2
1771108848472,0.05390232801437378,0.829742431640625,-0.0033409595489501953,2
1771108848585,0.06471371650695801,-0.31249427795410156,-0.7003371715545654,2
1771108848689,0.45492762327194214,0.0828866958618164,1.8821156024932861,2
1771108848790,-0.2750755846500397,-0.09358692169189453,0.784665584564209,2
1771108848898,0.36272233724594116,-0.3929100036621094,0.0659637451171875,2
1771108849006,0.9570827484130859,-0.5994415283203125,-0.22270512580871582,2
1771108849154,-0.24896761775016785,0.4192018508911133,0.49391770362854004,2
1771108849214,0.5307093858718872,0.27736377716064453,0.8251357078552246,2
1771108849323,-0.12316980957984924,0.35236358642578125,-1.166730284690857,2
1771108849431,0.5771923661231995,1.798675537109375,-0.9013922214508057,2
1771108849540,-0.4238385260105133,0.8831453323364258,-0.9412764310836792,2
1771108849648,0.4135405421257019,-0.07546615600585938,1.457313060760498,2
1771108849769,-0.5217164754867554,0.22281360626220703,-1.3642288446426392,2
1771108849857,-0.3148171901702881,0.6746129989624023,-0.8321219682693481,2
1771108849959,-0.082333505153656,-0.27764225006103516,-0.14926743507385254,2
1771108850065,-0.4279177188873291,0.3921022415161133,-0.27243638038635254,2
1771108850185,0.3212313652038574,1.3958568572998047,0.6760356426239014,2
1771108850275,0.8359543085098267,0.3997840881347656,0.6855485439300537,2
1771108850382,-0.2799253463745117,0.1544790267944336,-0.6435394287109375,2
1771108850491,0.19894938170909882,0.1105194091796875,-1.6107786893844604,2
1771108850600,-0.7094053030014038,0.5674123764038086,-0.06044507026672363,2
1771108850707,-0.8193297982215881,-0.044231414794921875,0.25229501724243164,2
1771108850808,-0.281249076128006,0.8434858322143555,1.2331044673919678,2
1771108850917,0.15244707465171814,-1.0142621994018555,-0.870624303817749,2
1771108851024,-0.16562333703041077,1.0897607803344727,-0.9296232461929321,2
1771108851141,0.35742032527923584,0.3513650894165039,-0.6047663688659668,2
1771108851233,-0.170986145734787,0.3124818801879883,0.7522404193878174,2
1771108851334,0.17133629322052002,0.37136363983154297,-0.2724761962890625,2
1771108851442,0.18211042881011963,-0.22662639617919922,-3.164288282394409,2
1771108851550,-0.20347093045711517,-1.0501070022583008,1.7257084846496582,2
1771108851658,1.0347398519515991,0.33712100982666016,0.37453126907348633,2
1771108851768,0.2952221632003784,0.2447185516357422,-0.6089808940887451,2
1771108851875,0.28390127420425415,1.4044561386108398,0.23061108589172363,2
1771108851984,-0.855147123336792,-0.9510307312011719,0.27726125717163086,2
1771108852131,0.1270391047000885,0.8641996383666992,0.09317350387573242,2
1771108852226,0.05663296580314636,0.27498722076416016,-0.9893777370452881,2
1771108852311,0.017124265432357788,0.6257009506225586,-1.075019121170044,2
1771108852418,-0.6259057521820068,2.032918930053711,-0.6604442596435547,2
1771108852528,0.6680683493614197,-0.5425968170166016,0.3252217769622803,2
1771108852634,0.2734523117542267,-0.028841018676757812,0.7410061359405518,2
1771108852773,1.0288176536560059,0.5244350433349609,1.9699668884277344,2
1771108852851,-0.3805190920829773,1.944798469543457,0.6792557239532471,2
1771108852960,-0.15289641916751862,-0.46367740631103516,0.986936092376709,2
1771108853063,-0.5230727195739746,-0.3529396057128906,-0.5849993228912354,2
1771108853186,-0.2203763723373413,0.022073745727539062,-1.0774850845336914,2
1771108853293,0.1742253601551056,0.2466297149658203,3.061314582824707,2
1771108853402,0.16105616092681885,0.5723953247070312,-1.2877622842788696,2
1771108853512,-1.113194465637207,0.38953590393066406,1.8718302249908447,2
1771108853618,-0.39091312885284424,-0.13779926300048828,0.1342768669128418,2
1771108853727,-0.010001301765441895,-0.3790740966796875,-0.48357701301574707,2
1771108853836,-1.1977787017822266,-0.49191856384277344,-1.3301165103912354,2
1771108853943,0.3630715310573578,0.47005653381347656,-0.5997574329376221,2
1771108854052,1.1512343883514404,0.28727245330810547,2.817091464996338,2
1771108854164,-0.999591588973999,0.8709583282470703,-0.3180878162384033,2
1771108854271,0.21087974309921265,0.9358453750610352,-0.05817866325378418,2
1771108854378,0.04599106311798096,0.4864187240600586,-1.38578200340271,2
1771108854486,-0.441336452960968,-1.3435850143432617,-0.9840846061706543,2
1771108854596,-0.6586403846740723,-0.7294301986694336,0.47963714599609375,2
1771108854704,0.21171438694000244,0.8635530471801758,0.15595626831054688,2
1771108854814,-0.7058156132698059,-1.820582389831543,-0.5402491092681885,2
1771108854912,-0.048470377922058105,-0.039748191833496094,-1.387508511543274,2
1771108855021,0.23770588636398315,0.21250247955322266,0.3916642665863037,2
1771108855147,0.9061815738677979,-0.11817646026611328,-0.12904572486877441,2
1771108855229,0.22685790061950684,0.0755605697631836,-0.41524243354797363,2
1771108855336,0.25457489490509033,1.0661535263061523,-0.5168297290802002,2
1771108855438,0.18808713555335999,0.9072895050048828,-0.18523359298706055,2
1771108855538,0.28182360529899597,-0.1738262176513672,2.248574733734131,2
1771108855646,-0.48508161306381226,1.1175823211669922,0.3771524429321289,2
1771108855770,0.601439356803894,1.1386632919311523,-2.65079402923584,2
1771108855863,1.2394853830337524,-1.1060829162597656,1.6304843425750732,2
1771108855971,0.6925411224365234,0.8967609405517578,2.0090396404266357,2
1771108856080,0.9986605644226074,0.6062450408935547,3.3272695541381836,2
1771108856181,0.09899856150150299,-0.4083900451660156,-1.0387921333312988,2
1771108856289,0.7835577726364136,-1.211771011352539,1.2401056289672852,2
1771108856396,-0.7051554918289185,0.22788524627685547,-2.5565314292907715,2
1771108856498,0.048497557640075684,0.4096555709838867,-1.1965019702911377,2
1771108856606,-0.10363076627254486,0.194091796875,1.0900166034698486,2
1771108856715,1.0827081203460693,-0.3329734802246094,0.6050028800964355,2
1771108856822,-0.851610541343689,-0.5196933746337891,-0.7575099468231201,2
1771108856922,-0.8598265647888184,1.7099637985229492,-4.258214473724365,2
1771108857032,-0.20343032479286194,3.9508113861083984,-3.7267889976501465,2
1771108857151,1.3290703296661377,-0.23662281036376953,1.4753837585449219,2
1771108857239,-1.1747465133666992,-0.011959075927734375,0.7638700008392334,2
1771108857349,-0.4870074987411499,2.1505918502807617,-0.7268490791320801,2
1771108857456,-0.752056896686554,0.7099685668945312,-0.5858936309814453,2
1771108857565,-0.40663084387779236,-0.33202362060546875,-1.294600009918213,2
1771108857673,0.2134874314069748,0.7768793106079102,0.20394563674926758,2
1771108857782,-0.5299049615859985,-0.7447671890258789,0.8611330986022949,2
1771108857881,-0.8384870886802673,0.7727289199829102,0.9699726104736328,2
1771108857990,1.0265419483184814,-0.5472555160522461,1.5129497051239014,2
1771108858142,-0.9532289505004883,-0.20500564575195312,-2.9058053493499756,2
1771108858199,0.9487705230712891,0.28533077239990234,0.7263634204864502,2
1771108858307,0.4852536618709564,0.04077911376953125,0.5316293239593506,2
1771108858408,0.7668576240539551,-1.1697425842285156,1.0863840579986572,2
1771108858515,-0.6226329803466797,1.3037805557250977,-2.0451693534851074,2
1771108858624,-0.3484949469566345,0.33325862884521484,0.3829770088195801,2
1771108858732,-0.30412936210632324,1.0661001205444336,-2.082399368286133,2
1771108858840,0.05562625825405121,0.07602691650390625,-0.23284387588500977,2
1771108858949,0.1351042091846466,1.1329669952392578,0.7026734352111816,2
1771108859058,0.8555935025215149,-0.7237567901611328,0.43539881706237793,2
1771108859217,-0.6148552298545837,-0.32174015045166016,-2.505836248397827,2
1771108859274,-0.4483857750892639,-0.5242729187011719,-1.5146903991699219,2
1771108859383,-0.7040888071060181,0.9069375991821289,-0.7864313125610352,2
1771108859495,0.760953426361084,-0.2876577377319336,1.9747862815856934,2
1771108859592,-0.081052266061306,0.06659126281738281,-0.35178184509277344,2
1771108859699,-0.3362575173377991,-1.5880918502807617,0.5048601627349854,2
1771108859800,-0.7370030283927917,0.15040111541748047,-1.6847898960113525,2
1771108859901,-0.147507905960083,-0.5420866012573242,0.6503944396972656,2
1771108860011,-0.4396415054798126,0.7411413192749023,0.0841226577758789,2
1771108860130,-0.6224467754364014,-0.10991954803466797,-1.2912712097167969,2
1771108860217,0.2749606966972351,0.03997325897216797,-0.36150097846984863,2
1771108860325,-0.44372040033340454,0.8761997222900391,-0.42659592628479004,2
1771108860426,0.3955574333667755,0.06859779357910156,1.4829902648925781,2
1771108860533,1.1934747695922852,-0.31482791900634766,0.47992825508117676,2
1771108860635,-0.5667003393173218,0.9808921813964844,-0.4920010566711426,2
1771108860775,0.0201541930437088,-0.5959014892578125,2.7735965251922607,2
1771108860852,0.3191251754760742,1.2725553512573242,2.4041714668273926,2
1771108860964,-0.5534476041793823,0.23114967346191406,-1.1366575956344604,2
1771108861071,0.5900819897651672,1.1425771713256836,-0.6824257373809814,2
1771108861193,-1.0367364883422852,0.1992053985595703,-1.1107112169265747,2
1771108861287,-1.4066591262817383,0.3361959457397461,0.7471566200256348,2
1771108861394,1.1085455417633057,-0.3866701126098633,-1.8942064046859741,2
1771108861494,0.8535720109939575,-0.4004650115966797,1.0025854110717773,2
1771108861601,0.18521887063980103,0.7420263290405273,0.9345784187316895,2
1771108861710,0.9174903035163879,-0.5670261383056641,1.6741087436676025,2
1771108861811,-0.026003779843449593,-0.35426998138427734,-1.302786111831665,2
1771108861918,0.23484723269939423,0.07566261291503906,-0.18526387214660645,2
1771108862021,0.4354850947856903,0.5343303680419922,0.025536060333251953,2
1771108862178,0.5851577520370483,0.16970252990722656,0.6072864532470703,2
1771108862241,0.6038984656333923,0.03555583953857422,0.35323452949523926,2
1771108862345,0.3133726119995117,-0.45424842834472656,-1.3160743713378906,2
1771108862454,-0.3652609586715698,1.7739782333374023,-2.105417490005493,2
1771108862561,0.63127201795578,-0.24941158294677734,0.9728150367736816,2
1771108862670,0.5618884563446045,-0.37038612365722656,0.9731688499450684,2
1771108862789,0.4670306146144867,0.638153076171875,0.38773036003112793,2
1771108862878,0.48486441373825073,1.5423040390014648,-1.1621030569076538,2
1771108862987,0.009946461766958237,-0.8596391677856445,-0.49979686737060547,2
1771108863142,-0.47326037287712097,0.26964759826660156,0.2969989776611328,2
1771108863208,0.38242480158805847,-0.8093557357788086,0.3139946460723877,2
1771108863304,-1.0275914669036865,0.47551441192626953,-1.2971217632293701,2
1771108863412,-0.6392695307731628,0.03667926788330078,-0.8289945125579834,2
1771108863522,1.0991101264953613,0.2869987487792969,0.810394287109375,2
1771108863628,-0.2188546359539032,-0.9841575622558594,0.3175234794616699,2
1771108863730,-0.09005191922187805,1.004652976989746,-2.701300621032715,2
1771108863837,0.33483168482780457,-0.3442544937133789,0.43984484672546387,2
1771108863949,-0.22260184586048126,0.16848468780517578,-0.7623655796051025,2
1771108864054,0.08400854468345642,0.05873584747314453,-1.4296969175338745,2
1771108864166,-0.06508538126945496,0.07153129577636719,-0.21372008323669434,2
1771108864271,0.5423315763473511,-0.3504819869995117,1.566727638244629,2
1771108864371,-0.05442476272583008,-0.22452068328857422,0.6952135562896729,2
1771108864482,-0.6745135188102722,-0.5168437957763672,0.03699326515197754,2
1771108864589,0.3007998466491699,-1.6344923973083496,-0.4738650321960449,2
1771108864697,-1.216205358505249,0.6427507400512695,-2.6356351375579834,2
1771108864805,0.3646385073661804,0.8557300567626953,-1.0186028480529785,2
1771108864905,-0.7216325402259827,-0.2217245101928711,-2.0974361896514893,2
1771108865006,-0.10332944244146347,0.38504791259765625,-0.9960763454437256,2
1771108865116,-0.5982288122177124,1.5776453018188477,-1.337385654449463,2
1771108865223,0.14189857244491577,-0.28662872314453125,0.7620315551757812,2
1771108865331,-0.5387049317359924,1.9370336532592773,1.3036935329437256,2
1771108865431,0.1868567317724228,-0.02591991424560547,1.369537591934204,2
1771108865539,-0.5175939202308655,1.4079275131225586,-2.208637237548828,2
1771108865648,-1.0498014688491821,-0.5696563720703125,-1.8809878826141357,2
1771108865778,0.287162184715271,-2.3462934494018555,-4.216894149780273,2
1771108865865,1.2069528102874756,-7.59965705871582,-1.9016695022583008,2
1771108865975,0.27369773387908936,-2.2541794776916504,0.24753594398498535,2
1771108866081,-0.47008436918258667,-1.4887666702270508,0.8751175403594971,2
1771108866205,-0.020218536257743835,2.6732282638549805,3.154540538787842,2
1771108866308,-0.3874492049217224,2.112457275390625,0.7652733325958252,2
1771108866418,0.8055796027183533,-0.3148002624511719,0.6162505149841309,2
1771108866524,-0.011402592062950134,0.1933279037475586,-0.8947383165359497,2
1771108866632,0.3203272819519043,-0.14581012725830078,-0.3429856300354004,2
1771108866734,-0.3811771273612976,1.9621496200561523,-0.47522616386413574,2
1771108866842,0.30215156078338623,0.37944793701171875,0.2207777500152588,2
1771108866950,-0.5186760425567627,0.30774688720703125,0.5855696201324463,2
1771108867057,-0.3196905553340912,2.092940330505371,-0.6762601137161255,2
1771108867189,-0.6964582204818726,0.21746253967285156,-0.1502525806427002,2
1771108867275,-0.522391140460968,1.2474336624145508,-0.5039997100830078,2
1771108867383,-0.16817137598991394,-0.43607234954833984,-0.965325117111206,2
1771108867483,0.3514302372932434,-0.040283203125,0.24237728118896484,2
1771108867585,0.7846242189407349,-0.376861572265625,0.43643689155578613,2
1771108867692,-0.385959655046463,1.2361564636230469,-1.54476797580719,2
1771108867806,-0.40680956840515137,0.9395904541015625,0.06964230537414551,2
1771108867900,0.16548274457454681,-0.1308155059814453,-0.23588800430297852,2
1771108868008,-0.29726284742355347,1.7467117309570312,-1.8571438789367676,2
1771108868187,0.7083649039268494,-0.7098722457885742,0.21483421325683594,2
1771108868225,-0.2758328914642334,-0.6961774826049805,-1.7365400791168213,2
1771108868334,0.462754487991333,1.2746667861938477,0.4224095344543457,2
1771108868443,-0.26046961545944214,1.097233772277832,-0.30956244468688965,2
1771108868551,0.2881825566291809,0.5225992202758789,-0.3261716365814209,2
1771108868651,0.18979628384113312,0.47147369384765625,0.37133264541625977,2
1771108868787,-0.6347792148590088,0.5429182052612305,-1.930843472480774,2
1771108868868,0.3089138865470886,-0.2995491027832031,1.3178603649139404,2
1771108868978,-0.12406028807163239,0.6662588119506836,0.5477068424224854,2
1771108869085,1.5856740474700928,-0.14333534240722656,0.541020393371582,2
1771108869190,1.5841848850250244,1.4599123001098633,-0.27690839767456055,2
1771108869293,1.1914886236190796,2.1912155151367188,0.6615290641784668,2
1771108869406,2.2695374488830566,-1.5763092041015625,-1.5965497493743896,2
1771108869511,-0.4262674152851105,0.16150379180908203,-2.432058572769165,2
1771108869621,-0.5104894638061523,-0.5600471496582031,-2.0636048316955566,2
1771108869727,0.38366416096687317,0.20449161529541016,-0.7447841167449951,2
1771108869827,0.8035348653793335,-0.2077922821044922,-0.36595118045806885,2
1771108869935,0.4060744345188141,1.580906867980957,0.6073849201202393,2
1771108870040,-2.0234034061431885,1.422018051147461,-2.4488863945007324,2
1771108870155,-0.13247156143188477,0.1697826385498047,-0.2760810852050781,2
1771108870248,0.22846141457557678,-0.3092002868652344,1.2260708808898926,2
1771108870353,0.5482456684112549,0.32114410400390625,0.34662365913391113,2
1771108870461,0.07928997278213501,0.5013160705566406,0.025039196014404297,2
1771108870561,-0.3647812008857727,1.4373950958251953,0.09733152389526367,2
1771108870669,1.0361541509628296,0.4032764434814453,-0.3079535961151123,2
1771108870791,-0.615129828453064,-0.007587432861328125,0.059276580810546875,2
1771108870873,0.2315211296081543,-0.7488889694213867,-0.4127674102783203,2
1771108870978,-0.7315436005592346,-0.027204513549804688,-0.02963876724243164,2
1771108871086,-0.34650537371635437,0.3715343475341797,-1.638919711112976,2
1771108871189,0.9977086782455444,-0.06315422058105469,0.21523451805114746,2
1771108871295,0.9996126294136047,0.8668689727783203,-0.16657721996307373,2
1771108871404,-0.6619255542755127,1.5276689529418945,-0.29635119438171387,2
1771108871515,0.15695631504058838,-0.05022716522216797,0.3172485828399658,2
1771108871621,-0.5229837894439697,-0.18193531036376953,0.4998040199279785,2
1771108871732,1.2636593580245972,0.23322677612304688,1.3580167293548584,2
1771108871837,-0.6276649832725525,0.9655055999755859,-0.2971101999282837,2
1771108871938,-0.19369345903396606,-0.7341136932373047,2.257615327835083,2
1771108872047,0.3812111020088196,-0.6426706314086914,1.56575345993042,2
1771108872199,-0.1263866424560547,-0.6507701873779297,-0.09520184993743896,2
1771108872264,0.6718708872795105,0.6331987380981445,-1.0312798023223877,2
1771108872371,-0.71018385887146,-0.9613761901855469,1.2771716117858887,2
1771108872480,0.06545430421829224,0.7228002548217773,-0.1583857536315918,2
1771108872589,0.17089581489562988,0.015074729919433594,0.12162947654724121,2
1771108872689,-0.35149261355400085,-0.36602020263671875,1.0921669006347656,2
1771108872797,0.022138208150863647,0.18520069122314453,0.7659144401550293,2
1771108872908,-0.37857159972190857,-0.649139404296875,0.06040596961975098,2
1771108873014,0.29096344113349915,0.4542818069458008,1.8769981861114502,2
1771108873152,-0.12400400638580322,-1.045623779296875,-0.6797170639038086,2
1771108873230,0.285191148519516,0.3928995132446289,0.903435468673706,2
1771108873341,-0.49407514929771423,-1.2278203964233398,1.1016793251037598,2
1771108873447,0.24603143334388733,-0.8046283721923828,0.0008721351623535156,2
1771108873555,-0.8358998894691467,1.2672786712646484,-0.42421483993530273,2
1771108873664,0.3854059875011444,0.7165918350219727,0.6945788860321045,2
1771108873782,0.7323206067085266,0.4854278564453125,0.330873966217041,2
1771108873881,0.46918025612831116,-0.4239816665649414,1.2245793342590332,2
1771108873990,-0.13180628418922424,0.46929359436035156,-1.6711868047714233,2
1771108874144,-0.2884959280490875,-0.18048381805419922,1.0168681144714355,2
1771108874199,0.20053869485855103,-1.7080459594726562,1.913825511932373,2
1771108874303,0.23203754425048828,-0.37631893157958984,0.08936643600463867,2
1771108874409,0.15886995196342468,0.5623378753662109,-1.0687949657440186,2
1771108874518,0.9822371006011963,-0.4316978454589844,1.1666128635406494,2
1771108874624,-0.29238590598106384,0.8369827270507812,-0.8009364604949951,2
1771108874734,-0.19997955858707428,0.5352373123168945,2.024578332901001,2
1771108874844,0.304825097322464,0.43671703338623047,-0.15258479118347168,2
1771108874951,-0.7649056911468506,-1.241459846496582,-2.12845516204834,2
1771108875057,-1.0525002479553223,0.17528152465820312,1.4605541229248047,2
1771108875166,-0.8104740977287292,-0.21657943725585938,0.05543231964111328,2
1771108875266,0.19094307720661163,-0.7911539077758789,0.3200695514678955,2
1771108875366,-0.41724008321762085,0.3886690139770508,-1.3597723245620728,2
1771108875476,-0.33611851930618286,-1.3617000579833984,-0.6554806232452393,2
1771108875583,0.6335978507995605,-0.22240161895751953,1.3048584461212158,2
1771108875683,-0.7317954301834106,0.3457765579223633,-0.3164060115814209,2
1771108875795,0.17296230792999268,0.22538375854492188,0.7670292854309082,2
1771108875901,0.08721956610679626,0.6681728363037109,-0.1978435516357422,2
1771108876009,-0.0622500479221344,-0.4675025939941406,0.7415432929992676,2
1771108876156,-0.2444881796836853,0.1979360580444336,-2.225313186645508,2
1771108876226,-0.5491837859153748,0.4587554931640625,-1.0334100723266602,2
1771108876334,-0.9319292902946472,0.9043655395507812,0.04412961006164551,2
1771108876441,-0.2995653748512268,-2.396725654602051,0.29032397270202637,2
1771108876543,0.339863657951355,-0.03533172607421875,1.904599666595459,2
1771108876651,-0.30142298340797424,-0.5362548828125,4.579540729522705,2
1771108876792,0.8027088642120361,0.7114114761352539,0.4582638740539551,2
1771108876869,-1.1364997625350952,1.7650957107543945,-0.6059305667877197,2
1771108876976,0.32434970140457153,-1.211319923400879,0.29456567764282227,2
1771108877084,0.6320793032646179,-1.04742431640625,-0.4090547561645508,2
1771108877211,0.38723665475845337,-1.4291353225708008,-0.2385251522064209,2
1771108877317,1.0767420530319214,-0.001529693603515625,2.9056460857391357,2
1771108877418,0.7879915237426758,1.6082210540771484,-0.7269093990325928,2
1771108877527,-0.8162571787834167,1.1172962188720703,-1.3285880088806152,2
1771108877634,-0.0817742645740509,-0.6042938232421875,0.855724573135376,2
1771108877735,0.8463656902313232,1.1602249145507812,1.0207514762878418,2
1771108877844,0.4262711703777313,-0.988896369934082,-0.586266279220581,2
1771108877952,1.0321424007415771,1.1756258010864258,2.074563980102539,2
1771108878060,-0.29581204056739807,-0.19254493713378906,-1.220691204071045,2
1771108878236,-1.3260301351547241,-1.3408269882202148,-0.8004686832427979,2
1771108878277,-0.9523691534996033,-0.12707901000976562,-0.5210361480712891,2
1771108878378,0.6939881443977356,-0.887516975402832,0.08229398727416992,2
1771108878482,-0.36362218856811523,-0.577733039855957,-2.346796989440918,2
1771108878586,0.029853060841560364,1.681640625,-0.8666796684265137,2
1771108878694,0.25512710213661194,-1.3715887069702148,0.33104467391967773,2
1771108878805,1.1891494989395142,-0.08751392364501953,3.3600564002990723,2
1771108878904,0.2089654952287674,-0.9340152740478516,-0.10049319267272949,2
1771108879012,-0.1030021458864212,-0.020854949951171875,1.551147699356079,2
1771108879120,0.1865246593952179,0.2916679382324219,-1.156328797340393,2
1771108879242,0.28792092204093933,-1.4959049224853516,1.8573367595672607,2
1771108879379,1.149177074432373,0.16356277465820312,2.391691207885742,2
1771108879498,0.17636801302433014,-1.1217107772827148,-0.9970860481262207,2
1771108879562,-0.032686591148376465,-1.2554378509521484,1.062685251235962,2
1771108879670,0.4061838388442993,0.6482362747192383,-0.06766438484191895,2
1771108879793,-0.637795627117157,1.5693092346191406,-1.2429280281066895,2
1771108879880,-0.5818876028060913,0.1759042739868164,-1.626023292541504,2
1771108879992,-2.396458864212036,1.4154300689697266,-1.8890873193740845,2
1771108880134,-1.2759761810302734,1.9743022918701172,-1.076306939125061,2
1771108880206,-0.5207857489585876,2.010321617126465,-0.7203365564346313,2
1771108880306,0.11355510354042053,-1.007253646850586,-0.15508008003234863,2
1771108880416,0.24892276525497437,0.7950048446655273,0.4791862964630127,2
1771108880514,1.0638006925582886,0.9998941421508789,1.096031665802002,2
1771108880621,-0.3445291221141815,-2.3535890579223633,0.8901288509368896,2
1771108880730,-2.0210793018341064,0.4483003616333008,-1.6209914684295654,2
1771108880839,1.6142083406448364,-0.5963239669799805,1.4298181533813477,2
1771108880947,-0.4979246258735657,-0.5798759460449219,2.6620917320251465,2
1771108881055,0.25784173607826233,2.07501220703125,-0.8557082414627075,2
1771108881192,0.07460516691207886,1.6761035919189453,-0.4867987632751465,2
1771108881264,-0.3209630250930786,-0.16200542449951172,-2.1979379653930664,2
1771108881365,-0.015178024768829346,0.15566158294677734,0.5537362098693848,2
1771108881472,0.13768123090267181,-0.08687400817871094,0.6872475147247314,2
1771108881580,0.38039126992225647,1.1619281768798828,-0.8154436349868774,2
1771108881681,1.2717711925506592,-1.5008964538574219,1.2555859088897705,2
1771108881801,0.03996596112847328,-1.5934133529663086,-0.21959137916564941,2
1771108881897,-0.756083071231842,0.8402910232543945,-3.1401889324188232,2
1771108881998,0.4234946072101593,-1.1363039016723633,-0.7632218599319458,2
1771108882099,1.0279347896575928,0.4424448013305664,-0.7227874994277954,2
1771108882207,1.147132158279419,0.43322277069091797,0.8210320472717285,2
1771108882306,0.015521228313446045,0.9958248138427734,-0.10915946960449219,2
1771108882417,-0.26887860894203186,0.3541412353515625,0.11356616020202637,2
1771108882515,-0.6933238506317139,-0.5204715728759766,1.9536669254302979,2
1771108882624,0.8148219585418701,0.8141841888427734,-0.004246711730957031,2
1771108882735,-0.7464762330055237,-0.16368865966796875,0.4684288501739502,2
1771108882840,0.8559719324111938,-0.6001796722412109,-0.11412978172302246,2
1771108882942,-0.9098776578903198,1.3431148529052734,-2.2186312675476074,2
1771108883049,-0.3327048420906067,-0.16850662231445312,-0.7717549800872803,2
1771108883187,-0.5374067425727844,-1.2053585052490234,-0.6126224994659424,2
1771108883257,-0.3398473262786865,-0.6498928070068359,-0.4387228488922119,2
1771108883366,0.6117595434188843,-0.6497611999511719,0.8378779888153076,2
1771108883476,-1.4671028852462769,1.6747503280639648,-2.3487305641174316,2
1771108883582,-0.7792027592658997,-0.09465408325195312,-1.1945371627807617,2
1771108883683,0.39611655473709106,-1.569427490234375,0.8687210083007812,2
1771108883801,-0.6356555223464966,1.2112531661987305,-0.8932065963745117,2
1771108883899,-0.06008213758468628,0.27058887481689453,1.663994550704956,2
1771108884001,-0.3360098898410797,2.114251136779785,-1.1325180530548096,2
1771108884111,-0.6495178937911987,1.1061534881591797,-1.056295394897461,2
1771108884244,-0.09740091115236282,-0.4125709533691406,-0.16597628593444824,2
1771108884325,-0.5015034675598145,1.1409835815429688,-0.7708785533905029,2
1771108884433,0.6228898763656616,-0.2604808807373047,-0.5999307632446289,2
1771108884534,0.1634652316570282,1.163747787475586,-0.34163999557495117,2
1771108884643,0.12353411316871643,1.1016521453857422,-0.5801472663879395,2
1771108884750,-0.24352237582206726,-0.9013185501098633,-0.10152268409729004,2
1771108884859,0.5615969896316528,1.1234664916992188,-0.589106559753418,2
1771108884968,0.9549343585968018,0.2514810562133789,0.6893477439880371,2
1771108885076,-0.5844115018844604,-0.9502983093261719,0.4658629894256592,2
1771108885184,0.40510812401771545,1.4523992538452148,0.12822914123535156,2
1771108885286,-0.02945360541343689,-0.49090003967285156,0.4941089153289795,2
1771108885393,-0.354190856218338,1.0421762466430664,-1.4368908405303955,2
1771108885501,-0.2594950199127197,0.7522897720336914,-0.173598051071167,2
1771108885610,-0.8170138597488403,-0.8737106323242188,-2.086416721343994,2
1771108885718,-0.5265259742736816,1.1228208541870117,-1.8539459705352783,2
1771108885829,-0.7326585650444031,2.3535032272338867,-1.0182137489318848,2
1771108885935,-0.5196048617362976,-1.378342628479004,-0.7555654048919678,2
1771108886044,-0.8190126419067383,1.0978851318359375,-1.1922249794006348,2
1771108886164,-0.4469686448574066,-1.4086370468139648,-0.42131876945495605,2
1771108886268,-0.07381176948547363,-0.9420080184936523,0.02249741554260254,2
1771108886369,-0.9592657089233398,0.9232349395751953,-2.383178472518921,2
1771108886478,1.2122024297714233,-0.2832508087158203,3.2839901447296143,2
1771108886586,0.012105047702789307,2.0749711990356445,0.5398445129394531,2
1771108886688,-0.6185530424118042,0.9774923324584961,-1.436847448348999,2
1771108886814,0.667373776435852,1.5145454406738281,2.150895833969116,2
1771108886896,-1.074678897857666,-0.17613887786865234,-1.4679694175720215,2
1771108887003,-0.08783908188343048,-0.7051448822021484,-1.2255429029464722,2
1771108887148,-0.7043240666389465,-0.28629016876220703,0.5881121158599854,2
1771108887220,-0.624080240726471,-0.1008920669555664,-0.8840116262435913,2
1771108887328,0.09528850018978119,0.7221670150756836,-0.3665088415145874,2
1771108887438,1.1352437734603882,0.40616893768310547,-0.43825364112854004,2
1771108887545,-0.5219544172286987,-0.35866832733154297,-0.07420825958251953,2
1771108887653,0.5922666192054749,-0.8862161636352539,0.6951463222503662,2
1771108887757,-0.05155382305383682,1.4956865310668945,0.3451507091522217,2
1771108887863,0.28289636969566345,-0.09132575988769531,0.028211355209350586,2
1771108887964,-0.7736378312110901,0.14210891723632812,-2.176866292953491,2
1771108888071,0.35405856370925903,0.8594188690185547,-1.0806753635406494,2
1771108888199,-0.14426971971988678,0.08184337615966797,-0.8223570585250854,2
1771108888305,-0.2767185568809509,-1.166071891784668,0.2793649435043335,2
1771108888416,-0.06317892670631409,0.8326320648193359,-0.5352622270584106,2
1771108888522,0.10754844546318054,-0.38623619079589844,1.1674659252166748,2
1771108888631,0.5328890681266785,-0.1563253402709961,0.5337543487548828,2
1771108888739,-0.7728791832923889,0.44459056854248047,-1.0153979063034058,2
1771108888847,0.6775330305099487,-0.5522060394287109,0.08761405944824219,2
1771108888955,-0.22799168527126312,-0.17254638671875,0.6524169445037842,2
1771108889064,-0.209859237074852,0.851715087890625,-1.4527201652526855,2
1771108889236,-0.027242586016654968,-1.0261077880859375,0.9763259887695312,2
1771108889281,-1.1321192979812622,-1.5196304321289062,-0.5458532571792603,2
1771108889382,0.9259631037712097,1.294877052307129,-0.5843863487243652,2
1771108889489,-0.9848693013191223,-0.6312627792358398,0.24985218048095703,2
1771108889598,-0.10957352072000504,0.020676612854003906,0.6707906723022461,2
1771108889699,0.897524356842041,1.8906488418579102,-1.242828130722046,2
1771108889810,-0.3702744245529175,1.627018928527832,-0.06905817985534668,2
1771108889915,-0.12526780366897583,-1.4148750305175781,0.16689276695251465,2
1771108890024,-1.3946452140808105,-0.39600181579589844,0.028680801391601562,2
1771108890160,-0.6226469278335571,-1.8042736053466797,-0.09263277053833008,2
1771108890241,0.7947027683258057,-0.2675294876098633,-0.8994574546813965,2
1771108890349,-0.21343617141246796,0.1257495880126953,-0.7709183692932129,2
1771108890457,0.18629767000675201,0.371246337890625,-0.38876938819885254,2
1771108890566,0.49796733260154724,-0.16980743408203125,0.18780994415283203,2
1771108890674,-0.020604684948921204,-0.015206336975097656,0.4442441463470459,2
1771108890817,-0.10388694703578949,0.39061832427978516,0.06469488143920898,2
1771108890891,-0.0638917088508606,0.37746620178222656,-0.9831459522247314,2
1771108891000,0.6705741882324219,-0.3354988098144531,1.189002513885498,2
1771108891123,-0.7278890609741211,-0.29012584686279297,-1.5853476524353027,2
1771108891216,-1.0070148706436157,0.14165973663330078,-0.9257049560546875,2
1771108891325,1.0526814460754395,-0.8062610626220703,0.3792386054992676,2
1771108891433,-0.858013927936554,0.5544681549072266,-0.5440118312835693,2
1771108891533,0.44813698530197144,-0.3671684265136719,-0.7843129634857178,2
1771108891642,0.1413564682006836,-0.5971698760986328,-0.9526163339614868,2
1771108891742,0.28015923500061035,-0.6312599182128906,-0.6431376934051514,2
1771108891850,-0.4589062035083771,-0.1164703369140625,-1.081571102142334,2
1771108891959,-0.24690967798233032,1.4099454879760742,-1.6426002979278564,2
1771108892061,-0.20117703080177307,-0.39690399169921875,-0.6917240619659424,2
1771108892179,-0.30087709426879883,-1.122574806213379,0.293353796005249,2
1771108892284,0.17679300904273987,-1.2385225296020508,0.4522683620452881,2
1771108892393,-1.5348703861236572,0.5177774429321289,-1.7048617601394653,2
1771108892501,0.28660720586776733,0.8729095458984375,0.20599579811096191,2
1771108892609,0.35846924781799316,0.5577468872070312,1.8108241558074951,2
1771108892717,0.389896035194397,0.7696266174316406,0.5052392482757568,2
1771108892839,-0.6950815916061401,0.8686695098876953,-0.7062181234359741,2
1771108892927,-0.6106471419334412,-1.3665056228637695,-1.5239088535308838,2
1771108893034,0.25346022844314575,-0.4306058883666992,0.9035011529922485,2
1771108893195,-0.06431752443313599,0.1644296646118164,1.8237791061401367,2
1771108893244,0.09014680981636047,-1.0867738723754883,-0.509971022605896,2
1771108893344,0.3435686528682709,0.0017499923706054688,0.5298774242401123,2
1771108893452,-0.7212183475494385,-0.2136545181274414,-0.1983952522277832,2
1771108893562,0.03961881995201111,0.1571493148803711,-2.1574323177337646,2
1771108893669,-0.3577938973903656,0.1462545394897461,0.26695990562438965,2
1771108893777,0.5779083967208862,-1.1776456832885742,1.2286243438720703,2
1771108893886,-0.8299398422241211,0.7636566162109375,1.9912402629852295,2
1771108893994,0.9070241451263428,-0.7080049514770508,1.4362380504608154,2
1771108894140,0.14763636887073517,0.9882478713989258,-0.7868771553039551,2
1771108894206,-0.7495288848876953,-0.7678661346435547,0.44156789779663086,2
1771108894313,0.7080491781234741,-1.3130264282226562,1.2328641414642334,2
1771108894419,-0.512094259262085,1.0395374298095703,-0.3643510341644287,2
1771108894528,0.1690547615289688,1.0442914962768555,-0.256319522857666,2
1771108894636,0.5734310746192932,-0.7861642837524414,0.37795090675354004,2
1771108894736,-0.7484428882598877,1.6986284255981445,-0.7145287990570068,2
1771108894845,-0.35953325033187866,0.30939388275146484,-0.41660547256469727,2
1771108894953,0.4471626877784729,0.48671817779541016,0.9468052387237549,2
1771108895057,-0.6762166023254395,0.6018733978271484,-0.287045955657959,2
1771108895171,-0.39590197801589966,1.0581026077270508,-1.0854111909866333,2
1771108895278,-1.1078524589538574,1.6436481475830078,-2.9543793201446533,2
1771108895380,0.2091444432735443,0.7327976226806641,-0.5294144153594971,2
1771108895488,0.601752758026123,0.8102483749389648,0.18668270111083984,2
1771108895596,-0.5863187313079834,1.9643793106079102,-0.9049324989318848,2
1771108895704,0.9361189007759094,0.46921348571777344,0.563861608505249,2
1771108895822,0.2969997525215149,-1.2390708923339844,0.7597196102142334,2
1771108895913,-0.058155328035354614,0.27840614318847656,-2.5151007175445557,2
1771108896021,0.4390224814414978,-1.6498565673828125,1.5007128715515137,2
1771108896144,-0.29273420572280884,-0.8340415954589844,-1.9310007095336914,2
1771108896248,-0.2661268711090088,0.4351377487182617,0.35979652404785156,2
1771108896354,-0.1285558044910431,0.36152076721191406,0.3098633289337158,2
1771108896464,0.10544809699058533,0.9584007263183594,0.14237475395202637,2
1771108896571,0.7718401551246643,0.7118663787841797,-0.14105820655822754,2
1771108896681,-0.09497490525245667,-1.6775226593017578,-0.023941993713378906,2
1771108896790,0.3558498024940491,1.1877002716064453,-0.7230085134506226,2
1771108896898,-0.9991093873977661,1.250004768371582,-2.3021342754364014,2
1771108897005,0.11031275987625122,-1.2118206024169922,-1.289038896560669,2
1771108897139,-0.5924060344696045,-1.1160097122192383,-0.5483791828155518,2
1771108897222,0.6548811197280884,0.1352996826171875,0.7497391700744629,2
1771108897332,0.7343161106109619,0.5283098220825195,0.2967250347137451,2
1771108897439,-0.3974752724170685,2.360884666442871,-0.7464690208435059,2
1771108897548,-0.12043485045433044,-0.4860525131225586,0.602217435836792,2
1771108897655,-0.42254409193992615,-0.5323848724365234,-0.18161725997924805,2
1771108897756,0.009540557861328125,0.09138679504394531,-0.8391985893249512,2
1771108897864,0.6737401485443115,-1.1160697937011719,0.42005109786987305,2
1771108897966,-0.11039793491363525,0.7540750503540039,1.4170725345611572,2
1771108898072,-0.054557591676712036,-2.0440244674682617,1.8397901058197021,2
1771108898217,-1.099912166595459,-2.398552417755127,-1.3157799243927002,2
1771108898281,0.769566535949707,-1.2949905395507812,-0.8238277435302734,2
1771108898390,-0.5444725751876831,-0.11867904663085938,-0.7819684743881226,2
1771108898499,-1.5872939825057983,1.6260404586791992,-1.4565086364746094,2
1771108898607,0.9315215945243835,-1.122483253479004,1.9853014945983887,2
1771108898717,-0.6347167491912842,-1.241922378540039,-0.047243356704711914,2
1771108898840,0.9966340065002441,2.0113353729248047,-1.6287930011749268,2
1771108898923,1.112696886062622,-0.7845001220703125,-0.6144999265670776,2
1771108899027,0.3404393196105957,0.6468238830566406,0.9702134132385254,2
1771108899177,0.3791539967060089,-0.8726615905761719,-0.5598928928375244,2
1771108899240,-0.5836793780326843,0.4418182373046875,0.2121734619140625,2
1771108899341,0.4809751510620117,-0.9510326385498047,0.5657145977020264,2
1771108899449,-0.20154845714569092,-2.4302563667297363,-0.13555669784545898,2
1771108899558,-0.4077393114566803,0.8280601501464844,-0.9731602668762207,2
1771108899667,-0.8359988331794739,-1.705580711364746,-0.3284578323364258,2
1771108899767,0.27166324853897095,1.3457908630371094,-1.153232216835022,2
1771108899869,-0.5746997594833374,-1.3212461471557617,-0.025313377380371094,2
1771108899975,0.7783869504928589,-0.7405185699462891,0.1855604648590088,2
1771108900077,-0.09903840720653534,0.8016462326049805,0.20512962341308594,2
1771108900188,1.0836470127105713,1.3638420104980469,-0.7256067991256714,2
1771108900292,-1.4315073490142822,1.151895523071289,-1.6629972457885742,2
1771108900400,-0.01459495723247528,0.07479190826416016,0.4897141456604004,2
1771108900508,-0.6188982129096985,-1.4403057098388672,-1.4018995761871338,2
1771108900618,0.21265758574008942,0.13117599487304688,0.19353413581848145,2
1771108900725,0.7970056533813477,-0.8673696517944336,0.9884316921234131,2
1771108900836,0.09810803830623627,-0.8197841644287109,0.013134241104125977,2
1771108900941,0.45489582419395447,0.6774044036865234,-0.4760030508041382,2
1771108901042,-0.6555418968200684,-0.8881025314331055,0.7367956638336182,2
1771108901166,-0.8503115773200989,-0.588409423828125,-0.9284141063690186,2
1771108901251,-0.04734237492084503,-1.1712760925292969,-0.25572967529296875,2
1771108901359,0.16013792157173157,-0.22463512420654297,0.6371016502380371,2
1771108901468,-1.2402958869934082,1.6192035675048828,0.18270039558410645,2
1771108901578,-1.786838173866272,-0.5763645172119141,-0.4222637414932251,2
1771108901685,0.3270569145679474,1.4956741333007812,-1.3646918535232544,2
1771108901793,0.48493310809135437,1.3578519821166992,0.3604789972305298,2
1771108901905,-0.7099571824073792,-0.08038616180419922,3.03225040435791,2
1771108902011,-4.646312236785889,0.9530515670776367,-2.589370012283325,2
1771108902146,2.375565528869629,0.46288490295410156,-0.6975106000900269,2
1771108902228,-1.212729811668396,0.03601551055908203,-0.24154138565063477,2
1771108902337,-1.3802026510238647,1.9648666381835938,1.5369168519973755,2
1771108902450,-0.9180199503898621,2.354241371154785,-0.5010062456130981,2
1771108902544,3.029724597930908,-0.5634298324584961,-0.8326531648635864,2
1771108902657,0.9870859980583191,1.3916645050048828,0.6821374893188477,2
1771108902760,-1.6399328708648682,1.183568000793457,2.2529690265655518,2
1771108902863,-1.034401774406433,-0.022356033325195312,2.7136120796203613,2
1771108902963,-1.3393473625183105,-0.6041355133056641,3.002375602722168,2
1771108903070,0.9641439318656921,1.190871238708496,1.0185973644256592,2
1771108903193,-1.584915280342102,1.4225654602050781,0.24673235416412354,2
1771108903295,0.2893083989620209,0.01671886444091797,-1.578704595565796,2
1771108903404,-0.1800864040851593,-0.7278060913085938,0.152915358543396,2
1771108903504,-1.3301937580108643,0.7239913940429688,0.9576157331466675,2
1771108903605,0.5877929925918579,1.075160026550293,2.055413246154785,2
1771108903712,2.322572708129883,-1.1455230712890625,-0.8907229900360107,2
1771108903837,-0.2579958140850067,0.7058382034301758,-4.046505928039551,2
1771108903922,0.31074023246765137,-2.420485496520996,-0.6841871738433838,2
1771108904029,0.3255031704902649,0.210205078125,-2.2959628105163574,2
1771108904138,0.1146700531244278,-2.1226634979248047,-1.5065866708755493,2
1771108904259,1.085508942604065,-0.9506311416625977,-1.9021086692810059,2
1771108904364,-1.3539975881576538,0.1266326904296875,0.24692797660827637,2
1771108904473,-1.0496788024902344,0.9751014709472656,-1.098685622215271,2
1771108904579,1.159454345703125,0.0014133453369140625,1.5023527145385742,2
1771108904690,0.6807864904403687,0.6538152694702148,-1.4090110063552856,2
1771108904789,2.1661956310272217,-1.1407451629638672,0.07686471939086914,2
1771108904896,-1.318831443786621,0.2017498016357422,1.5859651565551758,2
1771108905005,-1.1193599700927734,0.3899087905883789,-1.0399534702301025,2
1771108905137,-1.7572015523910522,-0.46943187713623047,-1.041936993598938,2
1771108905239,-1.229922890663147,0.18100833892822266,0.08383822441101074,2
1771108905339,-0.1946127563714981,-0.691558837890625,-0.6221951246261597,2
1771108905448,1.1477820873260498,-0.5760993957519531,-0.670268177986145,2
1771108905555,0.18721351027488708,-0.18674373626708984,-0.30987048149108887,2
1771108905656,1.6869728565216064,0.27664756774902344,1.295982837677002,2
1771108905765,0.3171822130680084,1.329390525817871,-3.263611316680908,2
1771108905872,0.3211711049079895,-0.2415447235107422,1.040463924407959,2
1771108905981,2.093202590942383,0.8184728622436523,0.25510215759277344,2
1771108906135,0.14189593493938446,-0.7669296264648438,0.09013962745666504,2
1771108906198,0.08130642771720886,0.8079690933227539,-0.22561120986938477,2
1771108906298,0.3952552378177643,0.6743679046630859,-1.752129316329956,2
1771108906407,0.03197098523378372,0.6784257888793945,-1.4524595737457275,2
1771108906515,0.5663025379180908,0.3321533203125,1.2206028699874878,2
1771108906617,-0.6071494817733765,0.3006887435913086,-0.7125766277313232,2
1771108906723,-0.9993571043014526,-1.4465913772583008,-1.3235642910003662,2
1771108906839,0.4157976806163788,-1.185215950012207,0.8821537494659424,2
1771108906932,-0.7679198980331421,0.723414421081543,-1.243274211883545,2
1771108907033,-0.2590366303920746,-0.29717445373535156,-0.2399439811706543,2
1771108907156,-0.31881478428840637,-0.8722047805786133,0.5151317119598389,2
1771108907249,0.9624510407447815,1.0657377243041992,1.6061574220657349,2
1771108907350,-0.35689741373062134,0.02822589874267578,0.17543935775756836,2
1771108907459,0.01842077076435089,-2.4214611053466797,0.6650469303131104,2
1771108907565,-0.09842602908611298,-1.585747241973877,0.783444881439209,2
1771108907666,-0.2541079521179199,-0.005267143249511719,1.4228277206420898,2
1771108907775,0.009354288689792156,-0.2563018798828125,0.9234890937805176,2
1771108907883,-0.1746593564748764,-1.2392301559448242,-0.5419645309448242,2
1771108907983,-0.48226866126060486,-0.49249935150146484,-0.28404712677001953,2
1771108908091,0.28714731335639954,-0.8108329772949219,1.2914912700653076,2
1771108908212,0.34488192200660706,-0.5075960159301758,-0.2632925510406494,2
1771108908317,-0.5864909291267395,0.14832782745361328,-2.2728049755096436,2
1771108908417,0.09577465057373047,-0.38164710998535156,-0.03589224815368652,2
1771108908526,-0.2692270874977112,-1.501180648803711,-0.7401714324951172,2
1771108908627,-1.2858195304870605,0.08210372924804688,-1.1093454360961914,2
1771108908733,0.8047906756401062,-1.4438419342041016,-0.9060648679733276,2
1771108908843,0.5168127417564392,-1.0105276107788086,1.361983299255371,2
1771108908944,0.37170809507369995,1.205399513244629,0.4501368999481201,2
1771108909053,-0.08748627454042435,-0.531590461730957,-0.3781147003173828,2
1771108909178,-0.216814786195755,-1.2775239944458008,1.2203145027160645,2
1771108909284,0.016807280480861664,-1.555224895477295,-0.791229248046875,2
1771108909385,-1.0985263586044312,-0.08642005920410156,-0.4159066677093506,2
1771108909492,0.19568374752998352,-1.0360546112060547,-0.8813167810440063,2
1771108909595,0.311583012342453,-0.30126380920410156,-1.0804715156555176,2
1771108909702,-0.27209585905075073,1.0739898681640625,-0.9127702713012695,2
1771108909849,0.43609508872032166,1.821122169494629,1.5727386474609375,2
1771108909920,0.2434472143650055,0.6644210815429688,-0.8407223224639893,2
1771108910026,-0.32237666845321655,1.5841655731201172,-1.901258945465088,2
1771108910152,-0.23553702235221863,0.850102424621582,-0.9189260005950928,2
1771108910234,0.017804846167564392,0.5410013198852539,-0.44330644607543945,2
1771108910346,0.5352821946144104,1.886662483215332,0.17030763626098633,2
1771108910451,-0.502787172794342,0.512822151184082,-0.12891435623168945,2
1771108910553,0.6478886604309082,-0.3820619583129883,1.7466745376586914,2
1771108910661,0.019275188446044922,0.60546875,0.6330032348632812,2
1771108910769,0.7694704532623291,0.1848745346069336,1.5958003997802734,2
1771108910878,0.013632401823997498,-1.022726058959961,0.910771369934082,2
1771108910986,-0.1373285949230194,0.5643949508666992,-1.286240577697754,2
1771108911095,-1.067476749420166,-0.6226997375488281,-0.1974334716796875,2
1771108911204,-0.273449569940567,-0.5217514038085938,-0.7396312952041626,2
1771108911312,0.6376038193702698,-0.3095102310180664,0.07139229774475098,2
1771108911419,0.05774164944887161,1.8598546981811523,0.1946549415588379,2
1771108911524,-0.09240727126598358,-1.195551872253418,0.014262914657592773,2
1771108911622,0.5293129086494446,1.0606908798217773,-0.8774034976959229,2
1771108911728,-1.292542576789856,-1.2224082946777344,1.4296550750732422,2
1771108911843,0.8314979076385498,-1.5424304008483887,0.6750919818878174,2
1771108911946,-1.2562440633773804,-0.6734294891357422,-2.594139337539673,2
1771108912057,-0.285790354013443,0.06200218200683594,-1.076360821723938,2
1771108912186,-0.6353145241737366,0.44323158264160156,-3.431412696838379,2
1771108912290,0.6855461597442627,-1.2265663146972656,0.7999124526977539,2
1771108912398,0.10676361620426178,0.6030406951904297,-0.16478705406188965,2
1771108912504,-0.3554575741291046,1.2160863876342773,-2.24626088142395,2
1771108912613,0.8020328283309937,-0.1370401382446289,1.3756754398345947,2
1771108912721,0.3298657536506653,-1.0879173278808594,1.2919244766235352,2
1771108912851,1.1712175607681274,-0.608769416809082,4.05972957611084,2
1771108912938,-0.21283791959285736,-1.2756156921386719,3.275235891342163,2
1771108913046,0.27959588170051575,-0.7443294525146484,-0.668065071105957,2
1771108913158,-0.4153096079826355,1.283233642578125,-1.4071775674819946,2
1771108913264,-0.5580529570579529,0.08649063110351562,-0.6207411289215088,2
1771108913372,-0.45171475410461426,-2.293198585510254,-0.9490261077880859,2
1771108913473,-0.9044249057769775,1.033609390258789,-1.2312920093536377,2
1771108913580,-0.9145813584327698,0.10853004455566406,0.3254690170288086,2
1771108913689,0.17790944874286652,0.07073974609375,-0.42229533195495605,2
1771108913797,0.5549050569534302,1.449751853942871,-0.10999751091003418,2
1771108913897,-0.4586537778377533,-0.07915401458740234,0.8586554527282715,2
1771108914009,0.33849599957466125,-1.241668701171875,-0.5755188465118408,2
1771108914114,0.6445711255073547,1.1663618087768555,0.31136178970336914,2
1771108914230,-0.4131402373313904,1.1587886810302734,-2.7991342544555664,2
1771108914331,0.31688588857650757,-1.734382152557373,1.1790218353271484,2
1771108914439,0.30243566632270813,0.42693233489990234,-1.3285009860992432,2
1771108914550,-0.5425703525543213,1.3473215103149414,-3.040912389755249,2
1771108914656,-0.3836110532283783,0.1970348358154297,0.5195257663726807,2
1771108914756,0.07931545376777649,-0.2773103713989258,-1.9018363952636719,2
1771108914867,0.5132347345352173,2.4003047943115234,-3.428422451019287,2
1771108914973,0.07095968723297119,-1.649247169494629,0.8538873195648193,2
1771108915073,0.5780414938926697,2.356337547302246,-0.16354680061340332,2
1771108915177,-0.11746649444103241,-1.7603702545166016,-1.6249557733535767,2
1771108915283,0.5250770449638367,-0.5441675186157227,2.601391077041626,2
1771108915390,1.0419070720672607,0.6095113754272461,-0.7247617244720459,2
1771108915498,0.39091357588768005,0.06949996948242188,-1.0523076057434082,2
1771108915607,-0.16606470942497253,-0.6052122116088867,0.9401929378509521,2
1771108915716,0.24106892943382263,0.2277507781982422,0.9465043544769287,2
1771108915847,0.02662619948387146,0.16057395935058594,0.563542366027832,2
1771108915924,0.6410926580429077,-1.215348243713379,0.8175129890441895,2
1771108916032,0.4251580834388733,2.8917770385742188,0.8947081565856934,2
1771108916163,-0.422447144985199,1.1740455627441406,-1.120194673538208,2
1771108916249,-0.07796382904052734,-0.7178058624267578,-0.21430706977844238,2
1771108916359,-0.12526628375053406,1.2061519622802734,-0.6372709274291992,2
1771108916467,-0.018759578466415405,1.6837921142578125,-2.4966955184936523,2
1771108916575,-0.23613548278808594,1.2548742294311523,0.8831169605255127,2
1771108916683,0.003251194953918457,-0.7112340927124023,-3.0354771614074707,2
1771108916783,-0.2713756561279297,1.0385761260986328,-4.136233329772949,2
1771108916892,0.07760223746299744,-1.2679862976074219,1.5232064723968506,2
1771108916999,-0.003765583038330078,0.34842395782470703,-1.1281077861785889,2
1771108917155,-0.8179820775985718,-0.5782804489135742,-0.6778428554534912,2
1771108917210,-0.8704541325569153,-0.870244026184082,-0.7323222160339355,2
1771108917330,1.3332042694091797,0.9488916397094727,-1.3293066024780273,2
1771108917426,0.4537036716938019,-0.5859384536743164,-0.5705301761627197,2
1771108917533,-1.154963731765747,-1.4453744888305664,-2.067316770553589,2
1771108917642,0.4531758427619934,2.4346160888671875,-0.9555096626281738,2
1771108917742,-0.267882376909256,0.5736360549926758,-1.7651385068893433,2
1771108917888,-0.217542365193367,0.4338226318359375,1.2353856563568115,2
1771108917961,-1.0495884418487549,1.0072145462036133,-0.9280054569244385,2
1771108918068,-0.4163380265235901,-1.3505229949951172,-0.275881290435791,2
1771108918184,0.22381722927093506,-0.8763046264648438,1.0064477920532227,2
1771108918277,0.4080083966255188,1.9582576751708984,0.4467296600341797,2
1771108918386,0.0935978889465332,-1.0458383560180664,1.5864033699035645,2
1771108918492,-0.7590579390525818,0.9711685180664062,-1.9386786222457886,2
1771108918601,-0.3745015859603882,0.575984001159668,-0.8136060237884521,2
1771108918709,-0.6890626549720764,-1.6144156455993652,0.48323631286621094,2
1771108918818,-0.41720902919769287,-0.5304908752441406,-0.4455873966217041,2
1771108918927,0.08368358016014099,0.43681812286376953,-0.42763781547546387,2
1771108919035,0.16610610485076904,-0.7252254486083984,0.35477375984191895,2
1771108919155,-0.27866581082344055,0.5188789367675781,-1.600459337234497,2
1771108919248,0.19999480247497559,-0.6604557037353516,1.4432590007781982,2
1771108919352,0.03731897473335266,-0.4099702835083008,0.5688302516937256,2
1771108919460,-0.3800782859325409,1.5855207443237305,-0.03232598304748535,2
1771108919568,-1.2187085151672363,-0.7943830490112305,-1.1648380756378174,2
1771108919677,0.041955530643463135,1.3126144409179688,-1.7092231512069702,2
1771108919785,0.6417829394340515,0.010039329528808594,0.9882056713104248,2
1771108919903,-0.49867188930511475,-0.9383363723754883,1.9378764629364014,2
1771108920003,0.845569372177124,0.7884502410888672,-0.7107748985290527,2
1771108920128,0.010320305824279785,0.3355073928833008,-0.20618891716003418,2
1771108920211,-0.12364429980516434,0.06523323059082031,-1.2576448917388916,2
1771108920320,-0.10023937374353409,-0.572840690612793,-1.3674598932266235,2
1771108920427,-0.7314406037330627,-1.0618829727172852,-1.7519316673278809,2
1771108920528,-0.7816604375839233,2.394500732421875,-0.20508265495300293,2
1771108920639,0.7025064826011658,-0.2327260971069336,0.5621640682220459,2
1771108920744,-0.5897833108901978,1.2254533767700195,-1.4723360538482666,2
1771108920859,-0.06326067447662354,1.055525779724121,-1.7729793787002563,2
1771108920965,-1.2882481813430786,-1.1613101959228516,-0.6509944200515747,2
1771108921062,-1.077552080154419,1.9112482070922852,-1.4096801280975342,2
1771108921171,0.811267614364624,0.2769184112548828,-0.6199159622192383,2
1771108921276,0.6444283127784729,0.46041107177734375,0.09536910057067871,2
1771108921380,-0.3227909207344055,0.11284923553466797,-0.1753079891204834,2
1771108921490,0.18448016047477722,-0.567051887512207,-0.29711413383483887,2
1771108921598,0.03018290363252163,1.4511070251464844,0.27432680130004883,2
1771108921705,0.22509902715682983,0.35825347900390625,0.8208286762237549,2
1771108921812,0.094339519739151,1.2989530563354492,-0.5332452058792114,2
1771108921924,0.20461569726467133,1.6145811080932617,-0.5975717306137085,2
1771108922032,-0.2689549922943115,-1.986466407775879,1.8949992656707764,2
1771108922195,-1.2196139097213745,-2.0230607986450195,-0.4933435916900635,2
1771108922247,0.6762843132019043,-1.3630828857421875,-0.5746357440948486,2
1771108922357,0.7521004676818848,0.578094482421875,1.5070745944976807,2
1771108922460,-0.0024087131023406982,2.0128936767578125,0.45291852951049805,2
1771108922563,1.0868955850601196,1.0210132598876953,1.6577396392822266,2
1771108922672,-1.2531929016113281,0.3646097183227539,1.3802716732025146,2
1771108922780,-0.6964225172996521,-0.22657108306884766,-0.988770604133606,2
1771108922889,-0.04744952917098999,0.48239994049072266,0.5231406688690186,2
1771108922997,-0.3835195004940033,0.003849029541015625,0.08689236640930176,2
1771108923109,-0.27581921219825745,0.14577102661132812,1.1665031909942627,2
1771108923252,0.06873264908790588,-0.32073402404785156,3.0230607986450195,2
1771108923314,0.07942953705787659,0.8111753463745117,-1.123699426651001,2
1771108923426,0.49743199348449707,0.17545700073242188,0.19758391380310059,2
1771108923533,-0.1288047581911087,-0.5830287933349609,-0.577873945236206,2
1771108923635,0.009865954518318176,0.18377399444580078,0.020674943923950195,2
1771108923740,0.018966443836688995,-0.03215217590332031,1.3427212238311768,2
1771108923862,0.07698473334312439,-0.3902902603149414,-1.2616757154464722,2
1771108923949,0.8763399124145508,-1.1699914932250977,1.121201992034912,2
1771108924056,0.00643487274646759,0.8838777542114258,0.6823558807373047,2
1771108924186,-0.0787089616060257,0.15944385528564453,-0.5941634178161621,2
1771108924276,-1.2749711275100708,-0.5738372802734375,-1.619607925415039,2
1771108924382,-0.15144672989845276,0.5027933120727539,0.719231128692627,2
1771108924493,-1.1501137018203735,0.37094974517822266,0.5187475681304932,2
1771108924621,-0.409924179315567,-0.11637115478515625,0.012784004211425781,2
1771108924724,0.24857698380947113,-0.5590982437133789,1.042180061340332,2
1771108924868,-0.038596488535404205,0.028287887573242188,0.37589335441589355,2
1771108924941,0.687908947467804,0.4258308410644531,1.5631804466247559,2
1771108925041,0.582410991191864,-0.5708656311035156,0.42864418029785156,2
1771108925149,0.24666713178157806,-0.541316032409668,0.8905975818634033,2
1771108925297,0.6363545656204224,1.2351083755493164,0.44635438919067383,2
1771108925358,0.37572094798088074,1.5451993942260742,0.09164619445800781,2
1771108925466,-0.31385210156440735,-0.6917667388916016,-0.7885475158691406,2
1771108925576,0.4125097990036011,-0.1740884780883789,1.3980803489685059,2
1771108925684,0.18284569680690765,-0.5024089813232422,-0.664086103439331,2
1771108925792,0.2767661213874817,0.24419879913330078,-1.3778847455978394,2
1771108925893,0.03879149258136749,-0.7302236557006836,-1.549504041671753,2
1771108926007,-0.023454487323760986,-1.2560062408447266,1.9918186664581299,2
1771108926111,0.339478462934494,-0.7111310958862305,2.9102935791015625,2
1771108926212,0.35627931356430054,-1.9501104354858398,1.7771952152252197,2
1771108926317,-0.9831340312957764,1.1444969177246094,-0.23518061637878418,2
1771108926426,0.2833605408668518,-0.23640155792236328,0.6357817649841309,2
1771108926534,0.17477329075336456,-1.2870492935180664,-0.5670323371887207,2
1771108926635,1.0308479070663452,0.9002523422241211,-0.0220944881439209,2
1771108926743,-0.5560150742530823,0.25447845458984375,-1.0726052522659302,2
1771108926864,0.5691930055618286,1.6791152954101562,0.542914867401123,2
1771108926964,-0.4308319687843323,-1.4367752075195312,-0.9423282146453857,2
1771108927068,0.6691704392433167,1.4269952774047852,1.5413212776184082,2
1771108927196,0.8615201115608215,-0.4018888473510742,0.8673446178436279,2
1771108927277,-1.5199402570724487,1.9321966171264648,-0.8133764266967773,2
1771108927385,0.1279522180557251,-0.6055307388305664,0.23258090019226074,2
1771108927494,0.1170807033777237,-0.2386455535888672,1.1415410041809082,2
1771108927597,0.3513410985469818,1.3558950424194336,-2.9402647018432617,2
1771108927702,-0.1023731604218483,1.2334060668945312,-0.41701507568359375,2
1771108927811,0.9698151350021362,0.5799331665039062,1.6275205612182617,2
1771108927919,0.4000621438026428,0.35234642028808594,1.9856586456298828,2
1771108928027,0.4293043315410614,0.31659889221191406,-0.09521079063415527,2
1771108928136,0.7429095506668091,-0.22765350341796875,0.16301441192626953,2
1771108928244,0.6165440678596497,0.7454137802124023,0.3101191520690918,2
1771108928355,-0.07387744635343552,-0.5756187438964844,0.36292600631713867,2
1771108928461,0.04745388776063919,-1.4288005828857422,0.44283318519592285,2
1771108928569,-0.025829195976257324,0.7843313217163086,-0.4031381607055664,2
1771108928678,0.639721155166626,1.2515592575073242,0.34538984298706055,2
1771108928786,-0.14804571866989136,0.03085041046142578,0.189194917678833,2
1771108928887,0.6655383110046387,0.6508474349975586,0.946157693862915,2
1771108928996,0.3244500160217285,0.5055389404296875,-0.024625778198242188,2
1771108929119,0.21535497903823853,0.839848518371582,-0.4026660919189453,2
1771108929204,1.0236320495605469,0.13809871673583984,-0.29766249656677246,2
1771108929314,0.08295729011297226,-1.2673559188842773,-0.8351364135742188,2
1771108929412,-0.7154490351676941,-0.3774232864379883,-1.0392050743103027,2
1771108929520,0.010413393378257751,-0.5378389358520508,2.0584733486175537,2
1771108929629,0.6163068413734436,-1.2383060455322266,1.4111342430114746,2
1771108929740,0.04530998319387436,1.0434417724609375,0.08158087730407715,2
1771108929869,-0.1993275284767151,-0.2206859588623047,0.6134500503540039,2
1771108929957,0.47319820523262024,-0.5566987991333008,0.5041007995605469,2
1771108930073,-0.24978436529636383,-0.21314144134521484,0.9336662292480469,2
1771108930183,0.3973558843135834,-0.09600353240966797,-0.1555328369140625,2
1771108930288,0.4572323262691498,-0.6007843017578125,1.4043207168579102,2
1771108930399,-1.0138397216796875,1.3585386276245117,-2.7445156574249268,2
1771108930499,0.04707925766706467,-0.1500844955444336,0.9928765296936035,2
1771108930606,-0.24289445579051971,-0.03351593017578125,-0.8852665424346924,2
1771108930714,-0.11820172518491745,-0.4434995651245117,-0.010066032409667969,2
1771108930822,-0.7602154612541199,-0.2144308090209961,0.06406879425048828,2
1771108930931,-0.15039274096488953,-0.35605812072753906,-0.26021718978881836,2
1771108931040,0.19381996989250183,-0.8660421371459961,-2.2970311641693115,2
1771108931186,-0.258475661277771,-0.3733673095703125,-0.2732410430908203,2
1771108931249,0.6260229349136353,-0.04841136932373047,0.29612088203430176,2
1771108931357,-0.38341471552848816,-0.20917892456054688,-1.7160660028457642,2
1771108931465,-0.0032204370945692062,0.7186107635498047,-0.4843759536743164,2
1771108931573,0.00034051574766635895,-0.1139669418334961,-0.9792546033859253,2
1771108931674,-0.14144861698150635,-0.23351287841796875,0.030048131942749023,2
1771108931782,0.0068082138895988464,0.8826255798339844,-1.5461941957473755,2
1771108931890,0.25290536880493164,-0.4694242477416992,1.460961103439331,2
1771108931999,0.6802948117256165,0.8409929275512695,0.9873793125152588,2
1771108932133,0.32638245820999146,-0.7660703659057617,1.123222827911377,2
1771108932216,-0.1703396737575531,0.33466434478759766,0.12940311431884766,2
1771108932323,0.13042350113391876,-0.562225341796875,-1.1980655193328857,2
1771108932433,0.07966697216033936,-0.6537332534790039,0.7816855907440186,2
1771108932533,-0.5366466045379639,0.6047658920288086,0.6309800148010254,2
1771108932641,0.6140218377113342,-0.5809173583984375,0.2694356441497803,2
1771108932751,-0.28196340799331665,-0.5433063507080078,1.9011826515197754,2
1771108932876,0.7001703381538391,-0.7214441299438477,2.606813669204712,2
1771108932966,0.4336596429347992,0.8403244018554688,0.19551968574523926,2
1771108933074,0.3550998270511627,-0.20542621612548828,1.191530704498291,2
1771108933185,-0.050153374671936035,0.9052848815917969,-1.3893320560455322,2
1771108933291,-0.7747794985771179,0.3963613510131836,-1.4042953252792358,2
1771108933391,-0.4503510594367981,0.9495105743408203,-1.3870418071746826,2
1771108933501,1.0219124555587769,-0.1566457748413086,1.4509847164154053,2
1771108933616,-0.6182352900505066,-0.19937705993652344,0.9055578708648682,2
1771108933749,0.19000175595283508,-0.07041072845458984,0.27854275703430176,2
1771108933825,1.1242897510528564,-0.09992504119873047,1.1370272636413574,2
1771108933933,0.7892388701438904,-0.9800100326538086,0.5727856159210205,2
1771108934034,-0.49442869424819946,-0.028344154357910156,0.3428688049316406,2
1771108934152,0.5761588215827942,0.06509590148925781,0.4834573268890381,2
1771108934262,-0.6385940909385681,-0.33507251739501953,-1.4468307495117188,2
1771108934359,0.5350440144538879,-0.20488643646240234,-0.8643597364425659,2
1771108934471,-0.22770829498767853,-0.7984075546264648,1.7362754344940186,2
1771108934576,-0.4384765625,-0.08997249603271484,-2.2228505611419678,2
1771108934686,0.5220468044281006,1.1877260208129883,0.6250486373901367,2
1771108934793,0.14469680190086365,-0.04611396789550781,1.0288829803466797,2
1771108934894,-0.35365378856658936,0.6851091384887695,-1.0707740783691406,2
1771108935002,-0.3409101963043213,0.38214969635009766,0.8595438003540039,2
1771108935105,0.4258975684642792,0.6748819351196289,1.1674282550811768,2
1771108935210,-0.5660048723220825,-1.9226875305175781,-0.7655237913131714,2
1771108935320,-1.0330464839935303,-0.6711091995239258,-1.0828126668930054,2
1771108935426,0.8879172205924988,0.2670421600341797,-0.6939659118652344,2
1771108935531,-0.16166730225086212,-0.9277896881103516,1.109822392463684,2
1771108935635,0.39825448393821716,0.1002960205078125,-0.20822012424468994,2
1771108935744,0.27770066261291504,-0.22986698150634766,0.6228578090667725,2
1771108935875,-0.3727729022502899,0.8264675140380859,-0.2804839611053467,2
1771108935952,-0.6407312750816345,0.8074703216552734,-1.594089150428772,2
1771108936061,-0.18491744995117188,0.6003847122192383,-1.973280429840088,2
1771108936176,0.05127747356891632,0.0129547119140625,0.46276140213012695,2
1771108936278,0.6883326768875122,-0.8337631225585938,-0.40447771549224854,2
1771108936388,-0.6294490694999695,0.7982292175292969,-1.0850294828414917,2
1771108936494,-0.6322826147079468,1.3376693725585938,0.0043392181396484375,2
1771108936603,1.2012181282043457,-0.8784503936767578,3.653266668319702,2
1771108936705,0.3107486665248871,1.8224830627441406,-2.248405933380127,2
1771108936812,0.7909523248672485,2.0395822525024414,0.07191348075866699,2
1771108936922,0.14214292168617249,-0.6392383575439453,0.33521580696105957,2
1771108937028,0.11486567556858063,-0.8667097091674805,-0.0691685676574707,2
1771108937171,-1.200892448425293,0.7361240386962891,-1.7497740983963013,2
1771108937245,-0.47381946444511414,-0.45136547088623047,0.012009859085083008,2
1771108937355,-0.14229705929756165,-1.0844764709472656,-0.6789363622665405,2
1771108937464,0.18533846735954285,1.602457046508789,-0.3135141134262085,2
1771108937570,-0.05333047732710838,0.15041351318359375,-1.5954577922821045,2
1771108937671,-0.25073280930519104,-1.4241876602172852,-0.3708937168121338,2
1771108937772,-0.22261545062065125,0.8967685699462891,-0.4434739351272583,2
1771108937880,0.07946640253067017,-0.2512807846069336,1.032520055770874,2
1771108937989,-0.5730531215667725,-0.06459426879882812,1.6749560832977295,2
1771108938096,-0.2513021230697632,-1.606065273284912,-0.003938436508178711,2
1771108938265,0.5924232006072998,-0.8569784164428711,1.8298454284667969,2
1771108938315,0.8636009693145752,-0.44368839263916016,0.5566086769104004,2
1771108938413,0.818433403968811,1.820021629333496,1.7364161014556885,2
1771108938521,-0.806797981262207,-0.4858255386352539,0.8854871988296509,2
1771108938631,0.30115020275115967,-0.5323238372802734,2.970503091812134,2
1771108938740,-0.3103940784931183,0.9912605285644531,2.616436243057251,2
1771108938873,-0.5814133882522583,0.9383049011230469,-1.4511973857879639,2
1771108938958,-0.2486317753791809,1.5996112823486328,0.6132290363311768,2
1771108939063,0.12323030829429626,0.8612604141235352,-1.265148639678955,2
1771108939234,-0.4475642740726471,-0.3088035583496094,-0.23087525367736816,2
1771108939281,-0.5757901072502136,-1.5403695106506348,1.3496966361999512,2
1771108939380,0.1640942096710205,0.8595514297485352,1.333155870437622,2
1771108939493,-0.9348983764648438,1.3023853302001953,-2.3992369174957275,2
1771108939597,1.2816013097763062,0.36054134368896484,1.0156428813934326,2
1771108939706,-0.9169923663139343,1.380746841430664,0.5941605567932129,2
1771108939814,-0.7199138402938843,-0.32805824279785156,-0.3364684581756592,2
1771108939917,-0.08138725161552429,-1.2766094207763672,1.5990381240844727,2
1771108940024,0.501096785068512,-0.03424549102783203,0.46234750747680664,2
1771108940124,0.22730346024036407,0.6122531890869141,0.014102697372436523,2
1771108940383,-0.19383306801319122,2.2439069747924805,-0.8261771202087402,2
1771108940385,-0.19383306801319122,2.2439069747924805,-0.8261771202087402,2
1771108940450,-0.8955855369567871,-0.046352386474609375,-2.0189318656921387,2
1771108940560,-0.6295689344406128,-0.21436786651611328,-0.657912015914917,2
1771108940660,0.7348040342330933,0.6906757354736328,-0.3841664791107178,2
1771108940766,0.1870325207710266,-0.23509979248046875,0.06882309913635254,2
1771108940888,-0.5220824480056763,-0.25545501708984375,0.3423643112182617,2
1771108940975,0.6189391016960144,1.3652534484863281,-0.9361495971679688,2
1771108941086,-0.5453530550003052,-0.311767578125,-0.41168642044067383,2
1771108941196,0.9291682243347168,-0.32250404357910156,1.0471739768981934,2
1771108941300,0.33111995458602905,-1.6128063201904297,0.7527215480804443,2
1771108941408,-0.12395665049552917,0.19593048095703125,-1.6933701038360596,2
1771108941510,-0.47728192806243896,0.9833393096923828,0.5988337993621826,2
1771108941617,-0.11557245254516602,-1.185028076171875,0.017862796783447266,2
1771108941725,0.4136134386062622,0.8305368423461914,0.24207520484924316,2
1771108941835,-0.15915906429290771,0.23295116424560547,-0.5595345497131348,2
1771108941942,0.20818498730659485,0.20405292510986328,-0.4700201749801636,2
1771108942043,-0.3476485311985016,0.3619060516357422,-0.31591737270355225,2
1771108942159,0.2877355217933655,1.5475473403930664,0.5915875434875488,2
1771108942261,0.5402029156684875,-0.5397710800170898,0.015525102615356445,2
1771108942360,1.012267827987671,-1.487290382385254,0.7386589050292969,2
1771108942468,0.012306421995162964,0.5084056854248047,-1.3246835470199585,2
1771108942577,-0.028172612190246582,0.26032543182373047,-0.5305881500244141,2
1771108942684,-0.9089827537536621,0.38910865783691406,-1.1862335205078125,2
1771108942793,0.768099308013916,-0.44339466094970703,1.0227558612823486,2
1771108942901,-0.5053815841674805,0.8665103912353516,-0.1209636926651001,2
1771108943002,0.0993887335062027,-0.9307594299316406,0.5684695243835449,2
1771108943110,-0.9152665138244629,0.18823814392089844,-0.7066712379455566,2
1771108943219,-0.6620974540710449,0.9982919692993164,-2.238887310028076,2
1771108943327,-0.23706433176994324,0.9235639572143555,-1.8569345474243164,2
1771108943428,0.22478878498077393,-1.6309928894042969,1.028374433517456,2
1771108943536,0.8255794644355774,0.3741483688354492,1.6377097368240356,2
1771108943644,0.1016603410243988,1.5722074508666992,-1.9865611791610718,2
1771108943753,1.1541255712509155,1.1791009902954102,0.7273863554000854,2
1771108943898,0.2858337461948395,-1.3509931564331055,1.7487428188323975,2
1771108943969,-0.5761799812316895,-1.125741958618164,0.24701881408691406,2
1771108944078,-0.1054791808128357,-0.04532051086425781,-0.5256266593933105,2
1771108944188,0.40970727801322937,1.8702983856201172,0.32451653480529785,2
1771108944294,0.050933968275785446,0.3319568634033203,-0.7157900333404541,2
1771108944395,1.0014128684997559,-0.9061050415039062,2.74756121635437,2
1771108944503,0.1253577023744583,0.25174713134765625,0.39026331901550293,2
1771108944613,1.2558547258377075,1.1088085174560547,1.5829079151153564,2
1771108944720,-0.0616474524140358,0.13968181610107422,-1.6355146169662476,2
1771108944832,0.7768142819404602,0.7687110900878906,0.8927633762359619,2
1771108944937,-0.9918298721313477,-0.6374549865722656,-0.7782824039459229,2
1771108945045,0.2706524133682251,-0.061702728271484375,1.069711685180664,2
1771108945191,0.7414562106132507,0.6207265853881836,0.07120561599731445,2
1771108945247,0.5108087062835693,-0.476287841796875,1.5407195091247559,2
1771108945354,-0.155266672372818,0.4176902770996094,-0.4854503870010376,2
1771108945463,0.19810202717781067,-1.3119888305664062,-0.591971755027771,2
1771108945571,-0.18661381304264069,-0.40395164489746094,-0.3299107551574707,2
1771108945680,-0.14195691049098969,-0.36995601654052734,-0.1319732666015625,2
1771108945788,-0.4159535765647888,-0.5676078796386719,-0.48745203018188477,2
1771108945897,-0.4721459746360779,-1.9785099029541016,0.5512757301330566,2
1771108946005,-0.22095336019992828,-0.4261741638183594,-0.11614131927490234,2
1771108946113,0.6748820543289185,0.5276737213134766,-0.24401545524597168,2
1771108946234,0.22788771986961365,0.2831087112426758,0.45668506622314453,2
1771108946322,-0.8252854347229004,0.07392215728759766,-2.5343832969665527,2
1771108946430,-0.3434958755970001,0.7832221984863281,-1.4827985763549805,2
1771108946539,-0.17222246527671814,-0.5025100708007812,0.03765583038330078,2
1771108946649,-0.18502527475357056,0.05829811096191406,1.0719170570373535,2
1771108946756,-0.31486546993255615,-0.14610958099365234,1.0853300094604492,2
1771108946883,-1.160064935684204,1.231353759765625,1.8116707801818848,2
1771108946974,-0.02054353803396225,-0.38247013092041016,0.305222749710083,2
1771108947074,-0.05425102263689041,1.156686782836914,-0.36619699001312256,2
1771108947176,-0.6828858256340027,0.3952369689941406,-1.2058560848236084,2
1771108947281,0.08125896751880646,0.44403934478759766,-1.868155837059021,2
1771108947390,0.2663213312625885,1.961634635925293,-1.1546103954315186,2
1771108947499,0.9076182246208191,1.3054475784301758,-0.2600855827331543,2
1771108947607,0.8012155294418335,0.7581119537353516,0.10516214370727539,2
1771108947715,-1.3032790422439575,0.5546073913574219,0.4802415370941162,2
1771108947817,-0.13204827904701233,-0.1096639633178711,0.5019410848617554,2
1771108947924,0.9084348678588867,0.20737361907958984,1.234370231628418,2
1771108948024,0.3147132098674774,-0.30960559844970703,0.3011314868927002,2
1771108948132,1.7688000202178955,0.3204612731933594,0.6672146320343018,2
1771108948240,0.3034328818321228,0.6438989639282227,-0.936984121799469,2
1771108948349,0.24192428588867188,0.9496116638183594,-1.605376958847046,2
1771108948457,0.10845787823200226,-1.0323286056518555,1.1782547235488892,2
1771108948566,0.6032587289810181,-1.429412841796875,2.306593894958496,2
1771108948666,-1.1056562662124634,-0.1467723846435547,-1.3067811727523804,2
1771108948775,-1.8911465406417847,0.6955595016479492,-2.0097360610961914,2
1771108948898,-0.041721418499946594,0.8896932601928711,-0.11598086357116699,2
1771108948983,-0.19387491047382355,-0.5534782409667969,0.5545789003372192,2
1771108949085,-0.21707335114479065,-0.7203941345214844,-0.9345829486846924,2
1771108949197,-0.4786666929721832,-0.6262884140014648,-0.15836215019226074,2
1771108949300,-0.43945467472076416,-1.0628280639648438,-0.9303634166717529,2
1771108949409,-0.138760507106781,-0.33878517150878906,0.8026537895202637,2
1771108949510,1.0463924407958984,0.5196495056152344,1.018083095550537,2
1771108949617,0.07484343647956848,0.3405799865722656,-1.6266735792160034,2
1771108949726,0.1968403160572052,0.4449291229248047,-0.19757747650146484,2
1771108949834,0.03523606061935425,0.7949857711791992,0.6650276184082031,2
1771108949942,0.28206464648246765,1.4704132080078125,-1.2544689178466797,2
1771108950051,-0.02525225281715393,1.561722755432129,-0.43207216262817383,2
1771108950172,0.9703887104988098,-0.6993064880371094,1.5531246662139893,2
1771108950277,-0.2024122178554535,0.20455074310302734,0.6781837940216064,2
1771108950385,-0.7763534784317017,-0.7983808517456055,-0.2948129177093506,2
1771108950485,-0.2958531975746155,0.6542148590087891,-2.6667122840881348,2
1771108950594,0.08265849947929382,-0.05012321472167969,-0.6436243057250977,2
1771108950703,0.26963183283805847,0.65966796875,0.06650042533874512,2
1771108950810,-0.08574157953262329,0.3549232482910156,-0.44721007347106934,2
1771108950919,-0.5125279426574707,0.2228717803955078,-1.0729403495788574,2
1771108951027,-0.36881881952285767,0.11155891418457031,0.36120176315307617,2
1771108951157,-0.1339092254638672,0.8320302963256836,-0.43937206268310547,2
1771108951228,0.47053956985473633,-1.0046148300170898,-0.7194314002990723,2
1771108951336,0.5769573450088501,0.8435554504394531,0.47422099113464355,2
1771108951445,-0.9885568618774414,-0.24311161041259766,-0.13280677795410156,2
1771108951553,0.26843875646591187,-0.6892299652099609,-0.48346805572509766,2
1771108951661,1.2601571083068848,-0.3196582794189453,1.4436538219451904,2
1771108951762,-0.5835579037666321,0.015718460083007812,0.5345282554626465,2
1771108951889,1.1405749320983887,-0.8249635696411133,0.3116292953491211,2
1771108951979,-0.037830010056495667,-0.34793853759765625,0.06367039680480957,2
1771108952086,-1.4833868741989136,0.8528566360473633,-1.0013396739959717,2
1771108952243,1.6016523838043213,-0.9375410079956055,2.053981304168701,2
1771108952343,-0.5493639707565308,2.104184150695801,-1.7606818675994873,2
1771108952413,-0.5443066358566284,0.6329126358032227,-1.065706491470337,2
1771108952520,-0.11600133776664734,2.179555892944336,-2.016390323638916,2
1771108952622,0.5232752561569214,-1.4196395874023438,0.6285977363586426,2
1771108952731,0.467303603887558,-0.5747976303100586,-0.957362174987793,2
1771108952837,-0.12372928857803345,0.7094936370849609,-0.8615982532501221,2
1771108952939,-0.777833104133606,-0.14027023315429688,0.9230115413665771,2
1771108953039,0.9590907692909241,0.36836719512939453,1.2858612537384033,2
1771108953156,-0.7397640943527222,0.3305950164794922,-1.2410744428634644,2
1771108953247,-0.1898355484008789,1.2806415557861328,-0.4051239490509033,2
1771108953347,0.09846249222755432,-1.2097949981689453,0.8787825107574463,2
1771108953454,0.01306164264678955,0.7852392196655273,-0.28353095054626465,2
1771108953555,0.2540644407272339,1.2360219955444336,-1.153015375137329,2
1771108953664,0.7424581050872803,0.4680948257446289,-0.43375229835510254,2
1771108953774,-0.06841909885406494,-0.5157947540283203,0.0015249252319335938,2
1771108953921,0.14147764444351196,1.091780662536621,-1.274425745010376,2
1771108953988,-0.16655848920345306,0.9156694412231445,-1.186324119567871,2
1771108954134,-0.134377583861351,-0.8332357406616211,-1.6494213342666626,2
1771108954198,-0.4629366993904114,0.1466999053955078,1.7784106731414795,2
1771108954306,-0.41680049896240234,-1.593317985534668,-0.2753782272338867,2
1771108954407,-0.544186532497406,1.8512554168701172,-2.635666847229004,2
1771108954515,0.558610200881958,1.0095205307006836,-0.701789379119873,2
1771108954622,-0.2764352858066559,0.4987678527832031,-0.30946969985961914,2
1771108954731,1.5219732522964478,-0.5622243881225586,2.527148485183716,2
1771108954839,-0.16952264308929443,-0.9675254821777344,-0.9562027454376221,2
1771108954948,0.03016333281993866,0.15627765655517578,0.2973620891571045,2
1771108955056,-0.33434951305389404,1.4483213424682617,0.564537763595581,2
1771108955174,0.15623587369918823,-1.6971979141235352,-0.5243129730224609,2
1771108955281,0.257240355014801,-0.5427255630493164,3.1857705116271973,2
1771108955393,-0.057524412870407104,-0.19215965270996094,-0.631373405456543,2
1771108955499,-0.4015239179134369,1.445561408996582,-1.0661725997924805,2
1771108955610,0.4322945475578308,-0.48642539978027344,-0.7334973812103271,2
1771108955715,-0.9088983535766602,0.7546854019165039,-1.214688777923584,2
1771108955826,0.15621207654476166,0.5339479446411133,-1.8782907724380493,2
1771108955932,0.4195571541786194,0.34308338165283203,1.6767704486846924,2
1771108956033,0.5401467084884644,-0.6131048202514648,0.5530364513397217,2
1771108956172,-0.3445039987564087,-0.22338008880615234,0.7766425609588623,2
1771108956249,0.4284172058105469,0.7193975448608398,-0.9573132991790771,2
1771108956359,0.3676532208919525,-1.135523796081543,-1.0070583820343018,2
1771108956459,-0.6328330039978027,0.4991588592529297,0.24532246589660645,2
1771108956566,0.8541345000267029,-0.2540712356567383,-0.27851390838623047,2
1771108956675,1.0656282901763916,-0.8330650329589844,-1.8195440769195557,2
1771108956783,-0.4391249120235443,1.7466144561767578,0.13625073432922363,2
1771108956897,0.7941186428070068,2.182549476623535,-1.034074306488037,2
1771108957000,-0.6217976808547974,-1.0350017547607422,0.3114323616027832,2
1771108957138,0.5617554187774658,0.24403667449951172,-1.9879393577575684,2
1771108957209,-0.15528622269630432,0.8204431533813477,-1.7948720455169678,2
1771108957317,-1.3720016479492188,0.4852466583251953,0.7115817070007324,2
1771108957420,0.9359415769577026,0.39045143127441406,0.6878232955932617,2
1771108957526,-0.6446875333786011,0.9882469177246094,-0.9489104747772217,2
1771108957635,-0.705859899520874,-0.14248943328857422,-0.6594123840332031,2
1771108957743,-0.1715201735496521,-0.18816852569580078,0.4394662380218506,2
1771108957852,-0.4266033172607422,0.7166824340820312,0.9422814846038818,2
1771108957960,-0.22227515280246735,1.0096330642700195,-1.1459739208221436,2
1771108958060,0.7981389760971069,-0.8113555908203125,1.3382747173309326,2
1771108958184,1.109246850013733,-1.1171913146972656,1.9288787841796875,2
1771108958269,-0.1791430562734604,1.8256349563598633,-1.6681523323059082,2
1771108958377,-0.4451775550842285,0.19931983947753906,-0.18580913543701172,2
1771108958486,-0.5964311361312866,-0.17753124237060547,-0.5728843212127686,2
1771108958594,1.6550209522247314,-0.12679290771484375,1.1853690147399902,2
1771108958702,-0.6552797555923462,0.015429496765136719,-0.4799211025238037,2
1771108958811,-0.42758727073669434,0.347503662109375,2.593109130859375,2
1771108958922,0.46971285343170166,-0.20720767974853516,-0.1070396900177002,2
1771108959028,-0.4815407991409302,-0.4196014404296875,0.9550235271453857,2
1771108959154,-0.052816279232501984,0.18422794342041016,0.14518451690673828,2
1771108959236,-0.7632267475128174,-0.48427295684814453,-0.07505345344543457,2
1771108959345,1.1968857049942017,-0.43124961853027344,1.403926134109497,2
1771108959446,-0.07735620439052582,0.2385711669921875,-1.0652885437011719,2
1771108959553,1.2979925870895386,-0.4381217956542969,-0.3532743453979492,2
1771108959653,-0.7350491881370544,0.7523841857910156,0.6877162456512451,2
1771108959763,0.6394631862640381,0.03594779968261719,0.7052526473999023,2
1771108959862,-0.7295398116111755,0.008182525634765625,-1.0339958667755127,2
1771108959971,0.3520568907260895,0.5562210083007812,-0.2952382564544678,2
1771108960078,-0.9113070964813232,-0.05924510955810547,-0.6477328538894653,2
1771108960191,-0.6979905962944031,-0.6359567642211914,0.083587646484375,2
1771108960296,0.6408374905586243,1.0798139572143555,-1.05708909034729,2
1771108960404,-1.5867286920547485,0.5699501037597656,-1.0311168432235718,2
1771108960513,0.5432934165000916,0.9373064041137695,-0.21144366264343262,2
1771108960616,-0.8132184743881226,-1.6713285446166992,0.8415708541870117,2
1771108960720,1.1614189147949219,0.5483922958374023,-0.3739182949066162,2
1771108960822,-0.482260525226593,0.5096969604492188,0.9513847827911377,2
1771108960928,-0.9035477638244629,0.5481605529785156,0.7671000957489014,2
1771108961029,-0.7116743922233582,-0.850733757019043,0.6039543151855469,2
1771108961134,0.5835072994232178,0.5220603942871094,-0.9308819770812988,2
1771108961249,-1.4720624685287476,0.4182424545288086,0.13381433486938477,2
1771108961355,-1.2874174118041992,-0.5310401916503906,0.025341033935546875,2
1771108961464,1.1467905044555664,0.17548847198486328,0.04174184799194336,2
1771108961572,0.039449095726013184,0.9449920654296875,0.10092830657958984,2
1771108961680,0.494394451379776,-0.8935813903808594,1.1985650062561035,2
1771108961788,0.3024088442325592,-1.9749436378479004,0.4171171188354492,2
1771108961899,0.04628834128379822,1.0865955352783203,-0.4435065984725952,2
1771108961999,0.3390244245529175,0.749323844909668,-0.4325140714645386,2
1771108962150,0.8690224885940552,-0.21909427642822266,1.9637737274169922,2
1771108962213,-0.803659200668335,0.7025928497314453,0.14562296867370605,2
1771108962322,0.28469377756118774,0.5473756790161133,0.08339452743530273,2
1771108962425,-0.4926755428314209,-0.8224391937255859,-1.591995358467102,2
1771108962531,-0.027811139822006226,0.4370756149291992,0.32729673385620117,2
1771108962640,0.9229493141174316,0.3712949752807617,-0.1364574432373047,2
1771108962748,-0.18409943580627441,0.29946422576904297,0.4167916774749756,2
1771108962856,-0.44654789566993713,-0.14043617248535156,0.96563720703125,2
1771108962965,0.5615934133529663,-1.0323572158813477,0.6344211101531982,2
1771108963073,-0.4695392847061157,0.473297119140625,0.9215726852416992,2
1771108963192,-0.775336742401123,-0.3421659469604492,-1.0571037530899048,2
1771108963291,0.05890825390815735,-0.16329288482666016,-0.46075570583343506,2
1771108963390,0.4417819380760193,0.7295341491699219,1.270503282546997,2
1771108963498,0.3364889919757843,-0.54229736328125,-0.24068427085876465,2
1771108963606,0.4172455966472626,-1.194584846496582,-0.2891373634338379,2
1771108963707,-0.5206778645515442,1.2428207397460938,1.8898341655731201,2
1771108963817,0.4089585542678833,0.4476499557495117,0.10759615898132324,2
1771108963926,0.43636563420295715,0.8561315536499023,-1.3701902627944946,2
1771108964032,0.2673022150993347,0.8442487716674805,-0.9209425449371338,2
1771108964158,-0.13550302386283875,0.47156810760498047,-1.657955527305603,2
1771108964250,0.06939341127872467,-1.8695602416992188,1.4625070095062256,2
1771108964358,0.2567104697227478,1.7311325073242188,-0.5369018316268921,2
1771108964459,-0.8787210583686829,-0.05228996276855469,0.20829081535339355,2
1771108964567,-1.294766902923584,-0.2524375915527344,-1.035422682762146,2
1771108964675,1.081505537033081,-1.3859691619873047,2.68424129486084,2
1771108964776,-0.7747194766998291,-0.08457279205322266,-0.40059947967529297,2
1771108964905,0.2674098014831543,-1.9203872680664062,2.7403528690338135,2
1771108964983,-0.8181273341178894,-1.7878632545471191,-0.275378942489624,2
1771108965091,-0.9815114140510559,-0.8366823196411133,1.5639967918395996,2
1771108965205,0.7504280209541321,1.6964054107666016,-0.1241908073425293,2
1771108965317,-0.59546959400177,1.3487119674682617,-2.519033432006836,2
1771108965417,-0.17073701322078705,1.962599754333496,-0.8262395858764648,2
1771108965525,-0.4763864278793335,-1.0485420227050781,-0.18233466148376465,2
1771108965634,-0.24078384041786194,0.8686161041259766,-0.40156006813049316,2
1771108965743,0.36840179562568665,0.8942384719848633,-0.10849642753601074,2
1771108965851,0.5729159712791443,1.0664854049682617,-1.4003621339797974,2
1771108965951,0.545136570930481,0.16650867462158203,1.9630017280578613,2
1771108966059,0.34232282638549805,-0.5190048217773438,1.3912906646728516,2
1771108966176,0.7941430807113647,1.7137174606323242,-0.9627997875213623,2
1771108966277,1.220802903175354,-0.6592340469360352,-1.458872675895691,2
1771108966377,-0.34564223885536194,1.0409889221191406,-1.5700860023498535,2
1771108966485,-0.6481266021728516,-0.5496578216552734,-1.4732258319854736,2
1771108966594,-0.6446336507797241,-0.5099868774414062,-0.20953059196472168,2
1771108966702,0.9771400690078735,-0.5373935699462891,0.7664895057678223,2
1771108966802,-0.8325672149658203,1.1276655197143555,-0.3245290517807007,2
1771108966912,0.19816890358924866,0.8537988662719727,-0.09020960330963135,2
1771108967019,0.21457013487815857,-0.5946140289306641,-0.17541146278381348,2
1771108967173,-0.4334147572517395,0.9064397811889648,-0.6358499526977539,2
1771108967235,0.17556029558181763,-0.06787967681884766,0.05023598670959473,2
1771108967336,-0.0721772238612175,0.0681924819946289,-0.11721646785736084,2
1771108967444,-0.8792657852172852,0.31839752197265625,0.23477602005004883,2
1771108967545,0.0861717239022255,-1.665308952331543,0.3531440496444702,2
1771108967653,0.389917254447937,0.6979551315307617,-0.6392894983291626,2
1771108967753,-0.6232165098190308,0.6032991409301758,0.01979374885559082,2
1771108967861,-0.009397804737091064,0.5838623046875,-0.05941414833068848,2
1771108967969,0.6478301882743835,0.1796398162841797,-0.10244941711425781,2
1771108968081,0.16916953027248383,0.2736835479736328,0.6068933010101318,2
1771108968203,0.05740470811724663,0.19399261474609375,-0.058138132095336914,2
1771108968288,-0.09442942589521408,-0.44831085205078125,-0.8418585062026978,2
1771108968395,-0.5844968557357788,-0.5714101791381836,-0.3714444637298584,2
1771108968495,0.511401891708374,0.2958087921142578,-0.6060850620269775,2
1771108968603,0.8288678526878357,0.22084522247314453,-0.3158828020095825,2
1771108968705,-0.04245791956782341,0.9566411972045898,-1.2206928730010986,2
1771108968812,-0.5696252584457397,-0.7838420867919922,1.0958616733551025,2
1771108968925,-0.5925655961036682,-1.2255535125732422,0.11168313026428223,2
1771108969029,0.13869993388652802,0.30719852447509766,-0.6730797290802002,2
1771108969150,-0.03434276580810547,0.7716083526611328,0.9481601715087891,2
1771108969246,-0.12564021348953247,-0.025804519653320312,-0.5101723670959473,2
1771108969359,0.4892882704734802,-0.9066028594970703,0.3656630516052246,2
1771108969463,-0.11355871707201004,1.2040205001831055,-1.111752986907959,2
1771108969571,0.20177800953388214,1.5611028671264648,-0.7762014865875244,2
1771108969679,0.30716830492019653,-0.2791299819946289,1.8196532726287842,2
1771108969789,-0.5347044467926025,-0.3172016143798828,0.4983823299407959,2
1771108969913,0.1193484365940094,0.8674135208129883,-0.30017757415771484,2
1771108970004,-0.6523888111114502,-0.3968772888183594,0.042788028717041016,2
1771108970152,-0.9093826413154602,0.07511329650878906,-2.4369988441467285,2
1771108970221,-0.1000548005104065,1.2822799682617188,-0.7823480367660522,2
1771108970329,0.7448075413703918,1.3481874465942383,-1.189154028892517,2
1771108970430,0.9484028816223145,-0.6613483428955078,0.6056022644042969,2
1771108970539,0.32842499017715454,-0.8847856521606445,1.740753173828125,2
1771108970647,-0.4437766671180725,-0.6086807250976562,-1.4281244277954102,2
1771108970758,0.4354284405708313,-0.1475229263305664,-0.07290959358215332,2
1771108970865,-0.006583541631698608,-0.10660743713378906,1.8189105987548828,2
1771108970972,-0.8482035994529724,-1.1189985275268555,-1.2089191675186157,2
1771108971075,-0.1951991468667984,0.04938316345214844,-1.0043976306915283,2
1771108971175,0.16241924464702606,-0.24934101104736328,0.5452229976654053,2
1771108971281,-0.4836260676383972,-0.5048446655273438,-0.4292517900466919,2
1771108971391,-0.14865346252918243,1.5809288024902344,0.4658215045928955,2
1771108971497,-0.3366796374320984,0.10414695739746094,0.5255749225616455,2
1771108971606,0.3474084138870239,-1.7841768264770508,1.2689876556396484,2
1771108971714,-0.7223316431045532,1.3697986602783203,0.19737815856933594,2
1771108971815,-0.4728679955005646,1.2218017578125,-1.7759146690368652,2
1771108971915,-0.03960824012756348,-0.6134910583496094,1.5677564144134521,2
1771108972023,-0.40599462389945984,0.08912944793701172,-0.5833349227905273,2
1771108972153,0.46635711193084717,0.6721782684326172,-0.8287491798400879,2
1771108972257,0.36309486627578735,1.7188301086425781,-1.2283282279968262,2
1771108972365,0.2388313114643097,-1.1699199676513672,0.4552609920501709,2
1771108972474,-0.3370686173439026,0.29521846771240234,-0.3606750965118408,2
1771108972582,0.5382842421531677,-0.38030147552490234,0.9567990303039551,2
1771108972692,0.12636670470237732,-0.07696056365966797,0.9675133228302002,2
1771108972799,-0.4963315725326538,0.38277721405029297,-1.5211565494537354,2
1771108972925,0.9490671157836914,0.047217369079589844,1.3742949962615967,2
1771108973019,0.648766040802002,-0.01519012451171875,1.989699125289917,2
1771108973143,0.9573448300361633,0.036995887756347656,2.5243067741394043,2
1771108973232,-0.2783048450946808,-0.45391273498535156,-0.19276952743530273,2
1771108973335,-0.36786940693855286,0.0763082504272461,2.5838184356689453,2
1771108973442,1.3629029989242554,-0.030191421508789062,0.6402420997619629,2
1771108973550,-0.017701588571071625,0.2015399932861328,1.9603517055511475,2
1771108973658,1.5720462799072266,-0.3292388916015625,1.671128749847412,2
1771108973766,-0.8153412938117981,-0.19089221954345703,0.8877239227294922,2
1771108973867,0.437156081199646,-0.15520191192626953,-1.2512931823730469,2
1771108973975,0.31725966930389404,-0.047031402587890625,-1.195272445678711,2
1771108974084,1.2970091104507446,-0.7059717178344727,0.8240363597869873,2
1771108974205,0.14831377565860748,0.17498493194580078,-0.1857895851135254,2
1771108974301,0.7346312999725342,-0.16420745849609375,-0.28032171726226807,2
1771108974411,-0.21851250529289246,1.2900381088256836,1.0097551345825195,2
1771108974517,0.9764190316200256,-1.100703239440918,-0.384350061416626,2
1771108974626,-0.21883171796798706,0.28832530975341797,1.0050606727600098,2
1771108974736,0.852080225944519,-0.0018396377563476562,0.11350822448730469,2
1771108974846,-1.3000328540802002,0.3488740921020508,-0.1579878330230713,2
1771108974951,0.4428258538246155,-0.6274290084838867,0.9812226295471191,2
1771108975061,-0.30159881711006165,0.12106132507324219,0.5347640514373779,2
1771108975189,-0.41457730531692505,1.0822992324829102,-0.20569360256195068,2
1771108975294,0.02374884858727455,0.08112812042236328,-1.8351224660873413,2
1771108975403,-0.1400492787361145,0.3326082229614258,-0.04210472106933594,2
1771108975513,1.0041290521621704,0.645808219909668,1.3379220962524414,2
1771108975619,-0.09350904077291489,-0.5702610015869141,-0.7947198152542114,2
1771108975727,0.4008750319480896,-0.6176624298095703,0.5185568332672119,2
1771108975836,-0.44564059376716614,0.8782463073730469,1.3417508602142334,2
1771108975945,0.046212248504161835,1.370436668395996,0.02557539939880371,2
1771108976044,0.07579991966485977,-1.272578239440918,1.31843900680542,2
1771108976191,0.12118960916996002,0.16829967498779297,0.6323245763778687,2
1771108976261,-0.0833844244480133,0.07066726684570312,0.545208215713501,2
1771108976369,-0.6953601837158203,-0.3511981964111328,-0.2864065170288086,2
1771108976479,-0.27159586548805237,-1.2922983169555664,1.573612928390503,2
1771108976587,-0.3483721613883972,-0.49387264251708984,0.24124526977539062,2
1771108976697,0.10771641135215759,2.9113645553588867,0.4728720188140869,2
1771108976803,0.8156154751777649,2.606417655944824,1.418734073638916,2
1771108976930,0.4068874418735504,1.9943437576293945,-1.4666500091552734,2
1771108977011,0.6336491703987122,-1.4098196029663086,0.48119330406188965,2
1771108977181,-0.3817935585975647,-1.2020235061645508,-1.0446768999099731,2
1771108977228,0.5302696824073792,-1.2250595092773438,-0.9445009231567383,2
1771108977337,-0.7125864624977112,0.8197717666625977,-0.592303991317749,2
1771108977437,0.28364306688308716,-1.166539192199707,0.4879608154296875,2
1771108977546,-0.8079841136932373,-0.5403919219970703,0.5575078725814819,2
1771108977653,0.17355765402317047,-0.8563776016235352,1.112657070159912,2
1771108977762,-0.07838933914899826,1.725616455078125,0.47720980644226074,2
1771108977871,-0.9549079537391663,-0.25345325469970703,-0.5368945598602295,2
1771108977975,-0.9018921852111816,0.9922904968261719,-0.7516586780548096,2
1771108978080,0.7220882177352905,-1.9619016647338867,-0.10666632652282715,2
1771108978209,0.7723608613014221,-1.562699317932129,0.5520823001861572,2
1771108978288,0.15697291493415833,-0.43746471405029297,-1.633281946182251,2
1771108978388,0.009219445288181305,0.5731067657470703,0.09052824974060059,2
1771108978498,0.263826459646225,-1.3175954818725586,0.3957529067993164,2
1771108978605,0.40646445751190186,0.6792154312133789,0.25175905227661133,2
1771108978712,-0.3269883692264557,1.3847064971923828,-0.7192003726959229,2
1771108978813,0.013551034033298492,1.1375102996826172,-0.9896112680435181,2
1771108978925,0.20567667484283447,-0.32431983947753906,1.165093183517456,2
1771108979031,1.3297655582427979,-0.37111759185791016,0.09167766571044922,2
1771108979140,-0.6693244576454163,2.4835500717163086,0.41812586784362793,2
1771108979247,-0.7153241634368896,-1.7695302963256836,-2.0862977504730225,2
1771108979355,-0.07082836329936981,-0.20077991485595703,-0.6198036670684814,2
1771108979464,-0.35711321234703064,1.6943893432617188,-0.05906081199645996,2
1771108979572,-0.4171273708343506,0.7414636611938477,-0.8762753009796143,2
1771108979681,-0.9150644540786743,-1.5553436279296875,0.6304147243499756,2
1771108979788,0.9717146158218384,-0.09707927703857422,0.8022525310516357,2
1771108979927,-0.038811877369880676,-1.2178459167480469,-1.2131805419921875,2
1771108980008,-0.1110675260424614,-0.37859058380126953,1.1689174175262451,2
1771108980154,-0.1532321572303772,-1.1162471771240234,-0.604119062423706,2
1771108980222,1.143973469734192,0.011870384216308594,-0.29559409618377686,2
1771108980323,0.06264309585094452,-0.07377433776855469,0.12247824668884277,2
1771108980433,-0.271165668964386,0.4362821578979492,0.7192246913909912,2
1771108980540,-0.4210902452468872,-1.0219907760620117,-0.9678136110305786,2
1771108980651,0.5398377180099487,1.0711479187011719,0.14247703552246094,2
1771108980757,1.2654396295547485,0.10813331604003906,2.109198808670044,2
1771108980865,-0.5899621248245239,0.6240692138671875,-2.614187240600586,2
1771108980973,-1.145504355430603,0.6241436004638672,-2.6675710678100586,2
1771108981074,0.9427822828292847,-1.6334209442138672,0.7249066829681396,2
1771108981204,1.7713465690612793,-0.8789339065551758,1.3861346244812012,2
1771108981307,0.06207970157265663,-2.073713779449463,-1.7312153577804565,2
1771108981408,-1.5219966173171997,0.5559597015380859,0.434053897857666,2
1771108981519,0.9987347722053528,2.164462089538574,-0.3893498182296753,2
1771108981625,-0.12073591351509094,-1.4796886444091797,-0.2257695198059082,2
1771108981733,-0.2797693908214569,0.12712383270263672,0.2599208354949951,2
1771108981841,0.725496232509613,0.4750242233276367,-0.4946991205215454,2
1771108981941,0.042821116745471954,0.3918018341064453,-0.28985142707824707,2
1771108982051,-0.05460233986377716,0.5612630844116211,0.10359978675842285,2
1771108982179,0.3698098361492157,0.1541461944580078,0.8715476989746094,2
1771108982285,-0.09434010088443756,0.5464382171630859,-1.7568683624267578,2
1771108982392,-0.6973578929901123,-0.41641712188720703,-2.109992742538452,2
1771108982501,0.21727967262268066,-0.5821266174316406,0.14955902099609375,2
1771108982609,-0.3544907569885254,-0.29583168029785156,1.1697897911071777,2
1771108982717,-0.7903908491134644,0.9475917816162109,-0.455064058303833,2
1771108982826,0.09909087419509888,-0.8170633316040039,-0.02187180519104004,2
1771108982934,-0.636142373085022,2.1107940673828125,-0.4914829730987549,2
1771108983042,0.3425612449645996,-0.45926666259765625,-0.6989438533782959,2
1771108983175,0.5636670589447021,-0.19884204864501953,0.5521407127380371,2
1771108983251,-1.0190335512161255,0.3772926330566406,-0.4162263870239258,2
1771108983360,0.27650532126426697,1.0347175598144531,-0.09249997138977051,2
1771108983468,-0.7612425088882446,-0.6008319854736328,-0.8020169734954834,2
1771108983576,0.6404742002487183,-2.4668760299682617,0.3019089698791504,2
1771108983685,1.3306964635849,0.13918304443359375,0.14775919914245605,2
1771108983793,0.40896862745285034,1.4423046112060547,-0.1451127529144287,2
1771108983894,-0.38577979803085327,-0.06560134887695312,-1.0267664194107056,2
1771108984003,-0.1347704380750656,0.05179405212402344,-0.16701459884643555,2
1771108984113,-0.09695885330438614,-0.5582170486450195,-0.033327579498291016,2
1771108984215,-0.2943814992904663,0.5451107025146484,-0.30380356311798096,2
1771108984319,0.5121868252754211,0.4250650405883789,0.21455049514770508,2
1771108984428,0.6845712661743164,1.9181804656982422,-0.03728771209716797,2
1771108984536,0.08164578676223755,-0.4802684783935547,-0.12256002426147461,2
1771108984645,-0.2700987756252289,-0.7758378982543945,0.645864725112915,2
1771108984754,-1.0278881788253784,-0.7774238586425781,-1.8676220178604126,2
1771108984861,-0.9798666834831238,0.2642936706542969,1.964818000793457,2
1771108984970,0.12411955744028091,0.10786247253417969,-0.6143995523452759,2
1771108985078,0.9999006390571594,-0.8181781768798828,0.47447752952575684,2
1771108985180,0.40951618552207947,0.3213329315185547,-0.6296690702438354,2
1771108985287,-0.5970033407211304,-0.7860708236694336,-0.6353201866149902,2
1771108985396,0.04705408960580826,0.20546817779541016,0.011889219284057617,2
1771108985503,0.0752667635679245,0.7981204986572266,-0.2353684902191162,2
1771108985604,0.3258041739463806,-0.35187435150146484,2.219209909439087,2
1771108985712,0.1796727329492569,-1.0981130599975586,0.8406078815460205,2
1771108985825,0.22758597135543823,0.2019500732421875,-1.2706432342529297,2
1771108985935,0.5839366912841797,0.6433811187744141,0.7958540916442871,2
1771108986039,0.7969123125076294,-0.5761842727661133,1.7436587810516357,2
1771108986184,0.1009875237941742,1.0220508575439453,-0.12071609497070312,2
1771108986246,1.4141165018081665,1.6116580963134766,1.3297159671783447,2
1771108986356,0.8229718208312988,0.9300632476806641,0.400127649307251,2
1771108986459,-0.281524121761322,0.030736923217773438,-0.07701373100280762,2
1771108986563,0.3214096426963806,-0.503087043762207,1.2449970245361328,2
1771108986673,0.46061334013938904,0.3040885925292969,-0.4455749988555908,2
1771108986779,-0.20074252784252167,-0.3172435760498047,-0.973304033279419,2
1771108986881,-0.3855435848236084,1.0518732070922852,-0.8381340503692627,2
1771108986988,-0.9426658153533936,-1.0577325820922852,0.627979040145874,2
1771108987097,0.8283261060714722,1.0780820846557617,1.3705565929412842,2
1771108987197,-0.8674582242965698,-0.7598066329956055,-1.1183592081069946,2
1771108987305,-0.13206659257411957,0.31496238708496094,-0.4216032028198242,2
1771108987413,0.7390466332435608,0.9533872604370117,-0.21574187278747559,2
1771108987522,0.25123459100723267,0.9508161544799805,0.6180462837219238,2
1771108987631,0.2854551076889038,0.15184593200683594,0.2705497741699219,2
1771108987740,0.21374346315860748,-0.6249570846557617,0.5602312088012695,2
1771108987848,-0.5060117244720459,0.28342723846435547,-1.1018465757369995,2
1771108987957,-0.026339367032051086,-1.165226936340332,-0.1728658676147461,2
1771108988064,-0.021101631224155426,-0.19377422332763672,-0.5407936573028564,2
1771108988195,-0.03927192836999893,-0.40552616119384766,0.19010210037231445,2
1771108988298,0.2409929633140564,-1.2141199111938477,-0.811977744102478,2
1771108988406,-0.4681010842323303,-0.522430419921875,-0.08927798271179199,2
1771108988515,0.3000780940055847,-0.6045541763305664,1.3732049465179443,2
1771108988625,-0.3970470726490021,0.7721424102783203,-1.1259465217590332,2
1771108988733,-0.5522982478141785,0.9867982864379883,0.018279314041137695,2
1771108988840,1.0566045045852661,0.1559772491455078,1.4477076530456543,2
1771108988947,0.28385621309280396,-0.11504650115966797,0.8598685264587402,2
1771108989049,0.42616260051727295,-0.058150291442871094,-1.8325691223144531,2
1771108989152,-0.35478347539901733,2.1165590286254883,0.592240571975708,2
1771108989258,0.7522916793823242,-0.08260154724121094,2.702698230743408,2
1771108989365,1.1671830415725708,0.17883682250976562,0.977985143661499,2
1771108989475,-0.41479170322418213,0.043486595153808594,1.0936565399169922,2
1771108989582,1.0155775547027588,0.5025434494018555,-0.5671994686126709,2
1771108989691,-0.019507333636283875,0.7881574630737305,-0.06268119812011719,2
1771108989792,0.10373533517122269,2.136707305908203,2.9805665016174316,2
1771108989900,0.4507266879081726,0.9708356857299805,0.49861836433410645,2
1771108990009,-0.16038385033607483,-0.4940347671508789,-1.4477202892303467,2
1771108990271,0.16012196242809296,0.7149763107299805,0.9975845813751221,2
1771108990272,0.16012196242809296,0.7149763107299805,0.9975845813751221,2
1771108990333,-0.12545934319496155,1.3047065734863281,0.1067647933959961,2
1771108990444,-0.365661084651947,0.39255332946777344,-0.307513952255249,2
1771108990552,-0.2948765754699707,0.1491384506225586,-1.1043004989624023,2
1771108990658,-0.2938256859779358,-0.29187488555908203,-0.5373108386993408,2
1771108990769,-0.21367940306663513,0.13797855377197266,-1.4471945762634277,2
1771108990876,0.2959659993648529,-0.5562944412231445,1.4854984283447266,2
1771108990984,-0.33639466762542725,-1.6783456802368164,-2.0128226280212402,2
1771108991092,0.6089227795600891,1.7459259033203125,0.15694737434387207,2
1771108991198,0.2768193483352661,-0.13148212432861328,-0.532376766204834,2
1771108991300,-0.3672981858253479,0.34772777557373047,-1.02030348777771,2
1771108991409,0.25960880517959595,-0.31970882415771484,-0.3662283420562744,2
1771108991520,0.09114815294742584,2.2813587188720703,0.014002799987792969,2
1771108991626,-0.16969425976276398,0.8437366485595703,-1.0438330173492432,2
1771108991735,-0.07153912633657455,0.9142465591430664,-1.5127830505371094,2
1771108991843,-0.13292375206947327,-0.6716251373291016,-0.8890190124511719,2
1771108991956,1.3967838287353516,-0.4417705535888672,1.5390217304229736,2
1771108992060,-1.1018365621566772,0.1560821533203125,-1.1746875047683716,2
1771108992233,0.8870410919189453,-0.4720315933227539,1.6036698818206787,2
1771108992289,0.3424651622772217,0.2632570266723633,-0.2724878787994385,2
1771108992385,-0.331368088722229,0.08657646179199219,-0.5107018947601318,2
1771108992495,1.1546188592910767,-0.040762901306152344,1.1806387901306152,2
1771108992594,-0.17801018059253693,0.6256914138793945,0.14272260665893555,2
1771108992702,0.9028229713439941,-0.7707042694091797,0.1899571418762207,2
1771108992810,-2.0975892543792725,0.8882627487182617,-1.291486144065857,2
1771108992958,-1.6558798551559448,-0.0152435302734375,-0.8072876930236816,2
1771108993020,-0.7492186427116394,0.49712371826171875,-0.8709142208099365,2
1771108993131,0.3685096502304077,0.5703907012939453,0.6622898578643799,2
1771108993240,-0.8688026666641235,-0.7047672271728516,-0.006282329559326172,2
1771108993346,-0.09498636424541473,-0.14144229888916016,-0.15858936309814453,2
1771108993453,1.305845856666565,0.86126708984375,-0.5635874271392822,2
1771108993562,1.1036494970321655,0.33538341522216797,1.4839951992034912,2
1771108993670,0.24603168666362762,-1.480729103088379,-0.6179475784301758,2
1771108993780,-1.580422282218933,1.3062896728515625,-0.6649296283721924,2
1771108993887,-0.5080647468566895,-0.3557453155517578,-2.117719888687134,2
1771108993988,-0.04219287633895874,0.863337516784668,-1.211982250213623,2
1771108994096,-0.3637160360813141,-0.30777931213378906,0.5043277740478516,2
1771108994201,0.13565057516098022,1.739882469177246,-0.6775417327880859,2
1771108994304,0.0986863374710083,-0.38974666595458984,-0.5898251533508301,2
1771108994414,-0.34373483061790466,0.8988332748413086,0.07946324348449707,2
1771108994516,-0.12108513712882996,-0.6229591369628906,-0.6218047142028809,2
1771108994621,0.9473749995231628,-0.4459495544433594,0.6802561283111572,2
1771108994731,0.5244895815849304,1.6976938247680664,1.9205546379089355,2
1771108994839,0.6224391460418701,-1.4927339553833008,1.132282018661499,2
1771108994957,-0.3694089949131012,0.2579622268676758,-1.3461031913757324,2
1771108995049,0.2144521325826645,-1.816422462463379,0.2366623878479004,2
1771108995152,0.21918942034244537,0.3904857635498047,-0.1737072467803955,2
1771108995255,0.9003821611404419,-1.243748664855957,1.4948837757110596,2
1771108995364,-0.743391752243042,1.4262199401855469,-2.885416030883789,2
1771108995472,0.602064311504364,0.4588441848754883,-0.7012526988983154,2
1771108995581,0.9614518284797668,-0.32551002502441406,0.9534001350402832,2
1771108995689,-1.0594284534454346,0.4620685577392578,-0.7471562623977661,2
1771108995799,0.7800514101982117,-0.1852865219116211,-0.2648582458496094,2
1771108995906,-0.6053990721702576,1.116689682006836,-0.9187072515487671,2
1771108996014,0.2911755442619324,0.15380573272705078,0.9496748447418213,2
1771108996153,0.2553631663322449,-0.5056896209716797,-0.1742565631866455,2
1771108996224,-0.04907513037323952,-0.3301858901977539,0.3507559299468994,2
1771108996324,-0.4099881649017334,0.21599864959716797,0.5527474880218506,2
1771108996433,-0.4262513816356659,0.8727169036865234,0.9073386192321777,2
1771108996532,-0.31830742955207825,0.3267068862915039,1.7724666595458984,2
1771108996640,0.599064290523529,-0.5093317031860352,-0.040512800216674805,2
1771108996748,-0.3204687237739563,-0.8708648681640625,-1.119150161743164,2
1771108996857,-0.6156933903694153,1.383962631225586,-1.220021367073059,2
1771108996965,0.02345065027475357,-0.16549110412597656,-2.033473014831543,2
1771108997074,-0.2688290774822235,-0.8526887893676758,-1.2537761926651,2
1771108997185,-0.2533976435661316,0.574162483215332,-0.4063882827758789,2
1771108997291,-0.09018821269273758,0.13893795013427734,1.5350890159606934,2
1771108997391,0.11867999285459518,-0.8327760696411133,0.42319440841674805,2
1771108997499,0.27724969387054443,-1.1315765380859375,-0.5814011096954346,2
1771108997608,-0.704220175743103,0.8962202072143555,0.6905040740966797,2
1771108997718,-0.24774949252605438,-1.5763731002807617,-0.8404085636138916,2
1771108997824,0.1219434142112732,0.5471267700195312,-0.2224653959274292,2
1771108997967,0.45522457361221313,-0.5631303787231445,0.4745919704437256,2
1771108998033,-0.14057159423828125,-0.737396240234375,1.2306249141693115,2
1771108998163,0.031093239784240723,1.4364280700683594,-1.0351057052612305,2
1771108998241,0.4636075496673584,0.6428003311157227,-0.73771071434021,2
1771108998350,-0.4836130738258362,0.8164796829223633,-0.25145602226257324,2
1771108998451,-0.359374463558197,-0.16214942932128906,-0.2802121639251709,2
1771108998559,-1.0443108081817627,-0.42880821228027344,-0.9794843196868896,2
1771108998660,-0.16616404056549072,-1.1226787567138672,0.8238537311553955,2
1771108998767,0.10943400859832764,1.4452953338623047,-0.8861865997314453,2
1771108998871,-0.027013957500457764,0.5625095367431641,-1.2294394969940186,2
1771108998985,-0.22009438276290894,-0.13019847869873047,0.28435778617858887,2
1771108999076,-0.02416221797466278,-0.4147977828979492,-0.611342191696167,2
1771108999204,-0.24740397930145264,1.0798473358154297,0.9966223239898682,2
1771108999310,-0.2732817530632019,0.06947803497314453,0.1668698787689209,2
1771108999417,1.0074374675750732,-0.568812370300293,0.6535449028015137,2
1771108999526,-0.09520560503005981,1.562209129333496,0.7391045093536377,2
1771108999635,-0.09510287642478943,1.0007572174072266,1.0989151000976562,2
1771108999743,-0.5432868003845215,-0.5268068313598633,2.149977445602417,2
1771108999852,0.23464162647724152,-1.4635028839111328,-2.1058123111724854,2
1771108999967,-0.3869384825229645,-1.3995065689086914,0.0687708854675293,2
1771109000068,0.5741195678710938,1.3233098983764648,1.5780041217803955,2
1771109000172,0.21712028980255127,-0.4164113998413086,-0.1478734016418457,2
1771109000301,-0.10680772364139557,0.3959474563598633,0.08573436737060547,2
1771109000402,-0.7027248740196228,0.2283458709716797,-0.8034136295318604,2
1771109000503,-0.3155757486820221,-0.9195127487182617,0.8578438758850098,2
1771109000610,0.21648892760276794,0.23819351196289062,0.08813691139221191,2
1771109000716,0.11319728195667267,0.3469381332397461,-0.6750068664550781,2
1771109000823,0.3812050223350525,0.49097442626953125,-0.05395841598510742,2
1771109000927,-0.05859140306711197,-0.9582901000976562,0.19176745414733887,2
1771109001036,0.24795737862586975,1.9317522048950195,1.4312353134155273,2
1771109001169,0.09899063408374786,0.1288471221923828,0.4149649143218994,2
1771109001253,-0.5975531339645386,-1.082345962524414,-0.9568727016448975,2
1771109001363,0.816653847694397,0.49555301666259766,-0.04592251777648926,2
1771109001469,-1.0855973958969116,-0.09275341033935547,-1.7334866523742676,2
1771109001570,-0.2665351629257202,0.684483528137207,0.12036275863647461,2
1771109001679,0.005062088370323181,-0.8814764022827148,0.8065388202667236,2
1771109001788,-0.4851229786872864,-0.6024265289306641,-0.891599178314209,2
1771109001895,0.2624824643135071,-0.4307889938354492,0.12399721145629883,2
1771109002003,-0.6707581877708435,0.7851009368896484,-1.9257066249847412,2
1771109002156,0.3106805980205536,0.02669525146484375,-0.8456357717514038,2
1771109002221,0.6678667664527893,-0.04708385467529297,0.07563591003417969,2
1771109002321,-0.5270102620124817,0.16364383697509766,1.023554801940918,2
1771109002429,-1.0730730295181274,1.3172388076782227,0.4478166103363037,2
1771109002539,-0.271718293428421,-0.2763023376464844,0.24793529510498047,2
1771109002646,0.00815284252166748,0.12915802001953125,0.08317947387695312,2
1771109002756,0.7160978317260742,0.1260366439819336,0.6619155406951904,2
1771109002863,0.8295921087265015,1.3247098922729492,1.167144536972046,2
1771109002975,0.30107155442237854,1.1795673370361328,-0.05626702308654785,2
1771109003082,-0.1144130527973175,-0.27611351013183594,0.8565411567687988,2
1771109003207,-0.5614948272705078,-1.1034049987792969,1.5546674728393555,2
1771109003297,-0.45961111783981323,-0.11584949493408203,0.35704803466796875,2
1771109003404,0.5658921003341675,1.7721881866455078,0.3590071201324463,2
1771109003505,0.4882923364639282,-0.5637035369873047,1.1080396175384521,2
1771109003614,1.305879831314087,0.6895303726196289,0.5025982856750488,2
1771109003722,0.38338735699653625,2.0125083923339844,0.3147084712982178,2
1771109003830,0.07390464842319489,0.11023521423339844,-2.6493687629699707,2
1771109003968,-0.6593183279037476,-0.12592601776123047,-1.2084380388259888,2
1771109004048,-0.30502957105636597,0.223114013671875,1.2286710739135742,2
1771109004180,1.08967924118042,-0.464447021484375,0.40816235542297363,2
1771109004256,0.9473901987075806,1.138768196105957,-0.6047894954681396,2
1771109004365,-0.5803766250610352,-0.8280258178710938,-2.005216598510742,2
1771109004464,0.40491580963134766,0.03636455535888672,-0.12735319137573242,2
1771109004572,0.7935199737548828,-1.4766168594360352,2.3260698318481445,2
1771109004681,0.3780575394630432,-0.27729129791259766,-1.7993624210357666,2
1771109004789,-0.9056950807571411,0.5697088241577148,-1.065718173980713,2
1771109004902,0.6408249139785767,0.9387016296386719,-1.1691629886627197,2
1771109005007,0.5978958010673523,-1.4517335891723633,1.6995751857757568,2
1771109005161,0.7692772150039673,0.13590717315673828,1.015765905380249,2
1771109005224,-0.4513612389564514,-0.0894002914428711,-1.544362187385559,2
1771109005324,0.1242857575416565,0.11439323425292969,-0.510520339012146,2
1771109005431,-1.1711671352386475,-0.6241178512573242,-0.7296215295791626,2
1771109005532,-1.005326509475708,1.3271732330322266,-0.2424335479736328,2
1771109005644,-0.45991387963294983,0.5305662155151367,-1.4706414937973022,2
1771109005749,-0.46153247356414795,-0.49515628814697266,0.643932580947876,2
1771109005857,0.16873016953468323,-1.9958772659301758,-0.3346729278564453,2
1771109005979,-0.4087124466896057,-1.247171401977539,0.46433258056640625,2
1771109006066,-0.9253126978874207,2.055238723754883,-1.9193997383117676,2
1771109006195,1.0464177131652832,1.198908805847168,-0.861937403678894,2
1771109006299,-0.6480110287666321,0.016382217407226562,-1.3914079666137695,2
1771109006400,0.3581078052520752,-1.1963701248168945,1.8425555229187012,2
1771109006508,0.793063223361969,1.139235496520996,0.45941162109375,2
1771109006616,0.21399350464344025,1.2244062423706055,0.25293779373168945,2
1771109006725,0.3099355101585388,1.652430534362793,0.7113089561462402,2
1771109006833,-0.42743033170700073,-0.1485128402709961,-0.04204368591308594,2
1771109006974,0.6231455206871033,-0.8706560134887695,0.7241122722625732,2
1771109007043,-0.17871887981891632,-0.8108444213867188,0.19852614402770996,2
1771109007168,0.08988477289676666,1.7447576522827148,0.4048910140991211,2
1771109007260,-0.5636311769485474,0.21194744110107422,0.5972802639007568,2
1771109007368,0.31353652477264404,0.31639671325683594,-1.1216685771942139,2
1771109007476,0.14661720395088196,1.0660924911499023,-0.2085433006286621,2
1771109007579,-0.7341309785842896,-0.07536697387695312,0.25244760513305664,2
1771109007684,-0.19875268638134003,-0.6378316879272461,2.2684645652770996,2
1771109007784,0.590312123298645,0.5031375885009766,-1.9496402740478516,2
1771109007885,0.2856292426586151,0.6203165054321289,0.023873090744018555,2
1771109007992,-0.5631563663482666,-0.23886680603027344,0.6240079402923584,2
1771109008100,1.2461624145507812,-1.2353239059448242,2.087839126586914,2
1771109008210,-0.7112928628921509,0.7433633804321289,0.3910527229309082,2
1771109008310,-0.43744999170303345,-1.6474575996398926,0.752671480178833,2
1771109008418,-0.1954861283302307,-1.2551450729370117,0.7819933891296387,2
1771109008527,-0.5126889944076538,-0.9785051345825195,0.9641156196594238,2
1771109008635,-0.9446606636047363,1.2699499130249023,-0.36115002632141113,2
1771109008744,0.4669117033481598,0.1732006072998047,1.2257673740386963,2
1771109008853,-0.1479668766260147,-0.8638601303100586,-0.2942671775817871,2
1771109008988,-0.6045041680335999,0.9195289611816406,-1.2333588600158691,2
1771109009069,-0.0835140198469162,0.5410957336425781,-0.5049660205841064,2
1771109009182,0.2201753854751587,-1.2061386108398438,0.23839187622070312,2
1771109009285,-0.9913304448127747,0.4505167007446289,-1.105226993560791,2
1771109009394,0.6003082394599915,-0.5348548889160156,2.4485244750976562,2
1771109009502,0.3650047183036804,0.382598876953125,1.7626171112060547,2
1771109009611,0.0776892900466919,-1.7464599609375,1.432844877243042,2
1771109009712,-0.2249506562948227,1.0211029052734375,-0.6032172441482544,2
1771109009820,-0.06332492083311081,0.5869598388671875,0.24996471405029297,2
1771109009928,-0.8856513500213623,-0.316986083984375,-0.09004569053649902,2
1771109010036,0.857473611831665,-0.038466453552246094,-0.8326849937438965,2
1771109010197,1.0472981929779053,-0.5168561935424805,1.5074427127838135,2
1771109010272,-0.3244236707687378,0.10537242889404297,-0.6107244491577148,2
1771109010346,0.3123975396156311,0.09165763854980469,0.37170886993408203,2
1771109010453,-0.022789716720581055,0.9838895797729492,-1.8195146322250366,2
1771109010562,0.8118274807929993,0.7795228958129883,0.6672585010528564,2
1771109010662,0.049188848584890366,-0.6827497482299805,0.1800539493560791,2
1771109010770,0.9429609775543213,-0.2423563003540039,0.3686652183532715,2
1771109010879,-0.14055246114730835,-0.9769010543823242,-1.255342960357666,2
1771109010979,0.7411103248596191,0.8308839797973633,-0.697101354598999,2
1771109011088,0.6966919898986816,-0.27955150604248047,0.08879327774047852,2
1771109011212,-0.44363465905189514,-0.7797832489013672,-0.7511496543884277,2
1771109011316,0.02854183316230774,-0.7390298843383789,2.512758731842041,2
1771109011421,-0.28578609228134155,0.7038774490356445,-0.8613945245742798,2
1771109011529,0.936652660369873,-0.03215789794921875,0.1517798900604248,2
1771109011631,0.170777827501297,-0.3672599792480469,0.28299665451049805,2
1771109011738,0.2915639877319336,-1.593374252319336,-0.2634704113006592,2
1771109011846,-0.10576862096786499,1.289266586303711,-0.4543309211730957,2
1771109011976,0.529118537902832,0.6159229278564453,-0.6717128753662109,2
1771109012055,0.14977505803108215,-1.045069694519043,3.626378059387207,2
1771109012161,-0.8652997612953186,1.1406316757202148,-1.550508737564087,2
1771109012263,0.9352213144302368,-0.8405704498291016,1.0007503032684326,2
1771109012371,-1.0139918327331543,-0.12642288208007812,-0.32167530059814453,2
1771109012481,0.5245475172996521,0.020071029663085938,-0.9596514701843262,2
1771109012588,-1.1039130687713623,1.3300065994262695,-1.160677194595337,2
1771109012707,0.31387388706207275,-0.18708419799804688,1.0785229206085205,2
1771109012806,-0.09346622228622437,-1.4496631622314453,-0.389376163482666,2
1771109012917,-1.3088884353637695,0.4887113571166992,-2.0461268424987793,2
1771109013014,-2.3145575523376465,1.499673843383789,-1.6675008535385132,2
1771109013167,1.9370189905166626,-1.3915386199951172,0.749600887298584,2
1771109013223,-0.10843902826309204,-1.0571022033691406,-1.1613843441009521,2
1771109013332,-1.775246500968933,0.9719886779785156,-1.2776734828948975,2
1771109013433,-0.4785322844982147,0.6575841903686523,-1.6699968576431274,2
1771109013540,0.3010188341140747,-1.521712303161621,1.2573959827423096,2
1771109013648,-0.3442501127719879,1.1597623825073242,-2.0364327430725098,2
1771109013756,-0.4101829528808594,0.3357820510864258,-2.0095198154449463,2
1771109013857,-0.5319005846977234,0.29616832733154297,0.907341718673706,2
1771109013985,-1.9504024982452393,-0.9611053466796875,-0.09555113315582275,2
1771109014066,-1.345611333847046,1.5082674026489258,-1.8836082220077515,2
1771109014193,-0.3812197744846344,0.043732643127441406,-1.796261191368103,2
1771109014274,0.36286479234695435,-1.221858024597168,-0.2504463195800781,2
1771109014384,-0.11732450127601624,0.16060924530029297,-0.6577738523483276,2
1771109014483,0.32167595624923706,-1.3917198181152344,0.553246021270752,2
1771109014583,0.9889378547668457,-0.20101070404052734,0.7033029794692993,2
1771109014690,0.23531875014305115,0.05195331573486328,1.2688233852386475,2
1771109014799,-0.35557228326797485,1.0877113342285156,-1.0762537717819214,2
1771109014909,0.6416159272193909,0.41896820068359375,0.34226560592651367,2
1771109015016,-0.4523652195930481,-0.035712242126464844,-0.6258325576782227,2
1771109015136,-0.27354687452316284,0.24643993377685547,-0.9723671078681946,2
1771109015225,0.6648253798484802,-1.1665821075439453,1.8621453046798706,2
1771109015333,-0.6184428930282593,-0.2823019027709961,-0.5510885715484619,2
1771109015442,0.8687840700149536,0.27538108825683594,0.4729764461517334,2
1771109015551,0.9029577374458313,0.15639972686767578,0.7689950466156006,2
1771109015659,-0.3044629991054535,0.5529623031616211,-0.21322453022003174,2
1771109015769,0.7576406598091125,0.28428173065185547,-0.5852715969085693,2
1771109015876,0.29506534337997437,-0.7592906951904297,0.3209719657897949,2
1771109016030,-0.26324623823165894,0.02962017059326172,1.2248404026031494,2
1771109016092,0.9083422422409058,0.6409292221069336,0.6795992851257324,2
1771109016204,-0.42300736904144287,-0.6267232894897461,0.2510107755661011,2
1771109016294,-0.6088969111442566,-0.31685829162597656,-0.3898423910140991,2
1771109016401,-1.0654419660568237,0.8098926544189453,-0.8384425640106201,2
1771109016510,-0.48175060749053955,-1.0030670166015625,-0.9435931444168091,2
1771109016617,-0.29787102341651917,0.7562942504882812,-1.3923423290252686,2
1771109016725,-0.2526322901248932,-0.7974348068237305,-1.7148802280426025,2
1771109016834,-0.49563685059547424,0.1263294219970703,-1.2326711416244507,2
1771109016946,-0.38810184597969055,-1.2007770538330078,-0.4427516460418701,2
1771109017051,-0.8229759931564331,0.7923860549926758,-1.598080039024353,2
1771109017182,-0.05574220418930054,-0.6030788421630859,-1.1309075355529785,2
1771109017260,-0.8873986601829529,-1.0044174194335938,-1.1804927587509155,2
1771109017369,0.2968024015426636,-1.6860289573669434,0.3705620765686035,2
1771109017478,-1.4051272869110107,1.131209373474121,0.5599857568740845,2
1771109017577,0.46757662296295166,-0.23121356964111328,-0.07599794864654541,2
1771109017687,-0.6160781979560852,1.1735734939575195,-0.44402647018432617,2
1771109017785,-0.07836839556694031,1.250885009765625,2.8688626289367676,2
1771109017895,-0.5104817152023315,0.9818649291992188,-0.12357664108276367,2
1771109018002,0.42381954193115234,1.3672122955322266,-1.1903029680252075,2
1771109018138,0.6271843910217285,-0.6244173049926758,1.4340546131134033,2
1771109018220,-0.021056771278381348,0.0628662109375,-1.7867884635925293,2
1771109018328,-0.45618557929992676,-1.0471687316894531,0.6344761848449707,2
1771109018436,0.35856008529663086,-1.5973806381225586,-0.11437726020812988,2
1771109018546,-0.3112480938434601,-0.17184066772460938,-0.24602389335632324,2
1771109018652,-0.16832594573497772,-0.8045253753662109,1.7040410041809082,2
1771109018763,0.30185094475746155,0.1439647674560547,-0.7138170003890991,2
1771109018863,0.277861088514328,0.4864187240600586,1.4664442539215088,2
1771109019014,-0.48141950368881226,1.010873794555664,-1.1695582866668701,2
1771109019079,0.6828724145889282,0.5446062088012695,-2.0862581729888916,2
1771109019180,0.998916506767273,-1.4240951538085938,2.1974005699157715,2
1771109019286,0.6448140144348145,-1.344320297241211,0.7961094379425049,2
1771109019395,0.36989516019821167,1.2681703567504883,-0.9903616905212402,2
1771109019495,-0.48606613278388977,-0.8182144165039062,0.7938039302825928,2
1771109019604,0.06907173991203308,-0.32445240020751953,-0.05894732475280762,2
1771109019712,-0.5483142733573914,0.2606525421142578,-1.0349280834197998,2
1771109019820,0.9207481145858765,-0.4789905548095703,0.8110082149505615,2
1771109019920,-0.5136290788650513,-1.2488269805908203,0.46366655826568604,2
1771109020021,-0.4400622546672821,1.306478500366211,0.5265623331069946,2
1771109020128,0.4091801047325134,0.044447898864746094,0.05027198791503906,2
1771109020264,0.9614118337631226,0.8339347839355469,1.0655088424682617,2
1771109020337,-0.4435635805130005,0.8244028091430664,-0.5291818380355835,2
1771109020446,-0.07586205005645752,0.9167776107788086,-0.2756228446960449,2
1771109020554,-0.5629680752754211,0.46811866760253906,-0.7694892883300781,2
1771109020662,0.49475330114364624,-0.6651840209960938,1.7694263458251953,2
1771109020771,-1.1538960933685303,0.02007293701171875,-1.5614856481552124,2
1771109020874,0.0030571818351745605,0.08499908447265625,-2.7258691787719727,2
1771109021007,-0.42660975456237793,0.249664306640625,-0.5338708162307739,2
1771109021089,0.36490797996520996,-0.6198310852050781,-0.269922137260437,2
1771109021212,-0.19963952898979187,0.35337066650390625,-1.1665804386138916,2
1771109021313,0.9896695613861084,0.9408035278320312,2.0926766395568848,2
1771109021417,0.7287413477897644,0.8167543411254883,0.5016294717788696,2
1771109021523,-0.11639553308486938,1.8313512802124023,1.6630007028579712,2
1771109021630,-0.244066059589386,1.330099105834961,-1.0805550813674927,2
1771109021741,-0.5560979843139648,1.941690444946289,0.9396475553512573,2
1771109021847,-0.4744635820388794,-0.14082908630371094,0.37424635887145996,2
1771109021955,-0.01756119728088379,-0.9058761596679688,1.542156457901001,2
1771109022065,-0.9957489967346191,-0.14585494995117188,0.41878974437713623,2
1771109022192,0.6199523210525513,0.8157253265380859,3.6738476753234863,2
1771109022297,-0.5268310308456421,-0.10570240020751953,-0.3502335548400879,2
1771109022406,0.43913137912750244,-0.45719337463378906,-3.0846445560455322,2
1771109022506,0.8420553207397461,-1.1864871978759766,0.04311728477478027,2
1771109022615,-0.5837268829345703,-1.0027828216552734,0.7486741542816162,2
1771109022723,-0.14236634969711304,0.7527542114257812,0.4217500686645508,2
1771109022831,0.007159113883972168,-0.3946561813354492,0.1750044822692871,2
1771109022940,0.07063186168670654,0.8897237777709961,1.0401780605316162,2
1771109023052,-0.28471285104751587,-0.09789180755615234,-0.7936859130859375,2
1771109023167,0.10855090618133545,0.49306392669677734,-0.011205196380615234,2
1771109023273,0.10112345218658447,0.8785009384155273,-0.9001479148864746,2
1771109023382,0.003857731819152832,-0.23830223083496094,-0.7567174434661865,2
1771109023483,0.5421040654182434,0.7297563552856445,1.2101917266845703,2
1771109023590,0.4074268341064453,0.07569026947021484,0.19221735000610352,2
1771109023692,0.3488374948501587,0.06000232696533203,0.8410470485687256,2
1771109023799,-0.06380712985992432,-1.1036558151245117,-0.547386884689331,2
1771109023900,0.5418428182601929,0.36438941955566406,1.2332940101623535,2
1771109024029,-0.6698646545410156,-0.6187515258789062,-2.828134059906006,2
1771109024150,0.008600056171417236,-1.3862991333007812,0.24335002899169922,2
1771109024224,-0.4228026270866394,-0.32930755615234375,-0.898837685585022,2
1771109024333,-0.634181559085846,0.2899951934814453,-0.5392556190490723,2
1771109024433,0.426200270652771,-1.3793830871582031,-0.5290367603302002,2
1771109024541,-0.8590137958526611,0.8857326507568359,-1.5235775709152222,2
1771109024649,0.7062984704971313,1.1041679382324219,0.06613731384277344,2
1771109024751,-0.3615611791610718,0.993896484375,-1.9097404479980469,2
1771109024858,-0.1401868462562561,-0.627018928527832,-0.9997005462646484,2
1771109024966,-0.13744038343429565,-0.7371053695678711,0.17349815368652344,2
1771109025075,0.4037802815437317,-1.4479894638061523,1.868124008178711,2
1771109025185,0.1660117506980896,0.5450611114501953,-0.9502822160720825,2
1771109025292,0.7767231464385986,-0.5625953674316406,-0.353987455368042,2
1771109025400,0.33139336109161377,-0.2448272705078125,0.6172475814819336,2
1771109025509,0.1655157208442688,-0.2580881118774414,0.4735379219055176,2
1771109025617,0.4309226870536804,-0.45424365997314453,-0.4640350341796875,2
1771109025726,0.14307492971420288,-1.2854881286621094,0.21015000343322754,2
1771109025836,-0.22066199779510498,1.3717470169067383,-1.0051331520080566,2
1771109025942,-0.23325097560882568,1.2745113372802734,-0.781821608543396,2
1771109026051,0.19383448362350464,1.5945863723754883,-0.12197327613830566,2
1771109026184,0.16085904836654663,1.323439598083496,0.041312575340270996,2
1771109026260,0.45392167568206787,-0.32678699493408203,0.27793216705322266,2
1771109026369,0.9664062857627869,-0.11131763458251953,2.0039355754852295,2
1771109026478,-0.22843801975250244,0.8389835357666016,0.5105295181274414,2
1771109026584,-0.1482446789741516,-0.23308944702148438,-0.5318795442581177,2
1771109026694,-0.4187834858894348,-0.3608980178833008,-0.2598109245300293,2
1771109026801,-0.8875381350517273,0.2879295349121094,-0.6601189374923706,2
1771109026912,0.45162051916122437,-0.1580963134765625,0.37593042850494385,2
1771109027020,0.2932926416397095,-0.7529258728027344,-0.6940962076187134,2
1771109027138,0.24949193000793457,-1.4762535095214844,-0.0024567842483520508,2
1771109027227,-1.0056109428405762,0.6444530487060547,-0.5567021369934082,2
1771109027335,-0.5527657866477966,0.2237720489501953,0.6573357582092285,2
1771109027437,-0.20347094535827637,-0.08661174774169922,0.30579674243927,2
1771109027536,-0.3305308520793915,0.8680953979492188,-1.532515048980713,2
1771109027646,0.6519875526428223,-0.21620655059814453,1.543938159942627,2
1771109027755,-1.285170078277588,-0.1100778579711914,-0.6484615802764893,2
1771109027861,-0.08800989389419556,-0.7045383453369141,-0.5911778211593628,2
1771109027961,-0.005047500133514404,0.8943042755126953,-1.2779595851898193,2
1771109028069,0.032826006412506104,-0.17246055603027344,-0.24071216583251953,2
1771109028183,0.5917074084281921,1.141230583190918,1.2013771533966064,2
1771109028286,0.5478146076202393,0.9972925186157227,-0.3362990617752075,2
1771109028395,-0.43352606892585754,1.5468292236328125,-2.225597381591797,2
1771109028495,0.03808796405792236,-1.7893238067626953,1.4896351099014282,2
1771109028603,-0.6907947063446045,0.014063835144042969,0.021713972091674805,2
1771109028705,-0.2850332260131836,0.7716875076293945,-1.9459431171417236,2
1771109028812,0.14554905891418457,0.029148101806640625,-1.5808968544006348,2
1771109028920,-0.07707029581069946,-0.9979848861694336,-0.5315843820571899,2
1771109029033,-0.41455572843551636,1.4668769836425781,-0.1885061264038086,2
1771109029180,0.06776857376098633,-0.8521595001220703,0.7951192855834961,2
1771109029231,0.20880413055419922,-0.771662712097168,1.124152421951294,2
1771109029337,0.3066921830177307,1.0056161880493164,1.630521297454834,2
1771109029445,0.4893914461135864,1.594283103942871,-0.9937398433685303,2
1771109029546,0.06006985902786255,-0.5041093826293945,-0.5669420957565308,2
1771109029654,-0.004028439521789551,0.13022994995117188,-1.4060585498809814,2
1771109029763,-0.7546353340148926,0.30869102478027344,-1.041309118270874,2
1771109029863,0.5044831037521362,-0.08372783660888672,0.9190222024917603,2
1771109029970,-0.6533899903297424,0.14673423767089844,-1.058173418045044,2
1771109030126,0.11669766902923584,-0.8099555969238281,-0.7068535089492798,2
1771109030222,0.22768259048461914,-0.6251792907714844,0.3998076915740967,2
1771109030298,0.06315243244171143,0.3746919631958008,0.4387784004211426,2
1771109030396,0.9080525636672974,-1.1376714706420898,0.7913808822631836,2
1771109030506,0.05133521556854248,0.7267971038818359,-0.05322468280792236,2
1771109030613,0.32578206062316895,0.1217336654663086,0.17438006401062012,2
1771109030714,0.9234189391136169,0.2667121887207031,-0.03217816352844238,2
1771109030822,0.2847651541233063,0.1287393569946289,1.4450901746749878,2
1771109030929,1.12895667552948,-0.8699874877929688,1.2449392080307007,2
1771109031032,0.1550951600074768,0.0066776275634765625,-0.21043038368225098,2
1771109031194,-0.35112279653549194,0.07385444641113281,0.02334761619567871,2
1771109031240,-0.08210906386375427,0.2672262191772461,0.366832971572876,2
1771109031347,0.7037088871002197,-0.08449172973632812,1.0432440042495728,2
1771109031456,-0.19732338190078735,-0.919255256652832,-0.9139711260795593,2
1771109031564,0.33932924270629883,1.344681739807129,-1.2085188627243042,2
1771109031666,-0.4317627549171448,1.531264305114746,-1.9607186317443848,2
1771109031771,0.4749811887741089,0.22959041595458984,0.29239320755004883,2
1771109031873,0.42076992988586426,-0.7796316146850586,0.3347432613372803,2
1771109031981,0.624245822429657,0.07220458984375,1.4381847381591797,2
1771109032091,-0.08014941215515137,0.7129659652709961,-0.9379940032958984,2
1771109032238,-0.36145728826522827,-0.0906524658203125,-0.6302922964096069,2
1771109032305,0.14528775215148926,0.5885410308837891,-1.0519356727600098,2
1771109032407,-0.09559762477874756,-0.5971918106079102,-0.5585079193115234,2
1771109032515,-0.37811365723609924,-0.005099296569824219,0.6655477285385132,2
1771109032615,0.25325536727905273,-0.17687606811523438,-0.40394043922424316,2
1771109032724,-0.8562617301940918,-1.0527372360229492,-0.6321365833282471,2
1771109032824,0.8652037978172302,-0.3564186096191406,0.8474843502044678,2
1771109032932,-0.13892370462417603,-0.5669631958007812,0.8230458498001099,2
1771109033033,-0.4323354661464691,-0.38539695739746094,0.220167875289917,2
1771109033158,-0.45559418201446533,1.3808107376098633,0.09861433506011963,2
1771109033249,-1.0647274255752563,0.15577983856201172,-2.4445526599884033,2
1771109033357,-0.9947342276573181,-0.15699005126953125,0.05163407325744629,2
1771109033458,0.20734351873397827,0.9942417144775391,1.2483280897140503,2
1771109033566,-0.27605387568473816,-0.6526937484741211,0.6586472988128662,2
1771109033674,-0.0821184515953064,-0.5184993743896484,-0.7052241563796997,2
1771109033784,0.44212520122528076,0.7541484832763672,-0.2692986726760864,2
1771109033891,0.5317137241363525,1.1563453674316406,1.1959360837936401,2
1771109033999,-0.015943259000778198,-0.30549144744873047,0.0973120927810669,2
1771109034107,0.6074151396751404,-1.068802833557129,0.5429883003234863,2
1771109034230,0.8663928508758545,1.0264091491699219,1.0629868507385254,2
1771109034334,-0.6362619400024414,0.8616809844970703,-0.5320829153060913,2
1771109034442,-0.5742868185043335,2.2626638412475586,0.280012845993042,2
1771109034550,-0.5147255063056946,0.23301124572753906,-3.0866050720214844,2
1771109034660,-1.3430604934692383,-0.8998079299926758,-0.5211694240570068,2
1771109034768,-0.8517024517059326,-1.0626630783081055,-0.4322270154953003,2
1771109034875,0.08115419745445251,-0.2480020523071289,-0.03856062889099121,2
1771109034983,0.2681315243244171,1.6649703979492188,-0.42910540103912354,2
1771109035092,0.2281951606273651,-0.45212268829345703,-0.1773620843887329,2
1771109035200,0.1436980962753296,-0.42461299896240234,1.0735454559326172,2
1771109035309,0.46672385931015015,-0.8875932693481445,1.6087393760681152,2
1771109035409,0.4366700351238251,1.3097734451293945,2.1601204872131348,2
1771109035517,0.41394567489624023,-0.008391380310058594,1.2383005619049072,2
1771109035619,0.6930081844329834,-0.42159461975097656,0.736943244934082,2
1771109035726,1.0743203163146973,-0.6396713256835938,1.351691484451294,2
1771109035834,-0.5587877035140991,-0.24997997283935547,-0.5547130107879639,2
1771109035944,0.5096118450164795,0.5302019119262695,0.7111358642578125,2
1771109036056,-0.24885472655296326,-0.07438278198242188,-1.327974557876587,2
1771109036165,-0.22035425901412964,-0.5728063583374023,-2.1823368072509766,2
1771109036269,-0.7167415618896484,0.8990201950073242,-0.6637477874755859,2
1771109036378,-0.238796204328537,0.6183300018310547,-0.4214670658111572,2
1771109036485,-1.4443877935409546,0.06826400756835938,0.8432228565216064,2
1771109036587,0.771896243095398,0.8056316375732422,0.9089767932891846,2
1771109036693,-0.3205922544002533,0.21019649505615234,0.9267435073852539,2
1771109036801,0.6114739179611206,0.14043426513671875,-0.7125060558319092,2
1771109036904,-0.24441806972026825,-1.0062189102172852,-1.0071853399276733,2
1771109037054,-0.07261103391647339,0.35051918029785156,0.0036334991455078125,2
1771109037134,-0.914762556552887,0.209442138671875,-0.2569286823272705,2
1771109037221,-0.6728882789611816,0.34755420684814453,0.6124045848846436,2
1771109037322,0.308379590511322,-0.7575616836547852,0.8918824195861816,2
1771109037429,0.08542689681053162,0.39020729064941406,0.5018620491027832,2
1771109037536,-0.19025644659996033,-1.3438997268676758,0.5410010814666748,2
1771109037644,-0.06842081248760223,-0.4042634963989258,0.14875435829162598,2
1771109037753,0.4803831875324249,-1.1028070449829102,-0.22065258026123047,2
1771109037861,0.09726686030626297,0.09707450866699219,-0.5468437671661377,2
1771109037972,-0.3530598282814026,-0.1925201416015625,-0.8509699106216431,2
1771109038078,0.9759790301322937,1.3244619369506836,1.3012802600860596,2
1771109038182,-0.30976083874702454,0.3810720443725586,-0.8714975118637085,2
1771109038288,-0.16244423389434814,-0.0027256011962890625,0.011900186538696289,2
1771109038397,-0.8188896775245667,0.7252082824707031,-1.6546695232391357,2
1771109038503,0.7603404521942139,-0.018830299377441406,0.6043627262115479,2
1771109038604,0.5701367855072021,0.39813232421875,-0.838546872138977,2
1771109038705,0.7251601219177246,0.35610198974609375,0.10202670097351074,2
1771109038813,-0.03080500289797783,0.8087882995605469,-0.5037448406219482,2
1771109038921,0.050110481679439545,0.16675186157226562,-1.924989938735962,2
1771109039040,-0.07444192469120026,-1.6025114059448242,-0.880760908126831,2
1771109039176,0.434536874294281,-1.1695642471313477,-0.370715856552124,2
1771109039237,1.1556035280227661,-0.7547950744628906,-0.03396344184875488,2
1771109039338,-0.15760639309883118,-0.6599130630493164,0.07550191879272461,2
1771109039446,0.7109463810920715,-0.020742416381835938,1.2564246654510498,2
1771109039555,0.2723541259765625,-0.5959615707397461,-0.9091670513153076,2
1771109039663,0.17906321585178375,-0.8465757369995117,0.21843719482421875,2
1771109039763,-0.5775778889656067,-0.16505718231201172,-2.5850813388824463,2
1771109039873,0.6876251101493835,0.3377494812011719,-0.2766683101654053,2
1771109039972,-0.24676907062530518,0.5924549102783203,-0.5439945459365845,2
1771109040081,0.3534366190433502,0.31360340118408203,0.1383047103881836,2
1771109040182,0.845540463924408,0.7530136108398438,1.6901130676269531,2
1771109040290,-0.03309830650687218,-0.11895561218261719,1.8931679725646973,2
1771109040398,-0.2962839901447296,-0.5082149505615234,-0.0029401779174804688,2
1771109040505,1.2969228029251099,-0.14965438842773438,1.2406535148620605,2
1771109040615,0.4842663109302521,0.8652629852294922,0.34889376163482666,2
1771109040722,0.31383371353149414,0.38704586029052734,-0.5211981534957886,2
1771109040833,0.18532712757587433,0.3476734161376953,0.2394566535949707,2
1771109040939,0.6820915937423706,1.3383331298828125,0.13214635848999023,2
1771109041057,-0.45481249690055847,-0.851750373840332,-1.696624755859375,2
1771109041182,0.4290626049041748,-0.25794029235839844,1.2706410884857178,2
1771109041264,0.3371769189834595,1.0577316284179688,0.5108804702758789,2
1771109041365,0.6151096224784851,-0.8629074096679688,0.34956860542297363,2
1771109041473,-0.08562265336513519,0.1350116729736328,-0.9881970882415771,2
1771109041574,-0.19701525568962097,0.5930910110473633,-2.0240988731384277,2
1771109041681,0.06560216844081879,-0.2660236358642578,-0.8108227252960205,2
1771109041790,0.15713290870189667,-0.8776378631591797,-0.23540878295898438,2
1771109041891,-0.6758074760437012,-0.1863574981689453,-1.945375680923462,2
1771109041998,0.27389997243881226,2.005908966064453,-0.4424912929534912,2
1771109042098,0.29413068294525146,-0.6001653671264648,1.2554173469543457,2
1771109042209,0.15295878052711487,0.7209758758544922,-0.4635664224624634,2
1771109042315,0.28634563088417053,1.0991992950439453,0.19078636169433594,2
1771109042423,-0.601574182510376,0.6520318984985352,-1.5326595306396484,2
1771109042531,0.5473620891571045,1.0971574783325195,-0.9689881801605225,2
1771109042640,-0.8384699821472168,-0.5360116958618164,0.03300023078918457,2
1771109042748,-0.283912718296051,-0.00096893310546875,-0.2048184871673584,2
1771109042857,-0.47852686047554016,0.02920246124267578,-0.44353556632995605,2
1771109042965,-0.10151565074920654,-0.3151683807373047,0.06154298782348633,2
1771109043086,0.7615676522254944,-0.35637569427490234,2.9180586338043213,2
1771109043204,-0.38413798809051514,1.2400569915771484,0.4541388750076294,2
1771109043310,-0.400461882352829,0.2057027816772461,-0.16336703300476074,2
1771109043417,-0.07048128545284271,-0.6231679916381836,0.7277276515960693,2
1771109043524,-0.05824166536331177,-0.5471096038818359,0.0004540681838989258,2
1771109043630,0.06129645183682442,0.8369579315185547,0.8108851909637451,2
1771109043733,0.23816652595996857,0.6335554122924805,-1.207165002822876,2
1771109043834,0.7157873511314392,0.08392143249511719,0.9089443683624268,2
1771109043941,-0.6260597705841064,0.5923271179199219,-0.26074254512786865,2
1771109044071,0.06322629004716873,0.07264995574951172,0.4582822322845459,2
1771109044169,-0.3691823184490204,-0.4741325378417969,0.23023366928100586,2
1771109044258,0.19672706723213196,1.6517019271850586,0.052237510681152344,2
1771109044367,0.010366164147853851,1.4641923904418945,-0.3877178430557251,2
1771109044467,0.4889596104621887,-0.704066276550293,2.2068376541137695,2
1771109044576,-0.24987369775772095,-0.3396263122558594,0.2707993984222412,2
1771109044683,-0.6847524642944336,1.0052719116210938,-1.863193392753601,2
1771109044793,-0.08860935270786285,-0.8311910629272461,-0.3123199939727783,2
1771109044899,0.4989772140979767,-0.3543558120727539,0.2588081359863281,2
1771109045001,-1.0424607992172241,0.5245904922485352,-1.4668059349060059,2
1771109045163,-0.040039412677288055,-0.9329118728637695,1.1749303340911865,2
1771109045217,-0.4159497320652008,-1.8714303970336914,-2.0271856784820557,2
1771109045318,0.32998016476631165,0.7669162750244141,-1.9410688877105713,2
1771109045426,-0.5095363259315491,-0.18432998657226562,-1.225419044494629,2
1771109045535,-0.9078922867774963,0.19283199310302734,0.521442174911499,2
1771109045644,-0.865166962146759,0.6332902908325195,-0.5847494602203369,2
1771109045751,-0.7703068852424622,0.3099641799926758,-2.099822521209717,2
1771109045860,0.39148762822151184,0.04399871826171875,1.631049633026123,2
1771109045969,0.007470279932022095,0.15206146240234375,0.6307582855224609,2
1771109046081,-0.1597587615251541,-0.14954662322998047,1.0532774925231934,2
1771109046203,0.4489404559135437,0.22339916229248047,0.8953909873962402,2
1771109046285,-0.17839844524860382,-0.9521474838256836,1.5600106716156006,2
1771109046394,0.1656007617712021,-0.40731239318847656,-0.31017541885375977,2
1771109046502,-0.18475045263767242,0.32356834411621094,-0.13617253303527832,2
1771109046610,0.05832242965698242,0.9099864959716797,-0.9358172416687012,2
1771109046719,0.3564044237136841,1.0512046813964844,0.42674732208251953,2
1771109046828,-0.17996306717395782,-1.5228214263916016,-0.12927508354187012,2
1771109046936,1.127938985824585,-0.9559946060180664,-1.237349271774292,2
1771109047045,-0.6665101051330566,0.05818653106689453,-3.1004161834716797,2
1771109047172,1.3341927528381348,-0.07818222045898438,0.6445193290710449,2
1771109047261,-0.35890325903892517,0.40975189208984375,0.14304637908935547,2
1771109047369,-0.012440431863069534,-0.1712179183959961,2.659852981567383,2
1771109047478,0.7707808017730713,-0.9944124221801758,2.0343542098999023,2
1771109047587,-1.0759633779525757,0.19121360778808594,-1.1540297269821167,2
1771109047694,0.5201667547225952,1.399526596069336,1.4774951934814453,2
1771109047795,0.5552775859832764,0.28052616119384766,2.6542344093322754,2
1771109047904,-0.2768135964870453,0.2997283935546875,0.2702517509460449,2
1771109048011,-0.27236470580101013,0.700566291809082,0.4146542549133301,2
1771109048113,0.8256936073303223,-1.1449718475341797,1.045976161956787,2
1771109048242,-0.6479721069335938,0.6991100311279297,0.03627645969390869,2
1771109048348,0.13386906683444977,-0.2642478942871094,0.006719231605529785,2
1771109048449,-0.43638330698013306,0.9469470977783203,-1.0563056468963623,2
1771109048554,0.20780912041664124,-0.0306549072265625,-0.3620678186416626,2
1771109048663,0.5308455228805542,-0.7598695755004883,1.1065597534179688,2
1771109048771,-0.3087734878063202,1.0379142761230469,-1.1122082471847534,2
1771109048871,-0.20409780740737915,0.6580181121826172,-1.9633400440216064,2
1771109048979,0.3914600908756256,0.12839412689208984,0.22700905799865723,2
1771109049091,0.39249077439308167,-0.882293701171875,0.7156245708465576,2
1771109049200,0.07290294766426086,0.3128547668457031,-1.0286680459976196,2
1771109049305,-0.4133112132549286,0.33127880096435547,-0.004999637603759766,2
1771109049415,-0.12013569474220276,-0.1468505859375,-1.0379458665847778,2
1771109049522,0.26279929280281067,-0.3623628616333008,1.9336280822753906,2
1771109049622,-0.6716707348823547,-0.07555866241455078,0.475846529006958,2
1771109049730,0.06141505762934685,-0.5292234420776367,-1.022524356842041,2
1771109049840,-0.14324243366718292,0.9488382339477539,-0.16316008567810059,2
1771109049947,-0.43467476963996887,-0.11139488220214844,-1.3237802982330322,2
1771109050172,-0.31506675481796265,-0.16022586822509766,-1.6491973400115967,2
1771109050172,-0.31506675481796265,-0.16022586822509766,-1.6491973400115967,2
1771109050265,0.21871504187583923,0.4546642303466797,-0.98130202293396,2
1771109050373,0.044634051620960236,-0.16527271270751953,-1.8124274015426636,2
1771109050481,0.015251442790031433,-0.060599327087402344,-0.4969353675842285,2
1771109050582,0.4131962060928345,0.3799457550048828,0.7634367942810059,2
1771109050689,-0.05720315873622894,-0.22474002838134766,-0.6440525054931641,2
1771109050798,-0.7823227643966675,-1.1883554458618164,0.0672452449798584,2
1771109050908,-0.30904993414878845,-0.9867534637451172,1.1907835006713867,2
1771109051015,0.2606295347213745,1.3196802139282227,0.3983879089355469,2
1771109051166,-0.13442018628120422,-0.13115882873535156,-1.1139533519744873,2
1771109051224,1.1507554054260254,1.1337080001831055,2.333930253982544,2
1771109051332,0.7234551906585693,0.49918556213378906,0.8069140911102295,2
1771109051432,-0.4420011639595032,-0.5356178283691406,-0.2965583801269531,2
1771109051540,0.2589007318019867,-0.37877464294433594,1.1017816066741943,2
1771109051641,0.5556644797325134,0.1680450439453125,0.4842228889465332,2
1771109051749,-0.47577428817749023,0.43779754638671875,-0.21350371837615967,2
1771109051857,0.4953790307044983,-0.2292652130126953,0.7691969871520996,2
1771109051965,-0.05131968855857849,0.5185375213623047,0.510272741317749,2
1771109052158,0.17050620913505554,0.24425697326660156,1.460019826889038,2
1771109052202,-0.6879413723945618,-0.3916587829589844,-0.698041558265686,2
1771109052291,0.6719973087310791,0.5730495452880859,1.7553067207336426,2
1771109052409,0.09021666646003723,-0.010511398315429688,0.07838761806488037,2
1771109052509,-0.9155299663543701,-0.8088436126708984,-0.7117936611175537,2
1771109052617,-1.2805794477462769,-0.31139087677001953,-1.7331881523132324,2
1771109052726,-0.34973829984664917,1.0778751373291016,-1.3085154294967651,2
1771109052833,0.021795254200696945,-0.22402381896972656,-0.462581992149353,2
1771109052944,-0.3071126639842987,0.7647085189819336,-0.18246042728424072,2
1771109053042,-0.2894345819950104,-0.3970527648925781,2.143202066421509,2
1771109053167,0.042645979672670364,0.21043968200683594,0.22053241729736328,2
1771109053252,-0.6644780039787292,0.046909332275390625,-0.6383647918701172,2
1771109053358,0.3894219994544983,0.6395587921142578,-0.6361651420593262,2
1771109053468,-0.147020161151886,0.5677804946899414,-0.45090794563293457,2
1771109053576,-0.37282347679138184,-1.104954719543457,-0.6500496864318848,2
1771109053684,-0.10000532865524292,0.749690055847168,-0.8695306181907654,2
1771109053792,1.052164077758789,0.3628358840942383,-0.888371467590332,2
1771109053893,0.9005873799324036,-0.9045724868774414,0.12425076961517334,2
1771109054000,0.7844200730323792,-1.1214275360107422,-0.3641868829727173,2
1771109054105,-0.02271123230457306,-0.0038499832153320312,-1.2754490375518799,2
1771109054214,0.826799750328064,0.19315052032470703,1.265183448791504,2
1771109054318,0.0962194949388504,-0.20856571197509766,-0.9557807445526123,2
1771109054418,1.044132113456726,-0.5192346572875977,0.6974389553070068,2
1771109054526,-0.7589161396026611,-0.36767578125,-0.2292170524597168,2
1771109054635,-0.5028834342956543,0.0384368896484375,-2.0580201148986816,2
1771109054736,-0.2154744267463684,0.9857635498046875,-1.7027220726013184,2
1771109054843,-0.5368949770927429,0.09095573425292969,0.3209056854248047,2
1771109054952,-0.28536084294319153,-0.9494819641113281,-0.344645619392395,2
1771109055052,0.9436783194541931,-0.48876094818115234,2.495995283126831,2
1771109055199,-0.2005508691072464,1.4263620376586914,-1.9349582195281982,2
1771109055269,-0.711208701133728,0.8261089324951172,-0.8838658332824707,2
1771109055371,0.6697871685028076,-0.11556339263916016,-0.42859137058258057,2
1771109055477,-0.09113916754722595,-1.0306396484375,-0.6684161424636841,2
1771109055577,-0.395888090133667,-0.049732208251953125,-0.11691582202911377,2
1771109055688,-0.031325407326221466,-0.0077152252197265625,-1.1172502040863037,2
1771109055794,0.05418096482753754,-0.4474811553955078,0.4741860628128052,2
1771109055903,0.061478130519390106,-0.10997295379638672,-0.5158807039260864,2
1771109056005,-0.3967166841030121,0.5077457427978516,-0.16428208351135254,2
1771109056179,-0.4665322005748749,0.5037651062011719,0.2604665756225586,2
1771109056219,0.8809469938278198,-1.0295400619506836,1.1429303884506226,2
1771109056322,0.0322163961827755,1.0102567672729492,0.4173471927642822,2
1771109056428,-1.0698604583740234,-0.4589195251464844,-1.863808035850525,2
1771109056539,0.03353303670883179,-0.5140275955200195,1.8888168334960938,2
1771109056637,0.33638235926628113,1.029210090637207,1.5156803131103516,2
1771109056745,-0.6389142870903015,1.1503515243530273,-0.2616537809371948,2
1771109056853,-0.6398138403892517,-0.8659124374389648,-0.2040412425994873,2
1771109056962,-0.7118105888366699,0.9782190322875977,-0.18897056579589844,2
1771109057071,0.11850489675998688,1.5513315200805664,-0.7744486331939697,2
1771109057208,-0.6648797392845154,1.344930648803711,-0.8491640090942383,2
1771109057287,-0.11538115888834,-1.518259048461914,0.6968374252319336,2
1771109057396,-0.16755929589271545,-0.0745706558227539,-0.6088504791259766,2
1771109057496,0.37809330224990845,0.4592304229736328,0.45435023307800293,2
1771109057604,1.0127992630004883,-0.4745502471923828,0.521064043045044,2
1771109057705,-0.14524374902248383,-0.5709896087646484,0.7564641237258911,2
1771109057812,0.76198810338974,-0.3976736068725586,0.6411432027816772,2
1771109057921,0.7239850759506226,-0.1399240493774414,1.0052490234375,2
1771109058030,0.06314956396818161,0.7174835205078125,0.6556482315063477,2
1771109058184,0.34515270590782166,-0.9474420547485352,-0.16008877754211426,2
1771109058237,-0.5214310884475708,-0.8858261108398438,-0.18176531791687012,2
1771109058339,0.5538420081138611,-0.614288330078125,0.04097187519073486,2
1771109058447,-0.19214141368865967,0.1603994369506836,-1.028297781944275,2
1771109058555,-1.2207515239715576,0.307373046875,-0.617479681968689,2
1771109058656,0.5549317002296448,0.15042591094970703,2.128553867340088,2
1771109058763,0.2497403919696808,-0.42647647857666016,0.4494209289550781,2
1771109058873,-0.3036563992500305,-0.5512790679931641,0.7585558891296387,2
1771109058980,-0.46738776564598083,-0.4441204071044922,-0.10288107395172119,2
1771109059194,-0.11262807995080948,1.5730457305908203,-0.952678918838501,2
1771109059194,-0.11262807995080948,1.5730457305908203,-0.952678918838501,2
1771109059298,0.1481059193611145,-1.2662458419799805,0.1295783519744873,2
1771109059399,-0.45293769240379333,-0.45603084564208984,-0.7071520090103149,2
1771109059505,0.34634721279144287,-0.037082672119140625,0.19967937469482422,2
1771109059606,0.4531461298465729,0.4053831100463867,1.4534449577331543,2
1771109059707,-0.8621994256973267,-0.39267444610595703,-1.147048830986023,2
1771109059815,0.0815332755446434,-0.11699962615966797,1.0980514287948608,2
1771109059916,0.9630795121192932,-0.7619113922119141,-1.7989096641540527,2
1771109060023,0.31141576170921326,1.6180458068847656,-0.32938599586486816,2
1771109060191,-0.3447250723838806,0.010310173034667969,-1.009966492652893,2
1771109060232,0.5668942928314209,-1.2041330337524414,0.8813014030456543,2
1771109060343,-0.1757134348154068,0.23467540740966797,-0.2718081474304199,2
1771109060448,0.5239882469177246,0.8504047393798828,-0.055208444595336914,2
1771109060559,0.2687807083129883,-2.313631057739258,0.7002466917037964,2
1771109060658,-0.24410480260849,0.04544258117675781,-0.455865740776062,2
1771109060765,0.22303301095962524,0.9227142333984375,-1.4838218688964844,2
1771109060874,-0.3662138879299164,0.06964588165283203,1.7545442581176758,2
1771109060974,0.41151031851768494,0.8173093795776367,-0.723608136177063,2
1771109061188,-0.07705800235271454,0.15468597412109375,-0.9387792348861694,2
1771109061230,-0.6728020906448364,-1.448531150817871,0.3319728374481201,2
1771109061316,-0.6655075550079346,1.586151123046875,-0.6824581623077393,2
1771109061427,-0.6837855577468872,-0.7556400299072266,-0.8944272994995117,2
1771109061534,-0.013807650655508041,-0.29549312591552734,0.6411318778991699,2
1771109061645,-0.31595155596733093,-0.13808250427246094,0.8127875328063965,2
1771109061749,-0.14643821120262146,-0.8285808563232422,-1.7733412981033325,2
1771109061851,-1.1222224235534668,0.6341238021850586,-2.2590560913085938,2
1771109061959,-0.6459922790527344,1.4817132949829102,-1.432204246520996,2
1771109062066,-0.36300456523895264,0.02991771697998047,-1.225738286972046,2
1771109062181,-1.0950663089752197,-0.054184913635253906,-1.200547456741333,2
1771109062290,0.20249852538108826,0.875737190246582,-0.042217254638671875,2
1771109062392,0.7057349681854248,0.09612178802490234,0.6369960308074951,2
1771109062501,0.6629671454429626,-0.8179349899291992,0.8567295074462891,2
1771109062601,-0.8972113728523254,-0.1377553939819336,-2.231076717376709,2
1771109062709,-0.1797783523797989,0.5790271759033203,-1.7967183589935303,2
1771109062820,-0.058303967118263245,1.112410545349121,-0.6748063564300537,2
1771109062921,0.7686627507209778,-0.16026973724365234,-0.770484209060669,2
1771109063026,0.0340585932135582,-0.6056079864501953,1.1450879573822021,2
1771109063185,0.3807666301727295,-0.23427963256835938,0.7984249591827393,2
1771109063244,0.17268642783164978,-0.07424736022949219,0.495403528213501,2
1771109063345,-0.5875803828239441,-0.511540412902832,0.2400679588317871,2
1771109063452,0.1550551950931549,-0.18908119201660156,-0.19322192668914795,2
1771109063560,-0.2832823395729065,-0.38681697845458984,0.019451618194580078,2
1771109063668,-0.14116589725017548,-0.8324661254882812,-0.2782604694366455,2
1771109063776,0.1657061129808426,0.021535873413085938,-0.5858974456787109,2
1771109063877,-1.050365924835205,0.3573446273803711,-1.5215158462524414,2
1771109063979,0.7346001863479614,-0.4090251922607422,0.7011508941650391,2
1771109064190,0.2172427475452423,0.9064645767211914,-0.24252033233642578,2
1771109064190,0.2172427475452423,0.9064645767211914,-0.24252033233642578,2
1771109064287,-0.21801525354385376,-1.9898333549499512,-0.19070136547088623,2
1771109064396,0.8574102520942688,0.4251670837402344,0.4190603494644165,2
1771109064504,0.5800435543060303,1.2151250839233398,-0.06906843185424805,2
1771109064613,-0.3245946764945984,-0.4728689193725586,0.2703191041946411,2
1771109064722,0.32535287737846375,0.9395551681518555,-0.72641921043396,2
1771109064829,-0.7697142362594604,0.9173650741577148,-1.4049443006515503,2
1771109064937,-0.6372002959251404,-0.06450271606445312,-1.7762213945388794,2
1771109065045,-0.32148686051368713,0.27452564239501953,-2.083219289779663,2
1771109065153,-0.42621180415153503,1.1821250915527344,-0.29687511920928955,2
1771109065269,0.040796905755996704,-0.7042236328125,0.7564947605133057,2
1771109065374,-0.001703597605228424,-0.6994361877441406,0.5091185569763184,2
1771109065478,-0.04232494905591011,-1.316716194152832,-0.6317576169967651,2
1771109065579,0.3286226689815521,-0.6905336380004883,-0.8486239910125732,2
1771109065687,0.9139460921287537,0.8681440353393555,-0.2535572052001953,2
1771109065795,-0.7939485311508179,2.166619300842285,-0.9894716739654541,2
1771109065904,0.5899998545646667,-0.8032655715942383,1.347548246383667,2
1771109066013,-0.22379612922668457,-0.8490238189697266,1.8386330604553223,2
1771109066173,-0.6114904880523682,-0.6912212371826172,-1.1243263483047485,2
1771109066229,-0.3300642967224121,-0.4159584045410156,0.4529135227203369,2
1771109066338,-0.31249701976776123,1.0797805786132812,-0.3568791151046753,2
1771109066446,0.45948654413223267,0.6902379989624023,0.5748496055603027,2
1771109066554,0.49865883588790894,-0.20160293579101562,0.5765218734741211,2
1771109066666,0.31635451316833496,0.10015583038330078,-1.181715488433838,2
1771109066764,-0.05734919756650925,0.9412479400634766,-0.8202192783355713,2
1771109066871,0.09348073601722717,0.0911245346069336,-0.2124267816543579,2
1771109066983,0.7002726197242737,-0.9257640838623047,1.9933390617370605,2
1771109067082,-0.8024563789367676,-0.21448707580566406,0.24802851676940918,2
1771109067212,0.17931294441223145,0.8109245300292969,-0.32184863090515137,2
1771109067314,-0.4462668299674988,0.7753286361694336,-1.3457882404327393,2
1771109067423,0.8253647089004517,0.9458446502685547,0.16843843460083008,2
1771109067523,0.35703182220458984,-0.17242431640625,1.1798121929168701,2
1771109067632,-0.8959068655967712,0.4453287124633789,-1.1745707988739014,2
1771109067739,0.49301400780677795,-0.5041532516479492,-1.1117075681686401,2
1771109067847,0.08676625788211823,1.0083179473876953,0.36388134956359863,2
1771109067956,1.0816104412078857,0.8447990417480469,0.34119725227355957,2
1771109068066,-0.6031448245048523,0.8162965774536133,-0.7875277996063232,2
1771109068193,0.6525071859359741,-1.5282487869262695,0.9836773872375488,2
1771109068297,0.16694901883602142,-0.9258279800415039,2.3012871742248535,2
1771109068407,0.1420227587223053,-1.1059293746948242,0.7921311855316162,2
1771109068516,-0.6984422206878662,0.37766361236572266,-0.8216307163238525,2
1771109068624,0.107618547976017,0.5797567367553711,-1.2161130905151367,2
1771109068732,0.13999365270137787,-0.30301856994628906,-1.0861533880233765,2
1771109068840,0.8463225960731506,-1.2113676071166992,2.3926219940185547,2
1771109068950,0.026514478027820587,0.9563159942626953,0.3000214099884033,2
1771109069056,2.0646846294403076,0.5043239593505859,0.27477574348449707,2
1771109069196,0.8035275340080261,-2.535895824432373,0.8950881958007812,2
1771109069266,-1.1268045902252197,-1.8923530578613281,-0.038788557052612305,2
1771109069374,0.10314524173736572,1.2426519393920898,0.31243896484375,2
1771109069484,-0.06313875317573547,0.9868183135986328,-1.8720766305923462,2
1771109069591,0.2611720561981201,-0.32570934295654297,1.1676104068756104,2
1771109069700,-0.25159141421318054,-1.074814796447754,-0.19620513916015625,2
1771109069801,-0.3892761766910553,-0.6819744110107422,-0.5054757595062256,2
1771109069908,-0.8350711464881897,1.2535200119018555,-1.0767438411712646,2
1771109070008,0.5167908668518066,0.3473539352416992,-0.4593355655670166,2
1771109070194,-0.32977548241615295,1.471409797668457,0.6068906784057617,2
1771109070222,-0.32977548241615295,1.471409797668457,0.6068906784057617,2
1771109070325,-0.179143026471138,0.017037391662597656,1.5286774635314941,2
1771109070425,-1.623828411102295,-1.9562053680419922,-4.769147872924805,2
1771109070536,-1.4554470777511597,-0.5433759689331055,-2.411432981491089,2
1771109070642,0.19748380780220032,1.7692108154296875,-1.280415415763855,2
1771109070752,-1.015008807182312,-0.1405353546142578,0.0652322769165039,2
1771109070858,0.12766700983047485,-1.7369203567504883,-2.378800868988037,2
1771109070967,-0.6850768327713013,0.1745758056640625,-0.5465277433395386,2
1771109071077,-0.2046891152858734,1.848226547241211,-2.465841293334961,2
1771109071227,0.8026508092880249,-0.9591264724731445,1.0156097412109375,2
1771109071292,-0.6046216487884521,-0.618870735168457,1.6667861938476562,2
1771109071403,0.5490261912345886,-0.8709812164306641,1.5936377048492432,2
1771109071509,-0.44082438945770264,0.4595623016357422,-0.26630187034606934,2
1771109071617,0.4197699725627899,-0.548466682434082,0.9994574785232544,2
1771109071726,-0.7090551257133484,-0.5011358261108398,-1.6206204891204834,2
1771109071835,0.3755171298980713,0.7689933776855469,-0.805365800857544,2
1771109071944,-0.165680930018425,0.3534383773803711,-0.7070245742797852,2
1771109072053,1.3172786235809326,0.1492605209350586,0.7560789585113525,2
1771109072170,-0.8683216571807861,-0.3245964050292969,-2.0842361450195312,2
1771109072269,-1.81888747215271,-1.3431367874145508,-2.3404924869537354,2
1771109072369,-0.19347865879535675,-0.4406404495239258,-0.3778963088989258,2
1771109072477,0.6227608919143677,0.2659721374511719,-1.9694840908050537,2
1771109072636,0.21365290880203247,0.7464513778686523,-0.6926774978637695,2
1771109072696,0.5749094486236572,0.6266841888427734,2.136276960372925,2
1771109072795,-0.4028206467628479,2.0296096801757812,-1.8314013481140137,2
1771109072903,2.3307700157165527,1.8625240325927734,0.27732348442077637,2
1771109073011,2.208261251449585,1.888662338256836,0.9676034450531006,2
1771109073160,0.26684704422950745,-0.3754425048828125,-1.1391897201538086,2
1771109073227,0.22801385819911957,0.14081382751464844,-0.6983221769332886,2
1771109073329,0.6299575567245483,-0.1324634552001953,1.4120419025421143,2
1771109073438,0.9092828035354614,2.7670936584472656,1.4937527179718018,2
1771109073545,3.3740053176879883,2.6160173416137695,2.6702919006347656,2
1771109073653,1.6815448999404907,-1.8222250938415527,-0.4975409507751465,2
1771109073761,0.2783638834953308,-1.3699817657470703,-0.2668614387512207,2
1771109073870,-0.03600379824638367,1.5549860000610352,-2.558844804763794,2
1771109073980,-0.699140191078186,-2.6125550270080566,-3.50917911529541,2
1771109074089,-0.366333544254303,-0.2921333312988281,-1.822894811630249,2
1771109074217,-0.4727391302585602,-0.9369630813598633,0.6478533744812012,2
1771109074305,-0.48826050758361816,0.35707569122314453,1.9907341003417969,2
1771109074412,0.19464939832687378,-0.058539390563964844,0.3396732807159424,2
1771109074521,0.12431734800338745,-0.10744953155517578,-2.2473363876342773,2
1771109074630,1.3881959915161133,2.500822067260742,4.941544055938721,2
1771109074737,-0.351002037525177,-2.478022575378418,-0.9196070432662964,2
1771109074847,-1.263149380683899,-2.6575193405151367,0.8034815788269043,2
1771109074954,-1.9107341766357422,-0.6731986999511719,-1.1386492252349854,2
1771109075066,0.8749452829360962,1.381047248840332,-0.8885437250137329,2
1771109075200,-0.0052709802985191345,-0.8235712051391602,0.7940042018890381,2
1771109075271,-0.7333570122718811,-2.5212831497192383,0.8149311542510986,2
1771109075373,-1.700687050819397,0.1848602294921875,3.3471100330352783,2
1771109075480,-0.24859978258609772,0.5872983932495117,-4.185910224914551,2
1771109075588,-0.15872518718242645,-0.1692371368408203,1.1313903331756592,2
1771109075697,0.4352087378501892,-0.5488224029541016,-0.09631776809692383,2
1771109075797,-0.6575767993927002,-0.4145956039428711,-0.4316432476043701,2
1771109075905,-0.8260810971260071,0.021859169006347656,-1.5652389526367188,2
1771109076013,-0.8087882399559021,-0.6894502639770508,-1.6165339946746826,2
1771109076219,1.1013681888580322,0.2593097686767578,0.5056612491607666,2
1771109076253,0.6285092234611511,0.9276247024536133,1.4252114295959473,2
1771109076356,-0.2638368606567383,-0.23368263244628906,2.046588897705078,2
1771109076456,0.16434183716773987,-0.31191444396972656,-1.0278290510177612,2
1771109076563,-0.6815459728240967,-0.38718223571777344,-0.928464412689209,2
1771109076665,1.2425529956817627,0.4158639907836914,1.574988842010498,2
1771109076772,-1.2926172018051147,-0.8731422424316406,-1.1284379959106445,2
1771109076881,0.5321915149688721,-0.230926513671875,2.0818803310394287,2
1771109076990,-0.4699992835521698,-0.9682350158691406,0.7231001853942871,2
1771109077097,0.5561599731445312,-0.6515426635742188,1.1904091835021973,2
1771109077204,1.4164726734161377,1.0842409133911133,-1.0153298377990723,2
1771109077306,-0.7468597888946533,0.4682016372680664,-2.0718250274658203,2
1771109077415,-0.15241770446300507,0.07651901245117188,0.27006030082702637,2
1771109077523,0.6117939352989197,0.2490243911743164,0.9506824016571045,2
1771109077631,0.8404866456985474,0.8234767913818359,-0.5056719779968262,2
1771109077740,0.6716729402542114,0.6923723220825195,-1.5524249076843262,2
1771109077848,-0.21201251447200775,-0.8517084121704102,0.49457263946533203,2
1771109077959,1.2964774370193481,-0.019388198852539062,1.877497673034668,2
1771109078065,-0.2710374891757965,-0.25403594970703125,-1.0550223588943481,2
1771109078206,-0.4225442111492157,1.3306922912597656,0.4198017120361328,2
1771109078283,-1.0238564014434814,-1.0023174285888672,-1.2094650268554688,2
1771109078390,-0.4249003231525421,0.06351661682128906,0.31647515296936035,2
1771109078499,-0.25842761993408203,0.7376556396484375,-0.4783834218978882,2
1771109078599,0.7599633932113647,-0.2637453079223633,-0.5691027641296387,2
1771109078708,0.038054198026657104,0.31900691986083984,1.337228536605835,2
1771109078816,0.38957613706588745,-0.1302509307861328,1.013584852218628,2
1771109078927,0.35439226031303406,-0.4053773880004883,1.2207913398742676,2
1771109079033,0.5013766288757324,0.8172225952148438,2.8103079795837402,2
1771109079186,-0.17531630396842957,-1.3845767974853516,-0.1991896629333496,2
1771109079250,-0.670001745223999,-1.3758068084716797,-1.6347755193710327,2
1771109079358,-0.5507054328918457,-0.4796886444091797,0.7977540493011475,2
1771109079458,-0.26562148332595825,1.102524757385254,0.4119255542755127,2
1771109079567,-0.5831584334373474,0.4958791732788086,-0.5755441188812256,2
1771109079674,-0.42109429836273193,0.25888729095458984,-1.2205374240875244,2
1771109079775,0.8522987961769104,0.03139686584472656,1.0070890188217163,2
1771109079884,-1.1963510513305664,0.009922027587890625,-0.13463687896728516,2
1771109079985,-0.07239493727684021,-0.9281253814697266,0.660873293876648,2
1771109080092,0.18372082710266113,-0.6524467468261719,1.175487756729126,2
1771109080226,0.574857771396637,-0.5070152282714844,-0.41251397132873535,2
1771109080309,-0.24657876789569855,0.1591482162475586,-0.3845158815383911,2
1771109080418,-1.259791374206543,-2.1044492721557617,0.906786322593689,2
1771109080519,1.0974618196487427,0.8620176315307617,-0.3848390579223633,2
1771109080625,-0.437454491853714,-0.5380039215087891,-0.6399353742599487,2
1771109080726,0.31969398260116577,-0.07639217376708984,0.34375643730163574,2
1771109080835,-0.1420070230960846,0.9721336364746094,-1.0483756065368652,2
1771109080943,-0.12305256724357605,-0.31690406799316406,-1.2013006210327148,2
1771109081053,-1.8041645288467407,-1.846947193145752,-0.47229671478271484,2
1771109081187,0.47534656524658203,-0.4123220443725586,-1.0828402042388916,2
1771109081284,-0.296810507774353,0.7255210876464844,0.763952374458313,2
1771109081393,-0.22553685307502747,-0.5000820159912109,-1.4720630645751953,2
1771109081501,0.2682759761810303,1.5189390182495117,1.9363486766815186,2
1771109081611,0.22147968411445618,1.1561956405639648,-0.12808990478515625,2
1771109081720,0.11320038139820099,-0.242401123046875,1.498748779296875,2
1771109081827,0.21803554892539978,0.22959041595458984,-0.44005274772644043,2
1771109081936,0.12485197186470032,1.540635108947754,0.5100717544555664,2
1771109082037,-0.7732959985733032,-1.4671144485473633,-0.3188495635986328,2
1771109082229,-0.839676022529602,-0.4918489456176758,-0.9770371913909912,2
1771109082259,-0.6020916104316711,1.1822872161865234,-0.01785588264465332,2
1771109082353,0.7550140619277954,-0.057305335998535156,2.7209177017211914,2
1771109082461,1.0901119709014893,0.029052734375,1.1559278964996338,2
1771109082569,0.03602266684174538,0.5574769973754883,0.7650885581970215,2
1771109082678,-0.6978586912155151,-0.5099029541015625,-0.37714529037475586,2
1771109082779,-0.9827100038528442,0.5463943481445312,1.5927059650421143,2
1771109082887,-0.4219498038291931,-1.3445873260498047,2.397202253341675,2
1771109082995,-1.289297103881836,0.13252544403076172,-0.11736488342285156,2
1771109083098,-0.43842554092407227,-0.45265674591064453,-1.401538610458374,2
1771109083218,0.22385239601135254,0.5894279479980469,1.0749282836914062,2
1771109083320,0.3861847519874573,1.493168830871582,-2.1893129348754883,2
1771109083431,1.7774415016174316,1.2461462020874023,0.12086272239685059,2
1771109083531,0.15954136848449707,-0.1453542709350586,1.0680088996887207,2
1771109083637,1.168265700340271,-0.8139019012451172,-0.3085463047027588,2
1771109083746,-1.113774299621582,-0.09310054779052734,-2.4412786960601807,2
1771109083854,0.9870041012763977,-0.63262939453125,1.4800355434417725,2
1771109083963,0.497397780418396,-0.07819557189941406,-0.20907950401306152,2
1771109084071,1.1232914924621582,-0.14404582977294922,1.1541709899902344,2
1771109084231,-0.09356958419084549,1.9963045120239258,-0.8051939010620117,2
1771109084287,0.7068982124328613,0.4331493377685547,0.7397556304931641,2
1771109084397,0.06874926388263702,-1.1369094848632812,1.0414769649505615,2
1771109084505,-0.5380489230155945,-0.010248184204101562,-0.7951915264129639,2
1771109084613,0.8888150453567505,0.26306915283203125,0.9442980289459229,2
1771109084721,-0.050656285136938095,0.4872722625732422,0.04071807861328125,2
1771109084830,-0.18729795515537262,0.8150234222412109,1.0713629722595215,2
1771109084938,0.41277581453323364,0.5596427917480469,1.9134325981140137,2
1771109085047,0.04761514067649841,0.029870986938476562,-0.023514270782470703,2
1771109085209,-1.5323151350021362,-1.00244140625,0.5582897663116455,2
1771109085264,-0.06369265168905258,1.4584903717041016,-1.993513822555542,2
1771109085365,0.2677863538265228,-2.4177613258361816,1.6346840858459473,2
1771109085472,0.9497548341751099,-0.09569644927978516,1.6094088554382324,2
1771109085580,-1.1802865266799927,1.051527976989746,-0.6764917373657227,2
1771109085689,0.7367327809333801,-0.8320255279541016,-0.5901966094970703,2
1771109085798,-0.17997337877750397,-0.5834808349609375,-0.7101565599441528,2
1771109085905,0.12127412110567093,-1.0382194519042969,0.7992732524871826,2
1771109086006,1.199385643005371,-0.1388874053955078,0.3017151355743408,2
1771109086245,0.6062625646591187,0.7881708145141602,-1.291325569152832,2
1771109086246,0.6062625646591187,0.7881708145141602,-1.291325569152832,2
1771109086349,0.30907413363456726,1.9485931396484375,-1.6976507902145386,2
1771109086456,-0.24361039698123932,-0.023939132690429688,-1.0760228633880615,2
1771109086557,0.32226818799972534,0.5153303146362305,-1.6292530298233032,2
1771109086665,0.25796401500701904,1.0518817901611328,1.5296411514282227,2
1771109086765,0.7000477313995361,0.2564725875854492,0.40612339973449707,2
1771109086873,-0.7317706346511841,0.9527273178100586,-0.8601881265640259,2
1771109086982,0.7482761144638062,-0.08630180358886719,-0.36788511276245117,2
1771109087093,1.2044869661331177,0.4885683059692383,-0.522036075592041,2
1771109087224,0.3984833061695099,-0.44995880126953125,-0.9441165924072266,2
1771109087315,-0.04080846905708313,0.16396331787109375,-2.425567150115967,2
1771109087424,-0.7002921104431152,0.8382606506347656,0.5914781093597412,2
1771109087532,-0.1877843141555786,0.742182731628418,-0.7556015253067017,2
1771109087641,-0.5236333608627319,0.9194211959838867,-1.7372769117355347,2
1771109087750,0.4643256664276123,1.4506111145019531,-2.3306918144226074,2
1771109087858,-0.14602474868297577,0.47858524322509766,-0.5557568073272705,2
1771109087960,-0.14117883145809174,1.6287250518798828,2.084681272506714,2
1771109088067,0.021871492266654968,-0.812006950378418,0.30848169326782227,2
1771109088213,-0.46691465377807617,0.7633790969848633,-0.751772403717041,2
1771109088275,-0.8474068641662598,0.41045665740966797,-0.28531694412231445,2
1771109088377,0.15391838550567627,-0.6138620376586914,-1.4672828912734985,2
1771109088484,-0.42230165004730225,0.1336069107055664,0.29461145401000977,2
1771109088592,0.12677237391471863,-0.8224458694458008,0.7373335361480713,2
1771109088700,-0.6116624474525452,0.05677318572998047,-0.5528618097305298,2
1771109088809,-1.17311692237854,0.7864494323730469,-0.7869861125946045,2
1771109088920,0.210946187376976,-1.0314159393310547,1.4212173223495483,2
1771109089026,1.2837549448013306,-0.2656993865966797,0.5758190155029297,2
1771109089133,-0.07828600704669952,0.9474582672119141,1.0259336233139038,2
1771109089249,0.018768027424812317,0.3194398880004883,-0.2734413146972656,2
1771109089352,-0.9296046495437622,1.6976318359375,-0.6428444385528564,2
1771109089460,-0.46317872405052185,1.4343900680541992,-0.6932039260864258,2
1771109089560,-0.45461875200271606,-0.22570037841796875,-0.24752068519592285,2
1771109089670,0.6244292855262756,0.7331247329711914,-0.5823721885681152,2
1771109089777,-0.23566968739032745,1.021672248840332,0.06491231918334961,2
1771109089877,-0.4936589002609253,-0.8117170333862305,-0.3763340711593628,2
1771109089986,-1.1883513927459717,0.7105436325073242,0.05245804786682129,2
1771109090116,0.11149007081985474,1.139495849609375,-0.21420276165008545,2
1771109090204,-0.08884409070014954,-1.0741462707519531,-1.1159955263137817,2
1771109090311,0.04634174704551697,1.280904769897461,-0.9861228466033936,2
1771109090412,0.10023769736289978,-0.7516908645629883,-1.7167651653289795,2
1771109090520,-0.14916014671325684,-0.8349809646606445,-1.2717732191085815,2
1771109090628,-1.6602452993392944,0.946497917175293,-3.1070215702056885,2
1771109090739,0.9856703877449036,-0.5881376266479492,-0.36713743209838867,2
1771109090844,-0.27463722229003906,-0.7120580673217773,0.167250394821167,2
1771109090945,-0.9160374999046326,1.8207902908325195,-3.0525524616241455,2
1771109091053,-0.20570141077041626,-1.357473373413086,-2.568875312805176,2
1771109091197,-0.6179248094558716,1.6725120544433594,-3.093813419342041,2
1771109091288,-0.1758619248867035,-0.5965061187744141,-1.6424200534820557,2
1771109091389,-0.11360347270965576,1.983323097229004,-0.01874852180480957,2
1771109091496,-0.9813756346702576,-0.18001842498779297,-1.8295555114746094,2
1771109091604,0.4762255549430847,-0.6352872848510742,-1.0258721113204956,2
1771109091713,-0.008522525429725647,0.9228620529174805,-0.38725852966308594,2
1771109091812,1.2625502347946167,0.016526222229003906,1.0330874919891357,2
1771109091921,0.1548459827899933,0.8839216232299805,0.3666529655456543,2
1771109092029,0.399517685174942,2.1501541137695312,-1.5977481603622437,2
1771109092198,0.11918481439352036,-0.10925769805908203,-0.8923101425170898,2
1771109092245,0.730073869228363,-0.14026165008544922,1.8862245082855225,2
1771109092354,-0.4993719458580017,1.6675128936767578,-1.0603857040405273,2
1771109092454,1.2148314714431763,0.5490236282348633,1.1931183338165283,2
1771109092562,0.1819966435432434,-0.8177328109741211,0.3272218704223633,2
1771109092671,0.9592628479003906,1.4661979675292969,0.7748785018920898,2
1771109092780,-0.16223716735839844,0.5029172897338867,-1.1235532760620117,2
1771109092882,-0.19284945726394653,-1.5018324851989746,0.9344162940979004,2
1771109092988,-0.39699485898017883,0.7431173324584961,1.355762004852295,2
1771109093096,-0.8078413009643555,0.046881675720214844,-1.6049739122390747,2
1771109093218,0.7290926575660706,-0.23627471923828125,-0.5919759273529053,2
1771109093322,0.12404440343379974,0.026371002197265625,-0.8325209617614746,2
1771109093425,0.8195387125015259,0.06363868713378906,3.0017917156219482,2
1771109093530,0.09563779830932617,-1.4092817306518555,3.150254487991333,2
1771109093642,1.0283045768737793,0.5473241806030273,1.5133521556854248,2
1771109093747,0.3214239776134491,-0.49101829528808594,1.465362548828125,2
1771109093848,-0.7826773524284363,1.5933513641357422,-1.3141181468963623,2
1771109093955,-0.20781464874744415,-0.07868671417236328,1.6525893211364746,2
1771109094056,-0.08774170279502869,-1.6134357452392578,0.3506355285644531,2
1771109094187,1.0163722038269043,0.07532787322998047,1.7620160579681396,2
1771109094289,-0.0044686198234558105,-0.03738689422607422,1.1968016624450684,2
1771109094398,-0.1507169008255005,1.0242023468017578,-0.6979215145111084,2
1771109094506,-0.8935046195983887,0.35269641876220703,0.44332432746887207,2
1771109094614,-0.17563606798648834,-0.6035747528076172,-1.4747244119644165,2
1771109094715,-0.0006447285413742065,-0.4902067184448242,-1.301257848739624,2
1771109094824,0.6601126194000244,0.3762845993041992,1.484668254852295,2
1771109094931,-0.17820605635643005,0.2523021697998047,-1.2316216230392456,2
1771109095039,-0.39617210626602173,-0.6329946517944336,-0.4033200740814209,2
1771109095255,-0.32419857382774353,-1.126394271850586,-0.09922027587890625,2
1771109095256,-0.32419857382774353,-1.126394271850586,-0.09922027587890625,2
1771109095357,0.8909766674041748,0.7863674163818359,1.299663782119751,2
1771109095466,-0.6221226453781128,0.35095787048339844,0.2516744136810303,2
1771109095573,-0.30830514430999756,-0.220184326171875,-0.5414402484893799,2
1771109095685,0.6637236475944519,-0.27139759063720703,0.7954096794128418,2
1771109095782,-0.1367933750152588,-0.47032928466796875,0.8518815040588379,2
1771109095892,0.1694425344467163,-0.47792530059814453,-0.021052122116088867,2
1771109096000,0.694907009601593,-0.46399974822998047,1.5368359088897705,2
1771109096192,0.0035868585109710693,0.905604362487793,0.8411970138549805,2
1771109096216,0.6540908813476562,-0.32189083099365234,0.6009461879730225,2
1771109096324,-0.24719083309173584,0.15236568450927734,1.7576889991760254,2
1771109096433,1.051400899887085,0.2030038833618164,-1.16670823097229,2
1771109096541,0.3663235306739807,0.08251667022705078,2.0645883083343506,2
1771109096641,-1.3378169536590576,-0.17162609100341797,1.0868334770202637,2
1771109096749,-0.3877520263195038,0.5170278549194336,-1.2654223442077637,2
1771109096858,0.2782136797904968,1.0676164627075195,-2.384744882583618,2
1771109096966,-0.24640783667564392,0.29463672637939453,-2.0104284286499023,2
1771109097075,-0.009904354810714722,-0.4575357437133789,-0.13253211975097656,2
1771109097289,-1.24910306930542,0.583831787109375,0.35471200942993164,2
1771109097353,0.2884823679924011,-0.20145034790039062,0.14677095413208008,2
1771109097409,-1.3462648391723633,-0.2861948013305664,0.10999011993408203,2
1771109097517,0.6626555919647217,0.23884201049804688,0.5825803279876709,2
1771109097627,-0.2526658773422241,-0.22025680541992188,0.7737312316894531,2
1771109097733,-1.194908857345581,-0.7759418487548828,0.9234182834625244,2
1771109097834,-0.5664504766464233,-0.05496501922607422,1.70674467086792,2
1771109097943,-2.001507043838501,0.8788318634033203,-0.5775995254516602,2
1771109098051,2.3500733375549316,0.3793802261352539,1.0626015663146973,2
1771109098244,3.0830368995666504,0.10841655731201172,1.616121530532837,2
1771109098270,1.7709535360336304,-0.770014762878418,1.5727853775024414,2
1771109098369,1.673994541168213,2.4658470153808594,1.0091123580932617,2
1771109098469,0.9550663232803345,-2.5576462745666504,1.0757293701171875,2
1771109098576,3.7998080253601074,2.7608251571655273,4.705174446105957,2
1771109098685,-2.421433925628662,-0.9055509567260742,-1.9631845951080322,2
1771109098793,-0.003643810749053955,-1.0843987464904785,3.0587642192840576,2
1771109098902,2.2879765033721924,-1.005427360534668,-1.7233209609985352,2
1771109099011,-0.9215891361236572,-0.06036090850830078,2.4255266189575195,2
1771109099119,-0.07449433207511902,0.5622825622558594,-0.11020612716674805,2
1771109099221,0.7533063888549805,1.8563051223754883,1.0783963203430176,2
1771109099328,1.5531718730926514,1.4180145263671875,3.639331579208374,2
1771109099436,-1.2701011896133423,0.12790489196777344,-2.7437784671783447,2
1771109099544,0.4307350218296051,-0.97088623046875,-0.4557332992553711,2
1771109099645,-0.11983288079500198,0.5082674026489258,-0.9920969009399414,2
1771109099753,0.3276943564414978,-0.2520904541015625,-0.37919068336486816,2
1771109099861,-0.7625272870063782,0.45283985137939453,-0.6051754951477051,2
1771109099961,0.27762526273727417,-0.7184228897094727,0.33141374588012695,2
1771109100070,-1.427956223487854,-0.8265542984008789,-3.8899033069610596,2
1771109100185,-0.28476256132125854,-0.1675100326538086,-1.4240895509719849,2
1771109100287,0.890385627746582,0.23250293731689453,4.638766288757324,2
1771109100387,0.4810190498828888,-0.8865766525268555,-1.080878734588623,2
1771109100495,0.6127223968505859,0.6867704391479492,1.9870575666427612,2
1771109100603,0.12850816547870636,-1.0291852951049805,-7.028933525085449,2
1771109100712,0.6002391576766968,1.1058273315429688,2.2658276557922363,2
1771109100820,-1.7664132118225098,-1.578099250793457,1.6891911029815674,2
1771109100931,0.4920884966850281,-1.0085582733154297,0.8598132133483887,2
1771109101039,0.6786371469497681,-0.042214393615722656,1.7155630588531494,2
1771109101180,-0.010165899991989136,-0.4627389907836914,0.32772088050842285,2
1771109101259,0.7374455332756042,0.853947639465332,-0.21609139442443848,2
1771109101362,-0.20309099555015564,0.6495647430419922,0.4386591911315918,2
1771109101464,-1.0720726251602173,1.046025276184082,-1.4358408451080322,2
1771109101570,0.04033154249191284,0.15050697326660156,-0.3912019729614258,2
1771109101672,0.38170769810676575,-0.41608715057373047,-0.051397085189819336,2
1771109101780,-0.6231867074966431,-0.17866230010986328,0.09551167488098145,2
1771109101880,-0.3022112250328064,0.10323238372802734,-0.4142336845397949,2
1771109101988,-0.5319588780403137,0.2589702606201172,-0.7445974349975586,2
1771109102097,0.3319129943847656,-0.02910137176513672,-0.1693708896636963,2
1771109102219,-0.5886802077293396,-0.5027389526367188,-0.40012097358703613,2
1771109102322,0.19606846570968628,-0.7093219757080078,0.6210637092590332,2
1771109102431,-0.2777256369590759,-0.47362422943115234,-0.17591404914855957,2
1771109102531,-0.6376829743385315,-0.5240974426269531,-0.27428770065307617,2
1771109102641,-0.015853524208068848,0.3696117401123047,-0.15615487098693848,2
1771109102739,-0.032822370529174805,0.06936264038085938,0.5803048610687256,2
1771109102848,-0.5780029892921448,0.13766193389892578,-0.13252806663513184,2
1771109102956,0.0314822793006897,-0.8692922592163086,0.29062318801879883,2
1771109103070,0.1117231547832489,-0.7621574401855469,1.1917414665222168,2
1771109103265,0.05743780732154846,-0.2546043395996094,1.2894089221954346,2
1771109103290,0.12726730108261108,-0.14713573455810547,0.10162830352783203,2
1771109103382,0.28143757581710815,0.6142044067382812,-0.2870197296142578,2
1771109103492,0.47458770871162415,0.2729911804199219,0.838576078414917,2
1771109103591,0.42315149307250977,0.20748043060302734,0.19264936447143555,2
1771109103699,0.02220413088798523,0.46146678924560547,0.019951343536376953,2
1771109103799,-0.0002776980400085449,0.16022872924804688,0.8797845840454102,2
1771109103909,-0.12204144895076752,0.1431589126586914,0.5646686553955078,2
1771109104016,-0.7650027275085449,0.42546558380126953,0.7345452308654785,2
1771109104125,0.4841974079608917,0.19334888458251953,0.2426908016204834,2
1771109104278,0.02718329429626465,0.30715465545654297,-0.011353731155395508,2
1771109104349,-0.522935688495636,-0.15771865844726562,-0.7829180955886841,2
1771109104458,0.24298018217086792,0.22751331329345703,0.10528707504272461,2
1771109104558,-0.24742630124092102,-0.7778053283691406,-0.39250683784484863,2
1771109104666,-0.1783469021320343,-0.9405403137207031,0.058218955993652344,2
1771109104775,-0.3895961046218872,-0.11748313903808594,0.3925893306732178,2
1771109104876,-0.2008342444896698,-0.38634777069091797,-0.49467897415161133,2
1771109104977,0.9647555351257324,-0.613459587097168,1.5939464569091797,2
1771109105145,-0.8813300132751465,-0.26709938049316406,-1.8233911991119385,2
1771109105227,0.5391941070556641,0.6365671157836914,-0.10927915573120117,2
1771109105293,-0.4184553623199463,-0.4797830581665039,-0.0067746639251708984,2
1771109105400,-1.223930835723877,0.29773998260498047,-1.5207200050354004,2
1771109105508,-0.27089977264404297,0.6032514572143555,0.4171106815338135,2
1771109105609,-0.510791540145874,-0.2794952392578125,0.07132124900817871,2
1771109105720,-0.16203385591506958,-0.46019649505615234,1.1362929344177246,2
1771109105826,-0.6583484411239624,0.7298831939697266,0.2489604949951172,2
1771109105935,-0.41753089427948,0.18694400787353516,0.44651222229003906,2
1771109106043,0.15343022346496582,0.39972782135009766,1.304605484008789,2
1771109106146,-0.5553102493286133,0.5650501251220703,-0.23566770553588867,2
1771109106255,-0.3512839078903198,0.7907571792602539,0.4383833408355713,2
1771109106359,-0.27411583065986633,0.17433643341064453,0.7505922317504883,2
1771109106460,0.11122530698776245,-0.5043582916259766,1.2014591693878174,2
1771109106568,-0.07536786794662476,0.22510147094726562,2.1187829971313477,2
1771109106669,-0.12969955801963806,-1.0363521575927734,1.193467140197754,2
1771109106777,-0.3709205985069275,-1.8123416900634766,1.676445484161377,2
1771109106880,0.6423574090003967,-0.04100227355957031,1.5187671184539795,2
1771109106985,0.5722050666809082,0.6503543853759766,-1.689887285232544,2
1771109107147,0.11597049236297607,-0.5076875686645508,-0.2719874382019043,2
1771109107203,-0.28811877965927124,0.489501953125,-0.0823061466217041,2
1771109107313,-0.5662729144096375,0.3949460983276367,-0.3930690288543701,2
1771109107418,1.1273142099380493,-0.21066856384277344,0.4231526851654053,2
1771109107519,0.4324549436569214,0.7258319854736328,1.4525172710418701,2
1771109107628,-0.09701168537139893,-0.05895805358886719,-0.2122657299041748,2
1771109107728,0.08165177702903748,0.4733419418334961,0.9498629570007324,2
1771109107836,-0.46221593022346497,-0.1965198516845703,0.82611083984375,2
1771109107944,-1.1319419145584106,-0.6532983779907227,-0.17289257049560547,2
1771109108052,0.8118226528167725,-0.019300460815429688,-0.40476155281066895,2
1771109108162,0.518650233745575,0.8822717666625977,-1.5014142990112305,2
1771109108284,0.4390610456466675,0.33001041412353516,1.3313281536102295,2
1771109108386,0.18566840887069702,-1.1922812461853027,-0.03613114356994629,2
1771109108496,0.7565045952796936,-0.6252975463867188,0.3562898635864258,2
1771109108603,-1.8587493896484375,1.4341812133789062,-1.0334765911102295,2
1771109108712,1.0230166912078857,0.5885848999023438,-1.8581840991973877,2
1771109108821,-1.1349689960479736,-0.8145256042480469,0.25553035736083984,2
1771109108928,1.1798372268676758,0.6962051391601562,-0.08140397071838379,2
1771109109038,1.2896685600280762,-0.09801101684570312,-0.10878825187683105,2
1771109109212,-0.5289564728736877,0.716583251953125,-1.0465354919433594,2
1771109109241,-0.5289564728736877,0.716583251953125,-1.0465354919433594,2
1771109109345,-0.6171914339065552,0.1792745590209961,0.5301222801208496,2
1771109109446,0.02747058868408203,-0.3397388458251953,-1.175386667251587,2
1771109109554,0.388041615486145,0.3060741424560547,0.40654826164245605,2
1771109109662,0.2492009401321411,-0.1764678955078125,-0.06344890594482422,2
1771109109771,0.273979127407074,0.31932926177978516,-0.4222726821899414,2
1771109109879,-0.24911963939666748,0.44559574127197266,-1.106339931488037,2
1771109109980,0.1544170379638672,0.3081960678100586,0.5207681655883789,2
1771109110089,0.5272697806358337,0.2582435607910156,-0.18261265754699707,2
1771109110200,0.25757673382759094,0.2733917236328125,-0.552178144454956,2
1771109110297,0.26504531502723694,-0.36546802520751953,0.010747671127319336,2
1771109110407,-0.5678759813308716,0.1583385467529297,-0.8801662921905518,2
1771109110519,1.088830828666687,0.25894927978515625,0.6229405403137207,2
1771109110623,-0.23915636539459229,-0.19021129608154297,0.48526716232299805,2
1771109110723,-0.24913018941879272,0.3982048034667969,-0.11901378631591797,2
1771109110831,-0.17448633909225464,-0.38316917419433594,-0.830024242401123,2
1771109110939,0.5728640556335449,-0.014351844787597656,0.30634093284606934,2
1771109111040,0.02998638153076172,0.003345489501953125,0.16902518272399902,2
1771109111199,0.22647586464881897,-0.32578372955322266,-0.6436269283294678,2
1771109111278,-0.3125993013381958,-0.3746833801269531,0.7558410167694092,2
1771109111364,0.04167822003364563,1.0248966217041016,0.778205156326294,2
1771109111473,0.24673807621002197,-0.5839118957519531,-0.6137490272521973,2
1771109111573,-0.08988714218139648,-0.14014148712158203,0.012237071990966797,2
1771109111681,0.6232739090919495,0.22275638580322266,-0.20171380043029785,2
1771109111789,0.27988147735595703,0.19843769073486328,-0.17541122436523438,2
1771109111890,0.3254636526107788,0.447235107421875,0.023569822311401367,2
1771109112000,0.6210106015205383,0.2534341812133789,0.49965453147888184,2
1771109112157,0.4863482713699341,-0.1946401596069336,0.584418535232544,2
1771109112210,0.4119960069656372,0.3660135269165039,-0.4060032367706299,2
1771109112315,0.21672260761260986,0.24082183837890625,0.5000920295715332,2
1771109112424,0.044318437576293945,0.11775779724121094,1.7023732662200928,2
1771109112527,0.2947533130645752,-0.41765403747558594,0.9278955459594727,2
1771109112632,0.43517500162124634,0.4547281265258789,0.3651885986328125,2
1771109112744,0.2645922303199768,0.2520132064819336,-0.7006349563598633,2
1771109112849,0.595850944519043,0.7720165252685547,-0.4023933410644531,2
1771109112958,-0.2888091206550598,-0.3622446060180664,-0.3437485694885254,2
1771109113065,0.46599966287612915,-0.2788724899291992,0.7869062423706055,2
1771109113190,0.05332386493682861,0.1391277313232422,-0.7036054134368896,2
1771109113292,0.28345054388046265,0.32691097259521484,0.6909356117248535,2
1771109113400,-0.5285601615905762,-0.39317989349365234,-0.5564801692962646,2
1771109113502,0.401793897151947,0.6641874313354492,0.18628835678100586,2
1771109113609,0.0859268307685852,0.6030387878417969,-0.15403246879577637,2
1771109113710,-0.040726661682128906,0.0026597976684570312,0.16389250755310059,2
1771109113817,-0.09922486543655396,-0.36739253997802734,-0.0008156299591064453,2
1771109113925,0.09763389825820923,0.5566911697387695,0.347139835357666,2
1771109114029,0.18065005540847778,0.28699207305908203,0.22009634971618652,2
1771109114143,-0.3103312849998474,0.21036052703857422,0.01752471923828125,2
1771109114243,0.803020179271698,0.2679100036621094,1.1133689880371094,2
1771109114350,0.24428284168243408,0.10665702819824219,-0.7614812850952148,2
1771109114451,0.06396716833114624,0.058373451232910156,0.24361920356750488,2
1771109114561,0.22593092918395996,0.018454551696777344,-0.45166730880737305,2
1771109114670,0.22950422763824463,0.07821941375732422,-0.1638507843017578,2
1771109114776,-0.1935633420944214,0.061798095703125,-0.26879072189331055,2
1771109114876,0.11138349771499634,0.24069786071777344,-0.6233575344085693,2
1771109114984,-0.3065476417541504,0.3977174758911133,-0.4601259231567383,2
1771109115145,-0.07331854104995728,0.1062164306640625,-0.23313188552856445,2
1771109115202,0.0850253701210022,0.4524993896484375,-0.04705333709716797,2
1771109115310,0.11444753408432007,-0.013314247131347656,-0.2492530345916748,2
1771109115418,0.5052600502967834,0.1696157455444336,0.49022483825683594,2
1771109115521,0.29789990186691284,-0.24345970153808594,0.8143458366394043,2
1771109115626,0.07661056518554688,0.47614479064941406,-0.22212791442871094,2
1771109115727,-0.07874691486358643,0.08672046661376953,-0.575096845626831,2
1771109115835,-0.1565191149711609,-0.15003490447998047,-0.5550978183746338,2
1771109115944,0.13492226600646973,0.023423194885253906,-0.33714771270751953,2
1771109116044,0.2580646872520447,-0.35921764373779297,-0.3101506233215332,2
1771109116195,0.03525125980377197,0.843815803527832,0.36502647399902344,2
1771109116298,0.3216319680213928,-0.30784130096435547,0.1310889720916748,2
1771109116369,-0.12859892845153809,0.25450992584228516,-0.7334229946136475,2
1771109116470,-0.02840268611907959,-0.40483856201171875,0.8079640865325928,2
1771109116578,0.2716796398162842,-0.36759471893310547,0.624678373336792,2
1771109116685,0.29646074771881104,0.17539119720458984,0.20876812934875488,2
1771109116787,0.0002499222755432129,0.3062410354614258,-0.6332366466522217,2
1771109116887,-0.25316837430000305,-0.5275373458862305,-0.014687776565551758,2
1771109116995,0.05373889207839966,0.23340702056884766,0.39671826362609863,2
1771109117105,0.4037449359893799,0.7190351486206055,0.4136323928833008,2
1771109117232,0.25936639308929443,-0.053231239318847656,-0.7271881103515625,2
1771109117304,-0.04756373167037964,-0.22525596618652344,-0.4732658863067627,2
1771109117411,-0.14526456594467163,0.3463268280029297,-0.02000713348388672,2
1771109117521,0.260797381401062,0.3025369644165039,0.010292291641235352,2
1771109117628,0.28219324350357056,0.2645740509033203,-0.4994165897369385,2
1771109117737,0.21350741386413574,0.00070953369140625,0.0023577213287353516,2
1771109117845,0.011894524097442627,-0.13560104370117188,0.5579488277435303,2
1771109117954,0.013617634773254395,0.08160972595214844,0.23729348182678223,2
1771109118062,0.20448708534240723,0.41583728790283203,-0.015322446823120117,2
1771109118181,-0.006346762180328369,0.15915966033935547,-0.5344974994659424,2
1771109118290,0.13011914491653442,0.3501577377319336,-0.03124237060546875,2
1771109118379,-0.7288928627967834,-0.3394155502319336,-0.3744962215423584,2
1771109118488,0.5760044455528259,0.22180843353271484,0.2972371578216553,2
1771109118596,0.06768858432769775,0.17464637756347656,-0.07327151298522949,2
1771109118704,0.1616179347038269,0.3990612030029297,0.09332466125488281,2
1771109118814,0.05173212289810181,-0.205322265625,-0.3064286708831787,2
1771109118923,-0.3235676884651184,-0.3955364227294922,0.333925724029541,2
1771109119029,0.33268582820892334,0.10937881469726562,0.24403810501098633,2
1771109119174,0.3235034942626953,-0.007663726806640625,0.19801831245422363,2
1771109119247,0.04872971773147583,0.34278297424316406,-0.754755973815918,2
1771109119356,0.2486371397972107,-0.021912574768066406,0.7059979438781738,2
1771109119464,0.05286610126495361,-0.23876476287841797,0.6060225963592529,2
1771109119572,0.3666655421257019,0.02733325958251953,0.21970319747924805,2
1771109119681,0.17245495319366455,-0.09851741790771484,-0.568150520324707,2
1771109119788,-0.15757498145103455,0.28051090240478516,-0.7772289514541626,2
1771109119889,0.24350005388259888,-0.0308074951171875,0.6842000484466553,2
1771109119997,0.015642642974853516,0.08231067657470703,-0.4273808002471924,2
1771109120107,-0.13699054718017578,0.3421926498413086,-0.553264856338501,2
1771109120207,0.037332892417907715,0.03447151184082031,0.582085132598877,2
1771109120314,-0.0812729001045227,-0.09888553619384766,-0.28052783012390137,2
1771109120422,-0.032230257987976074,-0.24527835845947266,-1.2875021696090698,2
1771109120524,-0.13992449641227722,0.045180320739746094,-0.30706512928009033,2
1771109120631,-0.0003535747528076172,0.29703712463378906,-0.5600205659866333,2
1771109120740,-0.2793266475200653,-0.15674209594726562,-0.6837078332901001,2
1771109120848,-0.32323217391967773,-0.08799266815185547,-0.9060837030410767,2
1771109120949,-0.11872273683547974,0.3090391159057617,-0.05156123638153076,2
1771109121049,0.0804232656955719,0.021795272827148438,-0.46724212169647217,2
1771109121165,-0.3087955713272095,0.4058551788330078,-0.2986399531364441,2
1771109121257,0.28733256459236145,0.3505058288574219,0.08743083477020264,2
1771109121365,-0.26070672273635864,-0.24315357208251953,0.0861581563949585,2
1771109121474,-0.09278935194015503,0.027353286743164062,-1.0771641731262207,2
1771109121582,-0.13157245516777039,0.23726177215576172,-0.7800964117050171,2
1771109121690,-0.03630363941192627,-0.13320159912109375,-0.20940208435058594,2
1771109121791,-0.0036689937114715576,0.02796649932861328,-0.7654147148132324,2
1771109121899,0.25331100821495056,0.7606258392333984,0.33613330125808716,2
1771109122008,0.07583647966384888,-0.36024951934814453,0.5367207527160645,2
1771109122162,0.06454125046730042,0.07546806335449219,-0.2796366810798645,2
1771109122217,-0.16276809573173523,-0.47289180755615234,-0.3066471815109253,2
1771109122326,0.09237909317016602,0.014393806457519531,-1.0038561820983887,2
1771109122425,-0.26676705479621887,-0.22642993927001953,-1.0340054035186768,2
1771109122535,-0.0015451014041900635,0.11678600311279297,0.10302269458770752,2
1771109122641,-0.2648155689239502,0.2964344024658203,-1.1217399835586548,2
1771109122749,-0.3668999671936035,0.1614360809326172,0.039817094802856445,2
1771109122850,-0.49373099207878113,-0.6978225708007812,-1.146350383758545,2
1771109122958,-0.06204923987388611,-0.012465476989746094,-0.25417083501815796,2
1771109123067,-0.17658907175064087,-0.006694793701171875,0.3245046138763428,2
1771109123246,0.3983214497566223,0.2827339172363281,0.6863465905189514,2
1771109123327,0.6079202890396118,-0.2928142547607422,0.5826637744903564,2
1771109123376,-0.023313283920288086,-0.3236274719238281,-0.36045610904693604,2
1771109123484,-0.053103625774383545,0.2956085205078125,0.6354619264602661,2
1771109123592,-0.3333399295806885,0.06605911254882812,-0.9073740243911743,2
1771109123701,-0.004728198051452637,-0.19912147521972656,-0.6344771981239319,2
1771109123801,0.16295984387397766,0.42096996307373047,1.1148433685302734,2
1771109123909,0.05391654372215271,-0.5290689468383789,1.0110971927642822,2
1771109124018,0.062158674001693726,-0.02321338653564453,0.4476964473724365,2
1771109124129,-0.027594715356826782,0.1195821762084961,0.7334856986999512,2
1771109124235,-0.14940685033798218,-0.2238788604736328,1.0921177864074707,2
1771109124344,0.1925046741962433,0.021820068359375,1.0650858879089355,2
1771109124452,0.7321368455886841,-0.04017829895019531,0.4677006006240845,2
1771109124555,-0.21349525451660156,-0.31913089752197266,0.3710803985595703,2
1771109124660,0.055053383111953735,-0.249114990234375,1.1292833089828491,2
1771109124769,0.008553296327590942,-0.24760818481445312,1.0017338991165161,2
1771109124871,0.47863906621932983,-0.12929916381835938,0.5749039649963379,2
1771109124977,0.18550574779510498,0.027869224548339844,0.9015305042266846,2
1771109125141,0.3589320182800293,0.034221649169921875,0.8230631351470947,2
1771109125186,0.45462197065353394,-0.11353111267089844,0.7253255844116211,2
1771109125318,-0.059534311294555664,0.0759439468383789,0.21881771087646484,2
1771109125403,0.32684141397476196,-0.9228954315185547,1.1900453567504883,2
1771109125581,0.027815639972686768,-0.5135736465454102,0.5925500392913818,2
1771109125658,-0.13369086384773254,-0.2678823471069336,0.04378342628479004,2
1771109125763,0.11115068197250366,0.2124500274658203,0.14827442169189453,2
1771109125871,0.37399762868881226,0.3424348831176758,0.4906437397003174,2
1771109125979,0.2659359574317932,-0.20197582244873047,-0.12533259391784668,2
1771109126086,-0.11291700601577759,0.11575031280517578,0.6286273002624512,2
1771109126201,-0.18821051716804504,-0.654994010925293,-0.76023268699646,2
1771109126320,0.11645644903182983,0.2046823501586914,-0.07486677169799805,2
1771109126395,-0.4585827887058258,0.09710121154785156,-0.6768991947174072,2
1771109126503,0.09115678071975708,-0.3910512924194336,-0.049527883529663086,2
1771109126612,-0.27870112657546997,0.04282665252685547,-0.49409914016723633,2
1771109126712,-0.10764089226722717,0.05707263946533203,-0.15572428703308105,2
1771109126821,-0.15023213624954224,-0.38931751251220703,-0.041322946548461914,2
1771109126929,0.3088560998439789,-0.0028390884399414062,0.1885514259338379,2
1771109127037,-0.2924675941467285,0.5290088653564453,-1.3066555261611938,2
1771109127146,-0.02015826106071472,0.08434486389160156,-1.1714563369750977,2
1771109127299,0.4246842563152313,0.044055938720703125,0.8053638935089111,2
1771109127392,0.045023113489151,-0.12749767303466797,0.07034695148468018,2
1771109127489,0.2059619128704071,0.3213071823120117,0.8909887075424194,2
1771109127596,0.17626014351844788,-0.5077419281005859,-0.13914036750793457,2
1771109127698,0.7132823467254639,-0.19847393035888672,0.6078671216964722,2
1771109127806,0.27642306685447693,0.11889934539794922,-0.242661714553833,2
1771109127913,0.4736989438533783,-0.10536479949951172,0.25455188751220703,2
1771109128013,0.15655124187469482,0.6255359649658203,-1.6931288242340088,2
1771109128142,-0.6003850698471069,0.16925716400146484,-0.8789632320404053,2
1771109128231,0.11522701382637024,-0.037230491638183594,0.34408068656921387,2
1771109128340,0.025994598865509033,0.2887287139892578,0.8612551689147949,2
1771109128447,0.23380020260810852,0.3228750228881836,0.7120679020881653,2
1771109128555,0.5058872699737549,0.7325925827026367,1.6908303499221802,2
1771109128664,0.31790095567703247,-0.4648904800415039,1.1879818439483643,2
1771109128772,-0.33032000064849854,-0.19150733947753906,-0.08765280246734619,2
1771109128882,0.2963387668132782,0.18863773345947266,-0.20739781856536865,2
1771109128981,-0.09357693791389465,-0.11343574523925781,-0.38345181941986084,2
1771109129089,0.5465376377105713,-0.39133548736572266,-0.41911232471466064,2
1771109129213,-0.38584041595458984,0.3887462615966797,0.8084548711776733,2
1771109129339,-0.1912653148174286,0.7637453079223633,-1.6805734634399414,2
1771109129423,-0.3776358962059021,-0.055596351623535156,1.2898180484771729,2
1771109129531,0.25677159428596497,-0.015132904052734375,0.14286911487579346,2
1771109129639,-0.3126210868358612,0.5643606185913086,-1.3236838579177856,2
1771109129740,0.7383313179016113,0.57073974609375,0.6900967359542847,2
1771109129848,0.20792335271835327,0.07597827911376953,-0.8050140142440796,2
1771109129957,-0.14540360867977142,-0.47739696502685547,-0.8138209581375122,2
1771109130065,0.47507545351982117,0.27905750274658203,0.048453450202941895,2
1771109130176,0.21521174907684326,-0.411407470703125,-0.6657652258872986,2
1771109130274,0.15840229392051697,0.17592620849609375,1.044123888015747,2
1771109130385,-0.09523552656173706,-0.39032554626464844,-0.6710613369941711,2
1771109130490,-0.2892601788043976,0.3852109909057617,-1.0770090818405151,2
