timestamp,x,y,z,ride_id
1771109315830,0.5241858959197998,0.09833240509033203,0.4273495674133301,3
1771109315898,-0.8996260166168213,-0.40905094146728516,-0.2730112075805664,3
1771109316006,0.13607367873191833,-0.5156574249267578,0.26112937927246094,3
1771109316116,-0.11956191062927246,0.17214679718017578,0.3646969795227051,3
1771109316226,0.545644223690033,-0.07985591888427734,-0.18404293060302734,3
1771109316331,-0.06436780095100403,0.16162967681884766,-0.6248750686645508,3
1771109316439,-0.022596687078475952,0.5345077514648438,0.15317249298095703,3
1771109316547,0.406097412109375,0.043158531188964844,1.425447940826416,3
1771109316657,0.09572434425354004,-0.3504810333251953,1.2757201194763184,3
1771109316764,0.27183830738067627,-0.10289955139160156,0.32973241806030273,3
1771109316873,-0.30296725034713745,0.6431884765625,-0.11968231201171875,3
1771109316984,-0.07021138072013855,0.20578384399414062,-1.0944442749023438,3
1771109317115,0.024409323930740356,0.6242313385009766,-0.6126344203948975,3
1771109317197,-0.16181382536888123,0.3997478485107422,-0.2064824104309082,3
1771109317309,0.062540203332901,0.050235748291015625,0.5195143222808838,3
1771109317414,0.19597288966178894,-0.021323204040527344,-0.5531723499298096,3
1771109317523,-0.040271252393722534,0.44466304779052734,-0.7486212253570557,3
1771109317631,-0.04743734002113342,0.06719398498535156,-0.07131767272949219,3
1771109317742,0.13170602917671204,-0.1566925048828125,0.06350898742675781,3
1771109317848,0.00294339656829834,0.015944480895996094,0.3434486389160156,3
1771109317956,-0.4001469910144806,-0.06758403778076172,-1.5099705457687378,3
1771109318065,-0.009341642260551453,0.08027458190917969,-0.880610466003418,3
1771109318174,0.0027922838926315308,0.49503326416015625,0.29235243797302246,3
1771109318282,0.02543596923351288,0.20346546173095703,-0.3910098075866699,3
1771109318382,0.6325253248214722,-0.27480602264404297,-0.32951807975769043,3
1771109318491,-0.20446781814098358,-0.406707763671875,0.4030783176422119,3
1771109318600,0.09868811070919037,-0.13889408111572266,0.08452582359313965,3
1771109318709,-0.5447177886962891,-0.4248523712158203,-0.44416117668151855,3
1771109318834,-0.023800812661647797,-0.08323383331298828,0.10938191413879395,3
1771109318916,-0.22509631514549255,-0.009001731872558594,0.08941435813903809,3
1771109319026,0.09827687591314316,-0.37346553802490234,0.661776065826416,3
1771109319135,-0.036591123789548874,-0.09702873229980469,0.5704386234283447,3
1771109319241,0.4383695721626282,-0.6490869522094727,0.902076244354248,3
1771109319352,-0.11256401240825653,0.1395273208618164,0.8582525253295898,3
1771109319459,0.26071158051490784,0.23749446868896484,0.5808830261230469,3
1771109319566,-0.031249940395355225,0.3893470764160156,0.15786385536193848,3
1771109319675,0.014248780906200409,0.0037145614624023438,-0.525153636932373,3
1771109319820,0.7190315127372742,0.4835681915283203,0.15159344673156738,3
1771109319892,-0.06970345973968506,0.14006996154785156,0.9077391624450684,3
1771109320000,0.3696040213108063,0.44629669189453125,-0.2181718349456787,3
1771109320108,-0.3372002840042114,-0.2930793762207031,-0.6856076717376709,3
1771109320218,0.6554622650146484,0.19876384735107422,0.6593647003173828,3
1771109320325,0.2575529217720032,-0.15874195098876953,-0.14304137229919434,3
1771109320434,0.10168861597776413,0.18727970123291016,-0.19237756729125977,3
1771109320542,-0.2078779935836792,-0.04304695129394531,-0.08177447319030762,3
1771109320651,0.45328134298324585,0.17565441131591797,0.9387552738189697,3
1771109320760,0.5969220399856567,-0.03863716125488281,0.6957113742828369,3
1771109320871,0.42993512749671936,-0.01630115509033203,0.6154468059539795,3
1771109320976,-0.16818192601203918,0.25138282775878906,0.16970372200012207,3
1771109321084,-0.2127995640039444,-0.26337623596191406,-0.45137882232666016,3
1771109321186,-0.07517603784799576,0.1985177993774414,0.44095301628112793,3
1771109321293,-0.1913151741027832,0.0032978057861328125,-0.6944992542266846,3
1771109321403,-0.1405922919511795,-0.31278324127197266,0.8004770278930664,3
1771109321509,0.023482002317905426,0.06447601318359375,-0.12386775016784668,3
1771109321619,0.18316909670829773,0.010553359985351562,0.5663702487945557,3
1771109321719,-0.09685374796390533,-0.2930030822753906,-0.8586771488189697,3
1771109321829,0.24301937222480774,-0.0569000244140625,-0.3984851837158203,3
1771109321927,0.269828736782074,-0.22743511199951172,-0.7034664154052734,3
1771109322035,0.3313828706741333,0.13786029815673828,0.40036725997924805,3
1771109322144,0.5184563994407654,-0.1688518524169922,0.4736623764038086,3
1771109322252,-0.3921271860599518,0.25457191467285156,-0.3810136318206787,3
1771109322353,0.270450234413147,0.12572002410888672,0.056327104568481445,3
1771109322460,0.028754480183124542,-0.18376922607421875,0.3281283378601074,3
1771109322561,-0.09907171130180359,0.2194967269897461,-0.7675559520721436,3
1771109322669,0.19553008675575256,0.16396713256835938,0.160630464553833,3
1771109322777,0.031310003250837326,0.22756385803222656,-0.12725496292114258,3
1771109322887,0.2310604751110077,-0.15180110931396484,0.34772777557373047,3
1771109322994,0.13589467108249664,0.2524452209472656,-0.7287544012069702,3
1771109323102,-0.21645312011241913,0.05829048156738281,-0.327126145362854,3
1771109323214,0.4140367805957794,0.25794410705566406,-0.5610028505325317,3
1771109323311,-0.2857121527194977,0.5300674438476562,-0.6032490730285645,3
1771109323420,-0.43387365341186523,-0.020580291748046875,-0.4064600467681885,3
1771109323528,-0.17940355837345123,-0.057910919189453125,-0.6496628522872925,3
1771109323637,0.3577265739440918,0.3105344772338867,0.6720972061157227,3
1771109323745,0.11115928739309311,0.48758697509765625,-0.16612887382507324,3
1771109323853,-0.3020614981651306,0.4144620895385742,-1.2283146381378174,3
1771109323962,-0.2932429909706116,0.6278409957885742,0.06165546178817749,3
1771109324071,-0.17189861834049225,0.8745660781860352,-0.2750939130783081,3
1771109324182,0.35892194509506226,0.08117103576660156,0.3880944848060608,3
1771109324289,-0.4261244237422943,0.17653560638427734,0.7841027975082397,3
1771109324395,0.563663125038147,0.09240245819091797,-0.6526936888694763,3
1771109324496,-0.05438721179962158,0.5963621139526367,-0.18534636497497559,3
1771109324605,-0.07053609192371368,-0.45980358123779297,-0.5973939895629883,3
1771109324712,-0.3267807066440582,0.0807027816772461,-0.08322834968566895,3
1771109324831,-0.2908184826374054,0.8613386154174805,0.7366936802864075,3
1771109324929,0.16958358883857727,-0.06820487976074219,0.9497696161270142,3
1771109325038,-0.19647018611431122,-0.09378719329833984,0.03886830806732178,3
1771109325140,-0.5499832034111023,-0.29230690002441406,-0.6504656672477722,3
1771109325247,0.07034967094659805,-0.12260723114013672,-0.19211924076080322,3
1771109325356,-0.15565304458141327,-0.08745574951171875,-0.4278782606124878,3
1771109325464,0.33970239758491516,-0.1587657928466797,1.0769872665405273,3
1771109325565,-0.2070257067680359,0.11782360076904297,1.0814251899719238,3
1771109325672,0.545535147190094,-0.3239326477050781,-0.15680420398712158,3
1771109325780,0.1857941746711731,-0.019768714904785156,0.6340951919555664,3
1771109325889,0.206822007894516,0.013849258422851562,0.3951481580734253,3
1771109325997,-0.13893774151802063,0.05764484405517578,1.1262015104293823,3
1771109326106,0.5033244490623474,-0.45574474334716797,1.0807864665985107,3
1771109326215,-0.32068076729774475,0.6059093475341797,1.5946118831634521,3
1771109326322,0.3113577365875244,-0.10512065887451172,0.5665498971939087,3
1771109326423,-0.20310069620609283,-0.26298046112060547,0.5200784206390381,3
1771109326531,-0.492966890335083,0.28737449645996094,0.22516465187072754,3
1771109326640,0.12732058763504028,0.48198795318603516,0.2072455883026123,3
1771109326749,-0.34278205037117004,-0.12886619567871094,-1.1217920780181885,3
1771109326859,-0.020881909877061844,0.03568458557128906,0.23736059665679932,3
1771109326965,0.09749194979667664,-0.42779541015625,0.500627875328064,3
1771109327065,0.055298879742622375,0.06594657897949219,-0.32914698123931885,3
1771109327173,-0.04971832036972046,-0.036357879638671875,-0.35698962211608887,3
1771109327273,-0.28337562084198,-0.6433839797973633,-0.5229611396789551,3
1771109327382,-0.10197223722934723,0.573704719543457,-0.24972176551818848,3
1771109327491,-0.1186051070690155,-0.1889495849609375,-0.675807535648346,3
1771109327591,0.18338081240653992,-0.0304412841796875,0.6316235065460205,3
1771109327693,-0.24332846701145172,0.10532855987548828,-0.28541505336761475,3
1771109327798,-0.4019660949707031,0.5281000137329102,0.1913604736328125,3
1771109327899,-0.4081040918827057,-0.5847892761230469,-0.577168345451355,3
1771109328010,0.2280873954296112,0.4765462875366211,1.0816454887390137,3
1771109328116,0.25577324628829956,0.8796224594116211,-0.06044483184814453,3
1771109328221,-0.18700185418128967,-0.7264738082885742,-0.8754545450210571,3
1771109328325,0.35843920707702637,0.13858413696289062,1.0009523630142212,3
1771109328425,-0.2864030599594116,-0.04608631134033203,-1.4545836448669434,3
1771109328533,-0.11665324866771698,0.32889461517333984,-0.6358696222305298,3
1771109328641,-0.03334565460681915,0.19502544403076172,-0.6784806251525879,3
1771109328749,0.1192774698138237,-0.504730224609375,0.7926002740859985,3
1771109328851,0.27614426612854004,0.3850221633911133,-0.9308311343193054,3
1771109328960,0.17858003079891205,0.20621490478515625,0.5157997608184814,3
1771109329068,0.34747982025146484,-0.359039306640625,0.9349372386932373,3
1771109329176,0.5430123209953308,0.32330799102783203,0.2085409164428711,3
1771109329276,-0.19566607475280762,-0.3377494812011719,-0.8462066054344177,3
1771109329383,-0.31525158882141113,0.3208141326904297,0.051525115966796875,3
1771109329492,-0.2868939936161041,0.12434673309326172,0.9376146793365479,3
1771109329600,0.6189684271812439,-0.11296749114990234,0.051622629165649414,3
1771109329706,-0.18058158457279205,0.38697242736816406,-0.1030052900314331,3
1771109329840,0.45427876710891724,-0.4614238739013672,0.031380534172058105,3
1771109329920,0.5895571708679199,-0.19168472290039062,1.084775447845459,3
1771109330026,0.009716564789414406,0.11466407775878906,-0.4072009325027466,3
1771109330139,-0.22793452441692352,-0.4279594421386719,0.6525071859359741,3
1771109330243,0.4089718163013458,-0.2074146270751953,-0.26011955738067627,3
1771109330352,-0.5915635228157043,-0.13325977325439453,0.23369371891021729,3
1771109330460,-0.029088206589221954,-0.9643306732177734,0.7194446325302124,3
1771109330568,0.10085201263427734,-0.004790306091308594,0.72231125831604,3
1771109330676,-0.6750902533531189,-0.11936092376708984,-0.9744517803192139,3
1771109330785,0.2920730710029602,0.5023975372314453,-0.39969778060913086,3
1771109330894,-0.41094571352005005,0.5821437835693359,-0.19382286071777344,3
1771109331002,0.5346195101737976,0.041449546813964844,-0.10125422477722168,3
1771109331128,0.030173152685165405,0.04237937927246094,0.4376530647277832,3
1771109331219,0.8671289682388306,-0.23247146606445312,0.518976092338562,3
1771109331327,0.050558507442474365,0.44774723052978516,-0.03519570827484131,3
1771109331436,0.9563507437705994,-0.2824745178222656,0.7657439708709717,3
1771109331537,-0.45345497131347656,0.3648262023925781,1.1657416820526123,3
1771109331644,0.34596529603004456,-0.18452930450439453,-0.11430978775024414,3
1771109331744,0.13762956857681274,0.21929073333740234,-0.5802009105682373,3
1771109331850,-0.11173151433467865,0.21793079376220703,-0.09705245494842529,3
1771109331953,-0.6792815923690796,-0.05556488037109375,-0.9451881051063538,3
1771109332061,0.13708403706550598,0.3083000183105469,0.6085046529769897,3
1771109332171,-0.04363071918487549,-0.04292011260986328,1.9539825916290283,3
1771109332278,0.39118945598602295,0.13541698455810547,0.945854902267456,3
1771109332388,-0.3525356650352478,0.1609020233154297,0.13762438297271729,3
1771109332497,0.07417230308055878,-0.4386262893676758,0.14274048805236816,3
1771109332604,0.8034247756004333,0.2559776306152344,1.0338444709777832,3
1771109332712,-0.23427677154541016,0.23106956481933594,0.056339263916015625,3
1771109332841,0.310505211353302,0.5066947937011719,0.7612000703811646,3
1771109332929,0.3758487105369568,-0.2863798141479492,1.1130812168121338,3
1771109333037,-0.10282628238201141,-0.14412784576416016,2.1680755615234375,3
1771109333145,0.49261319637298584,0.07741832733154297,1.1838812828063965,3
1771109333254,0.03401161730289459,-0.09490203857421875,-0.8591094613075256,3
1771109333363,0.26604384183883667,0.06359195709228516,1.112383246421814,3
1771109333472,0.05979473888874054,-0.02358722686767578,-0.637804388999939,3
1771109333580,-0.43120113015174866,0.20687007904052734,-0.5718420743942261,3
1771109333681,0.663133978843689,0.1600818634033203,0.22865545749664307,3
1771109333788,0.11293322592973709,0.5901021957397461,0.7421824932098389,3
1771109333896,0.23386362195014954,-0.44236087799072266,-0.07412230968475342,3
1771109334005,-0.15263645350933075,0.525080680847168,-1.3163816928863525,3
1771109334132,0.015622809529304504,0.3911008834838867,-1.2464711666107178,3
1771109334214,-0.21446439623832703,0.23463153839111328,0.07623863220214844,3
1771109334324,0.48689478635787964,0.6349010467529297,-0.7643756866455078,3
1771109334430,0.4403773546218872,0.040966033935546875,0.8281642198562622,3
1771109334531,-0.16782420873641968,-0.006862640380859375,-0.23857295513153076,3
1771109334639,0.28100118041038513,-0.09651660919189453,-0.24801552295684814,3
1771109334747,-0.23323661088943481,0.7818164825439453,0.6070891618728638,3
1771109334856,0.6528735756874084,-0.20866966247558594,0.8868968486785889,3
1771109334964,-0.22678743302822113,-0.2608909606933594,0.8821671009063721,3
1771109335072,-0.007150009274482727,-0.2746400833129883,0.7329710721969604,3
1771109335173,-0.443065881729126,0.5538444519042969,-0.07171761989593506,3
1771109335282,0.12960536777973175,0.7922658920288086,-0.8279833793640137,3
1771109335390,-0.2104632556438446,0.1252737045288086,0.23328793048858643,3
1771109335499,0.12971585988998413,-0.4746103286743164,1.1802973747253418,3
1771109335609,0.0004494786262512207,-0.2144451141357422,-0.36157655715942383,3
1771109335708,0.015209570527076721,-0.20497894287109375,0.6138200759887695,3
1771109335845,0.28236180543899536,-0.33430004119873047,0.12510526180267334,3
1771109335925,0.4002094566822052,0.19807815551757812,1.24843430519104,3
1771109336032,-0.3198586702346802,-0.5908107757568359,-0.6184114217758179,3
1771109336165,0.1842939853668213,-0.09189510345458984,-0.6212208271026611,3
1771109336240,0.7352617979049683,0.33954715728759766,1.663958191871643,3
1771109336350,0.049937903881073,-0.010968208312988281,0.24704670906066895,3
1771109336459,-0.1499185562133789,-0.46410369873046875,0.29805850982666016,3
1771109336565,0.07494277507066727,-0.23506450653076172,1.647200345993042,3
1771109336666,-0.6384425163269043,0.12975311279296875,0.08789145946502686,3
1771109336775,-0.045529842376708984,0.21318340301513672,-0.17055869102478027,3
1771109336883,0.2602427303791046,0.6821861267089844,-0.30840039253234863,3
1771109336983,-0.06737536936998367,0.02196216583251953,0.10308146476745605,3
1771109337091,0.44627219438552856,-0.47679710388183594,1.0296218395233154,3
1771109337200,-0.24749228358268738,-0.08875274658203125,0.38653039932250977,3
1771109337308,-0.2783999443054199,0.4208526611328125,0.0401453971862793,3
1771109337417,0.22199112176895142,0.21350955963134766,-0.9437346458435059,3
1771109337524,0.3209474980831146,-0.26385974884033203,0.17022943496704102,3
1771109337628,-0.05982739478349686,0.13016986846923828,0.3331282138824463,3
1771109337733,0.18105879426002502,-0.13857364654541016,-0.40660762786865234,3
1771109337836,-0.292910635471344,0.20492839813232422,1.1649281978607178,3
1771109337944,-0.05464181303977966,-0.1555185317993164,0.018435955047607422,3
1771109338050,0.11525313556194305,0.5061702728271484,0.805382251739502,3
1771109338172,0.015233606100082397,0.18542098999023438,-0.5405310392379761,3
1771109338267,-0.4737226366996765,0.07513713836669922,-0.6118690967559814,3
1771109338367,0.07540123164653778,-0.42046356201171875,0.30680036544799805,3
1771109338478,0.1595410704612732,-0.08225440979003906,0.6180770397186279,3
1771109338577,0.06962434947490692,0.3851747512817383,-0.6608362197875977,3
1771109338685,-0.09647071361541748,-0.07208061218261719,-0.531010627746582,3
1771109338793,0.5673882961273193,0.14171981811523438,-0.25059938430786133,3
1771109338901,0.3222256898880005,0.34613037109375,0.2860591411590576,3
1771109339002,-0.4765412211418152,0.032501220703125,-1.116431474685669,3
1771109339103,0.03060556948184967,-0.21069908142089844,0.034421682357788086,3
1771109339206,0.20451852679252625,0.6343164443969727,-0.5251319408416748,3
1771109339311,-0.18374207615852356,-0.703826904296875,-0.34354639053344727,3
1771109339421,-0.5238168239593506,-0.4551820755004883,0.22415399551391602,3
1771109339523,0.6845294833183289,0.4758167266845703,0.4397561550140381,3
1771109339628,-0.2936352789402008,0.17609310150146484,0.23511099815368652,3
1771109339738,0.3050597608089447,0.1630401611328125,-0.14594292640686035,3
1771109339849,0.0500761941075325,0.3346843719482422,-0.1456902027130127,3
1771109339953,0.17598168551921844,-0.31514549255371094,-0.2932387590408325,3
1771109340056,0.19942951202392578,0.16324520111083984,-0.27974772453308105,3
1771109340157,0.11106409132480621,0.06539726257324219,0.14811086654663086,3
1771109340261,0.3310045003890991,0.08225250244140625,0.7439618110656738,3
1771109340362,0.8046175241470337,-0.40485668182373047,0.8312485218048096,3
1771109340472,0.5631430149078369,0.6245861053466797,0.984464168548584,3
1771109340579,0.6034675240516663,0.3717966079711914,-0.4985377788543701,3
1771109340687,0.13146086037158966,-0.2494821548461914,0.17505812644958496,3
1771109340789,0.225803941488266,-0.7922849655151367,0.19898080825805664,3
1771109340897,-0.18538904190063477,-0.09485721588134766,0.018133878707885742,3
1771109341006,-0.5135893225669861,1.1407356262207031,-0.6204291582107544,3
1771109341112,0.6117166876792908,0.1468057632446289,0.12983930110931396,3
1771109341213,0.07607528567314148,-0.3186492919921875,0.29745030403137207,3
1771109341321,0.12789081037044525,-0.48172855377197266,1.6651051044464111,3
1771109341430,0.16900348663330078,0.2894735336303711,0.45957648754119873,3
1771109341530,0.08383525907993317,0.8911685943603516,0.13830113410949707,3
1771109341638,0.11406832933425903,0.28032970428466797,0.09742164611816406,3
1771109341747,0.36363768577575684,-0.018733978271484375,1.8049036264419556,3
1771109341860,0.13793501257896423,0.7775373458862305,0.7854205369949341,3
1771109341956,0.5698255896568298,-0.7672052383422852,1.3419106006622314,3
1771109342064,0.2682588994503021,0.3870706558227539,0.7399725914001465,3
1771109342171,-0.06784950196743011,0.6018257141113281,-0.7503769397735596,3
1771109342281,0.1020645871758461,0.2943992614746094,0.28992414474487305,3
1771109342389,0.5285825133323669,0.30148983001708984,0.7578845024108887,3
1771109342497,0.17672847211360931,-0.26856327056884766,-0.5403767824172974,3
1771109342606,0.4034242033958435,-0.5878705978393555,0.16016697883605957,3
1771109342714,-0.020948901772499084,-0.24560546875,0.11598420143127441,3
1771109342854,0.0669802725315094,0.4206428527832031,0.12058353424072266,3
1771109342931,0.14263522624969482,-0.3638458251953125,0.20676255226135254,3
1771109343040,-0.11139295995235443,-0.26122188568115234,0.46310973167419434,3
1771109343149,-0.07612885534763336,0.20967769622802734,1.360893964767456,3
1771109343256,-0.04782082140445709,-0.34406185150146484,0.796105146408081,3
1771109343366,-0.04032987356185913,-0.4280843734741211,-0.3269689083099365,3
1771109343473,-0.8438308238983154,0.35167503356933594,-0.7046914100646973,3
1771109343581,0.11469784379005432,-0.6491575241088867,0.602708101272583,3
1771109343682,0.015046417713165283,-0.40883541107177734,0.10924696922302246,3
1771109343791,0.05464312434196472,1.333169937133789,-0.20893192291259766,3
1771109343891,0.17778483033180237,-0.7573947906494141,0.010431766510009766,3
1771109343999,0.162168949842453,-0.6325836181640625,1.1961042881011963,3
1771109344132,-0.43428847193717957,-0.4937915802001953,0.2706606388092041,3
1771109344208,0.12595731019973755,0.36046695709228516,-0.6770837306976318,3
1771109344317,-0.22397500276565552,-0.34206295013427734,-0.20862078666687012,3
1771109344425,-0.1273483783006668,0.5842170715332031,0.5241367816925049,3
1771109344533,0.6095736026763916,0.6019248962402344,1.2590982913970947,3
1771109344642,-0.2014639675617218,-0.3922147750854492,0.40775489807128906,3
1771109344742,-0.535195529460907,-0.23067951202392578,-0.20319867134094238,3
1771109344854,0.20931681990623474,-0.05058097839355469,0.8386552333831787,3
1771109344951,-0.12576937675476074,-0.3354463577270508,-0.41741132736206055,3
1771109345059,-0.18735118210315704,-0.08673572540283203,0.3534097671508789,3
1771109345162,0.279523104429245,0.07132720947265625,1.1793615818023682,3
1771109345270,0.6936903595924377,0.2293109893798828,1.097050666809082,3
1771109345376,-0.18004056811332703,-0.3206634521484375,-0.698704719543457,3
1771109345484,0.45201921463012695,0.32183361053466797,0.679466724395752,3
1771109345593,-0.5907579660415649,-0.6583538055419922,-0.06683182716369629,3
1771109345702,0.07178857922554016,-0.06682777404785156,-0.3753345012664795,3
1771109345810,-0.2925703227519989,0.15633869171142578,0.45177793502807617,3
1771109345918,0.2251911461353302,-0.5149602890014648,-0.9957876205444336,3
1771109346027,0.14743927121162415,0.15709400177001953,0.7407314777374268,3
1771109346165,-0.33242639899253845,-0.020288467407226562,0.5439584255218506,3
1771109346236,-0.04589188098907471,-0.01619720458984375,0.8557600975036621,3
1771109346344,-0.6292518377304077,-0.08071517944335938,-0.30931830406188965,3
1771109346452,-0.15039527416229248,0.020638465881347656,0.6142578125,3
1771109346561,0.18769681453704834,0.08919143676757812,0.15353631973266602,3
1771109346669,0.7985095977783203,0.14746856689453125,0.7982954978942871,3
1771109346779,0.2770875096321106,0.26190948486328125,1.3423519134521484,3
1771109346887,0.005037561058998108,-0.4718770980834961,-1.018028736114502,3
1771109346995,0.28715938329696655,-0.07408618927001953,-0.17935776710510254,3
1771109347104,0.11188210546970367,0.733454704284668,0.2650160789489746,3
1771109347212,0.08088390529155731,-0.12071800231933594,-1.0217276811599731,3
1771109347328,0.7135953903198242,0.4095344543457031,-0.27573657035827637,3
1771109347420,0.19632846117019653,-0.33297157287597656,0.6038961410522461,3
1771109347539,0.11869795620441437,-0.44988155364990234,0.4264981746673584,3
1771109347637,-0.35203367471694946,0.03843116760253906,0.6952555179595947,3
1771109347737,0.06088399514555931,0.19122314453125,0.12040185928344727,3
1771109347856,0.46017318964004517,-0.08994007110595703,-0.6374385356903076,3
1771109347954,-0.5562921166419983,-0.41113853454589844,-0.3897123336791992,3
1771109348064,0.2565809190273285,0.006503105163574219,1.0470092296600342,3
1771109348171,0.4606964588165283,0.25440120697021484,0.6383769512176514,3
1771109348281,0.7946310043334961,0.3238258361816406,0.38024139404296875,3
1771109348388,0.18921048939228058,-0.1671772003173828,-1.0282196998596191,3
1771109348488,-0.310907244682312,0.2645750045776367,0.09512162208557129,3
1771109348595,0.14153966307640076,0.4909172058105469,-0.49179017543792725,3
1771109348697,-0.014259107410907745,0.015229225158691406,-0.30206918716430664,3
1771109348804,-0.014822471886873245,-0.21473407745361328,-0.27853846549987793,3
1771109348906,-0.32061898708343506,0.3534069061279297,-0.3786306381225586,3
1771109349012,0.2927432060241699,0.08537673950195312,0.7100975513458252,3
1771109349127,0.3866467773914337,-0.13029098510742188,1.0952262878417969,3
1771109349230,-0.48492032289505005,0.7447977066040039,-1.3660399913787842,3
1771109349338,0.011988118290901184,-0.6439628601074219,0.1086050271987915,3
1771109349446,0.20456618070602417,-0.10714340209960938,-0.17394065856933594,3
1771109349555,0.28683900833129883,0.19771671295166016,0.7023184299468994,3
1771109349664,-0.31114906072616577,0.0023355484008789062,-1.3291960954666138,3
1771109349772,0.32893043756484985,0.3373374938964844,1.2899411916732788,3
1771109349883,0.47142958641052246,-0.014595985412597656,0.06295084953308105,3
1771109349989,-0.08673876523971558,0.05531120300292969,0.054680585861206055,3
1771109350116,-0.19680587947368622,-0.4796152114868164,-0.9930137991905212,3
1771109350205,0.015538007020950317,0.26685523986816406,0.2725323438644409,3
1771109350306,-0.019606545567512512,0.33687400817871094,1.0373817682266235,3
1771109350414,0.08864276111125946,-0.8988475799560547,1.6818925142288208,3
1771109350523,-0.25528684258461,0.5722494125366211,-0.5650189518928528,3
1771109350632,0.016568422317504883,-0.040642738342285156,0.06179618835449219,3
1771109350741,0.4343928098678589,0.5307836532592773,2.8807857036590576,3
1771109350853,0.5218305587768555,-0.3244972229003906,-1.0267136096954346,3
1771109350958,-0.8571066856384277,-0.05386161804199219,0.9933340549468994,3
1771109351065,0.772049069404602,0.36058521270751953,0.5153874158859253,3
1771109351188,0.11030705273151398,0.34081077575683594,0.7546663284301758,3
1771109351283,0.277174711227417,-0.12994098663330078,-0.32214903831481934,3
1771109351391,-0.15662063658237457,0.41553783416748047,1.2425422668457031,3
1771109351499,0.3701077997684479,0.38532257080078125,-0.7146958112716675,3
1771109351609,-0.0020979419350624084,-0.029509544372558594,0.24750661849975586,3
1771109351717,0.669510543346405,0.6731405258178711,1.3925647735595703,3
1771109351825,0.2687835991382599,-0.12580013275146484,-0.39189982414245605,3
1771109351932,-0.18474753201007843,0.26363372802734375,-0.3370784521102905,3
1771109352040,-0.06689419597387314,-0.005894660949707031,-0.978770911693573,3
1771109352155,0.16728916764259338,0.0789022445678711,0.4416804313659668,3
1771109352257,-0.1514178067445755,-0.024066925048828125,-0.008790016174316406,3
1771109352368,0.06527630239725113,-0.16948413848876953,-0.5891382694244385,3
1771109352474,-0.10986517369747162,0.716273307800293,0.46330833435058594,3
1771109352575,-0.037541359663009644,0.15534687042236328,-0.31334662437438965,3
1771109352683,-0.27331244945526123,0.08971405029296875,-1.063004732131958,3
1771109352792,-0.08222305774688721,-0.7410163879394531,0.2474687099456787,3
1771109352901,0.015794724225997925,0.5411109924316406,-0.179740309715271,3
1771109353001,0.42386290431022644,0.37517642974853516,-0.2863839864730835,3
1771109353108,0.5225006341934204,-0.004723548889160156,1.5368679761886597,3
1771109353210,-0.04945457726716995,0.7747974395751953,-1.1158902645111084,3
1771109353318,0.1958320140838623,-0.0628499984741211,-0.1763017177581787,3
1771109353425,0.6257145404815674,-0.4211921691894531,1.9095484018325806,3
1771109353534,0.4891848564147949,0.058074951171875,0.7049286365509033,3
1771109353642,0.17868024110794067,0.6031255722045898,0.00047707557678222656,3
1771109353746,0.31987524032592773,-0.2745189666748047,-0.2762575149536133,3
1771109353881,0.5971223711967468,0.639918327331543,0.929556131362915,3
1771109353959,0.8966500163078308,-0.06589603424072266,-0.03941035270690918,3
1771109354060,0.4750465750694275,-0.3998451232910156,1.171443223953247,3
1771109354172,0.40745025873184204,-0.5591115951538086,0.683114767074585,3
1771109354276,0.2922055125236511,0.1205892562866211,-0.1525135040283203,3
1771109354385,0.8282703161239624,0.3946371078491211,1.1315302848815918,3
1771109354495,-0.27429211139678955,-0.26090145111083984,0.02314305305480957,3
1771109354602,0.17493166029453278,-0.3512735366821289,1.2678141593933105,3
1771109354702,0.6778367161750793,0.8207197189331055,0.25815749168395996,3
1771109354811,0.04679042100906372,-0.5955467224121094,-0.28807806968688965,3
1771109354918,0.3913124203681946,0.013978004455566406,1.4623866081237793,3
1771109355030,0.3712279796600342,0.19307804107666016,1.0558459758758545,3
1771109355142,0.1114940345287323,0.17837810516357422,0.4239466190338135,3
1771109355236,0.6529041528701782,-0.5317220687866211,0.746574878692627,3
1771109355347,-0.021683629602193832,0.3959970474243164,0.2888789176940918,3
1771109355452,0.17674660682678223,0.6164216995239258,-0.4684591293334961,3
1771109355562,0.5257716178894043,0.3931884765625,-0.6618778705596924,3
1771109355661,0.08852916210889816,-0.7522487640380859,0.3876131772994995,3
1771109355769,-0.31121382117271423,0.4039783477783203,-1.2577247619628906,3
1771109355882,0.18001651763916016,0.6435298919677734,-0.1330655813217163,3
1771109355986,-0.09592575579881668,-0.2456340789794922,-0.04637300968170166,3
1771109356087,-0.3540424704551697,-0.5902462005615234,-0.659255862236023,3
1771109356194,-0.25890639424324036,0.9957637786865234,-0.047854065895080566,3
1771109356296,0.2014882117509842,-0.30675411224365234,1.480041265487671,3
1771109356404,0.1552385687828064,-0.19942092895507812,-0.07992696762084961,3
1771109356512,-0.18894758820533752,0.062160491943359375,0.9652166366577148,3
1771109356620,0.3605266213417053,0.5108823776245117,0.38151609897613525,3
1771109356728,-0.3013652265071869,0.5901641845703125,-0.9464032649993896,3
1771109356837,-0.24251748621463776,-0.4454631805419922,0.014963150024414062,3
1771109356946,0.40839463472366333,0.027227401733398438,0.3183368444442749,3
1771109357057,0.6731648445129395,-0.14384174346923828,0.7152187824249268,3
1771109357227,-0.38129696249961853,0.02670574188232422,-0.5897023677825928,3
1771109357271,0.35723793506622314,0.2243509292602539,-0.5930427312850952,3
1771109357381,-0.07926259189844131,0.5370817184448242,0.34743475914001465,3
1771109357487,-0.9343974590301514,-0.5927791595458984,-0.9185622930526733,3
1771109357588,0.3659072816371918,-0.37989044189453125,-1.378908634185791,3
1771109357696,0.8400796055793762,0.1474742889404297,1.0923315286636353,3
1771109357796,0.50948166847229,-0.24872493743896484,-0.6544971466064453,3
1771109357913,-0.13720965385437012,0.08666133880615234,1.0867865085601807,3
1771109358005,-0.5028834939002991,-0.243438720703125,0.9903628826141357,3
1771109358127,-0.18436872959136963,0.21706199645996094,1.5629065036773682,3
1771109358222,-0.4354768991470337,-0.5212440490722656,-0.7213606834411621,3
1771109358324,-0.17012658715248108,0.34665870666503906,-1.6052011251449585,3
1771109358430,-0.4645269513130188,0.3567676544189453,-0.7240214347839355,3
1771109358531,-0.3916202187538147,-0.25408935546875,0.28868961334228516,3
1771109358640,0.14325585961341858,-0.41735267639160156,0.42809391021728516,3
1771109358746,0.09588378667831421,-0.2090167999267578,-0.15023565292358398,3
1771109358847,0.13911232352256775,0.20264911651611328,-0.89579176902771,3
1771109358958,-0.3769671320915222,-0.11588001251220703,-0.4000718593597412,3
1771109359064,-0.6190338730812073,-0.5711441040039062,1.2273774147033691,3
1771109359173,-0.3471432328224182,0.39324474334716797,-0.8616235256195068,3
1771109359282,-0.11989612877368927,0.03814983367919922,-0.46962523460388184,3
1771109359381,-0.04102411866188049,0.5980329513549805,-0.6426310539245605,3
1771109359489,-0.1404489278793335,-0.3439817428588867,0.3790769577026367,3
1771109359599,0.5967684984207153,-0.51947021484375,1.070404291152954,3
1771109359706,-0.4977010190486908,0.4720754623413086,0.258953332901001,3
1771109359814,-0.26153743267059326,0.17459964752197266,-1.136551022529602,3
1771109359915,-0.03669378161430359,0.04995441436767578,0.542654275894165,3
1771109360023,-0.25884801149368286,1.0598773956298828,-0.28093457221984863,3
1771109360176,-0.5137902498245239,-0.6571807861328125,0.8356411457061768,3
1771109360240,-0.7959067225456238,-1.4577369689941406,-1.19883394241333,3
1771109360349,-0.40721413493156433,0.7531213760375977,2.353304862976074,3
1771109360457,-0.5896420478820801,-0.6272974014282227,-0.4793226718902588,3
1771109360569,-0.3273390531539917,-0.1816692352294922,0.8773510456085205,3
1771109360674,-0.40414196252822876,-0.2616891860961914,0.13200759887695312,3
1771109360782,0.04653280973434448,-0.13893699645996094,-0.46720409393310547,3
1771109360898,-0.9205433130264282,-0.1361846923828125,-0.4800131320953369,3
1771109361000,-0.1615927517414093,-0.08947467803955078,-0.038626909255981445,3
1771109361108,-0.524287760257721,-0.12170124053955078,0.33527660369873047,3
1771109361208,0.1606852412223816,-0.16373348236083984,-1.0150234699249268,3
1771109361317,-0.07573036849498749,-0.28032970428466797,-0.3129127025604248,3
1771109361424,0.30336129665374756,-0.1772756576538086,0.5583984851837158,3
1771109361534,-0.19774502515792847,0.03721046447753906,0.19380807876586914,3
1771109361642,0.09680084884166718,-0.26583099365234375,-0.44567036628723145,3
1771109361749,-0.029248803853988647,0.4665040969848633,-0.7500045299530029,3
1771109361851,0.11964258551597595,0.14070796966552734,0.16485166549682617,3
1771109361959,0.07264384627342224,0.3611440658569336,0.3360319137573242,3
1771109362066,-0.9361734986305237,0.4299049377441406,0.6156198978424072,3
1771109362168,0.8450199365615845,-0.7370767593383789,0.05657076835632324,3
1771109362276,-0.4118902087211609,-0.6367912292480469,0.6394238471984863,3
1771109362384,-0.6566286087036133,-0.1042165756225586,0.19550204277038574,3
1771109362485,0.7771305441856384,-0.08907032012939453,0.5704169273376465,3
1771109362593,-0.5301374197006226,0.13537120819091797,-0.8501780033111572,3
1771109362700,-0.3686598539352417,-0.5258846282958984,-0.7701373100280762,3
1771109362808,-0.3068813681602478,0.26560020446777344,-0.5093522071838379,3
1771109362910,0.29294803738594055,0.19589805603027344,-0.32727646827697754,3
1771109363017,-0.1313174068927765,0.24462890625,-1.1340079307556152,3
1771109363126,-0.4015263319015503,0.1971759796142578,1.173116683959961,3
1771109363227,-0.3174794018268585,-0.34083080291748047,0.08066082000732422,3
1771109363335,0.1605633795261383,0.05436897277832031,0.36040353775024414,3
1771109363444,0.1950366050004959,-0.39698028564453125,0.9892873764038086,3
1771109363551,0.7435804605484009,0.3294191360473633,1.6430132389068604,3
1771109363652,-0.7812858819961548,-0.4110870361328125,-0.9359092712402344,3
1771109363763,0.5064055323600769,-0.18485355377197266,-0.022632598876953125,3
1771109363868,-0.0982479602098465,-0.21212387084960938,0.3162112236022949,3
1771109363978,-0.3557717204093933,0.5709238052368164,-0.5918645858764648,3
1771109364086,-0.022586680948734283,-0.10818004608154297,-0.9781074523925781,3
1771109364194,0.3552165627479553,-0.031368255615234375,2.067978620529175,3
1771109364303,0.1504441201686859,-0.22893810272216797,0.4182121753692627,3
1771109364413,0.274704247713089,-0.33910465240478516,-0.32160401344299316,3
1771109364520,-0.5346020460128784,-0.12830257415771484,-0.2592661380767822,3
1771109364628,0.16481395065784454,0.4590911865234375,-1.023768424987793,3
1771109364736,-0.8715802431106567,0.6935462951660156,-0.04864215850830078,3
1771109364844,0.26297318935394287,-0.43207645416259766,0.617222785949707,3
1771109364953,-0.061919305473566055,-0.3038492202758789,1.2366700172424316,3
1771109365063,-0.5487220883369446,0.1413555145263672,0.05603790283203125,3
1771109365170,0.20313525199890137,0.36197948455810547,-0.6182727813720703,3
1771109365270,-0.09864924848079681,0.036795616149902344,0.5793561935424805,3
1771109365379,0.08947207778692245,0.3491554260253906,0.07974910736083984,3
1771109365489,-0.3518427014350891,0.12231826782226562,0.29702258110046387,3
1771109365587,-0.21617627143859863,0.08140850067138672,0.14565205574035645,3
1771109365696,0.037592895328998566,-0.28761959075927734,-0.42655324935913086,3
1771109365804,-0.6371738910675049,-0.45442867279052734,-0.33688855171203613,3
1771109365916,0.2715650200843811,0.08395671844482422,0.9098725318908691,3
1771109366012,-0.03194108605384827,-0.42224693298339844,-0.5372174978256226,3
1771109366114,0.07149119675159454,0.2157754898071289,0.8023083209991455,3
1771109366220,0.06963478773832321,-0.32406044006347656,0.11743021011352539,3
1771109366321,-0.4077986478805542,-0.27295875549316406,0.503657341003418,3
1771109366430,-0.29438745975494385,0.18423748016357422,0.706275224685669,3
1771109366538,0.4552111029624939,0.01360321044921875,0.9153432846069336,3
1771109366647,0.3301514983177185,-0.23459529876708984,0.8293907642364502,3
1771109366755,-0.13953663408756256,0.07326889038085938,0.36552000045776367,3
1771109366864,0.6116716861724854,0.22150802612304688,0.5033242702484131,3
1771109366973,-0.6405529379844666,0.3201875686645508,0.7969882488250732,3
1771109367073,0.16024121642112732,-0.3502044677734375,1.1482398509979248,3
1771109367179,0.34089553356170654,-0.3581514358520508,0.802004337310791,3
1771109367288,0.29539811611175537,-0.12532806396484375,0.6443157196044922,3
1771109367399,-0.08040325343608856,0.055426597595214844,-0.1591176986694336,3
1771109367497,0.024213001132011414,-0.47875213623046875,0.25682616233825684,3
1771109367605,0.04158659279346466,0.01625347137451172,-0.10619497299194336,3
1771109367706,0.07742539048194885,0.2599906921386719,0.3375065326690674,3
1771109367814,-1.0087411403656006,0.05275440216064453,-0.188246488571167,3
1771109367923,-0.28982484340667725,0.19301605224609375,-0.27384018898010254,3
1771109368031,0.03875930607318878,-0.30609798431396484,-0.027154922485351562,3
1771109368143,-0.013005167245864868,0.07283592224121094,-0.18131399154663086,3
1771109368247,0.49666929244995117,0.05040740966796875,0.2625010013580322,3
1771109368357,-0.10590498894453049,-0.4430885314941406,0.6803638935089111,3
1771109368465,-0.2625252604484558,-0.2379894256591797,0.42561888694763184,3
1771109368575,-0.4721182584762573,-0.02226543426513672,-0.12333488464355469,3
1771109368683,0.7400532960891724,0.4039726257324219,0.5266132354736328,3
1771109368791,-0.25359344482421875,0.26540374755859375,0.4210999011993408,3
1771109368912,-0.6924087405204773,0.15300941467285156,0.010241508483886719,3
1771109369001,-0.1882474720478058,-0.05519676208496094,-0.4620232582092285,3
1771109369108,0.3870229125022888,0.23012924194335938,-0.08395266532897949,3
1771109369208,0.04143771529197693,0.3062763214111328,0.5098967552185059,3
1771109369316,-0.07831984758377075,-0.3907623291015625,-0.02217411994934082,3
1771109369417,-0.1614961177110672,0.1413869857788086,1.144193172454834,3
1771109369524,0.6086761951446533,0.20857715606689453,0.866096019744873,3
1771109369627,0.12306685745716095,-0.3815898895263672,0.7383849620819092,3
1771109369732,-0.10171502828598022,0.2240619659423828,0.08008861541748047,3
1771109369841,-0.05694400519132614,-0.28842735290527344,0.24732112884521484,3
1771109369979,-0.44711410999298096,0.06092357635498047,0.1619398593902588,3
1771109370093,0.7116566300392151,0.003307342529296875,0.9231617450714111,3
1771109370191,0.04285053908824921,0.23346900939941406,0.22139501571655273,3
1771109370292,0.4671061038970947,-0.31590938568115234,0.8314528465270996,3
1771109370400,0.06598934531211853,-0.3692893981933594,0.3678750991821289,3
1771109370508,0.5501768589019775,-0.03563880920410156,1.2905290126800537,3
1771109370617,-0.2881220281124115,-0.21174144744873047,-0.8500220775604248,3
1771109370717,-0.26412901282310486,0.05386543273925781,-0.4148528575897217,3
1771109370825,-0.15235203504562378,0.19467639923095703,0.34145283699035645,3
1771109370928,-0.0011330246925354004,-0.014400482177734375,0.12585234642028809,3
1771109371034,0.09410196542739868,0.13758277893066406,0.09011673927307129,3
1771109371143,-0.046927809715270996,0.19717025756835938,0.29763078689575195,3
1771109371242,-0.31282415986061096,-0.14392471313476562,-0.523700475692749,3
1771109371343,0.21232199668884277,-0.1470317840576172,-0.09100079536437988,3
1771109371451,0.32501208782196045,0.2051868438720703,-0.05333757400512695,3
1771109371559,-0.7146090269088745,-0.03846931457519531,-0.022621870040893555,3
1771109371661,0.0013273060321807861,-0.14801788330078125,0.2512240409851074,3
1771109371767,-0.27444276213645935,0.21759414672851562,-0.06054544448852539,3
1771109371876,0.49025529623031616,-0.05356884002685547,0.1041560173034668,3
1771109371984,-0.07568122446537018,0.1847982406616211,0.09907817840576172,3
1771109372096,0.43759599328041077,0.023802757263183594,-0.43177151679992676,3
1771109372197,-0.1519717574119568,0.1362619400024414,0.34891629219055176,3
1771109372301,0.31938329339027405,0.34357452392578125,-0.008979558944702148,3
1771109372410,-0.23826856911182404,-0.10923385620117188,-0.0945587158203125,3
1771109372511,0.14958369731903076,0.1444988250732422,0.13163089752197266,3
1771109372618,0.16435326635837555,0.10743522644042969,-0.45378541946411133,3
1771109372720,0.23821574449539185,0.14237117767333984,-0.07130146026611328,3
1771109372829,0.07813316583633423,-0.034140586853027344,-0.11863350868225098,3
1771109372936,0.2571903169155121,0.057842254638671875,-0.10297656059265137,3
1771109373048,-0.32340332865715027,0.23935890197753906,-0.1533663272857666,3
1771109373152,0.26700055599212646,0.18973827362060547,-0.2031998634338379,3
1771109373260,-0.3345160186290741,0.189178466796875,-0.08057880401611328,3
1771109373369,-0.2891347110271454,0.1883716583251953,-0.5608701705932617,3
1771109373477,0.2589263617992401,-0.0054988861083984375,-0.6824865341186523,3
1771109373584,-0.562127947807312,0.223480224609375,-0.7242863178253174,3
1771109373686,-0.24734817445278168,0.3651552200317383,-0.7834886312484741,3
1771109373794,0.3387109339237213,0.03536701202392578,-0.5676779747009277,3
1771109373926,0.6049407124519348,0.107696533203125,-0.6436612606048584,3
1771109374002,-0.4510793089866638,0.4425697326660156,-0.6286730766296387,3
1771109374105,0.7191151976585388,0.01568603515625,-0.2350449562072754,3
1771109374211,-0.6509926319122314,0.045047760009765625,-0.6628129482269287,3
1771109374320,-0.03285375237464905,0.10707378387451172,0.0013341903686523438,3
1771109374428,-0.11525212228298187,0.3042278289794922,-0.21382689476013184,3
1771109374528,-0.22702112793922424,0.09900093078613281,-0.470550537109375,3
1771109374637,0.20207923650741577,0.08707714080810547,0.21017098426818848,3
1771109374737,0.39682695269584656,0.06132316589355469,-0.1544959545135498,3
1771109374845,0.018433690071105957,0.09722328186035156,-0.5289003849029541,3
1771109374953,-0.3470017910003662,-0.05035400390625,-0.719308614730835,3
1771109375056,0.11076877266168594,0.2029867172241211,-0.0008864402770996094,3
1771109375162,-0.16396358609199524,-0.09223651885986328,-0.5591868162155151,3
1771109375273,0.020275235176086426,-0.06751441955566406,-0.36727094650268555,3
1771109375379,-0.2940952479839325,0.06152153015136719,-0.7125914096832275,3
1771109375487,0.15161940455436707,0.2099618911743164,0.012954235076904297,3
1771109375596,-0.020386293530464172,0.01328277587890625,-0.5903201103210449,3
1771109375696,0.09353628754615784,0.058510780334472656,-0.35930097103118896,3
1771109375805,0.06364649534225464,0.24075794219970703,-0.18922066688537598,3
1771109375939,-0.15073081851005554,-0.29473209381103516,-0.5218884944915771,3
1771109376022,0.2013225555419922,-0.1330108642578125,-0.2008957862854004,3
1771109376129,0.1620197594165802,-0.13135242462158203,-0.23466849327087402,3
1771109376238,-0.07646936178207397,-0.3632192611694336,-0.29074859619140625,3
1771109376349,0.09155377000570297,0.48622894287109375,-0.6710070371627808,3
1771109376455,0.2751574218273163,0.44280052185058594,-0.0749809741973877,3
1771109376564,-0.42579948902130127,-0.15401649475097656,-0.32859015464782715,3
1771109376664,0.13872072100639343,-0.18491172790527344,-0.4879709482192993,3
1771109376773,-0.017252564430236816,0.036993980407714844,-0.6003222465515137,3
1771109376872,-0.038098692893981934,-0.08085155487060547,-0.45629429817199707,3
1771109376981,0.09453049302101135,0.17620563507080078,-0.750441312789917,3
1771109377089,0.2619505524635315,0.1761636734008789,-0.279758095741272,3
1771109377205,-0.17756253480911255,0.23522472381591797,-1.060139775276184,3
1771109377305,0.35210227966308594,0.1577777862548828,0.7974286079406738,3
1771109377414,0.14435133337974548,0.4484586715698242,0.7319972515106201,3
1771109377516,0.3438633382320404,0.013715744018554688,0.5529190301895142,3
1771109377624,-0.24823406338691711,-0.00048732757568359375,0.17979949712753296,3
1771109377731,0.4226961135864258,0.6200113296508789,1.0893058776855469,3
1771109377838,0.07823938131332397,0.20189285278320312,-0.06842571496963501,3
1771109377943,-0.3000764846801758,-0.22632503509521484,-1.6621124744415283,3
1771109378050,-0.3473378121852875,0.2991666793823242,-0.2750753164291382,3
1771109378156,-0.2687292993068695,-0.4348726272583008,-1.032881498336792,3
1771109378264,-0.35194727778434753,0.041355133056640625,-0.23968225717544556,3
1771109378374,-0.453815221786499,-0.1420917510986328,-0.4922959804534912,3
1771109378475,0.02614736557006836,0.5399093627929688,1.6777732372283936,3
1771109378582,0.47811198234558105,0.09797477722167969,0.39597052335739136,3
1771109378690,-0.12375414371490479,0.17639446258544922,2.1101701259613037,3
1771109378799,0.09914840757846832,-0.05955982208251953,-0.03155660629272461,3
1771109378906,0.2666321098804474,0.35739898681640625,0.11911463737487793,3
1771109379016,0.42215877771377563,-0.24871540069580078,0.0982065200805664,3
1771109379116,0.3657706379890442,0.17339611053466797,1.1368037462234497,3
1771109379223,0.47545382380485535,0.03707313537597656,-0.13512194156646729,3
1771109379333,0.6390916109085083,-0.05003070831298828,1.2175942659378052,3
1771109379434,-0.06234470009803772,0.37220001220703125,0.9895787239074707,3
1771109379541,0.28697991371154785,-0.15367889404296875,0.6567853689193726,3
1771109379651,-0.038227081298828125,0.08955764770507812,-0.9197133779525757,3
1771109379758,0.5469018220901489,0.528228759765625,0.8175240755081177,3
1771109379858,0.11722472310066223,-0.1473836898803711,0.26553308963775635,3
1771109379966,-0.09504503011703491,0.21178817749023438,-0.722453236579895,3
1771109380075,-0.13276132941246033,-0.07615089416503906,0.9980254173278809,3
1771109380183,0.29267406463623047,0.21001529693603516,0.21141433715820312,3
1771109380293,-0.5516444444656372,0.2920513153076172,-0.1923813819885254,3
1771109380400,0.23838740587234497,0.0865325927734375,0.30232059955596924,3
1771109380500,0.08339478075504303,-0.2760629653930664,-0.28588569164276123,3
1771109380602,-0.1925748586654663,-0.2071084976196289,0.6191229820251465,3
1771109380708,0.12754963338375092,0.27914905548095703,0.3147284984588623,3
1771109380817,-0.15869326889514923,-0.1452503204345703,0.37052595615386963,3
1771109380926,-0.1712852567434311,-0.15540599822998047,0.45089423656463623,3
1771109381034,0.42351043224334717,-0.30287837982177734,1.4409945011138916,3
1771109381139,-0.016544828191399574,-0.029970169067382812,0.305403470993042,3
1771109381275,-0.11604904383420944,-0.7996234893798828,0.7003664970397949,3
1771109381351,-0.2953018546104431,-0.05041980743408203,-0.16062378883361816,3
1771109381451,0.186568021774292,-0.07090377807617188,1.011667251586914,3
1771109381559,-0.1086350604891777,-0.10048103332519531,1.265843152999878,3
1771109381667,0.0541655570268631,-0.2013225555419922,0.0876011848449707,3
1771109381768,-0.24381409585475922,-0.22053909301757812,1.1233925819396973,3
1771109381876,-0.03626781702041626,-0.2803001403808594,0.5772404670715332,3
1771109381979,0.5071040987968445,-0.014204025268554688,0.9360647201538086,3
1771109382085,0.4569728970527649,-0.06128215789794922,0.2103261947631836,3
1771109382193,-0.10679813474416733,0.07494640350341797,0.16545391082763672,3
1771109382302,0.004018336534500122,-0.38607311248779297,-0.03486371040344238,3
1771109382410,-0.03887954354286194,0.3949909210205078,0.44159936904907227,3
1771109382521,-0.017305225133895874,0.04311084747314453,0.07954549789428711,3
1771109382627,0.18048319220542908,-0.2185192108154297,0.8933556079864502,3
1771109382735,0.24655269086360931,0.2549734115600586,0.45349621772766113,3
1771109382843,0.26563629508018494,0.20368385314941406,0.9011683464050293,3
1771109382981,-0.0026454031467437744,0.2629709243774414,0.9274907112121582,3
1771109383056,0.12570792436599731,0.31288909912109375,0.09181332588195801,3
1771109383160,-0.22563114762306213,-0.15270042419433594,-0.6638906002044678,3
1771109383270,0.07245607674121857,0.13646411895751953,-0.6905591487884521,3
1771109383377,-0.06193539500236511,0.25621604919433594,0.09465527534484863,3
1771109383487,-0.3166343867778778,0.1296377182006836,-0.0897970199584961,3
1771109383588,-0.05509355664253235,-0.07099628448486328,0.2253735065460205,3
1771109383694,-0.6604689955711365,-0.09750175476074219,-0.9354174137115479,3
1771109383803,0.1615552008152008,0.12762451171875,0.5417275428771973,3
1771109383910,0.007679775357246399,-0.35158348083496094,-0.11691689491271973,3
1771109384021,-0.4639766812324524,0.29448699951171875,-0.8671538829803467,3
1771109384148,0.0491865798830986,-0.09751224517822266,-0.3946340084075928,3
1771109384236,-0.035812538117170334,0.011922836303710938,-0.2226095199584961,3
1771109384337,-0.5484382510185242,0.3139781951904297,-0.4332289695739746,3
1771109384444,0.17451700568199158,0.006771087646484375,-0.025501489639282227,3
1771109384545,-0.5130830407142639,0.34532642364501953,0.02241063117980957,3
1771109384653,0.46737515926361084,-0.0009632110595703125,-0.018976926803588867,3
1771109384762,-0.27914541959762573,0.057906150817871094,-0.13573670387268066,3
1771109384862,0.31462588906288147,0.3592252731323242,0.36934876441955566,3
1771109384995,0.10885182023048401,-0.14649009704589844,-0.1257789134979248,3
1771109385078,0.36329877376556396,0.11275386810302734,0.1015787124633789,3
1771109385187,-0.17884871363639832,0.16669178009033203,-0.45618700981140137,3
1771109385295,-0.42872968316078186,-0.07342052459716797,-0.4817237854003906,3
1771109385407,-0.24434179067611694,0.34070491790771484,-0.34263110160827637,3
1771109385512,0.43938347697257996,-0.14033985137939453,0.0747067928314209,3
1771109385621,-0.30667200684547424,0.2991771697998047,-0.2196500301361084,3
1771109385721,0.3472077548503876,0.11232852935791016,0.11658191680908203,3
1771109385830,0.34581780433654785,0.060150146484375,-0.059241533279418945,3
1771109385938,-0.386065274477005,0.21216678619384766,-0.15108919143676758,3
1771109386046,0.38461223244667053,-0.34845542907714844,-0.8662436008453369,3
1771109386147,-0.4074845016002655,0.29795265197753906,-0.21815061569213867,3
1771109386255,0.16661909222602844,0.06235980987548828,0.009955167770385742,3
1771109386362,0.705001950263977,0.30351829528808594,-0.11114168167114258,3
1771109386472,-0.7346582412719727,-0.010861396789550781,-0.9780721664428711,3
1771109386579,-0.007301785051822662,0.02909374237060547,0.2186110019683838,3
1771109386680,-0.6299612522125244,0.0754251480102539,-0.08390998840332031,3
1771109386789,1.0243359804153442,-0.1380758285522461,0.21467137336730957,3
1771109386899,-0.17741759121418,0.027093887329101562,0.029825687408447266,3
1771109387000,0.856687068939209,0.14609909057617188,-0.08627104759216309,3
1771109387107,-0.06537435203790665,0.12214279174804688,0.057935237884521484,3
1771109387212,0.34772777557373047,0.10981941223144531,0.7186198234558105,3
1771109387314,0.32725614309310913,-0.05254936218261719,0.25052499771118164,3
1771109387414,0.3992488384246826,-0.06268882751464844,-0.04518747329711914,3
1771109387523,-0.08270193636417389,0.2835397720336914,-0.059136152267456055,3
1771109387625,0.42503103613853455,0.17165374755859375,-0.1279149055480957,3
1771109387731,0.06678800284862518,0.05085468292236328,0.040389299392700195,3
1771109387832,0.23496830463409424,0.2021169662475586,-0.08186006546020508,3
1771109387942,0.26241302490234375,0.028550148010253906,-0.6681071519851685,3
1771109388048,0.06116778403520584,0.337158203125,-0.09247064590454102,3
1771109388158,0.38612431287765503,0.25204944610595703,-0.4040285348892212,3
1771109388265,-0.2169833779335022,0.21361923217773438,-0.7302552461624146,3
1771109388375,0.1975189447402954,0.2524375915527344,0.2484147548675537,3
1771109388481,-0.002157360315322876,-0.055039405822753906,-0.4710731506347656,3
1771109388582,0.3065067231655121,-0.03849983215332031,0.22039449214935303,3
1771109388690,-0.24221080541610718,0.15851783752441406,-0.3836524486541748,3
1771109388791,-0.10846995562314987,0.011013984680175781,-0.2545485496520996,3
1771109388900,-0.2868190407752991,0.05965423583984375,-0.6005140542984009,3
1771109389009,-0.07132294028997421,-0.10237693786621094,0.21959519386291504,3
1771109389117,-0.07963316142559052,-0.03922080993652344,0.12231123447418213,3
1771109389224,-0.10481753945350647,0.0107421875,-0.19206273555755615,3
1771109389332,0.1490575224161148,0.23649978637695312,0.30862724781036377,3
1771109389446,-0.1882046014070511,0.16872310638427734,-0.11417615413665771,3
1771109389550,0.04756815731525421,0.4454345703125,0.5179693698883057,3
1771109389652,0.03329945355653763,0.19530868530273438,-0.5707404613494873,3
1771109389758,0.06585992872714996,0.1788339614868164,0.6035761833190918,3
1771109389866,-0.26885831356048584,-0.041029930114746094,-0.6062278747558594,3
1771109389967,-0.1783108413219452,0.0026350021362304688,-0.650973916053772,3
1771109390075,-0.22862784564495087,0.15079689025878906,-0.6337049007415771,3
1771109390184,0.2891453504562378,-0.05568504333496094,0.07754743099212646,3
1771109390295,0.24312452971935272,-0.032523155212402344,0.5374119281768799,3
1771109390400,-0.2244093418121338,-0.039905548095703125,-0.3571004867553711,3
1771109390509,-0.16074006259441376,-0.004638671875,-0.08234703540802002,3
1771109390616,0.11002001911401749,0.037352561950683594,0.3185690641403198,3
1771109390727,0.10965684056282043,-0.27901458740234375,0.8851985931396484,3
1771109390834,0.9817400574684143,0.31720924377441406,1.7790415287017822,3
1771109390942,-0.09159821271896362,0.28931713104248047,-0.026591897010803223,3
1771109391050,0.339516282081604,0.20345211029052734,-0.635521650314331,3
1771109391161,-0.14588549733161926,-0.3858022689819336,-1.4875580072402954,3
1771109391267,-0.48582011461257935,-0.2023754119873047,0.1726551055908203,3
1771109391377,0.2968887686729431,0.01977252960205078,0.6338781118392944,3
1771109391484,0.3065042495727539,0.1453418731689453,0.9718036651611328,3
1771109391593,0.3392903208732605,-0.172637939453125,0.504767894744873,3
1771109391695,0.05242609977722168,0.22666549682617188,-0.2237398624420166,3
1771109391801,0.6924214363098145,-0.30879688262939453,0.56828773021698,3
1771109391909,0.08867120742797852,-0.10330963134765625,0.9599108695983887,3
1771109392022,0.07697498798370361,0.11973285675048828,1.4816043376922607,3
1771109392128,0.4488348960876465,-0.05939197540283203,0.34265565872192383,3
1771109392234,-0.11901850998401642,-0.022136688232421875,-0.7969803810119629,3
1771109392335,-0.3404470384120941,-0.1403045654296875,-0.21022522449493408,3
1771109392443,0.05888892710208893,-0.11792564392089844,-1.165877103805542,3
1771109392551,0.1209791749715805,0.33429527282714844,0.6368259191513062,3
1771109392660,-0.5788878798484802,0.14168357849121094,0.20653223991394043,3
1771109392762,0.2910192012786865,0.1562185287475586,1.0865592956542969,3
1771109392868,0.37579259276390076,-0.3332338333129883,0.8013558387756348,3
1771109392979,-0.26921138167381287,0.1605997085571289,-0.013370037078857422,3
1771109393085,0.1696399748325348,-0.5336074829101562,-0.6001846790313721,3
1771109393193,0.2874177396297455,0.11859416961669922,0.9648251533508301,3
1771109393308,0.4497372806072235,0.25435543060302734,0.81113600730896,3
1771109393411,-0.15715035796165466,-0.06484794616699219,-0.9951543807983398,3
1771109393520,0.1906396448612213,0.27391529083251953,1.539359211921692,3
1771109393628,0.14924989640712738,0.0758371353149414,0.3205909729003906,3
1771109393737,-0.13134175539016724,0.43132495880126953,0.995490312576294,3
1771109393844,0.001602768898010254,0.1342611312866211,0.2711988687515259,3
1771109393952,0.3220977485179901,-0.2876434326171875,-0.5479081869125366,3
1771109394061,0.35386568307876587,0.41078758239746094,0.9411494731903076,3
1771109394169,-0.14185771346092224,-0.25217723846435547,0.003314971923828125,3
1771109394271,-0.07623270153999329,0.5038738250732422,0.7220971584320068,3
1771109394377,-0.08817967772483826,0.2340688705444336,0.9965972900390625,3
1771109394478,-0.297993004322052,-0.27663135528564453,0.8638724088668823,3
1771109394586,1.0030282735824585,0.40682220458984375,1.7081400156021118,3
1771109394696,-0.7213559150695801,-0.02043437957763672,-0.9523226022720337,3
1771109394804,0.6471408605575562,0.1026010513305664,1.0039722919464111,3
1771109394907,-0.11638745665550232,0.30103397369384766,1.8851218223571777,3
1771109395039,-0.319750040769577,0.18698501586914062,-0.5952761769294739,3
1771109395122,-0.7320574522018433,-0.2068929672241211,-0.5107441544532776,3
1771109395250,-0.11533528566360474,-0.16408729553222656,-0.7499631643295288,3
1771109395329,-0.16660353541374207,-0.10872650146484375,-0.7277988195419312,3
1771109395436,-0.056469276547431946,0.15392780303955078,-0.29100537300109863,3
1771109395538,-0.7220786809921265,-0.02281951904296875,-1.3697994947433472,3
1771109395648,0.6513427495956421,-0.4509010314941406,0.6476166248321533,3
1771109395754,0.09654940664768219,0.17004108428955078,-1.0605568885803223,3
1771109395862,-0.5391048192977905,0.26531028747558594,-0.9973678588867188,3
1771109395967,0.05896922945976257,0.510228157043457,-0.8011060953140259,3
1771109396073,-0.4295216202735901,0.48038482666015625,-1.7744401693344116,3
1771109396181,-0.22230568528175354,-0.03666496276855469,-0.5382890701293945,3
1771109396288,0.014769971370697021,0.42567920684814453,-0.20670092105865479,3
1771109396391,-0.03408783674240112,0.22835445404052734,1.180116891860962,3
1771109396497,-0.35385844111442566,-0.10501575469970703,-1.2978779077529907,3
1771109396605,-0.013988837599754333,-0.26959800720214844,-0.08948802947998047,3
1771109396717,-0.3894214928150177,0.15597915649414062,-0.037081122398376465,3
1771109396822,0.5851314067840576,0.09235954284667969,-0.36513495445251465,3
1771109396930,-0.390785276889801,0.5762434005737305,1.0067412853240967,3
1771109397041,0.7469972372055054,-0.12810611724853516,0.8528810739517212,3
1771109397188,0.2593345046043396,-0.43225765228271484,0.3845332860946655,3
1771109397255,0.3256038427352905,0.3422536849975586,2.135375738143921,3
1771109397365,0.66204833984375,-0.3282432556152344,0.7686327695846558,3
1771109397472,0.5592484474182129,-0.11915206909179688,0.3034522533416748,3
1771109397581,-0.47405773401260376,0.07618522644042969,-0.9038808345794678,3
1771109397689,0.04812212288379669,0.010454177856445312,-0.7411867380142212,3
1771109397798,-0.14255742728710175,0.39872169494628906,1.0013012886047363,3
1771109397899,0.6360389590263367,-0.20738887786865234,0.7869540452957153,3
1771109398034,-0.25259020924568176,-0.49480247497558594,-0.9008199572563171,3
1771109398116,-0.2756178379058838,-0.18744945526123047,-0.12381601333618164,3
1771109398214,0.8082864880561829,0.3308858871459961,1.0447907447814941,3
1771109398315,-0.2911454439163208,-0.7665691375732422,-0.9863921403884888,3
1771109398424,-0.11404552310705185,-0.025661468505859375,-0.0459747314453125,3
1771109398531,-0.024968167766928673,-0.08351421356201172,-0.7398087978363037,3
1771109398632,-0.16720572113990784,-0.16081523895263672,-0.1183319091796875,3
1771109398740,0.12545323371887207,-0.23413848876953125,0.8503191471099854,3
1771109398841,-0.5144160389900208,0.0010824203491210938,-0.04966306686401367,3
1771109398948,0.17659369111061096,-0.06518173217773438,0.9053232669830322,3
1771109399050,0.29658105969429016,0.061537742614746094,-0.5497560501098633,3
1771109399161,0.7602261304855347,-0.2556734085083008,-0.014462709426879883,3
1771109399265,-0.48116904497146606,0.1068878173828125,0.001718282699584961,3
1771109399365,-0.03283269703388214,0.32591724395751953,-1.4519975185394287,3
1771109399475,-0.19936928153038025,-0.0972442626953125,-1.1136326789855957,3
1771109399582,-0.3754037618637085,-0.0729684829711914,-1.3642970323562622,3
1771109399691,-0.09134574234485626,0.40383338928222656,0.4354555606842041,3
1771109399801,-0.29614245891571045,-0.31346893310546875,0.256433367729187,3
1771109399908,0.5176900029182434,0.8880176544189453,0.9280229806900024,3
1771109400046,0.8824929594993591,-0.14936065673828125,-0.7031658291816711,3
1771109400174,0.2430148869752884,-0.6263914108276367,0.00036513805389404297,3
1771109400234,-0.07202033698558807,0.03763294219970703,0.014562726020812988,3
1771109400341,0.3343774378299713,0.3927593231201172,-1.325843095779419,3
1771109400451,0.015309710055589676,0.14815139770507812,0.0110551118850708,3
1771109400559,-0.004739776253700256,0.006718635559082031,-0.9718543291091919,3
1771109400667,0.3185196816921234,0.4694375991821289,-0.7262430787086487,3
1771109400767,0.1368824690580368,-0.2693023681640625,0.23942553997039795,3
1771109400877,0.4004063606262207,0.07807064056396484,-0.5989264845848083,3
1771109400980,-0.4500214755535126,-0.3073692321777344,-1.1975435018539429,3
1771109401084,0.48168155550956726,0.12192726135253906,-0.24136829376220703,3
1771109401185,-0.44785112142562866,0.019849777221679688,-0.33033132553100586,3
1771109401293,0.27046525478363037,0.1982870101928711,-0.07086789608001709,3
1771109401401,-0.0048396997153759,-0.0010805130004882812,0.7757511138916016,3
1771109401509,0.2819407880306244,0.3836488723754883,-0.4462089538574219,3
1771109401617,0.058550648391246796,0.00490570068359375,1.2636566162109375,3
1771109401726,-0.23244374990463257,0.008111000061035156,0.47789156436920166,3
1771109401834,-0.07640859484672546,-0.20362567901611328,0.08182287216186523,3
1771109401943,-0.1101866364479065,0.1788339614868164,0.7687884569168091,3
1771109402055,-0.023778140544891357,0.07706069946289062,-0.14055871963500977,3
1771109402160,-1.0076780319213867,0.08561229705810547,-0.4318394660949707,3
1771109402271,0.46969762444496155,0.16069793701171875,0.36909425258636475,3
1771109402376,-0.026154831051826477,-0.2844514846801758,0.21996665000915527,3
1771109402487,0.14963984489440918,-0.8036394119262695,0.37218403816223145,3
1771109402593,-0.25303834676742554,0.7547149658203125,-0.40475285053253174,3
1771109402694,-0.1372792273759842,0.021038055419921875,0.6919023990631104,3
1771109402802,-0.052669886499643326,-1.0324573516845703,1.4711862802505493,3
1771109402910,-0.04989781230688095,-0.48235607147216797,0.6193526983261108,3
1771109403018,0.0794169157743454,0.4109230041503906,0.8625779151916504,3
1771109403119,-0.09442701190710068,-0.4161949157714844,-0.3347996473312378,3
1771109403228,0.2869340777397156,-0.039200782775878906,0.728447437286377,3
1771109403336,0.13331502676010132,-0.4319190979003906,1.3396985530853271,3
1771109403444,-0.12756022810935974,-0.2598743438720703,-0.03442025184631348,3
1771109403558,0.38569703698158264,0.9465913772583008,-0.16033434867858887,3
1771109403661,0.08399486541748047,-0.3620891571044922,-0.7398412227630615,3
1771109403776,0.2320861518383026,-0.424835205078125,1.0379109382629395,3
1771109403877,0.17661404609680176,-0.07068824768066406,0.401993989944458,3
1771109403986,-0.305527925491333,-0.13530254364013672,-0.3311896324157715,3
1771109404088,0.010750912129878998,0.6202774047851562,-0.9125329256057739,3
1771109404194,0.02220737189054489,-0.3863248825073242,0.26685547828674316,3
1771109404305,-0.21581214666366577,-0.22360992431640625,0.09629678726196289,3
1771109404413,0.28004372119903564,0.04718494415283203,-0.021841764450073242,3
1771109404514,-0.8278205394744873,0.26312828063964844,0.2774217128753662,3
1771109404622,0.9804398417472839,-0.08267593383789062,0.9268410205841064,3
1771109404729,-0.4651905298233032,-0.27497196197509766,0.5004942417144775,3
1771109404837,0.10909692943096161,-0.3063058853149414,1.0628173351287842,3
1771109404953,-0.039290573447942734,-0.13480472564697266,-0.12105751037597656,3
1771109405061,-0.021445514634251595,0.41160106658935547,1.7427423000335693,3
1771109405162,0.5396804809570312,-0.20241737365722656,-0.18174290657043457,3
1771109405271,0.14774736762046814,0.24640750885009766,0.5801877975463867,3
1771109405379,0.3382206857204437,-0.325469970703125,-0.13372564315795898,3
1771109405487,-0.3291522264480591,-0.33812808990478516,-1.0653239488601685,3
1771109405596,-0.7496880888938904,0.7443351745605469,-0.9903556108474731,3
1771109405704,-0.3186953663825989,0.5058279037475586,0.7928825616836548,3
1771109405813,0.08925896883010864,-0.4548673629760742,0.9754742383956909,3
1771109405914,0.427692711353302,-0.6832313537597656,0.11753714084625244,3
1771109406021,0.8769209384918213,0.21027374267578125,0.5336905717849731,3
1771109406157,0.16090017557144165,0.05051994323730469,0.8504320383071899,3
1771109406241,0.7958171367645264,0.012102127075195312,0.3943638801574707,3
1771109406339,0.19015969336032867,-0.3487377166748047,0.5776276588439941,3
1771109406447,0.03291986137628555,-0.37274837493896484,0.19362783432006836,3
1771109406555,0.6210833787918091,0.5026798248291016,0.5931534767150879,3
1771109406665,0.2971035838127136,0.6925201416015625,0.7398152351379395,3
1771109406773,0.46509087085723877,0.5335884094238281,1.1487421989440918,3
1771109406881,0.024279898032546043,-0.26500988006591797,1.5722987651824951,3
1771109406980,0.21036499738693237,0.14685726165771484,1.963944911956787,3
1771109407083,0.40169721841812134,1.432478904724121,-1.199697494506836,3
1771109407195,-0.5680814385414124,-0.3204841613769531,0.2705070972442627,3
1771109407297,0.11849188059568405,-1.1026086807250977,0.3678469657897949,3
1771109407397,0.16811209917068481,0.11746978759765625,-0.08320307731628418,3
1771109407507,0.39864128828048706,0.8691520690917969,-0.700533390045166,3
1771109407615,-0.3111411929130554,-0.38448238372802734,-2.110692024230957,3
1771109407723,-0.09435013681650162,-0.14186763763427734,-0.5491809844970703,3
1771109407832,-0.6189659833908081,0.1436481475830078,-1.0806467533111572,3
1771109407932,-0.09871377795934677,0.7671165466308594,0.6533682346343994,3
1771109408040,0.1897973269224167,-0.31873512268066406,0.2630922794342041,3
1771109408151,0.23240849375724792,-0.673736572265625,-0.7700557708740234,3
1771109408242,0.43311208486557007,0.15677165985107422,-0.2916114330291748,3
1771109408349,0.13771863281726837,-0.4690265655517578,0.6242365837097168,3
1771109408457,-0.2181779444217682,-0.5427837371826172,-0.2502553462982178,3
1771109408565,0.009682118892669678,0.0816202163696289,-0.8108991384506226,3
1771109408674,0.4134054481983185,-0.756495475769043,-0.9887690544128418,3
1771109408783,-0.2682657241821289,-0.45244789123535156,-0.5617682933807373,3
1771109408883,0.6310593485832214,0.7224922180175781,0.09162378311157227,3
1771109408993,-0.22973811626434326,-0.9191427230834961,-0.7008235454559326,3
1771109409093,-0.4251061975955963,-0.5695304870605469,-1.0165841579437256,3
1771109409200,0.5675820708274841,0.6073827743530273,0.8466639518737793,3
1771109409309,-0.23983736336231232,-0.7817373275756836,-0.6750640869140625,3
1771109409411,0.3312254548072815,-0.2100048065185547,0.03605771064758301,3
1771109409517,-0.22361630201339722,-0.3803577423095703,-0.31963396072387695,3
1771109409617,0.28273195028305054,0.2787046432495117,0.9702777862548828,3
1771109409727,-0.31642377376556396,0.46871471405029297,-0.562760591506958,3
1771109409834,-0.051864564418792725,0.25896453857421875,0.8069872856140137,3
1771109409942,0.5865684151649475,0.03265857696533203,0.15486574172973633,3
1771109410090,-0.6658849120140076,-0.35872554779052734,0.3617105484008789,3
1771109410212,-0.4229261875152588,0.1442270278930664,-0.83675217628479,3
1771109410267,0.06573010981082916,0.1528778076171875,0.0930321216583252,3
1771109410377,-0.613438606262207,-0.038498878479003906,-1.0131895542144775,3
1771109410477,-0.010043740272521973,0.6665658950805664,0.346005916595459,3
1771109410584,-0.047082919627428055,0.1305093765258789,0.239715576171875,3
1771109410685,-0.5483219623565674,-0.5842618942260742,-0.022457599639892578,3
1771109410794,0.4813059866428375,-0.44962024688720703,-0.726259708404541,3
1771109410902,-0.40021154284477234,0.5844554901123047,-0.7967380285263062,3
1771109411009,0.30840158462524414,0.7737007141113281,0.20839643478393555,3
1771109411115,-0.5457908511161804,-0.36568546295166016,-0.4658634662628174,3
1771109411214,-0.7563053369522095,-0.1250619888305664,-1.4612922668457031,3
1771109411318,0.028841577470302582,0.4436492919921875,1.1512157917022705,3
1771109411430,0.15282638370990753,-0.9879665374755859,0.448075532913208,3
1771109411537,-0.12483641505241394,-0.4249458312988281,-1.3606576919555664,3
1771109411644,0.49258312582969666,0.2788066864013672,0.8113768100738525,3
1771109411751,-0.056674227118492126,0.0018968582153320312,-0.06748700141906738,3
1771109411853,0.5909088850021362,0.03942584991455078,1.5052909851074219,3
1771109411960,-0.8221896886825562,-0.082794189453125,-0.1894383430480957,3
1771109412084,0.02406531572341919,-0.13840770721435547,0.33626604080200195,3
1771109412199,0.272416353225708,0.20536422729492188,0.674858570098877,3
1771109412277,0.09435240924358368,-0.12732887268066406,-0.13082098960876465,3
1771109412385,0.25801366567611694,-0.30977630615234375,-0.6450415849685669,3
1771109412486,0.412680983543396,-0.04752635955810547,0.7303378582000732,3
1771109412594,-0.014631040394306183,-0.4322948455810547,-0.4075911045074463,3
1771109412702,0.13251814246177673,0.12143325805664062,0.12589263916015625,3
1771109412803,-0.20022296905517578,-0.4256248474121094,-0.7081214189529419,3
1771109412911,-0.22178274393081665,0.4587860107421875,-0.44182825088500977,3
1771109413020,0.43736153841018677,-0.0908956527709961,0.43340039253234863,3
1771109413120,0.24497608840465546,-0.10790729522705078,-0.16211557388305664,3
1771109413228,-0.5640993118286133,-0.400146484375,-0.5534203052520752,3
1771109413337,0.37644100189208984,-0.23926353454589844,-0.14606046676635742,3
1771109413446,0.05529561638832092,0.19017696380615234,-0.23468780517578125,3
1771109413553,0.2115282118320465,0.028021812438964844,0.9471490383148193,3
1771109413654,0.5302512645721436,0.2573060989379883,0.5162258148193359,3
1771109413763,0.33907046914100647,-0.11976337432861328,0.13121366500854492,3
1771109413863,0.33752936124801636,-0.18175601959228516,-0.07354068756103516,3
1771109413970,-0.15613338351249695,-0.05191230773925781,-0.51674485206604,3
1771109414092,0.6167250871658325,-0.17284297943115234,0.8979349136352539,3
1771109414185,0.02726791799068451,0.07774639129638672,0.06558585166931152,3
1771109414291,0.43191277980804443,-0.035866737365722656,0.6158370971679688,3
1771109414397,0.27287623286247253,0.6490478515625,0.45743346214294434,3
1771109414504,-0.4830585718154907,-0.033565521240234375,-0.27605581283569336,3
1771109414614,0.05518585443496704,-0.35472679138183594,0.702373743057251,3
1771109414721,0.028271034359931946,0.030252456665039062,1.8934173583984375,3
1771109414829,0.249248206615448,-0.07750892639160156,-0.009677648544311523,3
1771109414938,-0.3723326325416565,-0.3891773223876953,-0.7287130355834961,3
1771109415046,0.09444250166416168,0.18075275421142578,0.8139126300811768,3
1771109415147,-0.15549251437187195,-0.25928211212158203,-0.34353137016296387,3
1771109415254,0.38977766036987305,0.34797191619873047,1.2581696510314941,3
1771109415355,0.3294838070869446,0.2893209457397461,0.29336023330688477,3
1771109415464,-0.13579320907592773,0.30959129333496094,0.9981622695922852,3
1771109415572,0.14563319087028503,0.1868438720703125,0.08151030540466309,3
1771109415680,0.24041011929512024,0.004055976867675781,1.0609753131866455,3
1771109415789,0.0884961485862732,0.2972908020019531,0.34923529624938965,3
1771109415897,-0.0506400465965271,-0.36617088317871094,0.7770876884460449,3
1771109416006,-0.4274914860725403,-0.32639122009277344,-0.34821391105651855,3
1771109416107,-0.4843446612358093,0.5362081527709961,-0.6755523681640625,3
1771109416222,-0.02034449577331543,0.577906608581543,0.05963492393493652,3
1771109416323,0.19913943111896515,-0.25133609771728516,-0.022305011749267578,3
1771109416434,-0.48046809434890747,0.0040035247802734375,0.5735440254211426,3
1771109416540,-0.23402488231658936,0.21143341064453125,-0.5728163719177246,3
1771109416649,-0.5597522258758545,-0.8136959075927734,-0.6526758670806885,3
1771109416757,0.11282537877559662,0.08283615112304688,0.1254878044128418,3
1771109416866,-0.2581802308559418,0.06326484680175781,0.17090654373168945,3
1771109416974,0.39106833934783936,-0.0866708755493164,0.0409238338470459,3
1771109417108,0.1305561065673828,-0.437225341796875,0.1509253978729248,3
1771109417196,0.25027722120285034,-0.579564094543457,-1.1872601509094238,3
1771109417291,0.42721956968307495,-0.024565696716308594,0.3516712188720703,3
1771109417391,-0.10963965952396393,-0.063873291015625,-0.18107390403747559,3
1771109417501,-0.25819656252861023,0.14930248260498047,-0.897991418838501,3
1771109417608,0.06356067210435867,-0.3276071548461914,0.26074957847595215,3
1771109417708,0.4278266429901123,0.01658153533935547,0.9112906455993652,3
1771109417816,-0.3757184147834778,-0.8058071136474609,-1.1309858560562134,3
1771109417926,-0.006875038146972656,-0.10524559020996094,0.32830357551574707,3
1771109418034,0.5364012122154236,0.5719976425170898,1.0833146572113037,3
1771109418147,0.22623014450073242,0.26155757904052734,0.5447187423706055,3
1771109418251,0.10030844062566757,0.155517578125,0.37065649032592773,3
1771109418358,0.3356098234653473,-0.3683614730834961,-1.0353693962097168,3
1771109418467,-0.001261286437511444,0.13407325744628906,0.08184123039245605,3
1771109418575,-0.0009367093443870544,-0.1929798126220703,-0.3903021812438965,3
1771109418685,-0.0948641374707222,-0.13637924194335938,-1.0113911628723145,3
1771109418792,0.4089115858078003,-0.1131134033203125,0.12149238586425781,3
1771109418903,0.056300029158592224,0.4903430938720703,0.8977789878845215,3
1771109419009,-0.06029993295669556,0.6407804489135742,0.14491510391235352,3
1771109419118,0.7206994891166687,0.18974685668945312,0.39948606491088867,3
1771109419226,-0.1262371987104416,0.2707395553588867,0.34430766105651855,3
1771109419334,0.1774352490901947,-0.16872024536132812,1.14225435256958,3
1771109419435,-0.23579764366149902,0.2272186279296875,0.06190037727355957,3
1771109419545,-0.07750758528709412,0.3088836669921875,0.5630366802215576,3
1771109419651,0.0888100191950798,0.19507503509521484,0.5799102783203125,3
1771109419753,0.23643022775650024,0.49690914154052734,1.1927757263183594,3
1771109419861,-0.241270050406456,0.1844320297241211,0.19610285758972168,3
1771109419969,0.133971706032753,-0.056054115295410156,-0.3904869556427002,3
1771109420073,0.3304387331008911,-0.3116626739501953,0.7682304382324219,3
1771109420207,-0.2536391615867615,0.047921180725097656,-0.2819948196411133,3
1771109420277,-0.30442070960998535,-0.2791938781738281,-0.15167713165283203,3
1771109420385,-0.49989375472068787,0.10179328918457031,-0.8499631881713867,3
1771109420494,0.26082897186279297,-0.552922248840332,-1.042769193649292,3
1771109420603,-0.2558787763118744,0.09427833557128906,-0.34249138832092285,3
1771109420705,0.30601152777671814,0.2575569152832031,1.1296441555023193,3
1771109420811,0.25210127234458923,-0.27802085876464844,-0.14262104034423828,3
1771109420911,0.2607283294200897,-0.023717880249023438,0.6247842311859131,3
1771109421013,0.39774376153945923,-0.11748790740966797,1.1266698837280273,3
1771109421120,0.8104031085968018,0.23751449584960938,0.5968735218048096,3
1771109421220,-0.17719095945358276,0.22287464141845703,-0.031845808029174805,3
1771109421332,0.545223593711853,-0.4603738784790039,0.08162736892700195,3
1771109421436,-0.7911984920501709,-0.4299154281616211,-0.5599244832992554,3
1771109421537,0.4721747636795044,0.3734893798828125,-0.13559389114379883,3
1771109421645,0.07074844837188721,0.19368457794189453,-0.9102346897125244,3
1771109421747,0.4503176212310791,-0.6674556732177734,-0.6989206075668335,3
1771109421853,0.31635770201683044,0.2826995849609375,0.5611264705657959,3
1771109421962,0.1985105574131012,-0.39752197265625,-0.8376603126525879,3
1771109422072,0.25732719898223877,0.061356544494628906,-0.16722321510314941,3
1771109422184,0.39777442812919617,-0.07315254211425781,0.43999743461608887,3
1771109422288,0.678537905216217,-0.23682212829589844,-0.5654197931289673,3
1771109422395,0.43159639835357666,0.2286062240600586,0.6045436859130859,3
1771109422504,0.4745008647441864,0.10320091247558594,-0.5461994409561157,3
1771109422612,0.29846298694610596,0.2880096435546875,0.4055519104003906,3
1771109422724,0.40874969959259033,-0.04659271240234375,0.326674222946167,3
1771109422829,-0.2178945094347,0.0017299652099609375,-0.44145631790161133,3
1771109422938,0.5991156101226807,0.07393741607666016,0.560683012008667,3
1771109423046,-0.07051260024309158,-0.06762218475341797,0.07508063316345215,3
1771109423147,0.20975647866725922,0.2637443542480469,-0.24657058715820312,3
1771109423255,0.14874880015850067,0.2176046371459961,-0.34004950523376465,3
1771109423364,-0.278342068195343,-0.012380599975585938,-0.8925957679748535,3
1771109423472,-0.036531850695610046,0.2528190612792969,-0.24726331233978271,3
1771109423580,0.35182473063468933,-0.0055065155029296875,-0.280326247215271,3
1771109423689,-0.2809770107269287,-0.05383491516113281,-1.0722382068634033,3
1771109423790,-0.23530204594135284,0.2807426452636719,-0.1634594202041626,3
1771109423898,0.09056522697210312,-0.25830650329589844,-0.0022573471069335938,3
1771109424005,0.12168487161397934,0.10558128356933594,-0.9264898896217346,3
1771109424123,-0.150796577334404,-0.24022293090820312,0.2017587423324585,3
1771109424214,0.012847274541854858,0.1306142807006836,-0.10845947265625,3
1771109424324,0.3128513991832733,-0.1326608657836914,-0.43840980529785156,3
1771109424424,-0.24306081235408783,0.31220436096191406,-1.3460177183151245,3
1771109424533,-0.5621358752250671,0.10660171508789062,-1.2050577402114868,3
1771109424640,0.0895654559135437,-0.2917938232421875,0.03894495964050293,3
1771109424748,0.028468728065490723,-0.27696895599365234,0.8055700063705444,3
1771109424856,-0.07318434119224548,-0.08597660064697266,0.5979938507080078,3
1771109424965,-0.3390594720840454,-0.5130434036254883,0.8325833082199097,3
1771109425076,-0.24554391205310822,0.13947200775146484,-0.2095268964767456,3
1771109425174,0.14060118794441223,0.041152000427246094,-0.058051109313964844,3
1771109425283,0.008171860128641129,0.06436634063720703,-0.4195200204849243,3
1771109425390,0.1465427130460739,0.28106212615966797,1.6073851585388184,3
1771109425492,0.2946041524410248,-0.1136007308959961,1.1771018505096436,3
1771109425601,-0.7668290138244629,-0.14114952087402344,-1.0906319618225098,3
1771109425710,0.29530012607574463,0.05626869201660156,1.6303105354309082,3
1771109425816,-0.5859620571136475,0.05128765106201172,-0.8567841053009033,3
1771109425925,0.2195620834827423,-0.04561424255371094,1.4884822368621826,3
1771109426033,0.1585094928741455,0.29734134674072266,0.2513312101364136,3
1771109426164,-0.21765786409378052,-0.4991884231567383,-0.2648894786834717,3
1771109426241,-0.06482928991317749,0.5267105102539062,1.0297595262527466,3
1771109426342,0.1938878893852234,-0.04817771911621094,0.5766693353652954,3
1771109426450,-0.016834676265716553,-0.05809307098388672,-0.12665581703186035,3
1771109426558,0.38470399379730225,-0.0066547393798828125,1.1215037107467651,3
1771109426660,0.3759545683860779,-0.6151819229125977,0.5697375535964966,3
1771109426767,-0.16340461373329163,0.3119688034057617,0.11129164695739746,3
1771109426868,-0.1637367457151413,-0.2967720031738281,-0.914318323135376,3
1771109426976,-0.14116163551807404,-0.1086721420288086,0.3378843069076538,3
1771109427117,-0.027251824736595154,0.019600868225097656,0.878930926322937,3
1771109427189,-0.12224170565605164,-0.5158529281616211,0.38970768451690674,3
1771109427293,0.7758747339248657,0.45797157287597656,1.4863144159317017,3
1771109427393,-0.12486232817173004,0.08100223541259766,0.5144913196563721,3
1771109427502,-0.3641967177391052,-0.48966407775878906,-0.748957633972168,3
1771109427611,0.20845015347003937,-0.5358123779296875,0.26799511909484863,3
1771109427719,0.6610282063484192,0.4422492980957031,0.23276770114898682,3
1771109427826,-0.06885865330696106,-0.3802824020385742,-0.29765939712524414,3
1771109427935,0.19332703948020935,-0.6637163162231445,1.1289252042770386,3
1771109428043,-0.7558932304382324,0.5164098739624023,-0.2249685525894165,3
1771109428146,0.029936164617538452,-0.657313346862793,1.3642404079437256,3
1771109428253,0.18928831815719604,-0.02051258087158203,-0.20193207263946533,3
1771109428364,-0.06543900072574615,0.4726085662841797,0.7802771329879761,3
1771109428470,-0.061199769377708435,0.22126293182373047,1.0978600978851318,3
1771109428571,-0.20575383305549622,0.5835170745849609,-1.0209898948669434,3
1771109428677,-1.030252456665039,0.16176223754882812,-0.7111177444458008,3
1771109428785,0.7533074021339417,0.03100299835205078,1.3441429138183594,3
1771109428888,-0.2939736545085907,-0.022073745727539062,-0.7411869764328003,3
1771109428996,0.17163512110710144,-0.36214542388916016,0.11848747730255127,3
1771109429120,0.347170889377594,-0.09122085571289062,1.7208482027053833,3
1771109429203,-0.33276885747909546,-0.3761005401611328,-1.1127738952636719,3
1771109429311,0.17157569527626038,0.1048593521118164,0.31659960746765137,3
1771109429419,-0.21873098611831665,0.08162879943847656,0.024013519287109375,3
1771109429528,0.2836509943008423,-0.05668449401855469,1.1786099672317505,3
1771109429638,0.17146438360214233,0.07558345794677734,-1.2421280145645142,3
1771109429745,-0.8684122562408447,-0.13845539093017578,-1.6987123489379883,3
1771109429853,-0.20620781183242798,0.1940450668334961,-1.145878791809082,3
1771109429954,0.14604248106479645,-0.27205848693847656,0.804168701171875,3
1771109430063,-0.1675819754600525,0.23902130126953125,-0.1328967809677124,3
1771109430171,0.030228018760681152,-0.21672439575195312,1.0589864253997803,3
1771109430279,0.7409414052963257,-0.248077392578125,0.9288939237594604,3
1771109430387,-0.11197683960199356,0.16202640533447266,-0.39104199409484863,3
1771109430496,-0.03361125290393829,0.1667633056640625,0.060376524925231934,3
1771109430605,-0.6104694604873657,0.3452720642089844,-0.19336819648742676,3
1771109430713,0.23544606566429138,0.039200782775878906,0.09049749374389648,3
1771109430821,0.3535709083080292,0.0909719467163086,0.9578105211257935,3
1771109430929,-0.3013712763786316,-0.32062339782714844,0.03240180015563965,3
1771109431030,0.6196184754371643,-0.013471603393554688,0.6100337505340576,3
1771109431165,0.9772940278053284,-0.13789939880371094,1.5745652914047241,3
1771109431246,-0.1636991649866104,0.16150951385498047,-0.06523919105529785,3
1771109431347,0.16332769393920898,-0.14152908325195312,1.101331114768982,3
1771109431456,0.23452115058898926,-0.009089469909667969,0.13885045051574707,3
1771109431564,-0.032695867121219635,0.21062755584716797,-0.1905667781829834,3
1771109431673,0.34095320105552673,-0.674224853515625,0.4220813512802124,3
1771109431780,0.15428264439105988,0.0026721954345703125,-0.12256026268005371,3
1771109431882,-0.29581794142723083,-0.8110580444335938,0.06810665130615234,3
1771109431991,0.2859964370727539,0.011086463928222656,0.815025806427002,3
1771109432116,0.5694538950920105,-0.16534709930419922,1.4003310203552246,3
1771109432204,0.10612942278385162,-0.37819576263427734,0.4433603286743164,3
1771109432307,0.10971030592918396,-0.09814929962158203,0.2472543716430664,3
1771109432410,0.48967885971069336,0.31484317779541016,1.4928607940673828,3
1771109432517,-0.1688833236694336,0.1623401641845703,-0.6832945346832275,3
1771109432624,0.051072947680950165,-0.19567108154296875,0.10034823417663574,3
1771109432734,0.9382712841033936,0.40543079376220703,0.9207463264465332,3
1771109432833,0.34365978837013245,-0.8359861373901367,1.4966068267822266,3
1771109432940,0.08110244572162628,-0.5250740051269531,1.1138122081756592,3
1771109433048,0.12144497036933899,0.5760602951049805,0.4197835922241211,3
1771109433160,0.12741464376449585,0.4794158935546875,0.29038095474243164,3
1771109433257,-0.07354635000228882,-0.08772659301757812,0.03244423866271973,3
1771109433366,-0.1535528600215912,0.02086162567138672,-0.2593386173248291,3
1771109433474,0.3033432066440582,0.0120697021484375,0.6336398124694824,3
1771109433582,0.47870367765426636,0.021409988403320312,1.1355218887329102,3
1771109433691,0.141945481300354,-0.4356727600097656,-0.8892669677734375,3
1771109433792,0.21956707537174225,-0.012247085571289062,0.9550657272338867,3
1771109433901,-0.1572209894657135,0.14349651336669922,0.6018626689910889,3
1771109434008,-0.3142731785774231,-0.1302032470703125,0.33766889572143555,3
1771109434185,-0.3705856204032898,-0.07149982452392578,0.13181638717651367,3
1771109434217,-0.2388736754655838,0.1632680892944336,-0.06080055236816406,3
1771109434317,0.0706397294998169,0.1639728546142578,0.0036394596099853516,3
1771109434426,-0.24785953760147095,-0.2433309555053711,0.6553304195404053,3
1771109434534,-0.15576842427253723,-0.3963279724121094,0.37112903594970703,3
1771109434642,0.19686570763587952,0.03902149200439453,0.7780392169952393,3
1771109434743,-0.2833487391471863,-0.011211395263671875,0.2662529945373535,3
1771109434850,-0.0032193660736083984,0.29630184173583984,0.7572166919708252,3
1771109434953,-0.31451982259750366,-0.623387336730957,-0.7066175937652588,3
1771109435054,0.4679889976978302,-0.18411636352539062,-0.39992523193359375,3
1771109435173,-0.4658832550048828,-0.02177715301513672,-0.11604952812194824,3
1771109435261,-0.4628046154975891,0.13602924346923828,-1.1067789793014526,3
1771109435368,-0.3563172221183777,-0.16240787506103516,0.15533137321472168,3
1771109435468,0.2177477777004242,0.21432971954345703,1.0606434345245361,3
1771109435576,0.34541022777557373,-0.11827945709228516,-1.1812952756881714,3
1771109435684,-0.1802442967891693,0.17481422424316406,-0.6599242687225342,3
1771109435785,0.21545925736427307,-0.5649681091308594,0.2768428325653076,3
1771109435893,0.05712446570396423,-0.1044473648071289,-0.054457664489746094,3
1771109436002,0.14796674251556396,0.017297744750976562,0.8847272396087646,3
1771109436162,-0.0964653342962265,0.05843639373779297,-0.5402342081069946,3
1771109436221,0.08495654165744781,-0.27165889739990234,0.09274959564208984,3
1771109436327,-0.46666640043258667,-0.11432170867919922,-0.3646162748336792,3
1771109436438,0.06383828073740005,-0.549229621887207,-0.25670456886291504,3
1771109436545,-0.32529500126838684,-0.29340648651123047,-1.0126748085021973,3
1771109436656,-0.2814437747001648,0.3467864990234375,-0.4845547676086426,3
1771109436761,-0.45177900791168213,-0.5177364349365234,-0.23259520530700684,3
1771109436861,-0.4495047330856323,-0.2794027328491211,0.4955439567565918,3
1771109436972,-0.028176378458738327,-0.20777511596679688,-0.26326513290405273,3
1771109437070,0.03857499733567238,0.055202484130859375,0.7503888607025146,3
1771109437202,0.5203527808189392,-0.1342601776123047,2.633383274078369,3
1771109437288,-0.08099646121263504,-0.0842599868774414,0.3490399122238159,3
1771109437395,-0.17495986819267273,0.11350059509277344,-1.213118314743042,3
1771109437503,0.0169055312871933,-0.7656536102294922,-0.648695707321167,3
1771109437606,-0.41082313656806946,-0.11821174621582031,-0.10212171077728271,3
1771109437712,-0.5256170034408569,0.010365486145019531,-0.855795681476593,3
1771109437820,-0.10398253798484802,0.18213748931884766,-0.40979301929473877,3
1771109437929,-0.18547630310058594,0.2568960189819336,1.5964405536651611,3
1771109438037,-0.5620661973953247,0.03133583068847656,-0.36168599128723145,3
1771109438145,-0.35682356357574463,-0.1118783950805664,-0.3396831750869751,3
1771109438247,-0.004438832402229309,-0.018390655517578125,-0.3652503490447998,3
1771109438355,-0.17169727385044098,0.5894079208374023,-1.2745552062988281,3
1771109438463,0.12312858551740646,-0.2753019332885742,0.6197248697280884,3
1771109438572,0.17273856699466705,0.7145366668701172,0.8931347131729126,3
1771109438672,0.0717862993478775,-0.5029792785644531,0.4502580165863037,3
1771109438780,-0.230194553732872,0.4400300979614258,-0.47493910789489746,3
1771109438880,0.024364709854125977,-0.5625181198120117,0.5644795894622803,3
1771109438988,0.3002523183822632,0.1943197250366211,0.6029356718063354,3
1771109439088,-0.05207756906747818,-0.25247955322265625,0.46632468700408936,3
1771109439198,0.4151564836502075,0.32168102264404297,0.6119402647018433,3
1771109439305,0.45884594321250916,-0.10487937927246094,0.26001477241516113,3
1771109439414,-0.17416948080062866,-0.0010881423950195312,0.2595263719558716,3
1771109439519,-0.20830515027046204,-0.024786949157714844,1.7032138109207153,3
1771109439622,0.2858138978481293,-0.1782550811767578,-0.1661512851715088,3
1771109439730,-0.510393500328064,0.3198537826538086,0.7765229940414429,3
1771109439832,0.2549412250518799,-0.30203723907470703,-1.039079189300537,3
1771109439939,-0.2276138961315155,0.1655750274658203,0.6462762355804443,3
1771109440040,-0.06740400195121765,-0.12886714935302734,0.7485792636871338,3
1771109440192,0.29211390018463135,-0.2595405578613281,-0.7042871713638306,3
1771109440256,-0.4115849733352661,-0.067596435546875,0.9851789474487305,3
1771109440365,0.11951874196529388,-0.1791677474975586,-1.009554386138916,3
1771109440465,0.027890311554074287,-0.2714052200317383,0.06418836116790771,3
1771109440574,-0.31818893551826477,0.024552345275878906,-0.9939792156219482,3
1771109440675,-0.19218821823596954,-0.3109550476074219,-0.09057199954986572,3
1771109440782,0.04974566772580147,-0.25986289978027344,1.6112858057022095,3
1771109440891,0.20456254482269287,-0.26935482025146484,-0.3632373809814453,3
1771109440998,0.015103727579116821,0.31286048889160156,-0.38482820987701416,3
1771109441100,0.25618112087249756,0.4963722229003906,-0.3738948106765747,3
1771109441214,-0.6558048129081726,0.16137123107910156,0.8097035884857178,3
1771109441316,0.28009718656539917,0.19963932037353516,0.8429327011108398,3
1771109441416,-0.8037024736404419,-0.39290904998779297,-0.6456137895584106,3
1771109441524,0.11450754106044769,0.22827720642089844,0.22655081748962402,3
1771109441626,-0.19290611147880554,-0.2047128677368164,0.6494958400726318,3
1771109441733,-0.09917862713336945,-0.4429922103881836,-0.04918646812438965,3
1771109441841,-0.018451880663633347,-0.07809066772460938,-0.5224628448486328,3
1771109441942,0.0016548559069633484,-0.5602073669433594,1.3248231410980225,3
1771109442050,-0.25319400429725647,0.11628341674804688,-0.48322153091430664,3
1771109442184,0.7799537777900696,-0.05299949645996094,0.3693115711212158,3
1771109442259,-0.1526643931865692,-0.2615499496459961,-1.097490906715393,3
1771109442368,-0.4203062653541565,-0.15941429138183594,-0.690320611000061,3
1771109442476,0.0773177519440651,0.2790346145629883,-0.7829313278198242,3
1771109442584,-0.00655778031796217,0.2703685760498047,-1.5175108909606934,3
1771109442693,0.22562876343727112,-0.3317995071411133,-0.32674944400787354,3
1771109442802,-0.7119498252868652,0.2364368438720703,-0.3060140609741211,3
1771109442910,0.5246370434761047,-0.018439292907714844,1.524387240409851,3
1771109443010,0.4138726592063904,0.6473894119262695,1.7871739864349365,3
1771109443173,0.06770513206720352,0.05023765563964844,-0.24423229694366455,3
1771109443227,0.08524365723133087,-0.1426868438720703,0.5167860984802246,3
1771109443334,-0.6599274277687073,-0.3818359375,0.2874641418457031,3
1771109443443,-0.18936583399772644,-0.16132736206054688,-0.03427255153656006,3
1771109443551,0.243804931640625,-0.12147235870361328,1.853832721710205,3
1771109443660,-0.4384511113166809,-0.23711395263671875,-0.384208083152771,3
1771109443769,0.10045692324638367,0.27466678619384766,0.13229918479919434,3
1771109443878,0.15322405099868774,0.3188667297363281,0.7653032541275024,3
1771109443993,0.05756053328514099,0.1773061752319336,0.3356640338897705,3
1771109444165,-0.30915993452072144,0.7061405181884766,0.6398457288742065,3
1771109444197,0.29315122961997986,-0.512939453125,0.9571363925933838,3
1771109444302,0.07797929644584656,-0.345611572265625,0.7081763744354248,3
1771109444411,0.0834290012717247,-0.005871772766113281,-0.3784061670303345,3
1771109444511,-0.14797097444534302,-0.24212360382080078,0.9040844440460205,3
1771109444613,0.2055729329586029,-0.1409626007080078,0.8659932613372803,3
1771109444713,0.5951579213142395,0.2550954818725586,0.73667311668396,3
1771109444820,0.12769781053066254,-0.44994163513183594,0.5931136608123779,3
1771109444932,0.03989240899682045,0.17769336700439453,0.9408609867095947,3
1771109445036,-0.48911115527153015,-0.46369075775146484,-0.5295810699462891,3
1771109445188,0.16829141974449158,-0.011178016662597656,-0.2608633041381836,3
1771109445253,0.12424629926681519,-0.1432199478149414,-0.7939910888671875,3
1771109445361,0.17789238691329956,-0.09516716003417969,0.4297921657562256,3
1771109445469,-0.1562143713235855,-0.2827434539794922,-0.9575409889221191,3
1771109445571,-0.6752977967262268,-0.6354150772094727,-1.2221039533615112,3
1771109445678,-0.05322194844484329,0.3504362106323242,0.4595153331756592,3
1771109445787,-0.0917556956410408,-0.15970134735107422,0.7661893367767334,3
1771109445895,0.295305460691452,-0.6342611312866211,-0.5286102294921875,3
1771109445996,0.2870327830314636,-0.34935569763183594,-0.1931900978088379,3
1771109446155,-0.5070881843566895,0.45481395721435547,-0.6594600677490234,3
1771109446205,0.3322387933731079,-0.3025550842285156,-0.12654924392700195,3
1771109446315,-0.13301287591457367,-0.059876441955566406,0.8843564987182617,3
1771109446422,0.6607062220573425,0.6085710525512695,1.6862421035766602,3
1771109446532,0.26148083806037903,0.8928260803222656,0.3894796371459961,3
1771109446638,-0.059876978397369385,-0.8386373519897461,-1.2243486642837524,3
1771109446749,0.24659378826618195,0.13511371612548828,-0.7571239471435547,3
1771109446847,0.5534269213676453,-0.3969736099243164,0.29050540924072266,3
1771109446955,0.771308422088623,0.6600151062011719,1.8846304416656494,3
1771109447055,0.05143110454082489,-0.1774616241455078,-0.65684974193573,3
1771109447166,0.4983746111392975,0.5977325439453125,1.4677276611328125,3
1771109447272,0.12317268550395966,0.024344444274902344,2.122968912124634,3
1771109447380,0.5219929814338684,0.038224220275878906,-0.19118165969848633,3
1771109447489,0.017476782202720642,0.1491107940673828,0.7379820346832275,3
1771109447589,-0.5831669569015503,0.011754989624023438,-0.7698566913604736,3
1771109447700,0.2619500756263733,-0.35269927978515625,1.1187081336975098,3
1771109447805,-0.5656958818435669,0.2557363510131836,-0.17176008224487305,3
1771109447915,0.03082999587059021,0.011036872863769531,-0.030366897583007812,3
1771109448015,0.22086116671562195,0.500849723815918,1.1345939636230469,3
1771109448121,-0.12953197956085205,-0.2616453170776367,0.29248523712158203,3
1771109448222,0.02641335129737854,0.1564617156982422,-0.08877730369567871,3
1771109448331,-0.6074270009994507,-0.12276649475097656,-0.8316166400909424,3
1771109448440,0.1403576135635376,0.1391582489013672,0.9498136043548584,3
1771109448542,0.20362892746925354,0.35780906677246094,0.5621228218078613,3
1771109448650,-0.026827573776245117,-0.0762796401977539,-0.5537796020507812,3
1771109448757,0.3150961399078369,0.06136894226074219,0.9351394176483154,3
1771109448858,-0.20691485702991486,0.2808113098144531,-0.19188189506530762,3
1771109448968,0.2952010929584503,-0.09975528717041016,1.2789607048034668,3
1771109449075,-0.10770641267299652,0.06663131713867188,0.3578505516052246,3
1771109449194,-0.06352066993713379,0.1919269561767578,-0.9904682636260986,3
1771109449283,-0.03150162100791931,-0.038977622985839844,0.01926255226135254,3
1771109449391,0.7008554935455322,0.483245849609375,-0.6850512027740479,3
1771109449504,-0.5137321949005127,-0.017334938049316406,-0.867182731628418,3
1771109449608,0.523438572883606,0.4007081985473633,0.9753220081329346,3
1771109449716,-0.1617336869239807,0.6894083023071289,0.6635212898254395,3
1771109449824,-0.28191715478897095,-0.2995624542236328,-0.9881727695465088,3
1771109449926,0.21318864822387695,0.09250354766845703,0.781365156173706,3
1771109450032,-0.1876755952835083,-0.2616434097290039,-1.6845895051956177,3
1771109450190,0.0717335045337677,0.7336368560791016,0.651970386505127,3
1771109450241,-0.13774237036705017,-0.2770557403564453,0.1682136058807373,3
1771109450342,0.054978787899017334,-0.06442737579345703,-0.561680793762207,3
1771109450452,0.012167394161224365,-0.2304544448852539,0.28963756561279297,3
1771109450558,0.07751166820526123,-0.17041778564453125,-0.3554403781890869,3
1771109450659,0.24480193853378296,0.11381149291992188,0.6107499599456787,3
1771109450767,0.06950560212135315,0.11580562591552734,-0.6003322601318359,3
1771109450876,0.004447042942047119,0.22868061065673828,-0.16342997550964355,3
1771109450986,0.01936131715774536,0.348297119140625,0.21715545654296875,3
1771109451091,-0.14713743329048157,0.4379158020019531,0.46739625930786133,3
1771109451194,0.10095295310020447,0.1774587631225586,0.4568619728088379,3
1771109451303,-0.2060515284538269,-0.060477256774902344,-0.7526793479919434,3
1771109451409,-0.11738526821136475,0.1774616241455078,-0.03686976432800293,3
1771109451520,-0.4125225245952606,0.2923851013183594,-1.0724166631698608,3
1771109451626,0.6129540801048279,0.1621551513671875,1.4024066925048828,3
1771109451735,-0.4544914662837982,-0.3921165466308594,-1.0782177448272705,3
1771109451844,0.016843080520629883,-0.4686746597290039,-0.018770933151245117,3
1771109451951,0.18496516346931458,0.2848672866821289,-0.4657478332519531,3
1771109452060,-0.3992138206958771,0.9976396560668945,-0.19142484664916992,3
1771109452180,-0.04318895936012268,0.16242694854736328,-0.031685590744018555,3
1771109452276,-0.20312657952308655,-0.4732370376586914,-0.02077317237854004,3
1771109452386,0.2599891126155853,0.26960277557373047,0.04909634590148926,3
1771109452486,-0.47251251339912415,-0.1153116226196289,-0.1928257942199707,3
1771109452593,0.04996854066848755,-0.06194019317626953,0.1624298095703125,3
1771109452702,0.5838049054145813,-0.1900348663330078,0.9860522747039795,3
1771109452815,0.041758954524993896,-0.6631641387939453,-0.9163234233856201,3
1771109452919,-0.11681070923805237,0.8281307220458984,0.9625489711761475,3
1771109453027,0.06450200080871582,0.0011749267578125,1.130406379699707,3
1771109453241,-0.3768525719642639,0.25043487548828125,0.7101850509643555,3
1771109453241,-0.3768525719642639,0.25043487548828125,0.7101850509643555,3
1771109453344,-0.09630069136619568,-0.12529277801513672,-0.059830427169799805,3
1771109453453,-0.15800189971923828,-0.3045482635498047,-0.4108297824859619,3
1771109453561,-0.38889992237091064,0.371612548828125,0.6330711841583252,3
1771109453662,0.369125634431839,0.39818572998046875,0.26494312286376953,3
1771109453770,-0.7859984040260315,-0.22727298736572266,-1.911306619644165,3
1771109453870,0.09530484676361084,-0.010607719421386719,0.5885775089263916,3
1771109453981,-0.3304857909679413,-0.2022409439086914,-1.7392281293869019,3
1771109454087,-0.12638571858406067,-0.4772796630859375,-0.30083250999450684,3
1771109454195,-0.20875707268714905,0.17422962188720703,1.0078747272491455,3
1771109454304,0.01995590329170227,-0.3593883514404297,0.012013435363769531,3
1771109454412,0.4080864489078522,0.6690864562988281,0.8290541172027588,3
1771109454522,-0.13464301824569702,-0.2744455337524414,0.10047674179077148,3
1771109454629,-0.06198123097419739,0.41765689849853516,0.4913768768310547,3
1771109454738,0.4645264148712158,-0.18224525451660156,-1.226401686668396,3
1771109454846,0.4288853406906128,0.5074195861816406,1.2610055208206177,3
1771109454959,0.3026536703109741,0.7439441680908203,0.6888737678527832,3
1771109455063,-0.2674291133880615,-0.33307838439941406,-0.014087438583374023,3
1771109455182,-0.1810775101184845,-0.32410621643066406,-1.0103877782821655,3
1771109455289,0.20038923621177673,0.21091365814208984,0.22636020183563232,3
1771109455381,0.6517056226730347,-0.32893848419189453,1.046579360961914,3
1771109455489,-0.2517436742782593,0.03828144073486328,0.7936774492263794,3
1771109455597,0.48056161403656006,0.5005588531494141,-0.09286141395568848,3
1771109455705,0.558685302734375,0.1448221206665039,0.9150912761688232,3
1771109455813,0.1170361340045929,-0.007958412170410156,0.18080437183380127,3
1771109455923,-0.6177878379821777,0.15308380126953125,-0.8017110824584961,3
1771109456033,-0.09381049871444702,-0.1737680435180664,-0.23414194583892822,3
1771109456161,0.20997413992881775,0.050469398498535156,-1.2527596950531006,3
1771109456283,0.2653997242450714,-0.1596050262451172,-0.24259555339813232,3
1771109456356,0.1586836278438568,0.3243827819824219,1.3608317375183105,3
1771109456464,0.38358667492866516,-0.03476238250732422,0.3296109437942505,3
1771109456576,-0.3604726791381836,0.043959617614746094,-0.8742969632148743,3
1771109456683,0.1605510711669922,0.0014476776123046875,0.24269235134124756,3
1771109456790,-0.04282137751579285,-0.14972972869873047,0.44895410537719727,3
1771109456891,-0.041105806827545166,0.12335968017578125,-0.04022014141082764,3
1771109456998,0.1328144073486328,0.10128211975097656,0.6206214427947998,3
1771109457106,-0.32483795285224915,0.041769981384277344,1.09648597240448,3
1771109457220,0.39570432901382446,0.6473264694213867,2.420226573944092,3
1771109457483,-0.17695409059524536,0.8710832595825195,0.4735795259475708,3
1771109457486,-0.17695409059524536,0.8710832595825195,0.4735795259475708,3
1771109457533,-0.08371186256408691,0.1484661102294922,0.8077000379562378,3
1771109457650,-0.0015058815479278564,-0.2617683410644531,0.8557248115539551,3
1771109457795,-0.1449050009250641,0.24370574951171875,-0.3018442392349243,3
1771109457862,-0.05231383442878723,-0.1384744644165039,-0.9676275253295898,3
1771109457966,-0.4133962094783783,0.09061145782470703,-0.8341642022132874,3
1771109458069,0.7698248624801636,-0.2653665542602539,-0.01887679100036621,3
1771109458177,0.08862751722335815,0.5409307479858398,0.316428542137146,3
1771109458282,0.1002797782421112,-0.1526470184326172,-0.29537129402160645,3
1771109458397,0.2801682651042938,0.3085470199584961,-1.0020315647125244,3
1771109458494,-0.030990779399871826,-0.21402835845947266,0.6487858295440674,3
1771109458604,-0.40042757987976074,0.09400463104248047,0.029891371726989746,3
1771109458708,1.0902454853057861,0.5131387710571289,0.6339931488037109,3
1771109458812,0.12283414602279663,-0.0843505859375,0.5032932758331299,3
1771109458916,0.12283414602279663,-0.0843505859375,0.5032932758331299,3
1771109459031,0.5625614523887634,-0.012955665588378906,0.8545706272125244,3
1771109459238,0.4243530333042145,0.30321788787841797,1.59998619556427,3
1771109459292,-0.01484420895576477,0.16271209716796875,1.109912633895874,3
1771109459355,0.24622789025306702,-0.35662364959716797,-0.3417779803276062,3
1771109459460,-0.3523256182670593,-0.1433696746826172,-0.8434931039810181,3
1771109459577,-0.3113710284233093,0.013936042785644531,-0.37983059883117676,3
1771109459674,0.13939142227172852,0.034760475158691406,0.721305251121521,3
1771109459790,0.38259491324424744,0.12429332733154297,1.0176174640655518,3
1771109459891,0.38259491324424744,0.12429332733154297,1.0176174640655518,3
1771109459992,0.38259491324424744,0.12429332733154297,1.0176174640655518,3
1771109460095,-0.42912203073501587,0.6049213409423828,0.9357481002807617,3
1771109460213,-0.08386808633804321,0.08152103424072266,-0.435522198677063,3
1771109460302,-0.17703434824943542,-0.09078025817871094,0.555702805519104,3
1771109460410,-0.5383098125457764,0.12035942077636719,-0.35237574577331543,3
1771109460510,0.16881388425827026,-0.31950950622558594,0.7960662841796875,3
1771109460619,-0.7417995929718018,0.3173055648803711,-0.3790395259857178,3
1771109460729,0.32450777292251587,0.10533428192138672,-0.47368013858795166,3
1771109460837,0.189680814743042,0.16842269897460938,-0.1848379373550415,3
1771109460936,0.15765583515167236,-0.5030021667480469,1.1196523904800415,3
1771109461038,0.27437257766723633,0.3775749206542969,0.7185707092285156,3
1771109461185,0.31095099449157715,-0.35739898681640625,-0.04656338691711426,3
1771109461290,0.1736888885498047,-0.7489957809448242,0.37671399116516113,3
1771109461361,0.16319334506988525,-0.3442039489746094,-0.7485525608062744,3
1771109461461,-0.2562752962112427,-0.8588943481445312,-0.09247279167175293,3
1771109461571,0.5147045254707336,-0.26857948303222656,0.0509953498840332,3
1771109461679,-0.05314213037490845,-0.043609619140625,0.032437801361083984,3
1771109461786,-0.24602249264717102,0.1314992904663086,-0.2026674747467041,3
1771109461894,0.17463982105255127,0.5389118194580078,-0.23775172233581543,3
1771109462003,0.27935725450515747,0.1748676300048828,0.06334900856018066,3
1771109462112,0.06798559427261353,-0.4497671127319336,0.39118385314941406,3
1771109462303,0.1750444769859314,0.09756755828857422,0.7890620231628418,3
1771109462365,-0.45927324891090393,-0.345672607421875,-0.0558466911315918,3
1771109462436,0.31322264671325684,-0.2817392349243164,1.046598196029663,3
1771109462546,-0.24535465240478516,-0.8041706085205078,-0.8352341651916504,3
1771109462654,0.08035558462142944,0.027601242065429688,0.63694167137146,3
1771109462764,0.11637932062149048,0.10023021697998047,0.7450740337371826,3
1771109462871,0.6004948019981384,0.3506050109863281,0.8243420124053955,3
1771109462973,-0.17927581071853638,0.24089431762695312,0.20592856407165527,3
1771109463081,-0.04631525278091431,0.3164386749267578,0.31413960456848145,3
1771109463243,-0.1543794572353363,0.40637683868408203,1.5284597873687744,3
1771109463300,0.40967047214508057,0.1982870101928711,1.72908616065979,3
1771109463406,0.0519261360168457,0.10239315032958984,0.49617671966552734,3
1771109463516,-0.03884655237197876,-0.6001663208007812,0.3183863162994385,3
1771109463623,0.19676923751831055,0.08570480346679688,-0.1153109073638916,3
1771109463730,-0.1639222800731659,0.44592857360839844,-0.714309573173523,3
1771109463838,0.24825620651245117,0.37108325958251953,-0.7317466735839844,3
1771109463965,-0.34078818559646606,-0.3698596954345703,-1.611689805984497,3
1771109464054,0.7377231121063232,0.14671897888183594,1.688577651977539,3
1771109464236,-0.75864577293396,0.1398153305053711,-0.5033986568450928,3
1771109464292,0.17745503783226013,0.021950721740722656,0.3708360195159912,3
1771109464356,-0.29978662729263306,0.08874988555908203,-1.4004058837890625,3
1771109464459,0.7885713577270508,-0.04609394073486328,1.4959702491760254,3
1771109464557,-0.5894792675971985,0.12362384796142578,-0.09492850303649902,3
1771109464664,0.7513867616653442,-0.5641937255859375,1.0052326917648315,3
1771109464773,0.32086965441703796,-0.17477798461914062,-0.5397191047668457,3
1771109464881,0.7753008604049683,-0.06620216369628906,0.5575577020645142,3
1771109464985,0.06586232781410217,-0.23422813415527344,-0.4620288610458374,3
1771109465187,-0.18698489665985107,0.40135669708251953,-1.1506037712097168,3
1771109465245,-0.4280012845993042,0.08682060241699219,-0.42093992233276367,3
1771109465299,0.2149631381034851,-0.2490558624267578,0.34294593334198,3
1771109465410,-0.04843449592590332,0.24161434173583984,0.2956658601760864,3
1771109465515,0.09379786252975464,-0.045416831970214844,-0.5394819974899292,3
1771109465617,-0.1346290409564972,-0.3341636657714844,-0.7934479713439941,3
1771109465724,-0.24606788158416748,-0.3318634033203125,-0.20529508590698242,3
1771109465832,-0.4069206118583679,-0.24538421630859375,-0.6960039138793945,3
1771109465942,0.022399187088012695,0.3082733154296875,1.7073715925216675,3
1771109466045,0.13684630393981934,-0.2531604766845703,0.40024662017822266,3
1771109466240,0.24876326322555542,0.13219451904296875,1.0679850578308105,3
1771109466278,0.28994643688201904,0.749847412109375,0.1867666244506836,3
1771109466365,0.269195556640625,-0.13634777069091797,-0.2297888994216919,3
1771109466475,0.49114280939102173,0.5415468215942383,0.3310551643371582,3
1771109466591,-0.05126732587814331,-0.5727787017822266,0.6583366394042969,3
1771109466730,-0.839278519153595,0.3204660415649414,-0.6232421398162842,3
1771109466792,0.6639482975006104,0.026183128356933594,-0.08719301223754883,3
1771109466891,-0.18315556645393372,-0.6080923080444336,1.161498785018921,3
1771109467002,0.0019089579582214355,0.04348468780517578,0.914447546005249,3
1771109467108,-0.25246095657348633,0.5983343124389648,0.3083345890045166,3
1771109467217,0.12234210968017578,-0.8683567047119141,0.26912379264831543,3
1771109467317,-0.8483142852783203,-0.702509880065918,-1.0093281269073486,3
1771109467425,0.7351115942001343,0.16891860961914062,0.3684499263763428,3
1771109467534,-0.775091290473938,0.23863506317138672,0.6424570083618164,3
1771109467642,0.6365192532539368,0.774022102355957,-0.2988107204437256,3
1771109467751,-0.301392138004303,-0.5286502838134766,-0.13842034339904785,3
1771109467860,0.14256298542022705,-0.5964136123657227,-0.35283875465393066,3
1771109467968,0.2911284565925598,0.7876224517822266,0.2111048698425293,3
1771109468076,-0.12682980298995972,0.2671995162963867,0.184736967086792,3
1771109468213,0.7123811841011047,0.5005598068237305,1.6892223358154297,3
1771109468285,0.5197862982749939,0.09646797180175781,1.2985479831695557,3
1771109468386,0.2580687999725342,-0.3972911834716797,-0.03944659233093262,3
1771109468493,0.024619698524475098,-0.41040611267089844,0.6189854145050049,3
1771109468604,0.08841776847839355,0.7557411193847656,-0.05887913703918457,3
1771109468712,-0.1017903983592987,-0.6688394546508789,0.07023453712463379,3
1771109468820,-0.44976484775543213,-0.12331295013427734,-0.24833345413208008,3
1771109468926,0.24748677015304565,-0.5345211029052734,1.4273419380187988,3
1771109469035,0.20820164680480957,0.08098316192626953,0.23057150840759277,3
1771109469136,-0.37612056732177734,0.14496898651123047,0.06720614433288574,3
1771109469244,0.04171210527420044,-0.5152359008789062,-0.02780318260192871,3
1771109469353,-0.429461807012558,-0.8342208862304688,-0.33081483840942383,3
1771109469462,-0.09197816252708435,-0.7559099197387695,0.14995670318603516,3
1771109469567,0.18526610732078552,0.4745063781738281,0.47751450538635254,3
1771109469669,0.42393723130226135,0.5748500823974609,1.6844723224639893,3
1771109469778,-0.4147045910358429,-0.6796903610229492,0.2698647975921631,3
1771109469886,0.5178574323654175,0.2047710418701172,0.1224067211151123,3
1771109469995,0.26664841175079346,0.06958484649658203,-1.0858670473098755,3
1771109470133,0.2424483299255371,-0.22433948516845703,0.36240696907043457,3
1771109470206,0.5977287292480469,-0.07632255554199219,0.07208895683288574,3
1771109470312,0.2766212522983551,-0.3845386505126953,0.36071085929870605,3
1771109470421,0.3090554475784302,-0.02318286895751953,0.36492919921875,3
1771109470530,-0.29157930612564087,-0.5017538070678711,-0.8073368072509766,3
1771109470629,0.528373122215271,0.42734241485595703,-0.7024998664855957,3
1771109470737,0.1095813512802124,-0.3014707565307617,0.7801122665405273,3
1771109470840,0.4094008505344391,-0.12742328643798828,-0.5603184700012207,3
1771109470946,-0.13487198948860168,0.160430908203125,0.2453293800354004,3
1771109471054,0.2650967836380005,-0.026062965393066406,0.43302083015441895,3
1771109471187,0.006327033042907715,0.23170757293701172,-0.49330615997314453,3
1771109471271,0.08553224802017212,0.5040073394775391,0.12880897521972656,3
1771109471373,0.013463258743286133,-0.09858417510986328,-0.024967670440673828,3
1771109471480,-0.17721670866012573,0.2176685333251953,0.9711549282073975,3
1771109471591,0.006003201007843018,-0.585453987121582,0.11501455307006836,3
1771109471697,0.5536400079727173,0.49784374237060547,0.017428159713745117,3
1771109471805,0.44523775577545166,-0.1311817169189453,0.45729970932006836,3
1771109471914,0.21404367685317993,0.27412891387939453,1.3318555355072021,3
1771109472022,0.013766884803771973,-0.24235057830810547,-0.33968377113342285,3
1771109472132,-0.2618873119354248,-0.09578132629394531,-0.3450465202331543,3
1771109472238,0.22922909259796143,0.1558694839477539,-0.07456779479980469,3
1771109472339,-0.3361482620239258,0.1710958480834961,0.9380836486816406,3
1771109472447,1.0838943719863892,0.32953929901123047,0.32691121101379395,3
1771109472548,-0.13762110471725464,-0.008062362670898438,0.8508644104003906,3
1771109472657,-0.41797327995300293,-0.011463165283203125,-0.7445263862609863,3
1771109472764,0.679510235786438,0.01743793487548828,0.9178483486175537,3
1771109472874,-0.38913509249687195,0.0833730697631836,0.24254083633422852,3
1771109472973,-0.3619162440299988,-0.2593803405761719,0.808070182800293,3
1771109473082,0.16109150648117065,-0.5537490844726562,0.2144303321838379,3
1771109473190,0.12617981433868408,-0.07843971252441406,0.7198412418365479,3
1771109473298,-0.3585361838340759,0.21771717071533203,-0.5582494735717773,3
1771109473406,0.026651382446289062,-0.03652477264404297,0.568166971206665,3
1771109473515,-0.48678427934646606,0.1053171157836914,-0.7808903455734253,3
1771109473625,-0.46069514751434326,0.2135601043701172,-0.39546847343444824,3
1771109473732,-0.047652602195739746,0.0828695297241211,0.34696531295776367,3
1771109473847,-0.26399338245391846,-0.12554264068603516,0.4498302936553955,3
1771109473949,0.35807400941848755,-0.40892791748046875,0.865525484085083,3
1771109474054,0.07512021064758301,-0.6512632369995117,0.33027029037475586,3
1771109474202,0.1851765513420105,0.12198448181152344,0.6601912975311279,3
1771109474269,-0.02892172336578369,-0.2525815963745117,0.10453295707702637,3
1771109474375,0.22124940156936646,0.07069683074951172,0.10364508628845215,3
1771109474475,0.3579029440879822,-0.09623050689697266,0.5703725814819336,3
1771109474582,0.16955536603927612,-0.031391143798828125,0.02296137809753418,3
1771109474683,0.9909313917160034,-0.1428852081298828,1.1490252017974854,3
1771109474794,0.026435136795043945,-0.135345458984375,0.5367720127105713,3
1771109474893,-0.05766606330871582,0.0224456787109375,0.5847549438476562,3
1771109474999,0.3882862329483032,0.008986473083496094,1.4224824905395508,3
1771109475109,0.2996606230735779,-0.7397918701171875,-0.08267617225646973,3
1771109475217,0.2999144196510315,0.06401824951171875,1.4018213748931885,3
1771109475325,0.23811471462249756,0.04021644592285156,0.6019594669342041,3
1771109475431,0.2744966149330139,0.036464691162109375,0.4570589065551758,3
1771109475533,0.058889925479888916,0.5606880187988281,-0.6197032928466797,3
1771109475642,0.13359040021896362,-0.34853649139404297,0.8714447021484375,3
1771109475751,0.1477588415145874,-0.3136320114135742,1.8744242191314697,3
1771109475861,-0.06590646505355835,-0.32779693603515625,0.19757437705993652,3
1771109475968,0.26273971796035767,-0.2741355895996094,-1.4324314594268799,3
1771109476078,0.2301490306854248,0.47994422912597656,0.8161203861236572,3
1771109476222,0.42307084798812866,-0.10202503204345703,1.1611971855163574,3
1771109476302,0.21433305740356445,-0.00846099853515625,0.19907140731811523,3
1771109476410,-0.13281822204589844,0.4501018524169922,0.4564228057861328,3
1771109476518,0.2087090015411377,0.13576793670654297,-0.24045681953430176,3
1771109476627,0.46585971117019653,0.3230409622192383,0.02583622932434082,3
1771109476730,0.2643241286277771,0.3934440612792969,0.7702727317810059,3
1771109476835,-0.1503855586051941,-0.050464630126953125,-0.7373054027557373,3
1771109476945,-0.19184637069702148,-0.2654857635498047,-1.0760811567306519,3
1771109477052,-0.34685230255126953,-0.02587890625,-0.7268733978271484,3
1771109477166,-0.2473723292350769,0.029891014099121094,-1.251288890838623,3
1771109477260,0.4450894594192505,0.14691638946533203,-0.6016383171081543,3
1771109477381,0.4016842842102051,-0.012389183044433594,0.3254542350769043,3
1771109477478,-0.36567065119743347,-0.0805978775024414,-0.5262694358825684,3
1771109477589,-0.351541668176651,-0.19877147674560547,-0.27153658866882324,3
1771109477687,0.44713443517684937,-0.05829620361328125,0.26250481605529785,3
1771109477795,-0.2131730318069458,0.4179677963256836,-0.24096417427062988,3
1771109477904,0.5900964736938477,0.09362411499023438,0.42493367195129395,3
1771109478003,-0.22978591918945312,-0.6381921768188477,0.07877731323242188,3
1771109478106,0.5051622986793518,0.4778585433959961,1.0012774467468262,3
1771109478212,0.8630827069282532,0.5781688690185547,0.6121528148651123,3
1771109478320,-0.047261953353881836,0.3574953079223633,-0.17278313636779785,3
1771109478422,-0.3053324222564697,-0.45432281494140625,0.03361034393310547,3
1771109478529,-0.08276912569999695,0.06351566314697266,0.882875919342041,3
1771109478636,-0.22112637758255005,-0.19443416595458984,0.1143951416015625,3
1771109478747,-0.08823525905609131,-0.024517059326171875,-0.19619441032409668,3
1771109478853,-0.2869754135608673,0.2657947540283203,0.33185839653015137,3
1771109478965,-0.04235076904296875,-0.3538503646850586,0.2525510787963867,3
1771109479070,-0.019617021083831787,-0.28823184967041016,0.835723876953125,3
1771109479201,-0.431033730506897,0.17247772216796875,-0.478452205657959,3
1771109479288,-0.17881381511688232,0.1326894760131836,-0.3468015193939209,3
1771109479397,-0.308139443397522,-0.18454551696777344,-0.12477898597717285,3
1771109479504,0.5636307001113892,-0.3640623092651367,0.07929730415344238,3
1771109479613,-0.22443363070487976,-0.3636960983276367,0.22733402252197266,3
1771109479721,-0.3033936023712158,-0.21949386596679688,-0.20298552513122559,3
1771109479830,-0.3571678400039673,0.35661792755126953,-1.1693205833435059,3
1771109479938,-0.13628676533699036,0.22292804718017578,0.3417673110961914,3
1771109480038,-0.10591161251068115,-0.21758460998535156,-0.2516353130340576,3
1771109480148,0.07738912105560303,-0.503239631652832,-0.32646894454956055,3
1771109480254,-0.03299921751022339,0.1301727294921875,-0.0682363510131836,3
1771109480355,0.29941898584365845,0.06645679473876953,0.562227725982666,3
1771109480465,-0.2624033987522125,-0.1666097640991211,-0.7919507026672363,3
1771109480571,0.16005674004554749,0.6323156356811523,-0.19804787635803223,3
1771109480672,-0.2315303385257721,-0.22469520568847656,-0.6895571947097778,3
1771109480781,0.28161823749542236,-0.01861572265625,-0.7094748020172119,3
1771109480888,0.41690757870674133,0.18251609802246094,1.1340490579605103,3
1771109480997,0.06506672501564026,-0.07972908020019531,0.9751813411712646,3
1771109481150,-0.12019890546798706,0.006984710693359375,0.5824465751647949,3
1771109481221,0.18461740016937256,0.5379543304443359,1.1155271530151367,3
1771109481314,0.5262444019317627,0.49150943756103516,1.2032407522201538,3
1771109481423,0.5526652336120605,-0.06270313262939453,0.2119842767715454,3
1771109481531,-0.066508948802948,-0.02557659149169922,0.16740810871124268,3
1771109481632,0.1660592257976532,0.022070884704589844,0.9209915399551392,3
1771109481739,0.11259156465530396,-0.2997884750366211,0.6948148012161255,3
1771109481847,0.4568525552749634,-0.06315898895263672,0.3282519578933716,3
1771109481960,0.4689221978187561,0.44931983947753906,0.48473596572875977,3
1771109482057,-0.0939677357673645,-0.07021141052246094,-0.21093213558197021,3
1771109482165,-0.06281858682632446,-0.13867855072021484,1.0836607217788696,3
1771109482269,-0.06916362047195435,-0.1364421844482422,0.509566068649292,3
1771109482373,0.22427380084991455,-0.11637115478515625,-0.0006705522537231445,3
1771109482475,0.34047001600265503,0.27967166900634766,0.6826833486557007,3
1771109482581,-0.15406844019889832,-0.14034652709960938,0.510124683380127,3
1771109482682,0.282351553440094,-0.26944446563720703,0.8062655925750732,3
1771109482790,0.4006335735321045,0.4743328094482422,0.7940535545349121,3
1771109482898,0.19974982738494873,-0.15163040161132812,0.1742546558380127,3
1771109483006,0.14869225025177002,0.073028564453125,0.5291016101837158,3
1771109483107,-0.18290093541145325,0.30507850646972656,0.3289296627044678,3
1771109483228,-0.10024309158325195,0.05862712860107422,0.6442558765411377,3
1771109483324,-0.01612311601638794,0.4788036346435547,0.2089376449584961,3
1771109483425,-0.22798284888267517,-0.18014240264892578,1.000699758529663,3
1771109483532,0.35482078790664673,0.31968021392822266,1.2057421207427979,3
1771109483640,-0.26826411485671997,-0.43520355224609375,0.33144211769104004,3
1771109483749,0.4059309959411621,-0.3111534118652344,0.6930127143859863,3
1771109483849,-0.17774233222007751,0.44669437408447266,0.23237371444702148,3
1771109483959,-0.17029398679733276,0.4408111572265625,0.013097047805786133,3
1771109484065,-0.12835091352462769,0.6858310699462891,-1.4147390127182007,3
1771109484166,0.1887875199317932,-0.16563892364501953,0.09888482093811035,3
1771109484275,-0.3377493917942047,0.24246597290039062,-0.285503625869751,3
1771109484382,-0.011769652366638184,-0.1288137435913086,0.16986513137817383,3
1771109484491,0.28856468200683594,0.3544044494628906,1.014333724975586,3
1771109484601,-0.4324318468570709,-0.009938240051269531,-0.18038058280944824,3
1771109484709,0.27083343267440796,0.0006322860717773438,0.259143590927124,3
1771109484816,-0.447191059589386,-0.23234939575195312,-0.06255340576171875,3
1771109484925,-0.07418489456176758,0.2187652587890625,0.877861738204956,3
1771109485033,0.18366605043411255,-0.14952468872070312,0.6629617214202881,3
1771109485142,-0.029016435146331787,0.019705772399902344,-0.6424781084060669,3
1771109485293,0.42527252435684204,-0.47128772735595703,0.40785109996795654,3
1771109485351,-0.312463641166687,0.07692623138427734,0.9931529760360718,3
1771109485460,0.6303746104240417,0.08749675750732422,1.3286304473876953,3
1771109485567,-0.3655969202518463,-0.062493324279785156,-0.9548827409744263,3
1771109485676,0.04365074634552002,-0.3344545364379883,-0.6853862404823303,3
1771109485784,0.22148877382278442,0.2810173034667969,0.9937987327575684,3
1771109485893,-0.430844247341156,-0.5780162811279297,-1.182652473449707,3
1771109485995,-0.20231768488883972,0.5254859924316406,0.4401705265045166,3
1771109486134,-0.354943186044693,-0.4862709045410156,-0.7499563694000244,3
1771109486240,0.05055329203605652,0.067413330078125,0.23997676372528076,3
1771109486318,0.22736233472824097,0.6777725219726562,1.2378792762756348,3
1771109486427,0.18463754653930664,-2.09808349609375e-05,1.238355278968811,3
1771109486535,-0.011115461587905884,-0.35585689544677734,0.5835373401641846,3
1771109486637,-0.005849629640579224,0.23224735260009766,-1.5890107154846191,3
1771109486744,0.022135674953460693,0.6852331161499023,-0.5719798803329468,3
1771109486852,-0.8676711320877075,-0.13510894775390625,-1.0594066381454468,3
1771109486961,-0.22273415327072144,-0.49320125579833984,-0.019388198852539062,3
1771109487068,0.14337033033370972,-0.7572097778320312,0.14121317863464355,3
1771109487185,0.15743198990821838,0.23577404022216797,0.6113108396530151,3
1771109487287,-0.22308360040187836,-0.21570682525634766,-0.13371634483337402,3
1771109487393,0.14374691247940063,0.0809326171875,0.3261829614639282,3
1771109487503,0.3443477153778076,-0.2853889465332031,0.5404082536697388,3
1771109487610,-0.17240315675735474,-0.6194972991943359,0.7361525297164917,3
1771109487711,0.09854298830032349,0.3154172897338867,0.20003247261047363,3
1771109487821,-0.15947425365447998,-0.02694416046142578,1.6164933443069458,3
1771109487923,0.42133837938308716,-0.12123775482177734,-0.1676483154296875,3
1771109488028,0.05874955654144287,0.21945667266845703,0.6980109214782715,3
1771109488130,-0.06840354204177856,0.28355979919433594,-0.08271384239196777,3
1771109488248,-0.329921156167984,-0.12738323211669922,-0.848389744758606,3
1771109488345,0.14302510023117065,0.2259063720703125,-0.3249509334564209,3
1771109488445,0.04837149381637573,0.044693946838378906,0.38885021209716797,3
1771109488553,0.26884788274765015,-0.15798664093017578,0.0807957649230957,3
1771109488661,0.17869973182678223,0.11564826965332031,0.06030416488647461,3
1771109488769,-0.12383902072906494,-0.19707107543945312,0.3819465637207031,3
1771109488870,0.01604706048965454,0.22127532958984375,-0.4500889778137207,3
1771109488978,-0.15888619422912598,0.35111045837402344,-0.9906713962554932,3
1771109489088,-0.022094547748565674,0.6534585952758789,0.7964425086975098,3
1771109489195,0.08013409376144409,-0.17945384979248047,1.3324506282806396,3
1771109489296,0.37933582067489624,-0.49402618408203125,1.049032211303711,3
1771109489404,0.20768320560455322,-0.678736686706543,0.8625717163085938,3
1771109489512,0.11802458763122559,-0.16186141967773438,0.2412865161895752,3
1771109489623,-0.48990491032600403,-0.11188602447509766,-0.7780671119689941,3
1771109489730,0.5362077355384827,0.07341575622558594,0.6752793788909912,3
1771109489840,0.10160225629806519,-0.04144763946533203,1.142676830291748,3
1771109489946,0.18978190422058105,-0.24448585510253906,0.7530055046081543,3
1771109490058,-0.5271258354187012,-0.40773677825927734,-0.4657120704650879,3
1771109490164,0.5908116698265076,-0.045945167541503906,0.03405928611755371,3
1771109490273,0.5296589732170105,0.1900806427001953,0.6238718032836914,3
1771109490380,0.5713798403739929,0.22417068481445312,0.8694472312927246,3
1771109490488,0.12939107418060303,0.10076618194580078,0.6594715118408203,3
1771109490596,0.5413862466812134,-0.06408882141113281,0.41262364387512207,3
1771109490698,-0.10466217994689941,-0.28841304779052734,0.0658113956451416,3
1771109490805,0.24966877698898315,-0.02997875213623047,0.6659343242645264,3
1771109490913,0.285999059677124,0.038872718811035156,0.5150485038757324,3
1771109491014,0.49718552827835083,0.08641242980957031,1.184671401977539,3
1771109491122,-0.1970912218093872,-0.3079652786254883,0.92604660987854,3
1771109491254,-0.26865822076797485,-0.2257394790649414,0.44353508949279785,3
1771109491331,-0.07002532482147217,0.1373615264892578,0.6762228012084961,3
1771109491439,0.08540189266204834,-0.04268836975097656,0.44821906089782715,3
1771109491547,0.16997963190078735,0.07239151000976562,1.167656660079956,3
1771109491649,-0.24583494663238525,-0.2258739471435547,-0.27732086181640625,3
1771109491756,0.31675368547439575,-0.039600372314453125,0.37974119186401367,3
1771109491865,0.6915528774261475,0.2652702331542969,1.6852731704711914,3
1771109491973,-0.145189106464386,-0.0888986587524414,1.0410618782043457,3
1771109492083,0.5300931334495544,-0.2347583770751953,-0.10686230659484863,3
1771109492186,-0.35687708854675293,0.15781688690185547,-1.10687255859375,3
1771109492290,0.9712826013565063,0.36338138580322266,-0.3004951477050781,3
1771109492398,-0.5155893564224243,0.11949539184570312,-0.0963127613067627,3
1771109492507,-0.24786877632141113,0.12196922302246094,-0.32985520362854004,3
1771109492617,-0.1916070580482483,0.32572078704833984,-0.9789121150970459,3
1771109492720,0.36204689741134644,0.4645195007324219,-0.40890002250671387,3
1771109492824,0.13234007358551025,0.4464282989501953,-0.18974590301513672,3
1771109492932,0.1259651780128479,0.07299423217773438,-0.1484224796295166,3
1771109493040,0.13315349817276,0.09093570709228516,-0.03554487228393555,3
1771109493175,-0.4288523197174072,-0.3654346466064453,-0.5848696231842041,3
1771109493263,-0.021097421646118164,0.148712158203125,0.4087095260620117,3
1771109493349,-0.537529706954956,0.3241853713989258,0.25722312927246094,3
1771109493457,-0.005854129791259766,0.18767547607421875,-0.213759183883667,3
1771109493558,-0.17528951168060303,-0.03631305694580078,0.5675883293151855,3
1771109493666,0.5292332768440247,-0.18194580078125,-0.3711223602294922,3
1771109493774,-0.11029088497161865,-0.05676746368408203,-0.3114762306213379,3
1771109493883,0.6498627662658691,-0.3001995086669922,0.15722036361694336,3
1771109493983,0.2506847381591797,0.38449764251708984,0.15192222595214844,3
1771109494093,0.22038960456848145,0.3217926025390625,-0.6106002330780029,3
1771109494200,-0.0059462785720825195,0.04247760772705078,-0.0029764175415039062,3
1771109494310,0.2321850061416626,0.2539958953857422,-0.7221164703369141,3
1771109494417,0.09236007928848267,0.0788259506225586,-0.5843524932861328,3
1771109494526,-0.14139708876609802,-0.11670589447021484,-0.561876654624939,3
1771109494629,0.2947726249694824,0.07960796356201172,0.655447244644165,3
1771109494733,-0.18997687101364136,0.27606678009033203,-0.555194616317749,3
1771109494848,0.04959535598754883,0.3558645248413086,-0.39226996898651123,3
1771109494951,0.19002306461334229,0.1027822494506836,0.06924962997436523,3
1771109495058,0.1244165301322937,-0.053348541259765625,-0.13709115982055664,3
1771109495159,0.34724244475364685,-0.008170127868652344,0.2216811180114746,3
1771109495277,-0.042918384075164795,0.38282108306884766,-0.1275038719177246,3
1771109495376,-0.03567686676979065,0.6097393035888672,-0.4024841785430908,3
1771109495486,-0.02492588758468628,0.14015483856201172,-0.05843997001647949,3
1771109495593,-0.3493627905845642,-0.10091876983642578,-1.2012863159179688,3
1771109495701,-0.4383021593093872,0.15709590911865234,-0.9272366762161255,3
1771109495801,-0.01217716932296753,0.25152587890625,-0.2281738519668579,3
1771109495909,-0.3293900191783905,-0.2831077575683594,-0.9616906046867371,3
1771109496019,-0.16887536644935608,0.016794204711914062,0.5572452545166016,3
1771109496152,-0.24206840991973877,0.08489513397216797,-0.41667425632476807,3
1771109496273,-0.05600219964981079,0.07336616516113281,-0.8966031670570374,3
1771109496345,0.09678927063941956,-0.04979228973388672,0.11234235763549805,3
1771109496451,-0.16526354849338531,-0.23303890228271484,0.8748902082443237,3
1771109496551,0.15786954760551453,-0.003932952880859375,0.9578911066055298,3
1771109496664,0.11699050664901733,-0.40076160430908203,0.04587149620056152,3
1771109496771,0.49167704582214355,-0.08269786834716797,1.1978905200958252,3
1771109496877,-0.08068522810935974,0.19552040100097656,-0.1052323579788208,3
1771109496978,-0.07059428095817566,0.08207225799560547,0.6874725818634033,3
1771109497085,0.8215194344520569,0.3324880599975586,0.9070185422897339,3
1771109497196,-0.4541749358177185,-0.3186521530151367,-1.3540716171264648,3
1771109497302,0.5706549882888794,-0.09598445892333984,0.8989448547363281,3
1771109497410,-0.16842573881149292,0.05589771270751953,0.6969821453094482,3
1771109497519,-0.13831159472465515,-0.47075557708740234,0.5405874252319336,3
1771109497620,0.08662977814674377,0.3150062561035156,-0.3502237796783447,3
1771109497727,0.35284534096717834,0.05193805694580078,-0.6442751884460449,3
1771109497829,-0.10033965110778809,-0.14032936096191406,-0.2500882148742676,3
1771109497931,0.2146318256855011,0.43121910095214844,1.0593315362930298,3
1771109498038,0.045021384954452515,0.11605262756347656,-0.14303767681121826,3
1771109498147,-0.5021435022354126,0.2178497314453125,-0.4317866563796997,3
1771109498279,0.07242283225059509,-0.09347915649414062,-0.630953848361969,3
1771109498362,0.28607866168022156,-0.3612680435180664,0.13527774810791016,3
1771109498470,0.03800380229949951,-0.08123016357421875,0.21566390991210938,3
1771109498578,0.09882616996765137,-0.15002822875976562,-0.43941938877105713,3
1771109498679,-0.26623275876045227,-0.49864959716796875,-0.39075911045074463,3
1771109498787,0.7383631467819214,0.23662567138671875,0.18284016847610474,3
1771109498898,0.5491292476654053,0.5199413299560547,3.141113758087158,3
1771109499004,0.7146439552307129,-0.02076435089111328,1.244140386581421,3
1771109499112,0.3217437267303467,0.7151546478271484,1.0463236570358276,3
1771109499213,-0.10244376957416534,-0.4390897750854492,0.5026485919952393,3
1771109499315,0.7545444369316101,-0.09965896606445312,1.5374119281768799,3
1771109499421,0.5052083730697632,0.08299732208251953,2.173879623413086,3
1771109499529,-0.12435615062713623,-0.03750133514404297,0.957034707069397,3
1771109499630,-0.06249623000621796,0.10794448852539062,1.0093820095062256,3
1771109499744,-0.056616440415382385,0.24911785125732422,-0.0623931884765625,3
1771109499839,0.44327884912490845,0.09743976593017578,0.9184849262237549,3
1771109499951,-0.01645338535308838,0.24587154388427734,1.0009424686431885,3
1771109500055,0.30107760429382324,0.499481201171875,0.23357045650482178,3
1771109500171,0.2851655185222626,-0.4899892807006836,-0.029257893562316895,3
1771109500277,0.19493341445922852,-0.4471263885498047,-1.0005336999893188,3
1771109500381,-0.5068240761756897,0.45914459228515625,0.5964064598083496,3
1771109500491,-0.3804433345794678,-0.44681262969970703,-1.0589497089385986,3
1771109500611,0.6254936456680298,0.24325180053710938,1.212529182434082,3
1771109500706,-0.07198207080364227,0.05757617950439453,2.154007911682129,3
1771109500814,0.25068098306655884,0.1360034942626953,-0.11064457893371582,3
1771109500923,0.03123563528060913,-0.02855396270751953,0.2443404197692871,3
1771109501023,0.15838253498077393,0.20544815063476562,0.23859882354736328,3
1771109501150,-0.4196540117263794,-0.4886817932128906,-0.6830927133560181,3
1771109501233,-0.18004590272903442,-0.1288166046142578,1.045371651649475,3
1771109501339,0.10865145921707153,0.12194252014160156,0.030312418937683105,3
1771109501440,0.06763023138046265,-0.20302677154541016,0.6610367298126221,3
1771109501548,0.01636853814125061,0.058152198791503906,0.3497244119644165,3
1771109501657,0.5979971885681152,-0.022704124450683594,0.3507840633392334,3
1771109501765,-0.49788546562194824,0.3576068878173828,-0.08077728748321533,3
1771109501867,0.2971095144748688,-0.19109058380126953,-0.45299339294433594,3
1771109501973,0.7526469826698303,0.12526798248291016,0.7510714530944824,3
1771109502081,0.1995002031326294,-0.018317222595214844,-0.09301102161407471,3
1771109502191,0.2570577561855316,-0.2500476837158203,-0.537194013595581,3
1771109502300,0.21155056357383728,0.12604331970214844,1.5828417539596558,3
1771109502407,0.3706109821796417,0.06845283508300781,1.4725887775421143,3
1771109502518,0.4948152005672455,0.08261394500732422,1.6174910068511963,3
1771109502624,0.4084166884422302,0.23434734344482422,1.8181025981903076,3
1771109502732,-0.1345413327217102,-0.18560504913330078,-0.5711265802383423,3
1771109502834,0.3254273533821106,0.17635631561279297,1.29899263381958,3
1771109502942,0.3157900273799896,-0.17711734771728516,0.5613565444946289,3
1771109503049,0.4694119095802307,0.10637092590332031,0.8690581321716309,3
1771109503164,0.47882163524627686,-0.01921844482421875,0.1422111988067627,3
1771109503287,0.07802760601043701,-0.09850883483886719,1.1873748302459717,3
1771109503375,0.05613952875137329,-0.1801004409790039,0.005315065383911133,3
1771109503475,0.2572785019874573,0.06325054168701172,0.6595423221588135,3
1771109503583,0.5673574209213257,-0.0909109115600586,-0.00042700767517089844,3
1771109503693,0.4670720100402832,0.5554370880126953,-0.43299007415771484,3
1771109503801,0.2512074112892151,-0.1766500473022461,0.5508015155792236,3
1771109503908,-0.00878441333770752,-0.3048973083496094,-0.24085497856140137,3
1771109504009,-0.020044147968292236,0.34432411193847656,-0.1969444751739502,3
1771109504150,-0.42572951316833496,-0.6556644439697266,0.35320162773132324,3
1771109504226,-0.2387676239013672,0.46018314361572266,0.2199842929840088,3
1771109504326,0.07268834114074707,-0.8905572891235352,0.38425469398498535,3
1771109504434,0.10424262285232544,-0.9440507888793945,0.027126312255859375,3
1771109504537,-0.15517419576644897,1.029296875,-0.29537534713745117,3
1771109504642,0.047345638275146484,0.6110849380493164,-1.4375187158584595,3
1771109504743,0.3463513255119324,0.4661102294921875,1.5414385795593262,3
1771109504855,-0.39496535062789917,0.5266866683959961,0.08387327194213867,3
1771109504960,-0.32633697986602783,-0.1736459732055664,-0.32620954513549805,3
1771109505068,0.11269789934158325,-0.24794864654541016,0.7374043464660645,3
1771109505216,-0.2767972946166992,0.1927623748779297,0.21545791625976562,3
1771109505288,0.41174858808517456,-0.115814208984375,0.2581479549407959,3
1771109505385,-0.6498739719390869,-0.10625362396240234,1.258989691734314,3
1771109505486,-0.3023020923137665,0.30736827850341797,-0.6453752517700195,3
1771109505594,0.19958150386810303,-0.023186683654785156,-0.2824164628982544,3
1771109505702,0.7922958731651306,0.6209316253662109,2.545289993286133,3
1771109505811,0.05368173122406006,0.05447196960449219,0.5836718082427979,3
1771109505919,-0.7811028957366943,-0.010628700256347656,-1.3358958959579468,3
1771109506020,-0.3379362225532532,-0.18179035186767578,-0.6011404991149902,3
1771109506138,0.08362233638763428,0.5614175796508789,1.9997044801712036,3
1771109506236,0.11724019050598145,0.05200004577636719,1.1725549697875977,3
1771109506340,-0.07998070120811462,0.6400928497314453,1.079790711402893,3
1771109506444,-0.7256408929824829,-0.5325040817260742,0.030668020248413086,3
1771109506552,-0.2638724148273468,-0.033596038818359375,0.3085134029388428,3
1771109506661,0.9949201941490173,1.2192087173461914,0.2053595781326294,3
1771109506762,-0.5048693418502808,-0.4855947494506836,0.36393797397613525,3
1771109506870,-0.3565901219844818,-0.5279541015625,-1.0294592380523682,3
1771109506982,-0.156388521194458,0.601679801940918,0.6702412366867065,3
1771109507078,-0.19889280200004578,-0.7261762619018555,-0.7223771810531616,3
1771109507186,0.28510582447052,0.30218029022216797,-0.7110884189605713,3
1771109507298,0.41842126846313477,0.08455562591552734,1.1219050884246826,3
1771109507406,0.6552985310554504,-0.8496952056884766,0.8082562685012817,3
1771109507513,-0.014525622129440308,0.27396678924560547,0.963141918182373,3
1771109507612,-0.14548751711845398,-0.2185211181640625,-0.6480816006660461,3
1771109507722,-0.0493294894695282,-0.5462751388549805,-0.7270084023475647,3
1771109507821,0.39885544776916504,0.6671113967895508,0.7474714517593384,3
1771109507929,-0.26540693640708923,-0.03546714782714844,-0.6317939758300781,3
1771109508029,0.4248007535934448,-0.08985424041748047,0.9536525011062622,3
1771109508144,0.3654521107673645,0.6395778656005859,2.323629379272461,3
1771109508246,0.35021859407424927,-0.07244110107421875,0.3497040271759033,3
1771109508355,-0.13943976163864136,0.1596822738647461,-0.1110374927520752,3
1771109508456,-0.05857953429222107,-0.12995243072509766,-0.014365553855895996,3
1771109508562,-0.047305479645729065,0.2709388732910156,-1.2464532852172852,3
1771109508664,-0.1850176751613617,0.6017665863037109,-0.7976718544960022,3
1771109508772,0.0852004885673523,-1.1766300201416016,0.23628747463226318,3
1771109508880,-0.6441134214401245,-0.28603076934814453,-1.2385045289993286,3
1771109508990,0.6788715124130249,-0.5932846069335938,0.5833144187927246,3
1771109509096,0.6037452220916748,0.13186168670654297,1.705404281616211,3
1771109509205,0.1124582290649414,-0.208221435546875,-1.5621562004089355,3
1771109509314,0.14172998070716858,-0.24346637725830078,-0.5303136110305786,3
1771109509422,-0.1528344452381134,-0.13322925567626953,1.2511228322982788,3
1771109509531,-0.7065168619155884,-0.5099382400512695,-0.9330871105194092,3
1771109509639,-0.6340822577476501,0.6090764999389648,-0.7243988513946533,3
1771109509739,0.1535724401473999,-0.041090965270996094,-0.17343533039093018,3
1771109509850,-0.35427337884902954,-0.5994644165039062,-0.1514265537261963,3
1771109509955,-0.10005560517311096,0.40611743927001953,0.214979887008667,3
1771109510057,0.5252252221107483,0.6345186233520508,-0.385683536529541,3
1771109510163,0.05048969388008118,0.22411823272705078,0.6427528858184814,3
1771109510264,0.297367125749588,-0.08384323120117188,0.46845173835754395,3
1771109510373,-0.05148661136627197,0.3038206100463867,-0.6671698093414307,3
1771109510481,0.2807425856590271,0.34231090545654297,-0.750569224357605,3
1771109510590,-0.22720812261104584,-0.14159202575683594,-1.279721975326538,3
1771109510698,-0.04266296327114105,-0.09718704223632812,-0.5059704780578613,3
1771109510807,0.7869699001312256,0.3917083740234375,1.9554353952407837,3
1771109510917,-0.4386594593524933,0.2207651138305664,-0.3963742256164551,3
1771109511016,-0.2902778685092926,-0.5949277877807617,-1.148624300956726,3
1771109511124,-0.6554608345031738,-0.23744964599609375,-0.5822235345840454,3
1771109511231,0.8296509981155396,0.05439949035644531,1.674849510192871,3
1771109511341,0.1510389745235443,0.12675952911376953,-0.8555309772491455,3
1771109511441,0.187339186668396,-0.2927865982055664,-0.1355443000793457,3
1771109511550,-0.22720041871070862,-0.07217788696289062,-0.8669289350509644,3
1771109511657,-0.09505206346511841,-0.048870086669921875,-1.1542645692825317,3
1771109511765,-0.7044214010238647,0.5387840270996094,-0.9543468356132507,3
1771109511874,0.4115109145641327,0.5851106643676758,1.0559518337249756,3
1771109511975,-0.0009952187538146973,-0.4432344436645508,-0.005361795425415039,3
1771109512087,0.261715292930603,-0.02051258087158203,0.2928171157836914,3
1771109512193,0.27287977933883667,-0.15007781982421875,-0.6107733249664307,3
1771109512318,0.8292825222015381,0.23462772369384766,1.3069374561309814,3
1771109512401,-0.3122207820415497,-0.18778705596923828,1.8370165824890137,3
1771109512508,0.0010557770729064941,-0.8275327682495117,1.2232756614685059,3
1771109512616,0.19404712319374084,0.01548004150390625,0.2748701572418213,3
1771109512726,0.493175745010376,0.24561500549316406,0.8915576934814453,3
1771109512833,0.15008240938186646,-0.06287288665771484,-0.0473020076751709,3
1771109512941,0.18290165066719055,0.25779151916503906,1.2135303020477295,3
1771109513051,-0.4850326478481293,-0.11944198608398438,-0.10542082786560059,3
1771109513177,0.6728204488754272,0.47089290618896484,0.5238227844238281,3
1771109513267,-0.13258326053619385,-0.2064952850341797,1.4876441955566406,3
1771109513369,0.4014672040939331,0.052043914794921875,0.6904494762420654,3
1771109513475,-0.16443830728530884,0.2201547622680664,-2.073092222213745,3
1771109513578,-0.2744261622428894,0.2217245101928711,-1.210625171661377,3
1771109513684,-0.19463831186294556,-0.6612777709960938,-0.5431900024414062,3
1771109513792,-0.17977449297904968,-0.4927511215209961,-0.5458400249481201,3
1771109513900,0.3483412265777588,0.7750959396362305,-0.43329381942749023,3
1771109514009,0.2808544635772705,0.4416685104370117,-1.257002830505371,3
1771109514150,-0.008911758661270142,-0.39374256134033203,0.9188337326049805,3
1771109514230,0.022532641887664795,0.42505931854248047,-1.2206910848617554,3
1771109514334,-0.34894123673439026,-0.8514089584350586,0.5266902446746826,3
1771109514442,0.1467956304550171,-0.6215991973876953,-0.4404280185699463,3
1771109514551,-0.021362394094467163,0.5580062866210938,-0.14023256301879883,3
1771109514652,0.08726799488067627,-0.10558700561523438,1.1742005348205566,3
1771109514760,0.1466558873653412,-0.06412601470947266,-0.9365164041519165,3
1771109514862,-0.1839943677186966,0.16280078887939453,0.3947432041168213,3
1771109514971,0.22271528840065002,-0.9647359848022461,0.42138123512268066,3
1771109515079,-0.145758256316185,0.09871578216552734,-0.824594259262085,3
1771109515185,0.34562429785728455,0.23572826385498047,-1.588881492614746,3
1771109515322,0.6915086507797241,-0.28104305267333984,1.0083078145980835,3
1771109515403,-0.04625004529953003,0.23908233642578125,-0.24920272827148438,3
1771109515511,-0.6187772154808044,0.25913524627685547,-0.2369929552078247,3
1771109515611,-0.18184129893779755,-0.6972751617431641,-0.008040070533752441,3
1771109515712,0.10923102498054504,0.02304363250732422,0.6090004444122314,3
1771109515821,-0.15463370084762573,0.6233434677124023,-1.3588024377822876,3
1771109515927,0.4825626015663147,0.4813117980957031,1.051753044128418,3
1771109516036,0.0685456395149231,-0.5490436553955078,-0.7877172231674194,3
1771109516170,0.32714319229125977,-0.19640827178955078,-0.18767738342285156,3
1771109516245,0.42637357115745544,0.1526470184326172,-0.03829026222229004,3
1771109516353,0.317569375038147,-0.15549564361572266,-0.14773154258728027,3
1771109516453,0.3369970917701721,0.012491226196289062,-0.027895689010620117,3
1771109516561,0.04223662614822388,-0.22528076171875,0.38989734649658203,3
1771109516670,0.2933847904205322,0.15533924102783203,0.4111618995666504,3
1771109516780,-0.1684131920337677,-0.899815559387207,0.2335681915283203,3
1771109516888,0.5406621098518372,-0.5588274002075195,0.46599507331848145,3
1771109516995,-0.4524916112422943,0.7909145355224609,-1.739842176437378,3
1771109517104,0.18006569147109985,0.6701717376708984,-0.24773263931274414,3
1771109517210,0.13330554962158203,-0.5728702545166016,0.6230111122131348,3
1771109517325,-0.03274989128112793,-0.340301513671875,-1.1117043495178223,3
1771109517421,-0.20313972234725952,0.022491455078125,0.13347101211547852,3
1771109517529,0.3234403133392334,1.040421485900879,0.6928892135620117,3
1771109517641,0.46265673637390137,-0.599125862121582,0.8933432102203369,3
1771109517739,0.5192407965660095,0.8424692153930664,0.7178332805633545,3
1771109517846,0.12726908922195435,0.0026426315307617188,-0.5046026706695557,3
1771109517954,-0.42112767696380615,0.1847686767578125,-0.3279383182525635,3
1771109518064,-0.08694082498550415,-0.20536518096923828,0.22763657569885254,3
1771109518172,0.568040668964386,-0.22009563446044922,0.8512167930603027,3
1771109518272,-0.13058334589004517,-0.4182405471801758,0.3757622241973877,3
1771109518381,1.1662769317626953,0.2936429977416992,2.350621461868286,3
1771109518489,-0.03270077705383301,-0.6257400512695312,-0.6087205410003662,3
1771109518597,0.053393423557281494,-0.2673330307006836,-0.16366076469421387,3
1771109518705,-0.24765080213546753,0.1350536346435547,2.173579454421997,3
1771109518814,0.5960306525230408,-0.14416885375976562,1.2256839275360107,3
1771109518914,-0.4839361310005188,-0.006644248962402344,0.5540199279785156,3
1771109519022,0.02581244707107544,0.44405555725097656,0.7372972965240479,3
1771109519133,1.1460872888565063,0.33948612213134766,1.6549599170684814,3
1771109519248,0.06296610832214355,0.09372997283935547,-0.14484190940856934,3
1771109519356,0.4290745258331299,-0.6343050003051758,-1.026298999786377,3
1771109519456,-0.6414989829063416,0.1528186798095703,-0.21733570098876953,3
1771109519564,0.002735435962677002,0.4378643035888672,-1.052783727645874,3
1771109519672,0.08099299669265747,0.9360637664794922,-0.37701892852783203,3
1771109519773,-0.19949263334274292,0.2950325012207031,-1.2012710571289062,3
1771109519881,0.025947868824005127,0.3180866241455078,-0.25748753547668457,3
1771109519990,0.0461844801902771,-0.02328968048095703,-0.7082514762878418,3
1771109520100,0.819942831993103,-0.02668285369873047,-0.22230243682861328,3
1771109520207,-0.07008200883865356,-0.18523788452148438,0.7839174270629883,3
1771109520331,-1.015167236328125,-0.5105152130126953,-0.4605264663696289,3
1771109520415,-0.3535107970237732,0.03043651580810547,-1.736655831336975,3
1771109520523,0.27544158697128296,0.15950489044189453,1.426619052886963,3
1771109520624,-0.6016595363616943,-0.11892127990722656,-0.12264204025268555,3
1771109520732,-0.1084904670715332,-0.13290786743164062,0.1447010040283203,3
1771109520840,0.5250788927078247,-0.053717613220214844,0.5249500274658203,3
1771109520948,-0.329631507396698,0.03861713409423828,-1.2869873046875,3
1771109521058,-0.2006954848766327,-0.3099546432495117,-1.2841145992279053,3
1771109521210,-0.1963021159172058,-0.338470458984375,-0.14638447761535645,3
1771109521274,0.516986072063446,0.9347362518310547,1.2181830406188965,3
1771109521383,0.3804998993873596,0.38197803497314453,0.10362935066223145,3
1771109521492,-0.024875342845916748,-0.312347412109375,-0.1056368350982666,3
1771109521600,-0.00878608226776123,-0.34066200256347656,-0.04099416732788086,3
1771109521708,-0.6251524686813354,-0.29030609130859375,-1.3116230964660645,3
1771109521817,0.08182084560394287,-0.2336721420288086,-0.3762485980987549,3
1771109521926,0.30201947689056396,0.3847780227661133,0.42769765853881836,3
1771109522025,0.13072001934051514,0.017479896545410156,-0.42748403549194336,3
1771109522134,-0.35337644815444946,-0.5009727478027344,-0.4960813522338867,3
1771109522242,-0.1819978952407837,0.17208003997802734,-0.03551006317138672,3
1771109522346,0.26794689893722534,0.42937564849853516,0.3984713554382324,3
1771109522450,0.250903844833374,0.16878223419189453,0.44902706146240234,3
1771109522561,0.28773611783981323,-0.009055137634277344,-0.16573715209960938,3
1771109522659,0.06068509817123413,0.0147552490234375,0.0438077449798584,3
1771109522767,-0.0867425799369812,0.3147163391113281,0.45595479011535645,3
1771109522868,0.6373348236083984,0.3991870880126953,0.4114995002746582,3
1771109522978,0.3137211799621582,-0.5403833389282227,0.8102092742919922,3
1771109523087,-0.37779921293258667,-0.5374965667724609,-0.6036522388458252,3
1771109523184,-0.4063214659690857,0.2983884811401367,0.47474217414855957,3
1771109523297,0.3433920741081238,-0.23597335815429688,-0.48711180686950684,3
1771109523401,0.1837989091873169,-0.07555389404296875,0.45819520950317383,3
1771109523511,0.7843152284622192,0.30126380920410156,1.0003600120544434,3
1771109523618,-0.3837505280971527,-0.007754325866699219,-0.3016064167022705,3
1771109523726,0.7703779935836792,-0.15733623504638672,1.5313835144042969,3
1771109523837,-0.3933432102203369,-0.6556196212768555,-0.43854761123657227,3
1771109523935,0.14714395999908447,0.4051246643066406,0.15212178230285645,3
1771109524036,0.015253126621246338,0.4007225036621094,0.16413211822509766,3
1771109524150,-0.04675385355949402,0.3653993606567383,-0.7261621952056885,3
1771109524246,0.1292227804660797,-0.15496826171875,0.16642260551452637,3
1771109524352,-0.29907530546188354,-0.4086647033691406,-0.632495641708374,3
1771109524460,-0.029668748378753662,-0.24105453491210938,-0.307578444480896,3
1771109524570,0.40203696489334106,0.22377872467041016,0.9424185752868652,3
1771109524679,-0.39231157302856445,-0.19318389892578125,-1.1970436573028564,3
1771109524777,-0.07838407158851624,-0.23464298248291016,-0.5075995922088623,3
1771109524886,-0.07473611831665039,0.4304695129394531,1.3066792488098145,3
1771109524996,-0.04003572463989258,-0.22028636932373047,-0.553707480430603,3
1771109525103,-0.18739143013954163,0.0043849945068359375,-0.47747206687927246,3
1771109525205,-0.24658861756324768,-0.2482585906982422,-0.4388449192047119,3
1771109525350,0.18979552388191223,0.049274444580078125,-1.194154143333435,3
1771109525422,0.683957576751709,0.05085277557373047,1.182399868965149,3
1771109525529,0.33115145564079285,-0.029359817504882812,0.6286449432373047,3
1771109525637,-0.4327276349067688,-0.2483072280883789,-1.3034220933914185,3
1771109525745,-0.21537473797798157,0.22135353088378906,-0.6899350881576538,3
1771109525856,-0.39029261469841003,-0.09648704528808594,0.16679155826568604,3
1771109525954,-0.2363680601119995,0.0469970703125,0.4715050458908081,3
1771109526062,0.38874098658561707,-0.34444522857666016,-0.2971268892288208,3
1771109526170,-0.2641840875148773,0.04987049102783203,0.008987903594970703,3
1771109526282,-0.15611518919467926,-0.176666259765625,-0.58952796459198,3
1771109526387,0.013984203338623047,0.1937274932861328,0.6965628862380981,3
1771109526495,-0.10643890500068665,0.21764469146728516,0.029239773750305176,3
1771109526596,-0.11790508031845093,-0.41015148162841797,0.009705305099487305,3
1771109526706,-0.09973785281181335,0.17149066925048828,-0.0884392261505127,3
1771109526805,0.020432353019714355,-0.20770740509033203,-0.03637099266052246,3
1771109526915,-0.07297329604625702,0.17525100708007812,-0.2478165626525879,3
1771109527021,0.14418312907218933,-0.1370391845703125,0.7909623384475708,3
1771109527123,-0.2105989009141922,0.2906942367553711,-0.029726624488830566,3
1771109527229,0.22494004666805267,-0.000720977783203125,-0.2105158567428589,3
1771109527353,-0.11441900581121445,-0.0541534423828125,-1.405771017074585,3
1771109527447,-0.2540341019630432,0.1613941192626953,0.48739099502563477,3
1771109527547,-0.3187040686607361,0.3558807373046875,-0.2052520513534546,3
1771109527656,0.13303299248218536,-0.014623641967773438,-0.02486598491668701,3
1771109527763,-0.21892550587654114,0.21006107330322266,-0.5142126083374023,3
1771109527873,-0.10728855431079865,0.39747142791748047,0.14890438318252563,3
1771109527980,-0.06442862749099731,-0.14188194274902344,-0.3669496774673462,3
1771109528093,0.10598734021186829,-0.0995321273803711,-0.7132205367088318,3
1771109528210,-0.5215877294540405,0.4195737838745117,-0.6122487783432007,3
1771109528308,0.3029988408088684,-0.0901174545288086,1.2834240198135376,3
1771109528414,0.17648261785507202,-0.14060020446777344,0.6376410722732544,3
1771109528523,0.08583185076713562,-0.13776016235351562,-0.48383188247680664,3
1771109528631,0.31048592925071716,-0.40880870819091797,0.5555095672607422,3
1771109528740,0.13045169413089752,-0.17232418060302734,1.2778282165527344,3
1771109528841,0.2063797414302826,0.17104053497314453,-0.547435998916626,3
1771109528948,0.5088924169540405,-0.11456775665283203,0.45909762382507324,3
1771109529057,0.4160078465938568,-0.2258005142211914,1.6741069555282593,3
1771109529165,-0.05051019787788391,-0.35274219512939453,0.361430287361145,3
1771109529273,-0.110393226146698,-0.21964550018310547,0.30819451808929443,3
1771109529374,-0.15199436247348785,0.41270923614501953,-0.8897009491920471,3
1771109529482,-0.4045516848564148,0.5213832855224609,-1.8241161108016968,3
1771109529591,-0.33544379472732544,0.4661235809326172,-1.2327756881713867,3
1771109529693,0.5271873474121094,0.30525970458984375,-0.842864453792572,3
1771109529800,0.09220883250236511,-0.3397512435913086,0.4035571813583374,3
1771109529908,-0.03917202353477478,-0.3837776184082031,-0.553328275680542,3
1771109530016,0.3675042390823364,0.2524747848510742,0.8339426517486572,3
1771109530143,0.17232352495193481,0.0797586441040039,0.8390668630599976,3
1771109530227,0.11830602586269379,-0.17557907104492188,0.1785280704498291,3
1771109530365,0.16975060105323792,-0.37137603759765625,-1.3941359519958496,3
1771109530441,0.18336722254753113,0.38010215759277344,1.4479354619979858,3
1771109530551,0.174820214509964,-1.0113306045532227,0.5595793724060059,3
1771109530659,-0.18099291622638702,-0.23643970489501953,-1.5241639614105225,3
1771109530766,0.032363101840019226,0.32374000549316406,0.46170830726623535,3
1771109530867,-0.04127007722854614,-0.3633880615234375,-1.0530359745025635,3
1771109530975,0.4556725025177002,0.3116321563720703,0.9173094034194946,3
1771109531083,0.6173077821731567,-0.2829141616821289,0.8455919027328491,3
1771109531191,0.8137760162353516,0.08879756927490234,-1.5432411432266235,3
1771109531292,-0.753827691078186,0.6253557205200195,-1.0259673595428467,3
1771109531400,-0.05726426839828491,0.008996963500976562,0.4398421049118042,3
1771109531502,-0.25702568888664246,-0.4828510284423828,-0.3696404695510864,3
1771109531609,-0.5396966934204102,0.30476951599121094,-1.2716286182403564,3
1771109531718,0.03869321942329407,0.3219137191772461,-0.5359146595001221,3
1771109531826,0.3771654963493347,0.2048940658569336,0.9973464012145996,3
1771109531934,-0.13513819873332977,0.3775825500488281,-0.02169203758239746,3
1771109532044,0.029930204153060913,0.3056468963623047,-0.07383871078491211,3
1771109532151,-0.15070530772209167,1.0548429489135742,1.1341255903244019,3
1771109532257,0.5400962233543396,-0.5186824798583984,0.9200297594070435,3
1771109532362,0.7960798740386963,0.3969697952270508,-1.031569242477417,3
1771109532470,1.0694987773895264,0.14798259735107422,-0.4061840772628784,3
1771109532577,-0.08730116486549377,0.7452125549316406,2.42916202545166,3
1771109532685,0.8125416040420532,0.28829097747802734,0.90175461769104,3
1771109532793,-0.6213998198509216,0.2760047912597656,-0.1898888349533081,3
1771109532902,0.6459851264953613,0.17309093475341797,0.3929494619369507,3
1771109533010,-0.7748177647590637,0.32297325134277344,-0.512519896030426,3
1771109533144,0.1904250979423523,-0.47481346130371094,0.14094817638397217,3
1771109533227,-0.40416914224624634,0.13065052032470703,0.3216280937194824,3
1771109533366,-0.11263509094715118,0.026299476623535156,-0.962175726890564,3
1771109533445,-0.5450191497802734,-0.44355297088623047,-0.36091887950897217,3
1771109533553,0.3244072198867798,-0.09283924102783203,0.48299384117126465,3
1771109533661,-0.14221403002738953,-0.029417037963867188,0.4283508062362671,3
1771109533770,-0.10584327578544617,0.2766227722167969,-1.5256043672561646,3
1771109533879,-0.6152693033218384,0.20256519317626953,0.15296852588653564,3
1771109533986,0.3639844059944153,0.021120071411132812,-0.6800657510757446,3
1771109534121,0.5432145595550537,0.5047521591186523,-0.7696689367294312,3
1771109534205,0.24777087569236755,-0.2550849914550781,-0.569880485534668,3
1771109534304,0.910973072052002,0.05870246887207031,1.7609269618988037,3
1771109534412,0.23152008652687073,-0.1625232696533203,1.7168118953704834,3
1771109534512,-0.14847297966480255,-0.6586523056030273,0.8849259614944458,3
1771109534620,0.554908812046051,0.17980670928955078,0.8064717054367065,3
1771109534721,-0.0022324025630950928,-0.30877208709716797,-0.23446643352508545,3
1771109534832,-0.07844746112823486,-0.19948387145996094,-1.0941179990768433,3
1771109534937,0.6065808534622192,-0.16823673248291016,0.037293314933776855,3
1771109535038,-0.5228899717330933,0.9136533737182617,-2.5489001274108887,3
1771109535141,-0.5311151742935181,-0.4389467239379883,-0.3409184217453003,3
1771109535245,-0.11929947137832642,0.06087684631347656,-0.15178167819976807,3
1771109535382,-0.5881443023681641,-0.49878597259521484,-1.282632827758789,3
1771109535454,0.4476794898509979,-0.4208402633666992,0.9799695014953613,3
1771109535563,-0.1930282711982727,-0.0100250244140625,1.0206198692321777,3
1771109535671,0.0730423629283905,0.7303857803344727,0.7018066644668579,3
1771109535780,0.6230361461639404,-0.20853614807128906,-1.8840467929840088,3
1771109535880,-0.0603451132774353,-0.3280611038208008,0.9901456832885742,3
1771109535988,0.16405600309371948,0.15146255493164062,-1.7708916664123535,3
1771109536135,-0.13024237751960754,-0.09105968475341797,0.04625904560089111,3
1771109536205,-0.3950308561325073,0.5913791656494141,-1.5376884937286377,3
1771109536307,-0.056571125984191895,-0.40109825134277344,1.0670363903045654,3
1771109536413,-0.42125579714775085,-0.4114217758178711,-0.7719675302505493,3
1771109536515,-0.09585560858249664,-0.19875431060791016,2.1836671829223633,3
1771109536622,0.2657562792301178,-0.21842193603515625,2.4777679443359375,3
1771109536730,1.226966142654419,0.7646017074584961,2.263584613800049,3
1771109536832,0.08345632255077362,-0.1935577392578125,1.2274398803710938,3
1771109536939,0.19235911965370178,-0.5256834030151367,1.6846362352371216,3
1771109537048,0.488327294588089,-0.5137662887573242,1.3631707429885864,3
1771109537170,-0.03519478440284729,0.05105876922607422,0.002480030059814453,3
1771109537266,-0.8634463548660278,-0.9253444671630859,-2.7698354721069336,3
1771109537373,0.007796004414558411,-0.12521934509277344,0.42405128479003906,3
1771109537482,-0.5162447690963745,0.053511619567871094,-1.564450979232788,3
1771109537590,0.9339711666107178,-0.15787887573242188,0.7441505193710327,3
1771109537690,-0.25746259093284607,-0.0014753341674804688,0.03279674053192139,3
1771109537798,0.09826996922492981,0.20916175842285156,0.6488561630249023,3
1771109537906,-0.5771395564079285,-0.08089256286621094,-1.152700662612915,3
1771109538016,0.15509314835071564,-0.1554241180419922,-0.02320230007171631,3
1771109538138,0.6761713027954102,0.08089828491210938,-0.13308072090148926,3
1771109538232,-0.4157885015010834,-0.5702476501464844,-1.4171907901763916,3
1771109538367,-0.24421033263206482,0.5197172164916992,1.1064618825912476,3
1771109538441,0.4210073947906494,0.11044025421142578,0.47264575958251953,3
1771109538549,0.25376835465431213,0.5613784790039062,1.1440849304199219,3
1771109538658,0.2113105058670044,-0.1510019302368164,1.4058624505996704,3
1771109538766,-0.7334156036376953,-0.9205093383789062,-0.13068854808807373,3
1771109538875,-0.9990862607955933,-0.31612110137939453,-1.1292014122009277,3
1771109538983,0.3728503882884979,0.7003488540649414,0.8575104475021362,3
1771109539092,-0.03471896052360535,0.5265092849731445,-0.7698197364807129,3
1771109539193,0.1462012082338333,-0.8603239059448242,-0.8084808588027954,3
1771109539300,-0.34238627552986145,0.38788795471191406,1.4707441329956055,3
1771109539412,-0.07381638884544373,-0.020974159240722656,-0.1486339569091797,3
1771109539517,-0.9074763059616089,-0.6258831024169922,-2.2606453895568848,3
1771109539626,-0.5829587578773499,-0.07116889953613281,0.22169840335845947,3
1771109539735,0.2445288896560669,0.1708831787109375,1.32088303565979,3
1771109539842,0.8359194993972778,-0.6521663665771484,0.4661064147949219,3
1771109539951,-0.9904969334602356,-0.449920654296875,-0.08327579498291016,3
1771109540061,-0.02442140132188797,-0.302642822265625,1.082838535308838,3
1771109540161,0.3390198051929474,-0.1444683074951172,0.6718356609344482,3
1771109540268,-0.5693886280059814,0.46746349334716797,-0.222159743309021,3
1771109540371,0.12094978988170624,-0.6111936569213867,0.5271937847137451,3
1771109540478,0.5729929804801941,0.2480478286743164,1.1042367219924927,3
1771109540585,-0.20820823311805725,0.17525672912597656,0.12852096557617188,3
1771109540693,-0.4092574119567871,0.44738197326660156,-0.13692831993103027,3
1771109540801,-0.22478404641151428,0.47271728515625,-0.14779043197631836,3
1771109540910,-0.0491892546415329,0.2255086898803711,-0.772651195526123,3
1771109541010,-0.3068041205406189,-0.48941802978515625,0.09221553802490234,3
1771109541119,-0.7831014394760132,0.28648948669433594,-0.8495454788208008,3
1771109541227,-0.2512800991535187,0.1839609146118164,-0.1968153715133667,3
1771109541337,0.3042304515838623,0.15268707275390625,0.8799319267272949,3
1771109541438,0.918147087097168,0.23070526123046875,0.46562767028808594,3
1771109541544,0.3054482638835907,0.09236526489257812,0.07682251930236816,3
1771109541653,0.8547091484069824,0.139404296875,1.651554822921753,3
1771109541753,-0.2152140736579895,-0.511713981628418,-0.20985913276672363,3
1771109541862,0.3482717275619507,-0.5655651092529297,0.8212840557098389,3
1771109541970,-0.5387763977050781,0.27642250061035156,-1.2525653839111328,3
1771109542082,0.6158826947212219,0.30499935150146484,-0.7875940799713135,3
1771109542378,-0.18787209689617157,-0.21210289001464844,-1.275155782699585,3
1771109542379,-0.18787209689617157,-0.21210289001464844,-1.275155782699585,3
1771109542423,-0.12281664460897446,-0.021811485290527344,0.022615671157836914,3
1771109542504,0.29390260577201843,-0.28539276123046875,0.8206644058227539,3
1771109542611,0.47295600175857544,-0.5747928619384766,0.30788350105285645,3
1771109542712,0.1606985181570053,-0.42186737060546875,-0.03669095039367676,3
1771109542820,0.11490599066019058,-0.22385120391845703,0.04749011993408203,3
1771109542929,0.2986442446708679,0.12978744506835938,1.6989461183547974,3
1771109543037,0.6339061260223389,0.4407949447631836,1.1023235321044922,3
1771109543146,-0.43577075004577637,0.31527042388916016,0.9167144298553467,3
1771109543252,-0.4936821758747101,-0.2532491683959961,-0.20870494842529297,3
1771109543385,0.7369416952133179,0.1991567611694336,1.8782055377960205,3
1771109543464,-0.1852322816848755,0.3321237564086914,-1.2754721641540527,3
1771109543573,-0.41680338978767395,0.21754932403564453,0.31858301162719727,3
1771109543680,-0.1354769617319107,-0.7349824905395508,0.016610145568847656,3
1771109543789,-0.776181697845459,-0.2309103012084961,-1.3691576719284058,3
1771109543896,-0.05017418414354324,0.17937660217285156,-0.5483417510986328,3
1771109544005,0.12942300736904144,1.0128183364868164,0.22624659538269043,3
1771109544140,0.23878073692321777,0.9171781539916992,1.3522710800170898,3
1771109544216,-0.2381070852279663,-0.24663257598876953,-0.522179126739502,3
1771109544322,-0.004938893020153046,0.11469459533691406,-0.6311002969741821,3
1771109544431,-0.36892804503440857,-0.3587369918823242,0.5212380886077881,3
1771109544539,0.5932193994522095,-0.722686767578125,1.3084607124328613,3
1771109544642,0.06100715696811676,-0.0906839370727539,-0.3558621406555176,3
1771109544746,-0.03341200202703476,1.0273628234863281,-1.1434704065322876,3
1771109544848,-0.9540247917175293,-0.4932823181152344,-0.04434776306152344,3
1771109544955,0.18562674522399902,-0.36327171325683594,1.1667428016662598,3
1771109545065,-0.17416183650493622,0.6513566970825195,0.252410888671875,3
1771109545175,-0.08022408187389374,0.04128456115722656,-0.15375995635986328,3
1771109545281,-0.19112130999565125,0.4649686813354492,-0.29714512825012207,3
1771109545381,-0.02560235559940338,0.4949150085449219,-0.499076247215271,3
1771109545492,-0.22517499327659607,-0.09769630432128906,-0.36153101921081543,3
1771109545598,1.0249749422073364,0.5449857711791992,1.8553290367126465,3
1771109545698,-0.1420692503452301,-0.2721872329711914,0.027144908905029297,3
1771109545808,0.3736780285835266,-0.6118354797363281,0.9718458652496338,3
1771109545917,-0.31573209166526794,0.11722373962402344,0.0613253116607666,3
1771109546023,0.2526710331439972,0.5411128997802734,-1.1656562089920044,3
1771109546132,-0.5937795639038086,0.09138679504394531,0.8489360809326172,3
1771109546242,0.16680197417736053,0.2189769744873047,-0.2703547477722168,3
1771109546383,-0.16741017997264862,-0.2970256805419922,1.2931256294250488,3
1771109546458,-0.39086684584617615,0.5368280410766602,-0.2557952404022217,3
1771109546566,0.3558654189109802,-0.21758365631103516,-0.2892725467681885,3
1771109546678,0.10818696767091751,-0.7693986892700195,0.0018095970153808594,3
1771109546782,0.6663967370986938,-0.6462249755859375,0.7438945770263672,3
1771109546894,-0.030588742345571518,-0.5198354721069336,-0.2696986198425293,3
1771109547001,-0.35065698623657227,-0.3549966812133789,0.10323715209960938,3
1771109547108,0.47755229473114014,-0.029618263244628906,0.6732265949249268,3
1771109547216,-0.10765057057142258,0.7780332565307617,-0.7071740627288818,3
1771109547319,0.29364466667175293,-0.26973438262939453,-0.19080090522766113,3
1771109547425,-0.2581745386123657,0.15685176849365234,0.4111824035644531,3
1771109547534,0.31172308325767517,-0.9371519088745117,0.9112191200256348,3
1771109547635,0.10745726525783539,0.38924312591552734,0.8831822872161865,3
1771109547742,-0.3815436363220215,0.21627235412597656,-1.123258113861084,3
1771109547853,0.09382811188697815,-0.2873544692993164,0.714104175567627,3
1771109547953,-0.17102736234664917,-0.41638755798339844,-0.4908790588378906,3
1771109548059,-0.4625052213668823,0.6285266876220703,-0.28864598274230957,3
1771109548169,-0.540565013885498,0.5822238922119141,0.335862398147583,3
1771109548276,0.21901530027389526,-0.5247945785522461,0.9155178070068359,3
1771109548387,0.08927544951438904,0.6666259765625,0.4984571933746338,3
1771109548493,-0.2691349387168884,-0.5273914337158203,0.10431408882141113,3
1771109548601,0.70518958568573,0.22690582275390625,0.5773851871490479,3
1771109548710,-0.14851614832878113,-0.017538070678710938,0.46034884452819824,3
1771109548810,0.3319985270500183,0.26563549041748047,0.3739893436431885,3
1771109548918,-0.26110973954200745,0.31322288513183594,0.9395036697387695,3
1771109549029,0.3204416036605835,0.6036291122436523,0.8188488483428955,3
1771109549158,0.634701132774353,0.43911170959472656,0.6275100708007812,3
1771109549243,0.4836884140968323,-0.3168373107910156,0.9489140510559082,3
1771109549344,0.2940586507320404,0.3241891860961914,0.4985928535461426,3
1771109549452,-0.2431587278842926,0.30776214599609375,-0.28444719314575195,3
1771109549560,-0.5363216996192932,-0.07496261596679688,-1.9519596099853516,3
1771109549669,0.27834585309028625,0.0813436508178711,-0.35447049140930176,3
1771109549780,-0.6511716842651367,0.24099159240722656,-0.7594101428985596,3
1771109549886,0.38256338238716125,0.54840087890625,-0.442718505859375,3
1771109549986,-0.040046632289886475,0.7259130477905273,-0.32651710510253906,3
1771109550123,-0.08548784255981445,0.136474609375,-0.39206457138061523,3
1771109550203,0.16030827164649963,-0.4637784957885742,2.1865551471710205,3
1771109550305,-0.1661948710680008,-0.34943580627441406,0.08341550827026367,3
1771109550411,-0.09051352739334106,0.24586009979248047,0.05397510528564453,3
1771109550512,0.20760947465896606,0.085662841796875,-0.09679722785949707,3
1771109550620,-0.3206727206707001,-0.19601821899414062,0.13042259216308594,3
1771109550729,-0.49911633133888245,0.20008468627929688,-0.08275914192199707,3
1771109550829,-0.04403690993785858,0.10112285614013672,-0.029726028442382812,3
1771109550937,-0.5378435850143433,0.1667013168334961,0.6941533088684082,3
1771109551045,-0.2479773908853531,-0.25548648834228516,-0.5490579605102539,3
1771109551162,-0.19173046946525574,-0.43595218658447266,-0.4133949279785156,3
1771109551263,-0.4471309185028076,0.009913444519042969,0.2943406105041504,3
1771109551389,-0.759820818901062,-0.1665821075439453,-0.6356768608093262,3
1771109551489,-0.47768130898475647,0.39013195037841797,0.1506798267364502,3
1771109551583,-0.1751074194908142,-0.2633352279663086,0.24005389213562012,3
1771109551688,-0.47384315729141235,0.1720438003540039,-1.0932610034942627,3
1771109551798,-0.3161424398422241,0.07549190521240234,0.711505651473999,3
1771109551905,0.06277579069137573,-0.39418792724609375,-0.09766530990600586,3
1771109552014,-0.25678306818008423,-0.13835906982421875,0.7842180728912354,3
1771109552126,-0.6893602609634399,-0.19997119903564453,-1.0434330701828003,3
1771109552224,0.2890227735042572,-0.0977945327758789,1.0064771175384521,3
1771109552346,0.7413883209228516,-0.05881500244140625,1.0828356742858887,3
1771109552481,0.1849428415298462,0.7064180374145508,0.807119607925415,3
1771109552550,0.042718708515167236,0.43912315368652344,-0.011845827102661133,3
1771109552647,1.059722661972046,0.35684967041015625,0.8089456558227539,3
1771109552748,-0.3860023617744446,0.1480855941772461,-0.025054216384887695,3
1771109552856,-0.16872304677963257,0.16518688201904297,0.14308786392211914,3
1771109552965,0.08360118418931961,0.5658969879150391,0.2724454402923584,3
1771109553072,-0.11178962886333466,-0.03212451934814453,-0.7547026872634888,3
1771109553180,0.3881109952926636,0.12085151672363281,0.6441049575805664,3
1771109553281,-0.3283327519893646,0.39409542083740234,-1.2557756900787354,3
1771109553393,0.4285895824432373,0.13194942474365234,-0.4854544401168823,3
1771109553489,-0.1257302612066269,-0.25194644927978516,-0.43899595737457275,3
1771109553599,-0.22271202504634857,-0.16156768798828125,0.012778759002685547,3
1771109553706,-0.1694827377796173,0.13188648223876953,-0.25299274921417236,3
1771109553814,-0.11744534969329834,0.02465534210205078,0.37113845348358154,3
1771109553922,0.07585830986499786,0.5606689453125,-0.30033308267593384,3
1771109554024,0.18787989020347595,-0.12935829162597656,0.09570133686065674,3
1771109554132,0.40477609634399414,0.22065067291259766,0.7292722463607788,3
1771109554235,-0.1306573748588562,-0.38072967529296875,0.7661159038543701,3
1771109554345,0.5782127380371094,-0.30889225006103516,0.0076577067375183105,3
1771109554450,0.27894195914268494,-0.13059616088867188,1.2378486394882202,3
1771109554557,-0.20239919424057007,0.2232990264892578,-0.1282491683959961,3
1771109554665,0.4092313051223755,-0.0831308364868164,0.3740880489349365,3
1771109554766,0.5132478475570679,-0.4555788040161133,0.3676255941390991,3
1771109554873,0.3194860816001892,-0.10549736022949219,1.0857672691345215,3
1771109554976,0.18723224103450775,0.13077259063720703,0.10575366020202637,3
1771109555082,-0.08885379135608673,0.06052875518798828,0.7688416242599487,3
1771109555194,0.2892969250679016,0.16877365112304688,0.9223051071166992,3
1771109555299,0.22299307584762573,0.12855243682861328,0.9961056709289551,3
1771109555408,-0.2902541756629944,-0.4220399856567383,-0.20853424072265625,3
1771109555517,0.07873956859111786,-0.18603515625,-0.3466908931732178,3
1771109555628,0.4999830722808838,-0.0028753280639648438,0.14642810821533203,3
1771109555733,-0.2178621143102646,-0.08703327178955078,-0.24217963218688965,3
1771109555842,0.11210548877716064,-0.15945148468017578,-0.3026416301727295,3
1771109555954,0.08786890655755997,0.1705150604248047,0.03534412384033203,3
1771109556064,-0.24533964693546295,-0.0507354736328125,-1.2951327562332153,3
1771109556176,-0.08339656889438629,-0.11274051666259766,0.18953680992126465,3
1771109556287,0.2755483090877533,-0.36611461639404297,0.12557578086853027,3
1771109556401,0.028191033750772476,-0.35195064544677734,0.7233448028564453,3
1771109556492,0.13572660088539124,0.1773204803466797,0.5936477184295654,3
1771109556601,-0.38929611444473267,-0.36079978942871094,-0.28595948219299316,3
1771109556709,-0.11877933889627457,-0.12648677825927734,-0.3362579345703125,3
1771109556818,0.41556912660598755,0.5115337371826172,0.41924262046813965,3
1771109556935,-0.04925062507390976,-0.28089141845703125,-0.2751798629760742,3
1771109557034,-0.08441958576440811,-0.11815738677978516,0.29793667793273926,3
1771109557160,-0.029399212449789047,-0.29900455474853516,0.9687573909759521,3
1771109557243,0.2501886785030365,-0.6054201126098633,0.46575260162353516,3
1771109557351,0.06905641406774521,0.5727024078369141,-0.04583132266998291,3
1771109557452,-0.44533205032348633,-0.052641868591308594,-0.5611200332641602,3
1771109557561,0.157379612326622,-0.44568443298339844,0.05062258243560791,3
1771109557670,-0.029177429154515266,0.2743959426879883,1.1713519096374512,3
1771109557769,-0.06824488937854767,-0.3043546676635742,-0.3045158386230469,3
1771109557878,-0.44982317090034485,0.18128108978271484,0.5800120830535889,3
1771109557985,-0.1705760359764099,0.13035011291503906,-0.18486380577087402,3
1771109558094,0.08557155728340149,-0.06586933135986328,-0.5977383852005005,3
1771109558202,-0.4040249288082123,0.48415184020996094,-0.051839590072631836,3
1771109558302,-0.10679946094751358,0.7256860733032227,0.7164485454559326,3
1771109558408,0.3769284784793854,-0.38254642486572266,0.8917248249053955,3
1771109558511,-0.15534771978855133,0.042975425720214844,-0.36339330673217773,3
1771109558611,-0.06093292683362961,0.35013580322265625,-0.9872360229492188,3
1771109558719,-0.03734507039189339,0.16323566436767578,-0.08450841903686523,3
1771109558828,0.6864818334579468,0.2960681915283203,1.21036696434021,3
1771109558936,-0.1401994824409485,-0.16242027282714844,0.18213748931884766,3
1771109559036,-0.18666063249111176,-0.2635040283203125,0.14450836181640625,3
1771109559149,-0.30846652388572693,-0.1681842803955078,0.05265617370605469,3
1771109559245,-0.5909723043441772,-0.09447956085205078,-1.3436551094055176,3
1771109559353,0.1344647854566574,-0.26734447479248047,0.016150474548339844,3
1771109559461,-0.6432848572731018,0.4359111785888672,-1.0795581340789795,3
1771109559562,-0.049117233604192734,-0.21761322021484375,-0.1951582431793213,3
1771109559671,0.1676957607269287,-0.3557758331298828,1.3883788585662842,3
1771109559778,-0.14347192645072937,0.22931957244873047,-0.8602230548858643,3
1771109559888,-0.19046616554260254,1.1375913619995117,0.29778099060058594,3
1771109559992,-0.0933370515704155,0.01794147491455078,-0.7497298717498779,3
1771109560096,-0.16483116149902344,-0.09906673431396484,0.3808166980743408,3
1771109560224,-0.29165926575660706,-0.3518257141113281,1.0917320251464844,3
1771109560304,-0.22841958701610565,-0.3131446838378906,0.8453888893127441,3
1771109560405,0.1080712378025055,-0.15760326385498047,0.38205766677856445,3
1771109560513,-0.3640509247779846,0.3671989440917969,0.1484975814819336,3
1771109560624,0.3418346643447876,-0.3428010940551758,-0.7914800643920898,3
1771109560730,0.026974523440003395,0.061405181884765625,0.6973819732666016,3
1771109560838,-0.5489197373390198,-0.11005401611328125,-0.6845529079437256,3
1771109560938,0.4222480058670044,0.2750978469848633,-0.4011397361755371,3
1771109561047,0.2329002320766449,0.30176830291748047,1.0463247299194336,3
1771109561177,-0.18742360174655914,-0.6960659027099609,-1.0932717323303223,3
1771109561263,0.2716677784919739,0.15875244140625,0.44716858863830566,3
1771109561399,0.6243467926979065,-0.08145904541015625,0.2859079837799072,3
1771109561474,0.13153116405010223,-0.5534019470214844,-0.3234574794769287,3
1771109561573,-0.3785783648490906,-0.35333251953125,-0.1651151180267334,3
1771109561681,0.062123700976371765,0.18436908721923828,0.8827359676361084,3
1771109561790,-0.6512753963470459,-0.871826171875,0.13364267349243164,3
1771109561897,-0.24198859930038452,-0.30449390411376953,-1.0570933818817139,3
1771109562007,0.13787859678268433,0.7914066314697266,-0.2368791103363037,3
1771109562120,-0.023110590875148773,-0.010010719299316406,0.5887367725372314,3
1771109562217,-0.25616541504859924,-0.22232627868652344,-1.534855842590332,3
1771109562323,-0.5816433429718018,-0.1083669662475586,0.05827689170837402,3
1771109562423,0.7079945206642151,-0.02158641815185547,0.96632981300354,3
1771109562526,-0.6355222463607788,0.23693275451660156,0.4813249111175537,3
1771109562632,0.038652896881103516,-0.2091360092163086,0.43036603927612305,3
1771109562740,-0.17636631429195404,0.6876773834228516,1.2830810546875,3
1771109562849,-0.031116940081119537,0.21105384826660156,1.0299339294433594,3
1771109562957,0.43425989151000977,0.22345447540283203,0.22728705406188965,3
1771109563058,-0.06059993803501129,-0.07124519348144531,-0.03189277648925781,3
1771109563165,0.3496590852737427,0.20184040069580078,1.0039253234863281,3
1771109563274,0.15949393808841705,0.46430397033691406,0.17046213150024414,3
1771109563396,-0.5639894008636475,0.23598670959472656,-0.18950700759887695,3
1771109563483,0.20560957491397858,-0.10341358184814453,0.46779727935791016,3
1771109563591,0.14903272688388824,-0.1823434829711914,0.18720340728759766,3
1771109563701,-0.20569056272506714,0.2592964172363281,-0.365201473236084,3
1771109563808,-0.3714725971221924,0.46474266052246094,-0.522447943687439,3
1771109563916,0.1978580504655838,-0.22170162200927734,-0.4795490503311157,3
1771109564025,-0.1025853306055069,-0.1688089370727539,-0.8726508617401123,3
1771109564133,0.281007319688797,0.14836502075195312,0.28206586837768555,3
1771109564242,0.23327390849590302,-0.19813156127929688,0.28146088123321533,3
1771109564350,-0.047799915075302124,0.24167919158935547,0.7444428205490112,3
1771109564450,-0.011974021792411804,-0.02862834930419922,-0.8263369798660278,3
1771109564559,-0.06335292756557465,-0.6298360824584961,-0.6965960264205933,3
1771109564667,0.18335860967636108,0.07535839080810547,0.3590470552444458,3
1771109564768,0.07781115919351578,0.19616127014160156,0.6445318460464478,3
1771109564876,0.0497855544090271,0.09846210479736328,0.07868385314941406,3
1771109564980,-0.2500511109828949,-0.010755538940429688,0.11143088340759277,3
1771109565085,0.36217400431632996,-0.42226505279541016,-0.331612229347229,3
1771109565212,0.36142146587371826,-0.16389846801757812,-0.7667058110237122,3
1771109565300,-0.004477769136428833,-0.18050289154052734,-0.1044013500213623,3
1771109565402,0.8204199075698853,0.05977344512939453,1.097859501838684,3
1771109565511,0.035003408789634705,0.8875789642333984,1.9972234964370728,3
1771109565619,0.1071603000164032,-0.05048942565917969,-0.4576629400253296,3
1771109565726,0.02424319088459015,-0.15508270263671875,-0.194860577583313,3
1771109565835,-0.2980777621269226,0.2843790054321289,-1.0349828004837036,3
1771109565936,0.30648237466812134,-0.48265743255615234,0.008817553520202637,3
1771109566043,0.2034187763929367,-0.18430042266845703,0.4575740098953247,3
1771109566169,-0.17953164875507355,0.32360267639160156,0.05614030361175537,3
1771109566260,0.30949869751930237,-0.6457014083862305,-0.32515716552734375,3
1771109566398,0.46362027525901794,-0.36708736419677734,-0.010680198669433594,3
1771109566477,-0.15886926651000977,0.07710933685302734,-0.47258663177490234,3
1771109566578,0.3288809061050415,-0.30423641204833984,0.325374960899353,3
1771109566685,0.3518906235694885,-0.5985689163208008,0.07094252109527588,3
1771109566794,0.4120481312274933,0.8182258605957031,0.9066163301467896,3
1771109566902,-0.1744157373905182,-0.5103473663330078,-1.7587512731552124,3
1771109567004,0.5671734809875488,-0.19789981842041016,0.225297212600708,3
1771109567114,-0.12009169161319733,-0.17151737213134766,-0.13890767097473145,3
1771109567220,0.19593928754329681,-0.2738151550292969,0.3447277545928955,3
1771109567329,-0.017076708376407623,-0.018456459045410156,0.6470543146133423,3
1771109567444,0.19730326533317566,0.22030353546142578,-0.2401728630065918,3
1771109567536,-0.13577118515968323,0.7205076217651367,0.5776227712631226,3
1771109567644,0.3665551543235779,-0.5732955932617188,0.12425363063812256,3
1771109567753,0.10892041027545929,0.10172176361083984,-0.3014262914657593,3
1771109567867,-0.15539653599262238,-0.06889629364013672,0.2689352035522461,3
1771109567962,-0.3062240183353424,-0.3609647750854492,-0.06820106506347656,3
1771109568070,-0.13263525068759918,-0.22980213165283203,-0.10336756706237793,3
1771109568192,-0.17691749334335327,-0.22446155548095703,0.8100070953369141,3
1771109568278,-0.427986204624176,0.3149566650390625,-0.7522974014282227,3
1771109568418,0.5546368360519409,0.3482818603515625,-0.4338493347167969,3
1771109568495,-0.48956429958343506,-0.2516183853149414,-1.3870148658752441,3
1771109568604,-0.34692931175231934,0.09430217742919922,-0.9908779859542847,3
1771109568712,0.2385803759098053,0.3990926742553711,-0.4291419982910156,3
1771109568820,0.027627483010292053,-0.5233249664306641,-0.5504245758056641,3
1771109568930,-0.03135886788368225,0.6848573684692383,0.31276559829711914,3
1771109569037,0.30441319942474365,0.004741668701171875,-0.4807264804840088,3
1771109569146,0.01752292364835739,0.11696434020996094,-0.7010045051574707,3
1771109569246,-0.1099669560790062,0.6985750198364258,0.07722711563110352,3
1771109569357,0.19760926067829132,0.003688812255859375,0.11163222789764404,3
1771109569463,0.6083864569664001,-0.9889078140258789,1.04750657081604,3
1771109569572,0.32008272409439087,0.635676383972168,-0.15697228908538818,3
1771109569679,-0.5024306178092957,0.08910942077636719,-1.762465476989746,3
1771109569780,0.2616308331489563,-0.9088325500488281,-0.016155362129211426,3
1771109569888,0.8437156677246094,0.0031070709228515625,0.8205974102020264,3
1771109569996,0.029147744178771973,-0.8488664627075195,-0.035836100578308105,3
1771109570097,-0.36606118083000183,0.09810447692871094,-0.8701083660125732,3
1771109570205,0.501106858253479,0.26279735565185547,0.12446379661560059,3
1771109570313,-0.40294450521469116,0.0178375244140625,0.6755415201187134,3
1771109570414,-0.17335627973079681,0.3522968292236328,0.6245003938674927,3
1771109570522,-0.3791239857673645,0.2303609848022461,-0.8350039720535278,3
1771109570632,0.21309791505336761,0.24078369140625,0.30922091007232666,3
1771109570739,0.041662171483039856,0.6248912811279297,-0.38690185546875,3
1771109570839,-0.252625048160553,-0.3712882995605469,0.25258827209472656,3
1771109570947,-0.18052755296230316,0.30787086486816406,-0.606817364692688,3
1771109571059,-0.3815963864326477,-0.24898242950439453,-0.48931360244750977,3
1771109571165,0.39628279209136963,-0.2699270248413086,0.6180030107498169,3
1771109571273,0.26595237851142883,-0.09718513488769531,0.8160861730575562,3
1771109571420,-0.37741389870643616,0.015859603881835938,-1.8433146476745605,3
1771109571491,-0.16108116507530212,0.12257862091064453,-1.1052758693695068,3
1771109571598,-0.19175374507904053,0.1707630157470703,0.023055195808410645,3
1771109571707,-0.17675797641277313,0.3330955505371094,-0.17769134044647217,3
1771109571815,0.15750651061534882,0.2842750549316406,0.5309569835662842,3
1771109571916,-0.11295612901449203,-0.0093841552734375,0.05647110939025879,3
1771109572023,-0.3216818571090698,0.7908039093017578,-0.012891888618469238,3
1771109572124,0.43866395950317383,-0.6071043014526367,0.3990042209625244,3
1771109572233,0.5203418135643005,-0.32041358947753906,0.9955251216888428,3
1771109572341,-0.10740741342306137,0.17444229125976562,0.47089648246765137,3
1771109572448,-0.1578112691640854,0.06998538970947266,0.23097562789916992,3
1771109572557,-0.1524544507265091,0.10116100311279297,1.284949779510498,3
1771109572666,0.4966634511947632,-0.3890800476074219,0.9984257221221924,3
1771109572775,0.14120912551879883,0.20273780822753906,0.24363374710083008,3
1771109572887,-0.19941063225269318,0.007426261901855469,0.5346696376800537,3
1771109572991,0.11199141293764114,-0.6033954620361328,-0.12023353576660156,3
1771109573130,-0.2180907279253006,0.2153768539428711,0.27500128746032715,3
1771109573208,-0.462149441242218,-0.4074983596801758,-1.7362403869628906,3
1771109573317,-0.31589680910110474,-0.07439422607421875,0.06224250793457031,3
1771109573419,-0.24978071451187134,0.46955204010009766,-0.0005376338958740234,3
1771109573527,-0.0716620609164238,0.16823959350585938,0.18893718719482422,3
1771109573637,-0.617641806602478,0.14402389526367188,-0.2850053310394287,3
1771109573742,0.24699462950229645,0.08655929565429688,-0.6243473291397095,3
1771109573843,0.09696638584136963,0.3082084655761719,1.082962989807129,3
1771109573951,0.7283753156661987,-0.0613555908203125,0.9738054275512695,3
1771109574060,-0.07878521084785461,-0.6835803985595703,-0.012851238250732422,3
1771109574160,-0.040300942957401276,0.43245506286621094,-0.25724101066589355,3
1771109574268,-0.19379888474941254,-0.4091920852661133,-1.684311866760254,3
1771109574376,-0.3763120472431183,-0.15580272674560547,-0.5860723257064819,3
1771109574485,-0.42732495069503784,-0.2107086181640625,-0.26903557777404785,3
1771109574594,0.021166428923606873,-0.29367637634277344,0.15549921989440918,3
1771109574701,-0.07239465415477753,0.03211784362792969,0.7469625473022461,3
1771109574811,0.5338583588600159,0.643742561340332,-0.19488263130187988,3
1771109574917,-0.4475962221622467,0.06440544128417969,-0.11004042625427246,3
1771109575032,0.04640108346939087,-0.2743511199951172,-0.050399065017700195,3
1771109575135,0.05635390430688858,0.05555534362792969,0.36187970638275146,3
1771109575236,-0.2999427914619446,0.24318313598632812,0.31757938861846924,3
1771109575345,0.2427692711353302,-0.5395841598510742,-0.2426837682723999,3
1771109575444,0.051903266459703445,0.23475170135498047,0.09592700004577637,3
1771109575552,0.2550334632396698,0.5195856094360352,0.9275634288787842,3
1771109575654,-0.4820859432220459,-0.1555461883544922,0.36314618587493896,3
1771109575760,-0.40525150299072266,0.16623878479003906,-0.6021630764007568,3
1771109575869,0.6286751627922058,-0.16936874389648438,-0.18896424770355225,3
1771109575977,-0.003134608268737793,-0.033631324768066406,0.5149524211883545,3
1771109576079,0.4590529799461365,-0.36420440673828125,0.23159003257751465,3
1771109576186,0.4425501227378845,0.610621452331543,0.482113242149353,3
1771109576296,-0.3889106512069702,-0.02449512481689453,-0.8693112134933472,3
1771109576435,0.30923721194267273,0.1957721710205078,0.46710288524627686,3
1771109576504,-0.2815176844596863,-0.09145164489746094,-0.7892504334449768,3
1771109576613,0.10186431556940079,0.0775594711303711,0.028916001319885254,3
1771109576720,-0.06788009405136108,0.036563873291015625,0.2567563056945801,3
1771109576820,-0.3323632776737213,-0.6380615234375,-0.5114221572875977,3
1771109576930,0.6084928512573242,0.27627086639404297,0.5490881204605103,3
1771109577037,-0.2757716774940491,0.2908439636230469,-0.6888383626937866,3
1771109577152,-0.2193165421485901,0.037344932556152344,-0.7300930023193359,3
1771109577253,-0.04327567666769028,-0.3788480758666992,-0.03806757926940918,3
1771109577354,-0.07286635041236877,-0.35001277923583984,-0.1810610294342041,3
1771109577462,-0.04729979857802391,0.03849983215332031,1.1389727592468262,3
1771109577572,0.09948097169399261,0.2233743667602539,0.7074229717254639,3
1771109577682,-0.45658040046691895,0.1779766082763672,0.007487893104553223,3
1771109577788,0.2473267912864685,-0.4931812286376953,0.12369060516357422,3
1771109577896,0.37053972482681274,-1.1253070831298828,-1.1825016736984253,3
1771109578004,0.22855672240257263,0.045248985290527344,-0.4087233543395996,3
1771109578116,0.20996630191802979,-0.1550893783569336,0.46603596210479736,3
1771109578220,-0.18277788162231445,-0.5729541778564453,-0.2379089593887329,3
1771109578321,0.10374895483255386,-0.17812156677246094,1.0501322746276855,3
1771109578432,-0.10201152414083481,-0.3673515319824219,-0.4868060350418091,3
1771109578538,0.4445358216762543,0.0927276611328125,1.473233938217163,3
1771109578649,0.26500290632247925,-0.5246849060058594,0.8839569091796875,3
1771109578755,0.3429459035396576,-0.08831214904785156,0.31562340259552,3
1771109578856,0.15913037955760956,0.13991928100585938,-0.4190102815628052,3
1771109578963,0.28682777285575867,0.20921611785888672,1.2570979595184326,3
1771109579072,-0.1102294772863388,0.1825389862060547,0.19147419929504395,3
1771109579184,0.05715582147240639,-0.006056785583496094,0.33742308616638184,3
1771109579281,0.12940046191215515,0.2529268264770508,0.06553268432617188,3
1771109579389,0.5769363045692444,-0.1778554916381836,1.1896381378173828,3
1771109579498,-0.3268741965293884,-0.2721366882324219,0.7691833972930908,3
1771109579607,0.3790840804576874,0.11798763275146484,0.9007675647735596,3
1771109579714,0.1529226154088974,0.5220098495483398,1.2147982120513916,3
1771109579823,0.23523780703544617,-0.7438716888427734,0.3995826244354248,3
1771109579931,-0.5147415995597839,-0.0748300552368164,1.2512848377227783,3
1771109580040,-0.31967389583587646,0.2427692413330078,-1.4011133909225464,3
1771109580159,-0.19188031554222107,-0.2553596496582031,-0.526932954788208,3
1771109580258,0.09579519927501678,0.09436321258544922,0.6602084636688232,3
1771109580365,0.06289485096931458,0.23575115203857422,0.5669569969177246,3
1771109580465,0.12764450907707214,-0.1179647445678711,1.2948110103607178,3
1771109580576,0.5044571161270142,-0.09926509857177734,1.3080236911773682,3
1771109580679,0.0623016357421875,-0.237060546875,0.9216222763061523,3
1771109580782,-0.08743631839752197,0.23850440979003906,-0.6169679164886475,3
1771109580893,0.46902620792388916,-0.14138507843017578,-0.4685814380645752,3
1771109581000,0.07156746089458466,-0.007982254028320312,-0.4608762264251709,3
1771109581124,0.3778355121612549,-0.3603544235229492,0.3587045669555664,3
1771109581216,-0.15878689289093018,0.19253921508789062,-0.030467987060546875,3
1771109581328,-0.001780673861503601,-0.2951774597167969,0.6372144222259521,3
1771109581437,0.3906312584877014,0.03660869598388672,0.7437031269073486,3
1771109581543,-0.496082067489624,0.15706253051757812,0.1923694610595703,3
1771109581650,0.4452526867389679,-0.0912628173828125,-0.564041256904602,3
1771109581759,0.10280576348304749,0.26052188873291016,0.31905531883239746,3
1771109581866,-0.17398567497730255,0.0784463882446289,-0.16324257850646973,3
1771109581967,0.06091247498989105,0.6483592987060547,0.5463533401489258,3
1771109582075,-0.5280960202217102,0.07348442077636719,-1.0755119323730469,3
1771109582183,-0.503781795501709,0.1487283706665039,0.38933515548706055,3
1771109582292,0.05790132284164429,-0.008519172668457031,0.814021110534668,3
1771109582400,0.12965938448905945,-0.2004985809326172,0.0029697418212890625,3
1771109582502,-0.6402838230133057,-0.26809024810791016,-0.8543568849563599,3
1771109582609,0.10328876972198486,-0.4714365005493164,-0.07443499565124512,3
1771109582718,-0.015246152877807617,0.29235267639160156,-0.17555832862854004,3
1771109582827,-0.6207601428031921,0.5531368255615234,-0.36434245109558105,3
1771109582943,0.13085709512233734,0.17361736297607422,-0.9320611953735352,3
1771109583043,0.10524910688400269,0.3004894256591797,-0.0971364974975586,3
1771109583173,-0.3256502151489258,-0.3334646224975586,-1.2706403732299805,3
1771109583264,-0.23378925025463104,0.11461544036865234,-0.8235414028167725,3
1771109583370,0.5540979504585266,-0.13080310821533203,-0.8594604730606079,3
1771109583477,-0.2535139322280884,0.12506961822509766,-0.5993640422821045,3
1771109583584,0.2982475161552429,-0.3963918685913086,0.08400845527648926,3
1771109583685,0.6152838468551636,-0.3094482421875,0.7857162952423096,3
1771109583794,-0.33130550384521484,0.28685760498046875,0.26532959938049316,3
1771109583894,0.1479630023241043,-0.4143514633178711,-0.4532032012939453,3
1771109584002,-0.12471451610326767,0.0813283920288086,0.21884655952453613,3
1771109584148,-0.3968689739704132,-0.029044151306152344,-0.5037026405334473,3
1771109584219,0.5843201875686646,-0.05230903625488281,0.4521489143371582,3
1771109584319,0.3510216176509857,0.7260847091674805,0.41277146339416504,3
1771109584450,-0.21689623594284058,-0.5175266265869141,-0.9993308782577515,3
1771109584528,-0.01977945864200592,0.023446083068847656,0.41188764572143555,3
1771109584636,0.13152220845222473,-0.00235748291015625,0.6134250164031982,3
1771109584744,0.2175360918045044,-0.2538108825683594,0.04134964942932129,3
1771109584844,-0.374496191740036,0.6401100158691406,-0.3599989414215088,3
1771109584953,0.5697133541107178,0.18201255798339844,-0.4913144111633301,3
1771109585053,0.3304823637008667,-0.1519155502319336,0.34065985679626465,3
1771109585185,0.6585402488708496,0.020612716674804688,0.1314404010772705,3
1771109585270,1.0768609046936035,-0.3005714416503906,0.8611137866973877,3
1771109585380,0.04465514421463013,-0.10155391693115234,1.0812726020812988,3
1771109585487,-0.07205478847026825,-0.04280281066894531,0.3891444206237793,3
1771109585589,0.3621099293231964,0.39162254333496094,0.3356447219848633,3
1771109585698,0.40709614753723145,-0.047641754150390625,-0.4593837261199951,3
1771109585805,0.03583173453807831,-0.009837150573730469,-0.01894831657409668,3
1771109585905,0.010399073362350464,0.5699729919433594,-0.037204742431640625,3
1771109586012,-0.11949280649423599,0.1249551773071289,0.19741535186767578,3
1771109586124,0.5032382011413574,-0.7647457122802734,0.07609033584594727,3
1771109586221,-0.03027603030204773,0.4912300109863281,0.8546345233917236,3
1771109586329,-0.26109811663627625,0.3474712371826172,1.0895705223083496,3
1771109586440,0.1212974339723587,0.24245452880859375,1.4736125469207764,3
1771109586538,0.8180347681045532,0.5841245651245117,1.4262948036193848,3
1771109586646,0.25127387046813965,0.22497940063476562,-0.6913467645645142,3
1771109586754,0.11699561774730682,0.04178333282470703,-0.5115153789520264,3
1771109586863,-0.1266745626926422,0.23318004608154297,0.6748480796813965,3
1771109586973,-0.0004306584596633911,0.4349536895751953,0.9874026775360107,3
1771109587080,-0.13105127215385437,-0.1980752944946289,0.32595062255859375,3
1771109587190,-0.01362919807434082,-0.10249042510986328,0.3968336582183838,3
1771109587298,0.45219215750694275,0.2388324737548828,0.7568020820617676,3
1771109587400,0.087567999958992,-0.4706697463989258,-0.0016164779663085938,3
1771109587506,0.06204923987388611,0.16190624237060547,0.36196231842041016,3
1771109587614,0.049908190965652466,-0.011478424072265625,0.4971444606781006,3
1771109587715,0.11190363764762878,-0.034165382385253906,0.6812620162963867,3
1771109587823,-0.37281960248947144,0.7300662994384766,0.20206570625305176,3
1771109587927,-0.352818101644516,-0.12534236907958984,0.14299917221069336,3
1771109588031,-0.02516072988510132,-0.022556304931640625,-0.38427042961120605,3
1771109588149,-0.5186278223991394,0.4857797622680664,-1.2073845863342285,3
1771109588256,-0.019902825355529785,0.10828018188476562,-0.24995183944702148,3
1771109588366,0.3432424068450928,0.28984928131103516,1.0606255531311035,3
1771109588473,0.012274634093046188,-0.05850028991699219,-0.34217965602874756,3
1771109588583,0.2961064875125885,-0.019853591918945312,0.3902406692504883,3
1771109588691,0.16407066583633423,-0.003970146179199219,-0.1592540740966797,3
1771109588800,0.1166633889079094,0.0043773651123046875,-0.6910837888717651,3
1771109588900,-0.04493033140897751,-0.34033775329589844,1.113542079925537,3
1771109589007,0.1941850185394287,-0.27817440032958984,0.4197573661804199,3
1771109589108,0.06435255706310272,-0.1847076416015625,-0.29384684562683105,3
1771109589218,0.2306814044713974,0.0684652328491211,-0.17641854286193848,3
1771109589324,-0.15833136439323425,0.058528900146484375,-0.711216926574707,3
1771109589456,0.059181176126003265,-0.21536636352539062,0.3178231716156006,3
1771109589535,-0.17826637625694275,-0.4658021926879883,-0.0116424560546875,3
1771109589641,0.5917659997940063,0.40304088592529297,1.2866973876953125,3
1771109589749,-0.13312940299510956,-0.1016397476196289,0.1127769947052002,3
1771109589857,-0.028445638716220856,-0.5528059005737305,-0.5812132358551025,3
1771109589967,-0.33389970660209656,0.1481466293334961,0.16855812072753906,3
1771109590076,0.04787718504667282,0.12481689453125,0.39290499687194824,3
1771109590183,0.2405310869216919,0.17896652221679688,0.9950039386749268,3
1771109590293,-0.1115340143442154,-0.0018367767333984375,0.9169800281524658,3
1771109590393,0.3027852177619934,0.041229248046875,-0.28110241889953613,3
1771109590500,0.3893541097640991,0.5457935333251953,0.9812602996826172,3
1771109590609,0.34941813349723816,0.4413328170776367,0.4401082992553711,3
1771109590717,-0.10488639771938324,-0.1643657684326172,-0.288010835647583,3
1771109590817,0.2847326099872589,0.10546684265136719,0.6832675933837891,3
1771109590925,0.3075287342071533,-0.06867790222167969,0.040313005447387695,3
1771109591033,0.2938355803489685,-0.7211036682128906,-0.12631726264953613,3
1771109591159,-0.22521010041236877,-0.03978538513183594,0.9694688320159912,3
1771109591242,-0.921687662601471,0.051631927490234375,-0.006051540374755859,3
1771109591351,-0.6194531321525574,0.10235977172851562,0.5142099857330322,3
1771109591460,0.259239137172699,-0.2296314239501953,1.2115204334259033,3
1771109591568,-0.1084408164024353,0.2118520736694336,0.4183468818664551,3
1771109591676,-0.30619147419929504,0.39394378662109375,0.4267435073852539,3
1771109591778,-0.12290546298027039,-0.21933937072753906,-0.26270508766174316,3
1771109591886,-0.19086626172065735,-0.1641998291015625,0.27425718307495117,3
1771109591994,-0.3835415244102478,-0.14177227020263672,-0.7976438999176025,3
1771109592101,0.33994850516319275,-0.29137325286865234,-0.3390333652496338,3
1771109592205,0.2655845284461975,0.2239398956298828,1.0680429935455322,3
1771109592310,0.3505890667438507,-0.038867950439453125,0.7894062995910645,3
1771109592460,-0.11322131752967834,-0.0029163360595703125,-0.04660940170288086,3
1771109592527,-0.21466192603111267,0.20792102813720703,-0.4398062229156494,3
1771109592638,-0.24257133901119232,0.20314407348632812,-1.0981786251068115,3
1771109592739,0.04512166231870651,-0.19433116912841797,0.5062682628631592,3
1771109592845,0.26368793845176697,-0.45621204376220703,0.1275191307067871,3
1771109592953,0.4210911989212036,0.3603239059448242,-0.07278823852539062,3
1771109593061,0.10022634267807007,0.13702964782714844,-1.179654836654663,3
1771109593170,-0.1284637302160263,-0.45728397369384766,-0.665668249130249,3
1771109593278,0.3396758735179901,-0.33459949493408203,0.21583318710327148,3
1771109593378,0.20365111529827118,0.0314178466796875,-0.5466909408569336,3
1771109593488,0.03800750896334648,-0.5007295608520508,-0.19643759727478027,3
1771109593594,-0.2383800446987152,0.19452953338623047,0.0683584213256836,3
1771109593697,-0.4288075864315033,0.2725811004638672,0.39666008949279785,3
1771109593804,0.4877825081348419,-0.2646017074584961,-0.7138427495956421,3
1771109593912,-0.05646122992038727,-0.018613815307617188,-0.20303726196289062,3
1771109594020,-0.5782415866851807,0.7182407379150391,0.3107883930206299,3
1771109594164,0.19223682582378387,-0.09660530090332031,0.2864646911621094,3
1771109594237,0.3118581771850586,-0.11661434173583984,0.5008580684661865,3
1771109594347,-0.11521720141172409,0.2209768295288086,0.9536247253417969,3
1771109594455,-0.1109616681933403,-0.2386341094970703,0.019520998001098633,3
1771109594563,0.25341570377349854,0.09549236297607422,0.757939338684082,3
1771109594671,0.40432503819465637,0.16721153259277344,0.4102792739868164,3
1771109594779,-0.31232109665870667,0.005627632141113281,-0.10324311256408691,3
1771109594889,0.16182145476341248,0.25945568084716797,0.12943625450134277,3
1771109594996,-0.1709553748369217,0.03116321563720703,0.05501294136047363,3
1771109595098,-0.32124292850494385,-0.41158485412597656,0.08895468711853027,3
1771109595214,0.14845481514930725,0.567535400390625,-0.2149970531463623,3
1771109595322,-0.026258554309606552,0.1114501953125,0.49102091789245605,3
1771109595453,0.20842766761779785,-0.19901371002197266,-0.12175536155700684,3
1771109595540,0.4926443099975586,-0.08796882629394531,-0.21106266975402832,3
1771109595647,-0.2885631024837494,0.4460792541503906,0.4105231761932373,3
1771109595757,-0.004971928894519806,-0.21290874481201172,-0.4846365451812744,3
1771109595864,0.31269270181655884,-0.5012178421020508,-0.48270726203918457,3
1771109595973,-0.26639536023139954,-0.0012073516845703125,-1.0392608642578125,3
1771109596081,0.24848778545856476,-0.4277935028076172,0.0004341602325439453,3
1771109596189,-0.490689754486084,-0.11635112762451172,0.8297257423400879,3
1771109596298,0.04372008889913559,-0.005173683166503906,0.5438194274902344,3
1771109596398,0.0493650808930397,0.45652008056640625,-0.2090010643005371,3
1771109596507,-0.050699323415756226,0.6677331924438477,0.8613321781158447,3
1771109596615,-0.030981093645095825,-0.1598520278930664,0.22927463054656982,3
1771109596723,-0.0018740911036729813,-0.4608478546142578,0.4066358804702759,3
1771109596831,-0.20854070782661438,-0.6623926162719727,0.5193459987640381,3
1771109596932,0.20379646122455597,0.23978042602539062,-0.3011901378631592,3
1771109597041,-0.07487015426158905,0.3288764953613281,0.25467395782470703,3
1771109597175,-0.24501164257526398,-0.46987056732177734,0.09984254837036133,3
1771109597250,0.28938549757003784,-0.4148387908935547,0.00565791130065918,3
1771109597358,0.2518629729747772,0.6153621673583984,0.1948554515838623,3
1771109597467,0.11603458970785141,-0.17058563232421875,0.22844672203063965,3
1771109597576,0.07107947766780853,-0.06981754302978516,-0.07070779800415039,3
1771109597687,-0.32141175866127014,-0.08720684051513672,-0.374173641204834,3
1771109597791,0.24767053127288818,-0.37493038177490234,0.1369321346282959,3
1771109597900,-0.2403622418642044,0.014397621154785156,0.15220212936401367,3
1771109598000,0.7492345571517944,0.5158195495605469,0.13077545166015625,3
1771109598125,-0.5133398175239563,-0.022893905639648438,-1.1146104335784912,3
1771109598209,-0.22299541532993317,-0.3106088638305664,-0.21951675415039062,3
1771109598334,0.484657883644104,-0.07229232788085938,0.13616561889648438,3
1771109598461,-0.061000317335128784,-0.12038040161132812,0.154571533203125,3
1771109598533,0.33396366238594055,-0.012894630432128906,0.3326900005340576,3
1771109598643,0.20249873399734497,0.2386636734008789,-0.1183161735534668,3
1771109598750,0.10052645206451416,-0.28420352935791016,-1.0728282928466797,3
1771109598858,0.9683764576911926,0.5635128021240234,2.195747137069702,3
1771109598967,0.20664796233177185,0.6126289367675781,1.095024585723877,3
1771109599075,0.2688519060611725,-0.2539997100830078,0.1223146915435791,3
1771109599182,0.10027331858873367,0.02769184112548828,0.48279833793640137,3
1771109599283,-0.08694738149642944,0.1192636489868164,-0.00929713249206543,3
1771109599384,0.14326348900794983,-0.3540306091308594,-0.9485702514648438,3
1771109599492,0.01461656391620636,0.4868946075439453,1.4454946517944336,3
1771109599601,-0.2061643749475479,-0.16109943389892578,-0.5649529695510864,3
1771109599709,0.12234919518232346,-0.17609691619873047,-0.32694029808044434,3
1771109599818,-0.1623302698135376,0.057480812072753906,0.42540574073791504,3
1771109599918,0.07840144634246826,0.1958456039428711,0.23099446296691895,3
1771109600029,-0.06630444526672363,-0.4824533462524414,0.06267142295837402,3
1771109600129,0.1762964129447937,-0.25747013092041016,0.8808231353759766,3
1771109600234,0.3036462366580963,0.34595298767089844,0.07378721237182617,3
1771109600335,-0.16182231903076172,-0.5694169998168945,-0.010054349899291992,3
1771109600467,-0.17542611062526703,-0.10683536529541016,-0.26325368881225586,3
1771109600545,-0.13289600610733032,0.36768150329589844,0.15376877784729004,3
1771109600651,-0.028589531779289246,-0.2832498550415039,-1.027686357498169,3
1771109600759,0.48237329721450806,-0.13501358032226562,0.009670257568359375,3
1771109600861,-0.06379439681768417,-0.3146171569824219,0.2954728603363037,3
1771109600961,0.48141151666641235,0.2573537826538086,0.3284580707550049,3
1771109601070,0.14468975365161896,0.15183353424072266,1.5777583122253418,3
1771109601169,0.26158708333969116,-0.07322502136230469,0.8144474029541016,3
1771109601278,-0.12263275682926178,-0.04980182647705078,-0.766085147857666,3
1771109601386,-0.007696241140365601,0.5864734649658203,-0.17116594314575195,3
1771109601494,-0.02938026189804077,-0.18529796600341797,0.2819836139678955,3
1771109601602,-0.24603265523910522,0.4964714050292969,-0.43740224838256836,3
1771109601711,0.08119571208953857,0.5617713928222656,0.41965603828430176,3
1771109601822,-0.3167521357536316,0.5707149505615234,0.40034055709838867,3
1771109601928,-0.18743589520454407,-0.1853809356689453,-0.04810810089111328,3
1771109602031,-0.542885959148407,0.059800148010253906,-0.3458552360534668,3
1771109602137,-0.19949637353420258,-0.3456840515136719,0.08458948135375977,3
1771109602246,-0.2746816873550415,0.12472057342529297,0.5944736003875732,3
1771109602353,0.2300301194190979,-0.5549831390380859,-0.020379066467285156,3
1771109602466,0.07009744644165039,-0.5181045532226562,0.02026057243347168,3
1771109602570,0.2356092631816864,-0.24020099639892578,0.08102011680603027,3
1771109602681,0.4615914821624756,0.006072044372558594,0.4196016788482666,3
1771109602787,-0.2017064243555069,-0.16902446746826172,0.5863015651702881,3
1771109602899,0.04845470190048218,0.04247760772705078,-0.3252267837524414,3
1771109603004,0.7293390035629272,-0.1874713897705078,0.9827620983123779,3
1771109603112,0.15749874711036682,0.6738147735595703,1.318495273590088,3
1771109603215,-0.18319672346115112,0.1645803451538086,0.534430980682373,3
1771109603321,0.11551234126091003,0.30794715881347656,0.22614169120788574,3
1771109603421,-0.0834013819694519,0.0848093032836914,1.1062381267547607,3
1771109603528,-0.638793408870697,-0.1548633575439453,0.14567947387695312,3
1771109603631,0.13381066918373108,-0.23119449615478516,0.28661084175109863,3
1771109603737,0.342801570892334,-0.021730422973632812,0.9320414066314697,3
1771109603838,-0.28901079297065735,-0.08582305908203125,0.3126044273376465,3
1771109603946,0.4142719805240631,0.040889739990234375,-0.13729286193847656,3
1771109604047,-0.4018283188343048,0.27081871032714844,0.6958014965057373,3
1771109604180,-0.10124172270298004,-0.1448831558227539,0.12387537956237793,3
1771109604265,-0.4358384609222412,0.027197837829589844,0.08825397491455078,3
1771109604374,-0.12478169798851013,-0.10851097106933594,0.36286020278930664,3
1771109604480,-0.20319870114326477,0.05462074279785156,0.5150413513183594,3
1771109604588,0.22968363761901855,0.3414783477783203,0.34525084495544434,3
1771109604696,0.07521098852157593,-0.3564901351928711,-0.024984359741210938,3
1771109604807,0.046219587326049805,-0.2032918930053711,0.19511938095092773,3
1771109604914,-0.4915034770965576,0.05124092102050781,-0.11002302169799805,3
1771109605025,0.5680783987045288,0.0736074447631836,0.30814576148986816,3
1771109605122,-0.6225553750991821,-0.021160125732421875,0.06583476066589355,3
1771109605235,0.10441654920578003,0.03046703338623047,0.449573278427124,3
1771109605339,-0.4814930558204651,-0.1945362091064453,0.4212331771850586,3
1771109605473,-0.598953127861023,0.1794424057006836,0.24416208267211914,3
1771109605556,-0.36645203828811646,0.12621784210205078,-0.24957895278930664,3
1771109605664,0.658000111579895,0.5380144119262695,0.17798924446105957,3
1771109605773,-0.2396537959575653,0.2648162841796875,-0.0062024593353271484,3
1771109605873,0.28519973158836365,-0.20104694366455078,0.5261905193328857,3
1771109605981,-0.106854647397995,0.13901424407958984,0.1900944709777832,3
1771109606089,-0.5330644845962524,0.2712078094482422,0.14125633239746094,3
1771109606190,-0.5019273161888123,0.049938201904296875,-0.11051607131958008,3
1771109606298,0.18662042915821075,0.005069732666015625,-0.3437979221343994,3
1771109606406,-0.16214299201965332,-0.05597877502441406,-0.40838003158569336,3
1771109606508,0.328943133354187,-0.3650999069213867,-0.18543577194213867,3
1771109606615,0.02782154083251953,0.29767417907714844,0.9839076995849609,3
1771109606724,0.21276146173477173,-0.0038728713989257812,-0.8099973201751709,3
1771109606833,0.7359865307807922,0.2332935333251953,0.326005220413208,3
1771109606940,-0.6224617958068848,-0.3421459197998047,-0.16433405876159668,3
1771109607041,0.019078746438026428,-0.3715982437133789,-0.8248109817504883,3
1771109607149,-0.1364646553993225,-0.027973175048828125,-0.49449265003204346,3
1771109607258,-0.5164523124694824,0.1884164810180664,-0.7237246036529541,3
1771109607366,-0.015970811247825623,0.019516944885253906,-0.620801568031311,3
1771109607499,-0.07100538909435272,0.3343925476074219,-0.694713830947876,3
1771109607582,-0.02951851114630699,-0.3770303726196289,-0.924212634563446,3
1771109607683,0.023269299417734146,-0.1127920150756836,-0.2877976894378662,3
1771109607791,-0.29332876205444336,0.06538772583007812,0.03808391094207764,3
1771109607900,0.060394033789634705,0.18885135650634766,-0.09624385833740234,3
1771109608008,-0.22770556807518005,0.09285640716552734,0.48924100399017334,3
1771109608119,0.4462223947048187,-0.09657955169677734,0.009930729866027832,3
1771109608229,-0.08997923135757446,0.12577533721923828,0.02680027484893799,3
1771109608333,0.3686486482620239,0.6988801956176758,1.1471567153930664,3
1771109608434,-0.5550952553749084,-0.15978717803955078,-1.100372076034546,3
1771109608544,0.10416149348020554,0.30448246002197266,-0.6383473873138428,3
1771109608650,0.19457347691059113,0.020913124084472656,0.9304174184799194,3
1771109608751,-0.10861582309007645,-0.13776779174804688,-0.36830997467041016,3
1771109608859,0.47656622529029846,-0.008575439453125,1.1890708208084106,3
1771109608967,-0.5342516899108887,0.005759239196777344,-0.4232257604598999,3
1771109609076,0.5089505910873413,-0.5171613693237305,-0.1951916217803955,3
1771109609197,0.2262386679649353,0.04618549346923828,0.5562852621078491,3
1771109609293,0.07024344801902771,-0.2560291290283203,-0.06675970554351807,3
1771109609401,-0.014476150274276733,-0.5178899765014648,0.13389921188354492,3
1771109609509,0.1378958523273468,-0.11679840087890625,0.7209371328353882,3
1771109609610,0.4692370891571045,-0.3745088577270508,0.35529327392578125,3
1771109609718,0.016264617443084717,0.32378673553466797,-0.6960923671722412,3
1771109609819,0.11824718117713928,0.09573745727539062,-0.2898244857788086,3
1771109609928,-0.27097102999687195,-0.19398212432861328,-0.09304654598236084,3
1771109610035,0.005545973777770996,0.48868846893310547,0.5230197906494141,3
1771109610143,0.13719111680984497,0.3001365661621094,0.19664418697357178,3
1771109610244,-0.19143015146255493,-0.0235137939453125,0.2692441940307617,3
1771109610353,-0.20423656702041626,0.07297229766845703,0.1828538179397583,3
1771109610489,-0.05657398700714111,0.3332347869873047,0.13730967044830322,3
1771109610569,0.2082052230834961,-0.3191366195678711,-0.8809971809387207,3
1771109610669,-0.49496546387672424,0.10235977172851562,0.1359405517578125,3
1771109610778,-0.3567630648612976,0.11905479431152344,-0.9703115224838257,3
1771109610878,0.036962300539016724,-0.28791046142578125,-0.21303105354309082,3
1771109610986,0.5930843353271484,-0.021826744079589844,1.0676937103271484,3
1771109611115,0.6906254291534424,0.04122352600097656,0.882270097732544,3
1771109611210,0.20121735334396362,-0.07338333129882812,1.5064470767974854,3
1771109611304,-0.2023765742778778,-0.015544891357421875,-0.18361568450927734,3
1771109611413,0.12373119592666626,-0.037629127502441406,0.15340805053710938,3
1771109611514,0.15700310468673706,0.12718582153320312,1.269887924194336,3
1771109611620,0.3192442059516907,0.05695343017578125,1.831817865371704,3
1771109611721,0.34413373470306396,0.16975021362304688,0.20842504501342773,3
1771109611830,-0.034027814865112305,0.5451822280883789,0.11502695083618164,3
1771109611940,0.22277456521987915,0.0061187744140625,-0.43705320358276367,3
1771109612042,0.19162553548812866,0.22971343994140625,0.004880428314208984,3
1771109612147,-0.15096032619476318,0.5061073303222656,0.20532894134521484,3
1771109612256,-0.06993815302848816,-0.3113260269165039,-0.4694247245788574,3
1771109612379,-0.2508324384689331,0.46390724182128906,0.5213639736175537,3
1771109612510,-0.364237904548645,-0.22173023223876953,-0.24988150596618652,3
1771109612579,0.9583488702774048,-0.03726482391357422,0.6557204723358154,3
1771109612688,-0.29029765725135803,-0.21221923828125,0.03921055793762207,3
1771109612796,0.14818090200424194,0.002880096435546875,0.6295409202575684,3
1771109612896,0.11464506387710571,0.7271862030029297,0.953420877456665,3
1771109613006,0.22063004970550537,-0.1761341094970703,0.8459391593933105,3
1771109613141,-0.7582842707633972,0.10256385803222656,-1.1501619815826416,3
1771109613212,-0.16240304708480835,0.39522457122802734,-0.3822793960571289,3
1771109613313,-0.19018959999084473,-0.17130661010742188,-0.5000686645507812,3
1771109613422,-0.41552141308784485,-0.15778350830078125,0.16615843772888184,3
1771109613532,0.38663622736930847,-0.08707523345947266,0.5891320705413818,3
1771109613639,0.19698530435562134,0.29056644439697266,0.19541311264038086,3
1771109613748,-0.5956078171730042,-0.016843795776367188,-0.7309912443161011,3
1771109613853,0.17961305379867554,-0.6413764953613281,-0.06416630744934082,3
1771109613958,-0.24373216927051544,0.2740192413330078,-0.13376235961914062,3
1771109614064,0.1416129767894745,0.09002685546875,0.029874086380004883,3
1771109614172,-0.07915827631950378,-0.0731191635131836,-0.8581974506378174,3
1771109614273,-0.14120134711265564,-0.07680320739746094,-0.3205296993255615,3
1771109614381,-0.043377697467803955,0.20679187774658203,0.11846208572387695,3
1771109614500,0.49810266494750977,0.17853546142578125,-0.5807514190673828,3
1771109614591,0.27700769901275635,-0.1908702850341797,-0.10227370262145996,3
1771109614697,-0.35478681325912476,0.08523368835449219,0.9329514503479004,3
1771109614798,0.16155749559402466,-0.45534420013427734,-0.28371334075927734,3
1771109614907,-0.22439289093017578,-0.19428443908691406,0.21653962135314941,3
1771109615007,0.14303001761436462,0.3865699768066406,0.4388718605041504,3
1771109615125,0.14234277606010437,0.08288192749023438,-0.17113375663757324,3
1771109615223,-0.01947447657585144,-0.19809532165527344,-1.1823816299438477,3
1771109615334,-0.4712201952934265,0.1626749038696289,0.07458353042602539,3
1771109615440,0.6492831110954285,-0.05234241485595703,0.3581061363220215,3
1771109615550,-0.4284018278121948,-0.1944875717163086,0.6111652851104736,3
1771109615648,0.21112170815467834,-0.1211690902709961,-0.36891937255859375,3
1771109615758,-0.1401473879814148,0.6013221740722656,-0.6496163606643677,3
1771109615866,0.196549654006958,0.22769832611083984,-0.14725470542907715,3
1771109615975,0.557976484298706,0.08722877502441406,0.9631655216217041,3
1771109616075,0.19752708077430725,0.1065816879272461,0.7293906211853027,3
1771109616183,-0.02967238426208496,-0.07723522186279297,0.8423117399215698,3
1771109616291,0.24161195755004883,-0.09651947021484375,0.2321254014968872,3
1771109616400,-0.24461157619953156,0.19608497619628906,0.45849740505218506,3
1771109616509,-0.551516592502594,-0.2128467559814453,-0.43689143657684326,3
1771109616617,0.10367736220359802,0.20429611206054688,-0.3084803819656372,3
1771109616725,-0.41036689281463623,-0.38827037811279297,-0.1872563362121582,3
1771109616834,0.2938988208770752,-0.1021566390991211,0.5303188562393188,3
1771109616942,-0.587957501411438,-0.06221199035644531,-0.2212371826171875,3
1771109617050,0.06496775150299072,-0.5062828063964844,0.3732774257659912,3
1771109617178,0.11600551009178162,-0.3996725082397461,0.394986629486084,3
1771109617267,0.8228507041931152,0.15703964233398438,0.10490548610687256,3
1771109617375,0.3434220850467682,0.5147113800048828,-0.06615173816680908,3
1771109617502,-0.07764074206352234,0.23398780822753906,0.5641701221466064,3
1771109617584,-0.4696509838104248,-0.41251659393310547,0.19019663333892822,3
1771109617694,0.056020528078079224,0.31894493103027344,-0.44202637672424316,3
1771109617793,-0.5636190176010132,-0.18329238891601562,0.2899143695831299,3
1771109617903,0.6123838424682617,-0.009573936462402344,0.9256607294082642,3
1771109618011,0.28033190965652466,0.047829627990722656,0.200250506401062,3
1771109618111,-0.11961948871612549,0.3167543411254883,0.6990870237350464,3
1771109618213,-0.13255852460861206,0.28880786895751953,0.7754055261611938,3
1771109618320,0.020420849323272705,0.20064353942871094,0.3518127202987671,3
1771109618433,-0.22436361014842987,0.3917808532714844,0.3774336576461792,3
1771109618538,0.1167249083518982,-0.5786027908325195,1.0438486337661743,3
1771109618644,0.0336359441280365,-0.3538494110107422,0.024985194206237793,3
1771109618752,0.5108956694602966,0.053330421447753906,0.989938497543335,3
1771109618861,0.15175870060920715,-0.3230886459350586,0.8007252216339111,3
1771109618961,-0.13552525639533997,-0.6743860244750977,-0.2928851842880249,3
1771109619069,0.4054724872112274,0.4962635040283203,1.0028386116027832,3
1771109619199,0.1872650384902954,-0.6450109481811523,0.5581846237182617,3
1771109619279,-0.08192470669746399,0.011214256286621094,0.22294998168945312,3
1771109619388,0.5221350193023682,-0.1336984634399414,1.0936717987060547,3
1771109619498,-0.2042243480682373,0.31018829345703125,0.7591447830200195,3
1771109619596,-0.5259844064712524,-0.04958820343017578,-0.1925666332244873,3
1771109619705,0.33220893144607544,0.2359466552734375,0.42238831520080566,3
1771109619811,-0.04806891083717346,0.28225135803222656,-0.006814241409301758,3
1771109619921,-0.32764196395874023,0.4915294647216797,0.2771718502044678,3
1771109620028,0.31815242767333984,0.13184833526611328,-0.007849693298339844,3
1771109620150,-0.3592780530452728,0.327911376953125,-0.42989134788513184,3
1771109620245,0.46873733401298523,-0.43129920959472656,-0.02474236488342285,3
1771109620354,0.06894126534461975,-0.2912120819091797,0.2418348789215088,3
1771109620462,-0.09061062335968018,-0.1120290756225586,-0.029015302658081055,3
1771109620562,-0.2994089424610138,0.008367538452148438,-0.680622935295105,3
1771109620670,-0.12425190210342407,0.3979673385620117,0.6557679176330566,3
1771109620772,0.7501579523086548,-0.31318092346191406,0.1084587574005127,3
1771109620879,-0.3735806345939636,-0.06732749938964844,0.026461362838745117,3
1771109620980,0.29557374119758606,0.5387687683105469,0.6664767265319824,3
1771109621091,0.1297554075717926,0.1749095916748047,-1.0001096725463867,3
1771109621195,-0.042917400598526,0.37407493591308594,1.4391353130340576,3
1771109621298,0.20715013146400452,0.24445247650146484,0.028576135635375977,3
1771109621407,-0.416858971118927,0.4367866516113281,-0.6624969244003296,3
1771109621505,-0.3290654420852661,-0.3157958984375,-0.923249363899231,3
1771109621612,-0.2806992828845978,-0.1059112548828125,-0.11972761154174805,3
1771109621713,-0.50642329454422,0.2275524139404297,-1.5212645530700684,3
1771109621825,-0.42075076699256897,0.4765596389770508,-1.187087059020996,3
1771109621929,0.2094920575618744,-0.38741111755371094,0.4236283302307129,3
1771109622031,0.04776054620742798,-0.4140443801879883,-0.47271931171417236,3
1771109622145,-0.22350886464118958,0.8386335372924805,0.004812717437744141,3
1771109622241,0.3884221017360687,0.27289676666259766,0.4311032295227051,3
1771109622350,-0.23148272931575775,-0.32233524322509766,0.7343877553939819,3
1771109622455,0.16178205609321594,-0.2892904281616211,0.19699358940124512,3
1771109622556,-0.4437701404094696,0.4027891159057617,-0.29758554697036743,3
1771109622665,0.7062938213348389,-0.0687551498413086,1.3590492010116577,3
1771109622772,0.5617523789405823,0.15941715240478516,1.1078721284866333,3
1771109622881,0.04964086413383484,-0.6357841491699219,-0.18530511856079102,3
1771109622989,0.6455494165420532,0.9130344390869141,0.8125476837158203,3
1771109623125,0.017904162406921387,0.1807565689086914,0.7482727766036987,3
1771109623207,0.3849790394306183,-0.1836233139038086,0.08845961093902588,3
1771109623315,-0.21984535455703735,-0.7096490859985352,-0.2035461664199829,3
1771109623424,0.48948952555656433,0.5701999664306641,1.343996524810791,3
1771109623531,0.0680103451013565,-0.05210685729980469,1.5716760158538818,3
1771109623640,-0.20020592212677002,0.3120279312133789,-0.7179226279258728,3
1771109623743,0.16112872958183289,0.06767559051513672,0.5867359638214111,3
1771109623848,0.7870834469795227,0.0013418197631835938,1.0715986490249634,3
1771109623957,-0.18115471303462982,0.09377574920654297,0.7550771236419678,3
1771109624067,0.0498943030834198,-0.9328041076660156,-0.18964946269989014,3
1771109624175,-0.42097383737564087,0.041373252868652344,-0.006035923957824707,3
1771109624274,0.5621469616889954,0.2582731246948242,0.020078539848327637,3
1771109624383,0.32455652952194214,-0.17987728118896484,-0.6944611072540283,3
1771109624511,-0.07994267344474792,0.2095651626586914,0.1491483449935913,3
1771109624594,0.2946574091911316,0.14339733123779297,1.0970969200134277,3
1771109624699,0.23108574748039246,0.7807779312133789,0.07185959815979004,3
1771109624802,0.0489201545715332,0.18783855438232422,-0.22450244426727295,3
1771109624909,-0.6025635004043579,0.34807777404785156,-0.45617473125457764,3
1771109625020,0.936427652835846,-0.5040788650512695,0.7622544765472412,3
1771109625124,-0.014209449291229248,0.13720989227294922,0.3744504451751709,3
1771109625243,0.24201706051826477,-0.35553836822509766,-0.9343181252479553,3
1771109625350,-0.27725622057914734,0.25551700592041016,1.0038354396820068,3
1771109625459,-0.04344916343688965,-0.3337678909301758,-0.9214474558830261,3
1771109625567,-0.08825080096721649,0.22931766510009766,0.8744163513183594,3
1771109625667,-0.00583881139755249,-0.05383777618408203,0.22843968868255615,3
1771109625777,0.5604556202888489,-0.49416446685791016,0.35241448879241943,3
1771109625884,0.07438501715660095,0.0685882568359375,-0.4507545232772827,3
1771109625995,0.04209628701210022,0.22274017333984375,-0.6362885236740112,3
1771109626102,-0.4736711382865906,-0.21896934509277344,0.7398948669433594,3
1771109626210,1.2696532011032104,-0.0679931640625,1.9219729900360107,3
1771109626318,-0.4223536252975464,0.1430673599243164,-0.17837274074554443,3
1771109626428,0.06729394197463989,-0.017243385314941406,0.46634793281555176,3
1771109626536,0.6401562690734863,-0.23015499114990234,0.4022369384765625,3
1771109626643,0.18896663188934326,-0.36249828338623047,0.8084967136383057,3
1771109626756,0.2701479196548462,0.014174461364746094,0.49517059326171875,3
1771109626852,0.10884636640548706,-0.14504146575927734,0.49303293228149414,3
1771109626956,0.05571085214614868,-0.5013980865478516,-0.8326233625411987,3
1771109627060,-0.03588062524795532,0.23414134979248047,0.027947187423706055,3
1771109627169,1.2135063409805298,-0.0022020339965820312,0.43854308128356934,3
1771109627277,0.20562535524368286,-0.7274637222290039,-1.253965139389038,3
1771109627385,-0.33867138624191284,0.12816715240478516,-0.7371740341186523,3
1771109627513,-0.13163667917251587,0.10496330261230469,-0.5458753108978271,3
1771109627594,0.15927761793136597,-0.5470590591430664,0.8809103965759277,3
1771109627705,0.048912882804870605,0.14077091217041016,0.4911642074584961,3
1771109627803,0.19660592079162598,0.1358051300048828,0.8807084560394287,3
1771109627904,-0.15933740139007568,-0.37412166595458984,0.931338906288147,3
1771109628012,-0.13088595867156982,0.11921119689941406,0.7704538106918335,3
1771109628150,0.15559107065200806,-0.03200340270996094,0.07802474498748779,3
1771109628227,0.04361063241958618,0.6900310516357422,0.2083219289779663,3
1771109628336,0.5514662265777588,0.6645298004150391,0.36256587505340576,3
1771109628445,-0.09281682968139648,-0.3549661636352539,1.571466088294983,3
1771109628553,0.48972731828689575,0.19472312927246094,-0.5379696488380432,3
1771109628654,-0.32170069217681885,0.8570461273193359,0.3104848861694336,3
1771109628765,0.20205959677696228,0.32402515411376953,-0.25357937812805176,3
1771109628869,0.3615294396877289,-0.6467065811157227,-0.3092104196548462,3
1771109628971,-0.9781842231750488,-0.1255502700805664,-0.8768833875656128,3
1771109629078,0.8226239681243896,-0.1105642318725586,0.5214568376541138,3
1771109629180,-0.09905961155891418,-0.05710124969482422,0.5458787679672241,3
1771109629286,0.2029511034488678,0.3334808349609375,0.5539999008178711,3
1771109629387,0.08113294839859009,0.17023754119873047,-1.432053565979004,3
1771109629533,-0.2849755883216858,0.33260345458984375,1.2639774084091187,3
1771109629598,0.03344184160232544,0.45591259002685547,-0.5170845985412598,3
1771109629704,0.04500064253807068,-0.6005373001098633,-0.41820257902145386,3
1771109629812,-0.0034607350826263428,-0.3576211929321289,0.3662530183792114,3
1771109629921,0.22252190113067627,0.42005157470703125,1.3103193044662476,3
1771109630029,-0.0647621601819992,0.7708253860473633,0.8519668579101562,3
1771109630130,0.07227952778339386,-0.6983366012573242,-0.6854746341705322,3
1771109630238,-0.00391058623790741,0.4744577407836914,0.35742634534835815,3
1771109630346,0.5740674138069153,-1.0800886154174805,-1.0036695003509521,3
1771109630455,0.356648325920105,-0.8539838790893555,1.1906448602676392,3
1771109630563,0.41820579767227173,0.2407398223876953,0.2530261278152466,3
1771109630672,0.13644401729106903,0.32041358947753906,-0.407226026058197,3
1771109630780,-0.03303147852420807,0.9412670135498047,0.21566522121429443,3
1771109630888,-0.15109539031982422,0.03872489929199219,-0.5903122425079346,3
1771109630997,0.1432577520608902,-0.21383285522460938,0.3990730047225952,3
1771109631106,0.5035253167152405,-0.18674850463867188,0.048773884773254395,3
1771109631213,0.3227229118347168,0.3440580368041992,0.44343388080596924,3
1771109631322,-0.11257858574390411,-0.08538055419921875,0.06226992607116699,3
1771109631431,-0.33753663301467896,0.28100013732910156,-0.616302490234375,3
1771109631532,0.13158181309700012,0.1618175506591797,0.6296001672744751,3
1771109631639,-0.6364047527313232,-0.36085987091064453,-0.3878400921821594,3
1771109631740,-0.6424953937530518,0.2809791564941406,-0.30684202909469604,3
1771109631848,-0.4761832356452942,0.27432823181152344,-1.068177580833435,3
1771109631956,-0.14899006485939026,-0.27526378631591797,-0.7083064317703247,3
1771109632065,0.03724096715450287,0.6707029342651367,-0.13658052682876587,3
1771109632212,0.10145720839500427,0.05724906921386719,0.07170015573501587,3
1771109632284,0.05448631942272186,0.07586288452148438,-0.19151824712753296,3
1771109632392,0.8381308913230896,0.5714483261108398,-0.5393508672714233,3
1771109632538,0.772363543510437,-0.08881187438964844,-0.04993462562561035,3
1771109632607,0.04675993323326111,-0.10311317443847656,-0.744417667388916,3
1771109632707,0.6352587342262268,-0.7300643920898438,0.11406433582305908,3
1771109632815,-0.17000284790992737,0.3080148696899414,0.2791097164154053,3
1771109632923,-0.7305322885513306,0.5071210861206055,0.3158454895019531,3
1771109633025,-0.11464734375476837,0.028081893920898438,-1.2338582277297974,3
1771109633132,-1.9480992555618286,-0.6691217422485352,0.6549184322357178,3
1771109633234,-0.8215030431747437,0.4982881546020508,-1.8303889036178589,3
1771109633341,-0.5012175440788269,0.05987358093261719,-1.1514289379119873,3
1771109633449,1.1607130765914917,0.6685781478881836,0.6083935499191284,3
1771109633557,-1.1013389825820923,0.02570819854736328,0.3209890127182007,3
1771109633666,-0.9733726978302002,-0.3636636734008789,0.48816728591918945,3
1771109633774,-0.5668057203292847,-0.3941335678100586,-0.30333614349365234,3
1771109633878,0.282712459564209,0.6859674453735352,-1.6787948608398438,3
1771109633982,-0.7808791399002075,0.2127838134765625,0.05487394332885742,3
1771109634092,0.28134602308273315,-0.798649787902832,-0.24708592891693115,3
1771109634201,1.046220064163208,-0.4586296081542969,0.4238884449005127,3
1771109634308,-0.34167391061782837,0.8826913833618164,-0.44190335273742676,3
1771109634417,0.9601120352745056,-0.8434791564941406,-0.05310928821563721,3
1771109634538,0.03170618414878845,0.5323419570922852,-0.7125203609466553,3
1771109634634,0.03311881422996521,-0.7418718338012695,1.05795156955719,3
1771109634743,-0.3394051492214203,0.20598125457763672,-0.7636621594429016,3
1771109634851,0.01184120774269104,0.804774284362793,-1.3641434907913208,3
1771109634959,0.1665278971195221,0.9155797958374023,-1.602908968925476,3
1771109635060,-0.8613096475601196,-0.3041086196899414,-1.4436311721801758,3
1771109635169,-0.8168317079544067,-0.6364412307739258,0.26930034160614014,3
1771109635276,0.04503187537193298,-1.1976871490478516,0.5202165842056274,3
1771109635384,-0.2994028329849243,-0.2837963104248047,0.6477184295654297,3
1771109635492,-0.10091720521450043,0.2798480987548828,-0.1296980381011963,3
1771109635594,0.597272515296936,1.3116168975830078,0.32488393783569336,3
1771109635703,-0.10146039724349976,0.906895637512207,-0.13748550415039062,3
1771109635810,-0.6390213966369629,0.4664936065673828,-0.44826531410217285,3
1771109635919,-0.5883774757385254,0.766230583190918,-0.22786223888397217,3
1771109636028,0.7579953670501709,0.4254331588745117,-0.5099621415138245,3
1771109636154,-0.3071410059928894,-0.6736993789672852,-0.2774522304534912,3
1771109636239,-0.3769862949848175,1.1522026062011719,0.8887027502059937,3
1771109636344,-0.48721906542778015,0.14022064208984375,0.022743582725524902,3
1771109636453,0.42423173785209656,0.27703380584716797,0.23915421962738037,3
1771109636561,1.072072982788086,0.5067729949951172,2.432384967803955,3
1771109636669,1.0398027896881104,0.2964820861816406,0.6563338041305542,3
1771109636778,-0.32663992047309875,-0.34591007232666016,1.7238715887069702,3
1771109636886,0.3901190459728241,-0.6306114196777344,-1.0348354578018188,3
1771109636995,0.20744147896766663,0.8216466903686523,0.26133739948272705,3
1771109637147,0.6486000418663025,-0.04688739776611328,0.45634889602661133,3
1771109637211,0.09946504235267639,-0.33420276641845703,1.5923926830291748,3
1771109637312,0.3798856735229492,0.05400657653808594,0.543992280960083,3
1771109637413,0.003092825412750244,0.2236480712890625,0.18903303146362305,3
1771109637543,0.5283800363540649,-0.19364547729492188,0.20428192615509033,3
1771109637624,-0.5627928972244263,0.6990633010864258,1.6018835306167603,3
1771109637728,-0.08977615833282471,0.18560791015625,0.7587476968765259,3
1771109637829,-0.3094993233680725,-0.1002511978149414,0.36347055435180664,3
1771109637940,0.20499911904335022,-0.24833297729492188,0.5709836483001709,3
1771109638046,-0.3332320749759674,-0.21714210510253906,-0.07109367847442627,3
1771109638165,-0.19010435044765472,-0.186004638671875,0.7619037628173828,3
1771109638272,-0.1018921285867691,-0.0035953521728515625,0.4825775623321533,3
1771109638380,0.5326309204101562,0.334747314453125,0.8584049940109253,3
1771109638488,-0.3637995719909668,0.011040687561035156,-0.919411301612854,3
1771109638589,0.18577948212623596,1.049128532409668,0.41770195960998535,3
1771109638698,-0.611296534538269,0.6433029174804688,0.11135387420654297,3
1771109638797,-0.36782106757164,-0.6204986572265625,-0.9852477312088013,3
1771109638906,0.6858112812042236,0.3557605743408203,0.06425118446350098,3
1771109639016,0.4413171708583832,-1.1383247375488281,-0.0027979612350463867,3
1771109639151,0.025145307183265686,0.9157991409301758,-0.9783134460449219,3
1771109639231,-0.09418851137161255,-0.573359489440918,0.1389601230621338,3
1771109639339,0.05076673626899719,-0.0018930435180664062,-0.7231028079986572,3
1771109639439,0.34427207708358765,0.25176334381103516,-0.270524263381958,3
1771109639540,-0.3281770944595337,1.069169044494629,-0.6778079271316528,3
1771109639648,0.08334019780158997,-0.3995628356933594,0.6466845273971558,3
1771109639750,0.19095554947853088,0.6328611373901367,0.30723321437835693,3
1771109639856,-0.08336271345615387,0.035508155822753906,0.5890147686004639,3
1771109639965,1.7313419580459595,-1.8322296142578125,-0.1638392210006714,3
1771109640064,0.1051272451877594,1.3734016418457031,-1.3349130153656006,3
1771109640176,-1.0564345121383667,-1.5185909271240234,0.3095637559890747,3
1771109640284,0.8458511233329773,0.5209579467773438,0.7482348680496216,3
1771109640391,0.7379933595657349,0.08017539978027344,0.15100014209747314,3
1771109640499,-0.4054073691368103,-0.32497119903564453,0.3071928024291992,3
1771109640600,0.06209942698478699,0.1875753402709961,-0.491122841835022,3
1771109640707,0.42657628655433655,0.664215087890625,0.7577112913131714,3
1771109640809,0.10890397429466248,-0.30605220794677734,0.2400428056716919,3
1771109640915,0.5201759934425354,0.11983776092529297,1.140018343925476,3
1771109641016,0.022733181715011597,-0.36430835723876953,-0.452991247177124,3
1771109641125,-0.46855825185775757,0.053195953369140625,0.27521753311157227,3
1771109641227,0.2913588583469391,-0.780095100402832,0.6198519468307495,3
1771109641336,0.8746417760848999,-1.1606082916259766,1.1587424278259277,3
1771109641443,-0.571134626865387,0.14492130279541016,0.8695673942565918,3
1771109641551,0.8773588538169861,0.12974929809570312,-0.018468379974365234,3
1771109641659,1.1151928901672363,1.2424860000610352,-0.38747334480285645,3
1771109641769,-0.6535071134567261,-0.23937416076660156,1.3557851314544678,3
1771109641876,1.1067813634872437,-0.7810354232788086,1.4652769565582275,3
1771109641984,-0.7580784559249878,-0.47070789337158203,0.3422137498855591,3
1771109642170,0.4407103955745697,-0.04691600799560547,0.288862943649292,3
1771109642197,-0.6478039622306824,0.4180784225463867,-0.8540301322937012,3
1771109642301,-0.5737473368644714,0.24632930755615234,0.012381553649902344,3
1771109642409,0.5890083312988281,0.17498779296875,1.2472695112228394,3
1771109642537,0.6451123952865601,-0.5169639587402344,0.25203239917755127,3
1771109642618,-0.16042280197143555,0.47453975677490234,-1.3440555334091187,3
1771109642726,-0.2891021966934204,0.6095418930053711,-0.26491689682006836,3
1771109642830,0.35016515851020813,-1.3532657623291016,-0.9389995336532593,3
1771109642935,0.6459722518920898,-0.7343978881835938,1.9775824546813965,3
1771109643043,-0.35916030406951904,0.46071720123291016,-0.7726496458053589,3
1771109643175,-1.1046103239059448,-0.7414836883544922,0.8502676486968994,3
1771109643260,0.6536340713500977,1.0558977127075195,0.00018358230590820312,3
1771109643368,0.6030393838882446,-0.14040851593017578,0.760462760925293,3
1771109643477,0.4059760570526123,-1.1820154190063477,0.12663543224334717,3
1771109643585,-0.149196058511734,-0.042903900146484375,0.9296274185180664,3
1771109643693,0.056297898292541504,0.9428005218505859,-2.5494987964630127,3
1771109643803,-1.3121296167373657,1.2377758026123047,-1.0502829551696777,3
1771109643911,0.5490022897720337,-0.5056495666503906,-0.2544823884963989,3
1771109644019,-0.34492141008377075,-0.5137901306152344,1.1033978462219238,3
1771109644165,0.2769860625267029,0.8157949447631836,-1.4996284246444702,3
1771109644235,-0.3762214481830597,1.3375062942504883,-0.07828330993652344,3
1771109644337,0.8837569355964661,0.6318521499633789,1.0327832698822021,3
1771109644445,-0.30625808238983154,-0.13773441314697266,0.8101149797439575,3
1771109644553,0.8986921310424805,-0.270172119140625,-0.048574209213256836,3
1771109644661,-0.19508212804794312,0.378875732421875,-1.666717767715454,3
1771109644771,0.06285232305526733,0.13001155853271484,-0.8945785760879517,3
1771109644878,0.7756667137145996,-0.43953895568847656,0.5306556224822998,3
1771109644988,-0.23187211155891418,0.3886899948120117,1.0046401023864746,3
1771109645094,0.5133264660835266,0.013345718383789062,1.296224594116211,3
1771109645211,-0.04190331697463989,0.06038188934326172,1.2633631229400635,3
1771109645313,0.0717543363571167,0.4147758483886719,-1.9721263647079468,3
1771109645420,0.061400383710861206,-0.4877500534057617,0.7466926574707031,3
1771109645552,-0.2209126502275467,0.10128116607666016,-0.5479096174240112,3
1771109645638,0.43762409687042236,-0.19483566284179688,0.1601557731628418,3
1771109645745,-0.9747357368469238,0.0588836669921875,-0.461673378944397,3
1771109645854,-0.142778217792511,-0.04181957244873047,-0.8107223510742188,3
1771109645962,-0.25443074107170105,0.6064262390136719,0.517197847366333,3
1771109646071,1.2218217849731445,0.9579610824584961,1.6351118087768555,3
1771109646210,0.34377774596214294,0.02978229522705078,-0.6068665981292725,3
1771109646280,1.0298118591308594,-0.23873329162597656,0.8075599670410156,3
1771109646390,-0.22816163301467896,-0.11526203155517578,1.5140886306762695,3
1771109646490,0.8341704607009888,0.12637615203857422,0.28240156173706055,3
1771109646597,-0.1627494990825653,1.140101432800293,-0.5177936553955078,3
1771109646705,0.821303129196167,-1.6103668212890625,1.646195411682129,3
1771109646813,-0.3627696633338928,0.6954231262207031,1.3319764137268066,3
1771109646925,-0.4918533265590668,1.6815900802612305,-0.9955710172653198,3
1771109647031,0.14507493376731873,0.056090354919433594,-1.0611674785614014,3
1771109647148,-0.23131167888641357,-0.5352926254272461,-0.32357048988342285,3
1771109647252,0.381944864988327,-0.40935325622558594,0.01483011245727539,3
1771109647356,0.16028642654418945,0.11999320983886719,0.15360307693481445,3
1771109647464,-0.5741456747055054,-1.2794666290283203,0.09732246398925781,3
1771109647573,0.1285880208015442,-0.18476200103759766,-0.7544797658920288,3
1771109647680,-0.2221975028514862,0.36838245391845703,-0.7171312570571899,3
1771109647781,0.002098679542541504,0.5774297714233398,-0.4256054162979126,3
1771109647889,0.3110921382904053,1.4037513732910156,-1.7465808391571045,3
1771109648000,1.4194220304489136,1.3054351806640625,-0.2318127155303955,3
1771109648126,0.49554938077926636,1.0124778747558594,0.1052095890045166,3
1771109648215,0.4078062176704407,-0.7331686019897461,-0.9890344142913818,3
1771109648324,-0.502880334854126,0.5381660461425781,-0.006903648376464844,3
1771109648433,-0.0260179340839386,-0.3895435333251953,0.628058910369873,3
1771109648546,-0.02535131573677063,-0.37952613830566406,1.865896224975586,3
1771109648649,0.5275612473487854,-0.17783355712890625,-1.3174364566802979,3
1771109648758,-0.6838315725326538,1.251800537109375,-1.2544317245483398,3
1771109648866,1.0242561101913452,-0.07535552978515625,1.3577258586883545,3
1771109648966,0.09269595146179199,-1.0665063858032227,0.8470323085784912,3
1771109649067,-0.00012621283531188965,0.34801483154296875,-1.2413922548294067,3
1771109649174,-0.048158615827560425,1.449955940246582,-1.0234668254852295,3
1771109649275,0.9626504182815552,-0.4636354446411133,0.7095859050750732,3
1771109649383,0.06400704383850098,0.03681755065917969,0.5878555774688721,3
1771109649483,-0.7608402967453003,1.0406408309936523,-1.5491607189178467,3
1771109649592,0.38746047019958496,-0.24301910400390625,-1.1767899990081787,3
1771109649694,-0.1323232650756836,-0.7857942581176758,0.7338120937347412,3
1771109649800,0.08348217606544495,-1.1562700271606445,0.9967672824859619,3
1771109649909,0.3169086277484894,-0.15204238891601562,0.2853398323059082,3
1771109650010,0.33057060837745667,-0.28374290466308594,0.2040395736694336,3
1771109650128,0.673356294631958,0.44886302947998047,0.2602057456970215,3
1771109650225,0.12219920754432678,-0.15570068359375,-0.07770383358001709,3
1771109650334,0.29000476002693176,0.13548755645751953,0.528775691986084,3
1771109650435,0.2605455815792084,-0.2186899185180664,-1.1080543994903564,3
1771109650547,-0.8217464685440063,0.3754081726074219,-1.6930643320083618,3
1771109650651,0.05716347694396973,-0.9349470138549805,0.5050315856933594,3
1771109650759,-0.5827896595001221,-0.21143054962158203,-0.16500639915466309,3
1771109650860,0.1436716914176941,0.44672584533691406,0.3659712076187134,3
1771109650968,1.3143504858016968,-1.0459213256835938,0.2619056701660156,3
1771109651076,-0.11970210075378418,0.11986351013183594,-0.9996337890625,3
1771109651185,-0.5392718315124512,1.1102094650268555,-2.8474926948547363,3
1771109651286,0.4457924962043762,-0.7827110290527344,1.8961026668548584,3
1771109651393,-0.6276577711105347,-0.43442440032958984,0.25095224380493164,3
1771109651503,0.0407642126083374,1.1520395278930664,-1.5750564336776733,3
1771109651610,0.12743285298347473,0.3901395797729492,0.8939683437347412,3
1771109651720,1.1701704263687134,-0.08037567138671875,1.67756187915802,3
1771109651827,1.261725664138794,0.5041685104370117,1.147379755973816,3
1771109651927,-0.3047124445438385,0.17084598541259766,0.5566452741622925,3
1771109652028,0.2516193091869354,0.34496021270751953,0.12040328979492188,3
1771109652150,0.3233296573162079,1.1959209442138672,-0.16595280170440674,3
1771109652236,0.5017250776290894,-0.3757362365722656,1.583982229232788,3
1771109652344,0.4681352972984314,0.6971750259399414,0.8116369247436523,3
1771109652453,-0.01803383231163025,1.6751070022583008,-1.4167356491088867,3
1771109652554,-1.0978368520736694,-0.9925384521484375,0.47592997550964355,3
1771109652661,-0.5749433040618896,-0.7225217819213867,-0.5176035165786743,3
1771109652762,-0.19512209296226501,1.4342823028564453,-1.6801328659057617,3
1771109652870,-0.4568539559841156,-0.3382377624511719,0.9030947685241699,3
1771109652979,-0.6022289991378784,0.10586071014404297,0.30756187438964844,3
1771109653087,-0.3027476668357849,-0.007615089416503906,-0.27705132961273193,3
1771109653187,-0.787303626537323,0.08643913269042969,-0.9870560169219971,3
1771109653296,-0.6329704523086548,-0.2557659149169922,-1.1604881286621094,3
1771109653403,-0.5541129112243652,-1.2817907333374023,-0.38818788528442383,3
1771109653504,0.4230722188949585,1.2239294052124023,-0.27857518196105957,3
1771109653612,-0.744972288608551,0.06578731536865234,-1.4592106342315674,3
1771109653720,-0.6497649550437927,-0.6242208480834961,1.2171735763549805,3
1771109653821,-0.3077961802482605,0.23025035858154297,-0.8313381671905518,3
1771109653929,0.7773905396461487,1.892104148864746,0.5798358917236328,3
1771109654038,0.3935398459434509,0.5927391052246094,0.6477434635162354,3
1771109654147,0.06826035678386688,-0.7738666534423828,0.21980643272399902,3
1771109654255,0.15619075298309326,-1.3715486526489258,0.5081667900085449,3
1771109654355,0.5208989381790161,1.3645210266113281,-0.7252187728881836,3
1771109654463,0.253857284784317,-0.8367176055908203,0.20874261856079102,3
1771109654564,-0.8920847773551941,0.538386344909668,-1.3014554977416992,3
1771109654673,-0.2649582624435425,1.7235116958618164,-1.575255036354065,3
1771109654782,-0.5692160725593567,0.02979278564453125,-0.44544029235839844,3
1771109654889,0.21715888381004333,-0.7662382125854492,1.397413730621338,3
1771109655000,-0.3206418454647064,0.189910888671875,0.43492627143859863,3
1771109655106,0.6388174295425415,1.6229076385498047,-1.4899108409881592,3
1771109655215,0.2273206263780594,0.5024709701538086,-0.19404864311218262,3
1771109655323,1.0568042993545532,-0.20720863342285156,2.653127431869507,3
1771109655423,0.24897828698158264,-0.5350875854492188,-1.2987605333328247,3
1771109655564,-0.371446430683136,-0.36745357513427734,0.2038431167602539,3
1771109655632,0.04991373419761658,-1.7016735076904297,-0.8926633596420288,3
1771109655741,-0.7998180389404297,0.2962188720703125,-0.686100959777832,3
1771109655849,0.37153735756874084,0.1316375732421875,0.19780421257019043,3
1771109655957,0.4340231120586395,0.6487302780151367,0.3736143112182617,3
1771109656065,0.4962367117404938,0.14798831939697266,0.9771034717559814,3
1771109656181,1.2711758613586426,0.5159492492675781,3.3647706508636475,3
1771109656282,-0.22758585214614868,-0.8757495880126953,0.1661360263824463,3
1771109656390,-0.50001060962677,0.31624317169189453,-1.7950968742370605,3
1771109656492,-0.8250305652618408,0.8350648880004883,-3.9917616844177246,3
1771109656601,0.8220426440238953,-0.18218994140625,-0.23918652534484863,3
1771109656708,-0.6508490443229675,-0.4281806945800781,-0.05352950096130371,3
1771109656817,1.4309165477752686,-0.25983238220214844,1.8773605823516846,3
1771109656918,0.27148592472076416,0.2136678695678711,-0.27596044540405273,3
1771109657019,0.04993849992752075,0.21551036834716797,0.40613865852355957,3
1771109657145,0.4925122559070587,0.6381015777587891,-0.40476417541503906,3
1771109657234,-0.2106829285621643,-1.0160408020019531,-1.1809473037719727,3
1771109657342,0.977684497833252,0.21742916107177734,0.5658822059631348,3
1771109657451,0.5496746301651001,1.0321931838989258,0.8215179443359375,3
1771109657555,-0.3353135585784912,1.6541872024536133,0.3033432960510254,3
1771109657659,-0.4446011781692505,0.23524093627929688,0.18559575080871582,3
1771109657771,-0.9681872725486755,-0.03674125671386719,-2.3262200355529785,3
1771109657876,-0.23424264788627625,1.1092376708984375,-1.7679283618927002,3
1771109657987,-0.6162980794906616,0.34412574768066406,-0.9397103786468506,3
1771109658093,0.11767226457595825,0.23290061950683594,-1.3666980266571045,3
1771109658228,0.5789585113525391,1.603555679321289,-1.4768593311309814,3
1771109658311,0.048887550830841064,0.5817632675170898,0.7895972728729248,3
1771109658419,0.9012937545776367,0.2881050109863281,-0.9280591011047363,3
1771109658569,-0.017771437764167786,0.27015018463134766,-0.22140920162200928,3
1771109658637,0.6327813863754272,0.6090602874755859,0.32113194465637207,3
1771109658744,0.7003501653671265,1.047525405883789,-0.21844220161437988,3
1771109658852,0.47859489917755127,-0.1278533935546875,1.782846450805664,3
1771109658960,-0.01432141661643982,0.6191129684448242,0.7210631370544434,3
1771109659069,-0.6060935258865356,-0.53961181640625,-0.576744556427002,3
1771109659192,-0.20958209037780762,0.6775646209716797,-0.871609091758728,3
1771109659278,0.022971495985984802,-0.04225921630859375,-0.7813124656677246,3
1771109659388,0.0407557487487793,-0.28961944580078125,0.41174817085266113,3
1771109659495,-0.15716640651226044,-0.3504781723022461,0.49042701721191406,3
1771109659603,0.14569318294525146,0.4271249771118164,0.08366894721984863,3
1771109659705,-0.3731699585914612,1.1161108016967773,-0.3813018798828125,3
1771109659811,0.8869535326957703,-0.10364055633544922,-0.07876205444335938,3
1771109659912,-1.1146312952041626,-0.5418939590454102,0.346019983291626,3
1771109660023,0.8209123611450195,0.10826969146728516,0.5607485771179199,3
1771109660129,-0.8378609418869019,-0.4033489227294922,-0.36338281631469727,3
1771109660230,-0.5408205389976501,0.053864479064941406,-0.32979416847229004,3
1771109660339,0.7076655626296997,-1.2542076110839844,0.4721343517303467,3
1771109660446,-0.949630856513977,-1.513272762298584,-0.10806822776794434,3
1771109660566,0.12098483741283417,-1.7521390914916992,0.9023315906524658,3
1771109660654,0.8098818063735962,1.2666921615600586,0.08587861061096191,3
1771109660757,0.41589251160621643,-0.7926740646362305,0.7265777587890625,3
1771109660856,-0.2035321295261383,-1.1186285018920898,-1.986299991607666,3
1771109660964,0.16825273633003235,0.7186594009399414,-0.940214991569519,3
1771109661072,0.6125963926315308,-0.08101749420166016,0.8200263977050781,3
1771109661182,-0.23041538894176483,0.6653318405151367,-0.69366455078125,3
1771109661288,-0.5021299719810486,-0.7046089172363281,-1.8284906148910522,3
1771109661397,-0.9697362184524536,0.1251668930053711,-0.019845008850097656,3
1771109661505,-0.6581421494483948,0.2624845504760742,-1.4595811367034912,3
1771109661614,-0.7447220087051392,-0.04485511779785156,-2.9287211894989014,3
1771109661722,-0.2853485345840454,1.2165851593017578,-2.449188709259033,3
1771109661831,0.12066596746444702,0.1243734359741211,-0.7487533092498779,3
1771109661941,0.12982718646526337,-1.002152442932129,0.6608927249908447,3
1771109662048,0.004506886005401611,0.05421257019042969,-1.9082825183868408,3
1771109662160,-0.5376719236373901,0.005051612854003906,-1.5788192749023438,3
1771109662264,0.17555586993694305,0.6149692535400391,-0.5699646472930908,3
1771109662365,-1.0658714771270752,-0.19220352172851562,0.27009010314941406,3
1771109662474,0.10859841108322144,0.5430126190185547,-0.32559967041015625,3
1771109662575,0.5410921573638916,0.0027856826782226562,-0.8817833662033081,3
1771109662681,0.28068530559539795,0.8466806411743164,0.7526133060455322,3
1771109662783,-0.019250094890594482,-1.5070924758911133,-1.4487860202789307,3
1771109662891,-0.6158095598220825,-0.022369384765625,-0.03088235855102539,3
1771109662991,1.8713643550872803,1.5992488861083984,2.0225605964660645,3
1771109663131,-0.7082992792129517,-0.7375221252441406,-2.2983503341674805,3
1771109663207,0.937885582447052,0.1347522735595703,0.5761969089508057,3
1771109663317,-0.3838006854057312,-0.4235191345214844,-0.4180138111114502,3
1771109663425,-0.041595786809921265,0.21640682220458984,-0.4479496479034424,3
1771109663564,-0.14246296882629395,-0.010390281677246094,-0.5030450820922852,3
1771109663642,-0.07602328062057495,-0.2866830825805664,-0.6971874237060547,3
1771109663749,0.6518815755844116,0.5246458053588867,0.7937586307525635,3
1771109663858,0.26222604513168335,1.2581024169921875,0.9087443351745605,3
1771109663966,0.43875905871391296,-0.41921424865722656,-0.6746070384979248,3
1771109664075,-1.1060138940811157,0.7963676452636719,-1.7761094570159912,3
1771109664174,-0.1825399398803711,-1.2400236129760742,0.4376182556152344,3
1771109664283,-0.7209024429321289,-0.28807640075683594,0.16131091117858887,3
1771109664392,-0.040657371282577515,0.3902454376220703,0.4898808002471924,3
1771109664502,-0.23446348309516907,0.0566864013671875,0.1654510498046875,3
1771109664601,-0.1469516009092331,0.1901874542236328,1.4713034629821777,3
1771109664709,0.5811915397644043,0.42251110076904297,1.0836492776870728,3
1771109664818,-0.3422560393810272,1.504776954650879,-0.9717925786972046,3
1771109664918,0.4440356194972992,-0.7536764144897461,3.2326831817626953,3
1771109665026,-1.1032615900039673,-0.0778036117553711,0.2188129425048828,3
1771109665176,0.4084872603416443,-0.8596811294555664,-1.0041545629501343,3
1771109665243,-0.24799451231956482,-0.9656267166137695,-0.4661635160446167,3
1771109665351,0.9470379948616028,-0.48583984375,1.1194795370101929,3
1771109665460,-1.3859193325042725,1.5336503982543945,-0.9946645498275757,3
1771109665563,0.23544743657112122,-0.7498741149902344,0.9455075263977051,3
1771109665669,0.19053572416305542,0.8543415069580078,2.4545116424560547,3
1771109665771,0.7235372066497803,-0.38928985595703125,0.932977557182312,3
1771109665877,-0.4270995259284973,-0.31433963775634766,-1.2670775651931763,3
1771109665985,-0.3323500156402588,-0.08760929107666016,-0.4723551273345947,3
1771109666093,-0.3796728253364563,-0.08728218078613281,-1.5414983034133911,3
1771109666195,0.31229764223098755,-1.0538158416748047,1.0875463485717773,3
1771109666304,-0.17937228083610535,0.19900798797607422,1.3608394861221313,3
1771109666412,0.3639528155326843,1.246321678161621,-0.10396206378936768,3
1771109666520,-0.4525373578071594,-0.27124786376953125,-1.0323625802993774,3
1771109666628,0.5820878744125366,-1.7142105102539062,-0.09595692157745361,3
1771109666729,0.6156915426254272,-0.288116455078125,1.6442619562149048,3
1771109666837,0.21739208698272705,-1.0940322875976562,-0.7337672710418701,3
1771109666945,-0.4005873501300812,-0.44303321838378906,-0.2450728416442871,3
1771109667053,-0.26330989599227905,0.9590024948120117,-0.7875083684921265,3
1771109667155,0.6439919471740723,-0.20081520080566406,0.9519505500793457,3
1771109667262,-0.22041451930999756,-0.1175537109375,-0.2795208692550659,3
1771109667365,-0.21631932258605957,1.1554985046386719,0.3037068843841553,3
1771109667471,-0.5529046654701233,-0.6510534286499023,1.1069839000701904,3
1771109667576,0.14935868978500366,0.06358623504638672,1.3338861465454102,3
1771109667679,0.4296327829360962,0.9132652282714844,1.7003309726715088,3
1771109667788,-0.5463343262672424,-0.4652242660522461,0.39056873321533203,3
1771109667897,-0.6849044561386108,-0.21282672882080078,0.7835524082183838,3
1771109668005,-0.5778941512107849,1.4112091064453125,-0.2647991180419922,3
1771109668143,-0.28555992245674133,0.6676416397094727,0.1311931610107422,3
1771109668221,-1.2305907011032104,-0.26244068145751953,-0.13869714736938477,3
1771109668330,-0.07587307691574097,-0.8307514190673828,0.21236920356750488,3
1771109668439,-0.1104603111743927,-0.028629302978515625,-1.688830018043518,3
1771109668568,-1.2792001962661743,1.1687602996826172,0.18204951286315918,3
1771109668653,0.5906592011451721,-0.5297880172729492,-0.3408997058868408,3
1771109668748,0.37011322379112244,-0.9154338836669922,0.6136850118637085,3
1771109668855,-0.5702931880950928,0.17584609985351562,0.28237247467041016,3
1771109668957,0.0933951735496521,-1.1790313720703125,0.8918030261993408,3
1771109669064,-0.13153192400932312,-0.12119674682617188,-2.6694374084472656,3
1771109669174,-1.217965006828308,-1.2698593139648438,-0.9390008449554443,3
1771109669281,-0.4914369583129883,-0.08505725860595703,-0.07142329216003418,3
1771109669390,0.616936445236206,1.2611722946166992,1.097480297088623,3
1771109669498,0.603295624256134,-0.09000110626220703,1.4400477409362793,3
1771109669607,0.053080588579177856,0.6754035949707031,-0.6245846748352051,3
1771109669715,-0.9112385511398315,-0.4065866470336914,0.5555140972137451,3
1771109669826,0.2299918830394745,0.6573419570922852,0.6442596912384033,3
1771109669931,0.04650886356830597,-1.2736215591430664,-0.24124884605407715,3
1771109670041,0.9262875318527222,-0.5762004852294922,1.4553680419921875,3
1771109670182,0.20079690217971802,-0.8049983978271484,2.147005796432495,3
1771109670250,1.097069501876831,-0.18663311004638672,-0.21006298065185547,3
1771109670359,0.3330202102661133,0.5178928375244141,0.7878522872924805,3
1771109670458,-0.3073602616786957,0.4196929931640625,-0.1693737506866455,3
1771109670573,0.033965498208999634,1.6503753662109375,-0.6804342269897461,3
1771109670667,0.2918308675289154,0.10445499420166016,1.8663499355316162,3
1771109670780,-0.6138579845428467,0.03392505645751953,-0.3594193458557129,3
1771109670883,0.44980719685554504,-0.3861875534057617,2.4964919090270996,3
1771109670992,0.020659416913986206,0.42423343658447266,-1.0785822868347168,3
1771109671101,0.6622424721717834,-0.5226726531982422,0.38466882705688477,3
1771109671283,-0.5697236061096191,1.2433757781982422,0.10234761238098145,3
1771109671313,-0.12206965684890747,0.5305471420288086,1.0500996112823486,3
1771109671409,-0.5477709770202637,1.5431432723999023,-0.9848911762237549,3
1771109671519,0.2041984498500824,0.5626716613769531,-1.7942655086517334,3
1771109671625,-0.3809441328048706,0.25499820709228516,-0.6589994430541992,3
1771109671726,-0.08898091316223145,-1.024052619934082,-0.025145530700683594,3
1771109671826,-0.13906735181808472,0.8981409072875977,-0.3496410846710205,3
1771109671933,-0.19253796339035034,0.5183343887329102,-0.15837407112121582,3
1771109672035,0.4268064498901367,0.7703285217285156,2.1024935245513916,3
1771109672149,0.3501354157924652,1.3541126251220703,0.2990398406982422,3
1771109672252,-0.04654845595359802,1.0762948989868164,-1.016087293624878,3
1771109672359,-0.07550576329231262,0.22444534301757812,-1.353409767150879,3
1771109672460,0.7789376378059387,-0.4668416976928711,-1.1694353818893433,3
1771109672577,0.002318441867828369,-2.210878372192383,0.9296815395355225,3
1771109672669,0.5198999643325806,-0.7825641632080078,0.4960510730743408,3
1771109672777,-0.2800261080265045,-0.3157224655151367,0.1801152229309082,3
1771109672884,0.15342050790786743,-0.1348876953125,-0.13757538795471191,3
1771109672993,-0.017152786254882812,-0.31862831115722656,-0.789926290512085,3
1771109673101,-0.7018905878067017,0.34372615814208984,-2.171375274658203,3
1771109673209,-0.007952690124511719,1.4690732955932617,-0.5622401237487793,3
1771109673310,1.1112480163574219,0.27964305877685547,2.3384106159210205,3
1771109673418,0.4115070700645447,0.8532075881958008,0.43880629539489746,3
1771109673519,0.7059125900268555,1.0262746810913086,-0.298569917678833,3
1771109673627,-0.21828705072402954,1.6875333786010742,-0.1264512538909912,3
1771109673735,0.579301655292511,-0.23917484283447266,-1.6899360418319702,3
1771109673838,0.5130535364151001,-0.47507286071777344,0.8026877641677856,3
1771109673944,0.9012516736984253,0.09941959381103516,1.641343355178833,3
1771109674053,0.5797620415687561,-0.2212381362915039,0.4235060214996338,3
1771109674197,0.5227059125900269,-0.8774623870849609,0.8695673942565918,3
1771109674268,0.7672140598297119,1.5969629287719727,-1.3114190101623535,3
1771109674369,-0.1287824511528015,-0.9750566482543945,-0.43018007278442383,3
1771109674477,0.1836591362953186,-0.9980678558349609,-0.14992260932922363,3
1771109674590,-0.544532060623169,0.28589439392089844,0.9744200706481934,3
1771109674695,0.25252652168273926,0.12008476257324219,-0.652062177658081,3
1771109674795,0.47404831647872925,-0.4892387390136719,0.5877547264099121,3
1771109674903,0.1805729866027832,-0.2263641357421875,0.7071197032928467,3
1771109675004,0.4153527021408081,1.3363847732543945,-1.1237566471099854,3
1771109675115,-0.2770773768424988,1.0568456649780273,-0.22898626327514648,3
1771109675221,-0.017737209796905518,0.6386947631835938,0.6425290107727051,3
1771109675329,-0.38004738092422485,-0.7458887100219727,-0.04627561569213867,3
1771109675430,-0.22227078676223755,1.559946060180664,-0.11697077751159668,3
1771109675537,0.5108349323272705,0.5595664978027344,0.9256067276000977,3
1771109675646,-0.8015013933181763,-0.2924661636352539,-0.8717091083526611,3
1771109675754,-0.638180673122406,-0.23681926727294922,0.4441666603088379,3
1771109675854,-0.9320584535598755,0.0036449432373046875,-0.2710307836532593,3
1771109675962,-0.10570210218429565,-0.06811046600341797,0.03783154487609863,3
1771109676070,-0.8758080005645752,0.711085319519043,-0.9002945423126221,3
1771109676272,-0.13689225912094116,0.1496143341064453,0.9303325414657593,3
1771109676317,0.6088624596595764,-0.46861839294433594,1.302635908126831,3
1771109676397,-0.22465559840202332,-0.26674365997314453,0.3151717185974121,3
1771109676505,-0.6937963366508484,-0.5079317092895508,0.9930131435394287,3
1771109676607,0.020672261714935303,0.10460281372070312,-1.2840285301208496,3
1771109676713,-0.19245892763137817,0.9426078796386719,-0.658128023147583,3
1771109676813,-0.5014616250991821,-0.7175788879394531,-0.3292582035064697,3
1771109676924,0.2902865409851074,-1.462590217590332,-0.7840012311935425,3
1771109677031,-0.9291130304336548,0.4293498992919922,-0.2579888105392456,3
1771109677141,-0.24049633741378784,0.8298044204711914,-0.7538598775863647,3
1771109677246,-0.31156933307647705,0.9023046493530273,-1.019308090209961,3
1771109677347,-0.42124152183532715,1.4503421783447266,-1.4244580268859863,3
1771109677456,-0.401649534702301,0.5437917709350586,-0.3844788074493408,3
1771109677591,0.2783452868461609,0.9146633148193359,2.6411120891571045,3
1771109677658,0.11938697099685669,-0.8180170059204102,0.5416951179504395,3
1771109677764,0.04385751485824585,0.7676925659179688,0.5829730033874512,3
1771109677873,0.12966537475585938,0.6470975875854492,0.4582401514053345,3
1771109677980,-0.8450861573219299,0.46440887451171875,-0.2229989767074585,3
1771109678082,-0.011670827865600586,-0.9975271224975586,0.8076441287994385,3
1771109678190,-0.5454455018043518,0.7592611312866211,0.43285179138183594,3
1771109678292,-0.3708703815937042,-0.1488819122314453,-1.8234912157058716,3
1771109678397,-0.22476381063461304,0.030702590942382812,1.4921761751174927,3
1771109678507,0.345251202583313,0.06676673889160156,2.625135660171509,3
1771109678614,-0.30100202560424805,-1.1500778198242188,0.44557809829711914,3
1771109678715,0.47411757707595825,0.39293575286865234,-0.472959041595459,3
1771109678824,-0.43183213472366333,0.5457220077514648,-0.5658367872238159,3
1771109678932,-0.5547271370887756,-0.18935680389404297,-1.3062620162963867,3
1771109679053,-0.008543610572814941,-0.8278026580810547,-0.9682252407073975,3
1771109679229,-0.2953351140022278,-0.20852088928222656,-0.8597545623779297,3
1771109679268,-0.5233431458473206,-0.6039848327636719,-0.2418224811553955,3
1771109679349,0.5165777206420898,-0.5053272247314453,-1.020198106765747,3
1771109679457,-0.38161754608154297,0.1920318603515625,-1.1456444263458252,3
1771109679599,0.3500208854675293,0.3171653747558594,1.2502076625823975,3
1771109679665,0.3246159553527832,-0.6530923843383789,1.3870728015899658,3
1771109679765,0.43899017572402954,-0.6221408843994141,-1.2322733402252197,3
1771109679875,0.6695467233657837,-0.23537254333496094,-1.5192666053771973,3
1771109679975,0.19892609119415283,-0.13880157470703125,-0.6292418241500854,3
1771109680083,-0.6926336288452148,-1.3992414474487305,0.5126423835754395,3
1771109680201,0.05870819091796875,2.229269027709961,-1.5770821571350098,3
1771109680310,0.7400434017181396,1.4145574569702148,-0.5164093971252441,3
1771109680408,0.14472508430480957,0.8948650360107422,-0.7738616466522217,3
1771109680517,0.0276029109954834,-0.23807239532470703,0.3060314655303955,3
1771109680625,-0.26642906665802,-0.1544322967529297,-0.3624410629272461,3
1771109680734,0.4452093839645386,-0.18971538543701172,0.933027982711792,3
1771109680842,-0.8898733258247375,0.0025148391723632812,0.8393371105194092,3
1771109680942,0.21265530586242676,-0.21366500854492188,-0.4302159547805786,3
1771109681051,-0.2347203493118286,-0.7368078231811523,0.7879509925842285,3
1771109681200,-0.612023651599884,0.4554166793823242,-1.1255724430084229,3
1771109681269,-0.552280068397522,0.08211040496826172,-0.6695846319198608,3
1771109681383,-0.15092337131500244,0.3026618957519531,-0.6467932462692261,3
1771109681486,-0.08437061309814453,-0.6988964080810547,1.2083189487457275,3
1771109681594,-0.52619469165802,1.2781696319580078,1.8398970365524292,3
1771109681701,0.4166191816329956,0.0927438735961914,0.8593189716339111,3
1771109681809,1.2266610860824585,-1.0807151794433594,1.0851813554763794,3
1771109681962,-0.4838375449180603,0.8742895126342773,-0.9398308396339417,3
1771109682020,-0.18907678127288818,0.40628623962402344,-0.896285355091095,3
1771109682194,0.30181825160980225,0.43762969970703125,0.3557223081588745,3
1771109682236,0.3862694501876831,0.17505264282226562,-0.1552121639251709,3
1771109682343,-0.14642024040222168,-0.29495716094970703,1.0184112787246704,3
1771109682452,0.41446733474731445,0.5392303466796875,1.0883684158325195,3
1771109682589,-0.5247217416763306,0.5978593826293945,0.21597588062286377,3
1771109682669,-0.7808628678321838,-0.4713926315307617,-1.0303934812545776,3
1771109682769,0.4185684323310852,0.15427780151367188,0.8619844913482666,3
1771109682882,-0.26399391889572144,-0.18133831024169922,-1.5866608619689941,3
1771109682986,0.5743682384490967,-0.9974193572998047,0.059571027755737305,3
1771109683089,-0.5458382368087769,0.9097137451171875,-1.246094822883606,3
1771109683219,-0.37560832500457764,-0.4722318649291992,-0.034307003021240234,3
1771109683299,-0.18696975708007812,-0.6212711334228516,1.4893572330474854,3
1771109683405,-0.7398351430892944,-1.5418205261230469,-1.2352287769317627,3
1771109683504,-0.9792560338973999,0.1461181640625,-1.1220389604568481,3
1771109683604,-0.3238409459590912,-1.2580528259277344,-0.7859374284744263,3
1771109683712,-0.5162357091903687,0.0312042236328125,-2.0619120597839355,3
1771109683820,-0.4086666703224182,-0.2976837158203125,-1.2598540782928467,3
1771109683928,-1.1352643966674805,-0.19678211212158203,-1.5798395872116089,3
1771109684029,0.1991400122642517,0.6676759719848633,-0.9396531581878662,3
1771109684138,0.30819424986839294,-0.09043598175048828,-0.09828591346740723,3
1771109684237,0.9646064639091492,-1.220810890197754,0.99522864818573,3
1771109684345,0.8311329483985901,-0.3092050552368164,0.41012656688690186,3
1771109684454,0.4637351632118225,-0.7520236968994141,-0.35157310962677,3
1771109684593,0.7826083302497864,-1.0852394104003906,-1.1331626176834106,3
1771109684663,-0.5138736963272095,-1.7370977401733398,1.040061116218567,3
1771109684764,-0.3252306580543518,0.051212310791015625,-0.6852495670318604,3
1771109684872,-0.039816856384277344,0.8369379043579102,0.38502073287963867,3
1771109684980,0.22096097469329834,1.4147720336914062,0.5197186470031738,3
1771109685088,-1.1852390766143799,2.0040388107299805,-1.1321234703063965,3
1771109685198,-0.41088253259658813,-1.4951019287109375,-0.3400019407272339,3
1771109685305,-0.24206221103668213,-0.13774776458740234,-0.22719871997833252,3
1771109685414,0.6412723064422607,-0.7057867050170898,1.2234644889831543,3
1771109685523,0.16980355978012085,0.9992799758911133,-0.37980198860168457,3
1771109685634,-0.11569499969482422,-0.11577987670898438,0.3230013847351074,3
1771109685739,0.03167146444320679,0.9096927642822266,1.401180386543274,3
1771109685839,0.7259405851364136,-0.9326362609863281,0.8433817625045776,3
1771109685948,-0.25304412841796875,-1.5807991027832031,-0.37960851192474365,3
1771109686056,-1.0241278409957886,1.483546257019043,-0.9675180912017822,3
1771109686169,1.0906120538711548,-0.60772705078125,1.0561408996582031,3
1771109686265,-0.6198763251304626,0.6661214828491211,-1.1407618522644043,3
1771109686368,-0.892339825630188,-0.5633411407470703,-1.4154359102249146,3
1771109686473,-0.31897032260894775,1.640625,-0.36047208309173584,3
1771109686594,-0.5154989957809448,0.7753257751464844,-1.1293530464172363,3
1771109686681,-0.9152363538742065,0.8319435119628906,-0.417938232421875,3
1771109686789,0.05587887763977051,-0.49916648864746094,1.3514010906219482,3
1771109686890,-0.09293055534362793,0.48525428771972656,-0.7819328308105469,3
1771109686998,0.33855128288269043,-0.7665586471557617,1.5521855354309082,3
1771109687107,-0.08554309606552124,0.07134056091308594,0.7757837772369385,3
1771109687208,1.0832948684692383,0.47898101806640625,0.7023148536682129,3
1771109687315,0.09825873374938965,0.4127616882324219,-1.6001969575881958,3
1771109687417,-0.8096274733543396,0.24668502807617188,1.3445847034454346,3
1771109687525,-1.0052499771118164,-0.6221761703491211,-1.3131132125854492,3
1771109687633,0.9483131170272827,1.5320587158203125,1.1534273624420166,3
1771109687733,-0.5869165658950806,-0.013362884521484375,0.366894006729126,3
1771109687840,0.14098793268203735,-0.6861333847045898,-0.5007061958312988,3
1771109687949,0.6091418266296387,-0.38320255279541016,0.23314428329467773,3
1771109688058,0.5033003091812134,1.8600282669067383,-1.185377597808838,3
1771109688174,-0.23957520723342896,1.0557727813720703,-0.7251349687576294,3
1771109688275,0.9262761473655701,-0.41625308990478516,-0.2062743902206421,3
1771109688383,-0.25761812925338745,0.9239177703857422,0.2785128355026245,3
1771109688492,0.05982983112335205,-0.1810779571533203,1.0042484998703003,3
1771109688608,-0.05399233102798462,-0.3742647171020508,-1.5125681161880493,3
1771109688710,-0.696618914604187,-0.6875905990600586,-0.7079851627349854,3
1771109688817,-0.2682344913482666,-1.162759780883789,0.5348515510559082,3
1771109688926,0.0523417592048645,0.6399803161621094,-1.3364125490188599,3
1771109689034,0.17991483211517334,-1.3621711730957031,0.23534464836120605,3
1771109689145,1.053924560546875,-0.2328472137451172,0.7949628829956055,3
1771109689264,0.2531989812850952,1.362565040588379,-0.43516314029693604,3
1771109689351,0.8574666380882263,-0.2974681854248047,-2.034677267074585,3
1771109689452,0.9537383317947388,-0.15816974639892578,1.5035369396209717,3
1771109689553,1.259331464767456,-0.39346981048583984,-0.5302734375,3
1771109689661,-0.4250316917896271,-0.3618497848510742,-2.0756306648254395,3
1771109689768,0.738918125629425,-0.9337491989135742,1.142709493637085,3
1771109689877,-0.17517411708831787,0.8858251571655273,0.1562260389328003,3
1771109689985,0.6386294364929199,0.721135139465332,0.6455487012863159,3
1771109690094,-0.3188909590244293,-0.468292236328125,0.24584436416625977,3
1771109690201,0.08080393075942993,-0.45794105529785156,1.2608740329742432,3
1771109690302,-0.31716063618659973,-0.19455432891845703,-0.7210777997970581,3
1771109690412,-0.1331118941307068,1.3514766693115234,-0.7175295352935791,3
1771109690519,0.06305557489395142,0.3492136001586914,-0.3163822889328003,3
1771109690619,0.7289478778839111,-0.7947931289672852,-1.434651494026184,3
1771109690727,-0.5240376591682434,1.0177316665649414,-1.113289475440979,3
1771109690835,2.570899486541748,0.9722728729248047,1.9875047206878662,3
1771109690936,-0.32882168889045715,-0.7780647277832031,0.3557100296020508,3
1771109691054,0.4078311324119568,1.3781061172485352,1.2561897039413452,3
1771109691192,1.7721681594848633,0.9939861297607422,1.7968541383743286,3
1771109691261,0.7499555349349976,1.8106412887573242,-1.4859344959259033,3
1771109691369,0.8271610140800476,0.7840423583984375,-0.13866901397705078,3
1771109691470,-0.09652388095855713,-0.9360494613647461,-0.2969428300857544,3
1771109691598,-0.002553999423980713,-1.2027015686035156,0.9252995252609253,3
1771109691687,-0.5134043097496033,0.7808322906494141,-0.11262333393096924,3
1771109691795,0.19740653038024902,0.1976308822631836,0.013029813766479492,3
1771109691906,-0.21008843183517456,1.6308822631835938,-0.21070003509521484,3
1771109692012,0.07239997386932373,-0.6075992584228516,0.8573113679885864,3
1771109692112,-1.438527226448059,-0.9499530792236328,-0.7902075052261353,3
1771109692221,-0.7719289064407349,-0.9068717956542969,-0.6218141317367554,3
1771109692329,0.17154419422149658,-0.07008075714111328,-0.01773548126220703,3
1771109692438,-0.38933736085891724,0.9412164688110352,-2.787554979324341,3
1771109692546,0.44811195135116577,-0.3476696014404297,-0.04521036148071289,3
1771109692656,0.15064513683319092,-0.9900074005126953,0.31330394744873047,3
1771109692766,-0.14900708198547363,0.2043628692626953,1.3419911861419678,3
1771109692871,0.34607136249542236,0.6357059478759766,0.28237366676330566,3
1771109692972,-1.0214388370513916,0.6098127365112305,-1.0900864601135254,3
1771109693080,-0.05912989377975464,0.32271862030029297,0.2234663963317871,3
1771109693198,0.3740764856338501,0.02435016632080078,1.3512849807739258,3
1771109693297,-1.3972522020339966,-0.43110179901123047,-0.4422416687011719,3
1771109693407,0.651167094707489,0.6207542419433594,0.2033243179321289,3
1771109693511,0.17672431468963623,-1.5550432205200195,0.6955535411834717,3
1771109693616,-0.33614516258239746,2.538212776184082,-0.7347332239151001,3
1771109693723,-1.1479052305221558,1.0383977890014648,1.3364784717559814,3
1771109693831,-0.5037637948989868,0.36145782470703125,0.0705559253692627,3
1771109693931,-0.38569891452789307,0.11948013305664062,0.03551292419433594,3
1771109694039,-1.2337620258331299,-2.2425198554992676,0.3334932327270508,3
1771109694178,-0.3843836784362793,-0.15004539489746094,0.9502215385437012,3
1771109694258,-0.5601223707199097,1.4402656555175781,-1.101680040359497,3
1771109694364,-0.5560064315795898,-1.008225440979004,-1.0542439222335815,3
1771109694474,-0.2273573875427246,1.1923656463623047,-0.4432617425918579,3
1771109694609,-0.6313296556472778,-0.38434791564941406,-1.8326696157455444,3
1771109694692,0.5787486433982849,-1.141667366027832,0.3532705307006836,3
1771109694798,0.22337472438812256,0.0901336669921875,0.4750518798828125,3
1771109694907,-1.038216233253479,-1.0918893814086914,-0.18958187103271484,3
1771109695012,0.4507536292076111,-1.4110345840454102,0.07549691200256348,3
1771109695115,0.03609710931777954,1.38385009765625,-1.764579176902771,3
1771109695217,-0.8615303039550781,-0.47173118591308594,-1.9341723918914795,3
1771109695324,0.585689902305603,-1.6616878509521484,0.32033538818359375,3
1771109695424,-0.4057796597480774,1.2992143630981445,-0.23905611038208008,3
1771109695532,0.12871301174163818,-1.1753787994384766,1.7726624011993408,3
1771109695641,-0.4676823019981384,1.3391103744506836,-2.4310247898101807,3
1771109695752,-0.7795715928077698,2.11171817779541,-3.295319080352783,3
1771109695858,-0.4051070511341095,-0.24036216735839844,-1.783187747001648,3
1771109695967,-0.07970833778381348,-1.3030471801757812,0.5319886207580566,3
1771109696076,-0.1383945345878601,2.551891326904297,-0.9126749038696289,3
1771109696195,0.2168123722076416,-0.6679019927978516,1.018345594406128,3
1771109696300,0.19571930170059204,-1.2328767776489258,0.5163552761077881,3
1771109696401,0.6268287897109985,1.7403812408447266,0.5099890232086182,3
1771109696510,-0.46376875042915344,1.2701711654663086,1.7971587181091309,3
1771109696617,0.4494645595550537,-0.8735418319702148,2.274502754211426,3
1771109696725,0.32985633611679077,2.536548614501953,-0.05771613121032715,3
1771109696835,-0.7807644605636597,1.5441436767578125,-0.4620859622955322,3
1771109696934,0.3646473288536072,-0.9653520584106445,1.7301108837127686,3
1771109697043,-0.21349620819091797,0.7455787658691406,-1.2176226377487183,3
1771109697154,-0.020832717418670654,1.0738916397094727,-0.2830648422241211,3
1771109697261,-0.8906557559967041,-1.0656137466430664,0.7297918796539307,3
1771109697362,0.2559993863105774,0.5392875671386719,-0.9985694885253906,3
1771109697469,1.318148136138916,0.35324764251708984,1.6021583080291748,3
1771109697618,0.13573044538497925,1.8219366073608398,-0.9090937376022339,3
1771109697685,1.1755003929138184,0.2899789810180664,0.768913984298706,3
1771109697786,-0.018524587154388428,-1.0098485946655273,1.2795014381408691,3
1771109697893,-0.32253435254096985,-1.4922981262207031,-0.33315038681030273,3
1771109698002,0.010095179080963135,0.6469144821166992,-2.0382134914398193,3
1771109698144,-0.4900197982788086,-0.862762451171875,1.0650997161865234,3
1771109698211,0.32914990186691284,-0.39042186737060547,0.19579625129699707,3
1771109698320,-0.6815446019172668,2.1724166870117188,-3.3280911445617676,3
1771109698427,-1.6413421630859375,0.7488975524902344,-0.09514117240905762,3
1771109698528,-0.3982258439064026,-2.051520347595215,-1.0612437725067139,3
1771109698638,-0.09993225336074829,1.5726699829101562,-2.9395925998687744,3
1771109698745,-1.0935345888137817,1.4913873672485352,-1.9777206182479858,3
1771109698854,-0.9669598340988159,-0.7899637222290039,0.8108985424041748,3
1771109698963,-0.0932837724685669,0.7099685668945312,-1.0810246467590332,3
1771109699070,-0.6795612573623657,2.276005744934082,-0.13004469871520996,3
1771109699172,-0.09070125222206116,-0.9049692153930664,-0.19129037857055664,3
1771109699278,0.6887903213500977,1.300684928894043,-0.5731451511383057,3
1771109699380,-0.15950879454612732,-1.180790901184082,1.2588748931884766,3
1771109699488,0.1586274802684784,1.1576805114746094,0.7497076988220215,3
1771109699611,-0.2832493484020233,1.0401935577392578,-1.8648637533187866,3
1771109699696,-0.9488953351974487,-1.8001494407653809,1.6792981624603271,3
1771109699804,0.13539868593215942,0.5096416473388672,-2.424654722213745,3
1771109699905,0.41656064987182617,-0.5717878341674805,-0.6181371212005615,3
1771109700013,-0.18414026498794556,0.4125175476074219,-1.0115320682525635,3
1771109700144,1.0308597087860107,-1.378387451171875,0.11497020721435547,3
1771109700235,0.2388109564781189,0.1196298599243164,-0.20859932899475098,3
1771109700338,1.149513602256775,-1.041330337524414,-0.29582715034484863,3
1771109700446,-0.3701016902923584,1.7369499206542969,0.6759204864501953,3
1771109700548,-0.08016782999038696,-0.4667396545410156,-0.027927160263061523,3
1771109700655,0.6968443393707275,1.1414556503295898,-0.24966061115264893,3
1771109700763,0.2206631898880005,-0.12892818450927734,0.15715503692626953,3
1771109700873,0.9493919014930725,-0.8473129272460938,-0.03783369064331055,3
1771109700980,0.14044946432113647,1.877781867980957,-0.12289857864379883,3
1771109701090,-1.036342740058899,-0.09585094451904297,-1.2381287813186646,3
1771109701197,0.18525630235671997,0.7647562026977539,0.6894323825836182,3
1771109701299,-1.3069223165512085,0.9008474349975586,-1.4755496978759766,3
1771109701407,0.13235193490982056,0.8569116592407227,-0.14579296112060547,3
1771109701506,0.374306321144104,1.4164161682128906,1.0606985092163086,3
1771109701639,1.2904422283172607,0.46277904510498047,1.166695237159729,3
1771109701723,0.4861863851547241,-0.7201356887817383,-0.23392748832702637,3
1771109701832,0.7138322591781616,1.1071090698242188,-1.9311504364013672,3
1771109701939,0.22012165188789368,-1.0841331481933594,-0.5704729557037354,3
1771109702050,0.1346314251422882,-1.2051944732666016,-0.4517301321029663,3
1771109702229,-0.9999004006385803,1.2202224731445312,-3.470402717590332,3
1771109702260,0.5649666786193848,-1.0816326141357422,2.6458330154418945,3
1771109702365,0.4015369415283203,-0.34328556060791016,-1.8561985492706299,3
1771109702465,-0.4596630334854126,0.6472234725952148,-1.5622292757034302,3
1771109702574,-0.5590292811393738,-0.21674823760986328,0.4982631206512451,3
1771109702675,0.015261918306350708,0.12029838562011719,-0.8295598030090332,3
1771109702781,0.6364854574203491,0.06963062286376953,0.8072237968444824,3
1771109702882,-0.08246174454689026,1.3100166320800781,-0.990352988243103,3
1771109702990,0.7414378523826599,0.2551851272583008,1.587552785873413,3
1771109703099,-0.12302336096763611,-1.3252801895141602,2.323086977005005,3
1771109703214,-0.04702645540237427,-0.7504854202270508,1.7324950695037842,3
1771109703309,-0.2401193529367447,0.64398193359375,-0.07565140724182129,3
1771109703417,0.6185498237609863,-0.012345314025878906,-0.3679511547088623,3
1771109703524,-0.5618138909339905,-0.2076587677001953,1.2806973457336426,3
1771109703627,-0.5685278177261353,-0.25420570373535156,-0.8618626594543457,3
1771109703735,0.636351466178894,0.31617259979248047,-0.6549357175827026,3
1771109703841,0.23628109693527222,1.7966556549072266,-0.30777788162231445,3
1771109703950,-0.20553317666053772,-0.025180816650390625,2.268209457397461,3
1771109704051,-0.5622403621673584,1.1563835144042969,-0.72670578956604,3
1771109704172,-0.4624802768230438,0.835413932800293,-0.6287403106689453,3
1771109704259,-0.24474197626113892,-0.7260799407958984,-0.9358382225036621,3
1771109704368,-0.40799084305763245,0.112274169921875,0.8964388370513916,3
1771109704478,0.6033459305763245,-0.1776590347290039,-0.8081393241882324,3
1771109704616,0.26322874426841736,-0.8897743225097656,0.3614182472229004,3
1771109704687,-0.22495374083518982,0.20744991302490234,-0.685523271560669,3
1771109704793,0.036707401275634766,-0.9922075271606445,-0.6546599864959717,3
1771109704902,0.11803370714187622,-0.9067573547363281,0.32134008407592773,3
1771109705012,0.9406161308288574,0.845454216003418,0.6759891510009766,3
1771109705146,-0.4077445864677429,-0.09906482696533203,-1.9549916982650757,3
1771109705229,-0.1534087359905243,-0.7706260681152344,-1.7972867488861084,3
1771109705327,0.9435454607009888,0.1565237045288086,0.8558943271636963,3
1771109705436,0.25664839148521423,0.5686416625976562,3.4682748317718506,3
1771109705544,0.6480789184570312,-0.1616344451904297,0.935206413269043,3
1771109705652,-0.5501676797866821,0.5204610824584961,0.7521662712097168,3
1771109705761,1.1427061557769775,0.6694698333740234,1.9002459049224854,3
1771109705870,-0.34323784708976746,-1.1255216598510742,1.4280269145965576,3
1771109705970,0.12662646174430847,1.312016487121582,2.0226855278015137,3
1771109706073,-0.611596941947937,-1.1721515655517578,-1.675269603729248,3
1771109706190,-0.31807607412338257,-1.747666835784912,0.6443853378295898,3
1771109706278,0.23276454210281372,-0.12868404388427734,-0.489266037940979,3
1771109706388,-0.6326422095298767,0.7454471588134766,-2.329699993133545,3
1771109706496,0.7233929634094238,0.4025897979736328,1.1859145164489746,3
1771109706618,-0.6936829090118408,-0.8607378005981445,0.25498878955841064,3
1771109706711,-1.0527023077011108,-1.4470491409301758,-1.470987319946289,3
1771109706821,0.7109969854354858,-1.5131149291992188,1.0796394348144531,3
1771109706929,-0.32670602202415466,1.1531915664672852,-2.2899038791656494,3
1771109707040,-0.13002139329910278,1.7984209060668945,-0.52901291847229,3
1771109707159,-0.8046272397041321,-0.9793624877929688,-1.1300041675567627,3
1771109707255,-0.07001698017120361,0.24934768676757812,1.0198709964752197,3
1771109707362,0.3185662627220154,1.4731512069702148,-0.1216580867767334,3
1771109707471,-0.10967129468917847,-2.045053482055664,-0.2127997875213623,3
1771109707582,-0.2566445469856262,1.1916790008544922,0.20139098167419434,3
1771109707688,0.9916005730628967,1.4363279342651367,-0.19492793083190918,3
1771109707788,0.803229808807373,-1.6434016227722168,0.0473172664642334,3
1771109707897,-0.18837463855743408,-0.6693801879882812,-0.8365411758422852,3
1771109708005,-0.15559780597686768,-1.4533100128173828,1.6329021453857422,3
1771109708105,1.1806129217147827,-0.25383949279785156,1.3603522777557373,3
1771109708207,-0.25619572401046753,0.9172306060791016,-1.9740431308746338,3
1771109708313,-0.01451265811920166,-1.5996932983398438,-0.005501985549926758,3
1771109708424,-0.09074902534484863,-0.6207723617553711,1.0541787147521973,3
1771109708530,-0.1538955569267273,2.0422468185424805,-0.4062122106552124,3
1771109708640,0.5159631967544556,-1.6438703536987305,1.935349941253662,3
1771109708748,0.7306289672851562,-0.5179758071899414,2.324129104614258,3
1771109708856,-0.501165509223938,0.8324337005615234,-1.3896464109420776,3
1771109708965,-0.5476400852203369,-0.3518533706665039,2.701983690261841,3
1771109709077,0.46891480684280396,-0.8347282409667969,4.039177894592285,3
1771109709189,-0.6680885553359985,0.22910499572753906,-0.8664672374725342,3
1771109709290,-1.094370722770691,0.060547828674316406,-2.032496929168701,3
1771109709398,0.577422559261322,-1.5007166862487793,-0.2779123783111572,3
1771109709506,-0.3963114619255066,0.42894649505615234,-0.9043638706207275,3
1771109709623,0.011975347995758057,1.6184215545654297,0.5760195255279541,3
1771109709716,-0.7978259325027466,-1.4313888549804688,1.247622013092041,3
1771109709817,0.6210513114929199,2.1070995330810547,-0.1239786148071289,3
1771109709924,-0.12252455949783325,-1.9732508659362793,0.31124091148376465,3
1771109710034,0.7441545128822327,-0.6583576202392578,2.601256847381592,3
1771109710184,-0.9939620494842529,0.5156459808349609,-1.5560780763626099,3
1771109710249,0.5626605153083801,0.9778804779052734,-0.3166170120239258,3
1771109710350,0.6770414113998413,-0.4801969528198242,2.5726215839385986,3
1771109710458,0.9172140955924988,0.43874359130859375,-1.1127040386199951,3
1771109710569,-0.17260852456092834,-0.3955650329589844,2.230506181716919,3
1771109710676,0.5460792779922485,-2.1436686515808105,1.9557807445526123,3
1771109710786,-0.11151772737503052,-1.949660301208496,0.9499039649963379,3
1771109710894,0.267633855342865,-1.3694953918457031,-1.449320673942566,3
1771109710993,0.5309508442878723,-0.45192623138427734,0.10037374496459961,3
1771109711101,0.1017080545425415,1.4570770263671875,-0.5003902912139893,3
1771109711205,-0.0542219877243042,0.9962654113769531,1.4202351570129395,3
1771109711310,0.07687205076217651,0.22320079803466797,-0.008481979370117188,3
1771109711418,-0.1202278733253479,0.9591493606567383,1.611185073852539,3
1771109711519,0.4889787435531616,-1.4959068298339844,-2.1424896717071533,3
1771109711639,0.2887710928916931,-1.7647457122802734,2.2772011756896973,3
1771109711734,-0.5192546844482422,0.7730903625488281,-1.0453852415084839,3
1771109711836,0.2608223557472229,-1.7241477966308594,-0.47397375106811523,3
1771109711944,-0.427998423576355,1.9746885299682617,-2.4096498489379883,3
1771109712052,-0.17886883020401,-0.5824136734008789,-1.103264331817627,3
1771109712161,-0.11954683065414429,-1.2813177108764648,-1.429589033126831,3
1771109712268,-0.331266850233078,1.583054542541504,-0.7102775573730469,3
1771109712379,-0.06434184312820435,0.6543169021606445,-0.7693922519683838,3
1771109712488,-0.094135582447052,-0.5333805084228516,-1.2170439958572388,3
1771109712595,-0.7542351484298706,1.5337600708007812,-1.544980525970459,3
1771109712702,0.19585442543029785,-0.3348112106323242,1.330946445465088,3
1771109712812,0.1426476240158081,-0.16862010955810547,0.06544089317321777,3
1771109712919,0.8535199761390686,-0.7921934127807617,1.0508053302764893,3
1771109713028,0.8065922260284424,-1.3084564208984375,2.061347246170044,3
1771109713171,-0.060505211353302,-0.6587600708007812,1.8595302104949951,3
1771109713230,-0.04026275873184204,-0.6923151016235352,-0.5806007385253906,3
1771109713336,-0.4869040846824646,0.5995473861694336,-2.9245524406433105,3
1771109713444,0.21269738674163818,-0.3760232925415039,-0.3832871913909912,3
1771109713545,0.0791003406047821,-0.08609676361083984,-0.7958028316497803,3
1771109713646,-0.8410912752151489,-1.3699760437011719,-0.24554991722106934,3
1771109713754,-1.3866081237792969,0.9963455200195312,0.1557624340057373,3
1771109713862,0.6955989599227905,0.04976844787597656,0.5130093097686768,3
1771109713963,-0.0026679635047912598,0.5772085189819336,-0.9801218509674072,3
1771109714070,-0.25069403648376465,-0.4572772979736328,0.15843844413757324,3
1771109714171,0.2791866660118103,-1.0638914108276367,-0.04623985290527344,3
1771109714279,-0.7977542877197266,1.1124582290649414,-2.738842248916626,3
1771109714388,-0.16669243574142456,0.6803226470947266,-0.9591598510742188,3
1771109714496,-0.9194941520690918,-0.16260528564453125,-0.7998402118682861,3
1771109714639,0.5685384273529053,0.17392826080322266,-0.3775155544281006,3
1771109714713,0.21184206008911133,0.4468650817871094,1.1633689403533936,3
1771109714820,-1.2575957775115967,1.6707525253295898,-0.9685008525848389,3
1771109714922,-1.1916786432266235,-1.1085224151611328,-0.6589123010635376,3
1771109715031,0.05422091484069824,-0.15043926239013672,0.8211569786071777,3
1771109715138,-1.0844626426696777,-0.11713409423828125,-1.6277318000793457,3
1771109715259,0.42803865671157837,0.7199373245239258,1.2650032043457031,3
1771109715355,-0.7712764739990234,-0.4064950942993164,-0.5366661548614502,3
1771109715456,0.6578997373580933,0.13950824737548828,-0.1236104965209961,3
1771109715564,0.2194647192955017,-0.4346752166748047,1.1017764806747437,3
1771109715665,-0.23149114847183228,1.728358268737793,-0.04846227169036865,3
1771109715773,0.2690677046775818,0.8496627807617188,-1.44786536693573,3
1771109715881,-0.3401799499988556,-1.0520505905151367,0.868602991104126,3
1771109715992,0.6282235383987427,0.5119647979736328,1.134108304977417,3
1771109716090,-0.1080547571182251,-0.6863279342651367,-0.314522385597229,3
1771109716241,0.5763149261474609,-0.5988435745239258,1.2788219451904297,3
1771109716302,0.8807121515274048,0.4905557632446289,2.0521464347839355,3
1771109716407,-0.20965415239334106,0.07315635681152344,-1.1563959121704102,3
1771109716515,-0.6387017965316772,0.0014934539794921875,-1.4994145631790161,3
1771109716638,0.557650625705719,-0.07181072235107422,0.5089476108551025,3
1771109716723,-0.4127581715583801,0.048501014709472656,-1.4606531858444214,3
1771109716832,-0.8614798188209534,-1.0140562057495117,-1.3251633644104004,3
1771109716943,0.6135266423225403,-0.14797115325927734,1.4604816436767578,3
1771109717049,0.5075413584709167,-1.3274459838867188,3.73252534866333,3
1771109717148,-0.8041314482688904,0.9339237213134766,-0.7429819107055664,3
1771109717258,-0.1315339207649231,-0.31345462799072266,-0.380204439163208,3
1771109717367,-0.28623512387275696,-0.1138601303100586,-0.7804971933364868,3
1771109717466,-0.6505891680717468,1.1047649383544922,-0.8458796739578247,3
1771109717575,-0.3977199196815491,-0.4834737777709961,-0.710073709487915,3
1771109717684,-0.6371984481811523,0.8022470474243164,-1.062329888343811,3
1771109717792,0.4000231623649597,-0.3048267364501953,-0.031012773513793945,3
1771109717899,-0.3544359803199768,-1.0504798889160156,-0.6156314611434937,3
1771109718001,0.6141612529754639,0.20861244201660156,-0.4326472282409668,3
1771109718109,0.5668867826461792,0.2892789840698242,1.322096824645996,3
1771109718214,0.4200979471206665,-0.8193645477294922,-0.16950595378875732,3
1771109718317,0.09896042943000793,-0.7137556076049805,1.0152581930160522,3
1771109718425,0.49546968936920166,1.2498970031738281,0.06847476959228516,3
1771109718534,-0.997286319732666,0.5422143936157227,-0.35495924949645996,3
1771109718653,0.0010766088962554932,-0.3312644958496094,-0.9093621969223022,3
1771109718743,0.7671312093734741,-0.8514719009399414,0.13261771202087402,3
1771109718850,-0.03982540965080261,-0.5938301086425781,-0.5007647275924683,3
1771109718951,0.13186845183372498,-0.46970558166503906,0.2276778221130371,3
1771109719059,0.7784951329231262,-0.9214754104614258,1.678849458694458,3
1771109719175,0.10208249092102051,0.17534160614013672,0.23471033573150635,3
1771109719277,0.19812512397766113,-0.6184091567993164,-0.2559957504272461,3
1771109719388,0.5375713109970093,0.21755027770996094,0.4995342493057251,3
1771109719493,0.1771639883518219,0.5850601196289062,-0.14974510669708252,3
1771109719602,-0.24941109120845795,0.3310108184814453,-0.5309364795684814,3
1771109719703,0.6790828704833984,-0.1435556411743164,1.4253721237182617,3
1771109719810,0.2666889727115631,0.0013456344604492188,0.08893704414367676,3
1771109719911,-0.13480326533317566,0.03839397430419922,0.4600105285644531,3
1771109720019,0.4280751347541809,-1.092665672302246,1.3595268726348877,3
1771109720155,0.530929446220398,-0.03107929229736328,-0.005373716354370117,3
1771109720227,0.6113236546516418,0.4603424072265625,-0.39482665061950684,3
1771109720336,-0.2834985852241516,0.3625202178955078,2.36639666557312,3
1771109720441,0.35025376081466675,-0.6611757278442383,1.000244140625,3
1771109720544,0.2289831042289734,0.28015613555908203,1.6023385524749756,3
1771109720646,1.0781060457229614,0.7660846710205078,2.6834557056427,3
1771109720753,0.04800856113433838,-0.32005882263183594,-1.323036551475525,3
1771109720856,-0.016706526279449463,0.8139629364013672,-0.6026625633239746,3
1771109720961,0.5254462361335754,-0.1390218734741211,1.576561450958252,3
1771109721078,0.0089302659034729,-0.7651395797729492,1.2067418098449707,3
1771109721171,-0.23121356964111328,0.12684345245361328,-1.153087854385376,3
1771109721294,-0.17149680852890015,0.17447471618652344,0.10622072219848633,3
1771109721395,-0.22136831283569336,-0.027685165405273438,0.8977985382080078,3
1771109721503,0.5705665349960327,-0.6123504638671875,0.8579146862030029,3
1771109721607,-0.06192964315414429,1.6468505859375,-0.8716928958892822,3
1771109721713,0.41929227113723755,0.8046016693115234,-0.7566996812820435,3
1771109721823,-0.21637430787086487,-0.6409120559692383,0.404217004776001,3
1771109721929,-0.8716157078742981,-1.166646957397461,0.11263537406921387,3
1771109722037,0.3485738933086395,0.11751270294189453,0.12380838394165039,3
1771109722162,-1.3731026649475098,0.0064983367919921875,-2.482116222381592,3
1771109722246,-0.31180113554000854,-0.9351158142089844,-0.6581274271011353,3
1771109722355,0.5055040121078491,0.9184989929199219,0.21425390243530273,3
1771109722455,0.2907915413379669,0.25353050231933594,0.6419148445129395,3
1771109722564,0.41509494185447693,-1.0038270950317383,-0.09790945053100586,3
1771109722666,0.09866374731063843,0.45479488372802734,0.3096194267272949,3
1771109722774,-0.3837282955646515,1.5610895156860352,-0.4436694383621216,3
1771109722881,0.5425515174865723,-0.9752750396728516,-1.741098165512085,3
1771109722992,-0.19277170300483704,-0.35618019104003906,1.6656651496887207,3
1771109723098,0.7426584362983704,0.14297103881835938,-0.05666470527648926,3
1771109723208,0.5787211060523987,-1.044032096862793,1.1359553337097168,3
1771109723314,-0.3112328350543976,-0.6018447875976562,-1.117842674255371,3
1771109723425,-0.4085831642150879,1.2282896041870117,-0.25083184242248535,3
1771109723531,-0.15379512310028076,-0.1567554473876953,0.3430147171020508,3
1771109723654,-0.14537295699119568,0.844599723815918,-0.7446969747543335,3
1771109723740,0.40900272130966187,0.7345724105834961,-0.4113903045654297,3
1771109723849,-1.3076777458190918,0.9577493667602539,-1.9991093873977661,3
1771109723957,0.4332030415534973,-1.7617788314819336,1.4066493511199951,3
1771109724066,0.5852794051170349,-0.13312053680419922,0.8989253044128418,3
1771109724175,-1.0008816719055176,0.1148672103881836,-1.4870223999023438,3
1771109724274,0.30219876766204834,0.30606937408447266,-3.0054218769073486,3
1771109724382,-0.0654468834400177,1.0535011291503906,1.7651410102844238,3
1771109724492,0.5636433362960815,-0.9917316436767578,2.670426607131958,3
1771109724601,-0.5388880968093872,-0.3147258758544922,0.4980752468109131,3
1771109724708,0.3011603355407715,-0.7066059112548828,1.3939647674560547,3
1771109724808,0.12200134992599487,1.3420305252075195,-1.160477638244629,3
1771109724916,0.49120962619781494,0.3935537338256836,-0.5786373615264893,3
1771109725020,-0.7468444108963013,-0.7005157470703125,-2.478065013885498,3
1771109725140,-0.38096946477890015,0.1894235610961914,-1.085641860961914,3
1771109725237,0.27603232860565186,-0.2138528823852539,-0.20757579803466797,3
1771109725342,-0.764474630355835,2.636209487915039,-1.36948561668396,3
1771109725450,-0.042459070682525635,-0.45515918731689453,-0.09270715713500977,3
1771109725560,-0.2043006420135498,0.26575469970703125,1.609226942062378,3
1771109725667,-0.27591586112976074,-0.5147066116333008,0.10008001327514648,3
1771109725776,0.41841912269592285,-0.5919895172119141,1.415581464767456,3
1771109725877,-0.6624017357826233,0.9512834548950195,-1.7178531885147095,3
1771109725984,0.7793177962303162,-0.1622180938720703,1.733168363571167,3
1771109726094,-0.12037652730941772,0.046418190002441406,-0.5931270122528076,3
1771109726214,0.007455706596374512,-0.01906585693359375,1.777132272720337,3
1771109726319,0.5641462206840515,-1.125880241394043,2.2002670764923096,3
1771109726418,0.28198421001434326,0.5907802581787109,-0.605695366859436,3
1771109726526,-1.2952156066894531,-1.2611055374145508,-1.3491671085357666,3
1771109726650,0.5868169665336609,-0.9975032806396484,0.04597663879394531,3
1771109726738,-0.2734547555446625,-0.7787370681762695,-0.8743011951446533,3
1771109726843,-0.7629231214523315,0.08605098724365234,-1.3673906326293945,3
1771109726944,-0.16152819991111755,-0.7375192642211914,-0.38194966316223145,3
1771109727044,-0.04531317949295044,-0.5812892913818359,-0.4375030994415283,3
1771109727156,-0.13285553455352783,0.4094276428222656,-0.16065239906311035,3
1771109727261,0.7694538235664368,-1.0449447631835938,1.6673662662506104,3
1771109727369,-0.8783488273620605,0.972041130065918,-2.982067108154297,3
1771109727477,-0.8657107353210449,-0.33551692962646484,-1.1612039804458618,3
1771109727578,0.3996307849884033,0.7862453460693359,-0.9898056983947754,3
1771109727686,0.6114879250526428,1.7470788955688477,2.3940768241882324,3
1771109727794,1.175745964050293,1.2939777374267578,-0.41064000129699707,3
1771109727896,0.8197051286697388,-0.35068225860595703,-0.4262223243713379,3
1771109728003,-0.6065781116485596,-2.1084232330322266,1.7679839134216309,3
1771109728104,0.9895943403244019,-0.5722150802612305,0.4471135139465332,3
1771109728237,-0.14045298099517822,1.4965877532958984,0.2550990581512451,3
1771109728313,-0.5640345811843872,2.3575572967529297,-2.7061591148376465,3
1771109728423,0.3380131721496582,-0.08925437927246094,-0.4617563486099243,3
1771109728529,0.27304473519325256,-1.518458366394043,-0.16669106483459473,3
1771109728651,0.009725511074066162,0.9810762405395508,-1.322212815284729,3
1771109728737,0.5410072803497314,-1.2584257125854492,1.6482477188110352,3
1771109728845,-0.8102202415466309,1.259664535522461,-1.2984212636947632,3
1771109728946,0.869491696357727,-1.304727554321289,2.0705227851867676,3
1771109729055,-0.42070871591567993,-0.17943096160888672,0.24971771240234375,3
1771109729167,0.15254926681518555,0.3831501007080078,-2.022813320159912,3
1771109729264,0.17108315229415894,-0.1334819793701172,0.7217345237731934,3
1771109729372,0.04967743158340454,0.6849365234375,0.5201246738433838,3
1771109729481,-0.4615849554538727,-0.757354736328125,1.7512924671173096,3
1771109729589,-0.5165804028511047,-0.8184289932250977,-1.522654414176941,3
1771109729701,0.22365659475326538,-0.40253257751464844,-0.16219043731689453,3
1771109729805,0.13203537464141846,-0.41640377044677734,0.33577466011047363,3
1771109729908,-0.8329817056655884,-1.5597867965698242,-0.642467737197876,3
1771109730016,-0.17760825157165527,-0.9787015914916992,-0.4621075391769409,3
1771109730164,0.0137442946434021,-0.5002374649047852,1.3711097240447998,3
1771109730231,0.26318562030792236,-0.4744596481323242,1.1504788398742676,3
1771109730344,0.3014116883277893,-0.5510272979736328,1.0376639366149902,3
1771109730449,-1.0739229917526245,-0.037949562072753906,-0.057047367095947266,3
1771109730556,0.3686913549900055,-1.85687255859375,0.30762195587158203,3
1771109730665,-1.0582042932510376,0.7302408218383789,-1.6244406700134277,3
1771109730773,0.1767861247062683,0.664576530456543,0.8628430366516113,3
1771109730883,0.21299612522125244,-1.8632245063781738,-0.23131823539733887,3
1771109730982,-1.0117409229278564,0.12344932556152344,0.0007030963897705078,3
1771109731090,0.32115495204925537,-1.1747846603393555,0.9247946739196777,3
1771109731194,0.3023800253868103,0.2243022918701172,-0.18835771083831787,3
1771109731299,-0.2428387999534607,-1.4599580764770508,-1.1418043375015259,3
1771109731408,-1.0309243202209473,0.8316764831542969,-3.038961887359619,3
1771109731518,-0.9123631715774536,0.25496387481689453,-1.9907653331756592,3
1771109731655,-0.9222376346588135,0.5909252166748047,-0.8534929752349854,3
1771109731733,-0.2165723443031311,-0.5448589324951172,1.2652697563171387,3
1771109731841,-0.20646369457244873,0.07942485809326172,0.9715168476104736,3
1771109731950,0.7683677077293396,0.7496309280395508,0.11078095436096191,3
1771109732078,-1.500205397605896,0.5959157943725586,-2.6295976638793945,3
1771109732185,-0.2014526128768921,-2.3485312461853027,-0.9822442531585693,3
1771109732290,-0.306772917509079,-0.31302642822265625,-0.448073148727417,3
1771109732395,-0.5384658575057983,1.440988540649414,-3.4276890754699707,3
1771109732509,0.1634538769721985,0.48628807067871094,1.6120827198028564,3
1771109732626,-0.01290738582611084,-0.9691143035888672,0.3689286708831787,3
1771109732729,-1.5789393186569214,-0.028876304626464844,-3.1029744148254395,3
1771109732844,0.7747612595558167,-0.7534770965576172,0.28047847747802734,3
1771109732964,-0.31895044445991516,0.2890281677246094,-1.1543357372283936,3
1771109733080,-0.916373610496521,0.3166389465332031,-1.193123698234558,3
1771109733193,0.41751182079315186,-0.6143817901611328,-0.08473372459411621,3
1771109733295,-0.3331034779548645,-0.8024330139160156,0.21426057815551758,3
1771109733394,0.9003667831420898,0.3731527328491211,4.900057792663574,3
1771109733512,0.8129235506057739,0.7570075988769531,1.5220921039581299,3
1771109733611,0.09785613417625427,-0.41760826110839844,-0.378328800201416,3
1771109733728,0.4787205755710602,-0.4063434600830078,1.746049404144287,3
1771109733845,-0.7030115127563477,-1.0193805694580078,0.970834493637085,3
1771109733962,0.42267823219299316,1.5293388366699219,1.451268196105957,3
1771109734067,-0.555200457572937,0.4034090042114258,2.398266077041626,3
1771109734203,0.6609914302825928,-1.2949533462524414,1.8930165767669678,3
1771109734296,-0.5545305013656616,0.6361923217773438,0.004369974136352539,3
1771109734414,0.7541297674179077,1.3459281921386719,1.1675097942352295,3
1771109734530,-0.5921549201011658,-0.5427761077880859,1.0508911609649658,3
1771109734684,0.6515995264053345,0.23228836059570312,0.7408442497253418,3
1771109734770,0.6210728883743286,0.09105968475341797,-0.33950257301330566,3
1771109734867,-0.7964548468589783,-0.2618703842163086,-0.6606416702270508,3
1771109734979,-0.1588398814201355,1.3434247970581055,-1.1565921306610107,3
1771109735079,-0.035177186131477356,-0.15797805786132812,-1.1837074756622314,3
1771109735209,-0.8995436429977417,-0.5015859603881836,0.831352710723877,3
1771109735313,0.8291246891021729,0.5811901092529297,-0.20924854278564453,3
1771109735430,-0.166881263256073,-0.7433767318725586,-0.8131103515625,3
1771109735547,-0.2579093873500824,0.9229030609130859,-0.09890079498291016,3
1771109735680,-0.20096658170223236,-0.32831478118896484,0.49744176864624023,3
1771109735765,-0.4095843434333801,-0.42256641387939453,0.2134718894958496,3
1771109735866,0.8055341243743896,0.9317693710327148,0.9315283298492432,3
1771109735980,-0.333830326795578,-0.4329957962036133,0.09530186653137207,3
1771109736082,-0.03233417868614197,-0.38072967529296875,0.4367096424102783,3
1771109736209,0.031768739223480225,0.527644157409668,0.6587923765182495,3
1771109736315,-0.36685001850128174,0.2359905242919922,0.9278690814971924,3
1771109736432,0.0017780065536499023,0.07782745361328125,-0.8869956731796265,3
1771109736548,0.17590373754501343,-0.03161811828613281,-0.27161693572998047,3
1771109736680,-0.04665577411651611,0.5428838729858398,0.7337796688079834,3
1771109736783,1.2510271072387695,0.3721179962158203,1.2982637882232666,3
1771109736899,0.21772301197052002,0.43643856048583984,-0.04150724411010742,3
1771109737015,0.20151901245117188,0.4065256118774414,0.8718650341033936,3
1771109737171,0.10663717985153198,-0.30902099609375,0.3836972713470459,3
1771109737252,-0.2936468720436096,1.2364463806152344,-1.0817511081695557,3
1771109737366,-0.027314603328704834,0.6201372146606445,0.07820940017700195,3
1771109737468,1.7023038864135742,1.1565866470336914,1.9979469776153564,3
1771109737583,1.0538955926895142,0.7714443206787109,-0.204193115234375,3
1771109737683,0.05784326791763306,-1.3827781677246094,1.6423835754394531,3
1771109737800,0.36593878269195557,-0.7779960632324219,0.2567788362503052,3
1771109737918,0.09244629740715027,-0.7736759185791016,0.6383492946624756,3
1771109738036,-0.4368211627006531,-0.3631782531738281,0.6555981636047363,3
1771109738149,-0.3257073163986206,-0.03751850128173828,-1.2732908725738525,3
1771109738251,0.5052324533462524,0.8639287948608398,-0.8985053300857544,3
1771109738368,-0.5916561484336853,0.3516054153442383,-1.413910150527954,3
1771109738485,-0.1849353313446045,-0.019937515258789062,-1.133681297302246,3
1771109738604,0.24973323941230774,0.36933040618896484,-1.3860574960708618,3
1771109738719,-0.4393076002597809,0.5495271682739258,0.25757741928100586,3
1771109738836,0.4551849067211151,0.14140796661376953,-1.7306723594665527,3
1771109738952,0.35710614919662476,-0.003612518310546875,0.439927339553833,3
1771109739073,-0.3938499093055725,0.15227127075195312,-0.9611868858337402,3
1771109739181,-0.3540074825286865,1.071115493774414,-0.4063246250152588,3
1771109739286,-0.43498706817626953,0.6755084991455078,0.3657724857330322,3
1771109739404,0.7009836435317993,1.2280378341674805,0.13296079635620117,3
1771109739520,-1.1400697231292725,0.05827522277832031,-0.7873504161834717,3
1771109739621,0.9868067502975464,-0.4947395324707031,1.8239984512329102,3
1771109739736,-0.0688927173614502,0.5381059646606445,-0.03940105438232422,3
1771109739855,-0.2403365969657898,-0.08761119842529297,0.8298015594482422,3
1771109739973,-1.0094146728515625,-1.355332374572754,-0.2319190502166748,3
1771109740088,0.4835251271724701,0.2303180694580078,0.31242847442626953,3
1771109740197,0.39966705441474915,-0.4130439758300781,0.1206510066986084,3
1771109740304,-0.45540040731430054,-0.14130210876464844,0.21465778350830078,3
1771109740422,-0.9546578526496887,0.5671777725219727,0.12558555603027344,3
1771109740522,1.075893521308899,-0.5213384628295898,-0.2138373851776123,3
1771109740638,1.1723053455352783,-0.07468318939208984,2.32753586769104,3
1771109740755,-1.0272417068481445,-1.2559823989868164,-0.6226954460144043,3
1771109740873,-0.30701202154159546,-0.4343442916870117,1.0404400825500488,3
1771109740990,0.28040945529937744,-0.46689701080322266,1.562687873840332,3
1771109741107,-0.3616076707839966,-0.6623754501342773,-1.1014094352722168,3
1771109741223,0.8383427262306213,0.03486061096191406,1.0125365257263184,3
1771109741340,-1.324207067489624,-0.9637565612792969,-0.21828293800354004,3
1771109741457,1.029548168182373,0.5056562423706055,2.4137842655181885,3
1771109741574,-0.7982041835784912,-0.3477020263671875,-1.0073277950286865,3
1771109741702,0.5380308032035828,0.3334674835205078,-0.4635286331176758,3
1771109741807,-0.21613214910030365,0.2776031494140625,-0.8401706218719482,3
1771109741909,-0.025165989995002747,-0.5377206802368164,-1.6195955276489258,3
1771109742023,-0.6394473314285278,-0.4770641326904297,-0.8878302574157715,3
1771109742180,-0.4097347855567932,0.2778291702270508,-0.29889726638793945,3
1771109742258,0.0494372695684433,-0.30426883697509766,-0.33090949058532715,3
1771109742373,-0.011342033743858337,-0.07161140441894531,1.0522279739379883,3
1771109742475,0.6225262880325317,0.7379302978515625,0.9206552505493164,3
1771109742591,-0.8594870567321777,0.4872102737426758,0.15271425247192383,3
1771109742693,0.2094438076019287,0.1557149887084961,1.5748703479766846,3
1771109742808,-0.7099746465682983,0.5401201248168945,-1.2872350215911865,3
1771109742925,0.0865914523601532,-0.20415306091308594,-0.28633952140808105,3
1771109743043,0.3725149631500244,-0.35102176666259766,2.150052547454834,3
1771109743170,0.8680771589279175,-0.3802146911621094,0.7982144355773926,3
1771109743280,0.8300431966781616,0.28639888763427734,0.09587883949279785,3
1771109743392,-0.12231220304965973,0.21050262451171875,0.31635022163391113,3
1771109743510,-0.21858835220336914,1.8478670120239258,-0.42708826065063477,3
1771109743628,0.025744780898094177,1.3763818740844727,-2.7370078563690186,3
1771109743743,0.21976441144943237,0.4756946563720703,-0.6745498180389404,3
1771109743860,-0.5492850542068481,1.2543134689331055,-1.2928613424301147,3
1771109743977,0.21614307165145874,1.0712213516235352,0.5918905735015869,3
1771109744094,-0.16913732886314392,0.44105052947998047,0.8035969734191895,3
1771109744194,-0.20541134476661682,0.5767078399658203,0.2565748691558838,3
1771109744295,-0.4705454707145691,0.19738388061523438,-0.6788287162780762,3
1771109744413,0.8007385730743408,0.03185749053955078,-0.9014889001846313,3
1771109744511,0.8739190101623535,-0.3068866729736328,1.0014183521270752,3
1771109744632,-1.0615673065185547,0.7047109603881836,0.06808185577392578,3
1771109744746,-0.012768745422363281,-0.3874540328979492,-0.03214740753173828,3
1771109744863,0.25750377774238586,0.44565582275390625,-0.3729672431945801,3
1771109744978,-0.7249120473861694,1.0900993347167969,-0.9414387941360474,3
1771109745095,-0.537490963935852,-0.6023521423339844,0.16006064414978027,3
1771109745278,0.8875380754470825,0.3860330581665039,0.3597249984741211,3
1771109745312,-0.6388108730316162,-1.8512458801269531,-0.6465878486633301,3
1771109745429,0.9481265544891357,-0.7676248550415039,1.7028412818908691,3
1771109745532,-0.24334055185317993,0.5873727798461914,-2.5934176445007324,3
1771109745645,-0.007937461137771606,-0.14870357513427734,-0.5902175903320312,3
1771109745747,0.21991971135139465,0.5431880950927734,-0.03387737274169922,3
1771109745864,-0.8341727256774902,-0.3580293655395508,-1.4777088165283203,3
1771109745980,-0.26506882905960083,0.4901885986328125,-0.8930081129074097,3
1771109746095,0.8014248013496399,-0.4166069030761719,0.029123783111572266,3
1771109746199,0.30234235525131226,-0.1314258575439453,1.0056102275848389,3
1771109746314,-0.1901986002922058,0.7213125228881836,1.3594415187835693,3
1771109746429,0.2434719204902649,0.15477943420410156,0.5643811225891113,3
1771109746531,0.5199088454246521,0.47698116302490234,1.291285753250122,3
1771109746647,-0.42748716473579407,-0.1610107421875,0.10344481468200684,3
1771109746747,0.3967118561267853,-1.874211311340332,0.03903818130493164,3
1771109746848,-0.6815111637115479,0.8379840850830078,-2.322913408279419,3
1771109746964,-0.8064019680023193,0.21380996704101562,-0.9966922998428345,3
1771109747071,-0.7668358087539673,-0.24242115020751953,-0.9169243574142456,3
1771109747195,-1.0198334455490112,0.8286876678466797,-1.1665217876434326,3
1771109747282,0.12569525837898254,0.09609794616699219,2.3083114624023438,3
1771109747401,1.072888731956482,0.3717632293701172,0.4279654026031494,3
1771109747516,-0.27759212255477905,-0.35327720642089844,0.02563166618347168,3
1771109747616,-0.6559967994689941,-0.3444690704345703,-1.1486892700195312,3
1771109747732,-0.10567685961723328,-0.4940919876098633,-0.12270951271057129,3
1771109747849,0.42884501814842224,0.15315532684326172,0.3579540252685547,3
1771109747967,-1.0041385889053345,1.6028366088867188,-0.6072723865509033,3
1771109748083,0.4317096471786499,0.49984073638916016,-2.518554210662842,3
1771109748209,1.039244532585144,0.0011968612670898438,1.0645339488983154,3
1771109748301,0.9294275045394897,-0.49718475341796875,0.6895427703857422,3
1771109748403,0.6073378324508667,0.1556377410888672,0.41754674911499023,3
1771109748516,0.27851006388664246,0.8502712249755859,-1.2652909755706787,3
1771109748619,-0.16457921266555786,0.534642219543457,-1.2817665338516235,3
1771109748735,-0.38211336731910706,0.6397619247436523,-0.9653996229171753,3
1771109748851,0.4603061079978943,0.32550525665283203,-1.1824471950531006,3
1771109748953,-0.8653777837753296,-0.16030502319335938,-0.5152488946914673,3
1771109749069,0.887183666229248,0.7060661315917969,1.4810354709625244,3
1771109749198,0.4285701513290405,0.25652122497558594,0.5664608478546143,3
1771109749303,0.004744529724121094,0.5722255706787109,-0.13771605491638184,3
1771109749419,0.10525184869766235,0.9192037582397461,-0.8209187984466553,3
1771109749535,1.0972568988800049,0.5844316482543945,1.1935875415802002,3
1771109749653,-0.8968122005462646,0.5209150314331055,-0.8220275640487671,3
1771109749770,0.8318915367126465,-0.9134674072265625,0.7763593196868896,3
1771109749871,1.153052568435669,0.35646533966064453,1.8357346057891846,3
1771109749985,-0.7949215769767761,0.4440746307373047,-0.4341928958892822,3
1771109750102,0.7709015607833862,-0.10570716857910156,1.0315370559692383,3
1771109750233,0.404244601726532,0.14916419982910156,0.8026747703552246,3
1771109750338,0.07395902276039124,-0.6797170639038086,-1.7755961418151855,3
1771109750453,1.2257373332977295,-1.3410453796386719,-0.10313630104064941,3
1771109750570,0.3038656711578369,0.06178569793701172,-0.6089071035385132,3
1771109750708,-0.09193968772888184,0.29996395111083984,2.1412808895111084,3
1771109750788,-0.11472177505493164,-0.5986061096191406,-0.4765615463256836,3
1771109750907,0.21754971146583557,0.6780691146850586,0.41960859298706055,3
1771109751020,0.19672635197639465,0.028291702270507812,2.7550344467163086,3
1771109751121,-0.18651461601257324,1.069925308227539,0.16105055809020996,3
1771109751238,1.0564820766448975,-0.12262248992919922,-0.6040471792221069,3
1771109751340,0.5401201844215393,1.8173675537109375,-1.037155270576477,3
1771109751454,0.16468310356140137,2.2515029907226562,-0.9283792972564697,3
1771109751571,-0.9642959833145142,1.1736459732055664,-0.953516960144043,3
1771109751717,-0.2133396863937378,0.8584928512573242,-0.5118353366851807,3
1771109751789,-1.0298819541931152,0.5266885757446289,0.2407999038696289,3
1771109751907,0.5670338869094849,-0.37908172607421875,0.3369412422180176,3
1771109752023,-0.5044238567352295,0.6958951950073242,-0.6619585752487183,3
1771109752141,-0.651643693447113,0.9134159088134766,0.2723720073699951,3
1771109752256,0.16202017664909363,-0.6843748092651367,-1.1652542352676392,3
1771109752374,-0.6322014331817627,-0.3256502151489258,-0.8944830894470215,3
1771109752477,-0.361381471157074,-0.12720012664794922,-1.0606720447540283,3
1771109752590,0.9905134439468384,0.7001161575317383,2.202460527420044,3
1771109752704,-0.1340925097465515,1.7104568481445312,-1.8769962787628174,3
1771109752807,0.06154292821884155,1.2748470306396484,-0.07952737808227539,3
1771109752907,0.32466185092926025,0.10283946990966797,0.748892068862915,3
1771109753024,0.4096553921699524,-0.00769805908203125,-0.4625370502471924,3
1771109753182,-0.5950028300285339,0.20055580139160156,-0.46552491188049316,3
1771109753241,-0.5198386907577515,-0.3779869079589844,-0.673169732093811,3
1771109753359,0.5313876867294312,-0.5645265579223633,1.971086025238037,3
1771109753459,-0.26767241954803467,1.7580394744873047,-1.2724374532699585,3
1771109753576,-0.19490152597427368,1.840437889099121,-0.6962391138076782,3
1771109753706,-0.19326269626617432,0.22169113159179688,-0.9827443361282349,3
1771109753792,0.11837100982666016,0.28931140899658203,1.0448260307312012,3
1771109753893,0.6486667990684509,0.9426736831665039,-1.1974437236785889,3
1771109754011,-0.8440909385681152,-1.1894607543945312,1.0337142944335938,3
1771109754128,-1.1014777421951294,-1.6627821922302246,1.6580302715301514,3
1771109754256,-0.08043310046195984,-0.915614128112793,1.7516121864318848,3
1771109754360,0.31442296504974365,1.5014238357543945,-0.27899742126464844,3
1771109754479,0.7292826771736145,0.6853771209716797,0.37284398078918457,3
1771109754593,0.8367607593536377,0.7123489379882812,1.0601587295532227,3
1771109754753,-0.6607949137687683,-0.8209800720214844,-0.7589466571807861,3
1771109754833,-0.645458459854126,-0.4306507110595703,-1.0197921991348267,3
1771109754928,0.334631085395813,0.24078845977783203,0.29076075553894043,3
1771109755044,0.517894983291626,0.46140003204345703,-0.9143862724304199,3
1771109755261,1.1687270402908325,0.46579456329345703,-1.1963839530944824,3
1771109755291,-0.46322664618492126,-0.20496082305908203,0.43474435806274414,3
1771109755379,-1.2221946716308594,1.6797418594360352,-1.5290918350219727,3
1771109755497,-0.755644679069519,0.920557975769043,-2.1751883029937744,3
1771109755612,-0.6621276140213013,0.608433723449707,-1.1839261054992676,3
1771109755712,0.1172192394733429,-0.2583913803100586,0.3924746513366699,3
1771109755839,0.29328566789627075,-0.11341381072998047,0.9792225360870361,3
1771109755949,-1.2160786390304565,0.2691469192504883,0.43035387992858887,3
1771109756065,0.03727167844772339,-0.5628900527954102,-0.46982741355895996,3
1771109756189,0.7316509485244751,0.6591720581054688,-1.2263442277908325,3
1771109756279,0.47345152497291565,-0.11291980743408203,0.0997774600982666,3
1771109756382,-0.3290633261203766,1.1586055755615234,-1.3704347610473633,3
1771109756498,0.21057990193367004,1.118032455444336,-0.3849550485610962,3
1771109756614,-0.9535222053527832,0.7586231231689453,-1.4821388721466064,3
1771109756714,0.02163851261138916,-0.5212688446044922,0.6718955039978027,3
1771109756830,-0.2008163034915924,0.056303977966308594,0.45981645584106445,3
1771109756956,0.2551053464412689,-0.17577552795410156,-0.8015828132629395,3
1771109757064,-0.579059362411499,-0.19389915466308594,-1.5871262550354004,3
1771109757219,-0.9272439479827881,1.0010547637939453,-1.6916637420654297,3
1771109757282,-0.004231810569763184,0.4050302505493164,0.21203374862670898,3
1771109757398,-0.12749001383781433,0.1482105255126953,-0.1389012336730957,3
1771109757516,1.0216549634933472,1.2249822616577148,1.400409460067749,3
1771109757632,0.5243448615074158,1.0758476257324219,-0.6813621520996094,3
1771109757748,-0.4368107318878174,0.2672433853149414,1.0290071964263916,3
1771109757848,0.8701820373535156,0.6664619445800781,1.0210236310958862,3
1771109757964,-0.6715846061706543,0.6514730453491211,-1.8375887870788574,3
1771109758068,0.6244538426399231,-1.136824607849121,0.472933292388916,3
1771109758196,0.4958541989326477,0.9978103637695312,0.16086435317993164,3
1771109758299,-0.7041307687759399,-0.7078037261962891,-0.5421639680862427,3
1771109758400,0.9537709951400757,-0.1617441177368164,0.6727728843688965,3
1771109758516,0.4111650586128235,0.8696680068969727,0.05489087104797363,3
1771109758632,0.6346178650856018,0.5052585601806641,1.1598747968673706,3
1771109758734,-0.5624293088912964,0.13598918914794922,0.027406692504882812,3
1771109758852,-0.08604827523231506,-0.810154914855957,-1.1323438882827759,3
1771109758951,-0.48666054010391235,-1.1301374435424805,0.7759518623352051,3
1771109759066,0.12794065475463867,-1.22052001953125,-2.868164539337158,3
1771109759179,-0.02293717861175537,-1.5625104904174805,1.1208691596984863,3
1771109759293,0.39843255281448364,-0.8682622909545898,1.9355530738830566,3
1771109759392,0.49820220470428467,0.45305347442626953,0.5422377586364746,3
1771109759510,-0.10887238383293152,-1.0712347030639648,1.5611004829406738,3
1771109759625,-0.4759795665740967,-1.4743709564208984,-0.2182614803314209,3
1771109759727,-0.6158498525619507,0.8651800155639648,-1.9148029088974,3
1771109759843,-0.030991345643997192,-0.14627361297607422,-3.181030750274658,3
1771109759964,0.13905245065689087,1.1403865814208984,0.04798173904418945,3
1771109760076,0.42981359362602234,1.2517690658569336,-0.28090977668762207,3
1771109760207,1.0600085258483887,0.8031988143920898,-0.44409406185150146,3
1771109760311,-0.3077165484428406,-0.36606311798095703,-1.8059346675872803,3
1771109760410,0.9011178016662598,0.3628416061401367,-0.27826404571533203,3
1771109760528,0.7175863981246948,-0.7214450836181641,2.2248635292053223,3
1771109760644,0.549606442451477,0.5962553024291992,1.352858304977417,3
1771109760761,-0.4053555130958557,-0.13782882690429688,-2.4658091068267822,3
1771109760879,0.01075775921344757,0.4465789794921875,0.2023153305053711,3
1771109760994,0.6168936491012573,-0.7234029769897461,-0.3223893642425537,3
1771109761099,-0.09678992629051208,1.067312240600586,0.6747701168060303,3
1771109761212,-0.3431163430213928,-1.3474397659301758,-0.5587644577026367,3
1771109761315,0.5838940739631653,-0.742741584777832,0.3607630729675293,3
1771109761428,0.5138596296310425,1.3889379501342773,-0.92988121509552,3
1771109761547,0.6022671461105347,1.198892593383789,-0.46938276290893555,3
1771109761666,-0.12717901170253754,0.011770248413085938,-1.5001003742218018,3
1771109761762,-0.7017961144447327,0.9082889556884766,-0.27725839614868164,3
1771109761878,1.0952374935150146,-0.5360450744628906,1.291748285293579,3
1771109761980,-0.07134607434272766,-0.22431182861328125,-0.7820048332214355,3
1771109762096,0.8402718305587769,0.008439064025878906,-0.43333888053894043,3
1771109762199,-0.27108606696128845,-0.9631500244140625,-0.2736184597015381,3
1771109762314,0.036138325929641724,1.1532106399536133,-0.7544418573379517,3
1771109762431,0.8966426849365234,0.40012645721435547,-0.3432042598724365,3
1771109762548,0.6547591090202332,0.27260494232177734,1.0779883861541748,3
1771109762664,0.27154403924942017,1.4246959686279297,-0.37941527366638184,3
1771109762781,-0.6811212301254272,1.0018177032470703,-1.2333627939224243,3
1771109762901,0.4187157154083252,-0.3471555709838867,0.8371100425720215,3
1771109763013,0.2491951584815979,-0.35729217529296875,0.6396472454071045,3
1771109763141,0.30198413133621216,1.240640640258789,-1.8733813762664795,3
1771109763232,-0.019995391368865967,0.061367034912109375,0.7449822425842285,3
1771109763335,-1.1068108081817627,0.13463115692138672,-0.6394503116607666,3
1771109763448,0.1563662886619568,-1.1933927536010742,-0.2491908073425293,3
1771109763550,-1.5185630321502686,-0.3933753967285156,-1.4361975193023682,3
1771109763665,-0.3109853267669678,-0.4221506118774414,-1.026780605316162,3
1771109763783,-0.7318655848503113,-0.946990966796875,-0.0018086433410644531,3
1771109763885,0.15875545144081116,0.651331901550293,1.0174098014831543,3
1771109763999,-0.6431747078895569,-0.2700185775756836,-0.024434804916381836,3
1771109764100,-0.2619476914405823,0.1397256851196289,-0.6980936527252197,3
1771109764203,-0.3762732148170471,-0.7697792053222656,-0.9979977607727051,3
1771109764317,1.2373487949371338,-1.295332908630371,-0.6596708297729492,3
1771109764433,-0.7603577375411987,-0.755040168762207,1.4414570331573486,3
1771109764533,0.6603188514709473,-1.2532873153686523,1.4372222423553467,3
1771109764651,0.10956394672393799,1.8620424270629883,0.5610001087188721,3
1771109764752,0.13691803812980652,-0.6024742126464844,0.9289665222167969,3
1771109764870,0.33589962124824524,-0.351104736328125,-0.5520343780517578,3
1771109764988,0.08998832106590271,0.5470457077026367,-1.1444034576416016,3
1771109765095,0.8101082444190979,-1.729034423828125,1.2891392707824707,3
1771109765218,-0.07860895991325378,-0.1778240203857422,0.5358078479766846,3
1771109765326,0.12941515445709229,0.4473075866699219,0.14593267440795898,3
1771109765436,-0.12784188985824585,0.8347368240356445,-1.115499496459961,3
1771109765551,0.20981192588806152,-0.1421356201171875,-0.0857093334197998,3
1771109765669,0.21148169040679932,0.6208229064941406,0.36431288719177246,3
1771109765786,-0.23894429206848145,0.7993268966674805,0.8416135311126709,3
1771109765888,-0.894588828086853,-0.8205881118774414,-0.4146108627319336,3
1771109766005,-0.7300525307655334,-0.09186363220214844,-0.7644133567810059,3
1771109766120,-0.039776623249053955,0.3832893371582031,0.6201887130737305,3
1771109766233,0.06541693210601807,0.21822452545166016,2.112605571746826,3
1771109766337,1.0575194358825684,-0.24040889739990234,1.4370155334472656,3
1771109766455,-0.006684243679046631,-0.8653707504272461,-1.7432032823562622,3
1771109766571,-0.29394328594207764,-0.3296394348144531,1.191988229751587,3
1771109766687,-0.005190253257751465,-0.66253662109375,1.0821356773376465,3
1771109766809,0.5846028327941895,0.16274738311767578,0.005298614501953125,3
1771109766904,-0.949802577495575,-0.4028501510620117,-1.2755122184753418,3
1771109767023,0.49583786725997925,0.2451000213623047,-0.8917677402496338,3
1771109767153,-0.4529130756855011,0.6066408157348633,0.2651188373565674,3
1771109767256,0.1600896120071411,0.5553865432739258,0.3536992073059082,3
1771109767371,0.18202370405197144,1.0121679306030273,1.7198448181152344,3
1771109767488,0.2437725067138672,-0.2351512908935547,-0.339536190032959,3
1771109767606,0.29909592866897583,-0.48043346405029297,0.3846113681793213,3
1771109767744,0.42253369092941284,0.15462875366210938,0.8649313449859619,3
1771109767841,-0.631271243095398,-0.5401449203491211,-0.9706016778945923,3
1771109767943,-0.15980583429336548,0.23709487915039062,0.5680294036865234,3
1771109768055,-0.2432674765586853,-1.520517349243164,-1.6610918045043945,3
1771109768184,0.19383478164672852,-0.10465145111083984,-0.5836668014526367,3
1771109768292,0.15349799394607544,0.5751466751098633,0.043096065521240234,3
1771109768406,-1.085785984992981,0.34798145294189453,-3.270394802093506,3
1771109768524,-0.32822713255882263,0.8380985260009766,0.32135605812072754,3
1771109768640,0.39830833673477173,-0.0072269439697265625,2.2316250801086426,3
1771109768740,-0.8610247373580933,-0.590301513671875,-1.7669196128845215,3
1771109768857,-0.4772130250930786,-0.6672525405883789,-0.6367267370223999,3
1771109768957,-0.19135838747024536,1.263127326965332,1.2474467754364014,3
1771109769073,-0.0013755559921264648,-0.9715433120727539,-1.4863615036010742,3
1771109769198,0.27142560482025146,-0.45427989959716797,-0.12108063697814941,3
1771109769294,-0.39997005462646484,1.1690673828125,-0.9935195446014404,3
1771109769407,0.6426429748535156,1.3771610260009766,-1.2750232219696045,3
1771109769524,0.6926280856132507,1.0178842544555664,-1.9776216745376587,3
1771109769640,0.22498315572738647,0.13393020629882812,-0.1855332851409912,3
1771109769742,-0.44650620222091675,0.33254432678222656,0.3701298236846924,3
1771109769863,0.1676906943321228,-0.16675853729248047,0.8804910182952881,3
1771109769977,0.6935528516769409,-0.9282045364379883,-0.743201732635498,3
1771109770094,-0.9597985744476318,-0.7656354904174805,0.19798660278320312,3
1771109770208,0.38039034605026245,-0.06450176239013672,0.05833268165588379,3
1771109770328,0.9307197332382202,0.012945175170898438,1.431804895401001,3
1771109770446,0.11756575107574463,0.20818328857421875,-0.17705440521240234,3
1771109770562,0.4474119544029236,-0.3651924133300781,-1.5996675491333008,3
1771109770680,0.32420676946640015,0.2682199478149414,1.0947198867797852,3
1771109770777,-0.6525100469589233,1.2485694885253906,0.6828856468200684,3
1771109770902,-0.9790289402008057,0.48946189880371094,-0.24979734420776367,3
1771109771011,-0.184096097946167,1.0142545700073242,-0.28577756881713867,3
1771109771166,-0.5585339665412903,-0.9337167739868164,1.1745312213897705,3
1771109771228,-0.03315722942352295,-0.7698287963867188,-0.760473370552063,3
1771109771343,0.4444960951805115,-0.29323291778564453,1.4978528022766113,3
1771109771444,-0.2676234245300293,-0.044854164123535156,-1.3498071432113647,3
1771109771560,0.6272168159484863,0.015958786010742188,1.4451971054077148,3
1771109771678,-0.45356082916259766,-0.46221446990966797,0.08109378814697266,3
1771109771796,-0.6111192107200623,-0.049198150634765625,1.1653969287872314,3
1771109771911,-1.9949581623077393,0.9206132888793945,-0.6309942007064819,3
1771109772026,0.7375222444534302,0.08316612243652344,0.06331419944763184,3
1771109772127,0.8453861474990845,-0.09711456298828125,0.3940117359161377,3
1771109772240,-0.057415157556533813,-0.9661331176757812,-0.2778151035308838,3
1771109772345,0.6844378709793091,-0.24936580657958984,1.8292362689971924,3
1771109772447,-0.5628175139427185,-0.3073253631591797,-2.316633462905884,3
1771109772563,0.0360264778137207,-0.09797000885009766,-0.5184522867202759,3
1771109772679,-0.9287575483322144,1.6655311584472656,-2.0216846466064453,3
1771109772802,0.11949020624160767,1.2732181549072266,-1.4491702318191528,3
1771109772917,0.36489102244377136,-0.2967519760131836,0.294602632522583,3
1771109773028,-0.7027697563171387,-1.1196308135986328,0.6779506206512451,3
1771109773167,-0.802793025970459,0.7964229583740234,-0.8539198637008667,3
1771109773264,-0.20296669006347656,0.7597255706787109,-0.3213064670562744,3
1771109773365,-0.46419933438301086,0.1760272979736328,-1.2375226020812988,3
1771109773483,-0.5162527561187744,-0.29501914978027344,0.19313287734985352,3
1771109773596,0.7804763317108154,-0.29546070098876953,1.590135097503662,3
1771109773762,1.287609577178955,0.8161420822143555,-0.06637358665466309,3
1771109773834,0.1424095332622528,-0.3842811584472656,0.15828514099121094,3
1771109773946,-0.30166107416152954,1.6951580047607422,0.046657562255859375,3
1771109774047,-0.5490663647651672,0.05215930938720703,-0.04208064079284668,3
1771109774163,-0.9088618755340576,0.6052665710449219,-0.571648359298706,3
1771109774265,0.3110318183898926,-1.2801361083984375,1.134238362312317,3
1771109774386,-0.2386375069618225,-0.3263359069824219,0.06260061264038086,3
1771109774498,0.22692212462425232,0.4683237075805664,0.7346045970916748,3
1771109774598,1.1163856983184814,1.2687368392944336,-0.3772764205932617,3
1771109774746,-0.2567427158355713,-1.327408790588379,1.1485204696655273,3
1771109774831,-0.4571516215801239,-0.05899524688720703,-0.9808812141418457,3
1771109774949,0.01892191171646118,0.5414590835571289,-2.147277593612671,3
1771109775065,-0.11802938580513,0.9242877960205078,0.35147809982299805,3
1771109775197,-0.018031209707260132,-0.716156005859375,0.5765823125839233,3
1771109775298,-0.43246015906333923,1.64923095703125,-0.7763890027999878,3
1771109775401,0.19006747007369995,-1.11029052734375,0.13577604293823242,3
1771109775517,0.4411987364292145,0.13747787475585938,-0.015143275260925293,3
1771109775633,0.5755529403686523,-0.3821077346801758,0.21232092380523682,3
1771109775751,-0.2608138918876648,-0.28054237365722656,-0.12403666973114014,3
1771109775869,-0.02887055277824402,0.6498012542724609,-0.5812128782272339,3
1771109775983,-0.200038880109787,0.6847362518310547,-1.8189551830291748,3
1771109776083,-0.291577011346817,-1.5443220138549805,1.1989004611968994,3
1771109776200,0.32450881600379944,-1.0007810592651367,1.0155854225158691,3
1771109776318,0.6897438764572144,0.7492551803588867,-0.22063994407653809,3
1771109776434,0.13158157467842102,0.5755233764648438,0.007498264312744141,3
1771109776534,0.11249750852584839,1.367666244506836,-1.2552504539489746,3
1771109776651,-0.7381894588470459,0.4444236755371094,-1.2020117044448853,3
1771109776769,0.17956218123435974,-0.4184408187866211,-0.9641019105911255,3
1771109776885,0.3021535873413086,-0.15915870666503906,1.5198562145233154,3
1771109777003,0.4373553991317749,1.0905418395996094,-0.8457608222961426,3
1771109777120,-0.24649730324745178,0.8646697998046875,-1.9019038677215576,3
1771109777229,0.41961464285850525,0.3720264434814453,1.7813594341278076,3
1771109777339,0.698090136051178,-0.7741165161132812,-0.40816640853881836,3
1771109777451,-0.9930132627487183,-2.1964731216430664,0.5025711059570312,3
1771109777569,-0.10764437913894653,-1.3317089080810547,1.6830575466156006,3
1771109777690,-0.30588334798812866,0.3174171447753906,-1.0068237781524658,3
1771109777839,0.3557068705558777,-0.4064321517944336,1.056697130203247,3
1771109777918,0.04245513677597046,-0.1657571792602539,0.8414762020111084,3
1771109778022,0.7140439748764038,-1.414107322692871,1.8137376308441162,3
1771109778169,1.427535057067871,2.254887580871582,0.05888080596923828,3
1771109778236,0.13159573078155518,2.144606590270996,-1.8035244941711426,3
1771109778353,0.08845406770706177,1.1509380340576172,-1.1680737733840942,3
1771109778469,0.08303093910217285,0.5076932907104492,-0.6765358448028564,3
1771109778588,0.407387912273407,0.1405477523803711,-0.3257730007171631,3
1771109778704,0.052303194999694824,-0.09845447540283203,0.5003714561462402,3
1771109778822,0.9693262577056885,-0.8652267456054688,1.2992169857025146,3
1771109778940,-0.07182896137237549,-0.4668407440185547,-0.9721386432647705,3
1771109779055,-0.8421587347984314,-0.35471343994140625,-1.537392497062683,3
1771109779185,-0.40042003989219666,0.6602373123168945,-0.08473849296569824,3
1771109779288,-0.3166651129722595,1.4477252960205078,-1.4695425033569336,3
1771109779405,0.5120056867599487,0.1696767807006836,-0.4657552242279053,3
1771109779523,-0.45870673656463623,-1.256575584411621,-0.2582361698150635,3
1771109779638,0.22909832000732422,-0.707148551940918,-0.2864229679107666,3
1771109779766,-0.2848389744758606,0.06491279602050781,1.2440226078033447,3
1771109779872,-0.05039680004119873,-0.3340950012207031,1.1713383197784424,3
1771109779992,-0.30624860525131226,1.0383901596069336,-1.0827951431274414,3
1771109780107,-0.28660404682159424,2.1925888061523438,-0.32071006298065186,3
1771109780223,-1.2906403541564941,1.3098726272583008,-1.6950911283493042,3
1771109780339,0.9601959586143494,1.2249937057495117,-0.23726201057434082,3
1771109780458,-0.7547171711921692,0.7596750259399414,-2.4258604049682617,3
1771109780573,-0.18317797780036926,-1.0321245193481445,0.11652994155883789,3
1771109780692,0.41137948632240295,-0.6055698394775391,-0.13811850547790527,3
1771109780806,-1.1770992279052734,1.1698904037475586,-1.7980523109436035,3
1771109780912,-0.3982504606246948,1.1310882568359375,-2.1027913093566895,3
1771109781023,-0.6185506582260132,-0.6246891021728516,1.0912905931472778,3
1771109781157,-0.10376420617103577,-0.04837322235107422,0.5896561145782471,3
1771109781258,0.29091185331344604,0.1563568115234375,1.7616995573043823,3
1771109781363,-0.18693454563617706,0.5541467666625977,-1.3214442729949951,3
1771109781474,-0.06314194202423096,0.8261051177978516,-0.6164889335632324,3
1771109781593,0.15620771050453186,1.3184843063354492,-0.8701636791229248,3
1771109781709,0.2240874171257019,0.37604618072509766,-1.3023042678833008,3
1771109781827,-0.4546768069267273,1.5913715362548828,-0.3917851448059082,3
1771109781941,-0.2863386273384094,-0.006747245788574219,0.4237697124481201,3
1771109782046,0.3801206350326538,0.9214553833007812,-0.5889056921005249,3
1771109782161,-0.04139620065689087,1.8031883239746094,-0.308072566986084,3
1771109782277,0.045071184635162354,0.8055362701416016,-1.1409978866577148,3
1771109782395,-0.41846954822540283,0.09696197509765625,-0.8582124710083008,3
1771109782509,0.48652899265289307,0.5177536010742188,-1.541480302810669,3
1771109782627,-0.29168185591697693,0.46220874786376953,-0.06924700736999512,3
1771109782752,-0.18142281472682953,-0.794377326965332,-0.22038650512695312,3
1771109782860,0.6012823581695557,-0.014418601989746094,-1.15052330493927,3
1771109782960,0.013781070709228516,0.7725896835327148,-0.23449492454528809,3
1771109783081,0.9990902543067932,-1.1609325408935547,2.5350489616394043,3
1771109783193,0.20646822452545166,-0.042603492736816406,0.07529258728027344,3
1771109783295,-0.5000223517417908,1.0541772842407227,-1.1401106119155884,3
1771109783396,-0.8484793305397034,-0.8525238037109375,-1.2042553424835205,3
1771109783513,-0.8231801986694336,0.3938741683959961,0.09651756286621094,3
1771109783631,-0.24217352271080017,0.07753276824951172,-0.6716268062591553,3
1771109783760,0.1599428653717041,-1.1525239944458008,0.8243908882141113,3
1771109783861,-0.9229315519332886,1.2769966125488281,-0.4296327829360962,3
1771109783979,-0.2276514768600464,0.7898044586181641,-1.286453366279602,3
1771109784096,0.34473252296447754,0.2809934616088867,0.8092265129089355,3
1771109784211,-0.04109877347946167,1.1742801666259766,1.6973676681518555,3
1771109784314,-0.9993449449539185,0.3493232727050781,-2.032827854156494,3
1771109784431,-0.6744488477706909,-1.1610393524169922,-2.1257197856903076,3
1771109784545,1.0712484121322632,0.22701168060302734,1.4310064315795898,3
1771109784662,-0.49521732330322266,0.0043506622314453125,3.0161783695220947,3
1771109784764,1.1138912439346313,-0.08897018432617188,0.6650335788726807,3
1771109784878,0.31170740723609924,1.078171730041504,-0.3430624008178711,3
1771109784996,-0.6546648144721985,0.6377744674682617,-0.7935571670532227,3
1771109785096,0.21241343021392822,-0.2389535903930664,-0.366502046585083,3
1771109785227,-0.29880738258361816,-0.06964778900146484,1.7841240167617798,3
1771109785330,0.26600876450538635,0.17321109771728516,0.1458287239074707,3
1771109785446,-0.5140953063964844,0.3038034439086914,-1.343392252922058,3
1771109785565,-0.2274409383535385,1.3183298110961914,2.9463491439819336,3
1771109785680,0.19604553282260895,1.0210027694702148,-0.6271613836288452,3
1771109785799,0.23077526688575745,0.5141983032226562,-0.6021705865859985,3
1771109785898,-0.8066968321800232,-0.4733304977416992,-0.6928619146347046,3
1771109786016,-0.631413459777832,-0.5551004409790039,0.5359346866607666,3
1771109786130,0.103756844997406,-0.6002569198608398,1.3753583431243896,3
1771109786243,-0.8232284784317017,-0.6142091751098633,-0.5413987636566162,3
1771109786348,0.6982834339141846,0.089202880859375,0.9534833431243896,3
1771109786464,0.634475827217102,-0.15552806854248047,1.2143890857696533,3
1771109786581,-0.20739534497261047,-0.1027669906616211,0.6289341449737549,3
1771109786682,-0.6111288070678711,0.1563568115234375,-1.5397306680679321,3
1771109786800,-0.6846892833709717,0.1074981689453125,-0.18806195259094238,3
1771109786916,-0.21233448386192322,0.041375160217285156,1.2217001914978027,3
1771109787033,1.2550334930419922,0.6315240859985352,-0.6555607318878174,3
1771109787160,-0.6255085468292236,-0.3574409484863281,-2.704312801361084,3
1771109787249,1.1029863357543945,-0.7815580368041992,-0.3063241243362427,3
1771109787350,-0.8418881893157959,0.48101234436035156,-1.7070749998092651,3
1771109787467,1.2914942502975464,0.19481563568115234,2.8170323371887207,3
1771109787584,0.7382117509841919,-0.18328189849853516,1.887397050857544,3
1771109787701,-0.15092986822128296,-1.1266250610351562,0.2361295223236084,3
1771109787817,0.308363676071167,-0.7223949432373047,-1.2951985597610474,3
1771109787917,1.053581714630127,0.0913686752319336,-1.0972378253936768,3
1771109788033,-0.02628934383392334,1.2821731567382812,-1.2343649864196777,3
1771109788187,0.9708959460258484,-0.8147039413452148,0.6481232643127441,3
1771109788314,0.5978423953056335,0.8128194808959961,2.77101469039917,3
1771109788421,1.2600126266479492,0.5442276000976562,1.2261991500854492,3
1771109788537,-0.17201828956604004,0.04117012023925781,0.34159958362579346,3
1771109788654,0.17574864625930786,-1.613276481628418,-0.6425912380218506,3
1771109788769,-0.6262508630752563,-0.12587738037109375,0.1931321620941162,3
1771109788888,-0.38899916410446167,0.1601419448852539,-1.2502200603485107,3
1771109789003,0.6060826182365417,1.0172300338745117,0.08997082710266113,3
1771109789120,-0.19240036606788635,1.2562618255615234,2.482302188873291,3
1771109789249,-1.1583503484725952,-0.2154979705810547,1.0380985736846924,3
1771109789353,0.2782730758190155,-0.01322174072265625,0.41812801361083984,3
1771109789471,-0.1020464301109314,1.4095745086669922,-0.9060952663421631,3
1771109789588,-0.3556658625602722,0.8734340667724609,-1.7690635919570923,3
1771109789705,0.056386977434158325,0.28904247283935547,-0.34373724460601807,3
1771109789807,-0.14717629551887512,0.7800731658935547,-0.05514192581176758,3
1771109789924,-0.17384494841098785,-1.284952163696289,-2.207836389541626,3
1771109790037,-0.932181715965271,-0.44007396697998047,-0.6915996074676514,3
1771109790199,0.7602189779281616,1.2031288146972656,-0.5622000694274902,3
1771109790256,0.08714994788169861,1.091949462890625,-0.5514570474624634,3
1771109790372,-0.12969225645065308,0.9273109436035156,-0.9732133150100708,3
1771109790489,0.286876380443573,-0.6276149749755859,0.71649169921875,3
1771109790605,0.3115922510623932,0.5004510879516602,1.565018653869629,3
1771109790707,0.30629992485046387,0.752345085144043,1.3387081623077393,3
1771109790822,-0.18248875439167023,-1.0370664596557617,-0.47711682319641113,3
1771109790923,0.04207038879394531,0.20929241180419922,0.046866655349731445,3
1771109791041,-0.00498652458190918,1.0603418350219727,-2.871283531188965,3
1771109791163,0.32505279779434204,-0.5877676010131836,0.1495504379272461,3
1771109791272,0.8369553089141846,-1.2581911087036133,-0.46550941467285156,3
1771109791388,-0.46208655834198,-0.2636575698852539,1.4266018867492676,3
1771109791506,0.8747588992118835,-0.6346807479858398,0.5114250183105469,3
1771109791622,-0.16995146870613098,-0.15529346466064453,0.345308780670166,3
1771109791775,0.05653172731399536,1.028609275817871,-1.7892897129058838,3
1771109791856,0.6416805386543274,-0.20426464080810547,0.8699805736541748,3
1771109791973,0.4496428668498993,1.8620595932006836,0.6784968376159668,3
1771109792075,1.1969038248062134,-0.39157676696777344,2.151266574859619,3
1771109792190,-1.1398816108703613,-1.6724071502685547,-0.7916159629821777,3
1771109792316,-0.9519051313400269,-1.4472551345825195,-0.7241380214691162,3
1771109792396,0.34125834703445435,1.1760644912719727,0.824347972869873,3
1771109792507,0.38146284222602844,1.1145296096801758,1.4446964263916016,3
1771109792624,-1.2719597816467285,-1.425614356994629,-2.027799367904663,3
1771109792727,0.627761960029602,-0.4013338088989258,0.7230792045593262,3
1771109792844,-0.2092929184436798,-0.4683799743652344,1.9072225093841553,3
1771109792961,-0.19427788257598877,-2.0282583236694336,1.0585688352584839,3
1771109793078,0.09193485975265503,-0.5227832794189453,0.991707444190979,3
1771109793202,0.4478875994682312,0.12815570831298828,-0.36711442470550537,3
1771109793309,-1.838836669921875,-0.1229085922241211,-3.0860114097595215,3
1771109793426,-0.9089139103889465,-0.5107355117797852,-1.1308845281600952,3
1771109793529,-0.579948902130127,1.1150941848754883,-0.6869280338287354,3
1771109793642,-0.6783444881439209,1.4840850830078125,-1.494323968887329,3
1771109793793,-0.38042783737182617,0.46892833709716797,0.2759737968444824,3
1771109793860,-0.00034940242767333984,0.9387760162353516,0.8150646686553955,3
1771109793980,0.4784899353981018,1.2297248840332031,1.4305543899536133,3
1771109794096,-0.0853995680809021,-0.00713348388671875,-0.8627969026565552,3
1771109794243,-0.34777969121932983,-0.5997953414916992,0.15806543827056885,3
1771109794310,-0.06108903884887695,0.7234935760498047,1.2637499570846558,3
1771109794412,-0.32888296246528625,-1.838510513305664,1.8037846088409424,3
1771109794528,0.03729847073554993,-0.4981870651245117,0.4835435152053833,3
1771109794649,0.3575435280799866,0.03897666931152344,0.6723620891571045,3
1771109794800,0.575344979763031,-0.12647151947021484,-0.21239042282104492,3
1771109794861,-1.2581911087036133,0.9164133071899414,-1.6066726446151733,3
1771109794977,0.25405770540237427,0.1117238998413086,-0.9559612274169922,3
1771109795094,0.30499011278152466,-0.16551685333251953,-0.052729129791259766,3
1771109795193,1.0173637866973877,-0.5075197219848633,0.0831301212310791,3
1771109795312,-0.34071314334869385,0.5464725494384766,0.8160772323608398,3
1771109795412,0.9239850044250488,0.3282508850097656,1.7161588668823242,3
1771109795532,0.24799370765686035,-0.7057590484619141,0.1548595428466797,3
1771109795646,-0.29896920919418335,0.9292716979980469,2.5651469230651855,3
1771109795777,-0.5318050980567932,1.1208992004394531,-1.419987678527832,3
1771109795879,0.3814685344696045,0.37447357177734375,1.57369065284729,3
1771109796000,-0.48642635345458984,0.1273021697998047,-1.219610571861267,3
1771109796112,-0.5980080366134644,-0.43984127044677734,-1.2329851388931274,3
1771109796228,-0.6913688778877258,-0.8994579315185547,-0.042597055435180664,3
1771109796330,-0.6867983341217041,0.3138542175292969,-0.22309017181396484,3
1771109796447,-1.0780361890792847,0.17708587646484375,-0.17604279518127441,3
1771109796566,-0.032528817653656006,-1.8526983261108398,1.536696195602417,3
1771109796686,-1.2559261322021484,-0.07031440734863281,-0.19252824783325195,3
1771109796797,-0.010247766971588135,-1.1715154647827148,-0.3916597366333008,3
1771109796901,-0.03457826375961304,-1.4880118370056152,1.6824331283569336,3
1771109797015,0.1498766541481018,1.1766347885131836,0.19594383239746094,3
1771109797131,-0.15182644128799438,2.0631542205810547,0.8277702331542969,3
1771109797242,1.050156593322754,-0.6453161239624023,0.8132579326629639,3
1771109797349,-1.157721757888794,-0.6038236618041992,-0.8413848876953125,3
1771109797466,0.0242234468460083,0.6235799789428711,-0.2984747886657715,3
1771109797583,-0.5173627138137817,0.6800317764282227,-1.8024327754974365,3
1771109797683,-0.17479699850082397,0.8556070327758789,0.07355260848999023,3
1771109797799,0.0919455885887146,0.17410945892333984,0.5113663673400879,3
1771109797921,0.39043283462524414,-1.1321306228637695,0.5990951061248779,3
1771109798033,0.7857789993286133,-0.2481222152709961,1.5975823402404785,3
1771109798175,-0.2010914385318756,-1.192927360534668,1.42069673538208,3
1771109798265,0.15045469999313354,2.15291690826416,-1.9384883642196655,3
1771109798368,0.1371745467185974,-0.06729698181152344,-1.2507295608520508,3
1771109798483,0.020244717597961426,-0.7641096115112305,1.3682096004486084,3
1771109798599,0.4198235273361206,0.1411762237548828,0.36060214042663574,3
1771109798716,-0.5393698215484619,-0.9068241119384766,-1.2010844945907593,3
1771109798819,0.2152925729751587,-0.028507232666015625,-0.2996642589569092,3
1771109798936,0.3492588996887207,0.1991100311279297,0.3992483615875244,3
1771109799050,0.46476566791534424,-0.48459529876708984,-0.6281521320343018,3
1771109799177,0.8883004188537598,-2.084439277648926,0.4019737243652344,3
1771109799271,-0.3976200222969055,0.7399082183837891,-1.7888699769973755,3
1771109799368,-1.2061488628387451,-0.4531984329223633,-0.4308274984359741,3
1771109799484,-0.11791694164276123,0.31830692291259766,-0.5094687938690186,3
1771109799601,-0.35822170972824097,0.7384252548217773,-0.1291513442993164,3
1771109799721,-0.17968511581420898,0.3716564178466797,-0.44743800163269043,3
1771109799835,-0.6761721968650818,-0.8689460754394531,-0.9390418529510498,3
1771109799936,-1.0544509887695312,-0.06949424743652344,-0.7052452564239502,3
1771109800051,0.4718288779258728,-0.7486867904663086,0.905559778213501,3
1771109800177,0.06512552499771118,-0.1110544204711914,-0.9299758076667786,3
1771109800288,0.8748939037322998,1.1693849563598633,1.958367943763733,3
1771109800404,0.2939387857913971,0.5676403045654297,0.29765188694000244,3
1771109800522,-1.0010535717010498,0.07961082458496094,-0.0959627628326416,3
1771109800623,-0.628351092338562,0.3307647705078125,-0.6733983755111694,3
1771109800737,-0.39506790041923523,-1.3762693405151367,0.9872584342956543,3
1771109800856,0.39603161811828613,0.5474452972412109,-1.529402494430542,3
1771109800972,0.6177552938461304,0.3697786331176758,-0.8936939835548401,3
1771109801090,0.592640221118927,-1.04620361328125,1.6181522607803345,3
1771109801204,0.10791003704071045,-0.01815032958984375,0.09862983226776123,3
1771109801322,0.46184587478637695,-1.0244178771972656,0.5853813886642456,3
1771109801439,-0.07550930976867676,-0.7555503845214844,-0.4229017496109009,3
1771109801557,-0.29352980852127075,-0.18317794799804688,-0.19947564601898193,3
1771109801673,0.8221960067749023,1.3212394714355469,-0.21341323852539062,3
1771109801789,-0.40622830390930176,0.4960775375366211,-0.7643755674362183,3
1771109801905,1.1181055307388306,-0.5115795135498047,1.2154669761657715,3
1771109802023,-0.8867790699005127,-1.6303949356079102,1.1645464897155762,3
1771109802138,0.3007611036300659,0.6108121871948242,-0.3021104335784912,3
1771109802248,-0.2872368097305298,1.1307449340820312,-1.2885642051696777,3
1771109802356,0.013075768947601318,1.059981346130371,-0.3340940475463867,3
1771109802457,0.40039074420928955,-0.9960927963256836,1.6878750324249268,3
1771109802573,-0.4919847548007965,-0.5695171356201172,0.07982826232910156,3
1771109802690,-0.8566253185272217,1.2402009963989258,-1.1431481838226318,3
1771109802791,0.7558369636535645,0.5952281951904297,-0.17810344696044922,3
1771109802908,-0.19963908195495605,0.46357059478759766,-0.9302700757980347,3
1771109803023,0.31252872943878174,0.015186309814453125,-1.179373025894165,3
1771109803127,-0.3455507159233093,1.0153493881225586,0.1273045539855957,3
1771109803243,-0.13347285985946655,0.9789285659790039,-1.6754603385925293,3
1771109803357,-0.9669386148452759,0.08980083465576172,-0.8319262266159058,3
1771109803474,-0.26489827036857605,-0.43819618225097656,-0.24776923656463623,3
1771109803591,-0.07800072431564331,-0.3685569763183594,-0.2391732931137085,3
1771109803707,-0.36172211170196533,0.29377079010009766,0.08295655250549316,3
1771109803811,0.12395280599594116,-0.24007415771484375,1.0952914953231812,3
1771109803925,-0.6180728673934937,-1.2513246536254883,-0.1960669755935669,3
1771109804041,0.09663072228431702,-1.1101627349853516,1.7938551902770996,3
1771109804178,0.9797322750091553,-0.5744504928588867,1.4660111665725708,3
1771109804275,-0.47044405341148376,1.8747491836547852,-1.1136462688446045,3
1771109804394,0.05376243591308594,1.1873950958251953,-1.2776412963867188,3
1771109804492,-0.011066347360610962,-0.8373680114746094,0.889467716217041,3
1771109804609,0.6791167259216309,-0.6857452392578125,-0.8927953243255615,3
1771109804725,-0.10128743946552277,-0.6130094528198242,1.2344729900360107,3
1771109804827,0.323658287525177,0.3297262191772461,-0.022766828536987305,3
1771109804928,-0.15099062025547028,0.3118934631347656,-1.623518943786621,3
1771109805044,-0.19866305589675903,-1.1679468154907227,2.574857473373413,3
1771109805178,0.4676170349121094,1.1225290298461914,1.0319182872772217,3
1771109805259,0.49030303955078125,-1.2359275817871094,-0.0393519401550293,3
1771109805376,0.23793572187423706,0.7007131576538086,1.464367389678955,3
1771109805476,-0.19767624139785767,-0.9773225784301758,0.687483549118042,3
1771109805594,-0.13610148429870605,-0.6128921508789062,1.107609748840332,3
1771109805694,-0.2927289307117462,0.7034215927124023,1.698627233505249,3
1771109805810,0.5520743131637573,-0.4953174591064453,0.3946843147277832,3
1771109805929,1.2651046514511108,-0.7556610107421875,0.8439021110534668,3
1771109806046,-0.7298454642295837,1.9083805084228516,1.0863820314407349,3
1771109806147,-0.02288743108510971,-0.1682138442993164,0.6394799947738647,3
1771109806261,1.0739984512329102,0.23072242736816406,0.2919325828552246,3
1771109806363,-0.5210745334625244,1.14532470703125,0.6836833953857422,3
1771109806480,0.4865431785583496,-0.041660308837890625,0.9354680776596069,3
1771109806581,0.6808173060417175,-0.12299251556396484,0.03911459445953369,3
1771109806697,-0.5057214498519897,0.08367633819580078,1.401238203048706,3
1771109806814,0.3971177041530609,-1.7263879776000977,1.9681718349456787,3
1771109806913,-0.6900498867034912,-1.3898162841796875,-1.2547063827514648,3
1771109807030,0.4345642924308777,0.06064319610595703,0.12261581420898438,3
1771109807174,0.16920927166938782,0.6693801879882812,1.187134027481079,3
1771109807263,0.881322979927063,0.6996011734008789,1.9233131408691406,3
1771109807365,-0.28698182106018066,-0.14549541473388672,-1.1913511753082275,3
1771109807464,-0.556415855884552,1.5879793167114258,-0.7720286846160889,3
1771109807580,-0.19216322898864746,1.7648496627807617,-1.2470221519470215,3
1771109807682,0.1286027431488037,0.4113302230834961,2.569725275039673,3
1771109807797,0.06774687767028809,0.18353271484375,-1.3524222373962402,3
1771109807914,0.1594209223985672,-0.1693277359008789,1.768097162246704,3
1771109808031,0.13427777588367462,-0.11466312408447266,-0.04880356788635254,3
1771109808147,0.46341392397880554,1.1994867324829102,0.5485377311706543,3
1771109808266,0.22217190265655518,-0.42136573791503906,2.4946274757385254,3
1771109808383,-0.4302663803100586,-0.5462541580200195,-0.317568302154541,3
1771109808486,-0.0169500932097435,-0.6090898513793945,0.6392467021942139,3
1771109808598,-0.03160523623228073,-1.9754266738891602,-0.8190059661865234,3
1771109808701,-0.04533381015062332,-0.16129112243652344,-0.7193620204925537,3
1771109808799,0.3683951795101166,-0.44956111907958984,-0.43735361099243164,3
1771109808916,-0.2527559995651245,-0.15980148315429688,-0.5416193008422852,3
1771109809032,-0.9739798307418823,0.6950511932373047,-1.4195055961608887,3
1771109809159,0.6311966180801392,0.7778730392456055,-0.019678354263305664,3
1771109809267,0.5952615141868591,1.2149686813354492,-0.22097492218017578,3
1771109809385,-0.3408922255039215,0.010966300964355469,-1.0455414056777954,3
1771109809499,0.26902490854263306,0.05631065368652344,0.5146167278289795,3
1771109809599,0.17859792709350586,-0.2738914489746094,1.398589849472046,3
1771109809703,0.12131384760141373,1.4207773208618164,-1.3392977714538574,3
1771109809817,-0.6241583824157715,0.1432952880859375,0.537045955657959,3
1771109809936,0.8820239901542664,-0.13622379302978516,1.223557472229004,3
1771109810051,-0.8784971237182617,0.5001058578491211,-1.1650340557098389,3
1771109810168,-0.7798787355422974,-0.8044109344482422,0.9005193710327148,3
1771109810271,-0.6309298872947693,0.9644908905029297,-1.0750126838684082,3
1771109810387,0.06883566081523895,1.6851921081542969,0.9089984893798828,3
1771109810504,0.6196842789649963,-0.682281494140625,0.439464807510376,3
1771109810618,-0.21108056604862213,-0.6913290023803711,-1.3348174095153809,3
1771109810735,-1.0414252281188965,-0.13700294494628906,-0.8664393424987793,3
1771109810851,0.30779534578323364,0.03890514373779297,-0.8535306453704834,3
1771109810968,0.08925077319145203,1.7457027435302734,-0.2643096446990967,3
1771109811068,1.1661653518676758,-1.0999946594238281,1.1083920001983643,3
1771109811184,-0.32783621549606323,0.42042064666748047,2.225471258163452,3
1771109811302,-1.4468739032745361,-0.3963003158569336,-0.3125495910644531,3
1771109811402,0.3564918041229248,0.14294910430908203,1.407616376876831,3
1771109811552,0.33180558681488037,-0.010833740234375,-0.9731770753860474,3
1771109811605,0.09035652875900269,1.2593965530395508,0.8325419425964355,3
1771109811720,-0.3275741636753082,0.48061275482177734,-0.8406600952148438,3
1771109811836,-0.9325070977210999,1.7462682723999023,-0.5133143663406372,3
1771109811936,0.03927135840058327,-1.4902992248535156,1.6880621910095215,3
1771109812039,-0.08607296645641327,0.5527973175048828,-1.0049338340759277,3
1771109812166,0.857032060623169,0.2880725860595703,0.2092444896697998,3
1771109812272,-0.23442445695400238,0.5363759994506836,-0.436063289642334,3
1771109812371,0.07113856077194214,-1.5714454650878906,0.9811296463012695,3
1771109812489,-0.322040319442749,0.13812732696533203,-1.2661259174346924,3
1771109812588,0.0626862421631813,0.0980224609375,-2.1638541221618652,3
1771109812708,0.5273544192314148,-0.26140785217285156,-0.08378362655639648,3
1771109812824,0.4732901155948639,-0.5057802200317383,0.4759345054626465,3
1771109812923,-0.5251821875572205,-0.00270843505859375,-0.8694489002227783,3
1771109813037,-0.03993816673755646,-0.9507007598876953,-1.7730962038040161,3
1771109813151,-0.4946447014808655,-0.7944936752319336,1.1243114471435547,3
1771109813255,0.14856688678264618,-0.017058372497558594,-0.7067351341247559,3
1771109813373,-1.05681574344635,-0.8637380599975586,0.8814001083374023,3
1771109813474,-0.7443935871124268,0.2563190460205078,-0.04856085777282715,3
1771109813590,-0.4028022885322571,1.0254364013671875,-1.9083144664764404,3
1771109813688,0.2010546624660492,1.5002765655517578,0.36493444442749023,3
1771109813807,0.616886556148529,1.3419380187988281,-1.3473689556121826,3
1771109813924,0.1257432997226715,0.2744884490966797,-1.7915608882904053,3
1771109814043,-0.0383325070142746,0.42345333099365234,0.19144630432128906,3
1771109814185,-0.22781649231910706,-1.009561538696289,-0.3069007396697998,3
1771109814276,-0.13570277392864227,-0.3788938522338867,-1.141621470451355,3
1771109814389,0.4595394432544708,-1.3324394226074219,0.10654950141906738,3
1771109814491,-0.5953752398490906,-0.9133386611938477,1.4322938919067383,3
1771109814607,0.9474698305130005,-0.9715080261230469,0.7946903705596924,3
1771109814725,-0.32634082436561584,0.3341073989868164,-0.0440058708190918,3
1771109814826,-0.914294958114624,1.0835447311401367,-0.05030941963195801,3
1771109814941,-0.015280015766620636,1.086482048034668,0.007422447204589844,3
1771109815058,0.1547314077615738,2.131837844848633,0.47388553619384766,3
1771109815196,1.1120009422302246,0.6240501403808594,1.5202805995941162,3
1771109815293,0.1354711502790451,0.1335601806640625,-1.8445453643798828,3
1771109815409,-0.6250468492507935,0.4921150207519531,1.111534595489502,3
1771109815525,0.3320080041885376,-0.5741853713989258,-0.7742266654968262,3
1771109815643,-0.911370575428009,0.20735836029052734,0.48240065574645996,3
1771109815744,-0.011108964681625366,0.6957721710205078,-0.6161940097808838,3
1771109815859,-0.7314614057540894,1.1984844207763672,-0.2876932621002197,3
1771109815964,-1.11773681640625,-0.5981597900390625,-0.29268360137939453,3
1771109816079,-0.2320977747440338,-0.8765392303466797,-1.5981706380844116,3
1771109816207,-0.811759352684021,0.3146085739135742,-0.87689208984375,3
1771109816311,0.3186512589454651,-0.49088573455810547,-2.3567912578582764,3
1771109816427,1.2490425109863281,-0.07691574096679688,-0.1809253692626953,3
1771109816544,-0.31248292326927185,0.15546703338623047,0.9206910133361816,3
1771109816662,-1.003413200378418,-0.5463790893554688,-0.6809141635894775,3
1771109816822,-0.4798610210418701,1.077174186706543,0.7262637615203857,3
1771109816894,-0.27714258432388306,0.22874069213867188,0.22211194038391113,3
1771109817013,-0.009550988674163818,-0.5055437088012695,-1.2303707599639893,3
1771109817111,-1.2705714702606201,-1.6738886833190918,-2.6654281616210938,3
1771109817225,0.4369329810142517,0.48720455169677734,-0.813102126121521,3
1771109817331,-0.20982514321804047,-0.5153188705444336,-0.5786292552947998,3
1771109817444,-0.6271836757659912,0.6468391418457031,-0.7235866785049438,3
1771109817562,0.11443875730037689,0.22057056427001953,-0.9623063802719116,3
1771109817679,-0.3765132427215576,0.34130287170410156,1.4364540576934814,3
1771109817807,-0.005350515246391296,-0.3095827102661133,-2.2715678215026855,3
1771109817895,0.17316381633281708,-2.0149049758911133,-0.25275206565856934,3
1771109817996,-0.906912624835968,-0.5544748306274414,-0.049927473068237305,3
1771109818158,-0.09503047168254852,1.0239152908325195,-1.788826823234558,3
1771109818230,-0.1621541827917099,1.0080509185791016,-0.31442785263061523,3
1771109818346,-0.05816546827554703,-0.7245979309082031,0.08556461334228516,3
1771109818449,1.2206190824508667,-0.2581815719604492,-1.086893916130066,3
1771109818564,0.6707878112792969,0.40845203399658203,0.6751399040222168,3
1771109818680,1.4717873334884644,0.061298370361328125,-1.4252381324768066,3
1771109818815,0.45108306407928467,1.290151596069336,2.067357063293457,3
1771109818897,0.07779860496520996,-0.47983455657958984,0.26387858390808105,3
1771109819014,0.5148940086364746,-1.397308349609375,-0.031186819076538086,3
1771109819130,0.8432407975196838,-1.055624008178711,1.806748628616333,3
1771109819245,-0.3797841966152191,0.006014823913574219,-0.23232460021972656,3
1771109819347,-1.1664910316467285,-0.3679323196411133,-0.7436602115631104,3
1771109819448,0.39044883847236633,-0.03452301025390625,-0.5783848762512207,3
1771109819565,-0.10486653447151184,0.6910724639892578,0.4141578674316406,3
1771109819681,-0.7760804295539856,1.3335247039794922,0.4968540668487549,3
1771109819824,-0.7632991075515747,-0.7246360778808594,-1.8267385959625244,3
1771109819900,1.2326722145080566,0.2092428207397461,1.4403307437896729,3
1771109820015,-0.9052783846855164,1.6642570495605469,0.017409563064575195,3
1771109820132,0.01096123456954956,0.8124370574951172,-0.9494253396987915,3
1771109820247,1.3530842065811157,0.21691513061523438,0.10491800308227539,3
1771109820349,-0.21321836113929749,-0.8294754028320312,-1.8561280965805054,3
1771109820467,-0.613893985748291,-1.0767927169799805,-0.8495001792907715,3
1771109820585,-2.1090402603149414,-0.010584831237792969,-1.1556373834609985,3
1771109820700,-0.6014155149459839,0.9585094451904297,0.9527328014373779,3
1771109820818,1.4024245738983154,0.6550464630126953,1.2842299938201904,3
1771109820934,0.8241382837295532,0.8440046310424805,-1.068315029144287,3
1771109821052,0.22589677572250366,0.857264518737793,-1.3671460151672363,3
1771109821150,0.6591666340827942,-0.3288908004760742,0.5451793670654297,3
1771109821267,1.2701432704925537,0.1665210723876953,1.451359748840332,3
1771109821384,1.1474592685699463,-0.28070926666259766,0.4525904655456543,3
1771109821501,-0.7084084749221802,0.5974435806274414,1.1779310703277588,3
1771109821617,-0.3716704845428467,1.3580121994018555,-0.32721567153930664,3
1771109821719,-0.056846410036087036,-1.4672069549560547,-1.6187492609024048,3
1771109821827,-1.9959683418273926,-1.2944297790527344,-0.9799394607543945,3
1771109821936,0.7038478851318359,0.038994789123535156,-0.5514366626739502,3
1771109822051,-0.8327385783195496,0.5661249160766602,-1.0187472105026245,3
1771109822168,-1.454150676727295,-0.7096433639526367,-0.4931607246398926,3
1771109822286,0.1588309109210968,-0.27788734436035156,-1.4318745136260986,3
1771109822402,0.7217975854873657,0.7726354598999023,-0.5101349353790283,3
1771109822506,1.427086591720581,0.6098804473876953,1.304760456085205,3
1771109822619,-0.21335747838020325,-0.08950233459472656,1.3650097846984863,3
1771109822736,-0.5963255167007446,-1.1333093643188477,0.8917834758758545,3
1771109822838,2.264965295791626,-0.17248821258544922,0.9115846157073975,3
1771109822954,-2.003408670425415,0.23928070068359375,-0.9538910388946533,3
1771109823071,-0.5815854072570801,-0.19772720336914062,0.16184043884277344,3
1771109823212,-0.8147876858711243,0.28035736083984375,2.006394386291504,3
1771109823287,1.7292509078979492,-0.4728078842163086,1.4810335636138916,3
1771109823388,-0.9290233850479126,-0.09363842010498047,0.9097259044647217,3
1771109823506,1.2565903663635254,0.7589893341064453,1.3200595378875732,3
1771109823605,0.046712636947631836,-1.253401756286621,-1.7654318809509277,3
1771109823720,0.36559373140335083,-0.9083843231201172,1.601665735244751,3
1771109823822,-0.623397946357727,0.7407588958740234,-0.7727398872375488,3
1771109823922,-0.6713888049125671,0.6163778305053711,1.9759716987609863,3
1771109824039,1.0952630043029785,0.43616580963134766,-0.03558611869812012,3
1771109824155,-0.5654456615447998,-1.3169355392456055,0.7544081211090088,3
1771109824271,-0.6884004473686218,-0.045040130615234375,-0.22071456909179688,3
1771109824372,0.05148124694824219,0.5845060348510742,-0.619269609451294,3
1771109824474,0.9203690886497498,0.11097240447998047,-0.9880869388580322,3
1771109824588,-0.00502324104309082,0.6265506744384766,0.8888585567474365,3
1771109824705,-0.9213097095489502,-0.5671148300170898,0.2944512367248535,3
1771109824823,-0.33043164014816284,-0.37464237213134766,-0.07652783393859863,3
1771109824939,0.2100275754928589,1.0803537368774414,-0.8004472255706787,3
1771109825057,0.20881003141403198,0.04208087921142578,0.8562159538269043,3
1771109825208,-0.8063216805458069,-0.6672306060791016,-0.10963320732116699,3
1771109825274,-0.7830774188041687,0.043704986572265625,1.2226824760437012,3
1771109825391,-0.4859441816806793,-0.31044960021972656,-0.22255897521972656,3
1771109825507,-0.06942091882228851,0.10717010498046875,0.34313344955444336,3
1771109825623,-0.7184895277023315,-1.004323959350586,1.593428373336792,3
1771109825724,0.333099365234375,-0.23377513885498047,0.506188154220581,3
1771109825826,0.5368024110794067,0.5104122161865234,1.8291728496551514,3
1771109825941,-0.32462337613105774,-1.3189258575439453,0.3584327697753906,3
1771109826059,0.06852424144744873,-1.5074396133422852,2.1180307865142822,3
1771109826185,-0.22107630968093872,-0.6094694137573242,1.3644585609436035,3
1771109826292,-0.011323213577270508,-1.2476739883422852,0.4584331512451172,3
1771109826409,0.5666766166687012,0.6281499862670898,1.0195717811584473,3
1771109826525,0.2675134539604187,0.0792093276977539,1.1568222045898438,3
1771109826641,0.11943435668945312,0.6242265701293945,-1.2547590732574463,3
1771109826743,0.8398979902267456,1.0832843780517578,-0.06110048294067383,3
1771109826843,-0.2365685999393463,-1.243396282196045,2.634636402130127,3
1771109826960,-0.8617814779281616,-1.5526237487792969,0.5702171325683594,3
1771109827077,-0.8514264225959778,-0.8529567718505859,2.0416460037231445,3
1771109827192,1.0028709173202515,-0.07863807678222656,0.37655210494995117,3
1771109827294,-0.02324509620666504,2.049992561340332,-1.7026450634002686,3
1771109827413,-0.5086908340454102,2.0049428939819336,-2.1089115142822266,3
1771109827526,0.776078462600708,-0.12546348571777344,1.0430450439453125,3
1771109827644,0.5850736498832703,-0.0041522979736328125,0.7007546424865723,3
1771109827761,0.5484816431999207,0.46744346618652344,-0.2834129333496094,3
1771109827863,0.8943617343902588,0.7463054656982422,0.9968051910400391,3
1771109827979,0.742916464805603,1.1835050582885742,-0.6598067283630371,3
1771109828098,0.46600228548049927,0.4907550811767578,0.15634584426879883,3
1771109828209,-0.04501473903656006,1.4702825546264648,-0.8599536418914795,3
1771109828312,0.45888417959213257,-0.008310317993164062,0.08307886123657227,3
1771109828416,-0.23660150170326233,0.12349510192871094,-1.724670648574829,3
1771109828529,0.041915178298950195,0.5587882995605469,-0.2589399814605713,3
1771109828645,0.22591069340705872,1.0776700973510742,0.42819857597351074,3
1771109828763,0.04137822985649109,0.8592815399169922,0.10828042030334473,3
1771109828864,0.23863771557807922,-0.46468639373779297,1.1204171180725098,3
1771109828979,-0.0665537416934967,-0.1061258316040039,0.1086890697479248,3
1771109829097,0.15641862154006958,-0.47454071044921875,-0.26079416275024414,3
1771109829227,0.10573345422744751,-0.2635631561279297,1.3903090953826904,3
1771109829332,0.2098316252231598,-0.7204504013061523,0.33791327476501465,3
1771109829449,-0.02066364884376526,0.19762897491455078,1.0831615924835205,3
1771109829564,0.3284166157245636,0.6029539108276367,0.4383108615875244,3
1771109829666,0.06027230620384216,-0.5114173889160156,-1.468022346496582,3
1771109829780,-0.28141355514526367,0.2984628677368164,0.8339824676513672,3
1771109829897,0.6053228378295898,1.5090084075927734,-0.12132048606872559,3
1771109830014,-0.25080639123916626,-0.14383983612060547,0.15273475646972656,3
1771109830163,0.16011780500411987,0.47063255310058594,0.8688838481903076,3
1771109830247,-0.024507761001586914,-0.6306438446044922,0.5933265686035156,3
1771109830349,-0.030221104621887207,0.1860980987548828,0.6223752498626709,3
1771109830465,-0.7652724385261536,0.2355937957763672,0.23148488998413086,3
1771109830584,-0.3306966722011566,-0.26747703552246094,-0.4460761547088623,3
1771109830702,-0.08645504713058472,-0.12178325653076172,0.0024182796478271484,3
1771109830841,-0.44550254940986633,-0.2582893371582031,-1.4363324642181396,3
1771109830935,-0.019136786460876465,-0.20102310180664062,0.316997766494751,3
1771109831033,-0.10859841108322144,0.7072591781616211,0.10761189460754395,3
1771109831195,0.06772595643997192,-0.33164024353027344,0.24840569496154785,3
1771109831251,-0.1918623447418213,0.2766075134277344,0.3907508850097656,3
1771109831366,0.012433171272277832,0.5738630294799805,0.5421888828277588,3
1771109831484,-0.13730424642562866,0.4912071228027344,-0.1855173110961914,3
1771109831600,-0.6375266313552856,0.6245536804199219,-0.41457223892211914,3
1771109831716,-0.0443342924118042,-0.15048885345458984,-1.092944622039795,3
1771109831842,-0.1391027867794037,0.022199630737304688,0.2169344425201416,3
1771109831950,-0.17051246762275696,-0.10744762420654297,-0.12878060340881348,3
1771109832068,-0.05690044164657593,-0.011534690856933594,-0.7989943027496338,3
1771109832220,-0.23190218210220337,0.3467731475830078,-0.9542288780212402,3
1771109832285,-0.23121854662895203,0.6311635971069336,0.04685711860656738,3
1771109832400,0.24252045154571533,0.500178337097168,-0.4531221389770508,3
1771109832501,-0.20735222101211548,-0.07407283782958984,0.0312654972076416,3
1771109832620,0.09707215428352356,-0.1394634246826172,-0.25580501556396484,3
1771109832736,-0.14093101024627686,0.15946102142333984,-0.34507274627685547,3
1771109832852,-0.010343939065933228,-0.023766517639160156,-0.13840794563293457,3
1771109832968,0.17374375462532043,0.7502651214599609,0.07309579849243164,3
1771109833085,0.11019390821456909,-0.26151561737060547,0.13021063804626465,3
1771109833202,-0.2944950461387634,0.11145782470703125,-0.1559154987335205,3
1771109833302,-0.06924426555633545,-0.33969974517822266,-0.08034825325012207,3
1771109833419,0.0010051727294921875,-0.11728954315185547,-0.5732327699661255,3
1771109833520,-0.4294632375240326,-0.1449289321899414,-0.09803009033203125,3
1771109833635,0.47752058506011963,-0.007090568542480469,0.7814571857452393,3
1771109833755,-0.3853304982185364,-0.4544830322265625,0.07729959487915039,3
1771109833872,0.1637004017829895,0.1795940399169922,0.7644479274749756,3
1771109833988,0.1239277720451355,-0.37541866302490234,0.8105530738830566,3
1771109834102,-0.3386223018169403,-0.5094938278198242,-0.4358031749725342,3
1771109834220,0.3604968190193176,0.08034515380859375,0.924959659576416,3
1771109834321,-0.43604961037635803,0.2176189422607422,-0.24851274490356445,3
1771109834440,0.38205087184906006,0.3677330017089844,0.5239355564117432,3
1771109834540,0.5370804667472839,0.5593442916870117,0.4898209571838379,3
1771109834654,0.4335782527923584,-0.6150760650634766,-0.03684711456298828,3
1771109834773,-0.22382724285125732,-0.3321685791015625,-0.18154120445251465,3
1771109834872,0.29041343927383423,0.27411365509033203,0.13999462127685547,3
1771109834988,0.011107087135314941,0.8128223419189453,-0.27562761306762695,3
1771109835107,0.1784651279449463,-0.524134635925293,0.683523416519165,3
1771109835218,0.07546848058700562,0.06348228454589844,0.25998830795288086,3
1771109835321,-0.7545552849769592,0.3900918960571289,-0.6674635410308838,3
1771109835437,0.3089457154273987,-0.0037946701049804688,-0.6198062896728516,3
1771109835540,-0.29659005999565125,-0.07484817504882812,0.1818225383758545,3
1771109835657,0.5750194191932678,-0.48613929748535156,0.7908878326416016,3
1771109835772,-0.12358096241950989,-0.026157379150390625,0.8671131134033203,3
1771109835875,-0.004162251949310303,0.14790821075439453,0.08538460731506348,3
1771109835990,0.17934507131576538,0.13274192810058594,0.5430178642272949,3
1771109836107,0.017124295234680176,-0.08075618743896484,-0.13640284538269043,3
1771109836224,0.5193914175033569,0.07069778442382812,1.0403008460998535,3
1771109836339,-0.0647401213645935,0.534947395324707,0.9047870635986328,3
1771109836442,-0.19939535856246948,-0.15901565551757812,0.1842479705810547,3
1771109836558,0.26336246728897095,0.07402706146240234,0.2897214889526367,3
1771109836657,-0.060755789279937744,-0.23563671112060547,0.19274258613586426,3
1771109836774,-0.17614829540252686,0.11270523071289062,0.5291352272033691,3
1771109836891,0.0635066032409668,0.0016021728515625,0.25374674797058105,3
1771109837007,-0.3443201184272766,-0.5215311050415039,-0.21800589561462402,3
1771109837111,-0.05891764163970947,-0.41675662994384766,-0.8275794982910156,3
1771109837224,0.2878197431564331,0.5533123016357422,0.29879236221313477,3
1771109837325,0.2763559818267822,0.36682605743408203,-0.40096306800842285,3
1771109837441,-0.15429264307022095,0.11046028137207031,-0.20295429229736328,3
1771109837544,-0.14356714487075806,0.31336307525634766,0.288362979888916,3
1771109837658,0.28417694568634033,0.1183614730834961,0.26662516593933105,3
1771109837776,0.08134502172470093,0.4399747848510742,-0.08525538444519043,3
1771109837894,-0.23186726868152618,-0.06076335906982422,-0.16654491424560547,3
1771109837992,-0.00487247109413147,-0.09329986572265625,-0.1268460750579834,3
1771109838112,-0.02729976177215576,0.38437366485595703,0.5934648513793945,3
1771109838224,-0.40380874276161194,-0.04935932159423828,-0.1744680404663086,3
1771109838328,0.002610832452774048,0.29132556915283203,0.2776036262512207,3
1771109838443,-0.43511584401130676,0.1355581283569336,-0.8416687250137329,3
1771109838561,-0.12830162048339844,-0.06839179992675781,-0.8692851066589355,3
1771109838676,0.04196178913116455,0.3642854690551758,-0.058847904205322266,3
1771109838794,-0.21530790627002716,-0.0948190689086914,-0.5153608322143555,3
1771109838910,-0.09423220157623291,-0.010041236877441406,-0.4312100410461426,3
1771109839027,-0.0457000732421875,0.20970726013183594,-0.045950889587402344,3
1771109839146,0.14693275094032288,-0.1568441390991211,-0.20422697067260742,3
1771109839260,0.010752856731414795,0.0685434341430664,-0.11531543731689453,3
1771109839379,0.03604385256767273,0.0032491683959960938,-0.10065841674804688,3
1771109839494,0.38092276453971863,0.1339569091796875,0.34589529037475586,3
1771109839611,-0.2753066122531891,-0.13924121856689453,0.05181694030761719,3
1771109839727,0.2540956139564514,-0.15175247192382812,0.1557483673095703,3
1771109839841,-0.10623353719711304,0.03990745544433594,0.43752145767211914,3
1771109839928,0.145907461643219,0.21808815002441406,-0.7390532493591309,3
1771109840031,0.3730286657810211,0.03407764434814453,0.2916738986968994,3
1771109840144,-0.5281615853309631,-0.28948497772216797,-0.6874833106994629,3
1771109840262,0.0028659701347351074,0.0952768325805664,-0.12789082527160645,3
1771109840380,0.2213682234287262,-0.019954681396484375,0.3857533931732178,3
1771109840495,-0.01891806721687317,0.3739156723022461,-0.0063724517822265625,3
1771109840611,-0.4616684913635254,-0.22219371795654297,-1.2244528532028198,3
1771109840733,0.15424850583076477,-0.12233638763427734,-0.8366289138793945,3
1771109840847,0.1255660355091095,0.05473899841308594,-0.6328651905059814,3
1771109840962,-0.15603965520858765,0.1417980194091797,-0.42830491065979004,3
1771109841063,0.11052712798118591,-0.12216472625732422,-0.6016571521759033,3
1771109841175,-0.22224783897399902,0.07371139526367188,-0.9243701696395874,3
1771109841281,0.04178622364997864,0.07610702514648438,-0.852953314781189,3
1771109841396,-0.24399074912071228,-0.1503744125366211,-0.6811387538909912,3
1771109841515,-0.28019818663597107,0.1639556884765625,-0.8653900623321533,3
1771109841629,-0.15395516157150269,-0.08766746520996094,-0.07506513595581055,3
1771109841730,-0.2990013062953949,-0.12457084655761719,-1.4042388200759888,3
1771109841849,0.012737259268760681,0.38944149017333984,-0.6269607543945312,3
1771109841968,0.34753310680389404,0.3093833923339844,0.8187465667724609,3
1771109842080,-0.22873833775520325,0.25241756439208984,-0.7205691337585449,3
1771109842197,-0.019479677081108093,0.052097320556640625,-0.18120205402374268,3
1771109842299,0.3063064217567444,0.05446624755859375,1.2761623859405518,3
1771109842416,0.043911948800086975,0.2871236801147461,1.0188772678375244,3
1771109842534,0.10365039110183716,0.1525106430053711,0.6842838525772095,3
1771109842648,-0.2331027239561081,-0.12137699127197266,-0.5418537855148315,3
1771109842766,0.08279545605182648,0.05129718780517578,0.3011634349822998,3
1771109842867,0.056826770305633545,-0.051438331604003906,-0.9070900082588196,3
1771109842981,-0.06158742308616638,-0.1288909912109375,-0.8648329377174377,3
1771109843086,0.21415401995182037,0.24488449096679688,1.3821760416030884,3
1771109843218,0.10103905200958252,-0.036830902099609375,0.9716736078262329,3
1771109843332,0.027482792735099792,-0.006281852722167969,0.3209186792373657,3
1771109843449,0.34783935546875,0.11364936828613281,0.3802131414413452,3
1771109843551,0.15140904486179352,-0.21332931518554688,0.4679286479949951,3
1771109843668,0.39973121881484985,0.04375648498535156,0.8251035213470459,3
1771109843782,0.06274528801441193,-0.14841461181640625,0.5159879922866821,3
1771109843901,-0.14328667521476746,-0.5498008728027344,0.037606120109558105,3
1771109844017,-0.10080873221158981,-0.06807518005371094,0.35053932666778564,3
1771109844133,-0.0036330074071884155,-0.4826793670654297,0.5821064710617065,3
1771109844233,0.04924646019935608,-0.22252845764160156,0.2586996555328369,3
1771109844335,0.18669575452804565,-0.1364297866821289,0.21678638458251953,3
1771109844450,-0.0919007658958435,-0.5748662948608398,0.35491371154785156,3
1771109844571,0.356650710105896,-0.08913516998291016,0.5349907875061035,3
1771109844683,0.02243363857269287,-0.5917282104492188,-0.04273843765258789,3
1771109844804,-0.25078386068344116,0.1574535369873047,0.171677827835083,3
1771109844917,-0.24028372764587402,-0.13330650329589844,-0.35901618003845215,3
1771109845035,0.3607286512851715,0.2597360610961914,0.11159968376159668,3
1771109845148,0.16431957483291626,0.18384265899658203,-0.006160736083984375,3
1771109845252,-0.10490897297859192,-0.07487106323242188,-0.24742579460144043,3
1771109845368,-0.1982218623161316,-0.07199668884277344,0.27060794830322266,3
1771109845485,0.07994341850280762,-0.22303485870361328,0.5203118324279785,3
1771109845602,0.20918548107147217,0.008223533630371094,0.6205627918243408,3
1771109845720,-0.2765033543109894,-0.4546947479248047,-0.22058963775634766,3
1771109845847,-0.25206971168518066,-0.07629966735839844,-0.3138923645019531,3
1771109845953,-0.007319033145904541,-0.02212238311767578,-0.2578296661376953,3
1771109846069,-0.09458635747432709,0.07704544067382812,0.03354763984680176,3
1771109846169,-0.02940051257610321,-0.05436229705810547,-0.4279308319091797,3
1771109846286,0.19851505756378174,0.08548927307128906,0.34406614303588867,3
1771109846389,0.20682385563850403,0.1017160415649414,0.23127150535583496,3
1771109846503,-0.160149484872818,0.011747360229492188,-0.5177764892578125,3
1771109846620,0.15326854586601257,0.05986785888671875,-0.1625983715057373,3
1771109846737,-0.3340305685997009,-0.07770442962646484,-0.29805076122283936,3
1771109846860,0.06863343715667725,-0.09839153289794922,-0.12398123741149902,3
1771109846970,-0.3291758894920349,-0.12266254425048828,-0.8996021747589111,3
1771109847087,0.18275673687458038,0.37545108795166016,0.6275501251220703,3
1771109847187,0.23929667472839355,0.022573471069335938,0.24605870246887207,3
1771109847303,0.03868752717971802,0.047318458557128906,-0.2084064483642578,3
1771109847407,-0.01062515377998352,0.048827171325683594,-0.46448326110839844,3
1771109847505,-0.14141137897968292,-0.036200523376464844,-0.5161738395690918,3
1771109847621,-0.18182659149169922,0.013541221618652344,-0.4443073272705078,3
1771109847739,0.05400100350379944,0.08373069763183594,-0.05720353126525879,3
1771109847856,0.10097958147525787,-0.019356727600097656,-0.5153939723968506,3
1771109847973,-0.07396098971366882,0.19161224365234375,-0.32240939140319824,3
1771109848091,0.12601161003112793,0.044417381286621094,-0.14318633079528809,3
1771109848204,-0.09081229567527771,0.14995193481445312,-0.517325758934021,3
1771109848321,-0.1488824039697647,0.12015056610107422,-0.348666787147522,3
1771109848424,-0.006526917219161987,0.08296585083007812,-0.07479596138000488,3
1771109848538,0.08418513089418411,0.23734569549560547,0.18209290504455566,3
1771109848655,-0.11319077759981155,-0.03657245635986328,-0.2708967924118042,3
1771109848756,-0.04948252812027931,-0.046555519104003906,-0.33799827098846436,3
1771109848860,-0.26231178641319275,0.04058551788330078,-0.7574406862258911,3
1771109848972,-0.07636112719774246,0.06856536865234375,-0.001288771629333496,3
1771109849094,0.0973716452717781,-0.010809898376464844,-0.3969581127166748,3
1771109849206,0.2203841209411621,0.07982921600341797,0.16408884525299072,3
1771109849323,-0.15526220202445984,0.0791940689086914,-0.16999149322509766,3
1771109849441,-0.06071703881025314,0.1806049346923828,-0.11501777172088623,3
1771109849557,-0.1797637790441513,-0.07390403747558594,-0.38273847103118896,3
1771109849657,-0.15326692163944244,-0.22000598907470703,-0.17463696002960205,3
1771109849775,0.0628751590847969,-0.042288780212402344,-0.15776097774505615,3
1771109849875,-0.09345116466283798,0.21638774871826172,-0.031269073486328125,3
1771109849975,-0.043393366038799286,0.15740966796875,-0.7448463439941406,3
1771109850094,-0.5836039185523987,0.016798019409179688,-0.6213396787643433,3
1771109850191,0.2209520936012268,-0.1255054473876953,0.49454808235168457,3
1771109850295,0.13833442330360413,0.11798095703125,0.5307703018188477,3
1771109850409,0.1911756694316864,0.09090328216552734,0.5272245407104492,3
1771109850529,-0.26142609119415283,-0.11801815032958984,-0.5799356698989868,3
1771109850642,0.2471584677696228,-0.108428955078125,0.9944223165512085,3
1771109850760,-0.36814790964126587,0.30809783935546875,-0.5509334802627563,3
1771109850876,0.14276854693889618,0.09253311157226562,0.6880432367324829,3
1771109850993,0.13434205949306488,-0.23817729949951172,-0.858077883720398,3
1771109851109,-0.23139193654060364,-0.028260231018066406,-0.8427655696868896,3
1771109851225,-0.202402725815773,-0.1353902816772461,-0.6115919351577759,3
1771109851328,0.33158984780311584,0.2164163589477539,0.4781346321105957,3
1771109851444,0.021530406549572945,-0.05899524688720703,0.03180074691772461,3
1771109851560,0.15623724460601807,0.01975536346435547,-0.07401204109191895,3
1771109851663,0.07255494594573975,0.14335918426513672,0.29353320598602295,3
1771109851779,-0.0005838833749294281,0.09163475036621094,-0.038610219955444336,3
1771109851895,0.1781950294971466,-0.030045509338378906,0.4504204988479614,3
1771109851996,0.14630302786827087,0.4008026123046875,1.1225783824920654,3
1771109852112,0.3251854181289673,-0.15370559692382812,0.3086339235305786,3
1771109852214,0.06863735616207123,0.5553121566772461,0.582615852355957,3
1771109852328,0.3066016137599945,-0.09363269805908203,0.20862388610839844,3
1771109852446,-0.0809883326292038,0.06348991394042969,0.7428914308547974,3
1771109852561,0.2297499030828476,0.07945919036865234,0.6060575246810913,3
1771109852678,0.2544081509113312,-0.6829319000244141,0.3633679151535034,3
1771109852778,-0.28409966826438904,0.3137474060058594,-0.04507756233215332,3
1771109852881,0.24977752566337585,-0.2801799774169922,0.3852478265762329,3
1771109852996,0.29786914587020874,0.08589839935302734,0.6171189546585083,3
1771109853114,0.07540127635002136,-0.09972476959228516,0.6998882293701172,3
1771109853228,-0.37334901094436646,-0.2548398971557617,0.07150125503540039,3
1771109853345,0.10259098559617996,0.013641357421875,0.5897336006164551,3
1771109853448,-0.1858368217945099,-0.2347583770751953,0.1479419469833374,3
1771109853548,-0.0066139474511146545,0.04178905487060547,0.7530473470687866,3
1771109853663,0.5916635394096375,-0.3034791946411133,0.402721643447876,3
1771109853763,0.1352236568927765,-0.09075164794921875,0.5692203044891357,3
1771109853880,0.29615774750709534,-0.10060310363769531,-0.01156473159790039,3
1771109853997,-0.054702602326869965,-0.24260425567626953,0.2700026035308838,3
1771109854114,0.13763843476772308,0.1920146942138672,0.27700352668762207,3
1771109854230,0.09678046405315399,0.2815380096435547,0.27488136291503906,3
1771109854346,0.10793711245059967,0.2814044952392578,0.2078845500946045,3
1771109854465,-0.034463897347450256,0.08434104919433594,-0.7423462867736816,3
1771109854565,-0.044909074902534485,-0.17638015747070312,0.3508439064025879,3
1771109854683,0.10455860197544098,-0.14793014526367188,0.13117742538452148,3
1771109854781,-0.1917552500963211,-0.08773994445800781,0.003021717071533203,3
1771109854884,0.04525688290596008,0.36490440368652344,0.3286781311035156,3
1771109854999,0.020963534712791443,0.19631481170654297,0.09680962562561035,3
1771109855115,0.3778712749481201,0.18616485595703125,-0.04639458656311035,3
1771109855233,-0.07987379282712936,0.021999359130859375,-0.33861446380615234,3
1771109855334,0.09368018805980682,-0.15532302856445312,-0.07326340675354004,3
1771109855450,-0.025882616639137268,0.026022911071777344,-0.049536705017089844,3
1771109855565,0.295510470867157,-0.08727359771728516,0.29130566120147705,3
1771109855684,-0.1455167680978775,0.3832578659057617,-0.5226398706436157,3
1771109855799,-0.2782467007637024,-0.04407501220703125,-0.1556333303451538,3
1771109855915,0.08620414137840271,0.23486614227294922,0.09884274005889893,3
1771109856037,0.21627482771873474,0.04852294921875,-0.08765089511871338,3
1771109856151,-0.3682701289653778,-0.2178335189819336,-0.7636829614639282,3
1771109856266,0.13026592135429382,0.1620016098022461,0.9728454351425171,3
1771109856370,0.06419789791107178,0.18042659759521484,-0.601999044418335,3
1771109856484,0.39504191279411316,0.1515493392944336,0.3555023670196533,3
1771109856600,-0.4860708713531494,-0.2103900909423828,-1.0916748046875,3
1771109856716,-0.15972845256328583,0.19656753540039062,-0.2507040500640869,3
1771109856817,0.546247661113739,-0.05917644500732422,0.7909852266311646,3
1771109856938,0.16116219758987427,0.2904224395751953,0.1923156976699829,3
1771109857050,0.46412715315818787,-0.1397686004638672,0.616466760635376,3
1771109857180,0.4606532156467438,0.1313304901123047,1.1225347518920898,3
1771109857284,-0.31372591853141785,0.13222980499267578,0.07051920890808105,3
1771109857402,0.18298426270484924,-0.16193866729736328,0.11157870292663574,3
1771109857519,0.14588075876235962,0.4415311813354492,0.32488250732421875,3
1771109857619,-0.2324371039867401,-0.061676025390625,-0.4572852849960327,3
1771109857735,-0.3354775905609131,-0.20714569091796875,-0.9015344381332397,3
1771109857867,-0.3507730960845947,-0.04486846923828125,-0.8805308938026428,3
1771109857951,0.02310868352651596,0.06454277038574219,-0.09874165058135986,3
1771109858071,-0.016660455614328384,0.08644771575927734,-0.48711490631103516,3
1771109858172,-0.02490159124135971,0.09568500518798828,-0.7287651300430298,3
1771109858289,-0.09713968634605408,0.009684562683105469,0.22672045230865479,3
1771109858387,0.3443104028701782,0.2257099151611328,0.30875682830810547,3
1771109858506,-0.05699649453163147,-0.1779918670654297,-0.6885001063346863,3
1771109858619,0.2696203887462616,0.21329021453857422,1.182863712310791,3
1771109858736,-0.14756324887275696,-0.1995067596435547,-0.04841029644012451,3
1771109858888,0.029453620314598083,0.04057598114013672,0.8052399158477783,3
1771109858956,0.19887536764144897,-0.34055519104003906,0.2522139549255371,3
1771109859072,0.2914372980594635,-0.06836509704589844,0.8328533172607422,3
1771109859205,-0.258882075548172,-0.1659679412841797,0.215859055519104,3
1771109859303,-0.04428894817829132,0.04058551788330078,0.6673359870910645,3
1771109859423,-0.06766223907470703,0.17294025421142578,0.6618572473526001,3
1771109859537,0.3976365327835083,-0.2590818405151367,0.5687061548233032,3
1771109859663,0.0561581552028656,-0.1015167236328125,0.6511088609695435,3
1771109859771,0.2404756098985672,-0.26328182220458984,0.8914108276367188,3
1771109859871,0.21994857490062714,-0.05791759490966797,-0.0714331865310669,3
1771109859988,0.1056717187166214,0.0030422210693359375,0.7473196983337402,3
1771109860088,-0.07132640480995178,-0.5069208145141602,0.5041221380233765,3
1771109860189,0.19459378719329834,0.0507354736328125,-0.06207418441772461,3
1771109860306,0.1863192766904831,0.08293914794921875,0.47904396057128906,3
1771109860425,-0.12149593234062195,0.2461862564086914,-0.10544943809509277,3
1771109860538,-0.11034296452999115,-0.22011566162109375,-0.32422518730163574,3
1771109860655,-0.26566848158836365,-0.26254844665527344,0.031108736991882324,3
1771109860773,-0.0806436687707901,0.24834632873535156,0.16517281532287598,3
1771109860889,0.09161660075187683,-0.09538650512695312,0.1172175407409668,3
1771109861007,-0.06306113302707672,-0.14899444580078125,0.2599639892578125,3
1771109861169,-0.13309986889362335,-0.023886680603027344,0.16375207901000977,3
1771109861283,-0.039619624614715576,0.05797004699707031,0.17860257625579834,3
1771109861356,-0.26325201988220215,-0.041258811950683594,-0.1691594123840332,3
1771109861474,0.13028454780578613,-0.005276679992675781,0.6841275691986084,3
1771109861591,0.3073251247406006,0.23667240142822266,0.7314621210098267,3
1771109861691,0.07260558009147644,-0.13876056671142578,0.09335005283355713,3
1771109861807,-0.053976237773895264,0.1820993423461914,-0.010601282119750977,3
1771109861909,0.1901823878288269,0.19149494171142578,0.2978569269180298,3
1771109862024,-0.29077887535095215,-0.15582847595214844,-0.5074737071990967,3
1771109862141,0.5450584888458252,-0.3027963638305664,0.09830451011657715,3
1771109862241,0.19294685125350952,-0.1952056884765625,0.030267715454101562,3
1771109862360,0.08414435386657715,0.16180896759033203,0.6476403474807739,3
1771109862475,0.19344529509544373,-0.05392932891845703,0.308172345161438,3
1771109862592,0.005795300006866455,0.41138648986816406,0.2742997407913208,3
1771109862692,0.2911641299724579,0.31295299530029297,0.5392930507659912,3
1771109862808,-0.22995245456695557,-0.26286983489990234,-0.1289663314819336,3
1771109862911,-0.025698542594909668,-0.1306610107421875,0.6761131286621094,3
1771109863024,0.18393537402153015,-0.47565460205078125,0.015974760055541992,3
1771109863163,-0.007560074329376221,0.3587522506713867,0.252683162689209,3
1771109863246,0.2891853153705597,0.28183746337890625,-0.060041189193725586,3
1771109863358,0.2960815727710724,0.16712188720703125,0.5582640171051025,3
1771109863464,0.6071499586105347,0.11942863464355469,0.2752504348754883,3
1771109863577,0.10854363441467285,0.16195392608642578,-0.10402727127075195,3
1771109863697,0.3405574560165405,0.3671884536743164,0.3401007652282715,3
1771109863810,0.007430315017700195,-0.1361246109008789,0.18989849090576172,3
1771109863926,0.3196588158607483,0.2272815704345703,-0.11753988265991211,3
1771109864043,-0.15931791067123413,0.09708786010742188,-0.6847841739654541,3
1771109864160,-0.12677612900733948,0.2956714630126953,0.19764328002929688,3
1771109864277,0.3068925738334656,0.08602333068847656,0.12672710418701172,3
1771109864396,0.18632853031158447,0.2523078918457031,0.09881591796875,3
1771109864511,-0.2245003879070282,0.23711299896240234,-0.3530118465423584,3
1771109864627,-0.2598471939563751,0.28290367126464844,-1.069460153579712,3
1771109864729,-0.13276422023773193,-0.14382457733154297,-0.03725123405456543,3
1771109864891,-0.09490293264389038,0.18496227264404297,-0.5868544578552246,3
1771109864963,0.08763158321380615,0.09530162811279297,-0.24281549453735352,3
1771109865077,-0.12843558192253113,0.1407308578491211,-0.6690363883972168,3
1771109865210,0.21545255184173584,0.3870248794555664,-0.5928369760513306,3
1771109865313,0.43529626727104187,-0.18374919891357422,-0.22124838829040527,3
1771109865429,0.20720061659812927,0.4791908264160156,0.3186979293823242,3
1771109865546,-0.003087460994720459,-0.05681324005126953,0.20233535766601562,3
1771109865649,0.022484153509140015,0.02759075164794922,-0.40319252014160156,3
1771109865765,-0.11949840188026428,-0.11896896362304688,0.892749547958374,3
1771109865880,-0.45520150661468506,-0.34278297424316406,-0.4800149202346802,3
1771109866000,-0.3419595956802368,-0.1312265396118164,-0.3449774980545044,3
1771109866116,0.08775514364242554,-0.2527351379394531,-0.4124624729156494,3
1771109866233,-0.0881112813949585,0.0512237548828125,-0.4998244047164917,3
1771109866347,0.025234311819076538,0.29180240631103516,0.23417341709136963,3
1771109866467,0.02629569172859192,0.04871845245361328,0.04746818542480469,3
1771109866563,-0.14944633841514587,-0.06395912170410156,0.06557178497314453,3
1771109866679,-0.22294005751609802,0.04344749450683594,-0.0766289234161377,3
1771109866780,-0.011354565620422363,0.15744495391845703,-0.44487428665161133,3
1771109866897,-0.20765763521194458,-0.2291107177734375,-0.07799875736236572,3
1771109867013,0.20733752846717834,0.3406791687011719,0.5411460399627686,3
1771109867137,0.3860189616680145,-0.10251808166503906,0.15761470794677734,3
1771109867248,0.06550726294517517,0.17278480529785156,0.5046461820602417,3
1771109867366,0.08108717203140259,-0.06721210479736328,-0.06612396240234375,3
1771109867483,0.3470987379550934,-0.016913414001464844,0.4422004222869873,3
1771109867597,0.3374691307544708,0.07691574096679688,0.18925762176513672,3
1771109867699,-0.004821300506591797,-0.3218669891357422,-0.07642543315887451,3
1771109867804,-0.04533207416534424,0.02811908721923828,0.22105038166046143,3
1771109867914,-0.021939784288406372,0.40585803985595703,0.32783257961273193,3
1771109868015,-0.05230119824409485,-0.26814842224121094,-0.4208090305328369,3
1771109868132,-0.08888566493988037,0.2934150695800781,-0.2903827428817749,3
1771109868249,-0.09544038772583008,-0.039055824279785156,-0.05046999454498291,3
1771109868366,0.5672037601470947,0.3663196563720703,0.6730935573577881,3
1771109868483,0.6143726706504822,-0.006656646728515625,-0.0699383020401001,3
1771109868585,-0.03656566143035889,-0.07889556884765625,0.43075835704803467,3
1771109868700,-0.13608425855636597,0.3080158233642578,0.49341630935668945,3
1771109868817,0.1827859878540039,-0.06447315216064453,0.3442697525024414,3
1771109868936,-0.30291688442230225,0.07739639282226562,-0.20081138610839844,3
1771109869052,-0.024103492498397827,-0.12971210479736328,-0.5110297203063965,3
1771109869180,0.14067882299423218,0.16803932189941406,0.07036077976226807,3
1771109869283,-0.1731116771697998,-0.07890892028808594,-0.20694148540496826,3
1771109869402,-0.10515576601028442,0.055235862731933594,0.47640109062194824,3
1771109869503,-0.0726274847984314,0.08877372741699219,0.33690595626831055,3
1771109869617,0.1482769250869751,-0.10601520538330078,0.030173897743225098,3
1771109869738,0.1312112808227539,-0.2291259765625,-0.6143572330474854,3
1771109869836,0.09720230102539062,0.2757434844970703,0.5417138338088989,3
1771109869952,-0.18892353773117065,-0.4200305938720703,0.3958345651626587,3
1771109870072,0.1888737678527832,0.18118953704833984,0.3186063766479492,3
1771109870187,0.2561572194099426,-0.3183870315551758,0.1595667600631714,3
1771109870288,-0.07810276746749878,0.3608675003051758,1.0126316547393799,3
1771109870403,0.03587383031845093,-0.27091217041015625,0.19126784801483154,3
1771109870519,0.49943751096725464,0.19844913482666016,0.47314536571502686,3
1771109870636,0.31329745054244995,-0.052071571350097656,0.7326812744140625,3
1771109870754,-0.3178039789199829,-0.03227424621582031,0.009489059448242188,3
1771109870905,-0.07452690601348877,-0.21087646484375,0.6471257209777832,3
1771109870970,0.09432423114776611,-0.16547870635986328,0.42118024826049805,3
1771109871088,-0.08730834722518921,-0.06203746795654297,0.2708578109741211,3
1771109871229,-0.36544904112815857,-0.3408679962158203,-0.39063358306884766,3
1771109871305,-0.07092958688735962,-0.07109737396240234,-0.15240943431854248,3
1771109871420,-0.1405048966407776,0.2361736297607422,0.11506485939025879,3
1771109871522,0.051523804664611816,0.02191638946533203,-0.0781240463256836,3
1771109871636,-0.0744779109954834,-0.011571884155273438,-0.06885170936584473,3
1771109871737,-0.49073970317840576,-0.3498954772949219,-0.11784195899963379,3
1771109871883,0.17259305715560913,0.16317367553710938,0.21763896942138672,3
1771109871960,0.2366819977760315,-0.2753486633300781,0.7130341529846191,3
1771109872074,0.2836095094680786,-0.2572288513183594,0.8121685981750488,3
1771109872187,0.17115885019302368,-0.20300579071044922,0.8442103862762451,3
1771109872290,0.2849295139312744,0.027815818786621094,0.4868357181549072,3
1771109872404,-0.1979789137840271,-0.10939598083496094,-0.4406318664550781,3
1771109872505,0.1353427767753601,0.11586666107177734,0.5433244705200195,3
1771109872621,0.1516176462173462,-0.017299652099609375,0.38135290145874023,3
1771109872739,0.18932873010635376,-0.16960716247558594,0.5657224655151367,3
1771109872898,-0.0968431830406189,-0.37889671325683594,0.37928342819213867,3
1771109872971,-0.12694132328033447,0.015328407287597656,0.14876079559326172,3
1771109873072,0.2878161072731018,-0.22584152221679688,0.4745621681213379,3
1771109873200,-0.2715741991996765,-0.21178722381591797,-0.23894739151000977,3
1771109873306,-0.0885467529296875,-0.06354999542236328,-0.10831642150878906,3
1771109873426,-0.09450435638427734,-0.24392986297607422,-0.19475579261779785,3
1771109873540,0.2986626625061035,0.2215719223022461,0.14548921585083008,3
1771109873640,-0.15989810228347778,0.15061378479003906,-0.42127346992492676,3
1771109873758,0.1456451416015625,0.25781726837158203,-0.235978364944458,3
1771109873887,-0.0968773365020752,0.2316598892211914,-0.5430004596710205,3
1771109873972,-0.001262366771697998,-0.05235767364501953,-0.15221166610717773,3
1771109874075,-0.6815304756164551,0.07229232788085938,-0.8915591239929199,3
1771109874192,-0.2468697428703308,-0.05255603790283203,-0.5746555328369141,3
1771109874291,0.6181238293647766,0.026482582092285156,-0.18255376815795898,3
1771109874408,0.5431641340255737,-0.07862663269042969,0.19594359397888184,3
1771109874509,0.285580575466156,-0.219390869140625,-0.03730130195617676,3
1771109874624,-0.10642236471176147,0.11688041687011719,-0.5817551612854004,3
1771109874725,0.6055353283882141,0.02511310577392578,-0.3976445198059082,3
1771109874843,-0.296416699886322,0.46205615997314453,-0.16459894180297852,3
1771109874961,0.5290299654006958,-0.11005878448486328,-0.11037588119506836,3
1771109875077,-0.4857742488384247,0.0361480712890625,-0.45950984954833984,3
1771109875178,0.005736172199249268,-0.1004190444946289,-0.50529944896698,3
1771109875292,0.27798348665237427,0.2114849090576172,-0.6136176586151123,3
1771109875392,-0.7604566812515259,0.34395503997802734,-0.8500950336456299,3
1771109875508,-0.8158627152442932,0.13718128204345703,-0.7214261293411255,3
1771109875627,-0.5999343395233154,-0.006255149841308594,-0.7422609329223633,3
1771109875743,0.47802114486694336,0.017073631286621094,-0.12480831146240234,3
1771109875888,-0.0271226167678833,0.060662269592285156,-0.4754147529602051,3
1771109875977,-0.1211313009262085,-0.05946159362792969,-0.32477474212646484,3
1771109876078,-0.01598942279815674,-0.16652488708496094,-0.3018534183502197,3
1771109876206,0.2516159415245056,0.35697269439697266,-0.21890711784362793,3
1771109876313,-0.12891876697540283,0.18255329132080078,-0.5453938245773315,3
1771109876427,0.25219905376434326,-0.1730203628540039,-0.1826843023300171,3
1771109876528,0.31036216020584106,-0.12656497955322266,0.21238946914672852,3
1771109876644,0.05185985565185547,-0.1816730499267578,-0.1647939682006836,3
1771109876744,0.22156471014022827,0.26117897033691406,-0.11222457885742188,3
1771109876892,0.353995680809021,-0.09672355651855469,-0.01164698600769043,3
1771109876979,-0.05819195508956909,0.05938911437988281,-0.09582102298736572,3
1771109877094,0.1662534475326538,0.11784648895263672,-0.22658264636993408,3
1771109877196,0.008495569229125977,-0.04593467712402344,-0.6312332153320312,3
1771109877315,0.1788657307624817,0.15433120727539062,-0.25269293785095215,3
1771109877431,-0.14283132553100586,0.19677734375,-0.746134877204895,3
1771109877528,-0.13494914770126343,0.06778717041015625,-1.0669394731521606,3
1771109877632,-0.14230844378471375,0.23200702667236328,-0.40173786878585815,3
1771109877745,0.06174692511558533,0.31523609161376953,-0.23174810409545898,3
1771109877890,-0.038510680198669434,0.14066696166992188,-0.42893701791763306,3
1771109877982,-0.22287164628505707,0.2263336181640625,-0.8061414361000061,3
1771109878099,-0.08437484502792358,-0.004160881042480469,-0.48332440853118896,3
1771109878212,0.11586350202560425,0.1139984130859375,-0.258478045463562,3
1771109878314,-0.044801801443099976,0.13683509826660156,0.06353944540023804,3
1771109878432,-0.15630245208740234,0.03932952880859375,-0.32036662101745605,3
1771109878548,-0.18489429354667664,0.11470508575439453,-0.35789424180984497,3
1771109878664,0.23710447549819946,0.15754318237304688,0.29858100414276123,3
1771109878781,0.3424780070781708,0.16447162628173828,0.20327681303024292,3
1771109878896,0.2762696146965027,0.1885519027709961,0.27287137508392334,3
1771109878997,-0.15724611282348633,0.17982006072998047,-0.4129197597503662,3
1771109879157,0.20677554607391357,0.19415283203125,0.4809955954551697,3
1771109879214,0.016756564378738403,0.33635520935058594,0.7063503861427307,3
1771109879332,-0.17998327314853668,0.0939798355102539,-0.7782872915267944,3
1771109879447,0.3160841763019562,0.3309812545776367,0.6863254904747009,3
1771109879565,0.06762504577636719,-0.020097732543945312,-0.524732232093811,3
1771109879683,0.17885172367095947,0.14023208618164062,0.6732965111732483,3
1771109879799,0.06050381064414978,0.46377086639404297,0.2973982095718384,3
1771109879917,-0.2654302716255188,0.32321643829345703,-0.16813629865646362,3
1771109880032,0.06888288259506226,-0.20253849029541016,-0.9297126531600952,3
1771109880135,-0.1004573404788971,0.30646419525146484,0.45471692085266113,3
1771109880249,-0.07707288861274719,0.48561668395996094,0.7234651446342468,3
1771109880350,0.14006125926971436,0.018639564514160156,0.3789305090904236,3
1771109880465,0.17802369594573975,0.009295463562011719,1.6358400583267212,3
1771109880567,0.3612839877605438,-0.2877979278564453,0.5407875776290894,3
1771109880684,0.155531644821167,-0.10527229309082031,0.7614378929138184,3
1771109880801,-0.050951749086380005,-0.0953664779663086,0.7789456844329834,3
1771109880917,0.22890201210975647,0.4865427017211914,0.7729179859161377,3
1771109881017,-0.0278775691986084,-0.18556499481201172,0.4448862075805664,3
1771109881120,0.2637096047401428,0.16522598266601562,0.9647282361984253,3
1771109881230,0.16533982753753662,-0.09478569030761719,0.6648094654083252,3
1771109881338,0.03011322021484375,-0.3436698913574219,0.7141602039337158,3
1771109881451,0.3629932403564453,-0.2248554229736328,0.49360954761505127,3
1771109881569,-0.294719934463501,-0.17261600494384766,0.006038188934326172,3
1771109881684,0.07874643802642822,0.018195152282714844,0.3370119333267212,3
1771109881800,0.27682822942733765,0.21822357177734375,0.37261080741882324,3
1771109881918,-0.1913687288761139,0.12685585021972656,0.36429882049560547,3
1771109882035,-0.07503443956375122,0.3089485168457031,0.7015891075134277,3
1771109882151,0.23047077655792236,0.08163166046142578,0.47572946548461914,3
1771109882253,0.32015299797058105,0.0067005157470703125,0.024955034255981445,3
1771109882374,0.2692301869392395,-2.765655517578125e-05,0.15996503829956055,3
1771109882487,-0.29099515080451965,0.27715396881103516,-0.008112192153930664,3
1771109882601,-0.05018883943557739,-0.3448152542114258,0.1093897819519043,3
1771109882718,-0.07129544019699097,0.1194772720336914,-0.029482245445251465,3
1771109882836,-0.25439655780792236,0.016470909118652344,-0.6361293792724609,3
1771109882952,-0.060836464166641235,0.2501535415649414,0.5677361488342285,3
1771109883052,-0.3014369308948517,0.24887943267822266,-0.7259231805801392,3
1771109883183,0.3490224778652191,-0.08988761901855469,-0.25738590955734253,3
1771109883287,0.051448047161102295,0.34080028533935547,-0.18010938167572021,3
1771109883404,-0.029469043016433716,-0.22708606719970703,0.27559125423431396,3
1771109883519,-0.2714325785636902,0.10898876190185547,-0.4100900888442993,3
1771109883621,0.20674076676368713,-0.2720661163330078,-0.08531844615936279,3
1771109883737,0.0051097571849823,0.011189460754394531,0.25550591945648193,3
1771109883838,-0.012469172477722168,-0.1327686309814453,0.1967529058456421,3
1771109883954,0.17351996898651123,-0.2760152816772461,0.814994215965271,3
1771109884058,0.059749484062194824,-0.2191448211669922,0.7288000583648682,3
1771109884206,-0.26623454689979553,-0.11024284362792969,0.0286102294921875,3
1771109884288,-0.04795050621032715,0.026042938232421875,0.509505033493042,3
1771109884406,0.1022859513759613,0.06186103820800781,0.6833539009094238,3
1771109884505,0.3089689016342163,-0.02299022674560547,0.5226708650588989,3
1771109884621,0.21307414770126343,-0.5387020111083984,0.5221829414367676,3
1771109884738,0.18978112936019897,-0.06557464599609375,0.7542479038238525,3
1771109884855,0.20830008387565613,-0.13771915435791016,0.3485743999481201,3
1771109884972,0.13095366954803467,-0.41713809967041016,0.5412064790725708,3
1771109885087,-0.1500840187072754,-0.1551198959350586,0.18832707405090332,3
1771109885202,0.35769107937812805,-0.182830810546875,1.124085545539856,3
1771109885304,-0.32516008615493774,-0.4256315231323242,-0.19432342052459717,3
1771109885405,0.2892986238002777,0.3252410888671875,-0.33147966861724854,3
1771109885522,0.12125498056411743,0.2082672119140625,0.19118309020996094,3
1771109885639,0.1395246386528015,0.03623485565185547,-0.35373032093048096,3
1771109885741,-0.2278258055448532,-0.2845888137817383,0.4752330780029297,3
1771109885856,-0.09411406517028809,-0.2252206802368164,0.16530275344848633,3
1771109885974,-0.038483887910842896,0.1728363037109375,0.3254120349884033,3
1771109886090,-0.17007265985012054,-0.19309520721435547,-0.13950788974761963,3
1771109886216,-0.04977884888648987,0.12938404083251953,0.4591050148010254,3
1771109886324,-0.3177955746650696,-0.2137165069580078,0.296314001083374,3
1771109886443,0.1269000768661499,-0.12095165252685547,0.4897134304046631,3
1771109886557,0.2214967906475067,-0.10563850402832031,0.18892598152160645,3
1771109886674,0.17545855045318604,-0.03618907928466797,0.2004256248474121,3
1771109886791,-0.13753202557563782,-0.24729156494140625,0.23473000526428223,3
1771109886909,0.004177659749984741,-0.12475776672363281,-0.22394561767578125,3
1771109887023,0.13025635480880737,-0.36545753479003906,0.17017292976379395,3
1771109887189,0.04815971851348877,0.054741859436035156,0.21558451652526855,3
1771109887242,-0.20731347799301147,-0.00634765625,0.24553394317626953,3
1771109887358,-0.05568763613700867,0.1465930938720703,0.31508779525756836,3
1771109887475,0.36090028285980225,0.13004398345947266,0.10976815223693848,3
1771109887576,-0.14578601717948914,0.17738819122314453,-0.5337784290313721,3
1771109887692,0.018610000610351562,0.1494131088256836,-0.08446621894836426,3
1771109887809,0.1215948760509491,-0.17266178131103516,-0.3623380661010742,3
1771109887910,-0.05612152814865112,0.038344383239746094,0.9203081130981445,3
1771109888025,-0.005195975303649902,-0.4208974838256836,0.0556187629699707,3
1771109888142,-0.1619257777929306,-0.042804718017578125,0.5065581798553467,3
1771109888262,-0.30419921875,-0.2896137237548828,-0.13156604766845703,3
1771109888379,-0.10893824696540833,-0.1964588165283203,-0.11806082725524902,3
1771109888495,0.31794649362564087,-0.1157083511352539,0.18137025833129883,3
1771109888610,-0.044914305210113525,0.1055450439453125,-0.03635692596435547,3
1771109888728,0.04880818724632263,-0.19475078582763672,-0.6816636323928833,3
1771109888845,-0.3795364499092102,0.15060710906982422,-0.5897228717803955,3
1771109888945,-0.0839352160692215,0.18006038665771484,0.11578249931335449,3
1771109889064,0.04620805382728577,0.11976242065429688,-0.4730522632598877,3
1771109889195,0.09795975685119629,0.060212135314941406,0.057326316833496094,3
1771109889278,-0.06669291853904724,-0.28649425506591797,-0.49169325828552246,3
1771109889395,-0.09311184287071228,0.3204202651977539,-0.3782079219818115,3
1771109889512,0.187247633934021,-0.1203765869140625,-0.3008624315261841,3
1771109889618,-0.2712481915950775,0.1765880584716797,-0.1364138126373291,3
1771109889732,-0.04548138380050659,0.0732583999633789,0.08531594276428223,3
1771109889834,0.0474400520324707,-0.06602001190185547,-0.4323091506958008,3
1771109889945,-0.3536362648010254,0.44767093658447266,-0.2853916883468628,3
1771109890066,-0.09581789374351501,-0.1940135955810547,-0.3591482639312744,3
1771109890163,0.3025972247123718,0.3788328170776367,0.0014989376068115234,3
1771109890279,0.1262686848640442,0.1300821304321289,0.12259197235107422,3
1771109890379,-0.35028401017189026,0.022095680236816406,-0.2248084545135498,3
1771109890497,-0.11266870051622391,0.13916873931884766,-0.2018132209777832,3
1771109890615,-0.18710117042064667,-0.10119915008544922,-0.4063214063644409,3
1771109890731,-0.33559709787368774,0.13379478454589844,0.023270606994628906,3
1771109890847,0.12026378512382507,-0.12752056121826172,0.10254836082458496,3
1771109890963,-0.35168856382369995,0.28757286071777344,0.16645598411560059,3
1771109891065,0.20888377726078033,-0.44637489318847656,-0.3080780506134033,3
1771109891184,-0.11978614330291748,0.01769256591796875,0.26371097564697266,3
1771109891282,0.1995076686143875,-0.14233112335205078,-0.03258800506591797,3
1771109891399,0.05461232364177704,0.05867481231689453,0.5847196578979492,3
1771109891520,-0.22383944690227509,0.14084720611572266,0.5945329666137695,3
1771109891614,0.15504656732082367,-0.12367057800292969,-0.014520406723022461,3
1771109891731,-0.23627585172653198,0.16742897033691406,-0.3989701271057129,3
1771109891831,0.40790924429893494,0.16735553741455078,0.497478723526001,3
1771109891947,-0.39575403928756714,0.26175498962402344,0.38930177688598633,3
1771109892048,0.026892900466918945,0.4150676727294922,0.15699195861816406,3
1771109892164,0.2929569482803345,0.0345611572265625,-0.5285491943359375,3
1771109892282,0.26845189929008484,-0.06305122375488281,-0.6283351182937622,3
1771109892400,0.20291540026664734,-0.03206825256347656,0.28742098808288574,3
1771109892516,0.055608123540878296,-0.15461158752441406,-0.22774219512939453,3
1771109892633,0.056779444217681885,-0.051013946533203125,0.10572957992553711,3
1771109892733,0.4038954973220825,0.015363693237304688,0.06596636772155762,3
1771109892850,-0.31316572427749634,-0.2554636001586914,0.050518155097961426,3
1771109892966,0.21342381834983826,-0.022912979125976562,-0.3099493980407715,3
1771109893082,0.36749300360679626,0.22364521026611328,0.384468674659729,3
1771109893214,0.17964330315589905,-0.12132453918457031,0.30857622623443604,3
1771109893319,0.1218557059764862,0.16109752655029297,0.6804516315460205,3
1771109893432,0.09901145100593567,-0.13360118865966797,0.25957274436950684,3
1771109893534,-0.13713926076889038,-0.3894939422607422,0.22005391120910645,3
1771109893652,0.040742963552474976,0.13446044921875,0.5852077007293701,3
1771109893767,-0.048983603715896606,-0.38005924224853516,0.045510292053222656,3
1771109893868,0.23977109789848328,0.020503997802734375,0.15358352661132812,3
1771109893984,0.3774813115596771,0.18725109100341797,0.6126670837402344,3
1771109894101,-0.26459258794784546,-0.09082984924316406,-0.1055593490600586,3
1771109894219,-0.05680623650550842,0.01399993896484375,0.48081398010253906,3
1771109894335,0.3923814594745636,0.04923248291015625,0.3533940315246582,3
1771109894451,-0.08076021075248718,-0.011393547058105469,0.2006080150604248,3
1771109894568,0.3452311158180237,0.2919044494628906,0.8310151100158691,3
1771109894684,0.018232673406600952,0.16280364990234375,-0.20988774299621582,3
1771109894803,-0.0666804313659668,0.12601470947265625,-0.6707220077514648,3
1771109894929,0.1416117250919342,0.45247364044189453,-0.06220102310180664,3
1771109895035,0.031148284673690796,0.3519325256347656,0.01960587501525879,3
1771109895172,0.0804731547832489,0.24257183074951172,-0.03853130340576172,3
1771109895240,-0.3864879608154297,-0.1308145523071289,-0.6085926294326782,3
1771109895357,-0.07708194851875305,0.16695499420166016,-0.3354606628417969,3
1771109895473,-0.05764801800251007,0.10883331298828125,-0.23800110816955566,3
1771109895586,0.024740606546401978,0.16074275970458984,-0.09701716899871826,3
1771109895703,0.1947196125984192,0.06215667724609375,0.011785030364990234,3
1771109895820,-0.0151776522397995,0.1181793212890625,0.027289390563964844,3
1771109895939,-0.3121073246002197,0.16104888916015625,-0.7000470161437988,3
1771109896054,0.21126358211040497,-0.3232278823852539,-0.18402421474456787,3
1771109896169,0.0017511993646621704,0.2853574752807617,0.2026578187942505,3
1771109896273,-0.012449130415916443,-0.015398025512695312,0.36112141609191895,3
1771109896389,0.21418552100658417,-0.040711402893066406,0.43008434772491455,3
1771109896505,-0.18835529685020447,0.3859748840332031,-0.5274991989135742,3
1771109896623,-0.01134037971496582,-0.13775920867919922,0.282206654548645,3
1771109896740,0.017507895827293396,0.3004341125488281,0.23094558715820312,3
1771109896839,0.1836881935596466,0.026559829711914062,0.679841160774231,3
1771109896940,-0.09756877273321152,0.08258914947509766,-0.41433966159820557,3
1771109897056,-0.06624675542116165,0.21048736572265625,0.20543885231018066,3
1771109897188,-0.3022390604019165,-0.09887313842773438,-1.1183651685714722,3
1771109897272,0.03755364567041397,0.4712867736816406,0.7166540622711182,3
1771109897374,0.05781726911664009,0.022022247314453125,-0.46204352378845215,3
1771109897488,-0.14723336696624756,0.38834285736083984,-0.03706622123718262,3
1771109897591,0.2051425576210022,0.6088705062866211,0.097614586353302,3
1771109897706,-0.2851021885871887,0.23146915435791016,-0.6866245269775391,3
1771109897807,0.22026337683200836,-0.017955780029296875,-0.13141775131225586,3
1771109897925,0.2213412970304489,0.15096378326416016,0.45374369621276855,3
1771109898041,0.5484431982040405,0.1830453872680664,0.7290473580360413,3
1771109898157,0.3164694011211395,-0.13351917266845703,0.25328195095062256,3
1771109898273,0.12694835662841797,0.03220558166503906,0.009899377822875977,3
1771109898375,0.16665828227996826,0.12928009033203125,0.41777902841567993,3
1771109898491,-0.0175836980342865,0.28008174896240234,-0.05026310682296753,3
1771109898593,0.3511483371257782,0.29943370819091797,1.3877804279327393,3
1771109898708,0.22087907791137695,-0.10221290588378906,0.07298362255096436,3
1771109898824,-0.10463219881057739,0.7748222351074219,1.2638094425201416,3
1771109898925,0.7266282439231873,-0.34935474395751953,0.2113361358642578,3
1771109899040,0.1521379053592682,0.5634584426879883,-0.2965931296348572,3
1771109899167,0.33419784903526306,-0.27864933013916016,0.9293885231018066,3
1771109899258,0.41102170944213867,0.10042095184326172,0.34180617332458496,3
1771109899361,0.2074868530035019,-0.09830093383789062,1.2786527872085571,3
1771109899475,0.42164862155914307,-0.04554462432861328,-0.10512590408325195,3
1771109899591,-0.2972898781299591,0.27864742279052734,-1.032893419265747,3
1771109899692,-0.07612806558609009,-0.2121267318725586,-1.058600664138794,3
1771109899811,-0.1891392171382904,0.4479093551635742,-0.4028407335281372,3
1771109899927,-0.13803589344024658,-0.4550495147705078,-1.6757562160491943,3
1771109900048,0.09315091371536255,0.48416805267333984,1.4015464782714844,3
1771109900192,0.26267141103744507,-0.21932125091552734,1.0878123044967651,3
1771109900263,0.29017090797424316,-0.42825984954833984,-0.22097933292388916,3
1771109900377,-0.00358494371175766,-0.04643821716308594,-0.054480671882629395,3
1771109900495,0.3548973500728607,0.09731674194335938,0.3332122564315796,3
1771109900610,-0.14481526613235474,0.7178506851196289,1.056138515472412,3
1771109900711,-0.07246672362089157,-0.30091190338134766,0.47816193103790283,3
1771109900811,0.2582976520061493,-0.23212814331054688,1.0350013971328735,3
1771109900933,0.133786141872406,-0.3044891357421875,1.1116864681243896,3
1771109901044,0.17826814949512482,0.055454254150390625,-0.14072775840759277,3
1771109901145,0.015038501471281052,0.06392192840576172,0.3222590684890747,3
1771109901261,0.0017045177519321442,0.06580543518066406,-0.37743067741394043,3
1771109901378,-0.1979910135269165,0.0008087158203125,-0.025912046432495117,3
1771109901480,0.08466996252536774,-0.10845375061035156,0.475872278213501,3
1771109901595,-0.025185467675328255,-0.3442649841308594,0.4534153938293457,3
1771109901711,0.129097118973732,-0.4571371078491211,1.022495985031128,3
1771109901813,-0.05689122900366783,0.2999076843261719,1.2393938302993774,3
1771109901932,-0.12374106794595718,-0.16602516174316406,0.10713648796081543,3
1771109902045,0.2831212282180786,0.09296131134033203,0.08252668380737305,3
1771109902162,0.08234105259180069,0.06583118438720703,0.031809091567993164,3
1771109902277,0.09557707607746124,-0.6279811859130859,0.956883430480957,3
1771109902380,-0.13030081987380981,-0.2912416458129883,0.42554187774658203,3
1771109902497,0.2962990403175354,-0.09789085388183594,0.4047975540161133,3
1771109902597,-0.23899497091770172,-0.012635231018066406,0.35166215896606445,3
1771109902714,0.1895187497138977,-0.3027820587158203,0.7165648937225342,3
1771109902830,0.44254976511001587,-0.19133758544921875,0.5020089149475098,3
1771109902932,0.4433077573776245,-0.05346393585205078,0.5231080055236816,3
1771109903049,0.3487222194671631,-0.05450439453125,0.5231301784515381,3
1771109903162,0.04941955953836441,0.11726856231689453,0.317901611328125,3
1771109903265,0.27427729964256287,-0.198974609375,0.2786273956298828,3
1771109903382,0.21218779683113098,0.49304866790771484,0.3386704921722412,3
1771109903498,0.48925668001174927,0.13345623016357422,0.26163744926452637,3
1771109903614,-0.29853564500808716,-0.26410961151123047,-0.023169517517089844,3
1771109903736,0.3725384473800659,0.0977630615234375,0.2738230228424072,3
1771109903849,0.28269314765930176,-0.3570699691772461,-0.06370091438293457,3
1771109903965,0.24204044044017792,-0.1396627426147461,0.5073502063751221,3
1771109904066,-0.043950363993644714,0.04593372344970703,0.43212223052978516,3
1771109904193,-0.22264127433300018,-0.36383914947509766,-0.07106781005859375,3
1771109904301,0.4833764433860779,0.5367584228515625,0.39273858070373535,3
1771109904400,0.1644165813922882,0.25270557403564453,-0.039613962173461914,3
1771109904515,-0.4847370386123657,-0.053252220153808594,-0.6777467727661133,3
1771109904618,-0.03664156794548035,0.40616416931152344,-0.0013012886047363281,3
1771109904734,-0.7189999222755432,-0.05550956726074219,-0.8298916816711426,3
1771109904850,-0.2143784761428833,0.18604373931884766,-0.873145341873169,3
1771109904968,-0.06638137996196747,0.25504016876220703,-0.6606817245483398,3
1771109905068,-0.006095394492149353,-0.17359066009521484,-0.019418716430664062,3
1771109905183,-0.4072331488132477,0.0699758529663086,-0.34638309478759766,3
1771109905288,0.7465075850486755,0.07154083251953125,0.40605831146240234,3
1771109905400,0.13582606613636017,-0.12130928039550781,0.0294191837310791,3
1771109905518,0.2111913114786148,0.32851696014404297,0.7224189043045044,3
1771109905635,0.04603235796093941,0.006772041320800781,0.39363789558410645,3
1771109905751,-0.24434340000152588,0.00276947021484375,0.1171865463256836,3
1771109905868,-0.49883437156677246,0.009828567504882812,-0.8928003311157227,3
1771109905968,-0.01594693958759308,0.059935569763183594,-0.0038193464279174805,3
1771109906086,-0.37036633491516113,0.1676340103149414,-1.0879955291748047,3
1771109906199,-0.17522644996643066,-0.09238624572753906,-0.43474841117858887,3
1771109906302,0.6663504242897034,0.25012969970703125,1.0490347146987915,3
1771109906403,-0.5394330024719238,-0.09668254852294922,-1.0632243156433105,3
1771109906519,0.16949063539505005,-0.25742149353027344,0.8423198461532593,3
1771109906637,0.47678500413894653,0.1943378448486328,0.6099687814712524,3
1771109906753,0.02295519784092903,0.1515178680419922,0.628657341003418,3
1771109906871,0.23262766003608704,-0.014880180358886719,0.3140552043914795,3
1771109906985,0.15481284260749817,-0.10596370697021484,0.6804372072219849,3
1771109907106,0.11534826457500458,-0.5108737945556641,1.0021066665649414,3
1771109907219,0.48566922545433044,-0.27318477630615234,0.6354291439056396,3
1771109907337,0.16611763834953308,-0.3649749755859375,0.5097908973693848,3
1771109907453,0.2582864463329315,-0.20908260345458984,0.7760331630706787,3
1771109907573,0.2038787305355072,-0.13164710998535156,0.4875304698944092,3
1771109907690,-0.2281421422958374,-0.15601825714111328,0.40077996253967285,3
1771109907804,0.3248142600059509,0.08237361907958984,0.5343341827392578,3
1771109907934,0.4430670440196991,-0.18138790130615234,0.3991730213165283,3
1771109908020,0.19947019219398499,0.30056190490722656,0.2801473140716553,3
1771109908146,0.1914270669221878,-0.15029525756835938,0.5069906711578369,3
1771109908256,0.017472177743911743,0.06299972534179688,-0.0038805007934570312,3
1771109908376,0.026375971734523773,0.25824546813964844,0.04737973213195801,3
1771109908488,-0.20702993869781494,-0.07450485229492188,0.23294878005981445,3
1771109908589,-0.022366955876350403,0.020361900329589844,-0.1747901439666748,3
1771109908707,0.199258953332901,-0.1311330795288086,0.03608965873718262,3
1771109908821,-0.2536832094192505,-0.27939319610595703,0.041539907455444336,3
1771109908939,0.3053073585033417,0.12305736541748047,0.7959530353546143,3
1771109909059,0.1752023845911026,-0.36871337890625,0.08474040031433105,3
1771109909172,-0.2905436158180237,0.02940654754638672,0.16953706741333008,3
1771109909272,0.26257556676864624,0.036993980407714844,0.15784001350402832,3
1771109909390,0.2701539099216461,-0.37887096405029297,0.01670980453491211,3
1771109909506,-0.07605276256799698,0.13347530364990234,0.5836081504821777,3
1771109909606,0.13340307772159576,0.20963382720947266,0.07761263847351074,3
1771109909723,0.11089146882295609,0.5165834426879883,0.2288987636566162,3
1771109909840,-0.15419039130210876,-0.15991687774658203,-0.22996783256530762,3
1771109909940,0.43513309955596924,-0.5367021560668945,0.18302369117736816,3
1771109910056,-0.012107672169804573,0.6280860900878906,-0.08330559730529785,3
1771109910213,-0.05351833999156952,-0.15183544158935547,-0.31715524196624756,3
1771109910290,0.4189206063747406,-0.30819034576416016,0.6068103313446045,3
1771109910408,-0.2108798623085022,-0.10373783111572266,0.5876905918121338,3
1771109910523,0.19079414010047913,-0.3635997772216797,-0.17776846885681152,3
1771109910625,-0.09999420493841171,0.495941162109375,0.24906706809997559,3
1771109910740,0.04370827227830887,0.15891647338867188,0.18005061149597168,3
1771109910843,-0.28688907623291016,0.005611419677734375,-0.9741007089614868,3
1771109910960,-0.010802634991705418,0.38414955139160156,-0.3840665817260742,3
1771109911076,-0.20350155234336853,-0.14055538177490234,-0.23288178443908691,3
1771109911191,-0.4075450897216797,0.4167337417602539,-0.47170376777648926,3
1771109911311,-0.3004765808582306,0.1675872802734375,-0.733068585395813,3
1771109911428,-0.1822838932275772,0.3058767318725586,-0.4302375316619873,3
1771109911544,-0.2042912393808365,0.0815725326538086,-0.21533739566802979,3
1771109911659,0.059333689510822296,0.13510513305664062,-0.7531715631484985,3
1771109911776,-0.1384660303592682,0.1589975357055664,-0.5995596647262573,3
1771109911877,0.018795542418956757,-0.3062305450439453,-0.23766326904296875,3
1771109911992,0.05904228985309601,0.1034708023071289,0.16681349277496338,3
1771109912110,-0.21252010762691498,0.17542457580566406,-0.5289174318313599,3
1771109912227,0.11440138518810272,-0.03374671936035156,0.18132925033569336,3
1771109912327,-0.10134553909301758,0.19210433959960938,-0.2818993330001831,3
1771109912428,-0.10094983130693436,-0.032505035400390625,0.004999399185180664,3
1771109912543,-0.20060229301452637,0.03459453582763672,-0.4865579605102539,3
1771109912660,-0.1350802481174469,0.28572654724121094,-0.4930919408798218,3
1771109912777,-0.02851443737745285,0.044918060302734375,-0.09766590595245361,3
1771109912877,0.17024670541286469,0.17812252044677734,0.0321049690246582,3
1771109912980,0.166704922914505,0.1085052490234375,-0.06783795356750488,3
1771109913094,-0.3257797360420227,0.4792137145996094,-0.29128754138946533,3
1771109913194,0.06007137894630432,-0.333251953125,0.06791138648986816,3
1771109913311,0.3297245502471924,-0.0818319320678711,0.007089495658874512,3
1771109913430,0.059739820659160614,0.28115177154541016,0.29901909828186035,3
1771109913546,-0.2144889235496521,-0.1368885040283203,-0.9918849468231201,3
1771109913664,0.07847488671541214,0.1812419891357422,0.45789778232574463,3
1771109913763,0.14477373659610748,0.2178506851196289,0.40247416496276855,3
1771109913879,-0.09430959820747375,-0.21492862701416016,0.3044391870498657,3
1771109913982,0.044502779841423035,-0.05428504943847656,-0.6912932395935059,3
1771109914105,0.5994817018508911,0.05560016632080078,0.15446746349334717,3
1771109914290,-0.10607095062732697,0.007161140441894531,0.2853277921676636,3
1771109914317,-0.29003411531448364,0.19043922424316406,-1.079451560974121,3
1771109914413,0.0902201384305954,-0.13951778411865234,0.7721585035324097,3
1771109914529,-0.11306992173194885,0.10820865631103516,-0.8476184010505676,3
1771109914630,0.4161148965358734,-0.08460140228271484,0.324288010597229,3
1771109914747,-0.06216929852962494,-0.3400421142578125,-0.0249481201171875,3
1771109914863,-0.08380581438541412,0.43149566650390625,0.3345731496810913,3
1771109914983,0.3341115713119507,-0.3751869201660156,0.07313692569732666,3
1771109915103,0.05091819912195206,0.19383907318115234,0.8790936470031738,3
1771109915215,-0.29040879011154175,-0.19422054290771484,-0.3044933080673218,3
1771109915314,-0.028873346745967865,0.3940086364746094,-0.6498531103134155,3
1771109915430,-0.11737581342458725,0.4965333938598633,-0.48833465576171875,3
1771109915533,0.15698084235191345,-0.43972206115722656,0.39615893363952637,3
1771109915648,0.01276523619890213,0.6942405700683594,-0.05972433090209961,3
1771109915748,0.16187958419322968,-0.5032777786254883,-0.11829638481140137,3
1771109915864,0.5754992365837097,-0.039963722229003906,0.976800799369812,3
1771109915971,-0.40338242053985596,0.09398269653320312,-0.4791186451911926,3
1771109916081,-0.05137594789266586,0.12134075164794922,0.02047586441040039,3
1771109916249,0.4362397789955139,-0.25281238555908203,0.701339840888977,3
1771109916319,0.033489421010017395,0.1543445587158203,-0.10068535804748535,3
1771109916417,0.3239004909992218,-0.2899494171142578,0.3353266716003418,3
1771109916533,0.016803346574306488,0.20348358154296875,-0.3535792827606201,3
1771109916649,0.5524347424507141,0.03132057189941406,0.9860827922821045,3
1771109916768,-0.008046992123126984,-0.2294635772705078,-0.18487548828125,3
1771109916882,0.35041356086730957,0.04310035705566406,1.5561705827713013,3
1771109916985,0.2871059775352478,0.012791633605957031,-0.4677731990814209,3
1771109917104,-0.23163121938705444,-0.17113971710205078,-0.6499061584472656,3
1771109917228,-0.019506439566612244,0.3440876007080078,0.04417216777801514,3
1771109917337,0.10213713347911835,-0.08393669128417969,0.0162888765335083,3
1771109917435,0.3646380603313446,-0.10846614837646484,0.3543415069580078,3
1771109917551,-0.24500328302383423,-0.1896495819091797,0.4251582622528076,3
1771109917669,0.23264259099960327,-0.23807907104492188,0.03881692886352539,3
1771109917785,0.11213342100381851,0.26459693908691406,0.14605140686035156,3
1771109917901,0.149702787399292,-0.4124326705932617,0.2779808044433594,3
1771109918001,0.21575888991355896,-0.14039897918701172,0.04487144947052002,3
1771109918118,0.21149030327796936,0.3615455627441406,0.00270843505859375,3
1771109918236,-0.17079676687717438,-0.4133110046386719,-0.5407525300979614,3
1771109918352,-0.15249848365783691,0.17032146453857422,-0.26279640197753906,3
1771109918452,0.08211607486009598,0.14741897583007812,-0.012628674507141113,3
1771109918571,0.13851705193519592,0.2388916015625,-0.15442121028900146,3
1771109918686,0.4344187378883362,0.4254903793334961,0.6228206157684326,3
1771109918804,0.10854268819093704,0.47217369079589844,0.38762736320495605,3
1771109918921,-0.15374962985515594,-0.8037033081054688,0.7096556425094604,3
1771109919021,-0.04677745699882507,-0.23796749114990234,0.07149291038513184,3
1771109919165,0.423563688993454,-0.31427764892578125,0.6142911911010742,3
1771109919237,-0.4374343752861023,-0.0501251220703125,0.11891794204711914,3
1771109919355,0.09600098431110382,0.055838584899902344,0.7167613506317139,3
1771109919469,0.24444971978664398,-0.09789466857910156,0.39077281951904297,3
1771109919570,0.05873832106590271,0.1495199203491211,0.2931556701660156,3
1771109919688,0.21480506658554077,0.28730106353759766,-0.21901702880859375,3
1771109919804,-0.30038440227508545,-0.10727691650390625,0.3936467170715332,3
1771109919921,-0.4523985981941223,-0.12419509887695312,0.019639253616333008,3
1771109920021,0.11450037360191345,-0.1147317886352539,0.29965782165527344,3
1771109920137,0.06799430400133133,0.05702495574951172,-0.24607157707214355,3
1771109920254,0.22758027911186218,0.22201061248779297,0.17914438247680664,3
1771109920355,-0.03328689932823181,-0.04702186584472656,-0.1854095458984375,3
1771109920457,0.20760202407836914,0.1804332733154297,-0.6611119508743286,3
1771109920572,-0.01213683933019638,-0.11761951446533203,-0.5496840476989746,3
1771109920688,-0.07577811181545258,0.2022991180419922,-0.34891295433044434,3
1771109920790,0.0496334508061409,0.15502357482910156,-0.4241065979003906,3
1771109920906,0.0034399330615997314,-0.12826156616210938,-0.3057370185852051,3
1771109921021,-0.11535374820232391,0.5249490737915039,-0.024817228317260742,3
1771109921169,0.052168674767017365,-0.193115234375,-0.7314654588699341,3
1771109921239,-0.459276020526886,-0.004586219787597656,-0.6277096271514893,3
1771109921355,0.2031649947166443,0.06267929077148438,0.39867329597473145,3
1771109921458,0.114617258310318,0.24413394927978516,-0.3411107063293457,3
1771109921572,0.052003055810928345,0.31299400329589844,0.10751962661743164,3
1771109921674,-0.24476292729377747,0.057468414306640625,-0.23265290260314941,3
1771109921774,-0.14920859038829803,0.24639892578125,-0.8398729562759399,3
1771109921893,0.06176044046878815,0.48317432403564453,-0.7021900415420532,3
1771109922006,-0.22139807045459747,0.07156562805175781,-0.6457184553146362,3
1771109922124,0.3223593831062317,0.8329887390136719,0.327359676361084,3
1771109922224,0.13840100169181824,-0.6584501266479492,0.37719225883483887,3
1771109922341,-0.24550895392894745,0.16356754302978516,-0.29085874557495117,3
1771109922461,0.03381261229515076,0.24536800384521484,0.09089779853820801,3
1771109922577,0.03891757130622864,-0.23799705505371094,-0.31174182891845703,3
1771109922691,-0.13702410459518433,-0.1332874298095703,-0.45934247970581055,3
1771109922810,0.10761436820030212,0.1281757354736328,-0.9299851655960083,3
1771109922925,0.8412585854530334,0.5297489166259766,0.7988598346710205,3
1771109923042,-0.31268754601478577,-0.39671993255615234,-0.43721532821655273,3
1771109923188,-0.011823922395706177,0.24587345123291016,-0.23795080184936523,3
1771109923275,0.00815419852733612,-0.08973312377929688,-0.7222223281860352,3
1771109923376,0.15275296568870544,-0.027978897094726562,-0.13438153266906738,3
1771109923476,0.09265825152397156,0.1427021026611328,-0.07812118530273438,3
1771109923592,-0.21275602281093597,-0.1591329574584961,0.3745245933532715,3
1771109923709,0.23716717958450317,-0.055187225341796875,0.528801679611206,3
1771109923826,0.32682037353515625,-0.06576919555664062,0.5936458110809326,3
1771109923927,0.1834978461265564,-0.10530757904052734,0.8735873699188232,3
1771109924043,0.05222867429256439,-0.5692739486694336,0.3980705738067627,3
1771109924173,-0.16524231433868408,-0.13402843475341797,0.9333736896514893,3
1771109924275,0.018971353769302368,-0.2212209701538086,0.03839898109436035,3
1771109924377,0.38930875062942505,-0.3194866180419922,0.10809016227722168,3
1771109924493,-0.09761208295822144,0.3106050491333008,0.01650714874267578,3
1771109924595,-0.5393886566162109,-0.19179439544677734,0.14374089241027832,3
1771109924711,0.19686806201934814,-0.43364524841308594,0.8004436492919922,3
1771109924811,-0.10779786109924316,0.1382284164428711,0.40946435928344727,3
1771109924911,0.3106275200843811,0.18178939819335938,-0.11326241493225098,3
1771109925027,-0.011872708797454834,0.23956012725830078,0.3805093765258789,3
1771109925144,0.16856208443641663,0.2769050598144531,0.5837986469268799,3
1771109925246,-0.14952252805233002,-0.09737014770507812,-0.16704249382019043,3
1771109925362,-0.20915831625461578,0.20365238189697266,-0.33643579483032227,3
1771109925478,0.030407309532165527,0.08336544036865234,0.0988771915435791,3
1771109925579,-0.18746674060821533,-0.30787181854248047,-0.19447040557861328,3
1771109925695,-0.03281208872795105,-0.02344799041748047,0.1930217742919922,3
1771109925795,-0.004546910524368286,-0.3113412857055664,-0.21878457069396973,3
1771109925911,-0.1391245722770691,0.17355728149414062,-0.05816006660461426,3
1771109926015,0.03607279062271118,0.196075439453125,-0.23515677452087402,3
1771109926128,0.20598693192005157,0.14339351654052734,0.09725189208984375,3
1771109926257,0.057662397623062134,-0.030312538146972656,0.5318357944488525,3
1771109926365,-0.15925565361976624,-0.07106494903564453,-0.9376695156097412,3
1771109926482,0.2264755666255951,0.1481485366821289,0.360166072845459,3
1771109926597,-0.2896960377693176,-0.32587718963623047,0.1535940170288086,3
1771109926714,-0.058659523725509644,0.3310708999633789,-0.2024625539779663,3
1771109926830,-0.23284709453582764,-0.3488655090332031,-0.5555649995803833,3
1771109926981,0.08422553539276123,0.5006637573242188,0.4593479633331299,3
1771109927064,0.060711562633514404,0.4350118637084961,0.09734201431274414,3
1771109927179,-0.11362811923027039,0.057712554931640625,0.3887763023376465,3
1771109927281,0.12767349183559418,0.07883358001708984,0.2841160297393799,3
1771109927401,-0.00013053417205810547,0.16698646545410156,-0.05169677734375,3
1771109927515,0.3291630744934082,-0.16611480712890625,0.0005266666412353516,3
1771109927614,0.14083829522132874,-0.101837158203125,0.5992202758789062,3
1771109927731,0.23532509803771973,0.20400619506835938,0.4341859817504883,3
1771109927848,0.3486219346523285,0.3354835510253906,0.3344740867614746,3
1771109927975,0.25974059104919434,0.005066871643066406,0.4293246269226074,3
1771109928083,-0.14030569791793823,-0.08602714538574219,0.056905269622802734,3
1771109928208,-0.1460641324520111,0.23379993438720703,-0.12255263328552246,3
1771109928316,-0.10885760188102722,-0.4366788864135742,-0.13194584846496582,3
1771109928434,-0.2703869640827179,0.11320114135742188,0.3160552978515625,3
1771109928532,0.2534120976924896,-0.18062973022460938,0.023191213607788086,3
1771109928649,0.08814728260040283,-0.29029178619384766,0.270143985748291,3
1771109928749,0.04173240065574646,-0.13178730010986328,0.004895925521850586,3
1771109928866,0.32263070344924927,0.047471046447753906,1.3518362045288086,3
1771109928986,0.20872119069099426,-0.05364799499511719,1.1227357387542725,3
1771109929100,-0.3106410801410675,-0.13468360900878906,0.1807708740234375,3
1771109929218,-0.18687468767166138,-0.3907642364501953,-0.18305611610412598,3
1771109929333,0.19256383180618286,-0.12396717071533203,0.5113446712493896,3
1771109929435,0.27496740221977234,0.27978992462158203,0.3573882579803467,3
1771109929550,-0.023685544729232788,-0.2969350814819336,-0.044942378997802734,3
1771109929654,-0.03052312135696411,0.10116767883300781,-0.2234358787536621,3
1771109929767,0.3670516610145569,-0.17545795440673828,-0.22028779983520508,3
1771109929885,0.09666772186756134,-0.2036418914794922,-0.011744499206542969,3
1771109930002,-0.3362119793891907,0.23536968231201172,-0.10124588012695312,3
1771109930119,-0.3150021433830261,0.043811798095703125,0.10249471664428711,3
1771109930279,0.2812458574771881,0.14201068878173828,0.27593517303466797,3
1771109930351,0.08778202533721924,-0.14085769653320312,-0.4642801284790039,3
1771109930453,-0.2734387218952179,0.13863658905029297,-0.17724108695983887,3
1771109930568,-0.4069051146507263,0.02884674072265625,-0.20970988273620605,3
1771109930685,-0.09824347496032715,0.09351062774658203,-0.22826099395751953,3
1771109930801,-0.2654973864555359,-0.1313772201538086,0.0637521743774414,3
1771109930902,0.17956027388572693,0.05029582977294922,0.27217769622802734,3
1771109931008,0.1433967500925064,0.43222618103027344,0.19532346725463867,3
1771109931123,0.014782130718231201,-0.501093864440918,-0.4151221513748169,3
1771109931237,0.34480020403862,-0.03082275390625,0.01582789421081543,3
1771109931353,-0.03641059994697571,-0.4537086486816406,0.013111114501953125,3
1771109931475,0.14180655777454376,-0.0826120376586914,0.21090102195739746,3
1771109931587,-0.4096587896347046,-0.19785499572753906,-0.9463028907775879,3
1771109931704,-0.25651809573173523,0.11470222473144531,0.03704571723937988,3
1771109931821,0.09296482801437378,0.13474750518798828,0.6465492248535156,3
1771109931937,-0.11194238066673279,0.3152761459350586,0.13309252262115479,3
1771109932053,0.277539998292923,-0.1479930877685547,0.03325378894805908,3
1771109932173,-0.07648268342018127,0.16009998321533203,-0.38907814025878906,3
1771109932287,-0.017131000757217407,-0.16019058227539062,-0.8180878162384033,3
1771109932404,-0.0030318498611450195,-0.06745243072509766,-0.9042246341705322,3
1771109932520,-0.07823255658149719,-0.08710002899169922,-0.959399402141571,3
1771109932624,0.06530678272247314,0.21272850036621094,0.4970541000366211,3
1771109932737,-0.0793074369430542,0.15129470825195312,-0.36787939071655273,3
1771109932838,-0.12140029668807983,-0.21854591369628906,-0.33602917194366455,3
1771109932998,0.046777427196502686,0.06785392761230469,-0.23076069355010986,3
1771109933076,-0.12589719891548157,-0.08161544799804688,0.3119771480560303,3
1771109933187,0.3727680444717407,0.12373828887939453,-0.041776418685913086,3
1771109933289,-0.2649294435977936,0.013783454895019531,-0.3814777135848999,3
1771109933405,0.33249378204345703,0.06247711181640625,0.18942999839782715,3
1771109933506,0.24406665563583374,0.10268592834472656,-0.048531532287597656,3
1771109933622,-0.31814345717430115,-0.6491422653198242,0.34140539169311523,3
1771109933738,0.22972804307937622,0.03949260711669922,0.6013226509094238,3
1771109933840,0.48120808601379395,0.17782878875732422,0.6081984043121338,3
1771109933990,0.08361431956291199,-0.12266063690185547,-0.1386582851409912,3
1771109934074,0.15590153634548187,-0.09606170654296875,0.3781404495239258,3
1771109934219,0.33171311020851135,0.09678936004638672,0.42023587226867676,3
1771109934305,-0.043476641178131104,-0.15938282012939453,0.17972111701965332,3
1771109934424,0.08488082885742188,-0.5516424179077148,0.2738640308380127,3
1771109934523,0.33957362174987793,0.30214595794677734,-0.07683610916137695,3
1771109934639,-0.09030762314796448,0.6202068328857422,0.33457493782043457,3
1771109934756,0.06072840094566345,0.28276824951171875,-0.4744584560394287,3
1771109934875,-0.03898981213569641,0.5681486129760742,-0.20266103744506836,3
1771109934990,0.11915424466133118,0.12015438079833984,0.15472793579101562,3
1771109935107,0.045377910137176514,-0.06875419616699219,-0.6482894420623779,3
1771109935207,-0.17066103219985962,0.18053054809570312,-0.2224442958831787,3
1771109935310,-0.2546883225440979,-0.39267635345458984,-0.3438456058502197,3
1771109935426,-0.0571138858795166,0.06829643249511719,0.18934941291809082,3
1771109935541,-0.4577050507068634,-0.14387130737304688,-0.2986881732940674,3
1771109935659,0.061062946915626526,0.45743846893310547,0.9908814430236816,3
1771109935760,0.06474509835243225,0.003692626953125,0.668179988861084,3
1771109935875,-0.0817488431930542,-0.1855306625366211,-0.3365590572357178,3
1771109936003,-0.2949962317943573,0.24001026153564453,-0.30071187019348145,3
1771109936092,0.3594799339771271,-0.13439655303955078,0.05079984664916992,3
1771109936208,0.1649596244096756,-0.3560619354248047,0.41208767890930176,3
1771109936313,0.4090370535850525,0.3509025573730469,0.19986629486083984,3
1771109936425,-0.3695142865180969,0.36595916748046875,-0.7873024940490723,3
1771109936527,0.04769867658615112,-0.28533458709716797,-0.22797393798828125,3
1771109936632,-0.1414622962474823,-0.13411998748779297,-0.07994198799133301,3
1771109936743,-0.32799220085144043,0.04959678649902344,-0.2842719554901123,3
1771109936859,-0.017372429370880127,0.09395122528076172,0.3673539161682129,3
1771109937003,0.07055950164794922,-0.2624702453613281,-0.30585145950317383,3
1771109937096,0.23908622562885284,-0.011007308959960938,-0.30529165267944336,3
1771109937224,0.271719753742218,0.3557710647583008,0.5551378726959229,3
1771109937313,0.10608412325382233,0.12985610961914062,0.560917854309082,3
1771109937427,-0.04523417353630066,-0.15388870239257812,0.0718076229095459,3
1771109937528,0.015315502882003784,0.18472576141357422,0.5038909912109375,3
1771109937645,-0.3500094711780548,-0.3372383117675781,-0.4777345657348633,3
1771109937763,0.03964167833328247,0.1580648422241211,0.5314149856567383,3
1771109937878,0.16138292849063873,-0.05925273895263672,0.07126832008361816,3
1771109937995,0.4845704138278961,0.40282344818115234,1.0545530319213867,3
1771109938099,0.077801913022995,-0.1711111068725586,0.3321371078491211,3
1771109938197,-0.04462188482284546,-0.06415843963623047,-0.18468666076660156,3
1771109938314,0.37325578927993774,0.40967559814453125,-0.11799836158752441,3
1771109938429,-0.32843923568725586,-0.11405754089355469,-0.5652461051940918,3
1771109938546,-0.0558738112449646,0.02262592315673828,0.5071184635162354,3
1771109938663,-0.10786473751068115,0.13991641998291016,0.08415436744689941,3
1771109938793,0.1617547571659088,-0.249542236328125,0.29932665824890137,3
1771109938881,-0.16300204396247864,0.06925201416015625,0.11073470115661621,3
1771109939010,-0.010928243398666382,-0.34949588775634766,0.322404146194458,3
1771109939099,-0.07503452897071838,0.4880800247192383,-0.29637598991394043,3
1771109939215,-0.29245027899742126,-0.09238147735595703,-0.37360262870788574,3
1771109939314,0.3065786063671112,0.1416149139404297,0.815138578414917,3
1771109939414,0.3297661542892456,-0.27440357208251953,1.0173518657684326,3
1771109939531,0.037196606397628784,-0.08287620544433594,0.5055952072143555,3
1771109939647,0.12857553362846375,-0.3419618606567383,0.22192120552062988,3
1771109939748,-0.21412597596645355,-0.07633399963378906,0.22378230094909668,3
1771109939864,-0.16487741470336914,-0.09146308898925781,0.1405482292175293,3
1771109939998,0.2353227138519287,-0.16161251068115234,0.7636818885803223,3
1771109940098,0.1708214282989502,-0.26699161529541016,0.9026625156402588,3
1771109940199,0.10235273838043213,0.0022106170654296875,0.6481316089630127,3
1771109940316,0.12474354356527328,-0.167083740234375,0.2998924255371094,3
1771109940435,0.48810961842536926,0.2333850860595703,0.5816912651062012,3
1771109940549,-0.15882928669452667,-0.01681995391845703,-0.13010740280151367,3
1771109940665,-0.13801193237304688,0.05154991149902344,0.3496685028076172,3
1771109940784,-0.16347208619117737,0.11926651000976562,-0.08544206619262695,3
1771109940885,0.4271218776702881,-0.36101722717285156,0.46854710578918457,3
1771109941011,-0.4364902377128601,0.05520820617675781,0.12586092948913574,3
1771109941116,-0.36007726192474365,0.03996562957763672,0.13625597953796387,3
1771109941234,-0.6114587783813477,0.05097389221191406,0.29686784744262695,3
1771109941351,0.1987515091896057,0.10731983184814453,0.3524460792541504,3
1771109941468,-0.1990606188774109,-0.00164031982421875,-0.10975766181945801,3
1771109941583,-0.2007090002298355,0.1459646224975586,0.4947543144226074,3
1771109941701,0.10521756112575531,-0.05498981475830078,-0.002135038375854492,3
1771109941816,0.36977869272232056,0.14524459838867188,-0.14151668548583984,3
1771109941934,-0.576168417930603,0.25461292266845703,-0.13746953010559082,3
1771109942050,0.21759074926376343,0.2276010513305664,-0.08946347236633301,3
1771109942176,0.060001030564308167,0.06543350219726562,0.20133161544799805,3
1771109942287,-0.6196903586387634,0.3063783645629883,-0.15125393867492676,3
1771109942401,-0.027480319142341614,0.2205038070678711,-0.025771141052246094,3
1771109942519,0.3686886429786682,0.07603645324707031,-0.05142402648925781,3
1771109942635,-0.3560147285461426,0.2333364486694336,-0.47286176681518555,3
1771109942752,0.09076029062271118,0.36163902282714844,-0.8311984539031982,3
1771109942869,-0.38794752955436707,0.33041954040527344,-0.6248393058776855,3
1771109943021,-0.2290205955505371,0.1449565887451172,-0.09288263320922852,3
1771109943103,-0.4696962833404541,0.08218574523925781,-0.5952780246734619,3
1771109943219,-0.058228492736816406,-0.0732259750366211,0.09411001205444336,3
1771109943337,-0.15154030919075012,0.18626880645751953,-0.3672342300415039,3
1771109943452,-0.3291015923023224,0.2634134292602539,-0.6684954166412354,3
1771109943554,0.3121022582054138,0.06940269470214844,0.16939544677734375,3
1771109943670,-0.006651103496551514,0.21523189544677734,-0.38295507431030273,3
1771109943790,0.02378019690513611,-0.05451393127441406,0.016675710678100586,3
1771109943903,-0.09235048294067383,0.21625328063964844,-0.40122413635253906,3
1771109944021,-0.2937979996204376,0.1265726089477539,-0.3456435203552246,3
1771109944137,0.30593109130859375,0.11395931243896484,0.00460052490234375,3
1771109944253,-0.0660029947757721,0.18870830535888672,-0.3997466564178467,3
1771109944371,-0.00861126184463501,-0.09674358367919922,0.11853718757629395,3
1771109944491,-0.028398990631103516,0.15340518951416016,-0.5287716388702393,3
1771109944604,-0.2363191545009613,0.20617389678955078,-0.14437437057495117,3
1771109944721,0.3217312693595886,0.0769033432006836,-0.061571359634399414,3
1771109944823,0.2488391101360321,-0.09958457946777344,-0.24407219886779785,3
1771109944939,0.30458539724349976,0.035653114318847656,0.11407732963562012,3
1771109945041,-0.4059012234210968,0.32071781158447266,-0.6110646724700928,3
1771109945159,0.2562119662761688,-0.004221916198730469,0.0997161865234375,3
1771109945255,0.3005356192588806,-0.06531620025634766,0.09549665451049805,3
1771109945372,0.12890636920928955,0.09805488586425781,-0.4486372470855713,3
1771109945487,-0.28415051102638245,-0.0580291748046875,-0.2979705333709717,3
1771109945591,-0.13259610533714294,0.1224527359008789,-0.07535028457641602,3
1771109945711,-0.04017156362533569,0.15184879302978516,-0.3133544921875,3
1771109945823,0.520611047744751,0.09976005554199219,-0.20442986488342285,3
1771109945942,0.0617411732673645,0.07587623596191406,-0.02075815200805664,3
1771109946039,0.20247402787208557,-0.027246475219726562,-0.44357383251190186,3
1771109946158,-0.32750263810157776,0.02080249786376953,-0.5165783166885376,3
1771109946258,0.6362728476524353,-0.04746532440185547,0.2704427242279053,3
1771109946373,0.49614083766937256,0.08132553100585938,-0.02468276023864746,3
1771109946491,0.3467634320259094,0.09715652465820312,-0.23323917388916016,3
1771109946609,-0.30586254596710205,0.1323385238647461,-0.2483210563659668,3
1771109946724,-0.0921100378036499,0.19269752502441406,-0.10152983665466309,3
1771109946843,-0.5478338599205017,0.008984565734863281,-0.39308857917785645,3
1771109946941,0.5609759092330933,-0.04826068878173828,-0.17022132873535156,3
1771109947057,0.6116247773170471,-0.1899862289428711,0.053143978118896484,3
1771109947175,0.4430604577064514,-0.03826332092285156,0.2800631523132324,3
1771109947291,0.4854101240634918,0.12109756469726562,-0.15078067779541016,3
1771109947411,0.5816506147384644,-0.10622692108154297,-0.2975273132324219,3
1771109947524,0.4506310820579529,-0.11271095275878906,0.09084248542785645,3
1771109947643,-0.07354354858398438,0.19140338897705078,-0.1048734188079834,3
1771109947758,0.11849826574325562,0.17969322204589844,-0.1951216459274292,3
1771109947880,-0.1693946123123169,0.139801025390625,-0.7582153081893921,3
1771109948005,-0.08410120010375977,0.019353866577148438,-0.5749702453613281,3
1771109948111,0.14455032348632812,0.4527101516723633,-0.37375664710998535,3
1771109948225,0.2244482934474945,0.5033750534057617,-0.2010645866394043,3
1771109948326,0.1258927583694458,0.23217487335205078,-0.6574785709381104,3
1771109948444,0.0070716142654418945,0.20420551300048828,-0.5249887704849243,3
1771109948559,0.16575002670288086,0.2611227035522461,-0.48510634899139404,3
1771109948677,0.02805507183074951,0.10535430908203125,-0.3844122886657715,3
1771109948792,-0.2434138059616089,-0.018075942993164062,-0.41724932193756104,3
1771109948893,-0.01579725742340088,0.14796829223632812,-0.07030797004699707,3
1771109949021,0.12140339612960815,-0.009548187255859375,0.0826272964477539,3
1771109949126,0.00939798355102539,0.0657196044921875,-0.3141521215438843,3
1771109949229,-0.17397552728652954,-0.027202606201171875,-0.38628125190734863,3
1771109949344,-0.036461591720581055,0.3748807907104492,-0.0034627914428710938,3
1771109949460,-0.13469982147216797,0.19995498657226562,-0.6273101568222046,3
1771109949577,-0.1346445083618164,0.022721290588378906,-0.530166506767273,3
1771109949679,0.044766247272491455,0.11395454406738281,0.04711747169494629,3
1771109949808,0.20211973786354065,-0.028863906860351562,0.2648484706878662,3
1771109949898,-0.16789168119430542,-0.1512460708618164,-0.5626236200332642,3
1771109950014,-0.061628520488739014,0.1072397232055664,0.09380912780761719,3
1771109950149,0.07620522379875183,-0.07204914093017578,0.10088813304901123,3
1771109950231,-0.06952887773513794,0.2173137664794922,-0.31665098667144775,3
1771109950349,0.12449732422828674,0.020859718322753906,0.33319127559661865,3
1771109950461,0.0472179651260376,0.03832817077636719,0.5812199115753174,3
1771109950564,-0.06888717412948608,0.03869056701660156,-0.44630980491638184,3
1771109950680,0.15204262733459473,0.09311103820800781,-0.9742322564125061,3
1771109950779,-0.009020447731018066,0.1983776092529297,0.16834604740142822,3
1771109950883,0.22394996881484985,-0.12056541442871094,0.7334587574005127,3
1771109951011,0.11714154481887817,0.13576030731201172,-0.6307493448257446,3
1771109951116,-0.28712475299835205,0.018095016479492188,0.005196094512939453,3
1771109951213,0.05453848838806152,-0.0006418228149414062,-0.865311861038208,3
1771109951329,-0.15858197212219238,-0.09854698181152344,-0.7262303829193115,3
1771109951448,0.2667528986930847,0.23891735076904297,0.40270066261291504,3
1771109951563,-0.18161755800247192,0.03200054168701172,0.12104475498199463,3
1771109951664,0.21753889322280884,0.5129604339599609,0.1548386812210083,3
1771109951780,-0.059424519538879395,0.30109500885009766,-0.34118276834487915,3
1771109951881,0.06512999534606934,-0.022263526916503906,-0.34691572189331055,3
1771109952010,-0.015510022640228271,0.35746002197265625,0.3733789920806885,3
1771109952083,-0.1601942777633667,0.38537120819091797,0.3200565576553345,3
1771109952197,0.2382935881614685,0.2502422332763672,0.24810373783111572,3
1771109952315,0.3846884071826935,-0.0699472427368164,0.6653679609298706,3
1771109952433,0.04174727201461792,-0.17497825622558594,0.3563891649246216,3
1771109952531,0.42887991666793823,0.06967830657958984,0.1703493595123291,3
1771109952648,-0.2456154227256775,-0.13288307189941406,1.0260511636734009,3
1771109952748,0.4270557165145874,0.12118721008300781,-0.25571274757385254,3
1771109952866,0.26972270011901855,0.2629203796386719,-0.20183098316192627,3
1771109953021,0.15575024485588074,0.1432476043701172,-0.46624934673309326,3
1771109953099,0.009621918201446533,0.1748189926147461,-0.2909088134765625,3
1771109953200,-0.10166776180267334,-0.21317386627197266,0.3745124340057373,3
1771109953317,0.5596994161605835,-0.1434326171875,1.0343685150146484,3
1771109953435,0.1419299840927124,-0.4916830062866211,-0.2352278232574463,3
1771109953535,-0.27281326055526733,0.25236034393310547,0.4318819046020508,3
1771109953651,0.06590235233306885,0.11204719543457031,0.35410213470458984,3
1771109953767,0.06793352961540222,-0.34722232818603516,-0.5308533906936646,3
1771109953867,-0.05753546953201294,0.20938682556152344,0.8079366683959961,3
1771109954016,0.07572376728057861,0.23079872131347656,0.23317945003509521,3
1771109954101,0.07610204815864563,-0.28374385833740234,-0.8037467002868652,3
1771109954211,0.08067351579666138,0.20531082153320312,-0.3233550786972046,3
1771109954317,0.04248976707458496,0.008099555969238281,-0.401131272315979,3
1771109954436,-0.1451548933982849,-0.5460357666015625,-0.2602972984313965,3
1771109954555,0.18009480834007263,0.2072582244873047,-0.39452064037323,3
1771109954668,0.24378344416618347,-0.22710704803466797,0.7555211782455444,3
1771109954784,-0.19089221954345703,0.11073780059814453,-0.9838513731956482,3
1771109954886,0.6279553174972534,0.19286823272705078,0.6467390060424805,3
1771109955028,0.07616612315177917,-0.20950794219970703,-0.15604889392852783,3
1771109955117,-0.07120200991630554,0.3214559555053711,0.10659575462341309,3
1771109955219,-0.4655870795249939,-0.44480419158935547,0.013045787811279297,3
1771109955335,0.5444021224975586,-0.49362850189208984,0.8141769170761108,3
1771109955444,0.2896462082862854,0.06650829315185547,0.4892469644546509,3
1771109955554,-0.08001938462257385,0.14540958404541016,-0.1890714168548584,3
1771109955669,0.18727299571037292,0.19716644287109375,0.4292227029800415,3
1771109955787,-0.05491971969604492,0.20008373260498047,-0.17934441566467285,3
1771109955887,-0.4707736670970917,-0.24689102172851562,-0.2405707836151123,3
1771109956017,0.023429781198501587,0.46529197692871094,0.4868495464324951,3
1771109956103,0.07526130974292755,0.010256767272949219,0.5283973217010498,3
1771109956224,-0.04820680618286133,0.19732379913330078,0.06902313232421875,3
1771109956336,0.04023367166519165,-0.1666860580444336,-0.43425965309143066,3
1771109956453,-0.6627953052520752,0.04909706115722656,-0.8979681730270386,3
1771109956571,0.1917092204093933,-0.1111602783203125,0.43052899837493896,3
1771109956688,0.540573000907898,0.2698650360107422,0.629867672920227,3
1771109956804,-0.5668330192565918,0.4680004119873047,-0.43370985984802246,3
1771109956921,-0.09524700045585632,-0.04885387420654297,-0.18360543251037598,3
1771109957040,-0.2817082405090332,0.4059019088745117,0.0959479808807373,3
1771109957178,-0.42724859714508057,0.32972240447998047,-0.6297969818115234,3
1771109957271,-0.036635756492614746,-0.038669586181640625,0.45702338218688965,3
1771109957372,0.07232406735420227,-0.4416999816894531,0.051235198974609375,3
1771109957488,0.31113970279693604,0.16576099395751953,0.9565384387969971,3
1771109957589,0.15007735788822174,0.20032978057861328,-0.5138015747070312,3
1771109957706,-0.12008810043334961,-0.12260246276855469,0.6307966709136963,3
1771109957822,-0.2682238817214966,-0.04323005676269531,0.22067570686340332,3
1771109957940,-0.6928659081459045,0.16283893585205078,0.14245939254760742,3
1771109958042,-0.032421231269836426,0.042794227600097656,0.7470760345458984,3
1771109958173,0.28310489654541016,-0.33379650115966797,-0.0006988048553466797,3
1771109958274,-0.23006553947925568,-0.0683450698852539,0.015077352523803711,3
1771109958389,0.2714790403842926,-0.3861198425292969,0.717193603515625,3
1771109958506,-0.17254063487052917,-0.18558025360107422,0.43300819396972656,3
1771109958624,0.47089019417762756,-0.21244144439697266,0.3536109924316406,3
1771109958741,0.3028542101383209,-0.01759052276611328,0.581815242767334,3
1771109958857,0.08150173723697662,-0.2055521011352539,0.1571199893951416,3
1771109958959,0.026179447770118713,-0.3416910171508789,0.6405572891235352,3
1771109959074,0.08313261717557907,-0.13198375701904297,0.8699092864990234,3
1771109959187,-0.05014906823635101,-0.5454349517822266,-0.11095404624938965,3
1771109959291,0.3424367308616638,0.14101409912109375,0.7640397548675537,3
1771109959408,0.4079847037792206,0.5710811614990234,1.0557663440704346,3
1771109959526,-0.21524178981781006,0.024389266967773438,-0.671630859375,3
1771109959640,-0.09321986138820648,0.17545700073242188,0.36505818367004395,3
1771109959757,-0.011217355728149414,0.10982608795166016,-0.30189013481140137,3
1771109959874,0.19535163044929504,0.16327667236328125,0.2615396976470947,3
1771109960019,-0.006680488586425781,-0.02028179168701172,0.10000920295715332,3
1771109960108,0.13728873431682587,0.15276718139648438,-0.08330917358398438,3
1771109960209,-0.18357619643211365,-0.3412208557128906,-0.1616973876953125,3
1771109960324,0.7533861398696899,0.23348236083984375,0.42653965950012207,3
1771109960441,0.2249428778886795,0.11669349670410156,0.472012996673584,3
1771109960543,0.20235078036785126,0.03229808807373047,0.42856550216674805,3
1771109960659,0.06776691228151321,-0.09650993347167969,-0.5769658088684082,3
1771109960759,-0.1505460888147354,-0.06258487701416016,0.39606213569641113,3
1771109960879,-0.040485844016075134,0.1706981658935547,0.45642709732055664,3
1771109961027,-0.0843639224767685,0.3142833709716797,-0.2155303955078125,3
1771109961110,-0.09413345158100128,0.18012428283691406,0.1185448169708252,3
1771109961242,-0.1472276747226715,0.12736988067626953,-0.07485437393188477,3
1771109961346,-0.08433735370635986,0.07729148864746094,-0.7901530265808105,3
1771109961444,-0.45959317684173584,0.4404630661010742,-0.4764893054962158,3
1771109961544,0.2066466510295868,-0.011654853820800781,-0.4083876609802246,3
1771109961660,-0.259570837020874,-0.030826568603515625,-0.3718392848968506,3
1771109961778,-0.10510584712028503,0.11720466613769531,-0.25102925300598145,3
1771109961895,0.22764387726783752,0.18793964385986328,-0.10372114181518555,3
1771109962037,-0.43493372201919556,-0.005362510681152344,-0.7630984783172607,3
1771109962115,-0.04175041615962982,0.08668899536132812,-0.554185152053833,3
1771109962230,0.550397515296936,-0.04109001159667969,0.46802473068237305,3
1771109962329,0.06390729546546936,0.09353065490722656,0.13997578620910645,3
1771109962444,-0.35067465901374817,-0.06961631774902344,-0.8068993091583252,3
1771109962563,-0.19599461555480957,0.12606048583984375,-0.1570580005645752,3
1771109962678,-0.26466724276542664,-0.10560417175292969,-0.15778589248657227,3
1771109962779,-0.286179780960083,0.2586231231689453,-0.8104698657989502,3
1771109962899,0.33529889583587646,0.2993755340576172,-0.26501941680908203,3
1771109963028,0.33323055505752563,-0.03289985656738281,0.0658116340637207,3
1771109963128,0.09615190327167511,0.20960712432861328,0.07020306587219238,3
1771109963245,-0.0705156922340393,0.3757047653198242,-0.25982666015625,3
1771109963348,-0.05270281434059143,0.3749351501464844,-0.5175189971923828,3
1771109963447,-0.08930826187133789,0.14553451538085938,-0.21361184120178223,3
1771109963562,0.3781919479370117,0.2092914581298828,0.29340648651123047,3
1771109963683,-0.014090776443481445,-0.12763309478759766,-0.3183445930480957,3
1771109963798,0.20179854333400726,0.2660989761352539,0.6861753463745117,3
1771109963913,0.32355016469955444,-0.1724405288696289,0.17656254768371582,3
1771109964052,0.06175491213798523,0.2729606628417969,0.14166259765625,3
1771109964134,0.38762784004211426,0.3813934326171875,0.5779421329498291,3
1771109964231,-0.23973050713539124,0.5339832305908203,0.6246140003204346,3
1771109964347,0.17804518342018127,0.20496273040771484,0.3757359981536865,3
1771109964449,0.2766624093055725,0.4824562072753906,0.03788280487060547,3
1771109964566,0.5152116417884827,-0.016689300537109375,-0.2058122158050537,3
1771109964667,0.3366546630859375,0.251434326171875,-0.23639154434204102,3
1771109964781,-0.20060783624649048,-0.03122997283935547,-0.4793987274169922,3
1771109964883,-0.07537016272544861,0.09345626831054688,-0.005339622497558594,3
1771109965028,-0.35735049843788147,-0.014577865600585938,-1.1123743057250977,3
1771109965101,0.12910297513008118,0.15988445281982422,0.7294678688049316,3
1771109965216,0.014833837747573853,-0.07450485229492188,-0.6499360799789429,3
1771109965336,-0.018177509307861328,-0.15557098388671875,-0.6593073606491089,3
1771109965432,0.07224556803703308,0.037265777587890625,0.20692551136016846,3
1771109965549,0.19825640320777893,-0.07443618774414062,-0.5628136396408081,3
1771109965650,-0.025911688804626465,0.20528221130371094,-0.02799546718597412,3
1771109965767,0.09277975559234619,0.2691230773925781,-0.2890794277191162,3
1771109965884,-0.09034061431884766,0.032860755920410156,-1.112438440322876,3
1771109966034,0.33578431606292725,-0.1654500961303711,0.9937759637832642,3
1771109966101,0.22387051582336426,-0.12563228607177734,-0.07127487659454346,3
1771109966216,0.015945374965667725,0.28610992431640625,-0.2960076332092285,3
1771109966317,0.2754228413105011,0.020288467407226562,0.3239259719848633,3
1771109966436,-0.0169183611869812,-0.017934799194335938,-0.6052267551422119,3
1771109966550,0.1143907904624939,0.1241769790649414,0.09706401824951172,3
1771109966668,-0.057352542877197266,0.0799112319946289,-0.04079735279083252,3
1771109966786,0.24254411458969116,0.18683624267578125,0.9894846677780151,3
1771109966901,0.5153714418411255,0.5177707672119141,1.0863136053085327,3
1771109967032,-0.11816024780273438,0.5185461044311523,0.40422260761260986,3
1771109967118,0.30075788497924805,-0.0468597412109375,-0.7710770964622498,3
1771109967234,-0.24215376377105713,0.020783424377441406,-0.49964475631713867,3
1771109967335,0.026203513145446777,0.2680387496948242,-0.670779287815094,3
1771109967455,0.09411269426345825,0.1567230224609375,-1.2061374187469482,3
1771109967568,0.5432738065719604,-0.18142986297607422,0.8777358531951904,3
1771109967685,0.13033023476600647,0.17574119567871094,-0.02809584140777588,3
1771109967803,0.01117822527885437,0.5504360198974609,0.5489170551300049,3
1771109967904,-0.18531322479248047,-0.2946443557739258,-0.8716960549354553,3
1771109968038,-0.23194140195846558,0.22225475311279297,-0.9404803514480591,3
1771109968118,0.5548674464225769,-0.10303306579589844,0.705986738204956,3
1771109968223,0.12893620133399963,0.2054891586303711,0.3956577777862549,3
1771109968337,0.446408212184906,0.009188652038574219,0.9209284782409668,3
1771109968437,-0.3190932869911194,0.25214385986328125,-0.07215750217437744,3
1771109968555,-0.18083205819129944,0.3885040283203125,0.19670510292053223,3
1771109968654,0.32659268379211426,-0.00455474853515625,0.05582308769226074,3
1771109968771,0.1601414531469345,-0.3004026412963867,0.5475050210952759,3
1771109968873,0.4453839957714081,0.2784404754638672,0.9206856489181519,3
1771109968988,-0.2967047095298767,0.23666954040527344,0.5267605781555176,3
1771109969104,-0.046890974044799805,0.23487567901611328,0.16777443885803223,3
1771109969221,0.24053047597408295,-0.2923002243041992,-0.13421893119812012,3
1771109969321,0.08559765666723251,-0.33312511444091797,0.21289992332458496,3
1771109969437,0.008708596229553223,-0.48346614837646484,0.12688112258911133,3
1771109969540,0.11149795353412628,0.36313438415527344,-0.3414933681488037,3
1771109969655,0.05324741452932358,0.28554344177246094,0.374483585357666,3
1771109969771,0.27806514501571655,-0.05091571807861328,0.18126702308654785,3
1771109969881,0.341492623090744,-0.1530017852783203,0.5939645767211914,3
1771109969992,-0.40538012981414795,-0.9778928756713867,0.2216634750366211,3
1771109970107,0.4144963026046753,-0.2024707794189453,0.666924238204956,3
1771109970223,-0.08064281940460205,-0.12991619110107422,-0.5408093929290771,3
1771109970323,0.581325113773346,-0.2211170196533203,-0.11255621910095215,3
1771109970439,-0.0449724942445755,0.16951465606689453,0.07717466354370117,3
1771109970540,-0.44937801361083984,-0.25856971740722656,0.4219176769256592,3
1771109970657,-0.32633301615715027,0.04863929748535156,0.06530618667602539,3
1771109970773,0.14422184228897095,0.00275421142578125,-0.11738228797912598,3
1771109970875,-0.03964552283287048,-0.04543113708496094,0.2138509750366211,3
1771109970990,-0.35733991861343384,-0.06729793548583984,0.332935094833374,3
1771109971095,-0.13024336099624634,0.019585609436035156,-0.09717273712158203,3
1771109971198,-0.2584854066371918,0.2702903747558594,0.6357197761535645,3
1771109971308,0.28576529026031494,-0.67633056640625,0.11663651466369629,3
1771109971409,0.12738211452960968,0.6142568588256836,-0.3315150737762451,3
1771109971510,-0.08415642380714417,0.4907379150390625,0.10137748718261719,3
1771109971625,-0.523371696472168,0.01937580108642578,-0.5376780033111572,3
1771109971726,-0.25939518213272095,0.42911338806152344,0.21620702743530273,3
1771109971826,0.6111742258071899,0.32128429412841797,0.1276862621307373,3
1771109971942,0.141659677028656,0.20771217346191406,0.18611407279968262,3
1771109972060,0.036123864352703094,0.4854850769042969,-0.10120129585266113,3
1771109972208,-0.06794881820678711,-0.2809295654296875,-0.3054220676422119,3
1771109972276,-0.02937948703765869,0.21396160125732422,0.574211597442627,3
1771109972392,-0.14369887113571167,0.09090900421142578,-0.13216280937194824,3
1771109972495,-0.08388766646385193,-0.0621795654296875,0.04846382141113281,3
1771109972610,0.2015327364206314,-0.1831493377685547,-0.015103578567504883,3
1771109972734,0.05262356996536255,-0.13286972045898438,0.24628186225891113,3
1771109972843,-0.02600868046283722,-0.4373350143432617,-0.3532400131225586,3
1771109972943,-0.10204511880874634,0.11459159851074219,-0.29369592666625977,3
1771109973053,0.02811199426651001,0.4843425750732422,-0.11686086654663086,3
1771109973176,0.04642502963542938,0.4222145080566406,-0.3358163833618164,3
1771109973260,-0.34352195262908936,-0.8168773651123047,0.2166457176208496,3
1771109973378,-0.11917215585708618,0.11321353912353516,-0.023379087448120117,3
1771109973480,-0.01228189468383789,0.12335968017578125,-0.5919959545135498,3
1771109973595,-0.044912517070770264,0.13547992706298828,-0.3267040252685547,3
1771109973712,0.01960495114326477,-0.018700599670410156,-0.06168222427368164,3
1771109973830,0.05963951349258423,0.060891151428222656,0.14781403541564941,3
1771109973945,-0.08716663718223572,-0.13761425018310547,0.48714613914489746,3
1771109974046,0.15414351224899292,0.27142810821533203,-0.16829371452331543,3
1771109974203,-0.5462256073951721,0.09650707244873047,0.472808837890625,3
1771109974280,-0.3246717154979706,0.6499004364013672,-0.5680786371231079,3
1771109974396,0.021397441625595093,0.08115482330322266,-0.060600996017456055,3
1771109974512,-0.6530429124832153,0.1067056655883789,-0.8201436996459961,3
1771109974629,0.06659048795700073,0.4303398132324219,0.17672133445739746,3
1771109974733,0.015290558338165283,-0.21922779083251953,-0.5021829605102539,3
1771109974845,-0.3319585919380188,-0.015038490295410156,0.6203205585479736,3
1771109974966,-0.5311732292175293,-0.0432281494140625,-0.8895549774169922,3
1771109975069,0.4156062602996826,-0.09556865692138672,-0.39821839332580566,3
1771109975182,-0.018756568431854248,-0.1746368408203125,-0.4166898727416992,3
1771109975296,-0.22142818570137024,-0.09808826446533203,-0.6483561992645264,3
1771109975413,-0.23565822839736938,-0.14850139617919922,-0.8533601760864258,3
1771109975530,0.29918551445007324,0.2133159637451172,0.04060244560241699,3
1771109975630,-0.2217165231704712,-0.18154430389404297,-0.5477981567382812,3
1771109975748,0.0805424153804779,0.2735567092895508,0.09743976593017578,3
1771109975864,0.6257205605506897,0.04672527313232422,-0.019636869430541992,3
1771109975981,-0.08090144395828247,0.3625307083129883,0.13482046127319336,3
1771109976098,-0.2470499873161316,-0.008790969848632812,-0.5635826587677002,3
1771109976251,0.4912339746952057,0.1560525894165039,-0.1662731170654297,3
1771109976318,0.1857573688030243,-0.2056713104248047,-0.4812256097793579,3
1771109976431,-0.01093226671218872,0.11466121673583984,-1.1510791778564453,3
1771109976548,0.36301982402801514,-0.0810384750366211,0.40823519229888916,3
1771109976668,-0.205671489238739,0.4811735153198242,0.47617387771606445,3
1771109976767,-0.3986787796020508,0.011914253234863281,-0.5990689992904663,3
1771109976884,-0.04397451877593994,-0.3698081970214844,0.3257124423980713,3
1771109976999,0.15256887674331665,0.3458089828491211,-0.6115309000015259,3
1771109977117,-0.0559614896774292,0.31104469299316406,-0.08166396617889404,3
1771109977218,-0.3523556590080261,-0.04265403747558594,-0.8732916116714478,3
1771109977336,-0.049199700355529785,0.24218082427978516,0.23566818237304688,3
1771109977449,0.13763469457626343,-0.8606185913085938,0.12187910079956055,3
1771109977567,0.2327529489994049,-0.3796052932739258,0.6772922277450562,3
1771109977684,-0.20912444591522217,-0.6463146209716797,-0.4677760601043701,3
1771109977799,-0.3226328492164612,-0.28084850311279297,-0.4218168258666992,3
1771109977917,-0.003910809755325317,-0.08856201171875,-0.15491974353790283,3
1771109978048,0.41676074266433716,-0.2700357437133789,0.2889406681060791,3
1771109978150,-0.08259150385856628,0.2032003402709961,0.7997581958770752,3
1771109978267,0.1966019570827484,0.3078489303588867,-0.7321038246154785,3
1771109978368,0.025864750146865845,0.052341461181640625,-1.0728907585144043,3
1771109978468,0.30075493454933167,0.17915058135986328,0.5322692394256592,3
1771109978584,0.05002233386039734,0.07607078552246094,-0.5755573511123657,3
1771109978685,0.3180695176124573,0.4314279556274414,0.8691971302032471,3
1771109978801,-0.04553970694541931,-0.1428079605102539,-0.13864421844482422,3
1771109978922,-0.2440706491470337,-0.05869865417480469,-0.2692265510559082,3
1771109979063,-0.08186841011047363,-0.20571517944335938,0.5774487257003784,3
1771109979139,0.4103129506111145,-0.19700908660888672,0.3907585144042969,3
1771109979254,0.5835028886795044,0.4126091003417969,0.2779124975204468,3
1771109979370,-0.2986670136451721,0.38270092010498047,-0.2016615867614746,3
1771109979486,-0.15790686011314392,0.3403739929199219,-0.3463181257247925,3
1771109979604,0.6285011768341064,-0.2122936248779297,0.35255980491638184,3
1771109979719,0.4059233069419861,0.05044746398925781,0.7676132917404175,3
1771109979820,0.16069184243679047,0.4832010269165039,-0.21342694759368896,3
1771109979937,0.09318292140960693,-0.004551887512207031,-0.16355621814727783,3
1771109980055,0.10069262981414795,0.19906330108642578,0.3841731548309326,3
1771109980175,0.19314207136631012,-0.061878204345703125,-0.3164252042770386,3
1771109980287,0.13694733381271362,0.47631263732910156,0.392641544342041,3
1771109980405,-0.17247989773750305,0.4421987533569336,-0.35762345790863037,3
1771109980505,-0.35541868209838867,0.2878389358520508,-0.29546117782592773,3
1771109980621,-0.0659116804599762,-0.0912027359008789,-0.33628344535827637,3
1771109980721,-0.046864330768585205,-0.07638931274414062,-0.20625650882720947,3
1771109980839,-0.5246524810791016,-0.4611349105834961,0.6771574020385742,3
1771109980956,0.046186089515686035,-0.2711753845214844,0.7446248531341553,3
1771109981072,0.008583039045333862,-0.7641706466674805,0.840214729309082,3
1771109981202,0.3335249423980713,-0.1464691162109375,1.2734198570251465,3
1771109981307,-0.14479242265224457,-0.5584831237792969,0.3241446018218994,3
1771109981425,-0.01735065132379532,-0.2972412109375,0.5913090705871582,3
1771109981538,-0.531501054763794,-0.5088109970092773,-0.18309998512268066,3
1771109981656,-0.17417150735855103,-0.058597564697265625,0.7152819633483887,3
1771109981775,0.08669741451740265,-0.5860414505004883,0.052392005920410156,3
1771109981889,0.3158104419708252,-0.5339279174804688,0.33683156967163086,3
1771109982007,-0.09635889530181885,0.0747060775756836,0.3892641067504883,3
1771109982107,0.12911173701286316,0.14363670349121094,0.3686950206756592,3
1771109982219,0.048054926097393036,0.04800987243652344,0.8249201774597168,3
1771109982326,0.3494029939174652,-0.14740371704101562,0.31290626525878906,3
1771109982440,-0.20746664702892303,0.45067691802978516,0.8069944381713867,3
1771109982541,-0.44896388053894043,-0.18346023559570312,-0.7714719772338867,3
1771109982658,-0.162189781665802,0.664301872253418,0.03368020057678223,3
1771109982759,0.4363747239112854,-0.3533048629760742,0.5488715171813965,3
1771109982873,-0.38440197706222534,0.036224365234375,-0.023374557495117188,3
1771109982974,-0.18833312392234802,0.2880535125732422,-0.5886001586914062,3
1771109983090,-0.05290636047720909,0.25436973571777344,0.3888263702392578,3
1771109983205,-0.25052982568740845,-0.04402732849121094,-0.09192752838134766,3
1771109983310,-0.548257052898407,-0.4053049087524414,-0.86167311668396,3
1771109983425,0.42486223578453064,0.11165523529052734,0.09504938125610352,3
1771109983542,0.029504265636205673,-0.030190467834472656,0.005660295486450195,3
1771109983644,-0.27920395135879517,0.22404861450195312,-0.11588001251220703,3
1771109983758,-0.2641634941101074,0.09935283660888672,0.37679481506347656,3
1771109983859,-0.31873953342437744,0.13074970245361328,-0.4178929328918457,3
1771109983977,0.29621273279190063,0.07287311553955078,-0.16926217079162598,3
1771109984092,0.15186581015586853,-0.14976787567138672,0.39026784896850586,3
1771109984207,-0.032917361706495285,0.5540084838867188,-0.3447740077972412,3
1771109984310,-0.1479634791612625,0.11405658721923828,0.7862632274627686,3
1771109984427,0.35370367765426636,-0.08514690399169922,-0.2355797290802002,3
1771109984543,0.2635408043861389,-0.26583099365234375,0.06543087959289551,3
1771109984660,-0.49028852581977844,0.08980560302734375,0.5681285858154297,3
1771109984776,0.14275331795215607,-0.02432537078857422,-0.16501545906066895,3
1771109984896,0.02352611906826496,0.4644279479980469,0.3849976062774658,3
1771109985011,-0.23507922887802124,0.19868755340576172,-0.04831266403198242,3
1771109985158,0.23959693312644958,-0.04278373718261719,0.3337366580963135,3
1771109985228,0.05958002805709839,0.3684720993041992,-0.19361090660095215,3
1771109985328,-0.022522227838635445,0.0977468490600586,0.18238377571105957,3
1771109985446,0.1014040857553482,0.0644989013671875,-0.17026042938232422,3
1771109985560,-0.12066347151994705,-0.28301525115966797,0.1468796730041504,3
1771109985662,0.35627734661102295,0.11937713623046875,0.9339609146118164,3
1771109985778,-0.10598136484622955,-0.0940103530883789,-0.6671938896179199,3
1771109985880,0.43705523014068604,-0.1803140640258789,-0.04044961929321289,3
1771109985996,0.24831505119800568,0.0035867691040039062,0.5303938388824463,3
1771109986117,0.05920351669192314,-0.22922134399414062,0.4841163158416748,3
1771109986242,0.38033348321914673,-0.07414054870605469,0.09180760383605957,3
1771109986330,0.6636706590652466,0.2846956253051758,-0.016577720642089844,3
1771109986446,0.30625757575035095,0.4636068344116211,0.5315933227539062,3
1771109986548,-0.08920185267925262,0.041736602783203125,0.8232793807983398,3
1771109986647,0.11347062140703201,-0.24159622192382812,0.30165958404541016,3
1771109986764,-0.163699209690094,0.4971284866333008,0.09967398643493652,3
1771109986865,0.09954795986413956,0.2336263656616211,0.0594327449798584,3
1771109986980,-0.5265502333641052,0.37693023681640625,-0.5075950622558594,3
1771109987085,-0.44919970631599426,0.0003185272216796875,-0.14902544021606445,3
1771109987198,-0.03585253283381462,0.15001678466796875,0.15785455703735352,3
1771109987312,-0.5829195976257324,-0.27057647705078125,-0.8865830898284912,3
1771109987415,-0.31535208225250244,0.2867755889892578,-0.5099313259124756,3
1771109987514,-0.27113789319992065,-0.2181682586669922,-0.9116940498352051,3
1771109987634,-0.02001747116446495,0.07439231872558594,-0.12527227401733398,3
1771109987748,-0.16055145859718323,0.18809127807617188,-0.08886837959289551,3
1771109987865,0.10028182715177536,-0.11767864227294922,-0.01528310775756836,3
1771109987981,-0.14599847793579102,-0.04599761962890625,0.2756171226501465,3
1771109988197,0.1155373752117157,0.04127216339111328,-0.19463849067687988,3
1771109988223,0.2521933317184448,0.7893590927124023,-0.11026406288146973,3
1771109988331,-0.12623131275177002,-0.1906566619873047,-0.4914991855621338,3
1771109988442,-0.5021944046020508,-0.10209846496582031,0.05036759376525879,3
1771109988548,0.5606110095977783,0.10324859619140625,0.30593323707580566,3
1771109988666,0.1762547492980957,-0.12849140167236328,-0.17083215713500977,3
1771109988783,-0.19015222787857056,-0.06509017944335938,0.58382248878479,3
1771109988899,-0.11460280418395996,-0.4347677230834961,-0.23563075065612793,3
1771109989017,0.1936686635017395,0.1563272476196289,0.6557834148406982,3
1771109989133,-0.12146461009979248,-0.3766603469848633,0.1355600357055664,3
1771109989239,0.27492520213127136,0.2324810028076172,0.46332216262817383,3
1771109989352,-0.5662881135940552,-0.26902103424072266,-0.9079345464706421,3
1771109989468,0.07124695181846619,0.023456573486328125,0.4665546417236328,3
1771109989570,0.035732343792915344,0.13116741180419922,-0.2973902225494385,3
1771109989684,-0.12005659937858582,-0.10734844207763672,-0.7833353281021118,3
1771109989800,0.13773882389068604,0.3130941390991211,-0.17608976364135742,3
1771109989900,-0.24615532159805298,-0.01723480224609375,-1.0537515878677368,3
1771109990017,0.3761739134788513,-0.13254642486572266,0.2559621334075928,3
1771109990137,-0.1837889850139618,0.33504390716552734,-0.2743492126464844,3
1771109990236,0.1518087387084961,-0.30504798889160156,-0.05243229866027832,3
1771109990352,-0.17786359786987305,0.1230936050415039,-0.32241368293762207,3
1771109990468,-0.07761785387992859,0.11437606811523438,-0.6650209426879883,3
1771109990585,-0.106717050075531,-0.006031990051269531,-0.4963357448577881,3
1771109990702,0.31884124875068665,0.49945545196533203,0.31374335289001465,3
1771109990818,-0.42149198055267334,-0.2550973892211914,-0.4992647171020508,3
1771109990920,-0.4518621563911438,-0.1452035903930664,-0.25171327590942383,3
1771109991080,0.09446842968463898,0.033471107482910156,0.39391255378723145,3
1771109991153,-0.0669422447681427,-0.0778350830078125,-0.16398191452026367,3
1771109991271,-0.011566162109375,0.2951326370239258,0.6138474941253662,3
1771109991387,0.23294860124588013,0.2654695510864258,0.07393980026245117,3
1771109991503,-0.09253129363059998,0.15280818939208984,-0.5981948375701904,3
1771109991603,0.48896685242652893,-0.04785633087158203,0.37329959869384766,3
1771109991720,0.05903184413909912,0.07535648345947266,-0.33989906311035156,3
1771109991837,0.13806508481502533,0.1473979949951172,0.15070533752441406,3
1771109991938,0.18166795372962952,-0.07710647583007812,0.420360803604126,3
1771109992068,0.03576520085334778,0.4213123321533203,-0.26325225830078125,3
1771109992206,-0.37074750661849976,-0.1668529510498047,-0.09830403327941895,3
1771109992286,0.016803324222564697,0.06332874298095703,0.2592198848724365,3
1771109992390,0.21824094653129578,-0.03617668151855469,0.24160361289978027,3
1771109992504,-0.006689161062240601,0.032721519470214844,-0.3106417655944824,3
1771109992621,-0.41333773732185364,0.20589828491210938,-0.2798593044281006,3
1771109992721,-0.09377002716064453,-0.11082649230957031,-0.13043832778930664,3
1771109992838,-0.07608106732368469,0.16667747497558594,-0.2628765106201172,3
1771109992956,0.07510697841644287,-0.08209800720214844,-0.26819753646850586,3
1771109993074,-0.308834433555603,0.1569957733154297,-0.6789712905883789,3
1771109993188,-0.3014819622039795,0.2039785385131836,-0.5051059722900391,3
1771109993305,-0.04610848426818848,0.12329769134521484,-0.5269947052001953,3
1771109993422,-0.31896913051605225,-0.014186859130859375,-0.5034739971160889,3
1771109993538,-0.0009219348430633545,0.2594642639160156,-0.13202786445617676,3
1771109993655,0.11132681369781494,0.06834888458251953,-0.713469386100769,3
1771109993756,-0.134079247713089,0.20763778686523438,-0.591064453125,3
1771109993875,-0.1003546416759491,-0.04525470733642578,-0.30312395095825195,3
1771109993973,0.027157410979270935,0.05074787139892578,-0.3909595012664795,3
1771109994075,-0.014593958854675293,-0.023511886596679688,-0.22960758209228516,3
1771109994186,-0.15752139687538147,-0.10898685455322266,0.6356663703918457,3
1771109994290,-0.10783416032791138,-0.07594490051269531,0.36617469787597656,3
1771109994390,-0.18935024738311768,0.028817176818847656,-0.40599703788757324,3
1771109994507,0.08621278405189514,0.40946483612060547,-0.27618908882141113,3
1771109994624,0.2114936113357544,0.4629650115966797,0.23363494873046875,3
1771109994741,-0.009496092796325684,-0.04340171813964844,0.17255830764770508,3
1771109994843,0.005878716707229614,-0.059902191162109375,0.8448958396911621,3
1771109994957,0.04908539354801178,-0.12299823760986328,0.17548251152038574,3
1771109995075,0.11247624456882477,0.024451255798339844,0.314988374710083,3
1771109995177,-0.09990131855010986,0.08900833129882812,0.43503832817077637,3
1771109995292,0.06383943557739258,-0.2452535629272461,-0.04900336265563965,3
1771109995392,-0.09622335433959961,-0.018578529357910156,0.030252933502197266,3
1771109995508,0.04980309307575226,-0.0763711929321289,-0.1567847728729248,3
1771109995625,0.017573803663253784,0.1459493637084961,-0.24129462242126465,3
1771109995742,-0.008236676454544067,-0.1475534439086914,0.3044722080230713,3
1771109995843,-0.04360583424568176,-0.18937397003173828,-0.021468639373779297,3
1771109995962,0.17215809226036072,0.1588268280029297,0.060422420501708984,3
1771109996080,-0.20788675546646118,0.14183712005615234,-0.01354217529296875,3
1771109996206,0.04747951030731201,0.1795635223388672,-0.09722304344177246,3
1771109996310,0.11629369854927063,0.08579444885253906,0.1501779556274414,3
1771109996428,0.008115813136100769,0.012882232666015625,-0.06010270118713379,3
1771109996527,0.005280837416648865,-0.21217060089111328,0.18912363052368164,3
1771109996645,0.266873836517334,-0.011652946472167969,-0.11740303039550781,3
1771109996746,-0.02877618372440338,-0.11355113983154297,-0.07347345352172852,3
1771109996862,0.0546998530626297,-0.23795223236083984,0.24138140678405762,3
1771109996977,0.020025357604026794,0.15746307373046875,-0.1131591796875,3
1771109997078,0.14408543705940247,-0.009335517883300781,-0.17648673057556152,3
1771109997196,-0.217749685049057,0.3024311065673828,0.1949598789215088,3
1771109997312,-0.27529236674308777,-0.0932149887084961,0.05750894546508789,3
1771109997428,0.09345020353794098,-0.08873367309570312,0.21001243591308594,3
1771109997545,0.2805286645889282,0.23577117919921875,-0.23387622833251953,3
1771109997662,-0.04981285333633423,-0.08509349822998047,-0.36696887016296387,3
1771109997780,-0.27628323435783386,0.24335479736328125,0.06563997268676758,3
1771109997881,0.16609126329421997,-0.08252334594726562,-0.34110069274902344,3
1771109997979,0.03159269690513611,-0.2742147445678711,0.185072660446167,3
1771109998083,-0.2781643867492676,0.08419036865234375,0.10634636878967285,3
1771109998197,-0.14288292825222015,-0.18256092071533203,-0.35277867317199707,3
1771109998295,-0.10231027007102966,-0.1618204116821289,-0.19240236282348633,3
1771109998413,0.2900833785533905,0.23679065704345703,0.31780242919921875,3
1771109998513,-0.28398990631103516,-0.12289047241210938,-0.3934004306793213,3
1771109998631,0.27440163493156433,-0.014361381530761719,0.17911863327026367,3
1771109998746,-0.08513499796390533,-0.021200180053710938,-0.1485438346862793,3
1771109998847,-0.2124384641647339,0.19315338134765625,-0.4429056644439697,3
1771109998964,0.23867881298065186,0.04649829864501953,0.40418457984924316,3
1771109999084,-0.054896458983421326,0.010279655456542969,-0.2356123924255371,3
1771109999196,0.053086936473846436,0.10954093933105469,-0.14271330833435059,3
1771109999297,-0.2984789311885834,0.03336620330810547,-0.2824432849884033,3
1771109999417,-0.18446561694145203,0.22116374969482422,-0.14801502227783203,3
1771109999531,-0.09568402171134949,0.11303234100341797,-0.7345263957977295,3
1771109999632,-0.1266459822654724,0.13715553283691406,-0.5438735485076904,3
1771109999748,-0.4045540988445282,0.007376670837402344,-0.5520679950714111,3
1771109999865,0.10694140195846558,0.14367103576660156,-0.35992002487182617,3
1771109999970,0.12478090822696686,-0.12277412414550781,-0.09613919258117676,3
1771110000083,0.2575884163379669,0.19490528106689453,-0.11668515205383301,3
1771110000198,-0.12229257822036743,0.024293899536132812,-0.31199800968170166,3
1771110000299,0.13518570363521576,0.1627359390258789,-0.43721580505371094,3
1771110000417,-0.12258419394493103,-0.17765235900878906,-0.39882659912109375,3
1771110000534,0.02560529112815857,0.13664531707763672,-0.1337602138519287,3
1771110000649,-0.026134788990020752,-0.005457878112792969,0.09654712677001953,3
1771110000768,-0.13717639446258545,-0.06398296356201172,-0.016340970993041992,3
1771110000883,-0.4907877445220947,-0.2841501235961914,-0.17239117622375488,3
1771110000984,-0.04087406396865845,0.2133769989013672,0.16452622413635254,3
1771110001084,0.17860910296440125,0.2013072967529297,-0.3813145160675049,3
1771110001199,-0.24664989113807678,0.4851350784301758,0.36068058013916016,3
1771110001318,0.1206919401884079,-0.2098827362060547,0.09526610374450684,3
1771110001433,0.4164196848869324,0.10862350463867188,0.3161132335662842,3
1771110001551,0.1793351173400879,0.26355552673339844,0.35877490043640137,3
1771110001651,-0.0223238468170166,-0.2118816375732422,-0.10875487327575684,3
1771110001769,0.0408707857131958,-0.12440013885498047,0.3113250732421875,3
1771110001872,0.028033316135406494,-0.3984260559082031,0.2733268737792969,3
1771110001985,-0.12085238099098206,-0.2274627685546875,0.0552828311920166,3
1771110002102,-0.1817203164100647,-0.07544422149658203,0.4316701889038086,3
1771110002217,0.22778531908988953,-0.3227243423461914,0.24153447151184082,3
1771110002320,0.07066833972930908,0.16497230529785156,0.1011652946472168,3
1771110002435,-0.10490894317626953,0.18913650512695312,-0.12880563735961914,3
1771110002556,0.2020554095506668,0.2040576934814453,0.5167536735534668,3
1771110002669,0.6473300457000732,0.11386394500732422,0.20385146141052246,3
1771110002788,-0.15158098936080933,0.5566396713256836,-0.01887345314025879,3
1771110002903,0.09194353222846985,0.2197093963623047,0.1906423568725586,3
1771110003020,0.2796705365180969,0.16936111450195312,0.6582837104797363,3
1771110003142,0.03611448407173157,0.0022144317626953125,0.04866337776184082,3
1771110003246,0.1628427356481552,-0.17264747619628906,0.414337158203125,3
1771110003356,0.024468615651130676,0.13803863525390625,0.9865167140960693,3
1771110003455,-0.34797582030296326,-0.2775726318359375,-0.23868465423583984,3
1771110003570,0.4959915280342102,0.2992544174194336,0.6864321231842041,3
1771110003690,-0.04314185678958893,-0.13269519805908203,0.07535171508789062,3
1771110003806,0.05695207417011261,0.1385631561279297,0.26013612747192383,3
1771110003922,0.1261361837387085,-0.042304039001464844,0.4932687282562256,3
1771110004039,-0.030127793550491333,-0.06783008575439453,-0.6707253456115723,3
1771110004140,0.03428058326244354,0.09876251220703125,-0.019625186920166016,3
1771110004255,-0.13322791457176208,0.20827007293701172,0.17775511741638184,3
1771110004374,-0.04634067416191101,0.39504146575927734,-0.014100790023803711,3
1771110004489,-0.042952150106430054,0.020171165466308594,-0.3333878517150879,3
1771110004607,0.09850503504276276,0.3242530822753906,0.3842628002166748,3
1771110004722,0.0016651302576065063,0.17218971252441406,0.36467862129211426,3
1771110004822,-0.08831135928630829,-0.16488265991210938,-0.09897732734680176,3
1771110004941,0.2053932398557663,0.18343162536621094,0.1843423843383789,3
1771110005086,0.1233847364783287,-0.16666507720947266,0.6535322666168213,3
1771110005210,0.15851256251335144,-0.22851848602294922,0.5059762001037598,3
1771110005272,0.05286437273025513,-0.1676950454711914,0.40590381622314453,3
1771110005374,-0.06114405393600464,0.1495199203491211,-0.2754054069519043,3
1771110005491,-0.24798603355884552,0.23688507080078125,-0.5814516544342041,3
1771110005592,-0.09818261861801147,-0.1261882781982422,-0.45507049560546875,3
1771110005707,-0.03886435925960541,0.087860107421875,0.06548047065734863,3
1771110005827,0.18369092047214508,0.04774951934814453,-0.22400307655334473,3
1771110005940,-0.04184965789318085,-0.06865119934082031,0.002998828887939453,3
1771110006042,0.11494730412960052,-0.04153919219970703,-0.48291194438934326,3
1771110006161,0.28907710313796997,0.21889209747314453,-0.7019761800765991,3
1771110006258,-0.05762562155723572,0.2583303451538086,-0.4219844341278076,3
1771110006375,-0.11909225583076477,0.27306461334228516,-0.5007960796356201,3
1771110006476,0.3519067168235779,-0.31555938720703125,0.14152860641479492,3
1771110006592,0.03836001455783844,-0.09549617767333984,0.06310009956359863,3
1771110006710,-0.017263978719711304,-0.1334848403930664,0.3410971164703369,3
1771110006827,0.30341455340385437,0.0019083023071289062,0.3444864749908447,3
1771110006928,0.14331065118312836,0.17778587341308594,0.006193399429321289,3
1771110007042,-0.02919641137123108,0.25572776794433594,-0.009392499923706055,3
1771110007196,0.10388383269309998,-0.07535362243652344,0.160353422164917,3
1771110007261,0.21366406977176666,-0.2768831253051758,-0.008507251739501953,3
1771110007361,0.18908412754535675,-0.03450965881347656,0.6154415607452393,3
1771110007477,-0.06597331166267395,-0.05445289611816406,0.11363005638122559,3
1771110007593,0.04591813683509827,-0.2292013168334961,-0.04937410354614258,3
1771110007694,0.09276463091373444,-0.02536773681640625,0.0318143367767334,3
1771110007810,-0.04229891300201416,0.21135997772216797,-0.6271393299102783,3
1771110007911,-0.1743760108947754,0.20946216583251953,0.14330601692199707,3
1771110008029,-0.2658897340297699,-0.1035318374633789,0.1678626537322998,3
1771110008128,-0.3251633048057556,0.07328987121582031,0.2970445156097412,3
1771110008247,0.19603125751018524,-0.1961984634399414,-0.12564396858215332,3
1771110008361,-0.09053677320480347,0.0007715225219726562,0.42105793952941895,3
1771110008478,-0.3016306757926941,-0.3332338333129883,0.44838523864746094,3
1771110008595,0.3142697513103485,-0.15419769287109375,0.7017877101898193,3
1771110008697,-0.061798661947250366,0.0030536651611328125,-0.09524750709533691,3
1771110008812,0.20228369534015656,-0.24189186096191406,-0.25431060791015625,3
1771110008931,-0.09703713655471802,-0.09556961059570312,0.1788942813873291,3
1771110009045,0.1410575956106186,0.07463932037353516,-0.0073544979095458984,3
1771110009165,0.01023915410041809,0.006397247314453125,0.18778276443481445,3
1771110009277,0.08617007732391357,0.06565284729003906,0.06447744369506836,3
1771110009381,0.02690073847770691,-0.2745523452758789,-0.3444681167602539,3
1771110009499,-0.25416937470436096,-0.17026424407958984,-0.4040337800979614,3
1771110009599,0.15168242156505585,-0.06465435028076172,0.10364317893981934,3
1771110009714,-0.11150562763214111,-0.4458160400390625,0.037069082260131836,3
1771110009814,-0.008992552757263184,0.31601810455322266,0.1642169952392578,3
1771110009929,0.4457145929336548,-0.21404075622558594,-0.3214123249053955,3
1771110010033,-0.09864801168441772,-0.18770408630371094,-0.08331704139709473,3
1771110010131,-0.045170754194259644,0.45114707946777344,0.14806628227233887,3
1771110010248,-0.2149777114391327,0.10981369018554688,-0.07216477394104004,3
1771110010366,0.10312908887863159,0.3688325881958008,-0.18933463096618652,3
1771110010482,0.0798000693321228,0.07057476043701172,-0.3555111885070801,3
1771110010600,0.37164953351020813,0.09012031555175781,0.5303206443786621,3
1771110010717,0.013555139303207397,-0.13067245483398438,0.1926863193511963,3
1771110010832,0.3431735634803772,-0.28486156463623047,0.05258750915527344,3
1771110010948,-0.06620091199874878,-0.08018112182617188,-0.5854263305664062,3
1771110011049,0.07171505689620972,0.0025358200073242188,-0.17026877403259277,3
1771110011165,0.01736927032470703,-0.07863426208496094,0.09112834930419922,3
1771110011282,0.06545503437519073,0.38489437103271484,0.37947797775268555,3
1771110011399,0.145453080534935,-0.19973087310791016,-0.7223373651504517,3
1771110011519,0.011587828397750854,0.3076772689819336,-0.2067270278930664,3
1771110011634,-0.1332276463508606,-0.2759065628051758,-0.597309947013855,3
1771110011749,0.20996670424938202,0.1586008071899414,0.09821844100952148,3
1771110011850,0.18643197417259216,0.3081493377685547,-0.3253939151763916,3
1771110011967,0.10744442045688629,-0.18474578857421875,0.3594064712524414,3
1771110012149,-0.018336087465286255,0.17092227935791016,-0.24275922775268555,3
1771110012200,-0.21437934041023254,0.17049503326416016,-0.8574146032333374,3
1771110012317,0.1996854841709137,0.3823356628417969,-0.20223188400268555,3
1771110012417,-0.29038771986961365,-0.20527935028076172,-0.23363327980041504,3
1771110012534,-0.1607423722743988,-0.08100223541259766,0.23547673225402832,3
1771110012651,-0.06904163956642151,-0.09517383575439453,0.00884103775024414,3
1771110012768,0.11932452023029327,-0.5736551284790039,-0.45135223865509033,3
1771110012876,-0.2305658757686615,0.3622770309448242,0.12355756759643555,3
1771110012984,-0.510978102684021,-0.0031919479370117188,-0.1914980411529541,3
1771110013103,-0.1804472804069519,0.06888484954833984,0.015924692153930664,3
1771110013219,0.11110320687294006,0.3954906463623047,-0.20467185974121094,3
1771110013335,0.2980439364910126,0.11116790771484375,0.07661938667297363,3
1771110013452,0.09309004247188568,0.24913597106933594,0.2361595630645752,3
1771110013553,0.20827820897102356,-0.0661773681640625,0.5896949768066406,3
1771110013668,-0.01786532998085022,-0.4315824508666992,-0.05491518974304199,3
1771110013786,-0.04072171449661255,-0.0037641525268554688,0.39713144302368164,3
1771110013888,0.10847459733486176,-0.14973926544189453,0.042269229888916016,3
1771110013988,-0.16214653849601746,0.16488361358642578,-0.2911548614501953,3
1771110014140,0.1909644603729248,0.15265750885009766,1.121358871459961,3
1771110014226,-0.01302868127822876,0.03157806396484375,0.027232885360717773,3
1771110014336,0.0766829401254654,0.24176597595214844,-0.04471731185913086,3
1771110014437,0.09223440289497375,-0.15998172760009766,0.3545107841491699,3
1771110014541,-0.08693209290504456,0.02315044403076172,0.3132469654083252,3
1771110014656,-0.4823494851589203,-0.008873939514160156,-0.657120943069458,3
1771110014771,0.014965593814849854,0.34529876708984375,-0.4624190330505371,3
1771110014892,0.49424612522125244,-0.06567573547363281,0.17403554916381836,3
1771110015004,0.1476283073425293,-0.1674509048461914,-0.00246429443359375,3
1771110015105,0.24614869058132172,-0.000518798828125,-0.12008309364318848,3
1771110015221,-0.2874537706375122,-0.014722824096679688,-0.2723846435546875,3
1771110015339,-0.2886680066585541,0.4541177749633789,-0.03522169589996338,3
1771110015455,-0.16364920139312744,0.10899639129638672,-0.6911053657531738,3
1771110015556,0.041711628437042236,0.04257011413574219,0.3930565118789673,3
1771110015675,-0.322415828704834,0.18770503997802734,-0.012043476104736328,3
1771110015789,-0.25118839740753174,-0.22556018829345703,-0.04869389533996582,3
1771110015906,-0.09164842963218689,-0.0014581680297851562,-0.5866547226905823,3
1771110016022,0.07256916165351868,0.13584232330322266,0.7842811346054077,3
1771110016128,0.42121070623397827,-0.1553173065185547,-0.5958873629570007,3
1771110016240,-0.13828900456428528,-0.1208200454711914,-0.3237649202346802,3
1771110016344,0.29291096329689026,0.19273757934570312,0.5872019529342651,3
1771110016460,-0.08079913258552551,-0.11328506469726562,-0.5104113817214966,3
1771110016573,-0.4822050631046295,-0.028326034545898438,-0.6598926782608032,3
1771110016690,0.004396915435791016,-0.010146141052246094,0.26122236251831055,3
1771110016791,0.27288445830345154,0.06634521484375,-0.21863555908203125,3
1771110016908,-0.07502508163452148,-0.0903615951538086,-0.19187593460083008,3
1771110017049,-0.2137315273284912,0.2797260284423828,0.30205607414245605,3
1771110017158,-0.3061397969722748,0.051545143127441406,-0.021121978759765625,3
1771110017274,0.3034352958202362,0.3472585678100586,0.02708148956298828,3
1771110017375,-0.21992656588554382,0.2071380615234375,-0.14685964584350586,3
1771110017492,0.35671180486679077,-0.2683868408203125,0.34308958053588867,3
1771110017593,-0.030715525150299072,0.46916866302490234,0.22684216499328613,3
1771110017696,0.0534665584564209,0.2891674041748047,-0.31053900718688965,3
1771110017808,0.04079997539520264,-0.0359344482421875,0.26415586471557617,3
1771110017909,0.28698670864105225,0.1879901885986328,0.5071907043457031,3
1771110018025,-0.0719156265258789,-0.021280288696289062,0.06452775001525879,3
1771110018170,0.03665626049041748,0.29045677185058594,0.5802974700927734,3
1771110018243,0.139315664768219,-0.24959087371826172,0.15977144241333008,3
1771110018359,0.10061168670654297,0.0860738754272461,0.35367536544799805,3
1771110018459,0.3456660509109497,0.5179243087768555,0.594100832939148,3
1771110018576,0.08203059434890747,-0.3123779296875,-1.1795746088027954,3
1771110018680,0.2816546559333801,-0.18217754364013672,0.847853422164917,3
1771110018794,0.48843759298324585,0.25208377838134766,0.968292236328125,3
1771110018909,-0.4116627871990204,-0.14682674407958984,-1.0476055145263672,3
1771110019027,0.11692675948143005,-0.1213827133178711,-0.7695123553276062,3
1771110019143,-0.12836295366287231,-0.16297531127929688,-0.8050456047058105,3
1771110019261,-0.0301036536693573,-0.07408332824707031,1.2264307737350464,3
1771110019377,-0.01486116647720337,0.03852558135986328,-0.3194500207901001,3
1771110019494,0.23601801693439484,0.030305862426757812,1.2210123538970947,3
1771110019610,-0.19153305888175964,0.08186626434326172,-1.520970344543457,3
1771110019711,0.4122605323791504,0.10642623901367188,0.36878323554992676,3
1771110019811,0.14383640885353088,0.10502910614013672,0.3077120780944824,3
1771110019912,-0.5690652132034302,-0.09916210174560547,-1.0456533432006836,3
1771110020027,-0.07995772361755371,-0.3704710006713867,0.19967937469482422,3
1771110020144,0.2030700445175171,-0.23970508575439453,0.6981648206710815,3
1771110020265,0.04952920973300934,-0.2453937530517578,1.0847485065460205,3
1771110020378,0.17475444078445435,-0.4368438720703125,1.4268969297409058,3
1771110020495,0.27656567096710205,-0.6937942504882812,1.6704645156860352,3
1771110020596,-0.4463866949081421,0.5482044219970703,-0.4153348207473755,3
1771110020714,0.3727955222129822,-0.26456546783447266,0.2879232168197632,3
1771110020829,0.03510962426662445,0.0829019546508789,-0.7901899814605713,3
1771110020930,0.19793157279491425,-0.2934598922729492,-0.1160963773727417,3
1771110021046,0.07876886427402496,-0.13232803344726562,0.631988525390625,3
1771110021180,-0.3202334940433502,0.003916740417480469,0.30773186683654785,3
1771110021281,0.1884855031967163,-0.2597789764404297,1.2303026914596558,3
1771110021395,0.09129461646080017,0.014307975769042969,-0.10772824287414551,3
1771110021513,-0.4102478623390198,0.11451339721679688,0.08285260200500488,3
1771110021630,0.008468061685562134,-0.1678447723388672,0.37543654441833496,3
1771110021747,0.10074682533740997,0.09078598022460938,0.6193259954452515,3
1771110021864,0.0008728355169296265,0.15700817108154297,0.17795419692993164,3
1771110021964,-0.009400725364685059,-0.19501399993896484,-0.08852970600128174,3
1771110022111,0.33275091648101807,-0.14755916595458984,1.0322296619415283,3
1771110022182,-0.05184175819158554,-0.5295372009277344,-0.010603189468383789,3
1771110022301,-0.08659142255783081,-0.1102762222290039,-0.006477832794189453,3
1771110022414,0.30293524265289307,-0.31418895721435547,0.864612340927124,3
1771110022534,-0.39474016427993774,-0.0044422149658203125,0.7663421630859375,3
1771110022648,0.1627083271741867,-0.40920066833496094,0.10526800155639648,3
1771110022751,0.17392383515834808,-0.4844799041748047,0.7954139709472656,3
1771110022865,-0.18339020013809204,-0.0024766921997070312,0.7555074691772461,3
1771110022981,-0.16358384490013123,-0.13998031616210938,0.10535836219787598,3
1771110023119,0.2853245735168457,-0.07229995727539062,0.23389983177185059,3
1771110023202,0.8709259033203125,0.020915985107421875,0.48305392265319824,3
1771110023299,-0.08948086202144623,0.198944091796875,0.26991868019104004,3
1771110023416,0.03630360588431358,-0.050441741943359375,0.2556021213531494,3
1771110023535,0.05271444469690323,-0.03260993957519531,0.4221529960632324,3
1771110023650,-0.1275218278169632,-0.1169576644897461,-0.41548991203308105,3
1771110023751,0.09254519641399384,-0.22101688385009766,0.39975619316101074,3
1771110023867,-0.34554511308670044,-0.044638633728027344,0.43590521812438965,3
1771110023984,-0.5826129913330078,-0.07442188262939453,0.06843233108520508,3
1771110024103,-0.2936345338821411,0.07507514953613281,-0.36272120475769043,3
1771110024212,-0.47335904836654663,0.048168182373046875,-0.11122441291809082,3
1771110024317,-0.3017738461494446,0.6400775909423828,-0.6968992948532104,3
1771110024438,0.2822682857513428,0.6441020965576172,-0.21314334869384766,3
1771110024550,-0.6654341220855713,-0.23626995086669922,-0.6009633541107178,3
1771110024653,0.10202976316213608,-0.03753089904785156,0.25769805908203125,3
1771110024768,-0.12137395143508911,-0.20778656005859375,-0.24200153350830078,3
1771110024884,0.18451792001724243,0.07301712036132812,0.2290177345275879,3
1771110024987,-0.41351479291915894,-0.053643226623535156,-0.45966625213623047,3
1771110025118,-0.5372576713562012,0.5468416213989258,-0.8607079982757568,3
1771110025216,0.5844340324401855,-0.21106529235839844,0.5070841312408447,3
1771110025319,0.2660418748855591,-0.3507843017578125,0.33226752281188965,3
1771110025424,0.35147055983543396,-0.30440521240234375,0.3118915557861328,3
1771110025540,-0.3874557614326477,-0.4865255355834961,0.3285951614379883,3
1771110025653,-0.11081956326961517,0.11707782745361328,-0.2063298225402832,3
1771110025770,0.23787081241607666,0.11845207214355469,-0.5684456825256348,3
1771110025887,-0.28698450326919556,-0.17074298858642578,-0.266660213470459,3
1771110025987,0.3407302498817444,0.7508726119995117,0.03589439392089844,3
1771110026195,0.3719470500946045,0.12154674530029297,-0.4739532470703125,3
1771110026225,0.025093689560890198,0.8465261459350586,0.3018014430999756,3
1771110026321,-0.198737233877182,-0.4567880630493164,-0.3712496757507324,3
1771110026438,-0.11511541157960892,-0.6599769592285156,-0.4107816219329834,3
1771110026554,0.1926422268152237,0.0806722640991211,0.5696747303009033,3
1771110026655,0.055353764444589615,-0.2928438186645508,0.42141056060791016,3
1771110026772,0.11975469440221786,-0.25454139709472656,0.16395854949951172,3
1771110026889,-0.18245473504066467,-0.4239053726196289,-0.23389959335327148,3
1771110027006,-0.07758951932191849,-0.44028759002685547,-0.057213544845581055,3
1771110027186,-0.3924444913864136,0.06579303741455078,-0.08069801330566406,3
1771110027217,-0.28591692447662354,0.15441608428955078,-0.9914476871490479,3
1771110027322,0.04520505294203758,-0.24185466766357422,-0.27632832527160645,3
1771110027424,0.0812418982386589,-0.04442405700683594,-0.00014853477478027344,3
1771110027539,-0.23916709423065186,-0.21086406707763672,-0.33081185817718506,3
1771110027655,0.08378801494836807,-0.238006591796875,0.1591029167175293,3
1771110027755,-0.07957310974597931,0.4963874816894531,-0.21613657474517822,3
1771110027859,-0.43851497769355774,-0.3886566162109375,-0.8371758460998535,3
1771110027973,-0.044749606400728226,0.43830394744873047,0.5076937675476074,3
1771110028121,0.49972984194755554,0.17440414428710938,0.15898656845092773,3
1771110028212,0.20887626707553864,-0.1381397247314453,0.5944511890411377,3
1771110028307,-0.3177661895751953,-0.3771543502807617,-0.44780397415161133,3
1771110028422,-0.02796805277466774,0.4582357406616211,0.2674555778503418,3
1771110028524,0.37390026450157166,-0.31341552734375,0.6462230682373047,3
1771110028641,0.3066229820251465,-0.3557615280151367,0.16062140464782715,3
1771110028740,0.1368730664253235,-0.2107105255126953,0.8608183860778809,3
1771110028857,-0.048766128718853,-0.7010612487792969,0.3963031768798828,3
1771110028976,0.06141088157892227,-0.490631103515625,0.5018658638000488,3
1771110029190,0.18526767194271088,-0.27669525146484375,0.28045010566711426,3
1771110029218,0.1223156750202179,0.26747798919677734,0.38446784019470215,3
1771110029308,-0.5520779490470886,-0.31119251251220703,0.03858447074890137,3
1771110029428,0.48948729038238525,-0.15789413452148438,-0.5675122737884521,3
1771110029525,-0.6130388975143433,0.18144893646240234,-0.10998725891113281,3
1771110029642,-0.07207706570625305,-0.05500221252441406,-0.2928473949432373,3
1771110029760,0.26583123207092285,0.17996788024902344,-0.12162208557128906,3
1771110029860,0.15953639149665833,0.4330110549926758,-0.3514697551727295,3
1771110029976,-0.2816438674926758,0.2613353729248047,-0.25507640838623047,3
1771110030177,0.3731783628463745,-0.15488910675048828,0.26622986793518066,3
1771110030208,0.22708112001419067,-0.31935787200927734,0.4703519344329834,3
1771110030311,0.2779614329338074,-0.3185443878173828,-0.3852379322052002,3
1771110030427,0.08541490137577057,-0.3363456726074219,0.23828697204589844,3
1771110030543,0.00997135043144226,-0.3852519989013672,0.2980160713195801,3
1771110030661,-0.38864266872406006,0.044956207275390625,-0.1241908073425293,3
1771110030777,0.11814649403095245,-0.048249244689941406,0.0570063591003418,3
1771110030897,-0.04850032180547714,0.12038612365722656,0.20493626594543457,3
1771110030996,0.39942336082458496,-0.16085147857666016,0.09716081619262695,3
1771110031141,-0.40814298391342163,0.5670909881591797,-0.4400947093963623,3
1771110031229,-0.5995244979858398,-0.2692584991455078,0.7548651695251465,3
1771110031330,0.17792493104934692,0.7039623260498047,-0.2868459224700928,3
1771110031448,-0.08686713874340057,-0.010348320007324219,0.42426013946533203,3
1771110031563,-0.28987058997154236,0.2974109649658203,0.47455668449401855,3
1771110031680,0.2772473692893982,-0.2977733612060547,-0.3850557804107666,3
1771110031799,-0.4217868149280548,0.1707477569580078,-0.0196835994720459,3
1771110031916,-0.06620961427688599,0.02237224578857422,0.6317968368530273,3
1771110032028,0.3665355145931244,-0.1757183074951172,-0.3893294334411621,3
1771110032182,-0.3393095135688782,0.15096664428710938,0.19994568824768066,3
1771110032248,-0.21353378891944885,-0.10646343231201172,0.07594656944274902,3
1771110032348,-0.16151434183120728,-0.11708927154541016,0.07800960540771484,3
1771110032463,0.19278565049171448,0.3354043960571289,-0.2746152877807617,3
1771110032563,0.427487313747406,-0.30780506134033203,0.307448148727417,3
1771110032680,0.14781087636947632,-0.09404277801513672,-0.12269282341003418,3
1771110032781,-0.05158780515193939,0.07233905792236328,0.17782855033874512,3
1771110032899,0.22411870956420898,-0.039383888244628906,0.06076407432556152,3
1771110032997,-0.08532384037971497,0.0010976791381835938,0.18684744834899902,3
1771110033184,-0.042475633323192596,-0.0010118484497070312,-0.16614603996276855,3
1771110033230,0.4365018606185913,0.1451587677001953,0.1530444622039795,3
1771110033347,-0.09224841743707657,-0.0014467239379882812,0.540766716003418,3
1771110033467,-0.17563679814338684,-0.0940694808959961,0.5550734996795654,3
1771110033580,0.17965257167816162,0.3624601364135742,0.023476839065551758,3
1771110033683,-0.06788872182369232,-0.4076271057128906,0.26256370544433594,3
1771110033798,-0.46020498871803284,0.38027000427246094,-0.414447546005249,3
1771110033916,-0.16275498270988464,0.15545272827148438,-0.45990800857543945,3
1771110034033,-0.1403723657131195,0.27393245697021484,-0.25787854194641113,3
1771110034190,-0.16821110248565674,0.1735858917236328,-0.6407308578491211,3
1771110034265,0.032674551010131836,-0.09400463104248047,-0.5476882457733154,3
1771110034366,0.3406547009944916,0.01739025115966797,-0.2489471435546875,3
1771110034481,0.010080602020025253,-0.13588333129882812,-0.2743082046508789,3
1771110034583,-0.40382814407348633,0.3084583282470703,-0.13580846786499023,3
1771110034699,-0.24075642228126526,0.6740312576293945,-0.7863732576370239,3
1771110034818,-0.03352905809879303,0.5698051452636719,-0.8955583572387695,3
1771110034935,0.5291601419448853,0.21654224395751953,-0.3093043565750122,3
1771110035051,-0.4679746627807617,0.08707523345947266,-0.7424166202545166,3
1771110035166,-0.08064426481723785,0.5626764297485352,-0.7789548635482788,3
1771110035298,0.31005361676216125,0.4064455032348633,-0.38750433921813965,3
1771110035401,0.02423614263534546,-0.6271982192993164,-0.28449440002441406,3
1771110035502,-0.17456409335136414,-0.11833477020263672,0.6748629808425903,3
1771110035617,-0.006568342447280884,0.6436586380004883,-0.5082657337188721,3
1771110035738,0.00210002064704895,0.15285491943359375,-0.6904263496398926,3
1771110035835,0.26801854372024536,-0.14299774169921875,0.9399887323379517,3
1771110035954,0.12489736080169678,0.10732173919677734,0.44917845726013184,3
1771110036054,0.331360399723053,-0.18721675872802734,0.7540351152420044,3
1771110036194,-0.7530735731124878,0.22869873046875,-1.497703194618225,3
1771110036284,0.04678866267204285,0.07394027709960938,0.6430418491363525,3
1771110036401,-0.6572370529174805,-0.28600311279296875,-1.0128856897354126,3
1771110036519,0.08376957476139069,-0.2057952880859375,0.5531725883483887,3
1771110036619,0.3923949599266052,-0.12487220764160156,-0.5356779098510742,3
1771110036735,-0.3118763566017151,0.4104194641113281,-1.0195372104644775,3
1771110036836,0.15056248009204865,-0.46846580505371094,-0.2719062566757202,3
1771110036952,-0.484666109085083,-0.27205753326416016,-1.3164911270141602,3
1771110037071,-0.2878219485282898,-0.1299734115600586,0.7975660562515259,3
1771110037203,0.06886713206768036,-0.5495815277099609,1.176955223083496,3
1771110037287,-0.1284915655851364,-0.016954421997070312,0.2314356565475464,3
1771110037404,-0.15456461906433105,-0.07799053192138672,-0.7173763513565063,3
1771110037521,0.4885585904121399,0.10233783721923828,1.354183316230774,3
1771110037638,-0.5618187189102173,-0.1793498992919922,-0.7022136449813843,3
1771110037761,-0.14736342430114746,-0.12202167510986328,-0.05972182750701904,3
1771110037872,0.27428528666496277,-0.4304771423339844,0.7288532257080078,3
1771110037988,0.35442423820495605,-0.48030948638916016,0.548717737197876,3
1771110038187,-0.5690554976463318,-0.3682861328125,0.5062499046325684,3
1771110038220,-0.2260691523551941,0.45882511138916016,0.30013370513916016,3
1771110038321,0.342549204826355,0.17279624938964844,1.2210570573806763,3
1771110038423,0.12103423476219177,0.4931344985961914,-0.7672660946846008,3
1771110038537,0.15354031324386597,-0.14214515686035156,-1.0817301273345947,3
1771110038655,0.13706034421920776,0.6726398468017578,0.417683482170105,3
1771110038754,-0.34995633363723755,0.2464733123779297,-0.9899972677230835,3
1771110038871,0.3394107520580292,-0.30453014373779297,0.28163039684295654,3
1771110038988,-0.4853094220161438,0.8768415451049805,0.7509475946426392,3
1771110039246,0.4699693024158478,-0.36737918853759766,0.8079564571380615,3
1771110039246,0.4699693024158478,-0.36737918853759766,0.8079564571380615,3
1771110039322,0.42541736364364624,-0.1533374786376953,0.2892570495605469,3
1771110039439,0.3516418933868408,-0.11785030364990234,0.8842947483062744,3
1771110039555,0.2731555998325348,0.6059837341308594,-0.39827895164489746,3
1771110039672,0.09970101714134216,0.4158468246459961,-0.7598781585693359,3
1771110039790,0.3646714687347412,-0.13114452362060547,0.14870738983154297,3
1771110039907,-0.45574715733528137,0.11606216430664062,1.0420002937316895,3
1771110040023,0.12986856698989868,-0.24303627014160156,0.09441471099853516,3
1771110040206,-0.6276925802230835,-0.6729803085327148,-0.3736143112182617,3
1771110040247,0.24393026530742645,-1.6263632774353027,0.5418186187744141,3
1771110040357,-0.2350645512342453,1.8714523315429688,-1.2069735527038574,3
1771110040458,-0.1174650490283966,1.3580741882324219,-0.18784070014953613,3
1771110040574,1.52737295627594,0.6544466018676758,0.2160172462463379,3
1771110040691,0.9537222981452942,-1.350764274597168,-3.478764295578003,3
1771110040808,0.3270644545555115,0.9040746688842773,1.5242273807525635,3
1771110040925,-0.36670753359794617,0.14115333557128906,-0.655526876449585,3
1771110041041,0.31565889716148376,0.7388391494750977,-0.656116247177124,3
1771110041208,-0.02149304747581482,0.15392780303955078,-0.7292351722717285,3
1771110041257,-0.552305281162262,-0.6110420227050781,-1.2887107133865356,3
1771110041376,-0.48506733775138855,0.3125486373901367,-0.3609633445739746,3
1771110041491,0.5185238122940063,0.4766826629638672,-1.7050451040267944,3
1771110041592,0.1660340428352356,0.2418689727783203,1.3613109588623047,3
1771110041710,0.17178024351596832,-0.6292228698730469,0.7893590927124023,3
1771110041824,-0.06779909133911133,0.29049110412597656,2.104724645614624,3
1771110041925,-0.17987662553787231,0.9720535278320312,-0.26322245597839355,3
1771110042045,-0.4598524570465088,-0.46808338165283203,-1.10032320022583,3
1771110042184,-0.7234906554222107,-0.4523639678955078,-1.5823707580566406,3
1771110042260,0.1590750813484192,-0.41837406158447266,1.2178504467010498,3
1771110042376,0.2759455442428589,0.5589942932128906,0.2791409492492676,3
1771110042494,0.006257057189941406,-0.2397937774658203,1.227797031402588,3
1771110042615,-0.46928057074546814,-0.11135482788085938,-0.15343952178955078,3
1771110042726,0.9447400569915771,0.47660255432128906,1.3262443542480469,3
1771110042831,-0.6450420618057251,0.45232677459716797,0.14147639274597168,3
1771110042930,0.021618284285068512,-0.3612089157104492,1.8410587310791016,3
1771110043044,-0.7564321756362915,0.5599460601806641,-0.9084985256195068,3
1771110043152,0.022346511483192444,-0.3647193908691406,-0.2519521713256836,3
1771110043248,-0.35016459226608276,-0.3318367004394531,0.4095945358276367,3
1771110043361,-0.6064819693565369,0.5848350524902344,-0.5218172073364258,3
1771110043478,0.5985386967658997,-0.07182788848876953,0.0697336196899414,3
1771110043595,0.4335416257381439,-0.28079700469970703,1.0006990432739258,3
1771110043713,0.2740135192871094,-0.2488861083984375,0.6294951438903809,3
1771110043830,-0.05830232799053192,-0.8418512344360352,-0.6369197368621826,3
1771110043946,0.26124924421310425,-0.33397865295410156,-0.014590740203857422,3
1771110044066,-0.42701631784439087,0.15265178680419922,-0.17719697952270508,3
1771110044213,0.5353610515594482,-1.0276832580566406,-0.3818342685699463,3
1771110044279,-0.1611567735671997,-0.212432861328125,2.2774014472961426,3
1771110044396,0.9311372637748718,0.10150623321533203,0.8703722953796387,3
1771110044512,0.09543731063604355,0.3898954391479492,0.22255778312683105,3
1771110044614,-0.12650877237319946,-0.05283164978027344,-0.4921739101409912,3
1771110044730,-0.10700283944606781,0.789158821105957,0.8704721927642822,3
1771110044830,0.44510531425476074,-0.48615169525146484,0.8551352024078369,3
1771110044948,-0.3973426818847656,0.27419567108154297,-0.49623632431030273,3
1771110045065,-0.04572436213493347,-1.0116891860961914,0.0653071403503418,3
1771110045209,0.6635382175445557,0.45761680603027344,0.16308021545410156,3
1771110045280,-0.1468869149684906,-0.3628835678100586,0.4816133975982666,3
1771110045383,-0.11143893003463745,-0.15387821197509766,-0.1674032211303711,3
1771110045497,0.30787986516952515,-0.6985082626342773,-1.8080215454101562,3
1771110045613,-0.41201353073120117,1.0341377258300781,-0.22148346900939941,3
1771110045731,0.69248366355896,-0.1634979248046875,-0.32385778427124023,3
1771110045832,-0.45568615198135376,0.1297616958618164,-0.9962135553359985,3
1771110045952,-1.9521605968475342,-0.40047550201416016,0.46474170684814453,3
1771110046065,0.6909133195877075,-0.5935239791870117,0.7459397315979004,3
1771110046207,0.12149590253829956,-0.24392127990722656,-0.03630995750427246,3
1771110046282,0.043468162417411804,1.0754947662353516,-0.5853502750396729,3
1771110046384,-0.21976326406002045,-0.054808616638183594,-0.6102564334869385,3
1771110046501,0.03927065432071686,-0.18698883056640625,0.239274263381958,3
1771110046616,-0.10822732746601105,-0.26497936248779297,-0.2889413833618164,3
1771110046737,0.007401376962661743,-0.028931617736816406,-0.20861077308654785,3
1771110046850,0.0540279746055603,-0.19621562957763672,-0.26645731925964355,3
1771110046967,-0.02003839612007141,0.3697500228881836,-0.06077122688293457,3
1771110047084,-0.15050137042999268,0.19660377502441406,-0.6641857624053955,3
1771110047234,0.029776960611343384,0.1632251739501953,-0.6940979957580566,3
1771110047317,-0.10823473334312439,0.8441429138183594,0.3958163261413574,3
1771110047435,0.029466480016708374,0.04642486572265625,0.27926135063171387,3
1771110047551,0.14055806398391724,0.2786388397216797,0.0564723014831543,3
1771110047667,-0.008825182914733887,-0.5178136825561523,0.07013607025146484,3
1771110047784,-0.23950162529945374,-0.12919235229492188,0.16202616691589355,3
1771110047901,0.1358446478843689,-0.04381847381591797,-0.18021750450134277,3
1771110048018,-0.28393080830574036,0.2617034912109375,-0.6403732299804688,3
1771110048204,0.22693905234336853,-0.4264955520629883,-0.22326231002807617,3
1771110048235,0.46523699164390564,-0.3743162155151367,-0.0671234130859375,3
1771110048352,-0.24841450154781342,-0.1511077880859375,-0.47620248794555664,3
1771110048471,-0.13765230774879456,-0.08382987976074219,-0.31116461753845215,3
1771110048585,0.2533493638038635,0.2262277603149414,-0.06462883949279785,3
1771110048685,-0.23812225461006165,-0.12681865692138672,0.0885322093963623,3
1771110048802,-0.11361604928970337,-0.053572654724121094,0.24835777282714844,3
1771110048918,0.2822122871875763,0.7240734100341797,0.5671908855438232,3
1771110049020,0.10545000433921814,0.021447181701660156,-0.2959601879119873,3
1771110049213,0.04748621582984924,0.03415679931640625,-0.4288675785064697,3
1771110049252,0.1081918478012085,0.13732242584228516,-0.5142149925231934,3
1771110049353,-0.4092750549316406,-0.039908409118652344,-0.3918783664703369,3
1771110049470,-0.07119831442832947,-0.024845123291015625,-0.768648624420166,3
1771110049587,0.40911486744880676,0.02801036834716797,-0.2506828308105469,3
1771110049704,-0.6163331270217896,0.0660696029663086,0.09235954284667969,3
1771110049821,-0.3026164770126343,0.20128440856933594,-0.10027861595153809,3
1771110049939,0.005471229553222656,0.14803600311279297,-0.20425915718078613,3
1771110050056,-0.08799302577972412,0.5918445587158203,-0.16057205200195312,3
1771110050199,0.23766440153121948,-0.4426717758178711,-0.31588077545166016,3
1771110050289,0.14665155112743378,0.5029830932617188,0.05442309379577637,3
1771110050405,0.41397756338119507,0.5579023361206055,-0.24863886833190918,3
1771110050521,-0.021674543619155884,0.14617538452148438,-0.0071506500244140625,3
1771110050638,-0.05351442098617554,-0.05896568298339844,0.31636500358581543,3
1771110050755,0.2882862687110901,0.28261661529541016,-0.06549453735351562,3
1771110050872,0.26069068908691406,-0.08229541778564453,0.12499713897705078,3
1771110050988,0.05922769010066986,0.05994892120361328,0.007317066192626953,3
1771110051105,0.09805251657962799,-0.4471397399902344,0.10714936256408691,3
1771110051207,-0.0028559714555740356,0.27471351623535156,0.16542816162109375,3
1771110051322,-0.14670026302337646,-0.16250896453857422,-0.7202482223510742,3
1771110051423,-0.12499121576547623,0.4933290481567383,-0.7227919101715088,3
1771110051524,0.061104148626327515,-0.14533615112304688,-0.5234560966491699,3
1771110051639,0.09838846325874329,-0.11884021759033203,-0.3223907947540283,3
1771110051758,-0.45079976320266724,0.0878610610961914,-0.557077169418335,3
1771110051873,0.16217488050460815,0.008255958557128906,0.41963648796081543,3
1771110051990,0.29175877571105957,0.3549032211303711,-0.4629431962966919,3
1771110052091,-0.3420960307121277,-0.11616706848144531,-1.1769484281539917,3
1771110052223,-0.20046450197696686,-0.11085891723632812,-0.8240443468093872,3
1771110052324,0.2548215985298157,0.056715965270996094,-0.5723514556884766,3
1771110052443,-0.18065086007118225,-0.22113704681396484,-1.0259026288986206,3
1771110052543,0.09650284051895142,0.21146678924560547,0.6838979721069336,3
1771110052657,-0.05413395166397095,0.1622943878173828,-0.00203549861907959,3
1771110052757,-0.18083979189395905,-0.20456314086914062,-0.372755765914917,3
1771110052858,0.35857462882995605,0.3978910446166992,0.4771057367324829,3
1771110052974,0.23305734992027283,-0.056296348571777344,-0.23063349723815918,3
1771110053099,0.12121865153312683,-0.053928375244140625,-0.4533116817474365,3
1771110053193,-0.07120683789253235,0.19807815551757812,-0.3322559595108032,3
1771110053308,-0.019300520420074463,0.1820840835571289,-0.008991003036499023,3
1771110053409,0.4589197635650635,-0.18496322631835938,-0.3389056921005249,3
1771110053511,0.0715123638510704,-0.02457141876220703,1.0026497840881348,3
1771110053625,-0.40785878896713257,0.21228313446044922,0.3146272897720337,3
1771110053728,0.7178457379341125,-0.17020606994628906,0.8083544969558716,3
1771110053844,0.14687785506248474,0.6383247375488281,0.47022533416748047,3
1771110053959,0.03488361835479736,0.01820087432861328,0.4822111129760742,3
1771110054076,-0.34955650568008423,0.11927413940429688,-0.29704225063323975,3
1771110054177,0.0836699977517128,0.24808216094970703,1.3572664260864258,3
1771110054279,-0.27699190378189087,0.00820159912109375,-0.6970030069351196,3
1771110054394,0.3487917184829712,0.05253124237060547,0.05385279655456543,3
1771110054512,-0.24769854545593262,0.09924793243408203,0.5340240001678467,3
1771110054629,-0.4254899024963379,-0.6587133407592773,-0.2586171627044678,3
1771110054744,-0.07638410478830338,0.2843923568725586,0.8288073539733887,3
1771110054846,0.5247963666915894,-0.49762439727783203,-0.06444454193115234,3
1771110054963,0.24853995442390442,-0.43319225311279297,-0.32650160789489746,3
1771110055063,-1.111783742904663,0.6087169647216797,-1.0115532875061035,3
1771110055228,0.0018698349595069885,0.8146877288818359,-1.5333853960037231,3
1771110055294,1.4337657690048218,0.735051155090332,-2.1411163806915283,3
1771110055395,-0.35512590408325195,-1.0305986404418945,0.10077261924743652,3
1771110055501,-0.8409897089004517,0.6606235504150391,-0.35129451751708984,3
1771110055612,-0.4105958342552185,0.1693401336669922,1.043534278869629,3
1771110055712,0.6956354379653931,0.1937408447265625,-0.8247065544128418,3
1771110055832,0.803438127040863,0.6475324630737305,-0.31215643882751465,3
1771110055950,-0.7167347073554993,-0.046097755432128906,-0.9345794916152954,3
1771110056063,0.05435025691986084,0.1016988754272461,-0.1241917610168457,3
1771110056226,-0.04488383233547211,0.2797861099243164,3.158243179321289,3
1771110056298,-0.039589785039424896,0.4008607864379883,0.05257463455200195,3
1771110056398,0.48609989881515503,0.10072708129882812,-0.22386646270751953,3
1771110056514,-0.29363545775413513,-0.8566112518310547,-0.8006415367126465,3
1771110056631,0.029497355222702026,-0.8785982131958008,1.1600749492645264,3
1771110056750,-0.9005807638168335,-0.07929229736328125,0.87369704246521,3
1771110056864,0.7146651744842529,0.6418094635009766,0.46992921829223633,3
1771110056982,-0.37011632323265076,0.8621854782104492,-0.03512883186340332,3
1771110057101,-0.3549516201019287,1.1590709686279297,-0.2165982723236084,3
1771110057217,-0.9813559651374817,-0.004979133605957031,1.042243242263794,3
1771110057319,0.2810409367084503,-0.07123470306396484,-2.0460007190704346,3
1771110057432,0.6557036638259888,0.5560083389282227,1.5318934917449951,3
1771110057548,-0.7131869196891785,-0.6926565170288086,-1.0019724369049072,3
1771110057664,1.1002600193023682,-0.37328243255615234,-0.07627081871032715,3
1771110057766,-0.0619032047688961,-0.20191192626953125,2.0688588619232178,3
1771110057866,0.40339961647987366,0.10839462280273438,-1.243645429611206,3
1771110057982,0.8440251350402832,-0.4394235610961914,0.4222602844238281,3
1771110058083,0.8683302998542786,0.1383218765258789,1.2649835348129272,3
1771110058229,-0.4995354115962982,0.32106494903564453,-0.26958775520324707,3
1771110058319,0.6137534379959106,0.26172924041748047,-0.19132864475250244,3
1771110058434,-0.5369936227798462,0.9149074554443359,-1.3627293109893799,3
1771110058550,-1.0262134075164795,0.7955303192138672,-1.245949387550354,3
1771110058667,0.2555248439311981,-0.22179222106933594,0.11933326721191406,3
1771110058768,-0.2249656617641449,-0.8545379638671875,-1.8093841075897217,3
1771110058886,0.6895429491996765,-0.1485424041748047,1.151364803314209,3
1771110059001,0.29811403155326843,-0.7890090942382812,0.8693090677261353,3
1771110059118,0.9262162446975708,0.2226696014404297,1.7607793807983398,3
1771110059233,-0.031224951148033142,0.3948659896850586,0.7921464443206787,3
1771110059374,-0.4987695813179016,0.3182229995727539,-0.2625236511230469,3
1771110059468,-0.30536726117134094,-0.011873245239257812,-0.8145951628684998,3
1771110059586,0.04927750304341316,-0.3133125305175781,0.96232008934021,3
1771110059686,-0.26349401473999023,0.35083866119384766,-0.795128345489502,3
1771110059801,-1.3302193880081177,1.4697656631469727,-0.48123979568481445,3
1771110059919,0.07521302253007889,0.8826932907104492,-1.85653817653656,3
1771110060037,0.549907386302948,0.9697589874267578,1.1068823337554932,3
1771110060223,0.05192369967699051,-0.5384540557861328,-1.1468466520309448,3
1771110060252,0.04185553640127182,-0.16331005096435547,1.1962099075317383,3
1771110060356,0.6560684442520142,-0.4312744140625,1.5589959621429443,3
1771110060454,-0.2493920922279358,0.28482818603515625,1.6207911968231201,3
1771110060571,0.16017025709152222,0.09787464141845703,0.1941683292388916,3
1771110060673,0.20938575267791748,0.6000738143920898,0.5731329917907715,3
1771110060786,-0.6209020614624023,-0.2720813751220703,-1.274206280708313,3
1771110060905,0.19038161635398865,-0.46345043182373047,1.4313154220581055,3
1771110061004,0.150316059589386,-0.3526954650878906,0.17381763458251953,3
1771110061123,0.6155328750610352,0.03436088562011719,0.23560643196105957,3
1771110061247,-0.19346246123313904,0.02467823028564453,-0.22568845748901367,3
1771110061354,-0.42464616894721985,0.8599338531494141,0.11615157127380371,3
1771110061470,1.2628247737884521,0.4234485626220703,0.2902648448944092,3
1771110061588,0.404354065656662,-0.20704174041748047,-0.0959322452545166,3
1771110061705,-0.9184326529502869,-0.3870220184326172,1.0034210681915283,3
1771110061806,-0.14010216295719147,-0.032364845275878906,-2.212805986404419,3
1771110061921,-0.14844584465026855,0.3045072555541992,1.022038221359253,3
1771110062025,-0.0687786340713501,-0.5356073379516602,-0.14431405067443848,3
1771110062206,0.584488570690155,-0.35853004455566406,-0.4844543933868408,3
1771110062255,-0.3384511470794678,0.9225320816040039,0.10973691940307617,3
1771110062373,0.41956695914268494,-0.4733572006225586,-0.0007750988006591797,3
1771110062475,1.3615707159042358,0.020906448364257812,1.249201774597168,3
1771110062588,0.17824794352054596,-0.2848377227783203,1.0817971229553223,3
1771110062706,-0.486775279045105,-1.0677566528320312,-0.3388150930404663,3
1771110062822,-0.8507816791534424,-1.5730609893798828,-1.6454674005508423,3
1771110062923,-0.5505009889602661,-0.024656295776367188,-0.19774818420410156,3
1771110063040,-0.7191170454025269,0.8070154190063477,-0.8320928812026978,3
1771110063203,-0.0458359494805336,-0.22614383697509766,-0.05068469047546387,3
1771110063273,-0.5237843990325928,0.8237276077270508,-1.7087204456329346,3
1771110063374,-0.7348730564117432,-0.4250316619873047,-0.7498906850814819,3
1771110063491,-0.057240843772888184,0.09774208068847656,0.44319117069244385,3
1771110063608,0.4299546480178833,-0.4543647766113281,1.237865924835205,3
1771110063727,0.1983482539653778,-0.10021018981933594,1.3680139780044556,3
1771110063841,-0.17508895695209503,0.201629638671875,0.912983775138855,3
1771110063957,-0.6382843852043152,0.4095439910888672,-0.09408891201019287,3
1771110064074,0.4517325460910797,0.3708343505859375,0.28660666942596436,3
1771110064231,0.14322243630886078,0.3503847122192383,0.7917647361755371,3
1771110064293,-0.05850721895694733,0.7364797592163086,0.11478960514068604,3
1771110064409,-1.1820809841156006,0.4663066864013672,-0.9280588626861572,3
1771110064511,-0.404083788394928,-0.523101806640625,-0.0655066967010498,3
1771110064626,-0.31307321786880493,0.5098848342895508,-0.5240141153335571,3
1771110064742,0.2510600686073303,-0.2047271728515625,0.26484477519989014,3
1771110064859,-0.3514936566352844,0.32255077362060547,-0.15660345554351807,3
1771110064979,0.0435868576169014,-0.2615375518798828,-0.682914137840271,3
1771110065095,0.2802400588989258,0.04931354522705078,0.5992399454116821,3
1771110065255,0.8855741620063782,-0.8286828994750977,-0.12273073196411133,3
1771110065321,0.650860071182251,-0.14806461334228516,-0.3184853792190552,3
1771110065428,-0.4158497154712677,0.4458789825439453,0.4003884792327881,3
1771110065543,0.06972340494394302,-0.050101280212402344,0.02416706085205078,3
1771110065644,-0.36540529131889343,0.3947925567626953,-0.4012550115585327,3
1771110065760,-0.4258009195327759,0.5001373291015625,0.08123183250427246,3
1771110065876,0.4367271661758423,-0.2560606002807617,-0.44507646560668945,3
1771110065994,-0.14219960570335388,0.25692081451416016,-0.414231538772583,3
1771110066113,-0.23953282833099365,0.27269744873046875,0.32958686351776123,3
1771110066231,-0.11365094035863876,-0.9321632385253906,0.5406686067581177,3
1771110066344,0.14630654454231262,-0.3445873260498047,0.986431360244751,3
1771110066444,-0.08077346533536911,0.536041259765625,-0.5123546123504639,3
1771110066561,-0.2908250093460083,0.08026790618896484,-0.9565513134002686,3
1771110066677,-0.17101511359214783,-0.13172149658203125,-0.5202703475952148,3
1771110066780,0.19550587236881256,-0.33964061737060547,1.7877910137176514,3
1771110066881,0.4318268895149231,-0.4258699417114258,-0.20364689826965332,3
1771110066995,0.12474808841943741,0.8002843856811523,-0.5715720653533936,3
1771110067112,0.15495845675468445,0.18224334716796875,-1.1844499111175537,3
1771110067219,-0.07046456634998322,0.8616170883178711,-0.046534061431884766,3
1771110067329,0.1053149476647377,0.014288902282714844,-0.12227177619934082,3
1771110067432,-0.4536369740962982,-0.6316194534301758,0.33406639099121094,3
1771110067546,-0.8392728567123413,0.046324729919433594,0.11948394775390625,3
1771110067663,0.16967540979385376,0.30034351348876953,-0.8067456483840942,3
1771110067780,0.6857564449310303,0.15476417541503906,0.29205894470214844,3
1771110067881,0.06755515187978745,0.42128753662109375,0.005734920501708984,3
1771110067996,0.16087394952774048,-0.08072090148925781,0.27562379837036133,3
1771110068140,0.32084956765174866,-0.24683380126953125,0.021016359329223633,3
1771110068220,-0.21125811338424683,-0.19542312622070312,-0.3545382022857666,3
1771110068331,0.03769751638174057,-0.19146728515625,0.22852444648742676,3
1771110068447,-0.747408926486969,-0.4050731658935547,-0.07920670509338379,3
1771110068564,0.09433923661708832,-0.15746784210205078,-0.04333186149597168,3
1771110068682,0.3271844983100891,-0.30237293243408203,0.6061868667602539,3
1771110068782,0.23992793262004852,0.5787868499755859,0.1038210391998291,3
1771110068899,-0.002515368163585663,0.34683895111083984,-0.25937461853027344,3
1771110069015,-0.08858641982078552,0.40305137634277344,0.5167701244354248,3
1771110069116,0.15801680088043213,-0.5836753845214844,0.0691215991973877,3
1771110069254,-0.19492147862911224,0.5947580337524414,-0.17534136772155762,3
1771110069333,-0.11845356225967407,-0.47147560119628906,-0.15465211868286133,3
1771110069435,-0.29956719279289246,0.20993900299072266,-0.002866029739379883,3
1771110069549,-0.044492948800325394,-0.4909677505493164,0.9526655673980713,3
1771110069665,-0.220550537109375,-0.3185148239135742,-0.3950693607330322,3
1771110069784,0.1419413834810257,-0.24309444427490234,0.6197226047515869,3
1771110069902,0.3034767806529999,-0.01120758056640625,0.9609978199005127,3
1771110070000,0.39472582936286926,0.010865211486816406,-0.09360933303833008,3
1771110070143,-0.04169941693544388,0.5804080963134766,0.353687047958374,3
1771110070253,0.22009040415287018,-0.2615947723388672,-0.7819944620132446,3
1771110070333,0.15883705019950867,-0.015387535095214844,-0.7200223207473755,3
1771110070435,-0.5471941828727722,-0.054107666015625,-0.7390543222427368,3
1771110070552,-0.20724275708198547,0.17501068115234375,-0.16147923469543457,3
1771110070668,-0.06264835596084595,-0.09818172454833984,-0.03493666648864746,3
1771110070783,-0.07403130829334259,-0.10009002685546875,-0.6010711193084717,3
1771110070901,0.7438418865203857,-0.18327903747558594,-0.21489524841308594,3
1771110071021,0.023834099993109703,0.17684555053710938,0.9242563247680664,3
1771110071137,-0.023575030267238617,0.10928821563720703,-0.4666459560394287,3
1771110071254,-0.21271778643131256,0.32476806640625,-0.2523798942565918,3
1771110071369,0.1267043650150299,-0.12267589569091797,-0.7192342281341553,3
1771110071485,0.25493156909942627,0.2296123504638672,-0.13008522987365723,3
1771110071585,0.27543073892593384,0.2702178955078125,-0.6389507055282593,3
1771110071686,0.049222223460674286,-0.49108028411865234,0.10548162460327148,3
1771110071802,-0.011446855962276459,-0.23394489288330078,-0.8445167541503906,3
1771110071921,0.3583110272884369,-0.49627017974853516,0.8805825710296631,3
1771110072036,0.05629546567797661,0.42589759826660156,0.8364479541778564,3
1771110072217,0.1406135857105255,-0.513829231262207,-0.06448960304260254,3
1771110072254,0.30275237560272217,-0.1521596908569336,-0.3143343925476074,3
1771110072371,-0.6081262230873108,0.5890483856201172,-0.3911106586456299,3
1771110072487,0.2928212583065033,0.19779109954833984,0.3126366138458252,3
1771110072603,-0.05876798927783966,0.6394290924072266,-0.4077322483062744,3
1771110072720,0.2205730378627777,-0.04314136505126953,-0.6315014362335205,3
1771110072839,0.37755274772644043,-0.30782508850097656,0.6026451587677002,3
1771110072958,-0.46085208654403687,-0.2100200653076172,-0.09321427345275879,3
1771110073055,0.2768515348434448,-0.18837738037109375,0.08090472221374512,3
1771110073237,0.12633320689201355,0.11265277862548828,0.11820316314697266,3
1771110073291,-0.044931814074516296,0.2432270050048828,0.08251237869262695,3
1771110073392,0.008208811283111572,0.01578807830810547,0.3117973804473877,3
1771110073507,0.01833304762840271,0.34653568267822266,-0.012993574142456055,3
1771110073622,0.18808221817016602,-0.2273883819580078,0.6020166873931885,3
1771110073723,-0.021047458052635193,-0.3844633102416992,0.23810744285583496,3
1771110073838,0.1489643156528473,-0.37044620513916016,0.39937901496887207,3
1771110073939,-0.17270249128341675,0.12755203247070312,-0.7826952934265137,3
1771110074055,-0.7854192852973938,-0.0780801773071289,-0.04628562927246094,3
1771110074227,0.4728397727012634,-0.38938426971435547,-0.3915891647338867,3
1771110074272,-0.2710864543914795,-0.5230522155761719,0.04093813896179199,3
1771110074374,0.17418424785137177,0.47161388397216797,-0.6065628528594971,3
1771110074490,-0.16054587066173553,0.6000900268554688,0.1277604103088379,3
1771110074591,0.17852434515953064,0.14089107513427734,0.9168322086334229,3
1771110074708,-0.1803036332130432,-0.27864742279052734,0.9286670684814453,3
1771110074826,0.14686304330825806,-0.48531436920166016,-0.5907104015350342,3
1771110074940,0.3169732093811035,0.2566366195678711,0.7194199562072754,3
1771110075061,0.24293212592601776,0.37494850158691406,-0.3160562515258789,3
1771110075184,-0.12849219143390656,0.023988723754882812,0.3568282127380371,3
1771110075289,0.22766903042793274,0.37703609466552734,-0.18979096412658691,3
1771110075394,0.20375920832157135,-0.24762630462646484,0.0003991127014160156,3
1771110075507,0.14769430458545685,-0.4337196350097656,-0.03543710708618164,3
1771110075615,0.21716664731502533,-0.4871702194213867,0.03359627723693848,3
1771110075726,0.20805048942565918,-0.2841777801513672,-0.2016136646270752,3
1771110075844,0.3967248797416687,0.10781002044677734,0.4358553886413574,3
1771110075957,-0.3243406116962433,0.3036031723022461,-0.807265043258667,3
1771110076063,0.2901049852371216,-0.22146224975585938,-0.5200455188751221,3
1771110076216,0.25362658500671387,0.32633304595947266,0.28639817237854004,3
1771110076292,0.20878590643405914,0.6813697814941406,0.28862547874450684,3
1771110076409,0.019361138343811035,-0.43363475799560547,-0.35060739517211914,3
1771110076527,0.0055997371673583984,0.3757438659667969,0.1297013759613037,3
1771110076626,-0.0054219067096710205,0.12141704559326172,-0.3660104274749756,3
1771110076744,-0.27289140224456787,0.47427940368652344,-1.2857978343963623,3
1771110076867,0.7863969802856445,0.5940179824829102,-0.4735112190246582,3
1771110076976,-0.057894207537174225,0.513763427734375,0.037749290466308594,3
1771110077092,-0.615013837814331,0.032939910888671875,-0.6008756160736084,3
1771110077237,-0.510049045085907,0.4550905227661133,0.6830236911773682,3
1771110077311,-0.5355837345123291,-0.5735530853271484,0.35986781120300293,3
1771110077411,1.031093955039978,1.4316205978393555,1.224442720413208,3
1771110077528,0.21819588541984558,-0.4712047576904297,-0.47182154655456543,3
1771110077644,-0.9466754198074341,-1.1464347839355469,-1.1994117498397827,3
1771110077748,-1.5832772254943848,0.39990997314453125,-3.2716078758239746,3
1771110077861,0.6722815036773682,0.04571819305419922,-0.3113594055175781,3
1771110077963,-0.6090199947357178,-0.9635896682739258,-1.7228785753250122,3
1771110078082,-0.8604115843772888,-1.1060667037963867,-1.5295827388763428,3
1771110078195,-0.6148267984390259,-0.03273963928222656,-0.9292995929718018,3
1771110078312,0.41463640332221985,0.6073179244995117,-0.16332721710205078,3
1771110078428,0.2968338429927826,-0.34273242950439453,0.7192234992980957,3
1771110078528,-0.47190243005752563,-0.07343006134033203,-1.8705793619155884,3
1771110078647,0.10947605967521667,0.5585365295410156,-0.22237098217010498,3
1771110078748,0.22224265336990356,-0.8132238388061523,-0.9568300247192383,3
1771110078864,-0.6322291493415833,-0.4044313430786133,0.738483190536499,3
1771110078982,0.5716177225112915,-0.6324367523193359,-0.24718499183654785,3
1771110079090,-0.2834162414073944,0.04366779327392578,0.10772919654846191,3
1771110079273,1.5278892517089844,-0.052063941955566406,2.11348819732666,3
1771110079301,-0.7293030023574829,0.898468017578125,-1.0380460023880005,3
1771110079415,1.3201266527175903,0.08622074127197266,0.4305145740509033,3
1771110079531,-0.17030638456344604,0.16455745697021484,1.3562490940093994,3
1771110079630,1.0120279788970947,-1.1953983306884766,-1.2152795791625977,3
1771110079748,0.36380133032798767,0.4312162399291992,0.20528554916381836,3
1771110079864,-0.5161916613578796,0.5353355407714844,-2.3663785457611084,3
1771110079965,2.001241445541382,-1.6687488555908203,3.106621742248535,3
1771110080085,0.7216138243675232,-0.15391063690185547,-1.2125825881958008,3
1771110080204,-0.2731728255748749,-0.9663906097412109,-1.5279743671417236,3
1771110080315,-0.5130999684333801,-0.4870176315307617,-1.3875179290771484,3
1771110080433,0.0009630881249904633,0.6408100128173828,-0.6217715740203857,3
1771110080548,-0.29199278354644775,0.45450305938720703,-1.4413793087005615,3
1771110080668,0.22583365440368652,1.5447349548339844,-1.7569196224212646,3
1771110080783,0.6525831818580627,-1.613525390625,0.9729404449462891,3
1771110080900,-1.455217957496643,-0.18555450439453125,-0.19282960891723633,3
1771110081016,-0.5829744935035706,-0.009530067443847656,-1.254196286201477,3
1771110081152,-1.1945244073867798,0.5731840133666992,0.4036681652069092,3
1771110081234,0.015285011380910873,-0.024315834045410156,-0.499706506729126,3
1771110081337,-0.09723637998104095,0.5428943634033203,0.271822452545166,3
1771110081454,0.04371526092290878,-0.6488037109375,0.6280727386474609,3
1771110081567,0.7624125480651855,-0.5067253112792969,0.8964211940765381,3
1771110081683,0.6738411784172058,0.07364082336425781,0.7331011295318604,3
1771110081785,0.42137789726257324,-0.35334300994873047,-0.3034815788269043,3
1771110081901,1.18442964553833,-0.2830934524536133,0.4014706611633301,3
1771110082016,0.03905685245990753,-0.7483863830566406,-0.9367691278457642,3
1771110082223,-0.7609906792640686,-0.6036128997802734,1.0224361419677734,3
1771110082267,0.6276884078979492,0.16268539428710938,0.6212048530578613,3
1771110082351,0.22217261791229248,-1.7231621742248535,-0.0780344009399414,3
1771110082470,0.7821984887123108,-0.0872354507446289,0.5675368309020996,3
1771110082584,-0.29058587551116943,0.2868986129760742,0.21934819221496582,3
1771110082685,-0.2550695240497589,-0.31246089935302734,-0.404461145401001,3
1771110082802,0.019013460725545883,0.4374513626098633,-0.126511812210083,3
1771110082919,0.2492866814136505,0.13056468963623047,-0.23502135276794434,3
1771110083035,0.01077931746840477,0.1524648666381836,-0.4523782730102539,3
1771110083135,0.1258554309606552,0.11303901672363281,0.11279153823852539,3
1771110083237,0.22462913393974304,0.21599769592285156,0.600736141204834,3
1771110083353,0.35628873109817505,0.013479232788085938,0.23842716217041016,3
1771110083454,-0.45505422353744507,-0.3746833801269531,0.10330843925476074,3
1771110083570,0.0823945477604866,-0.04867362976074219,-0.0761570930480957,3
1771110083687,0.06917040050029755,0.40560436248779297,0.2394547462463379,3
1771110083803,0.1786445677280426,0.27474117279052734,1.206620216369629,3
1771110083905,0.44111233949661255,0.0628042221069336,-0.02821969985961914,3
1771110084020,-0.47235244512557983,-0.1550588607788086,0.49619126319885254,3
1771110084152,-0.30749133229255676,0.20714092254638672,-0.20356154441833496,3
1771110084223,-0.2787609398365021,0.06190299987792969,0.004052400588989258,3
1771110084337,0.130947545170784,0.16267013549804688,0.1366128921508789,3
1771110084437,-0.5451089143753052,0.06273078918457031,0.446566104888916,3
1771110084554,0.49890682101249695,0.18735027313232422,0.3445296287536621,3
1771110084673,-0.2673361003398895,-0.041062355041503906,0.6992020606994629,3
1771110084790,0.2509709596633911,-0.49107933044433594,0.19569110870361328,3
1771110084909,0.30422866344451904,-0.07125282287597656,0.5286948680877686,3
1771110085021,0.5408048629760742,-0.2149505615234375,0.6607520580291748,3
1771110085157,-0.18964388966560364,-0.4479637145996094,0.5711591243743896,3
1771110085225,-0.04733267426490784,-0.39661312103271484,0.9953200817108154,3
1771110085343,-0.15589143335819244,-0.199249267578125,0.7661318778991699,3
1771110085457,-0.4181581139564514,-0.1943979263305664,0.20653986930847168,3
1771110085560,-0.6992663741111755,0.23698043823242188,0.17220687866210938,3
1771110085672,-0.014185935258865356,0.03575611114501953,-0.07173848152160645,3
1771110085790,-0.15268561244010925,0.0591278076171875,0.6060528755187988,3
1771110085906,0.2441667914390564,0.5349893569946289,0.2655830383300781,3
1771110086023,0.15162378549575806,0.31044864654541016,-0.035224199295043945,3
1771110086127,-0.2319290041923523,0.1765451431274414,-0.32573819160461426,3
1771110086239,-0.15293842554092407,-0.18149757385253906,0.32408618927001953,3
1771110086342,-0.09261754155158997,0.073028564453125,0.4654347896575928,3
1771110086444,-0.12338133156299591,0.2201681137084961,-0.46401357650756836,3
1771110086557,-0.34295326471328735,0.25508975982666016,-0.2712886333465576,3
1771110086673,-0.33524346351623535,0.035279273986816406,-0.6505694389343262,3
1771110086792,-0.04813125729560852,-0.016928672790527344,-0.32779788970947266,3
1771110086893,-0.5642828345298767,0.27178096771240234,-0.32878708839416504,3
1771110087007,0.14165621995925903,-0.06426715850830078,-0.39041781425476074,3
1771110087125,-0.34207767248153687,0.1666269302368164,-0.3674945831298828,3
1771110087243,-0.009689807891845703,0.26033878326416016,-0.2353518009185791,3
1771110087359,-0.20705804228782654,0.15206050872802734,0.015974998474121094,3
1771110087475,0.21432504057884216,0.10513019561767578,-0.2436227798461914,3
1771110087576,0.1431419998407364,-0.28339385986328125,0.44260406494140625,3
1771110087693,0.2602309286594391,0.09938716888427734,0.0713798999786377,3
1771110087809,-0.12826505303382874,-0.12605762481689453,-0.21585655212402344,3
1771110087926,-0.45245376229286194,0.15215682983398438,-0.5971519947052002,3
1771110088026,-0.18076789379119873,0.25339508056640625,-0.5843911170959473,3
1771110088143,0.047280654311180115,0.32436466217041016,-0.4695582389831543,3
1771110088243,-0.3714641332626343,0.100311279296875,-0.5571918487548828,3
1771110088359,-0.1370377093553543,-0.02092266082763672,-0.3953566551208496,3
1771110088477,-0.013981938362121582,0.051052093505859375,-0.5328054428100586,3
1771110088602,0.08216692507266998,0.17322444915771484,-0.4675111770629883,3
1771110088711,-0.1981833577156067,0.19507789611816406,-0.11111783981323242,3
1771110088829,-0.2674410939216614,-0.04320526123046875,-0.4376640319824219,3
1771110088944,0.010994810611009598,0.22896385192871094,-0.2665073871612549,3
1771110089064,-0.3478052616119385,0.33528995513916016,-0.38079237937927246,3
1771110089219,-0.39052310585975647,0.0588836669921875,-0.39031481742858887,3
1771110089293,0.04565287381410599,0.21819400787353516,0.20973682403564453,3
1771110089395,-0.008861571550369263,0.0866250991821289,0.18383049964904785,3
1771110089511,0.17988575994968414,-0.1484222412109375,-0.2478933334350586,3
1771110089627,0.23984822630882263,0.1358184814453125,0.4809887409210205,3
1771110089745,-0.17156849801540375,-0.3320608139038086,0.07195663452148438,3
1771110089862,0.117221899330616,0.17228412628173828,-0.47017979621887207,3
1771110089982,0.11284755170345306,-0.04864501953125,0.32381510734558105,3
1771110090080,-0.1757897585630417,0.08150768280029297,-0.3126718997955322,3
1771110090209,-0.027216166257858276,0.2356090545654297,-0.08349895477294922,3
1771110090315,0.10295912623405457,-0.15010929107666016,-0.6072931289672852,3
1771110090430,-0.16841676831245422,0.13669395446777344,-0.7169058322906494,3
1771110090550,-0.35742130875587463,0.1383199691772461,-0.5110945701599121,3
1771110090651,0.1062822937965393,0.5322837829589844,0.1873455047607422,3
1771110090764,0.14073604345321655,0.5284299850463867,-0.06856751441955566,3
1771110090881,-0.012994617223739624,0.11046314239501953,-0.04936683177947998,3
1771110090982,0.13145777583122253,0.5393075942993164,0.644243597984314,3
1771110091098,-0.1405603289604187,0.13493919372558594,-0.9084354639053345,3
1771110091264,-0.3126373291015625,-0.25371551513671875,-0.043045759201049805,3
1771110091315,-0.12203729152679443,-0.31125926971435547,-0.11816483736038208,3
1771110091432,-0.3052471876144409,0.389373779296875,-0.5309903621673584,3
1771110091550,-0.192766010761261,0.35419273376464844,-0.5945171117782593,3
1771110091667,0.1144821047782898,-0.018178939819335938,0.5257881879806519,3
1771110091782,0.24076947569847107,0.15395641326904297,0.7634016275405884,3
1771110091899,0.2593950033187866,0.11111164093017578,0.10016429424285889,3
1771110092015,0.12244465947151184,-0.1631460189819336,0.002906322479248047,3
1771110092136,0.1778809130191803,0.079925537109375,0.783052921295166,3
1771110092232,-0.16208910942077637,-0.05758094787597656,-0.44630974531173706,3
1771110092352,0.42157313227653503,0.09198188781738281,0.7975605726242065,3
1771110092466,0.26990920305252075,0.16714763641357422,0.11875367164611816,3
1771110092585,-0.2230207920074463,-0.16555118560791016,-1.546836018562317,3
1771110092701,-0.0071929991245269775,0.043776512145996094,0.26654505729675293,3
1771110092820,-0.0714351236820221,0.04323291778564453,-1.1952027082443237,3
1771110092933,0.23517154157161713,-0.0400238037109375,0.18772411346435547,3
1771110093050,-1.0308318138122559,0.5455293655395508,-0.7819255590438843,3
1771110093178,-0.12755224108695984,-0.15974044799804688,0.17439639568328857,3
1771110093267,0.4436814486980438,0.025135040283203125,1.7418920993804932,3
1771110093384,0.9693485498428345,0.30171966552734375,1.830328345298767,3
1771110093487,-0.28791987895965576,0.11015987396240234,-0.48066985607147217,3
1771110093601,0.02967137098312378,0.561314582824707,0.16169226169586182,3
1771110093718,0.23422488570213318,-0.17583179473876953,-0.3451361656188965,3
1771110093819,0.26401084661483765,-0.03657722473144531,0.6309614181518555,3
1771110093939,0.43948596715927124,-0.1934051513671875,0.9008710384368896,3
1771110094056,0.15550896525382996,0.559112548828125,0.6564834117889404,3
1771110094172,0.3110109567642212,0.02684307098388672,0.958065390586853,3
1771110094275,0.12987929582595825,0.04203987121582031,0.4533883333206177,3
1771110094388,-0.015241071581840515,0.059426307678222656,0.3462057113647461,3
1771110094490,0.27939072251319885,-0.3104591369628906,0.440981388092041,3
1771110094608,-0.19531641900539398,0.039473533630371094,0.19562411308288574,3
1771110094720,-0.32249966263771057,0.5973777770996094,-0.15717601776123047,3
1771110094836,0.0346783846616745,0.5819339752197266,0.4401719570159912,3
1771110094954,0.13747340440750122,0.3390836715698242,-0.34442758560180664,3
1771110095069,0.35281622409820557,0.09897422790527344,0.09876489639282227,3
1771110095269,-0.16527898609638214,-0.09136390686035156,-0.027091503143310547,3
1771110095305,-0.6760151982307434,-0.42873287200927734,-0.21470427513122559,3
1771110095420,0.26698654890060425,0.09186458587646484,-0.5845451354980469,3
1771110095537,0.7066267728805542,0.2535114288330078,0.5755555629730225,3
1771110095639,-0.0790996253490448,-0.08552837371826172,-0.49031972885131836,3
1771110095754,0.3268217444419861,0.10977745056152344,-0.04515576362609863,3
1771110095873,0.31948885321617126,0.27965545654296875,-0.48459935188293457,3
1771110095990,0.050819654017686844,0.2615375518798828,-0.38959503173828125,3
1771110096105,-0.17267708480358124,0.020944595336914062,-0.5081872940063477,3
1771110096261,-0.6705440878868103,0.28998756408691406,0.040094852447509766,3
1771110096340,0.10960902273654938,0.7650051116943359,0.028914690017700195,3
1771110096455,0.0037754285149276257,0.12833881378173828,-0.16499567031860352,3
1771110096557,0.027241580188274384,0.1382284164428711,-0.43660497665405273,3
1771110096676,-0.8862705230712891,0.24808692932128906,-0.14928936958312988,3
1771110096776,0.16467590630054474,0.031821250915527344,0.7587089538574219,3
1771110096889,0.17939278483390808,0.40419673919677734,0.3813767433166504,3
1771110097007,-0.31060925126075745,-0.37424468994140625,0.6597661972045898,3
1771110097122,-0.2552478313446045,-0.18811988830566406,0.23531889915466309,3
1771110097227,-0.19265666604042053,-0.1985006332397461,0.41968870162963867,3
1771110097339,-0.07154806703329086,-0.15442276000976562,0.1055607795715332,3
1771110097443,-0.47031164169311523,0.7263460159301758,-0.2323472499847412,3
1771110097556,0.447141170501709,-0.16837501525878906,0.6818885803222656,3
1771110097660,-0.09841632097959518,-0.3626689910888672,0.31720876693725586,3
1771110097775,-0.08362964540719986,-0.3494424819946289,0.17287564277648926,3
1771110097891,0.2564963400363922,-0.2214527130126953,0.48511719703674316,3
1771110097993,0.1771877408027649,0.039582252502441406,0.4402616024017334,3
1771110098108,-0.22795478999614716,-0.16698646545410156,0.49178409576416016,3
1771110098238,0.2925843596458435,0.34453582763671875,0.4855363368988037,3
1771110098328,-0.11686684191226959,-0.021631240844726562,-0.09497547149658203,3
1771110098445,-0.4025938808917999,-0.09284019470214844,0.6366868019104004,3
1771110098543,0.12162438780069351,-0.3044729232788086,0.35117220878601074,3
1771110098659,-0.3389497399330139,-0.07856082916259766,-0.35010290145874023,3
1771110098776,-0.11827521026134491,0.07242965698242188,-0.05705142021179199,3
1771110098893,-0.1468992531299591,0.05499553680419922,-0.269054651260376,3
1771110099010,-0.02833625301718712,0.10643863677978516,-0.07710957527160645,3
1771110099129,-0.20537416636943817,0.31880760192871094,-0.336078405380249,3
1771110099266,-0.0047013768926262856,-0.38349246978759766,0.33790087699890137,3
1771110099376,0.09350641071796417,0.3114748001098633,0.6306765079498291,3
1771110099479,-0.22030192613601685,0.1968212127685547,-0.058818817138671875,3
1771110099592,-0.0032095108181238174,0.001605987548828125,-0.552375316619873,3
1771110099695,-0.27622100710868835,0.26387977600097656,-0.5302901268005371,3
1771110099809,-0.36696797609329224,-0.00154876708984375,-0.01237797737121582,3
1771110099912,-0.1435924768447876,0.19269466400146484,-0.45937156677246094,3
1771110100028,0.000492362305521965,0.005942344665527344,-0.319904088973999,3
1771110100134,0.013348465785384178,-0.07853984832763672,-0.15184521675109863,3
1771110100245,-0.22007517516613007,0.13668060302734375,0.24541616439819336,3
1771110100360,0.16037757694721222,0.02868938446044922,-0.0777437686920166,3
1771110100477,0.28722721338272095,-0.03232383728027344,0.08726000785827637,3
1771110100579,-0.3382718563079834,0.07284069061279297,-0.5705058574676514,3
1771110100680,-0.1283036768436432,0.11746978759765625,-0.5255405902862549,3
1771110100796,-0.12138250470161438,0.05080986022949219,0.32188940048217773,3
1771110100912,0.00393657386302948,0.165069580078125,0.48306894302368164,3
1771110101033,0.4967483878135681,0.16678333282470703,-0.30552148818969727,3
1771110101165,-0.21074973046779633,0.32843971252441406,0.41190361976623535,3
1771110101246,-0.1339089423418045,0.3805246353149414,0.06739306449890137,3
1771110101363,0.09080120921134949,0.14544200897216797,-0.0668952465057373,3
1771110101464,-0.12611009180545807,0.042777061462402344,-0.256458044052124,3
1771110101579,0.11783641576766968,0.09514141082763672,0.047866106033325195,3
1771110101698,0.04046018421649933,-0.007166862487792969,0.6356267929077148,3
1771110101813,-0.1530541181564331,0.2060565948486328,0.32317137718200684,3
1771110101913,-0.04311981797218323,0.05647087097167969,0.36863160133361816,3
1771110102031,0.5545576810836792,0.25400733947753906,0.08814382553100586,3
1771110102134,-0.021143987774848938,0.029737472534179688,0.12137579917907715,3
1771110102248,-0.35608550906181335,-0.5060091018676758,-0.7246460914611816,3
1771110102364,-0.16680456697940826,-0.15148544311523438,-0.20802712440490723,3
1771110102467,0.30864855647087097,0.3980903625488281,0.7479164600372314,3
1771110102581,0.1942344605922699,-0.2333974838256836,0.4704475402832031,3
1771110102700,-0.1924050748348236,0.012636184692382812,0.3582878112792969,3
1771110102817,0.29714435338974,-0.2612133026123047,0.4751126766204834,3
1771110102919,-0.11809350550174713,0.2773323059082031,0.12503314018249512,3
1771110103037,0.28425413370132446,-0.09422111511230469,-0.08845663070678711,3
1771110103193,-0.15953534841537476,-0.29976749420166016,-0.15619874000549316,3
1771110103273,0.03112856298685074,0.38138675689697266,0.3150644302368164,3
1771110103367,0.14367011189460754,0.17373943328857422,0.684368371963501,3
1771110103482,-0.3794892728328705,-0.14321231842041016,-0.4491736888885498,3
1771110103585,-0.1388757824897766,0.09987926483154297,-0.09228229522705078,3
1771110103684,-0.060896292328834534,-0.011582374572753906,-0.4603395462036133,3
1771110103801,-0.06509174406528473,0.30901622772216797,-0.4432361125946045,3
1771110103915,-0.06923162937164307,0.282928466796875,-0.6616010665893555,3
1771110104019,-0.3868657350540161,0.026027679443359375,-0.4718632698059082,3
1771110104132,0.20763632655143738,0.07346439361572266,-0.24846220016479492,3
1771110104237,0.1649751365184784,0.08156394958496094,-0.17770886421203613,3
1771110104351,-0.08700190484523773,0.17207050323486328,-0.3874695301055908,3
1771110104453,0.02684001624584198,0.035717010498046875,0.4116029739379883,3
1771110104567,-0.15946327149868011,-0.20513248443603516,-0.1999375820159912,3
1771110104670,0.16890938580036163,-0.05581188201904297,0.26859140396118164,3
1771110104787,-0.053180426359176636,-0.1216878890991211,-0.27788829803466797,3
1771110104901,0.6242294907569885,0.1662454605102539,0.05424928665161133,3
1771110105018,0.029805392026901245,-0.31258487701416016,-0.5878009796142578,3
1771110105183,-0.015349537134170532,-0.13671398162841797,-0.0651094913482666,3
1771110105246,-0.18584059178829193,-0.1737842559814453,0.04772639274597168,3
1771110105368,-0.16081543266773224,0.03047943115234375,-0.07837319374084473,3
1771110105469,0.020468831062316895,0.19907188415527344,0.0380549430847168,3
1771110105590,-0.18580907583236694,0.11156368255615234,-1.0241400003433228,3
1771110105711,0.1654593050479889,0.12830448150634766,0.507776141166687,3
1771110105822,-0.13409081101417542,0.012716293334960938,-1.2049733400344849,3
1771110105938,-0.12720441818237305,0.17035675048828125,-0.567610502243042,3
1771110106053,0.07144460082054138,0.42676639556884766,0.26707160472869873,3
1771110106154,0.15697360038757324,0.3260211944580078,0.03991270065307617,3
1771110106270,-0.19061264395713806,-0.2977266311645508,-1.3112428188323975,3
1771110106387,0.023169994354248047,0.08257484436035156,0.18353033065795898,3
1771110106504,-0.09282070398330688,0.6166572570800781,0.31462037563323975,3
1771110106605,-0.2086368203163147,-0.20619869232177734,-0.8604894280433655,3
1771110106727,-0.18659347295761108,-0.3588132858276367,0.21209442615509033,3
1771110106840,0.336925745010376,0.03250694274902344,0.023618996143341064,3
1771110106957,0.19680124521255493,0.34566211700439453,-0.34284836053848267,3
1771110107055,-0.4983106255531311,-0.0052089691162109375,0.2692030668258667,3
1771110107195,0.6351455450057983,0.24161338806152344,1.198026180267334,3
1771110107272,-0.031222403049468994,0.2064352035522461,0.8419106602668762,3
1771110107392,-0.11555206775665283,0.24447345733642578,0.5165774822235107,3
1771110107491,0.5891351699829102,0.42655086517333984,0.637614369392395,3
1771110107604,0.4092458486557007,0.10707950592041016,0.08460235595703125,3
1771110107706,0.14132100343704224,0.012841224670410156,0.5423883199691772,3
1771110107825,-0.30905187129974365,0.16658973693847656,-0.6018200516700745,3
1771110107942,-0.15360808372497559,-0.05068397521972656,-0.9952860474586487,3
1771110108055,-0.05439478158950806,-0.0733499526977539,-0.8275708556175232,3
1771110108232,-0.4211038053035736,0.07335186004638672,0.3969275951385498,3
1771110108297,-0.4255167245864868,0.5034351348876953,-0.6583723425865173,3
1771110108406,0.2349499762058258,-0.01604747772216797,-0.43981003761291504,3
1771110108507,-0.20343220233917236,-0.0836944580078125,0.930127739906311,3
1771110108623,-0.02535700798034668,-0.44414615631103516,-1.111721396446228,3
1771110108742,0.0005279183387756348,-0.14170360565185547,0.2211601734161377,3
1771110108859,0.22973079979419708,-0.1847400665283203,0.11572849750518799,3
1771110108960,-0.29168081283569336,0.05895233154296875,0.48641419410705566,3
1771110109076,0.22811193764209747,-0.1495494842529297,0.8743636608123779,3
1771110109192,0.20611123740673065,-0.6909389495849609,1.1071943044662476,3
1771110109309,0.20156729221343994,-0.30965614318847656,0.7130789756774902,3
1771110109428,0.677525520324707,-0.19875717163085938,1.0940418243408203,3
1771110109544,-0.24786625802516937,-0.762293815612793,0.35509586334228516,3
1771110109661,-0.05887676775455475,-0.3917684555053711,0.9913208484649658,3
1771110109775,0.3123394548892975,-0.7605733871459961,0.971531867980957,3
1771110109893,0.0019126459956169128,-0.2189035415649414,0.8414425849914551,3
1771110110011,0.3204325735569,0.07138919830322266,-0.33149290084838867,3
1771110110180,0.19143323600292206,-0.6422080993652344,-0.49897050857543945,3
1771110110225,0.043439581990242004,0.6136894226074219,0.5922532081604004,3
1771110110329,-0.35640189051628113,0.4611797332763672,0.15865230560302734,3
1771110110431,-0.10031581670045853,-0.36318016052246094,-0.28554511070251465,3
1771110110543,0.5455584526062012,-0.7294588088989258,-0.1726839542388916,3
1771110110643,0.11618012189865112,0.6428709030151367,-0.5398495197296143,3
1771110110745,0.16041859984397888,0.2751646041870117,0.7021224498748779,3
1771110110860,0.6964939832687378,0.22801494598388672,-0.08750581741333008,3
1771110110977,-0.24765554070472717,-0.009190559387207031,-0.17733025550842285,3
1771110111096,0.36036786437034607,0.17016315460205078,0.6172382831573486,3
1771110111226,-0.3410213887691498,0.059833526611328125,-0.3705625534057617,3
1771110111311,-0.6159937977790833,0.0246429443359375,-0.32111549377441406,3
1771110111428,0.28486835956573486,0.14636993408203125,-0.1326303482055664,3
1771110111545,-0.2582065463066101,0.1491222381591797,-0.20027875900268555,3
1771110111662,-0.2873527407646179,0.03821563720703125,-0.0851132869720459,3
1771110111779,-0.038319431245326996,-0.10916328430175781,-0.11761307716369629,3
1771110111895,0.28758570551872253,-0.11025714874267578,0.19371891021728516,3
1771110111999,0.38990455865859985,0.06732749938964844,-0.425018310546875,3
1771110112098,-0.33281129598617554,-0.058231353759765625,-0.20738554000854492,3
1771110112218,0.1648702472448349,0.23513031005859375,1.633146047592163,3
1771110112329,0.22595587372779846,-0.5571193695068359,-0.06109428405761719,3
1771110112446,0.062040023505687714,-0.21819591522216797,0.28842663764953613,3
1771110112563,-0.5571873784065247,0.06577491760253906,0.12568163871765137,3
1771110112663,0.10463342070579529,0.10326004028320312,0.2639505863189697,3
1771110112781,-0.5191983580589294,0.5221166610717773,0.277698278427124,3
1771110112897,-0.03150627762079239,0.08665180206298828,-0.40845561027526855,3
1771110113014,0.12569743394851685,-0.20697307586669922,-0.1413264274597168,3
1771110113132,-0.2534744143486023,-0.056049346923828125,0.28995370864868164,3
1771110113252,0.3796432912349701,0.17646026611328125,0.11653947830200195,3
1771110113350,0.11031916737556458,-0.19672679901123047,-0.376354455947876,3
1771110113464,-0.11121194064617157,-0.12665843963623047,0.5369522571563721,3
1771110113581,-0.39545732736587524,0.03931140899658203,-0.47135138511657715,3
1771110113699,-0.1768474131822586,0.3964691162109375,-0.49466848373413086,3
1771110113817,-0.15867795050144196,0.22905731201171875,0.04111456871032715,3
1771110113936,-0.0495448000729084,0.13663578033447266,-0.7512109279632568,3
1771110114049,0.25559699535369873,0.07738876342773438,0.20214629173278809,3
1771110114193,-0.10839399695396423,0.0635366439819336,-0.46296238899230957,3
1771110114352,0.004257887601852417,0.3537750244140625,-0.338470458984375,3
1771110114383,0.007748434320092201,0.5190753936767578,-0.5298163890838623,3
1771110114484,0.059539794921875,-0.023212432861328125,-0.26840925216674805,3
1771110114601,0.36488351225852966,0.2395000457763672,-0.03182053565979004,3
1771110114700,-0.07380275428295135,-0.3667783737182617,0.06473326683044434,3
1771110114805,-0.03551170974969864,0.7842502593994141,-0.12006330490112305,3
1771110114919,0.2802516222000122,-0.033351898193359375,-0.5769975185394287,3
1771110115033,0.1326974481344223,0.0737771987915039,-0.06820249557495117,3
1771110115170,0.4447225332260132,-0.10686492919921875,-0.32695508003234863,3
1771110115251,0.20770885050296783,0.46416378021240234,-0.22942042350769043,3
1771110115367,0.13771219551563263,0.06936264038085938,0.23655176162719727,3
1771110115470,0.16079458594322205,-0.042929649353027344,-0.035596370697021484,3
1771110115589,0.14053404331207275,0.1734638214111328,-0.633542537689209,3
1771110115701,-0.054941508919000626,0.02169322967529297,0.3251175880432129,3
1771110115818,-0.3036932349205017,0.024099349975585938,-0.5063365697860718,3
1771110115939,-0.10438410937786102,0.26682186126708984,-0.5048274993896484,3
1771110116052,0.0376308299601078,0.050934791564941406,0.011812686920166016,3
1771110116196,0.31503167748451233,0.3219261169433594,-0.002640962600708008,3
1771110116254,-0.28825652599334717,0.09574031829833984,-0.20052266120910645,3
1771110116368,0.03510473296046257,-0.15380191802978516,-0.04781150817871094,3
1771110116470,0.034138623625040054,0.2989368438720703,0.1761934757232666,3
1771110116586,-0.10474896430969238,-0.041168212890625,-0.5109463930130005,3
1771110116703,0.18625470995903015,0.3119993209838867,0.6316385269165039,3
1771110116807,-0.05154795944690704,-0.13064289093017578,0.7450966835021973,3
1771110116922,0.23798027634620667,0.1757030487060547,-0.2735302448272705,3
1771110117036,-0.05290846899151802,0.07575702667236328,0.42238736152648926,3
1771110117167,0.18868738412857056,0.03656005859375,0.5204610824584961,3
1771110117253,0.3387555480003357,-0.08101367950439453,0.7431023120880127,3
1771110117355,0.16345232725143433,-0.1618518829345703,0.18093204498291016,3
1771110117470,0.5487613081932068,0.1377239227294922,0.39511942863464355,3
1771110117589,0.2766925096511841,-0.3876829147338867,0.1516251564025879,3
1771110117705,-0.45342516899108887,-0.39243316650390625,-0.1728219985961914,3
1771110117822,0.15808285772800446,-0.0032758712768554688,0.14261102676391602,3
1771110117945,-0.062218859791755676,-0.14059066772460938,-0.5630569458007812,3
1771110118055,-0.28496789932250977,0.022882461547851562,0.5003070831298828,3
1771110118185,-0.07735113054513931,-0.5707302093505859,-0.5882532596588135,3
1771110118319,-0.08537937700748444,0.19872665405273438,-0.4087393283843994,3
1771110118389,-0.0074635520577430725,0.07965564727783203,0.45211005210876465,3
1771110118505,0.8206272721290588,0.013905525207519531,0.020084381103515625,3
1771110118608,-0.1822648048400879,0.04837322235107422,0.3208298683166504,3
1771110118723,-0.39048096537590027,0.16783714294433594,0.32832932472229004,3
1771110118839,-0.12750792503356934,0.07486629486083984,-0.600592851638794,3
1771110118941,0.24261991679668427,-0.2978229522705078,0.17761874198913574,3
1771110119042,0.20732015371322632,0.0752115249633789,-0.8361539840698242,3
1771110119173,0.012091018259525299,0.009067535400390625,0.47925710678100586,3
1771110119316,-0.9739791750907898,0.3491382598876953,-0.3316226005554199,3
1771110119392,-0.54283607006073,-0.22452449798583984,-0.13173699378967285,3
1771110119507,0.05133868753910065,-0.3420734405517578,0.5650815963745117,3
1771110119611,-0.5985315442085266,0.060784339904785156,0.5188555717468262,3
1771110119725,0.36677974462509155,0.05047035217285156,0.20687127113342285,3
1771110119827,-0.021389078348875046,-0.1330270767211914,-0.6050002574920654,3
1771110119944,0.34033167362213135,0.4778861999511719,-0.24123501777648926,3
1771110120057,0.5344566106796265,0.6944046020507812,0.027993202209472656,3
1771110120206,0.3384801149368286,-0.5449342727661133,-0.25350165367126465,3
1771110120261,-0.21157802641391754,-0.1645975112915039,0.10501599311828613,3
1771110120374,0.14080184698104858,0.000514984130859375,0.3547976016998291,3
1771110120475,0.6186787486076355,0.06527137756347656,-0.794389009475708,3
1771110120576,-0.29961898922920227,-0.11742115020751953,-0.5351183414459229,3
1771110120692,0.14293089509010315,0.19931602478027344,0.1997218132019043,3
1771110120809,0.46080535650253296,-0.1537151336669922,0.02451610565185547,3
1771110120910,0.36642661690711975,0.14998340606689453,-0.009172916412353516,3
1771110121011,0.08733077347278595,0.19995498657226562,-0.0675361156463623,3
1771110121130,0.18671000003814697,-0.13979339599609375,-0.3023409843444824,3
1771110121246,0.10633978247642517,0.178985595703125,-0.05732560157775879,3
1771110121360,0.21077804267406464,-0.08594131469726562,-0.06084847450256348,3
1771110121480,0.07131075859069824,0.11671829223632812,-0.012464284896850586,3
1771110121594,0.12363754212856293,0.3181171417236328,0.09556889533996582,3
1771110121694,-0.09817156940698624,0.0024900436401367188,-0.5296281576156616,3
1771110121812,0.15840975940227509,0.12903690338134766,-0.17085480690002441,3
1771110121929,0.22825178503990173,0.26469993591308594,0.14199066162109375,3
1771110122045,-0.23729881644248962,-0.20113086700439453,0.003426074981689453,3
1771110122173,0.37446632981300354,-0.16393280029296875,-0.26281166076660156,3
1771110122267,0.5470168590545654,0.15483379364013672,0.6365292072296143,3
1771110122379,0.5415166020393372,-0.2470264434814453,0.41073012351989746,3
1771110122484,-0.2310478389263153,-0.13774585723876953,0.4520382881164551,3
1771110122597,-0.13481661677360535,0.0166778564453125,-0.1674656867980957,3
1771110122713,0.3963976502418518,-0.06458663940429688,-0.04503333568572998,3
1771110122830,-0.08789482712745667,0.3153505325317383,-0.2428652048110962,3
1771110122947,-0.0820394903421402,0.30280494689941406,-0.24757206439971924,3
1771110123062,0.35439538955688477,-0.08447933197021484,-0.04691731929779053,3
1771110123167,-0.43683600425720215,-0.20584487915039062,0.11608004570007324,3
1771110123281,0.03647519648075104,0.23082256317138672,-0.05584239959716797,3
1771110123397,0.1235886812210083,-0.10261917114257812,0.6453628540039062,3
1771110123515,0.336509644985199,0.16518497467041016,0.7025167942047119,3
1771110123631,0.042373791337013245,-0.48078346252441406,0.7127437591552734,3
1771110123747,0.014140933752059937,0.03151512145996094,0.5712008476257324,3
1771110123848,0.16963011026382446,0.02505970001220703,0.6168482303619385,3
1771110123964,0.026598066091537476,0.046764373779296875,-0.45246636867523193,3
1771110124065,-0.46705687046051025,-0.06351852416992188,0.22988533973693848,3
1771110124196,0.1458788961172104,-0.042781829833984375,-0.7994495630264282,3
1771110124358,0.18209336698055267,0.41469383239746094,-0.5389485359191895,3
1771110124416,-0.059327706694602966,0.04902458190917969,0.2265338897705078,3
1771110124531,0.2475382536649704,0.44043922424316406,-0.29898834228515625,3
1771110124633,-0.14969974756240845,-0.040203094482421875,0.3686411380767822,3
1771110124749,0.4010028839111328,0.159332275390625,0.4931681156158447,3
1771110124866,-0.19275261461734772,-0.541407585144043,0.20455694198608398,3
1771110124986,0.37730592489242554,0.2682828903198242,0.362933874130249,3
1771110125101,1.0172795057296753,-0.0640726089477539,1.7684106826782227,3
1771110125219,-0.8774340152740479,-0.804656982421875,0.2186870574951172,3
1771110125331,0.40103793144226074,0.1010446548461914,0.15111851692199707,3
1771110125435,0.9395222663879395,1.174809455871582,0.303119421005249,3
1771110125549,-0.2828548550605774,-0.5526552200317383,-0.2504596710205078,3
1771110125668,1.3036783933639526,-1.081068992614746,-0.7491049766540527,3
1771110125784,-0.529116153717041,-0.33632659912109375,-0.35980987548828125,3
1771110125884,0.5550314784049988,0.06401824951171875,-0.8033411502838135,3
1771110126000,-0.2544915974140167,0.6451568603515625,0.08145570755004883,3
1771110126124,0.05775609612464905,-0.5553684234619141,-0.2770404815673828,3
1771110126238,0.06046220660209656,0.2105712890625,0.3318209648132324,3
1771110126336,0.4698033928871155,-0.0060367584228515625,-0.9373307228088379,3
1771110126450,-0.49437230825424194,0.15591812133789062,-0.4155769348144531,3
1771110126551,0.6180664896965027,0.04271411895751953,0.19057011604309082,3
1771110126652,0.37987637519836426,-0.36127281188964844,1.3106930255889893,3
1771110126767,-0.05336816608905792,0.029756546020507812,1.224351406097412,3
1771110126870,0.33267831802368164,-0.1417398452758789,0.07527494430541992,3
1771110126984,0.5564228296279907,-0.08803462982177734,0.7343146800994873,3
1771110127085,-0.2527294158935547,-0.16089153289794922,0.1573810577392578,3
1771110127217,-0.2754077911376953,0.32342052459716797,-0.38402366638183594,3
1771110127344,0.4639866352081299,-0.22760772705078125,1.6790869235992432,3
1771110127436,-0.4169195592403412,0.5601110458374023,-1.4088709354400635,3
1771110127552,0.2017548531293869,0.43388843536376953,0.2635917663574219,3
1771110127654,0.033241912722587585,0.3359260559082031,1.0342299938201904,3
1771110127770,-0.5694389939308167,-0.4668264389038086,-0.8959815502166748,3
1771110127888,0.24731850624084473,0.2717905044555664,0.18005776405334473,3
1771110128005,-0.19096454977989197,0.1298656463623047,-0.7197128534317017,3
1771110128105,0.46032285690307617,-0.7152900695800781,0.25889062881469727,3
1771110128236,0.4828689396381378,-0.4460744857788086,1.472917079925537,3
1771110128338,-0.39692163467407227,-0.6948833465576172,0.3175086975097656,3
1771110128463,-0.4195016324520111,-0.7948875427246094,0.15042781829833984,3
1771110128575,-0.745550274848938,-0.8517351150512695,0.988440752029419,3
1771110128688,-0.2765234708786011,-0.19789981842041016,-0.47801756858825684,3
1771110128808,0.3331926465034485,-0.5601568222045898,1.443929672241211,3
1771110128925,0.3047650456428528,-0.993870735168457,0.35872936248779297,3
1771110129041,-0.5291209816932678,0.5533113479614258,-0.08067774772644043,3
1771110129173,-1.4573928117752075,-0.15170764923095703,-0.8935725688934326,3
1771110129240,0.573509931564331,0.09172248840332031,0.8219342231750488,3
1771110129342,-1.332585096359253,0.37966251373291016,0.18247222900390625,3
1771110129459,0.6900753378868103,0.8381385803222656,1.01651930809021,3
1771110129573,-0.32895761728286743,-0.14948749542236328,-1.753648281097412,3
1771110129690,-0.27496856451034546,0.20079803466796875,-0.08891677856445312,3
1771110129807,0.006679832935333252,0.15904617309570312,1.2527589797973633,3
1771110129923,-0.7026345729827881,-0.1002798080444336,0.4028594493865967,3
1771110130024,0.39322617650032043,0.2703266143798828,0.7153618335723877,3
1771110130158,0.5476387739181519,0.19726848602294922,0.2139277458190918,3
1771110130242,-0.027017980813980103,0.32587337493896484,0.2465653419494629,3
1771110130360,-0.429867684841156,0.1504058837890625,-0.3651316165924072,3
1771110130475,-0.2728956639766693,0.45951366424560547,-0.21296095848083496,3
1771110130575,0.04520028829574585,0.0841684341430664,-1.2260193824768066,3
1771110130692,-0.11101654171943665,0.9518623352050781,0.07730388641357422,3
1771110130809,-0.10875779390335083,-0.06920337677001953,-0.1266641616821289,3
1771110130926,-0.31347382068634033,-0.0125732421875,-1.8477661609649658,3
1771110131043,0.6182194948196411,-0.03973865509033203,-0.2525792121887207,3
1771110131150,-0.3423447608947754,-0.47814369201660156,-0.1370706558227539,3
1771110131261,-0.448790967464447,-0.056641578674316406,-0.10644197463989258,3
1771110131376,0.3537071645259857,0.23998260498046875,-0.3815767765045166,3
1771110131495,-0.3982591927051544,0.4108448028564453,-0.5602247714996338,3
1771110131602,-0.3761235475540161,-0.35401344299316406,-0.24570727348327637,3
1771110131711,-0.4481806755065918,-0.44757747650146484,0.24657750129699707,3
1771110131829,0.22500446438789368,-0.05252552032470703,0.02021193504333496,3
1771110131928,-0.27057981491088867,-0.45709705352783203,-0.06628155708312988,3
1771110132048,-0.12411659955978394,-0.04064369201660156,0.40360474586486816,3
1771110132186,-0.3315693736076355,-0.0921335220336914,-0.15331554412841797,3
1771110132278,0.0776645839214325,0.08486080169677734,1.527449607849121,3
1771110132395,-0.5084878206253052,-0.0794668197631836,0.3644223213195801,3
1771110132513,0.11134028434753418,0.18627643585205078,0.8572444915771484,3
1771110132629,-0.15212643146514893,0.013738632202148438,-0.38645291328430176,3
1771110132732,0.29922759532928467,0.11586570739746094,0.5665409564971924,3
1771110132844,-0.35126134753227234,0.12403488159179688,-0.2536966800689697,3
1771110132947,0.15946146845817566,-0.0018606185913085938,0.566063642501831,3
1771110133063,-0.09362205862998962,-0.29895687103271484,0.6780037879943848,3
1771110133181,0.15020248293876648,0.05672168731689453,0.9084305763244629,3
1771110133285,-0.06155592203140259,0.10733413696289062,-0.16207289695739746,3
1771110133396,0.5699357986450195,0.004456520080566406,0.5188913345336914,3
1771110133497,-0.5832339525222778,0.10662841796875,0.043924808502197266,3
1771110133616,0.3055758476257324,0.10059356689453125,-0.457103967666626,3
1771110133730,-0.6659168004989624,0.6402912139892578,-0.6047942638397217,3
1771110133851,-0.6500499844551086,0.19702911376953125,-0.6365253925323486,3
1771110133949,0.35147592425346375,0.04578399658203125,-0.05329084396362305,3
1771110134067,0.6052156686782837,-0.09974479675292969,-0.33123064041137695,3
1771110134181,-0.4406765401363373,-0.20310306549072266,-0.5154197216033936,3
1771110134281,0.47545698285102844,0.4239463806152344,-0.510329008102417,3
1771110134398,0.2243526130914688,-0.06670570373535156,-0.038782596588134766,3
1771110134516,0.9093963503837585,0.11701679229736328,0.19399785995483398,3
1771110134634,0.5045767426490784,-0.14204120635986328,-0.45830631256103516,3
1771110134751,-0.5403458476066589,-0.018184661865234375,0.15901398658752441,3
1771110134851,0.47388678789138794,-0.06694698333740234,0.4060516357421875,3
1771110134967,0.6577262878417969,0.0417633056640625,-0.22997522354125977,3
1771110135086,0.6981896758079529,-0.20118236541748047,-0.015272378921508789,3
1771110135202,0.01645643822848797,-0.15698528289794922,0.5406711101531982,3
1771110135354,1.1621100902557373,-0.12298011779785156,0.7314794063568115,3
1771110135432,-0.1543378084897995,0.35418033599853516,0.19188499450683594,3
1771110135535,-0.16127169132232666,-0.11653423309326172,-0.5336141586303711,3
1771110135650,-0.20467789471149445,0.30779361724853516,-0.7357525825500488,3
1771110135768,0.06385636329650879,0.5849018096923828,-0.15489721298217773,3
1771110135884,0.08273086696863174,0.27068424224853516,0.03565478324890137,3
1771110135990,-0.27411240339279175,-0.35806751251220703,-0.2553999423980713,3
1771110136103,-0.28628385066986084,-0.16245174407958984,-0.40677571296691895,3
1771110136220,0.14154700934886932,0.023136138916015625,0.3781168460845947,3
1771110136347,0.33767080307006836,0.057730674743652344,0.47413110733032227,3
1771110136452,-0.052305273711681366,-0.03335762023925781,0.5839366912841797,3
1771110136568,0.46522027254104614,-0.34642601013183594,0.5596628189086914,3
1771110136669,-0.05406720191240311,0.19746685028076172,1.1293246746063232,3
1771110136785,0.23781880736351013,0.0677947998046875,-0.07334303855895996,3
1771110136903,-0.5372452139854431,0.11620235443115234,0.3370475769042969,3
1771110137024,-0.16334202885627747,-0.12812328338623047,0.1887669563293457,3
1771110137135,1.1297948360443115,0.04240989685058594,0.4665677547454834,3
1771110137236,0.8341480493545532,-0.043972015380859375,0.7331161499023438,3
1771110137355,-0.2514568269252777,-0.0017452239990234375,0.23590922355651855,3
1771110137469,0.6443101167678833,-0.13403892517089844,0.20889997482299805,3
1771110137590,0.5808583498001099,-0.21807384490966797,0.07586359977722168,3
1771110137703,-0.20375999808311462,-0.027410507202148438,-0.12279868125915527,3
1771110137825,-0.14823663234710693,-0.062300682067871094,0.372880220413208,3
1771110137937,-0.9183832406997681,-0.023677825927734375,0.022778034210205078,3
1771110138041,0.45842382311820984,-0.42575645446777344,0.22200918197631836,3
1771110138214,-0.24350686371326447,-0.2623472213745117,0.39021825790405273,3
1771110138271,-0.5242809057235718,-0.3538665771484375,0.12307262420654297,3
1771110138373,0.003725573420524597,0.37685108184814453,-0.25512123107910156,3
1771110138489,0.43262016773223877,-0.020914077758789062,-0.22899723052978516,3
1771110138605,0.16451126337051392,0.05999183654785156,-0.06512951850891113,3
1771110138723,-0.7028831243515015,-0.147552490234375,-0.49949073791503906,3
1771110138823,0.7659189701080322,0.3722658157348633,0.03588533401489258,3
1771110138940,-0.8432698845863342,0.23871231079101562,-0.555401086807251,3
1771110139057,0.8352866768836975,0.11254119873046875,0.037314653396606445,3
1771110139172,-0.19875255227088928,0.19805622100830078,-0.5148706436157227,3
1771110139273,0.7456863522529602,-0.5770645141601562,0.04327988624572754,3
1771110139375,-0.16802182793617249,0.3213682174682617,-0.12517809867858887,3
1771110139490,0.7022364139556885,0.12759017944335938,-0.306699275970459,3
1771110139592,0.19629085063934326,-0.10480976104736328,0.23840045928955078,3
1771110139693,-0.9274928569793701,-0.043478965759277344,0.2727780342102051,3
1771110139807,0.542229175567627,-0.2837247848510742,0.018454551696777344,3
1771110139924,-0.29835525155067444,0.5121126174926758,-0.08117556571960449,3
1771110140041,-0.11670798063278198,0.07930850982666016,-0.13642621040344238,3
1771110140158,0.19944670796394348,-0.07528972625732422,0.1197366714477539,3
1771110140275,-0.5988448262214661,0.15002822875976562,-0.05510902404785156,3
1771110140379,-0.19458438456058502,0.5359058380126953,-0.29044151306152344,3
1771110140492,0.6111546754837036,-0.0073146820068359375,0.14799761772155762,3
1771110140593,-0.2250678539276123,-0.27524662017822266,0.43317747116088867,3
1771110140693,-0.7917188405990601,-0.0715341567993164,-0.2333223819732666,3
1771110140809,-0.3158073425292969,-0.2513418197631836,0.2791712284088135,3
1771110140927,0.3664669394493103,0.09507369995117188,-0.6301357746124268,3
1771110141042,-0.23057952523231506,0.06986141204833984,-0.5716261863708496,3
1771110141158,-0.7824772000312805,0.15578842163085938,-0.680150032043457,3
1771110141259,0.6134923696517944,-0.0830078125,0.5139076709747314,3
1771110141377,0.10015842318534851,0.053597450256347656,0.3163022994995117,3
1771110141479,0.4212130010128021,0.11674690246582031,0.5678868293762207,3
1771110141593,0.608029305934906,-0.010832786560058594,-0.2900557518005371,3
1771110141711,0.3172356188297272,-0.19141483306884766,0.10460090637207031,3
1771110141827,-0.09858980774879456,0.09494972229003906,0.4877326488494873,3
1771110141928,0.05652463436126709,0.09735393524169922,-0.0651850700378418,3
1771110142044,-0.5012084245681763,0.4238414764404297,-0.3137829303741455,3
1771110142169,-0.1415146291255951,0.02886962890625,0.07889437675476074,3
1771110142263,-0.039049141108989716,0.29347801208496094,-0.6345889568328857,3
1771110142379,-0.6229521632194519,-0.10712432861328125,-1.1897027492523193,3
1771110142496,0.2626921236515045,0.11646175384521484,0.47087860107421875,3
1771110142611,0.013446545228362083,-0.1598072052001953,-0.08812999725341797,3
1771110142711,0.7752314805984497,-0.008561134338378906,0.2430286407470703,3
1771110142829,0.5610136389732361,0.1412801742553711,0.18249034881591797,3
1771110142946,-0.00883929617702961,0.027940750122070312,-0.16965925693511963,3
1771110143063,0.17645856738090515,-0.060013771057128906,0.11355996131896973,3
1771110143179,0.43487098813056946,-0.3150453567504883,-0.2803456783294678,3
1771110143297,-0.349337100982666,0.19220352172851562,-0.06529903411865234,3
1771110143396,0.21838006377220154,-0.31174182891845703,0.17898178100585938,3
1771110143513,0.058126624673604965,0.058579444885253906,-0.21320009231567383,3
1771110143630,0.26868829131126404,0.19311046600341797,-0.22797942161560059,3
1771110143730,-0.044606566429138184,-0.2483234405517578,0.16575443744659424,3
1771110143850,0.0036141276359558105,0.13501644134521484,-0.14074397087097168,3
1771110143964,-0.4209023714065552,-0.3829669952392578,-0.06172072887420654,3
1771110144081,-0.32020941376686096,0.1672658920288086,-0.6130748987197876,3
1771110144182,0.08400743454694748,0.2497415542602539,0.08768010139465332,3
1771110144299,-0.06790465116500854,-0.2578916549682617,0.24876415729522705,3
1771110144399,0.11778037995100021,0.1465291976928711,-0.49903571605682373,3
1771110144514,0.6908477544784546,0.6147680282592773,1.6874140501022339,3
1771110144615,-0.6480792760848999,-0.5630588531494141,-0.26927196979522705,3
1771110144732,0.33910104632377625,-0.7063579559326172,-0.6692380905151367,3
1771110144836,-0.34652474522590637,0.29082584381103516,-0.1974349021911621,3
1771110144950,-0.08841454982757568,0.1696147918701172,-0.04677438735961914,3
1771110145049,-0.08490721881389618,-0.18088626861572266,1.7147958278656006,3
1771110145165,0.16374288499355316,0.46219539642333984,-0.11913025379180908,3
1771110145281,-0.46384119987487793,0.1357707977294922,0.1156545877456665,3
1771110145383,0.6995866298675537,-0.6420440673828125,0.8185442686080933,3
1771110145499,0.33221355080604553,0.5028209686279297,1.4114553928375244,3
1771110145617,0.38771378993988037,0.20371723175048828,0.5113428831100464,3
1771110145719,0.009360499680042267,0.5116701126098633,-0.34885644912719727,3
1771110145839,-0.2948644459247589,1.1144132614135742,-0.15781855583190918,3
1771110145950,0.8156073093414307,0.947993278503418,-0.8243985176086426,3
1771110146067,-0.060549624264240265,0.8720226287841797,-0.16287827491760254,3
1771110146184,-1.2005767822265625,0.4139862060546875,-1.229658842086792,3
1771110146289,0.005161825567483902,-0.5072669982910156,1.1983710527420044,3
1771110146402,-0.5489490032196045,-0.10517311096191406,0.6986485719680786,3
1771110146518,-0.4063425362110138,-0.42005157470703125,-0.4533017873764038,3
1771110146634,0.23816241323947906,-0.0066375732421875,1.6173030138015747,3
1771110146751,-0.24082733690738678,-0.7488651275634766,-0.5808345079421997,3
1771110146853,0.3425757884979248,1.0415754318237305,0.2527097463607788,3
1771110146969,0.1167527288198471,0.5441360473632812,0.6605184078216553,3
1771110147085,0.10832401365041733,0.14952564239501953,-0.6319018602371216,3
1771110147186,0.4339570105075836,0.043038368225097656,0.639684796333313,3
1771110147303,-0.11306503415107727,0.031787872314453125,0.2838209867477417,3
1771110147402,0.2751232087612152,0.09561634063720703,-0.6644266843795776,3
1771110147518,0.0937218964099884,0.8015079498291016,-0.4942135810852051,3
1771110147645,0.06244208291172981,-0.34284114837646484,-0.3278017044067383,3
1771110147753,0.18013375997543335,0.020394325256347656,0.29049360752105713,3
1771110147854,-0.07984373718500137,0.368682861328125,-0.23373103141784668,3
1771110147972,-0.02540743164718151,-0.15250396728515625,0.3851494789123535,3
1771110148089,-0.06374926120042801,0.10630989074707031,0.4246112108230591,3
1771110148244,0.4997963309288025,-0.3024616241455078,0.7097369432449341,3
1771110148328,0.43544575572013855,-0.4904670715332031,0.25104260444641113,3
1771110148423,-0.2532001733779907,0.06045341491699219,1.200961947441101,3
1771110148538,0.10522282123565674,-0.5281295776367188,0.2516319751739502,3
1771110148647,0.2528638541698456,0.01751422882080078,0.4684593677520752,3
1771110148756,0.3827906847000122,0.4040803909301758,0.686809778213501,3
1771110148855,-0.0996071919798851,0.1426715850830078,0.421567440032959,3
1771110148975,0.058936700224876404,-0.12853050231933594,0.2940061092376709,3
1771110149074,-0.052013203501701355,0.05722618103027344,0.4804701805114746,3
1771110149212,-0.06565304100513458,-0.052031517028808594,0.5949087142944336,3
1771110149290,-0.15800654888153076,-0.1638174057006836,1.036195993423462,3
1771110149405,0.158039852976799,-0.22620391845703125,0.5365612506866455,3
1771110149524,-0.05547285079956055,-0.02231597900390625,0.05436062812805176,3
1771110149640,0.14430254697799683,0.06473350524902344,0.6415266990661621,3
1771110149740,-0.07325664162635803,-0.23224258422851562,-0.14307785034179688,3
1771110149840,0.0715990960597992,0.17452526092529297,0.502410888671875,3
1771110149957,0.20470233261585236,-0.3162212371826172,0.22765636444091797,3
1771110150074,-0.050995707511901855,-0.24428653717041016,0.8027496337890625,3
1771110150220,-0.4311171770095825,0.16785812377929688,0.04517793655395508,3
1771110150310,-0.24055631458759308,0.10727977752685547,-0.16417241096496582,3
1771110150424,0.0755128264427185,0.1185903549194336,0.5327928066253662,3
1771110150525,0.07909789681434631,0.2809925079345703,0.1781468391418457,3
1771110150625,0.10201150178909302,-0.20294952392578125,1.0460515022277832,3
1771110150744,0.10295125842094421,-0.05043792724609375,0.5307912826538086,3
1771110150859,0.29222533106803894,-0.08315563201904297,0.16327667236328125,3
1771110150974,0.043168604373931885,0.5132417678833008,-0.2276449203491211,3
1771110151091,-0.10497249662876129,-0.0808267593383789,-0.10083913803100586,3
1771110151196,0.08091872930526733,-0.0763711929321289,-0.17283272743225098,3
1771110151294,0.3090164363384247,0.00156402587890625,0.7117273807525635,3
1771110151409,-0.4102923274040222,-0.40613269805908203,-0.3212718963623047,3
1771110151509,0.1206153929233551,-0.27214527130126953,0.31662511825561523,3
1771110151628,0.08404728770256042,-0.18976974487304688,0.5131392478942871,3
1771110151742,3.215670585632324e-05,-0.05606651306152344,0.39253830909729004,3
1771110151843,-0.2476705014705658,-0.2171478271484375,0.4571835994720459,3
1771110151960,0.0034289956092834473,-0.359283447265625,0.06346511840820312,3
1771110152063,-0.40462785959243774,-0.19256877899169922,0.34853625297546387,3
1771110152196,0.515120267868042,-0.1675882339477539,0.8494832515716553,3
1771110152311,-0.2262636423110962,-0.30864715576171875,0.7854442596435547,3
1771110152427,-0.0288885235786438,-0.2735710144042969,0.49567437171936035,3
1771110152546,-0.33739152550697327,-0.41005611419677734,0.09343767166137695,3
1771110152647,0.6170324087142944,0.2518014907836914,1.4226734638214111,3
1771110152761,-0.08764028549194336,-0.05300426483154297,1.1852271556854248,3
1771110152877,0.6609191298484802,0.28791141510009766,1.6339256763458252,3
1771110152981,0.25141674280166626,-0.27427005767822266,0.9958040714263916,3
1771110153097,0.2752033472061157,0.029659271240234375,0.5288894176483154,3
1771110153211,0.11384028196334839,-0.10032939910888672,1.2418336868286133,3
1771110153313,-0.09153300523757935,-0.2944316864013672,0.2936723232269287,3
1771110153429,0.04448139667510986,0.034595489501953125,0.3814270496368408,3
1771110153546,-0.02764207124710083,-0.01688861846923828,0.5190269947052002,3
1771110153663,-0.3473002314567566,0.16182899475097656,-1.0153634548187256,3
1771110153779,-0.7140793204307556,0.5012388229370117,-0.5587186813354492,3
1771110153883,0.2619730830192566,0.20426559448242188,-0.5973751544952393,3
1771110153996,-0.7589502334594727,0.3612499237060547,-0.7541208267211914,3
1771110154096,0.20773378014564514,0.13240432739257812,-0.7287366390228271,3
1771110154200,-0.23354168236255646,0.20937252044677734,-0.7277994155883789,3
1771110154314,0.6519474983215332,-0.006760597229003906,-0.32057809829711914,3
1771110154430,0.4468885064125061,0.12208747863769531,-0.4953577518463135,3
1771110154547,-0.3720443844795227,0.12519359588623047,-0.7688026428222656,3
1771110154647,-0.1410376876592636,0.12180709838867188,0.06383824348449707,3
1771110154748,0.2204548716545105,0.03253173828125,-0.4384927749633789,3
1771110154866,-0.023937702178955078,0.06405258178710938,-0.8301815986633301,3
1771110154983,-0.13202889263629913,0.1165771484375,-0.22635984420776367,3
1771110155083,0.5305689573287964,0.12274932861328125,-0.06381630897521973,3
1771110155198,0.35469791293144226,0.10096549987792969,-0.21227312088012695,3
1771110155314,-0.04140456020832062,0.04789924621582031,-0.5193238258361816,3
1771110155415,0.7314810752868652,0.037868499755859375,0.04034733772277832,3
1771110155533,0.11992838978767395,0.2938528060913086,-0.42751049995422363,3
1771110155651,-0.6135249733924866,0.2654752731323242,-0.2250199317932129,3
1771110155766,-0.8224616050720215,0.15075206756591797,-0.31577372550964355,3
1771110155883,0.4194099009037018,-0.27239418029785156,-0.08824634552001953,3
1771110155983,-0.8201357126235962,0.25263214111328125,-0.623560905456543,3
1771110156099,-0.9224361181259155,0.06067657470703125,-0.5142644643783569,3
1771110156200,0.6396867036819458,0.01961994171142578,-0.2977147102355957,3
1771110156317,0.5787693858146667,0.028901100158691406,-0.042328596115112305,3
1771110156433,-0.04858103394508362,-0.0824594497680664,0.11719465255737305,3
1771110156533,0.09182313084602356,0.17728710174560547,-0.545891284942627,3
1771110156634,0.15909156203269958,0.07958030700683594,-0.02559685707092285,3
1771110156752,-0.23751512169837952,-0.02599048614501953,-0.3354682922363281,3
1771110156871,0.11503595113754272,-0.03071880340576172,-0.32203125953674316,3
1771110156985,0.08143839240074158,-0.12369155883789062,-0.25539684295654297,3
1771110157101,0.13450613617897034,0.07642459869384766,0.10514497756958008,3
1771110157264,0.23102018237113953,0.2192678451538086,-0.015084505081176758,3
1771110157335,-0.026606202125549316,-0.03594398498535156,-0.12320828437805176,3
1771110157437,-0.13335047662258148,0.13109493255615234,0.026300430297851562,3
1771110157539,0.2159883975982666,0.04149627685546875,0.5235650539398193,3
1771110157652,0.13671115040779114,-0.12498283386230469,0.41477417945861816,3
1771110157768,-0.25172924995422363,-0.26119327545166016,0.26535558700561523,3
1771110157891,0.11637425422668457,-0.27796268463134766,0.1844491958618164,3
1771110158002,-0.05107817053794861,-0.1463479995727539,0.30187082290649414,3
1771110158119,-0.26879632472991943,0.03624916076660156,0.21896672248840332,3
1771110158236,-0.10680311918258667,-0.15596485137939453,0.07402658462524414,3
1771110158338,0.49939414858818054,-0.08093070983886719,0.612464427947998,3
1771110158455,0.6250381469726562,-0.06571006774902344,0.788287878036499,3
1771110158571,0.16050100326538086,-0.10774707794189453,0.40523576736450195,3
1771110158688,0.04039439558982849,-0.15407752990722656,0.09152936935424805,3
1771110158789,0.6100834608078003,-0.05959510803222656,0.6345317363739014,3
1771110158905,0.9920094013214111,0.10252094268798828,0.5217716693878174,3
1771110159023,-0.6524510383605957,0.08725833892822266,-0.015119314193725586,3
1771110159138,-0.857364296913147,0.0679616928100586,-0.11588859558105469,3
1771110159244,0.6561974287033081,-0.038299560546875,0.10500097274780273,3
1771110159386,0.4794682264328003,-0.07984161376953125,-0.044631004333496094,3
1771110159472,0.8118325471878052,-0.032637596130371094,0.0898439884185791,3
1771110159573,0.5085052847862244,0.2780599594116211,0.0071048736572265625,3
1771110159689,0.7413081526756287,-0.08302783966064453,-0.26793622970581055,3
1771110159791,-0.5534706711769104,0.2201824188232422,-0.16482162475585938,3
1771110159906,-0.42258238792419434,0.02673053741455078,-0.05875825881958008,3
1771110160023,0.4773048162460327,0.03487586975097656,0.41492247581481934,3
1771110160170,0.1605108380317688,0.048712730407714844,-0.2885129451751709,3
1771110160240,-0.9488853216171265,0.014627456665039062,-0.45342159271240234,3
1771110160390,0.9217356443405151,-0.016031265258789062,0.1681346893310547,3
1771110160474,0.7369624972343445,0.17823028564453125,0.017132043838500977,3
1771110160592,0.0036527514457702637,0.018942832946777344,-0.07928752899169922,3
1771110160709,-0.4772430658340454,0.07820796966552734,-0.12796998023986816,3
1771110160824,0.3339468836784363,-0.09630870819091797,0.259429931640625,3
1771110160941,0.16581344604492188,-0.03798198699951172,-0.2057809829711914,3
1771110161060,-0.6211290955543518,-0.18075180053710938,-0.17682981491088867,3
1771110161177,-1.007828950881958,0.0637359619140625,0.3797011375427246,3
1771110161292,0.9484947919845581,-0.2500801086425781,0.49724626541137695,3
1771110161392,-0.8628636598587036,0.1491384506225586,-0.00902700424194336,3
1771110161509,-0.015725791454315186,-0.02069854736328125,-0.0005295276641845703,3
1771110161610,-0.7868030667304993,0.18424415588378906,-0.21399831771850586,3
1771110161727,0.15744096040725708,0.1006927490234375,-0.18788814544677734,3
1771110161845,0.3045654892921448,0.042693138122558594,-0.2923924922943115,3
1771110161946,-0.7725339531898499,0.18978118896484375,-0.22405767440795898,3
1771110162060,0.15832355618476868,0.15343379974365234,0.15677595138549805,3
1771110162179,0.08486947417259216,-0.10750579833984375,-0.0882565975189209,3
1771110162293,0.0023752152919769287,0.1365795135498047,-0.04625821113586426,3
1771110162410,-0.205404132604599,0.1905355453491211,-0.37842845916748047,3
1771110162527,0.07413661479949951,-0.042611122131347656,0.21178936958312988,3
1771110162644,0.16705554723739624,0.09824848175048828,0.3162834644317627,3
1771110162760,-0.043825507164001465,-0.23789024353027344,0.13007760047912598,3
1771110162861,0.29422667622566223,0.3170442581176758,0.03716897964477539,3
1771110162977,-0.09031042456626892,0.2271738052368164,-0.3565394878387451,3
1771110163096,-0.13870245218276978,0.022223472595214844,-0.42504024505615234,3
1771110163210,-0.01554831862449646,-0.023474693298339844,-0.4643397331237793,3
1771110163313,0.02581605315208435,0.18308067321777344,0.05330610275268555,3
1771110163428,-0.07382962107658386,-0.039676666259765625,-0.013447761535644531,3
1771110163530,-0.24615252017974854,0.13551712036132812,-0.5321834087371826,3
1771110163647,0.3499675691127777,0.19656658172607422,0.05542564392089844,3
1771110163763,0.4138714075088501,0.08406829833984375,0.8294594287872314,3
1771110163862,0.06800910830497742,-0.19934749603271484,-0.26194167137145996,3
1771110163983,0.05440080165863037,0.26129150390625,0.25101304054260254,3
1771110164084,0.2961103916168213,0.12988662719726562,0.537834882736206,3
1771110164198,-0.11817771196365356,-0.022736549377441406,-0.3528873920440674,3
1771110164315,0.20922154188156128,0.12342071533203125,0.3252995014190674,3
1771110164431,-0.3095392882823944,0.05932807922363281,-0.6392219066619873,3
1771110164531,0.08380886912345886,-0.029356956481933594,0.21157360076904297,3
1771110164647,-0.24041126668453217,-0.16882896423339844,0.038218021392822266,3
1771110164747,0.19394764304161072,0.14754486083984375,-0.364479660987854,3
1771110164865,-0.002017468214035034,0.08637523651123047,-0.043527841567993164,3
1771110164981,-0.36812782287597656,0.1255359649658203,-0.14449524879455566,3
1771110165097,0.20870962738990784,0.0242462158203125,0.23612642288208008,3
1771110165214,-0.20627963542938232,-0.05682182312011719,-0.29247188568115234,3
1771110165331,0.006872415542602539,0.2939891815185547,0.0010459423065185547,3
1771110165434,-0.22421498596668243,-0.14234638214111328,0.02586674690246582,3
1771110165549,0.1632784605026245,0.043885231018066406,0.32177305221557617,3
1771110165669,0.008925765752792358,0.013321876525878906,-0.38914787769317627,3
1771110165782,0.00419771671295166,0.13796520233154297,0.24092483520507812,3
1771110165882,0.28254714608192444,0.047428131103515625,0.4331858158111572,3
1771110166001,0.30729350447654724,0.028516769409179688,0.1714165210723877,3
1771110166116,-0.08906131982803345,-0.10607433319091797,0.1829662322998047,3
1771110166236,-0.04744043946266174,-0.14850139617919922,0.19740986824035645,3
1771110166349,0.3358284533023834,-0.0778350830078125,0.4906907081604004,3
1771110166452,-0.0027953684329986572,0.07036018371582031,0.23805665969848633,3
1771110166567,-0.20249059796333313,0.09760284423828125,-0.46440720558166504,3
1771110166670,-0.13358177244663239,-0.17252254486083984,0.046732425689697266,3
1771110166784,0.02324080467224121,-0.18494701385498047,0.2840909957885742,3
1771110166902,0.3758704364299774,0.1516704559326172,0.8129584789276123,3
1771110167018,-0.17535503208637238,0.1470193862915039,-0.18694043159484863,3
1771110167135,0.012730628252029419,0.25192737579345703,-0.08855032920837402,3
1771110167251,-0.028940021991729736,0.11983203887939453,0.022208213806152344,3
1771110167397,-0.13150355219841003,-0.1743917465209961,0.011969804763793945,3
1771110167485,-0.20310372114181519,-0.07228946685791016,-0.36623167991638184,3
1771110167586,-0.07928422093391418,-0.0962991714477539,0.042032718658447266,3
1771110167701,-0.021865397691726685,0.2406482696533203,-0.30930793285369873,3
1771110167818,0.037458837032318115,0.30628108978271484,-0.21127426624298096,3
1771110167922,0.16004624962806702,-0.014982223510742188,-0.2850918769836426,3
1771110168036,0.12039622664451599,0.2805213928222656,-0.025522708892822266,3
1771110168153,0.003174126148223877,0.04705524444580078,-0.35997605323791504,3
1771110168253,-0.09346073865890503,-0.32375240325927734,0.3560647964477539,3
1771110168412,-0.22907555103302002,0.038604736328125,-0.09432148933410645,3
1771110168487,0.14770415425300598,-0.10502910614013672,0.059678077697753906,3
1771110168604,-0.13966265320777893,0.6147890090942383,-0.2703824043273926,3
1771110168721,0.1820354461669922,-0.3931245803833008,0.19766497611999512,3
1771110168837,-0.17451387643814087,-0.09953880310058594,0.20727801322937012,3
1771110168937,-0.03424309194087982,0.3425464630126953,-0.09298062324523926,3
1771110169053,-0.14381156861782074,-0.20304012298583984,-0.5846874713897705,3
1771110169171,0.0644763708114624,0.21769332885742188,0.013338804244995117,3
1771110169293,0.27642035484313965,-0.2028026580810547,0.44712376594543457,3
1771110169408,0.10396721959114075,0.133331298828125,0.6768441200256348,3
1771110169524,0.34100374579429626,0.0579986572265625,0.35948967933654785,3
1771110169624,-0.1903093308210373,-0.04189109802246094,-0.5365966558456421,3
1771110169739,-0.4484662413597107,0.005043983459472656,-0.8948516845703125,3
1771110169856,-0.031865790486335754,-0.09073829650878906,-0.8409795165061951,3
1771110169960,0.2120504528284073,0.14864826202392578,1.3664672374725342,3
1771110170072,0.01551295816898346,-0.1785726547241211,0.2095050811767578,3
1771110170250,0.5100760459899902,-0.10361194610595703,0.6750282049179077,3
1771110170306,-0.16477440297603607,0.027695655822753906,-0.0380396842956543,3
1771110170408,-0.21715237200260162,-0.11948585510253906,0.04174339771270752,3
1771110170523,0.03607583045959473,0.182464599609375,0.896748423576355,3
1771110170628,0.08651711046695709,-0.14050960540771484,0.32652997970581055,3
1771110170726,0.31558024883270264,-0.05340576171875,0.03227198123931885,3
1771110170840,0.27105623483657837,-0.022019386291503906,0.8894555568695068,3
1771110170960,0.14637130498886108,-0.09735965728759766,0.557023286819458,3
1771110171061,0.2216728925704956,-0.2182445526123047,0.6803261041641235,3
1771110171178,0.32595762610435486,-0.2875709533691406,0.8746466636657715,3
1771110171290,0.10698837041854858,-0.6548147201538086,0.8060314655303955,3
1771110171405,0.29387736320495605,-0.15613269805908203,0.7140548229217529,3
1771110171510,0.040051281452178955,-0.3284940719604492,0.414966344833374,3
1771110171609,0.07474783062934875,0.589320182800293,0.2666945457458496,3
1771110171726,0.04648318886756897,0.19457721710205078,-0.2037830352783203,3
1771110171826,0.09268346428871155,-0.2996654510498047,0.9911110401153564,3
1771110171944,0.16725128889083862,-0.21239280700683594,0.6305785179138184,3
1771110172058,0.2000429928302765,-0.15611934661865234,0.4199206829071045,3
1771110172176,-0.20890888571739197,-0.5981388092041016,0.29297852516174316,3
1771110172297,0.22981256246566772,0.4536018371582031,0.4436182975769043,3
1771110172420,0.15179702639579773,0.2880439758300781,-0.04640483856201172,3
1771110172526,-0.07528612017631531,0.1452188491821289,-0.04379129409790039,3
1771110172645,-0.054769814014434814,0.3114347457885742,0.43453288078308105,3
1771110172761,-0.5994756817817688,-0.10010147094726562,-0.4188687801361084,3
1771110172877,-0.06897273659706116,0.40859127044677734,0.21699309349060059,3
1771110172994,0.08398556709289551,0.09544658660888672,0.06391215324401855,3
1771110173095,0.2306821346282959,-0.2795877456665039,0.24993395805358887,3
1771110173211,-0.0543612539768219,0.18167591094970703,-0.4899327754974365,3
1771110173331,0.10020843148231506,0.2206287384033203,-0.04826855659484863,3
1771110173444,-0.6635894775390625,-0.0017518997192382812,-0.5479964017868042,3
1771110173546,0.007073402404785156,0.04970836639404297,-0.015651702880859375,3
1771110173662,0.1380806863307953,0.033791542053222656,0.6267440319061279,3
1771110173782,-0.2429381012916565,0.05177116394042969,0.25120019912719727,3
1771110173878,0.012299031019210815,-0.37237071990966797,0.06963849067687988,3
1771110173979,-0.4615970253944397,-0.20296382904052734,0.07457304000854492,3
1771110174104,0.5587899684906006,0.10599136352539062,0.7840170860290527,3
1771110174211,0.29141202569007874,-0.15491485595703125,0.577094316482544,3
1771110174313,-0.07128754258155823,-0.1268930435180664,0.16331148147583008,3
1771110174433,0.2419840693473816,-0.18009471893310547,0.9135525226593018,3
1771110174546,-0.044870972633361816,0.13413333892822266,0.3810310363769531,3
1771110174651,-0.08599340915679932,-0.4302253723144531,0.03505706787109375,3
1771110174770,0.32825708389282227,0.10603141784667969,0.7603423595428467,3
1771110174880,0.13975340127944946,-0.2043743133544922,0.16506409645080566,3
1771110175021,0.13803255558013916,0.14690303802490234,0.5793013572692871,3
1771110175113,0.051327407360076904,-0.030130386352539062,0.4122190475463867,3
1771110175218,-0.1538773477077484,-0.24874210357666016,-0.08470559120178223,3
1771110175314,-0.1824653148651123,0.08367061614990234,0.3421785831451416,3
1771110175415,0.08401644229888916,-0.2072010040283203,0.30318665504455566,3
1771110175534,0.07075345516204834,0.22145557403564453,0.5902371406555176,3
1771110175648,0.19585657119750977,0.13769817352294922,0.11263704299926758,3
1771110175765,0.16451787948608398,0.1379222869873047,0.6392672061920166,3
1771110175881,-0.356253981590271,-0.07815170288085938,-0.3746311664581299,3
1771110176000,-0.01819765567779541,-0.08975791931152344,-0.026260852813720703,3
1771110176102,-0.04604214429855347,0.3380422592163086,0.0183107852935791,3
1771110176233,-0.5393871665000916,0.0815887451171875,-0.7021416425704956,3
1771110176349,-0.02255469560623169,-0.18817806243896484,0.23379254341125488,3
1771110176468,0.2819436192512512,-0.12180709838867188,-0.030107736587524414,3
1771110176584,0.011385560035705566,-0.21623992919921875,0.2667975425720215,3
1771110176700,-0.1483420729637146,-0.10956859588623047,-0.15212750434875488,3
1771110176818,-0.14324182271957397,-0.05434131622314453,-0.34763407707214355,3
1771110176944,-0.07749924063682556,0.09945487976074219,0.013278961181640625,3
1771110177049,-0.29039058089256287,-0.024974822998046875,-0.1835181713104248,3
1771110177152,0.16592824459075928,0.04938697814941406,0.35335254669189453,3
1771110177269,0.042523324489593506,0.2680988311767578,0.3261418342590332,3
1771110177409,-0.01792973279953003,0.10741138458251953,0.06495213508605957,3
1771110177501,0.03660076856613159,-0.16963481903076172,-0.004811763763427734,3
1771110177602,-0.1546090841293335,-0.14197921752929688,-0.2904651165008545,3
1771110177719,-0.01134401559829712,0.15341758728027344,-0.3326234817504883,3
1771110177835,0.09902507066726685,0.020099639892578125,-0.17531776428222656,3
1771110177951,-0.1922030746936798,0.06000804901123047,-0.2156379222869873,3
1771110178068,-0.12818631529808044,0.026785850524902344,-0.45061159133911133,3
1771110178208,0.01762712001800537,0.07309627532958984,-0.5296478271484375,3
1771110178320,-0.10611966252326965,0.4703254699707031,0.35190773010253906,3
1771110178438,-0.017217934131622314,0.2171030044555664,0.20256948471069336,3
1771110178555,-0.27795737981796265,-0.12452983856201172,-0.7455408573150635,3
1771110178670,0.18442219495773315,-0.12046432495117188,0.019074678421020508,3
1771110178787,-0.16397041082382202,-0.12189102172851562,-0.3638770580291748,3
1771110178904,-0.13631510734558105,0.06967926025390625,-0.191725492477417,3
1771110179004,-0.21151548624038696,0.1370229721069336,-0.29525136947631836,3
1771110179125,-0.1110101044178009,-0.16948986053466797,-0.2286231517791748,3
1771110179240,0.395501971244812,0.15629291534423828,0.6627633571624756,3
1771110179353,0.2712950110435486,0.06064796447753906,0.3820979595184326,3
1771110179454,0.20386743545532227,0.06617546081542969,0.23426604270935059,3
1771110179572,-0.33219999074935913,-0.008424758911132812,-0.2108442783355713,3
1771110179689,-0.012347400188446045,0.13571548461914062,0.20086097717285156,3
1771110179805,-0.14557886123657227,0.10792732238769531,-0.40845561027526855,3
1771110179905,-0.2826290726661682,-0.13459110260009766,-0.40458202362060547,3
1771110180022,0.10268068313598633,0.14577198028564453,0.10395503044128418,3
1771110180138,0.34793609380722046,0.03560066223144531,0.2782149314880371,3
1771110180256,-0.07643347978591919,0.01976299285888672,-0.17953872680664062,3
1771110180376,-0.1445583701133728,-0.20247745513916016,-0.26770448684692383,3
1771110180474,-0.1942843198776245,0.035584449768066406,-0.6721718311309814,3
1771110180592,0.10011804103851318,0.205352783203125,0.002105712890625,3
1771110180707,-0.2510809600353241,-0.034668922424316406,-0.3277873992919922,3
1771110180823,0.03875190019607544,-0.006571769714355469,-0.21719837188720703,3
1771110180941,0.03742009401321411,0.008194923400878906,-0.06963658332824707,3
1771110181056,0.033678531646728516,-0.02622222900390625,-0.4990842342376709,3
1771110181171,-0.08475255966186523,-0.07381343841552734,-0.41732335090637207,3
1771110181275,-0.04732096195220947,0.6087532043457031,0.0341184139251709,3
1771110181426,-0.2521478533744812,-0.2942209243774414,-0.17779946327209473,3
1771110181508,0.13743233680725098,0.06185340881347656,-0.5392415523529053,3
1771110181608,0.03764551877975464,0.16453170776367188,0.31060194969177246,3
1771110181726,0.10985028743743896,-0.13818740844726562,0.21596550941467285,3
1771110181825,0.000491410493850708,0.2197580337524414,-0.9431909322738647,3
1771110181942,0.014692515134811401,0.3905172348022461,-0.008135437965393066,3
1771110182064,-0.033767253160476685,-0.13198280334472656,0.5675051212310791,3
1771110182176,0.25241637229919434,-0.0652761459350586,0.05841720104217529,3
1771110182295,0.4610254168510437,-0.278839111328125,0.32143187522888184,3
1771110182424,0.16932961344718933,-0.14590167999267578,-0.32591891288757324,3
1771110182510,0.30411601066589355,-0.04128074645996094,-0.369260311126709,3
1771110182628,-0.09320762753486633,0.1372365951538086,-0.677749514579773,3
1771110182743,0.3553333878517151,0.06110668182373047,0.22117269039154053,3
1771110182861,0.13750457763671875,0.34629058837890625,0.7819644212722778,3
1771110182976,-0.3140964210033417,-0.06957721710205078,-0.3571990728378296,3
1771110183078,0.35579195618629456,0.2055950164794922,1.2129757404327393,3
1771110183227,0.35267168283462524,-0.060753822326660156,0.573235034942627,3
1771110183295,-0.20408101379871368,0.022713661193847656,-0.08374345302581787,3
1771110183434,0.1263517439365387,0.23606014251708984,0.6308274269104004,3
1771110183513,-0.3181740641593933,0.007519721984863281,-0.03569912910461426,3
1771110183628,0.04759916663169861,0.24304962158203125,-0.2472684383392334,3
1771110183730,0.035117387771606445,-0.26143550872802734,-0.22821033000946045,3
1771110183831,0.005940735340118408,0.39752674102783203,0.07656562328338623,3
1771110183946,0.22042110562324524,-0.16678237915039062,-0.24034357070922852,3
1771110184061,0.08782303333282471,0.05838489532470703,0.23645925521850586,3
1771110184178,0.2752296030521393,-0.11982059478759766,0.6881896257400513,3
1771110184283,-0.1727948784828186,0.10304450988769531,0.43358874320983887,3
1771110184440,-0.3874122202396393,-0.11589908599853516,0.3441373109817505,3
1771110184513,0.46383342146873474,-0.18556690216064453,0.12874674797058105,3
1771110184629,0.20771491527557373,-0.026796340942382812,0.11625015735626221,3
1771110184747,-0.22482319176197052,-0.07375621795654297,0.572536826133728,3
1771110184866,0.2562170922756195,-0.39278316497802734,0.455829381942749,3
1771110184966,-0.11944305896759033,-0.14810752868652344,1.012622594833374,3
1771110185081,0.26865091919898987,0.05646228790283203,0.7265782356262207,3
1771110185199,-0.1178414523601532,0.12616252899169922,-0.34049558639526367,3
1771110185314,0.07619315385818481,0.1624622344970703,-0.10935521125793457,3
1771110185431,0.18060502409934998,0.010936737060546875,0.3003206253051758,3
1771110185533,0.12241771817207336,0.1481494903564453,0.04932141304016113,3
1771110185648,-0.2669422924518585,0.43132495880126953,-0.09452295303344727,3
1771110185764,-0.0005664229393005371,-0.1060953140258789,0.13628578186035156,3
1771110185865,0.08997368812561035,-0.0849313735961914,0.4051241874694824,3
1771110185982,0.0887824296951294,0.0045108795166015625,0.014881372451782227,3
1771110186098,-0.35356053709983826,-0.38143348693847656,-0.353527307510376,3
1771110186200,0.10780805349349976,0.09444618225097656,0.08357858657836914,3
1771110186316,-0.23117762804031372,-0.4414834976196289,0.12099695205688477,3
1771110186434,0.11343061923980713,-0.040123939514160156,0.3506796360015869,3
1771110186549,-0.07935446500778198,-0.08894062042236328,-0.08998751640319824,3
1771110186650,0.31311917304992676,-0.04119110107421875,-0.09366965293884277,3
1771110186767,-0.04263770580291748,0.10016632080078125,-0.047985076904296875,3
1771110186868,-0.23046886920928955,0.30419921875,-0.6380705833435059,3
1771110186983,-0.1738148331642151,-0.06973075866699219,-0.5390493869781494,3
1771110187099,0.5687984824180603,-0.13682937622070312,-0.01957416534423828,3
1771110187227,0.6198724508285522,-0.051163673400878906,0.0997314453125,3
1771110187317,0.028588593006134033,0.06894874572753906,-0.608950138092041,3
1771110187449,0.1742950677871704,-0.12749385833740234,-0.10927033424377441,3
1771110187535,0.42863088846206665,0.08644771575927734,0.4331638813018799,3
1771110187652,0.5396785736083984,-0.3463306427001953,0.04692721366882324,3
1771110187769,-0.12502330541610718,0.36876487731933594,0.37023067474365234,3
1771110187874,0.2583580017089844,-0.02174663543701172,-0.4197511672973633,3
1771110187971,0.04586684703826904,-0.16510963439941406,-0.0770723819732666,3
1771110188084,-0.024012386798858643,0.1552267074584961,-0.09277987480163574,3
1771110188188,-0.21221229434013367,-0.08519458770751953,-0.29752063751220703,3
1771110188304,-0.05590087175369263,0.24682044982910156,-0.03156638145446777,3
1771110188428,-0.08282122015953064,0.03538990020751953,-0.6257691383361816,3
1771110188519,-0.17046546936035156,-0.2064056396484375,0.22254347801208496,3
1771110188636,0.13348418474197388,0.11151981353759766,0.7310073375701904,3
1771110188753,0.18449252843856812,-0.10554218292236328,0.06817245483398438,3
1771110188873,-0.29102739691734314,0.06653499603271484,0.27803540229797363,3
1771110188988,0.27017390727996826,-0.21233177185058594,0.8197464942932129,3
1771110189108,0.24616968631744385,-0.23839664459228516,0.46260976791381836,3
1771110189213,0.31968599557876587,-0.4288911819458008,0.6443793773651123,3
1771110189323,-0.32794636487960815,0.14559459686279297,-0.20686984062194824,3
1771110189449,0.040171682834625244,-0.1516103744506836,1.1147687435150146,3
1771110189554,0.16990023851394653,0.5411405563354492,-0.47526001930236816,3
1771110189672,-0.24859482049942017,0.15160179138183594,-0.4861983060836792,3
1771110189788,-0.02355015277862549,0.07636356353759766,0.03577160835266113,3
1771110189905,0.14804720878601074,0.2908334732055664,-0.3186829090118408,3
1771110190008,-0.0892743468284607,0.7260971069335938,-0.38736844062805176,3
1771110190123,-0.4977281987667084,0.06655025482177734,-0.5913043022155762,3
1771110190241,0.40995585918426514,0.1484375,0.3658297061920166,3
1771110190355,0.1199108362197876,0.5129404067993164,-0.3437349796295166,3
1771110190473,-0.28000590205192566,0.0145721435546875,-0.11581850051879883,3
1771110190577,0.30939918756484985,-0.15273666381835938,0.19497370719909668,3
1771110190689,0.2251630425453186,-0.21822547912597656,-0.17850685119628906,3
1771110190790,0.13140976428985596,-0.06821441650390625,-0.2183856964111328,3
1771110190906,0.05961078405380249,0.20867919921875,-0.38442516326904297,3
1771110191022,-0.16518664360046387,-0.10110664367675781,-0.5468095541000366,3
1771110191144,0.2605132460594177,0.09622478485107422,0.07918691635131836,3
1771110191278,-0.2865312099456787,-0.017313003540039062,-0.7021971940994263,3
1771110191376,0.4836745858192444,-0.2164478302001953,-0.08768916130065918,3
1771110191489,0.48129957914352417,0.44600772857666016,0.2540252208709717,3
1771110191608,-0.25929969549179077,0.0833892822265625,-0.2478199005126953,3
1771110191724,0.21481335163116455,0.03226280212402344,0.4168119430541992,3
1771110191825,-0.40178507566452026,0.23502063751220703,0.020671844482421875,3
1771110191940,0.40404146909713745,0.30854034423828125,0.10244965553283691,3
1771110192059,0.05680149793624878,0.27004241943359375,-0.08122944831848145,3
1771110192176,-0.06830024719238281,0.11262321472167969,0.25470757484436035,3
1771110192291,0.43183058500289917,0.22472095489501953,0.5419282913208008,3
1771110192393,-0.11070546507835388,-0.12238502502441406,0.4436056613922119,3
1771110192493,-0.09910804033279419,-0.0284576416015625,0.24877238273620605,3
1771110192609,-0.03299766778945923,-0.29535579681396484,0.27071642875671387,3
1771110192727,0.15611141920089722,0.17060470581054688,0.37335634231567383,3
1771110192845,0.11287003755569458,-0.43116092681884766,0.49049925804138184,3
1771110192958,-0.36113178730010986,-0.18842315673828125,-0.6802558898925781,3
1771110193064,0.37864190340042114,-0.0711679458618164,0.14286446571350098,3
1771110193187,-0.34998610615730286,-0.14000606536865234,-0.6690068244934082,3
1771110193294,-0.5608260035514832,-0.1405630111694336,-0.4572925567626953,3
1771110193394,0.05458444356918335,-0.07108688354492188,-0.5811841487884521,3
1771110193510,-0.046314120292663574,0.19007396697998047,-0.20990681648254395,3
1771110193611,0.3016012907028198,-0.24618053436279297,-0.01553797721862793,3
1771110193712,-0.5579664707183838,0.11130428314208984,0.37420654296875,3
1771110193828,0.1239328384399414,0.029695510864257812,-0.003947257995605469,3
1771110193929,0.1205793023109436,-0.2730283737182617,0.5890598297119141,3
1771110194049,0.5510878562927246,0.23807525634765625,0.7292275428771973,3
1771110194162,0.29460668563842773,0.02595043182373047,0.6638150215148926,3
1771110194262,0.15128320455551147,0.3233003616333008,0.31017017364501953,3
1771110194380,0.18597173690795898,0.22600841522216797,0.11012554168701172,3
1771110194496,0.347953736782074,0.3293323516845703,0.0010766983032226562,3
1771110194613,0.031533241271972656,0.1327981948852539,-0.05546307563781738,3
1771110194729,-0.25203099846839905,-0.17052841186523438,0.19623947143554688,3
1771110194847,0.2661711573600769,0.017347335815429688,0.232191801071167,3
1771110194964,-0.0201757550239563,-0.5311155319213867,-0.14257240295410156,3
1771110195079,-0.37256550788879395,-0.1766948699951172,-0.1412348747253418,3
1771110195285,-0.04305380582809448,-0.3361968994140625,0.09610962867736816,3
1771110195316,0.10268110036849976,-0.4312324523925781,-0.01475834846496582,3
1771110195468,0.012507259845733643,-0.2842683792114258,0.46502089500427246,3
1771110195548,-0.14855355024337769,-0.08625984191894531,-0.5299685001373291,3
1771110195650,0.1772821545600891,-0.07993888854980469,0.9361917972564697,3
1771110195765,-0.15735620260238647,-0.5921602249145508,-0.05747199058532715,3
1771110195882,-0.1648508608341217,0.05601215362548828,0.00040721893310546875,3
1771110195997,0.22099727392196655,-0.08661842346191406,-0.0034041404724121094,3
1771110196115,0.27575862407684326,0.24412918090820312,0.3302619457244873,3
1771110196233,0.30034542083740234,0.3183555603027344,0.2361311912536621,3
1771110196348,-0.2497715950012207,-0.28971004486083984,-0.46766090393066406,3
1771110196449,0.006891965866088867,-0.09287643432617188,-0.1976182460784912,3
1771110196567,0.3864942789077759,0.04362773895263672,0.6365752220153809,3
1771110196682,0.1469629406929016,0.01996612548828125,-0.00797271728515625,3
1771110196785,0.07819363474845886,-0.1146535873413086,0.5528562068939209,3
1771110196899,-0.1250806450843811,-0.35295677185058594,-0.07828617095947266,3
1771110197016,0.7479475140571594,-0.12213706970214844,0.9063403606414795,3
1771110197165,-0.29707828164100647,-0.07599544525146484,-1.0211408138275146,3
1771110197234,-0.06570327281951904,0.23420047760009766,-0.006815195083618164,3
1771110197353,0.05198889970779419,0.25711822509765625,-0.21631717681884766,3
1771110197471,0.053346335887908936,-0.2184000015258789,0.8659625053405762,3
1771110197583,-0.017185747623443604,0.12090682983398438,0.34203171730041504,3
1771110197702,-0.0967455506324768,-0.16867542266845703,0.7733564376831055,3
1771110197822,-0.1678948998451233,-0.2551689147949219,0.11860966682434082,3
1771110197937,-0.2692797780036926,-0.12154388427734375,0.549929141998291,3
1771110198054,0.8115599155426025,-0.2696046829223633,0.6874575614929199,3
1771110198168,0.8194363117218018,-0.16199684143066406,0.5533230304718018,3
1771110198284,-0.05819287896156311,-0.18702220916748047,0.4294404983520508,3
1771110198401,-0.10913166403770447,-0.18997573852539062,-0.28867483139038086,3
1771110198519,-0.06447157263755798,-0.16070842742919922,0.3456728458404541,3
1771110198638,0.16152352094650269,0.2633943557739258,0.5401411056518555,3
1771110198757,-0.23410609364509583,-0.07052898406982422,0.20856642723083496,3
1771110198872,0.3085671067237854,-0.07849407196044922,0.0504763126373291,3
1771110198985,0.16647452116012573,-0.19665813446044922,0.26875948905944824,3
1771110199089,-0.21548177301883698,-0.061539649963378906,0.5706639289855957,3
1771110199243,0.46357712149620056,-0.2978200912475586,0.9084954261779785,3
1771110199305,0.3863745927810669,-0.21175098419189453,0.6136846542358398,3
1771110199454,0.2439151108264923,-0.17183494567871094,0.6366944313049316,3
1771110199535,-0.021778136491775513,-0.02106952667236328,0.1304950714111328,3
1771110199637,-0.29663994908332825,0.16332149505615234,-0.25237417221069336,3
1771110199756,0.4533713459968567,0.08696556091308594,0.3438224792480469,3
1771110199871,-0.10945078730583191,-0.03466033935546875,-0.23966217041015625,3
1771110199987,0.011716127395629883,-0.031447410583496094,0.4333536624908447,3
1771110200087,0.09799468517303467,0.019913673400878906,0.20379948616027832,3
1771110200205,-0.113514244556427,-0.047489166259765625,-0.23666143417358398,3
1771110200324,0.44225752353668213,-0.09103107452392578,0.47423815727233887,3
1771110200455,0.24927544593811035,-0.02087879180908203,0.521477222442627,3
1771110200524,0.23066329956054688,-0.08906078338623047,0.3959174156188965,3
1771110200639,0.5970973372459412,0.011685371398925781,0.7298321723937988,3
1771110200756,-0.09722268581390381,-0.11358070373535156,0.2622404098510742,3
1771110200872,0.22048991918563843,-0.08860492706298828,0.648998498916626,3
1771110200990,0.5097019672393799,-0.17348670959472656,0.26948976516723633,3
1771110201108,0.040255963802337646,0.16489028930664062,-0.3606595993041992,3
1771110201309,0.13633716106414795,-0.023405075073242188,-0.16846752166748047,3
1771110201341,-0.13059768080711365,0.029752731323242188,0.08276247978210449,3
1771110201456,0.20656323432922363,-0.034043312072753906,-0.7551212310791016,3
1771110201572,0.07812774181365967,-0.03974723815917969,0.4008324146270752,3
1771110201690,0.4481748938560486,0.2424488067626953,0.9552829265594482,3
1771110201807,0.6008239388465881,-0.25737571716308594,0.5812802314758301,3
1771110201908,-0.4973561763763428,0.1132049560546875,0.14936161041259766,3
1771110202025,-0.06968468427658081,0.03053760528564453,0.6645588874816895,3
1771110202140,-0.2919342815876007,0.055606842041015625,0.12526822090148926,3
1771110202240,0.5742649435997009,-0.06676197052001953,0.7192878723144531,3
1771110202357,0.17119115591049194,-0.18607521057128906,0.12528014183044434,3
1771110202459,0.122225821018219,-0.14115047454833984,0.5801472663879395,3
1771110202574,0.6979262828826904,-0.27046775817871094,0.11394333839416504,3
1771110202674,-0.20925858616828918,-0.0021839141845703125,0.2464437484741211,3
1771110202792,-0.2871197462081909,0.02455615997314453,0.4045834541320801,3
1771110202910,0.1478092074394226,-0.021246910095214844,-0.1296539306640625,3
1771110203025,0.15447640419006348,0.11049079895019531,-0.12465548515319824,3
1771110203142,0.2740668058395386,-0.20424652099609375,-0.04767870903015137,3
1771110203262,-0.03676044940948486,0.21893882751464844,0.27007222175598145,3
1771110203375,0.41564077138900757,0.10730457305908203,-0.4047882556915283,3
1771110203496,-0.01811039447784424,0.2685508728027344,-0.281355619430542,3
1771110203594,0.4403327703475952,0.13097858428955078,-0.2891876697540283,3
1771110203709,0.6891167759895325,0.19519805908203125,-0.4565598964691162,3
1771110203810,0.11818304657936096,0.2390918731689453,-0.34276652336120605,3
1771110203927,-0.03678432106971741,0.1920623779296875,-0.41422247886657715,3
1771110204044,-0.5686036348342896,0.18893718719482422,-0.4466409683227539,3
1771110204162,0.26594409346580505,0.08219718933105469,-0.6414051055908203,3
1771110204263,-0.13015061616897583,0.06828022003173828,-0.25807905197143555,3
1771110204377,-0.28300583362579346,0.09015846252441406,-0.19897079467773438,3
1771110204479,-0.2783408463001251,0.26084041595458984,-0.38102078437805176,3
1771110204593,-0.1376994550228119,0.21472454071044922,-0.39296436309814453,3
1771110204696,-0.15520283579826355,0.07522392272949219,-0.1731884479522705,3
1771110204814,-0.07431310415267944,0.0934610366821289,-0.3726973533630371,3
1771110204929,-0.1925428807735443,0.13205718994140625,-0.15105891227722168,3
1771110205045,0.43679705262184143,0.0758047103881836,-0.32480478286743164,3
1771110205218,0.38077595829963684,0.11636543273925781,-0.09453678131103516,3
1771110205277,0.4402647614479065,0.10487174987792969,-0.3186159133911133,3
1771110205381,-0.2107018530368805,0.19028663635253906,-0.4006383419036865,3
1771110205496,-0.18573644757270813,0.04666328430175781,-0.13129281997680664,3
1771110205612,0.05701681971549988,0.08572673797607422,-0.2864375114440918,3
1771110205715,-0.49331560730934143,0.11213302612304688,-0.2502775192260742,3
1771110205832,0.10257387161254883,0.04027843475341797,-0.03078007698059082,3
1771110205948,-0.16478538513183594,0.06316280364990234,-0.3954606056213379,3
1771110206064,0.4048301875591278,-0.033710479736328125,0.001384735107421875,3
1771110206181,-0.06001719832420349,0.050538063049316406,-0.3365201950073242,3
1771110206281,-0.3308969736099243,0.23367691040039062,-0.5444051027297974,3
1771110206398,0.5768477916717529,0.10360527038574219,-0.15538334846496582,3
1771110206515,-0.349855899810791,0.2536640167236328,-0.6688394546508789,3
1771110206631,0.4024602770805359,0.037872314453125,-0.14519238471984863,3
1771110206748,0.7127448320388794,0.05316162109375,-0.17603230476379395,3
1771110206864,-0.3010646104812622,-0.04094982147216797,-0.4311952590942383,3
1771110206981,-0.521386981010437,0.09477424621582031,-0.5601857900619507,3
1771110207098,-0.3017675280570984,0.14577198028564453,-0.2722811698913574,3
1771110207216,-0.20511141419410706,0.13433361053466797,-0.6294628381729126,3
1771110207334,-0.3053615093231201,0.07119083404541016,-0.48272788524627686,3
1771110207464,0.28778040409088135,0.2083902359008789,-0.22465157508850098,3
1771110207567,0.38179928064346313,0.14745807647705078,0.03372645378112793,3
1771110207684,0.21534699201583862,-0.1248483657836914,-0.06044507026672363,3
1771110207800,0.3655405640602112,-0.019820213317871094,0.2298729419708252,3
1771110207910,-0.2368522584438324,0.12928390502929688,-0.585834264755249,3
1771110208016,0.38632330298423767,0.10190486907958984,-0.07285809516906738,3
1771110208135,0.020824313163757324,-0.04706573486328125,-0.19591915607452393,3
1771110208233,-0.021521002054214478,0.08962249755859375,-0.3047581911087036,3
1771110208349,-0.1957436501979828,0.11347484588623047,-0.4189412593841553,3
1771110208474,0.6071816682815552,-0.01706981658935547,0.17553925514221191,3
1771110208583,-0.13068170845508575,-0.04951286315917969,-0.055866241455078125,3
1771110208685,-0.04328832030296326,-0.08615875244140625,-0.04330754280090332,3
1771110208800,-0.034483492374420166,-0.06853294372558594,0.14955520629882812,3
1771110208902,-0.08800795674324036,0.46236705780029297,-0.35040903091430664,3
1771110209020,0.1455983817577362,-0.1505756378173828,0.4376645088195801,3
1771110209134,-0.0019894838333129883,0.27468395233154297,-0.36971235275268555,3
1771110209235,0.26613229513168335,-0.09333324432373047,0.2308487892150879,3
1771110209353,-0.4321382939815521,-0.1886730194091797,-0.33977210521698,3
1771110209475,-0.19448354840278625,-0.12525558471679688,0.10725712776184082,3
1771110209585,0.7060707807540894,0.19611740112304688,0.014537334442138672,3
1771110209703,0.3389377295970917,0.26469993591308594,-0.13826751708984375,3
1771110209819,0.26514512300491333,0.21585845947265625,-0.1255052089691162,3
1771110209935,-0.13452878594398499,0.3707714080810547,-0.27817511558532715,3
1771110210039,0.008899271488189697,-0.21195697784423828,0.04224753379821777,3
1771110210153,0.1829523742198944,-0.11953544616699219,0.017122745513916016,3
1771110210269,0.07935351133346558,0.011341094970703125,0.7270779609680176,3
1771110210387,-0.17935949563980103,-0.42397403717041016,-0.34017419815063477,3
1771110210488,0.283081978559494,0.4783058166503906,-0.06109619140625,3
1771110210613,-0.1536749005317688,0.07497501373291016,-0.5852037668228149,3
1771110210719,0.16177546977996826,0.3493318557739258,0.04552030563354492,3
1771110210822,0.25540977716445923,-0.011318206787109375,0.2727947235107422,3
1771110210925,-0.24940098822116852,-0.37079429626464844,-0.30109691619873047,3
1771110211039,-0.32751208543777466,0.1479206085205078,-0.3325519561767578,3
1771110211142,-0.04438084363937378,0.06198692321777344,-0.3736896514892578,3
1771110211254,-0.013743013143539429,0.29245662689208984,0.29755663871765137,3
1771110211371,0.04579392075538635,0.2014293670654297,-0.09661293029785156,3
1771110211477,-0.03556722402572632,0.17116451263427734,-0.3816390037536621,3
1771110211588,-0.13398349285125732,0.06531906127929688,-0.23764371871948242,3
1771110211705,0.14327633380889893,0.0489044189453125,-0.04228329658508301,3
1771110211822,-0.27066540718078613,0.18501853942871094,-0.21861588954925537,3
1771110211939,-0.10526382923126221,-0.029083251953125,-0.3965260982513428,3
1771110212055,0.23305529356002808,0.29259490966796875,0.17244386672973633,3
1771110212175,0.11558142304420471,0.1907958984375,-0.46572625637054443,3
1771110212289,0.21657657623291016,-0.0028581619262695312,0.41138172149658203,3
1771110212409,-0.12817567586898804,0.15483760833740234,-0.2878831624984741,3
1771110212525,0.30966678261756897,-0.11998558044433594,-0.15731024742126465,3
1771110212640,-0.13966941833496094,-0.13642215728759766,0.15159845352172852,3
1771110212761,-0.05105385184288025,0.04364490509033203,0.1707932949066162,3
1771110212873,0.1865752935409546,-0.10670661926269531,-0.04054522514343262,3
1771110212974,0.12748566269874573,0.03716564178466797,-0.19228172302246094,3
1771110213092,0.35287564992904663,-0.07456111907958984,0.64670729637146,3
1771110213193,0.07060185074806213,0.13534927368164062,0.13158583641052246,3
1771110213309,0.11193475127220154,0.020554542541503906,0.29834699630737305,3
1771110213426,-0.07085952162742615,0.033000946044921875,0.2862567901611328,3
1771110213527,-0.03486454486846924,-0.10683250427246094,0.2171342372894287,3
1771110213641,0.25372159481048584,0.17682266235351562,0.6154880523681641,3
1771110213759,-0.31695592403411865,-0.0973663330078125,-0.27065062522888184,3
1771110213859,-0.22261205315589905,-0.012173652648925781,-0.3558933734893799,3
1771110213975,-0.21386337280273438,0.050487518310546875,-0.3265620470046997,3
1771110214098,-0.043306559324264526,-0.14708518981933594,-0.3875293731689453,3
1771110214193,-0.18519550561904907,0.22925186157226562,-0.3262825012207031,3
1771110214309,-0.07172632217407227,0.06131172180175781,-0.5085856914520264,3
1771110214410,0.07489711046218872,0.2836027145385742,-0.43732571601867676,3
1771110214527,0.12427735328674316,0.08926105499267578,-0.11776506900787354,3
1771110214643,-0.2061912715435028,-0.07492351531982422,-0.3372929096221924,3
1771110214761,0.08725941181182861,0.08756160736083984,-0.02852630615234375,3
1771110214878,-0.030046731233596802,0.1687612533569336,-0.29463815689086914,3
1771110214994,-0.27246761322021484,-0.10585212707519531,-0.8654074668884277,3
1771110215114,-0.11997821927070618,-0.025856971740722656,-1.0200004577636719,3
1771110215229,0.21511512994766235,0.06248950958251953,0.4453636407852173,3
1771110215345,0.2108846753835678,0.03715324401855469,0.5121462345123291,3
1771110215494,0.14811377227306366,0.17607975006103516,0.240836501121521,3
1771110215563,-0.1771177500486374,-0.042527198791503906,-0.9578442573547363,3
1771110215680,0.026818320155143738,-0.05838203430175781,-0.5610432624816895,3
1771110215795,-0.1545964479446411,0.113006591796875,-0.3563292622566223,3
1771110215911,-0.05087658017873764,0.21503543853759766,0.18058180809020996,3
1771110216012,0.19821617007255554,0.15647602081298828,0.43296217918395996,3
1771110216128,0.2938511371612549,0.6797428131103516,0.39602553844451904,3
1771110216246,-0.05956209450960159,0.1308279037475586,-0.08309066295623779,3
1771110216363,0.02887258678674698,0.15685176849365234,0.3702857494354248,3
1771110216481,-0.24690304696559906,-0.06029701232910156,0.2875896692276001,3
1771110216597,-0.1816428005695343,-0.12963104248046875,-0.7537218332290649,3
1771110216697,0.08496786653995514,0.1781139373779297,0.7911738157272339,3
1771110216814,-0.2578439712524414,0.15873050689697266,-0.14455938339233398,3
1771110216930,-0.0690976232290268,-0.11519718170166016,0.6660746335983276,3
1771110217047,-0.060088396072387695,-0.06463241577148438,-0.7661314606666565,3
1771110217163,0.3696596920490265,0.36960697174072266,0.46707844734191895,3
1771110217265,-0.11362732946872711,-0.2617921829223633,0.5364964008331299,3
1771110217366,-0.0957525372505188,0.17482852935791016,0.30357885360717773,3
1771110217488,-0.033591002225875854,0.5187921524047852,0.2888369560241699,3
1771110217582,0.452449232339859,-0.5040674209594727,0.7536022663116455,3
1771110217699,0.2839164733886719,-0.09919548034667969,0.6677285432815552,3
1771110217816,0.0801866352558136,-0.03122234344482422,0.3999265432357788,3
1771110217933,0.2890082597732544,0.009888648986816406,0.6517359018325806,3
1771110218051,0.22874322533607483,0.6307516098022461,0.688584566116333,3
1771110218170,-0.02116084098815918,-0.13829898834228516,-0.025343894958496094,3
1771110218284,0.1828659176826477,0.1133575439453125,0.5876901149749756,3
1771110218401,0.10470253229141235,-0.49999237060546875,0.2706782817840576,3
1771110218518,-0.09387442469596863,-0.050182342529296875,0.7577464580535889,3
1771110218634,0.33403900265693665,-0.12698650360107422,0.5113105773925781,3
1771110218753,0.16992849111557007,-0.18567848205566406,0.37767648696899414,3
1771110218866,0.1808466613292694,0.022127151489257812,0.44657468795776367,3
1771110218970,0.1871391236782074,-0.044775962829589844,0.5785245895385742,3
1771110219085,-0.32426807284355164,-0.09549617767333984,-0.14917218685150146,3
1771110219209,0.30685555934906006,-0.1398782730102539,0.24126887321472168,3
1771110219301,0.17326736450195312,-0.19369983673095703,1.1299066543579102,3
1771110219419,-0.04607301950454712,-0.5957431793212891,0.5372920036315918,3
1771110219535,-0.038372159004211426,-0.18805503845214844,0.3876638412475586,3
1771110219635,-0.2114257514476776,0.07522106170654297,0.3751518726348877,3
1771110219752,0.2037028968334198,0.2781686782836914,0.966973066329956,3
1771110219868,0.18050053715705872,0.04565143585205078,1.0996596813201904,3
1771110219985,0.39834970235824585,-0.10813236236572266,0.5865647792816162,3
1771110220102,0.39567238092422485,0.006378173828125,1.2982978820800781,3
1771110220219,0.001880347728729248,-0.3238964080810547,-0.1305079460144043,3
1771110220322,-0.27967214584350586,-0.0727701187133789,0.26994943618774414,3
1771110220439,0.15403693914413452,0.012167930603027344,0.35511350631713867,3
1771110220539,-0.15921202301979065,0.17470455169677734,-0.0501708984375,3
1771110220640,-0.07084524631500244,0.24506568908691406,0.16221261024475098,3
1771110220754,-0.2843971848487854,-0.04907417297363281,-0.18566513061523438,3
1771110220871,-0.2358672022819519,-0.1333179473876953,-0.007999420166015625,3
1771110220988,-0.005039870738983154,-0.07501602172851562,-0.31328892707824707,3
1771110221089,0.16094928979873657,0.13868141174316406,0.2959117889404297,3
1771110221196,0.29761964082717896,-0.13287734985351562,0.3735208511352539,3
1771110221307,0.15780705213546753,-0.06255817413330078,-0.28572535514831543,3
1771110221422,0.10155004262924194,-0.12030029296875,0.13834166526794434,3
1771110221538,-0.0032033920288085938,-0.029378890991210938,0.31211185455322266,3
1771110221640,0.0035622119903564453,-0.10492324829101562,0.09456729888916016,3
1771110221755,-0.015137046575546265,-0.23086833953857422,-0.4127347469329834,3
1771110221856,-0.15748581290245056,-0.15217018127441406,-0.3695340156555176,3
1771110221958,0.17889413237571716,0.269195556640625,0.4991426467895508,3
1771110222072,-0.023106902837753296,-0.09221935272216797,-0.16080570220947266,3
1771110222188,-0.18329447507858276,-0.3142204284667969,-0.1908552646636963,3
1771110222306,-0.17557865381240845,0.026024818420410156,0.13736391067504883,3
1771110222424,-0.14930108189582825,-0.10229301452636719,0.11666703224182129,3
1771110222540,0.29924434423446655,0.1240081787109375,0.5273647308349609,3
1771110222656,-0.007177233695983887,0.06143665313720703,-0.2216501235961914,3
1771110222757,-0.08800619840621948,-0.030679702758789062,0.2300739288330078,3
1771110222874,0.6634973287582397,0.024692535400390625,0.4795529842376709,3
1771110222990,0.0890263020992279,-0.5232791900634766,-0.014625072479248047,3
1771110223106,0.3056972920894623,0.23199462890625,0.8534047603607178,3
1771110223221,-0.08777830004692078,-0.03366279602050781,0.16584277153015137,3
1771110223323,-0.4819404184818268,-0.0011043548583984375,-0.2735402584075928,3
1771110223440,-0.49237900972366333,0.2052478790283203,-0.2974543571472168,3
1771110223546,0.3657996654510498,-0.027856826782226562,0.11853241920471191,3
1771110223658,0.3332698345184326,0.1642770767211914,0.45851612091064453,3
1771110223758,-0.36320391297340393,0.17963314056396484,-0.307830810546875,3
1771110223862,0.06743165850639343,0.00461578369140625,0.13253235816955566,3
1771110223974,0.5289296507835388,0.04600715637207031,0.2834203243255615,3
1771110224092,0.7722207903862,-0.09322643280029297,-0.1134800910949707,3
1771110224195,-0.5466581583023071,0.16138172149658203,-0.08048772811889648,3
1771110224309,-0.3927450180053711,0.023390769958496094,-0.33272480964660645,3
1771110224425,0.26744401454925537,0.23536396026611328,0.07937955856323242,3
1771110224542,0.49887967109680176,0.1465892791748047,-0.02513432502746582,3
1771110224643,-0.30392777919769287,0.01857757568359375,-0.0911259651184082,3
1771110224759,-0.1434236466884613,0.3459920883178711,-0.08181571960449219,3
1771110224860,0.2716469466686249,-0.1553182601928711,-0.18203163146972656,3
1771110224980,0.16068625450134277,0.12836742401123047,-0.1967484951019287,3
1771110225096,0.2631974518299103,-0.046128273010253906,-0.19061541557312012,3
1771110225209,0.48029592633247375,0.2347269058227539,0.06433558464050293,3
1771110225316,0.002244025468826294,0.09431171417236328,-0.035816192626953125,3
1771110225426,0.13004082441329956,-0.1913442611694336,0.35506200790405273,3
1771110225528,0.08953770995140076,0.2505607604980469,-0.054032325744628906,3
1771110225644,0.23580613732337952,0.21988868713378906,-0.5386900901794434,3
1771110225745,0.14947938919067383,-0.005448341369628906,0.10445928573608398,3
1771110225862,0.18790024518966675,-0.11429309844970703,0.10175514221191406,3
1771110225981,0.26485398411750793,-0.16920185089111328,0.313643217086792,3
1771110226094,-0.14230848848819733,-0.1706714630126953,0.24394512176513672,3
1771110226201,-0.24927054345607758,0.18002986907958984,-0.5080397129058838,3
1771110226312,0.13623353838920593,0.06751823425292969,-0.46178996562957764,3
1771110226414,0.10468408465385437,-0.24094104766845703,-0.19303321838378906,3
1771110226528,-0.17343781888484955,0.15745258331298828,-0.7112867832183838,3
1771110226629,-0.14271602034568787,0.016190528869628906,0.11972784996032715,3
1771110226732,0.0554632842540741,0.018100738525390625,-0.3812978267669678,3
1771110226847,-0.07116249203681946,-0.12673568725585938,-0.044245243072509766,3
1771110226968,0.11228799819946289,0.010759353637695312,-0.14859676361083984,3
1771110227083,-0.35553157329559326,0.11808967590332031,-0.3495708703994751,3
1771110227197,0.20492050051689148,-0.19268512725830078,0.12528514862060547,3
1771110227314,-0.037108778953552246,0.3390836715698242,-0.041426658630371094,3
1771110227414,0.33583322167396545,0.11160087585449219,-0.22629642486572266,3
1771110227532,0.07608440518379211,-0.03447532653808594,0.03835248947143555,3
1771110227631,0.08045834302902222,0.11711502075195312,0.2329103946685791,3
1771110227750,-0.11899077892303467,-0.20446395874023438,-0.35038280487060547,3
1771110227866,0.22257623076438904,0.20743942260742188,0.8090918064117432,3
1771110227966,0.04628899693489075,-0.1959695816040039,0.3284316062927246,3
1771110228087,0.14037078619003296,-0.12329673767089844,0.3284573554992676,3
1771110228199,0.08116531372070312,0.046558380126953125,0.20273756980895996,3
1771110228315,0.27143338322639465,-0.13231372833251953,0.5341086387634277,3
1771110228432,-0.12252180278301239,-0.07723331451416016,0.28420090675354004,3
1771110228552,0.213041752576828,0.28778076171875,0.14627456665039062,3
1771110228667,-0.047722771763801575,-0.10741138458251953,0.3327291011810303,3
1771110228769,-0.038622260093688965,-0.029328346252441406,0.1972978115081787,3
1771110228885,0.03424122929573059,-0.23307323455810547,0.11744499206542969,3
1771110229002,0.269530713558197,0.11628437042236328,0.22597575187683105,3
1771110229159,0.24422214925289154,-0.34014034271240234,0.14007830619812012,3
1771110229219,0.04702259600162506,-0.2425708770751953,-0.1855611801147461,3
1771110229335,0.10055047273635864,0.09634113311767578,0.2021324634552002,3
1771110229451,-0.2116491198539734,-0.09028053283691406,-0.21967124938964844,3
1771110229569,-0.059279829263687134,0.2615795135498047,-0.6914520263671875,3
1771110229686,0.12076617777347565,0.10993003845214844,-0.44549882411956787,3
1771110229785,-0.0368465781211853,0.40405750274658203,-0.40283823013305664,3
1771110229902,-0.06051522493362427,0.19176387786865234,-0.6470623016357422,3
1771110230003,-0.2627701163291931,0.0062236785888671875,-0.5896649360656738,3
1771110230119,-0.11648117005825043,-0.08450603485107422,-0.4344632625579834,3
1771110230224,0.22597555816173553,0.13170433044433594,0.2060791254043579,3
1771110230336,-0.07366593927145004,0.14304828643798828,0.2627631425857544,3
1771110230437,-0.09636522829532623,-0.11857795715332031,-1.2616260051727295,3
1771110230554,-0.09359483420848846,0.072174072265625,-0.8102309107780457,3
1771110230653,0.11826533824205399,0.1096200942993164,0.17950379848480225,3
1771110230757,-0.16773724555969238,-0.16385459899902344,-0.7997910380363464,3
1771110230877,0.42103952169418335,-0.042476654052734375,-0.012684464454650879,3
1771110230987,0.08493727445602417,0.013067245483398438,0.8118844032287598,3
1771110231088,-0.010426338762044907,0.11840629577636719,0.5820622444152832,3
1771110231204,0.14647932350635529,0.24263477325439453,0.6950736045837402,3
1771110231322,-0.1267203688621521,0.004036903381347656,-0.49859756231307983,3
1771110231439,0.28798073530197144,0.23844051361083984,0.5962859392166138,3
1771110231555,-0.15320907533168793,-0.1442546844482422,-0.7472672462463379,3
1771110231671,-0.6007891893386841,0.07583427429199219,-0.7875170707702637,3
1771110231789,-0.2419135868549347,0.038524627685546875,-0.3264545202255249,3
1771110231905,0.37186694145202637,0.13141345977783203,0.39660942554473877,3
1771110232022,0.053413670510053635,0.1999216079711914,0.4348353147506714,3
1771110232122,0.12514542043209076,0.39534950256347656,0.20708894729614258,3
1771110232278,0.28177058696746826,-0.026174545288085938,0.7999303340911865,3
1771110232355,0.15053614974021912,-0.015330314636230469,0.9032211303710938,3
1771110232456,0.13267141580581665,0.010809898376464844,0.06623458862304688,3
1771110232573,-0.12269767373800278,0.22195148468017578,0.14021217823028564,3
1771110232674,0.32849717140197754,-0.07631683349609375,0.9040738344192505,3
1771110232791,0.0627031996846199,-0.24941253662109375,1.0423715114593506,3
1771110232892,0.11480911821126938,-0.4187288284301758,0.5658031702041626,3
1771110233012,0.08418270200490952,0.1238260269165039,0.7627606391906738,3
1771110233124,-0.3346012234687805,-0.23567771911621094,0.5619697570800781,3
1771110233241,0.24613800644874573,0.09936046600341797,0.34485316276550293,3
1771110233341,0.12592579424381256,0.011652946472167969,1.0466221570968628,3
1771110233457,-0.10862281173467636,-0.4301137924194336,-0.3663055896759033,3
1771110233559,-0.09906458109617233,0.1304340362548828,0.4230612516403198,3
1771110233675,-0.055442631244659424,-0.2320079803466797,0.43830132484436035,3
1771110233791,0.5247734189033508,-0.015497207641601562,0.6926207542419434,3
1771110233909,-0.045093923807144165,0.05819892883300781,0.1294095516204834,3
1771110234009,-0.15905578434467316,-0.7593193054199219,0.13028526306152344,3
1771110234125,-0.10556259751319885,-0.1677227020263672,0.3864912986755371,3
1771110234228,0.13655050098896027,0.3644371032714844,-0.14894771575927734,3
1771110234342,0.014314591884613037,0.47060298919677734,0.2782740592956543,3
1771110234461,0.25889235734939575,-0.07789039611816406,0.3160371780395508,3
1771110234577,0.05510786175727844,0.11851215362548828,-0.11966419219970703,3
1771110234694,-0.22037479281425476,0.15009689331054688,-0.3950934410095215,3
1771110234810,-0.2687218189239502,-0.19379043579101562,-0.2416379451751709,3
1771110234927,0.19871315360069275,0.2927093505859375,-0.27803635597229004,3
1771110235044,0.4032779037952423,0.068695068359375,0.4192039966583252,3
1771110235144,0.27062273025512695,0.1468982696533203,-0.014050483703613281,3
1771110235261,0.1801496148109436,-0.2720222473144531,0.23090553283691406,3
1771110235379,0.07514336705207825,0.37528514862060547,0.17913436889648438,3
1771110235509,-0.16565069556236267,-0.1085519790649414,-0.2554194927215576,3
1771110235613,0.08248642086982727,0.38675975799560547,-0.5161067247390747,3
1771110235712,-0.07347850501537323,-0.14468002319335938,-0.28380417823791504,3
1771110235829,-0.2569979727268219,0.027400970458984375,0.23676490783691406,3
1771110235947,-0.038802772760391235,0.5306301116943359,0.061835527420043945,3
1771110236062,0.12814253568649292,0.018027305603027344,-0.44580721855163574,3
1771110236165,-0.020550116896629333,0.1235799789428711,-0.77561354637146,3
1771110236279,-0.013937190175056458,0.1412200927734375,-0.048180341720581055,3
1771110236379,0.11741241812705994,-0.0025482177734375,0.08300471305847168,3
1771110236518,-0.0036004632711410522,0.19004058837890625,-0.3064906597137451,3
1771110236596,0.17791154980659485,0.12164878845214844,-0.3950155973434448,3
1771110236698,0.1356169581413269,0.2828702926635742,-0.3318861722946167,3
1771110236814,-0.0176115483045578,0.01904773712158203,-0.3940722942352295,3
1771110236930,-0.07343803346157074,0.09115982055664062,-0.21471476554870605,3
1771110237031,0.011509969830513,-0.1981945037841797,-0.14841008186340332,3
1771110237185,0.117701455950737,0.22388648986816406,-0.05876588821411133,3
1771110237264,0.12293559312820435,0.3996734619140625,-0.04715847969055176,3
1771110237382,0.1676032543182373,-0.07019329071044922,0.27117466926574707,3
1771110237511,0.012252837419509888,0.15001201629638672,-0.1172630786895752,3
1771110237598,0.1335410624742508,0.004261016845703125,-0.23977446556091309,3
1771110237715,-0.11885629594326019,0.1034860610961914,-0.4600653648376465,3
1771110237833,-0.00392758846282959,-0.07379150390625,-0.10426855087280273,3
1771110237935,0.10746948421001434,0.17039966583251953,0.23851633071899414,3
1771110238051,-0.290932297706604,0.0001087188720703125,-0.35075855255126953,3
1771110238170,-0.25200793147087097,0.0696725845336914,-0.15039920806884766,3
1771110238282,0.22913111746311188,0.24234485626220703,-0.09879636764526367,3
1771110238399,0.13384166359901428,-0.18015480041503906,0.02281808853149414,3
1771110238528,0.4109438359737396,-0.1251363754272461,0.05598092079162598,3
1771110238633,0.014224335551261902,-0.3209953308105469,0.21149778366088867,3
1771110238751,-0.06919831037521362,0.0023088455200195312,0.6848032474517822,3
1771110238868,-0.16808311641216278,0.05041217803955078,-0.16371941566467285,3
1771110238987,-0.022504478693008423,0.030129432678222656,-0.32343077659606934,3
1771110239084,0.1673613339662552,0.2193002700805664,-0.04283547401428223,3
1771110239200,-0.08166823536157608,0.24649715423583984,-0.05632328987121582,3
1771110239301,-0.040198758244514465,0.3040618896484375,-0.21328556537628174,3
1771110239402,-0.23059654235839844,-0.037497520446777344,-0.20945298671722412,3
1771110239518,-0.08279339224100113,-0.1873464584350586,0.07522332668304443,3
1771110239619,0.3413664698600769,0.05164337158203125,-0.15825402736663818,3
1771110239736,0.12255436182022095,-0.2302532196044922,0.057045936584472656,3
1771110239852,-0.13263483345508575,-0.09839630126953125,0.760712742805481,3
1771110239969,0.28951993584632874,-0.562591552734375,0.6584031581878662,3
1771110240085,0.05363312363624573,-0.3597993850708008,0.34305548667907715,3
1771110240202,0.028812170028686523,-0.2971973419189453,0.3592710494995117,3
1771110240304,0.17536243796348572,0.3660268783569336,0.4021899700164795,3
1771110240421,0.19011257588863373,0.5325641632080078,0.15190529823303223,3
1771110240538,0.1701371669769287,0.09479713439941406,0.2925858497619629,3
1771110240653,-0.04329650104045868,0.5293703079223633,0.03887009620666504,3
1771110240757,0.32453563809394836,-0.23566341400146484,0.5303900241851807,3
1771110240871,-0.3923329710960388,-0.24190807342529297,0.22777199745178223,3
1771110240973,0.16688141226768494,-0.1578083038330078,0.37026548385620117,3
1771110241089,-0.024778515100479126,0.05292224884033203,-0.032698869705200195,3
1771110241218,-0.048368602991104126,0.26619529724121094,0.26871728897094727,3
1771110241321,0.00381314754486084,0.02650737762451172,0.7545397281646729,3
1771110241423,0.17186632752418518,0.1366596221923828,0.4611806869506836,3
1771110241538,0.10992598533630371,-0.15433120727539062,0.09490299224853516,3
1771110241655,-0.12604860961437225,0.15930747985839844,-0.18845796585083008,3
1771110241759,-0.18692085146903992,-0.22173213958740234,0.10992264747619629,3
1771110241856,-0.003987014293670654,-0.02966594696044922,0.5706167221069336,3
1771110241973,0.22494202852249146,-0.08418846130371094,0.8117547035217285,3
1771110242079,-0.1498756855726242,-0.015682220458984375,0.24179816246032715,3
1771110242188,-0.16425657272338867,0.06204414367675781,0.15615344047546387,3
1771110242292,-0.22265739738941193,-0.36719417572021484,0.03313112258911133,3
1771110242407,0.28083372116088867,0.030286788940429688,0.7354044914245605,3
1771110242525,-0.16182734072208405,0.06325531005859375,0.29927825927734375,3
1771110242639,0.1253781020641327,-0.25339221954345703,1.017911434173584,3
1771110242740,0.228296160697937,-0.05611133575439453,0.8196535110473633,3
1771110242841,0.10912245512008667,0.1871814727783203,0.9629876613616943,3
1771110242958,0.337716668844223,0.15556716918945312,0.25899672508239746,3
1771110243073,0.1776360273361206,0.02386474609375,0.5960636138916016,3
1771110243219,-0.5395328402519226,-0.4879169464111328,-0.08211588859558105,3
1771110243293,-0.1078343391418457,-0.06485462188720703,0.4629247188568115,3
1771110243408,-0.29904478788375854,-0.13654232025146484,0.15509819984436035,3
1771110243536,0.2369903326034546,0.1835012435913086,0.17262029647827148,3
1771110243626,-0.059412360191345215,0.04929065704345703,-0.25135254859924316,3
1771110243743,-0.2324451357126236,0.12494659423828125,0.029537200927734375,3
1771110243859,-0.6937630772590637,-0.016523361206054688,0.19527173042297363,3
1771110243988,0.5457539558410645,-0.058444976806640625,0.28235554695129395,3
1771110244093,0.12456491589546204,0.039971351623535156,0.2147197723388672,3
1771110244212,0.18348121643066406,0.006699562072753906,-0.27074193954467773,3
1771110244328,-0.041945427656173706,0.23659992218017578,0.19243788719177246,3
1771110244443,-0.8169741630554199,0.101470947265625,-0.14707303047180176,3
1771110244544,0.19535711407661438,0.2365283966064453,-0.2821798324584961,3
1771110244661,-0.7453344464302063,0.16794967651367188,-0.14429903030395508,3
1771110244780,-0.6918904781341553,0.2229757308959961,-0.11117005348205566,3
1771110244893,0.6356620192527771,0.12507152557373047,0.15132951736450195,3
1771110245010,0.5548028945922852,-0.050487518310546875,0.11805891990661621,3
1771110245115,-0.5874903798103333,0.24994945526123047,0.12243199348449707,3
1771110245227,0.516079306602478,-0.11101436614990234,0.11773443222045898,3
1771110245344,0.04941919445991516,0.17617416381835938,0.31862759590148926,3
1771110245462,0.13250136375427246,0.07442760467529297,0.2251741886138916,3
1771110245578,-0.4214094281196594,0.47217369079589844,-0.4310648441314697,3
1771110245695,-0.33322790265083313,0.37868499755859375,-1.0123608112335205,3
1771110245811,0.4586343765258789,-0.04687690734863281,-0.08079695701599121,3
1771110245930,-0.264370858669281,0.22788715362548828,-0.1678755283355713,3
1771110246045,0.3859645426273346,-0.23595809936523438,-0.10377812385559082,3
1771110246146,0.3399631977081299,0.12498283386230469,-0.10546875,3
1771110246268,-0.22008299827575684,0.0981597900390625,-0.16895174980163574,3
1771110246382,0.3062046766281128,-0.0476531982421875,-0.10229825973510742,3
1771110246533,-0.2619497776031494,0.04977703094482422,-0.3214080333709717,3
1771110246599,0.019825845956802368,-0.1794576644897461,0.05524635314941406,3
1771110246715,0.20128847658634186,0.043051719665527344,-0.14841151237487793,3
1771110246814,-0.015858307480812073,0.22077274322509766,-0.32257556915283203,3
1771110246932,0.07461659610271454,-0.012964248657226562,0.09831714630126953,3
1771110247047,0.20908139646053314,-0.009115219116210938,-0.09804677963256836,3
1771110247148,-0.3857998251914978,0.05491447448730469,-0.31563782691955566,3
1771110247269,0.014489740133285522,0.018243789672851562,0.039949655532836914,3
1771110247383,-0.08163739740848541,0.26142120361328125,-0.3332381248474121,3
1771110247526,0.06913739442825317,0.18222808837890625,-0.17770910263061523,3
1771110247599,-0.09344473481178284,0.048598289489746094,0.0008106231689453125,3
1771110247716,-0.10630939900875092,0.1872539520263672,-0.3936173915863037,3
1771110247832,-0.3433464765548706,0.16886138916015625,-0.28941845893859863,3
1771110247932,0.35181719064712524,-0.06219673156738281,0.06092667579650879,3
1771110248049,-0.10641562938690186,0.05854225158691406,-0.2896738052368164,3
1771110248151,-0.2782444953918457,0.25215721130371094,-0.3781546354293823,3
1771110248267,0.45081812143325806,-2.765655517578125e-05,-0.10819458961486816,3
1771110248383,-0.3926822543144226,0.248626708984375,-0.4549741744995117,3
1771110248532,0.49096572399139404,0.17809772491455078,-0.367478609085083,3
1771110248621,0.6597790122032166,0.0128631591796875,0.011135578155517578,3
1771110248733,0.19346466660499573,0.04289436340332031,-0.29218244552612305,3
1771110248851,-0.46494537591934204,0.1380929946899414,-0.3366328477859497,3
1771110248971,-0.24403443932533264,0.01589488983154297,-0.20750689506530762,3
1771110249084,0.16230924427509308,-0.0181427001953125,-0.008915424346923828,3
1771110249204,0.27870315313339233,-0.03432178497314453,-0.18368947505950928,3
1771110249320,-0.22363533079624176,0.21193408966064453,-0.3477156162261963,3
1771110249435,0.28206825256347656,0.16976165771484375,-0.02561640739440918,3
1771110249536,-0.30289435386657715,0.025336265563964844,-0.2333153486251831,3
1771110249652,-0.42455965280532837,-0.07947540283203125,-0.5255954265594482,3
1771110249752,0.3124876022338867,0.03763389587402344,0.049143075942993164,3
1771110249869,0.543071985244751,-0.11985301971435547,0.0655050277709961,3
1771110249986,0.1682492196559906,0.07978534698486328,-0.07229495048522949,3
1771110250102,0.36026859283447266,0.04378700256347656,-0.020802974700927734,3
1771110250204,0.36169856786727905,0.07310771942138672,-0.050147056579589844,3
1771110250319,-0.04913716018199921,-0.11310577392578125,-0.1835256814956665,3
1771110250437,0.04224628210067749,0.17438983917236328,-0.0557405948638916,3
1771110250555,-0.15746483206748962,-0.03489398956298828,-0.22476041316986084,3
1771110250669,0.32702794671058655,0.1140127182006836,-0.016833186149597168,3
1771110250788,-0.2276003360748291,0.09757614135742188,-0.012598633766174316,3
1771110250888,0.10859772562980652,-0.011508941650390625,-0.07498383522033691,3
1771110250992,0.03060489147901535,0.15732860565185547,0.01958286762237549,3
1771110251104,-0.07400476932525635,0.14719104766845703,0.04174530506134033,3
1771110251204,-0.09188532084226608,-0.011740684509277344,0.03435313701629639,3
1771110251321,0.257254034280777,-0.14429187774658203,0.39060842990875244,3
1771110251427,-0.09492315351963043,0.24207592010498047,-0.4338945150375366,3
1771110251544,0.5027604699134827,0.21490859985351562,0.45406222343444824,3
1771110251639,0.007165089249610901,-0.10238456726074219,-0.2519493103027344,3
1771110251756,0.049976274371147156,-0.10141849517822266,-0.12162518501281738,3
1771110251872,-0.01141677051782608,-0.0030794143676757812,-0.10278606414794922,3
1771110251991,0.23245695233345032,-0.014820098876953125,-0.022107958793640137,3
1771110252106,0.31723862886428833,0.1519937515258789,-0.004515647888183594,3
1771110252222,-0.052199944853782654,0.18982410430908203,-0.12619531154632568,3
1771110252322,0.3069004416465759,-0.1671466827392578,0.22134125232696533,3
1771110252440,0.36950862407684326,-0.23846054077148438,0.3777468204498291,3
1771110252540,0.11515691876411438,0.23427772521972656,-0.1882619857788086,3
1771110252658,0.27178794145584106,0.07069206237792969,0.20671916007995605,3
1771110252759,-0.018027573823928833,0.021576881408691406,0.05690598487854004,3
1771110252873,0.04883831739425659,0.0004024505615234375,-0.052828073501586914,3
1771110252979,-0.18183442950248718,0.002857208251953125,0.01520848274230957,3
1771110253094,-0.2710951566696167,-0.036151885986328125,-0.46670663356781006,3
1771110253207,0.16469734907150269,0.015184402465820312,0.1833944320678711,3
1771110253307,0.2955557107925415,-0.012884140014648438,0.5187735557556152,3
1771110253408,0.07084473967552185,0.06164360046386719,0.27503037452697754,3
1771110253548,0.4267977476119995,-0.2588157653808594,0.8085176944732666,3
1771110253644,-0.4096863269805908,0.2069253921508789,0.2153637409210205,3
1771110253759,-0.45141124725341797,-0.02406597137451172,0.22766542434692383,3
1771110253858,0.6786918044090271,-0.02693939208984375,0.3914070129394531,3
1771110253975,0.7189813852310181,-0.29653358459472656,0.01170659065246582,3
1771110254093,-1.0347970724105835,0.02791595458984375,0.21687793731689453,3
1771110254211,-0.7299778461456299,-0.0645751953125,0.4630115032196045,3
1771110254325,0.578467071056366,-0.1462411880493164,0.1979684829711914,3
1771110254425,0.190839946269989,0.16120624542236328,-0.23602747917175293,3
1771110254542,-0.0636100172996521,0.2006826400756836,0.14766550064086914,3
1771110254628,0.14244595170021057,0.08920764923095703,0.02607250213623047,3
1771110254743,0.4913111925125122,-0.20310688018798828,0.44609785079956055,3
1771110254860,-0.543779730796814,-0.0113372802734375,0.1216282844543457,3
1771110254963,-0.37634965777397156,0.10134506225585938,0.049952030181884766,3
1771110255068,0.051681339740753174,-0.1182107925415039,0.4085693359375,3
1771110255163,-0.5217871069908142,0.1075296401977539,-0.05548548698425293,3
1771110255276,-0.024327248334884644,0.030074119567871094,-0.13032221794128418,3
1771110255397,-0.06128174066543579,-0.01896953582763672,0.06461071968078613,3
1771110255543,-0.03004559874534607,0.3182554244995117,-0.06119370460510254,3
1771110255628,-0.3393903076648712,-0.014616012573242188,-0.12334942817687988,3
1771110255729,0.1989137828350067,0.17056941986083984,-0.043320417404174805,3
1771110255844,-0.38520166277885437,0.23604869842529297,-0.5092906951904297,3
1771110255961,-0.18565556406974792,0.08338451385498047,-0.14941883087158203,3
1771110256080,0.28396573662757874,0.10172748565673828,-0.16167759895324707,3
1771110256195,0.13303646445274353,-0.14475250244140625,-0.1414799690246582,3
1771110256313,-0.020248353481292725,0.0952615737915039,-0.3911099433898926,3
1771110256413,-0.3087025582790375,0.2487478256225586,-0.48191094398498535,3
1771110256531,0.40598464012145996,0.11013221740722656,-0.08963966369628906,3
1771110256630,0.33640313148498535,-0.1064004898071289,-0.11734509468078613,3
1771110256747,0.02870674431324005,-0.11278438568115234,-0.08209967613220215,3
1771110256848,0.05802610516548157,0.3364572525024414,-0.4203681945800781,3
1771110256962,-0.5982125997543335,0.4904336929321289,-0.5576184988021851,3
1771110257063,0.5392954349517822,-0.09913063049316406,-0.42272377014160156,3
1771110257179,0.25936317443847656,0.06689834594726562,-0.3214454650878906,3
1771110257280,0.09231601655483246,-0.21936798095703125,0.18122363090515137,3
1771110257398,0.8106278777122498,-0.02274799346923828,-0.06255125999450684,3
1771110257539,0.30544644594192505,0.009599685668945312,0.17549538612365723,3
1771110257630,0.38780122995376587,0.05660438537597656,-0.29253089427948,3
1771110257747,0.461586594581604,0.166412353515625,0.06836485862731934,3
1771110257851,0.2193966805934906,0.051751136779785156,-0.028356075286865234,3
1771110257952,-0.5039710998535156,-0.13305091857910156,-0.5648514032363892,3
1771110258065,0.12855707108974457,-0.0234222412109375,0.1311800479888916,3
1771110258168,0.232033833861351,-0.12286567687988281,0.01814556121826172,3
1771110258282,0.19763299822807312,0.20155048370361328,-0.08818674087524414,3
1771110258398,-0.07470303773880005,0.003711700439453125,-0.4273228645324707,3
1771110258545,0.3276617228984833,0.1194925308227539,0.5331981182098389,3
1771110258632,-0.23803776502609253,0.0883646011352539,-0.4581948518753052,3
1771110258749,-0.10729433596134186,0.04555320739746094,-0.23451447486877441,3
1771110258866,0.014616437256336212,0.08742046356201172,0.4094724655151367,3
1771110258967,-0.14168986678123474,-0.23478126525878906,-0.38720273971557617,3
1771110259069,0.10748723894357681,0.019145965576171875,-0.0776815414428711,3
1771110259182,0.09357298165559769,0.0659933090209961,0.029925107955932617,3
1771110259301,-0.04691673442721367,0.04377174377441406,-0.018221139907836914,3
1771110259418,0.00522218644618988,-0.04111671447753906,0.06062126159667969,3
1771110259543,-0.13514691591262817,0.020992279052734375,-0.1272430419921875,3
1771110259651,-0.2452731430530548,-0.07976913452148438,-0.3857748508453369,3
1771110259768,-0.17706340551376343,0.15662097930908203,-0.7481201887130737,3
1771110259885,-0.08305506408214569,0.2044363021850586,-0.5296657085418701,3
1771110260002,0.3050166070461273,0.3740262985229492,0.2819955348968506,3
1771110260121,-0.08400923013687134,0.23697948455810547,-0.8983890414237976,3
1771110260234,-0.3144197463989258,0.30824947357177734,-0.7374839782714844,3
1771110260355,0.2887706756591797,0.10900497436523438,0.540141224861145,3
1771110260469,-0.1502305567264557,0.09961318969726562,-0.5544284582138062,3
1771110260571,0.24558661878108978,0.09499835968017578,0.89957594871521,3
1771110260687,0.21364404261112213,0.22298717498779297,1.1438690423965454,3
1771110260804,-0.28521478176116943,-0.07532405853271484,-0.5745944976806641,3
1771110260919,0.24938645958900452,0.233489990234375,0.8625911474227905,3
1771110261037,0.020051896572113037,-0.06469058990478516,0.030476689338684082,3
1771110261195,0.3780484199523926,0.10127639770507812,0.8399837017059326,3
1771110261270,0.10767277330160141,-0.15157604217529297,0.5345401763916016,3
1771110261388,0.22659575939178467,0.30601024627685547,1.1941839456558228,3
1771110261503,0.21732178330421448,-0.16507530212402344,0.2658287286758423,3
1771110261621,-0.08075474202632904,0.20710277557373047,0.5095715522766113,3
1771110261737,-0.29050230979919434,-0.14530086517333984,-0.29031598567962646,3
1771110261838,0.18763893842697144,-0.03213310241699219,0.5193073749542236,3
1771110261955,0.1271025538444519,0.30220603942871094,0.6928731203079224,3
1771110262055,-0.09476965665817261,0.011377334594726562,-0.384928822517395,3
1771110262171,-0.08877638727426529,0.24649620056152344,-0.08188164234161377,3
1771110262287,-0.3703201413154602,0.042598724365234375,-0.18879079818725586,3
1771110262388,-0.10051754117012024,0.03112506866455078,-0.05141639709472656,3
1771110262506,-0.17606386542320251,-0.05901622772216797,-0.7691384553909302,3
1771110262623,0.05676059424877167,-0.16641616821289062,-0.7969452738761902,3
1771110262722,-0.03029504604637623,0.43431758880615234,0.291545033454895,3
1771110262839,0.00578097440302372,0.2334880828857422,0.24546408653259277,3
1771110262957,-0.01410362496972084,0.4152040481567383,0.1735687255859375,3
1771110263073,0.04137001559138298,0.3246603012084961,0.37607717514038086,3
1771110263210,0.2874394953250885,0.23463821411132812,0.3539365530014038,3
1771110263323,0.19074703752994537,-0.24469470977783203,0.14493703842163086,3
1771110263440,-0.0033640824258327484,-0.14139842987060547,0.737226128578186,3
1771110263564,0.15221501886844635,-0.4186258316040039,0.7472583055496216,3
1771110263674,-0.12142009288072586,-0.04935932159423828,-0.20005512237548828,3
1771110263789,-0.19484393298625946,0.1884899139404297,-0.13797998428344727,3
1771110263890,0.3758878707885742,0.18183517456054688,0.5116602182388306,3
1771110263992,0.09390317648649216,-0.2213268280029297,0.28603148460388184,3
1771110264108,0.047172628343105316,-0.40467262268066406,0.3633689880371094,3
1771110264225,0.0006069988012313843,-0.12042427062988281,0.061904191970825195,3
1771110264341,-0.20729286968708038,-0.08194732666015625,0.491732120513916,3
1771110264461,-0.06517947465181351,0.043056488037109375,0.11689615249633789,3
1771110264559,0.11626043170690536,0.11768913269042969,0.25060510635375977,3
1771110264676,-0.03625442832708359,0.047817230224609375,-0.1757436990737915,3
1771110264797,0.1898837685585022,-0.04656696319580078,0.5408148765563965,3
1771110264909,-0.40767958760261536,-0.05561542510986328,-1.069929599761963,3
1771110265026,-0.38137733936309814,-0.06014728546142578,-0.8827818632125854,3
1771110265183,0.31331852078437805,0.15331649780273438,0.24315762519836426,3
1771110265243,0.5610567927360535,0.1738910675048828,0.678314208984375,3
1771110265359,-0.529116153717041,-0.30089282989501953,-0.7071313858032227,3
1771110265461,-0.12597617506980896,-0.14737701416015625,0.26882410049438477,3
1771110265577,0.03292187303304672,-0.19337749481201172,-0.8173843622207642,3
1771110265695,-0.25011375546455383,0.1290416717529297,0.294854998588562,3
1771110265809,0.07652464509010315,-0.08392620086669922,-0.24024558067321777,3
1771110265911,-0.19134284555912018,0.14145660400390625,-0.18397486209869385,3
1771110266028,-0.08976563811302185,0.010594367980957031,0.29395973682403564,3
1771110266148,-0.21211746335029602,0.38941478729248047,0.23797261714935303,3
1771110266258,0.008187968283891678,-0.10085010528564453,-0.4150981903076172,3
1771110266361,0.2223096489906311,0.6886425018310547,0.5336068868637085,3
1771110266477,-0.43422985076904297,0.15813350677490234,-0.4633992910385132,3
1771110266595,0.13412708044052124,0.18610191345214844,0.32137417793273926,3
1771110266711,-0.04278990253806114,0.16442203521728516,-0.5955169200897217,3
1771110266828,-0.08445536345243454,0.027843475341796875,0.1793193817138672,3
1771110266947,0.07378409802913666,0.23099136352539062,0.10516047477722168,3
1771110267069,-0.10527554899454117,-0.03440380096435547,-1.0696990489959717,3
1771110267165,-0.3150811195373535,0.22046279907226562,-0.4217848777770996,3
1771110267279,0.28538137674331665,0.2505931854248047,0.925084114074707,3
1771110267400,0.21229898929595947,-0.5006551742553711,-0.7189151644706726,3
1771110267513,0.009343225508928299,0.2010631561279297,0.24300837516784668,3
1771110267630,-0.39072662591934204,-0.04659461975097656,-1.0415382385253906,3
1771110267730,0.5335234999656677,-0.2940864562988281,1.1204971075057983,3
1771110267848,0.3530064523220062,0.029387474060058594,0.018924355506896973,3
1771110267966,-0.17765414714813232,-0.20441150665283203,0.6639485359191895,3
1771110268082,-0.2544328272342682,-0.1596050262451172,-0.37400150299072266,3
1771110268211,-0.08853527903556824,0.5705394744873047,0.2625765800476074,3
1771110268313,0.28553545475006104,-0.030907630920410156,0.17189085483551025,3
1771110268418,0.06938055902719498,0.12036800384521484,0.8219144344329834,3
1771110268561,0.09224370121955872,-0.22104358673095703,0.2865629196166992,3
1771110268649,0.21526490151882172,-0.2805795669555664,0.03377032279968262,3
1771110268767,-0.21691571176052094,0.21593093872070312,0.44064974784851074,3
1771110268865,-0.07653513550758362,-0.21048641204833984,0.6190941333770752,3
1771110268982,-0.2084507942199707,-0.049492835998535156,0.31935572624206543,3
1771110269100,0.0763481855392456,-0.5089435577392578,0.5941846370697021,3
1771110269251,0.18906591832637787,0.30611515045166016,0.22085046768188477,3
1771110269337,-0.08668332546949387,-0.22646236419677734,0.20186305046081543,3
1771110269435,-0.020061209797859192,-0.1194915771484375,0.33917856216430664,3
1771110269564,-0.1747744083404541,0.13136005401611328,0.41424012184143066,3
1771110269666,-0.03221145272254944,0.07878303527832031,-0.30489301681518555,3
1771110269767,0.12114168703556061,-0.4210691452026367,0.6271917819976807,3
1771110269867,0.008935332298278809,-0.13533973693847656,0.6955714225769043,3
1771110269983,-0.16568638384342194,-0.46761608123779297,0.27611565589904785,3
1771110270100,0.24922363460063934,-0.2058553695678711,0.23482322692871094,3
1771110270220,-0.34926027059555054,-0.15996170043945312,0.0836801528930664,3
1771110270335,-0.028311580419540405,-0.11190128326416016,0.17291617393493652,3
1771110270435,-0.18835395574569702,0.21185779571533203,0.04087376594543457,3
1771110270563,-0.014201357960700989,0.07205009460449219,0.04094338417053223,3
1771110270668,-0.2339804619550705,0.24846744537353516,-0.21097850799560547,3
1771110270768,-0.17509953677654266,-0.5203037261962891,0.27718281745910645,3
1771110270885,0.14623336493968964,0.015081405639648438,0.3102426528930664,3
1771110270986,-0.17415323853492737,-0.2961997985839844,0.281524658203125,3
1771110271089,0.2113438844680786,0.050477027893066406,0.3631455898284912,3
1771110271215,0.33560657501220703,-0.10573196411132812,0.16816091537475586,3
1771110271319,0.3643312454223633,0.11307621002197266,0.029445171356201172,3
1771110271435,0.1170385479927063,0.03418159484863281,0.5293705463409424,3
1771110271564,0.2971501052379608,0.0002231597900390625,0.35526347160339355,3
1771110271654,0.08006143569946289,0.0768136978149414,-0.13274240493774414,3
1771110271772,0.16256535053253174,-0.08348560333251953,0.06635403633117676,3
1771110271886,0.1453525274991989,0.12630844116210938,0.5446310043334961,3
1771110272003,-0.0385269820690155,0.026679039001464844,0.17247653007507324,3
1771110272125,-0.17559504508972168,-0.046527862548828125,-0.48235416412353516,3
1771110272249,-0.12889477610588074,-0.11270523071289062,0.4464378356933594,3
1771110272353,0.044646427035331726,-0.28693294525146484,0.32797908782958984,3
1771110272453,-0.0067799389362335205,0.22174835205078125,-0.39703941345214844,3
1771110272572,-0.2800103425979614,-0.03486061096191406,-0.24830412864685059,3
1771110272687,-0.23481887578964233,-0.12376213073730469,0.32083916664123535,3
1771110272788,0.3080993890762329,-0.04070281982421875,-0.12584400177001953,3
1771110272907,-0.01562429964542389,0.005831718444824219,0.4487137794494629,3
1771110273020,0.03459358215332031,0.1330394744873047,0.27583909034729004,3
1771110273124,0.042090967297554016,-0.25894737243652344,0.8375248908996582,3
1771110273239,0.12578316032886505,0.12839984893798828,0.5506014823913574,3
1771110273354,0.17907050251960754,-0.13967132568359375,0.2483222484588623,3
1771110273455,-0.23340696096420288,-0.18855953216552734,-0.21863341331481934,3
1771110273581,0.21650055050849915,-0.014383316040039062,0.5379912853240967,3
1771110273689,0.02536025643348694,-0.08151626586914062,0.42409443855285645,3
1771110273807,-0.08928833156824112,0.113739013671875,0.28939247131347656,3
1771110273921,-0.33473360538482666,-0.3806905746459961,0.2018451690673828,3
1771110274022,-0.1491224467754364,-0.10249137878417969,0.1127786636352539,3
1771110274123,0.04404471814632416,0.15169334411621094,-0.06527042388916016,3
1771110274225,0.3028581738471985,0.21568775177001953,0.35376667976379395,3
1771110274341,-0.11259646713733673,0.19509506225585938,0.0027954578399658203,3
1771110274440,-0.16714896261692047,-0.24348163604736328,0.13689661026000977,3
1771110274570,-0.30530598759651184,0.24544143676757812,-0.3445408344268799,3
1771110274657,-0.24925366044044495,0.13306713104248047,-0.38629817962646484,3
1771110274773,0.129924938082695,-0.053610801696777344,0.28946995735168457,3
1771110274891,-0.3032568097114563,-0.02232074737548828,-0.27424168586730957,3
1771110274996,0.15776866674423218,0.19475173950195312,-0.7071301937103271,3
1771110275108,-0.304652601480484,0.5515079498291016,-0.6163568496704102,3
1771110275225,-0.13478590548038483,0.3947172164916992,-0.5611889362335205,3
1771110275326,-0.2017451524734497,0.1194753646850586,-0.036760568618774414,3
1771110275443,-0.3064994812011719,-0.1917591094970703,-0.4830920696258545,3
1771110275585,0.21835841238498688,0.16961383819580078,-0.037335872650146484,3
1771110275659,0.13359057903289795,0.14494991302490234,-0.04944181442260742,3
1771110275777,-0.041366614401340485,0.03560447692871094,0.12139558792114258,3
1771110275892,-0.37987303733825684,0.12054634094238281,-0.6265370845794678,3
1771110276009,0.002461478114128113,0.23102855682373047,-0.24910235404968262,3
1771110276130,-0.03021116554737091,0.15612506866455078,-0.43260955810546875,3
1771110276226,-0.18705984950065613,0.2392587661743164,-0.21351265907287598,3
1771110276329,-0.09379314631223679,-0.12406253814697266,0.34431886672973633,3
1771110276445,-0.14281772077083588,0.10511112213134766,0.06695008277893066,3
1771110276581,0.21938759088516235,0.09066390991210938,0.24982547760009766,3
1771110276661,0.25749722123146057,0.07066822052001953,-0.013741493225097656,3
1771110276776,0.1989661157131195,0.06564712524414062,-0.3923637866973877,3
1771110276895,0.3820528984069824,-0.1151885986328125,0.32561564445495605,3
1771110277011,0.2717221677303314,0.06785202026367188,0.17720317840576172,3
1771110277129,0.37325018644332886,-0.2033529281616211,-0.2023773193359375,3
1771110277247,-0.6161236763000488,-0.12415218353271484,-0.28421616554260254,3
1771110277364,0.08433929830789566,-0.09935951232910156,-0.5092463493347168,3
1771110277480,-0.30017194151878357,0.07773971557617188,0.019207477569580078,3
1771110277594,-0.2140962779521942,0.13721656799316406,-0.5325305461883545,3
1771110277695,-0.010841939598321915,0.2012338638305664,0.028465986251831055,3
1771110277798,0.08997847139835358,0.26519298553466797,-0.1365363597869873,3
1771110277915,0.21016252040863037,0.036846160888671875,-0.31513142585754395,3
1771110278032,-0.03252497315406799,0.404876708984375,-0.1079871654510498,3
1771110278130,-0.24424639344215393,0.043331146240234375,-0.47559547424316406,3
1771110278245,-0.07185275852680206,-0.12307453155517578,-0.40915846824645996,3
1771110278346,0.10582511126995087,0.3408041000366211,-0.5028038024902344,3
1771110278462,-0.12253420054912567,-0.0745077133178711,-0.40992307662963867,3
1771110278581,0.034756749868392944,0.20978450775146484,0.10121321678161621,3
1771110278696,-0.26209408044815063,-0.05244636535644531,-0.8660168647766113,3
1771110278797,-0.008313272148370743,0.26137447357177734,-0.6010565757751465,3
1771110278897,0.09349928796291351,0.06928062438964844,-0.0698862075805664,3
1771110279017,-0.055393971502780914,0.05231666564941406,-0.6268190145492554,3
1771110279189,-0.30225878953933716,0.0709390640258789,-0.3635979890823364,3
1771110279247,0.26174724102020264,-0.1457052230834961,-0.06975340843200684,3
1771110279350,0.15963487327098846,0.2064685821533203,0.008934855461120605,3
1771110279467,-0.13656364381313324,0.1118936538696289,-0.24160706996917725,3
1771110279582,0.048353374004364014,0.04040718078613281,-0.22804880142211914,3
1771110279698,-0.03757762908935547,0.17013168334960938,-0.5576233863830566,3
1771110279815,-0.046624839305877686,-0.17684173583984375,-0.3385552167892456,3
1771110279932,0.18457531929016113,0.16287708282470703,0.5240355730056763,3
1771110280050,0.2331654280424118,-0.17070960998535156,-0.370913028717041,3
1771110280164,0.18232116103172302,-0.045013427734375,0.3391209840774536,3
1771110280282,-0.0018409937620162964,-0.23091888427734375,0.04018270969390869,3
1771110280383,-0.2720029950141907,0.1917133331298828,-0.44642090797424316,3
1771110280483,0.05927276611328125,-0.06842517852783203,-0.45806384086608887,3
1771110280586,0.13595685362815857,-0.043727874755859375,0.3069261312484741,3
1771110280700,0.282484769821167,-0.07641792297363281,0.8146638870239258,3
1771110280800,-0.20182709395885468,-0.13510799407958984,-0.5314205884933472,3
1771110280917,-0.11129051446914673,-0.006850242614746094,0.3505129814147949,3
1771110281040,0.15721476078033447,0.11191463470458984,0.6864917278289795,3
1771110281154,0.42806148529052734,0.049620628356933594,0.7233484983444214,3
1771110281266,0.3517822027206421,0.12267303466796875,0.3937288522720337,3
1771110281368,0.19361093640327454,0.45227813720703125,0.6306766271591187,3
1771110281484,0.179228276014328,0.20630455017089844,0.5899724960327148,3
1771110281589,-0.33502036333084106,-0.2201833724975586,-1.198380708694458,3
1771110281702,0.3689737915992737,0.4976043701171875,0.29975008964538574,3
1771110281817,-0.24026340246200562,-0.5547475814819336,-1.5618164539337158,3
1771110281934,0.35513365268707275,0.36058998107910156,0.18751919269561768,3
1771110282053,0.13083183765411377,0.1550912857055664,0.20775139331817627,3
1771110282180,-0.002049878239631653,-0.10147857666015625,-0.31931257247924805,3
1771110282269,0.35305824875831604,0.24926280975341797,0.7106314897537231,3
1771110282387,0.17804372310638428,0.24889278411865234,0.7383021116256714,3
1771110282506,-0.0685122013092041,-0.002155303955078125,-0.4044567346572876,3
1771110282620,-0.25279223918914795,0.6094303131103516,-0.2698531150817871,3
1771110282737,0.17239218950271606,0.3764371871948242,0.14237332344055176,3
1771110282857,0.10147136449813843,0.21881771087646484,0.1223076581954956,3
1771110282969,-0.03823414444923401,-0.20174312591552734,0.17649626731872559,3
1771110283086,-0.29099947214126587,0.14006710052490234,0.13929498195648193,3
1771110283187,0.5825341939926147,0.06598091125488281,0.008735060691833496,3
1771110283304,-0.0011559724807739258,0.12570667266845703,-0.026198983192443848,3
1771110283404,-0.313778281211853,-0.20990753173828125,-0.20539820194244385,3
1771110283523,0.09478886425495148,0.2573261260986328,0.859018087387085,3
1771110283637,0.19009262323379517,-0.10304737091064453,0.3677966594696045,3
1771110283756,0.13054363429546356,-0.22591495513916016,0.4593930244445801,3
1771110283855,0.2883857488632202,0.03860950469970703,0.8641077280044556,3
1771110283971,0.10343386232852936,-0.2212839126586914,0.3515589237213135,3
1771110284088,0.25836649537086487,-0.18120193481445312,0.8142815828323364,3
1771110284235,-0.48689302802085876,-0.30780982971191406,0.23533713817596436,3
1771110284305,-0.23255369067192078,0.26285743713378906,0.18779397010803223,3
1771110284423,0.3375948667526245,0.12961483001708984,-0.15133166313171387,3
1771110284523,0.029801977798342705,-0.05441856384277344,0.37418174743652344,3
1771110284639,0.13825716078281403,0.4284648895263672,0.5973935127258301,3
1771110284757,0.0049286894500255585,-0.21919631958007812,0.1141507625579834,3
1771110284860,0.41891583800315857,0.06879329681396484,0.6677002906799316,3
1771110284972,-0.1325201690196991,-0.3423271179199219,0.5419089794158936,3
1771110285074,-0.18312574923038483,0.20105361938476562,0.18170785903930664,3
1771110285190,-0.028319373726844788,0.3426990509033203,-0.4172583818435669,3
1771110285307,0.3651418387889862,0.361114501953125,-0.3939683437347412,3
1771110285423,-0.1616983562707901,0.3139314651489258,-0.4592440128326416,3
1771110285523,0.3234636187553406,0.3017711639404297,0.7307929992675781,3
1771110285640,-0.20096583664417267,-0.040225982666015625,-0.1531510353088379,3
1771110285758,0.2941811978816986,-0.008782386779785156,-0.3516271114349365,3
1771110285873,-0.4712430536746979,0.23235797882080078,0.44547200202941895,3
1771110285974,0.7489261031150818,-0.10639381408691406,0.4916951656341553,3
1771110286091,0.22521384060382843,-0.30867576599121094,-0.1447150707244873,3
1771110286209,0.01393435150384903,-0.1543560028076172,0.28550291061401367,3
1771110286309,0.37914207577705383,-0.05817222595214844,0.7577366828918457,3
1771110286424,0.3666021227836609,-0.5626115798950195,-0.2503793239593506,3
1771110286526,0.2708755135536194,-0.0384979248046875,-0.5121955871582031,3
1771110286641,0.40582627058029175,0.2148265838623047,0.7210078239440918,3
1771110286758,-0.6504783034324646,-0.09828758239746094,-0.30004024505615234,3
1771110286875,-0.19917434453964233,-0.2438182830810547,0.5303623676300049,3
1771110286978,-0.10906749218702316,0.18179607391357422,0.37357664108276367,3
1771110287091,0.20927880704402924,0.09324455261230469,-0.08371090888977051,3
1771110287211,-0.46884727478027344,0.041049957275390625,0.5137741565704346,3
1771110287326,0.01628400757908821,0.3625602722167969,-0.000331878662109375,3
1771110287442,0.36511287093162537,-0.18832778930664062,0.39048194885253906,3
1771110287590,0.0497584268450737,0.40560436248779297,-0.06333589553833008,3
1771110287660,-0.29993635416030884,0.10340404510498047,-0.2958533763885498,3
1771110287762,-0.20460127294063568,0.06237983703613281,0.25429558753967285,3
1771110287876,0.0722448006272316,0.02552509307861328,0.4956197738647461,3
1771110287995,-0.32379746437072754,-0.2829732894897461,-0.15344858169555664,3
1771110288144,-0.24528026580810547,-0.03920173645019531,-0.7673150300979614,3
1771110288241,0.007689430844038725,-0.2270040512084961,0.3678104877471924,3
1771110288346,0.09838804602622986,0.1435251235961914,0.330319881439209,3
1771110288461,0.19458948075771332,-0.2632761001586914,-0.5588831901550293,3
1771110288590,-0.23339694738388062,0.17995834350585938,-0.5048880577087402,3
1771110288678,-0.5059934854507446,0.05292224884033203,-0.1424546241760254,3
1771110288796,0.1234937310218811,-0.30249691009521484,0.688856840133667,3
1771110288912,0.02512555569410324,0.3958396911621094,0.4855155944824219,3
1771110289028,0.026922740042209625,-0.22356128692626953,-0.6925740242004395,3
1771110289145,-0.2516646385192871,0.008565902709960938,-0.3618583679199219,3
1771110289264,-0.1022971123456955,-0.32054901123046875,-0.25691330432891846,3
1771110289380,0.011325754225254059,0.22208213806152344,0.6368753910064697,3
1771110289479,-0.1336590051651001,0.047122955322265625,-1.1050617694854736,3
1771110289602,-0.034899480640888214,-0.031467437744140625,0.2814815044403076,3
1771110289698,0.1523851901292801,0.4884471893310547,0.539776086807251,3
1771110289813,-0.300322949886322,0.17840576171875,-0.22752678394317627,3
1771110289913,0.4162280559539795,0.18515586853027344,0.33657217025756836,3
1771110290030,-0.0756881833076477,-0.08754920959472656,-0.9384890198707581,3
1771110290157,0.14759117364883423,0.30104827880859375,-0.02673196792602539,3
1771110290265,0.21106578409671783,0.1011648178100586,1.3163622617721558,3
1771110290385,0.7583698630332947,0.2559642791748047,1.336418867111206,3
1771110290496,0.00927823781967163,-0.04129791259765625,0.0387500524520874,3
1771110290598,0.38205790519714355,-0.1257190704345703,0.8052899837493896,3
1771110290699,-0.09015131741762161,0.3733682632446289,-0.08702957630157471,3
1771110290814,-0.29679831862449646,0.34811878204345703,-0.7112892866134644,3
1771110290932,0.07485278695821762,-0.22263431549072266,0.1841878890991211,3
1771110291050,0.18690219521522522,0.5518674850463867,-0.44403278827667236,3
1771110291167,-0.7369781136512756,0.1424274444580078,-0.20896947383880615,3
1771110291281,0.29303011298179626,0.3236684799194336,-0.30199968814849854,3
1771110291399,0.2014622986316681,-0.1590566635131836,-0.31716716289520264,3
1771110291515,-0.03555765002965927,0.1439352035522461,-0.6419578790664673,3
1771110291619,-0.07783776521682739,-0.29280853271484375,-0.25575101375579834,3
1771110291734,-0.35009679198265076,0.15935802459716797,-0.5280939340591431,3
1771110291836,0.17484408617019653,0.35033607482910156,0.020074844360351562,3
1771110291950,-0.6368857026100159,0.5937843322753906,-0.3759574890136719,3
1771110292072,-0.07475408911705017,0.4032115936279297,-0.8752579689025879,3
1771110292191,0.5176078081130981,-0.4155616760253906,-0.9921962022781372,3
1771110292286,-0.18300917744636536,-0.6627683639526367,-0.3991360664367676,3
1771110292401,-0.08453619480133057,0.32189273834228516,1.9981423616409302,3
1771110292518,0.554503858089447,1.0718669891357422,1.109771490097046,3
1771110292637,1.3586149215698242,0.2798604965209961,0.7995296716690063,3
1771110292750,0.6506377458572388,-1.7848644256591797,2.295555830001831,3
1771110292853,-0.20631706714630127,1.7362232208251953,-1.551471471786499,3
1771110292971,0.8341907858848572,0.3330211639404297,-0.38122159242630005,3
1771110293086,1.0204482078552246,-0.07382678985595703,2.30241060256958,3
1771110293206,0.3640535771846771,-0.20304107666015625,-3.0193138122558594,3
1771110293320,0.2721771001815796,-1.4599218368530273,3.521864414215088,3
1771110293436,0.5267172455787659,-0.1320819854736328,0.538758397102356,3
1771110293537,1.062412142753601,-0.14197731018066406,7.263045310974121,3
1771110293654,-0.09628871083259583,-0.6121578216552734,-0.5601097941398621,3
1771110293769,-0.12872059643268585,0.927703857421875,-0.9171897172927856,3
1771110293886,0.7945157289505005,0.40120887756347656,3.7037858963012695,3
1771110293986,1.3516980409622192,-1.1118488311767578,3.65382719039917,3
1771110294102,0.8451073169708252,0.5878810882568359,7.351205348968506,3
1771110294213,-0.06451765447854996,1.3052473068237305,1.6080111265182495,3
1771110294322,0.2725464105606079,-1.4063482284545898,2.0020928382873535,3
1771110294439,1.0306179523468018,-0.04848766326904297,3.024848222732544,3
1771110294538,0.14310690760612488,-0.5431489944458008,2.51491117477417,3
1771110294654,0.5984494686126709,0.8176069259643555,3.164243698120117,3
1771110294771,-0.49218201637268066,0.02584552764892578,-0.32326436042785645,3
1771110294872,-0.9359337091445923,0.2611980438232422,-2.9569320678710938,3
1771110294987,0.10591121762990952,0.36148548126220703,1.449169635772705,3
1771110295105,1.1370996236801147,-1.1935110092163086,0.2181713581085205,3
1771110295212,0.46807509660720825,1.117034912109375,4.307188034057617,3
1771110295322,0.52834153175354,-0.7964363098144531,-1.8804550170898438,3
1771110295441,0.547655463218689,-0.6900596618652344,-0.03834724426269531,3
1771110295556,0.03788992762565613,-0.0661020278930664,1.5157661437988281,3
1771110295672,0.47058340907096863,-1.5174446105957031,1.972583293914795,3
1771110295792,0.5320234894752502,1.0187597274780273,0.03429055213928223,3
1771110295907,0.2668195366859436,-0.5232686996459961,0.1965036392211914,3
1771110296007,0.9304152131080627,0.6612777709960938,-2.0448062419891357,3
1771110296127,-0.6977195143699646,1.5153322219848633,-1.1583192348480225,3
1771110296231,-0.22674570977687836,-0.7372474670410156,-1.6599721908569336,3
1771110296341,0.7735785245895386,-0.4836282730102539,1.0476806163787842,3
1771110296456,0.23110732436180115,-0.9549131393432617,1.1692793369293213,3
1771110296558,0.3735024929046631,0.18113231658935547,1.579899787902832,3
1771110296673,0.5716093182563782,0.2892179489135742,-0.024296045303344727,3
1771110296777,0.6373871564865112,0.27990245819091797,0.24451756477355957,3
1771110296891,-0.4762996435165405,-0.8199634552001953,0.9657514095306396,3
1771110297007,0.27303799986839294,0.15474224090576172,-0.7947509288787842,3
1771110297170,-0.3552936017513275,0.20982646942138672,-0.24267935752868652,3
1771110297242,-0.521416425704956,0.012784957885742188,-0.7236278057098389,3
1771110297360,0.555570662021637,-0.39307498931884766,0.08435893058776855,3
1771110297475,0.36568760871887207,0.08966064453125,0.04252743721008301,3
1771110297608,0.51433265209198,0.6693382263183594,0.13671469688415527,3
1771110297693,1.106542706489563,-0.8336887359619141,0.3378462791442871,3
1771110297810,0.6249836683273315,-0.08649158477783203,1.3152375221252441,3
1771110297926,0.1955176591873169,0.06528186798095703,0.1994774341583252,3
1771110298046,0.5688565969467163,-0.12707996368408203,0.5263586044311523,3
1771110298159,0.11387403309345245,-0.41453075408935547,0.15692472457885742,3
1771110298261,0.8503789305686951,0.41109657287597656,-0.00970458984375,3
1771110298378,0.1733614057302475,0.2589750289916992,-0.7702827453613281,3
1771110298494,-0.5912268757820129,-0.22437667846679688,-0.8676478862762451,3
1771110298621,0.36541348695755005,0.1369647979736328,0.393155574798584,3
1771110298729,0.04646137356758118,0.09428882598876953,0.19157862663269043,3
1771110298846,0.13922396302223206,-0.2012157440185547,-0.6185646057128906,3
1771110298961,-0.49065476655960083,0.20032024383544922,-0.45249319076538086,3
1771110299063,0.6403140425682068,0.4699516296386719,0.07529854774475098,3
1771110299187,0.18531396985054016,-0.14141082763671875,-0.24221467971801758,3
1771110299294,-0.176518052816391,0.30596923828125,-0.47754645347595215,3
1771110299411,-0.5843863487243652,0.1996288299560547,-0.827700138092041,3
1771110299516,0.6653310060501099,0.4179420471191406,0.07831978797912598,3
1771110299628,0.33684849739074707,0.12736225128173828,-0.4649207592010498,3
1771110299731,-0.14867112040519714,0.26922607421875,-1.0973362922668457,3
1771110299845,0.2826184332370758,0.27126407623291016,-0.7804374694824219,3
1771110299963,0.24679958820343018,0.02830791473388672,-0.6101012229919434,3
1771110300079,0.586285412311554,0.24711227416992188,-0.2642028331756592,3
1771110300182,-0.6979873180389404,0.10663890838623047,-0.6090285778045654,3
1771110300282,0.7233633995056152,-0.0022029876708984375,-0.22128558158874512,3
1771110300400,0.8175454139709473,-0.21024227142333984,0.082183837890625,3
1771110300512,-0.017922423779964447,-0.07043933868408203,-0.06773924827575684,3
1771110300630,0.04510289430618286,0.06031227111816406,0.16547584533691406,3
1771110300747,0.33502525091171265,0.0730142593383789,-0.11030173301696777,3
1771110300848,0.3560159504413605,0.18967342376708984,-0.1499919891357422,3
1771110300964,-0.1913807988166809,0.13893985748291016,-0.4185464382171631,3
1771110301080,0.1643107533454895,0.09412002563476562,-0.3407769203186035,3
1771110301205,0.615532398223877,0.6686553955078125,0.08506035804748535,3
1771110301314,0.04930200055241585,0.08320140838623047,-0.23888611793518066,3
1771110301418,0.530441164970398,-0.1619434356689453,0.1969301700592041,3
1771110301531,-0.28972119092941284,-0.1647472381591797,0.2069096565246582,3
1771110301633,0.049107011407613754,0.028199195861816406,-0.3988354206085205,3
1771110301748,-0.1103423610329628,0.4271678924560547,-0.24691271781921387,3
1771110301868,0.15129882097244263,-0.11115074157714844,-0.1915125846862793,3
1771110301965,0.1493832916021347,0.4112873077392578,-0.40481066703796387,3
1771110302081,0.4925762414932251,0.27970123291015625,-0.12714004516601562,3
1771110302222,-0.12297014892101288,-0.12496757507324219,0.24284768104553223,3
1771110302299,0.33710503578186035,0.1843891143798828,0.2303462028503418,3
1771110302400,0.29183638095855713,-0.04473876953125,-0.07402706146240234,3
1771110302517,-0.15037791430950165,-0.17882156372070312,-0.5100970268249512,3
1771110302620,0.24615466594696045,0.1861248016357422,-0.2878251075744629,3
1771110302735,-0.09079672396183014,-0.02168750762939453,-0.3843984603881836,3
1771110302849,0.12238898873329163,0.10439777374267578,0.020231962203979492,3
1771110302967,-0.2516554594039917,0.12812519073486328,-0.6142901182174683,3
1771110303069,0.24188768863677979,-0.046347618103027344,-0.2885925769805908,3
1771110303187,-0.1377887725830078,0.37303733825683594,-0.07563042640686035,3
1771110303285,-0.05552348867058754,-0.08357906341552734,0.38198280334472656,3
1771110303400,-0.33653753995895386,-0.0920705795288086,-0.9043474197387695,3
1771110303520,0.5692354440689087,0.22093772888183594,0.1080617904663086,3
1771110303618,0.3465375006198883,-0.1587848663330078,0.1227877140045166,3
1771110303734,0.09566700458526611,0.12775421142578125,0.12565255165100098,3
1771110303852,0.235905721783638,-0.15355968475341797,0.0036962032318115234,3
1771110303952,0.1407439261674881,0.02422618865966797,-0.18609261512756348,3
1771110304068,0.16284452378749847,-0.032296180725097656,-0.0015950202941894531,3
1771110304189,0.03609082102775574,0.06497764587402344,0.3116116523742676,3
1771110304301,-0.31224071979522705,0.1875295639038086,-0.05121302604675293,3
1771110304403,0.27057743072509766,-0.03240776062011719,0.026554107666015625,3
1771110304519,0.15183690190315247,0.3615150451660156,0.33914732933044434,3
1771110304619,-0.09471536427736282,0.1719074249267578,0.35947275161743164,3
1771110304736,-0.07531831413507462,0.22057723999023438,0.020633697509765625,3
1771110304841,0.15186448395252228,0.07197093963623047,-0.04474163055419922,3
1771110304953,0.21428857743740082,0.03573799133300781,0.10394954681396484,3
1771110305055,0.24847078323364258,0.3510761260986328,0.4616565704345703,3
1771110305199,-0.16896605491638184,-0.22724533081054688,-0.3633391857147217,3
1771110305271,0.5430535674095154,0.052069664001464844,0.7480490207672119,3
1771110305388,0.02649562433362007,0.005486488342285156,-0.7336868047714233,3
1771110305507,0.19941651821136475,0.2545967102050781,-0.17746210098266602,3
1771110305625,-0.033119089901447296,-0.3863239288330078,-0.4701249599456787,3
1771110305723,0.2382238358259201,0.22808265686035156,-0.2459850311279297,3
1771110305838,-0.14348164200782776,-0.022231101989746094,-0.014113664627075195,3
1771110305955,-0.0038367807865142822,0.3897695541381836,-0.6007177829742432,3
1771110306076,0.21354304254055023,0.20014667510986328,-0.2873661518096924,3
1771110306188,-0.14015668630599976,-0.3427448272705078,-0.8323640823364258,3
1771110306305,-0.033428337424993515,-0.13211917877197266,0.2389202117919922,3
1771110306424,-0.26015859842300415,-0.1563854217529297,0.3050727844238281,3
1771110306523,0.13502687215805054,-0.08795166015625,-0.3434295654296875,3
1771110306640,0.09656030684709549,-0.09627819061279297,0.006083011627197266,3
1771110306757,0.322223037481308,-0.2371692657470703,-0.4172196388244629,3
1771110306874,-0.6025490164756775,0.062165260314941406,-0.5111923217773438,3
1771110306991,-0.06447595357894897,0.14914798736572266,0.3616468906402588,3
1771110307106,-0.07513216137886047,-0.1442584991455078,0.0708932876586914,3
1771110307224,0.3791660666465759,-0.404998779296875,-0.24779951572418213,3
1771110307341,-0.05344775691628456,-0.25283336639404297,0.593660831451416,3
1771110307445,-0.09301276504993439,0.4829435348510742,-0.3578495979309082,3
1771110307542,0.36440134048461914,0.2063884735107422,0.5986406803131104,3
1771110307658,-0.20540103316307068,-0.35050106048583984,-0.25258636474609375,3
1771110307760,0.2053920328617096,0.11263370513916016,0.1517622470855713,3
1771110307877,0.1851436048746109,0.30897998809814453,0.08747315406799316,3
1771110307992,0.17862527072429657,0.7230901718139648,0.2610146999359131,3
1771110308111,0.30762994289398193,0.2742938995361328,-0.3345050811767578,3
1771110308208,-0.3016030192375183,-0.04081249237060547,0.034177541732788086,3
1771110308325,0.46837687492370605,-0.008225440979003906,0.44889116287231445,3
1771110308442,0.05224844813346863,-0.5203180313110352,0.4121429920196533,3
1771110308560,0.5141468048095703,-0.018642425537109375,0.19747591018676758,3
1771110308661,0.15991029143333435,-0.030389785766601562,0.011826753616333008,3
1771110308778,0.04103641211986542,0.31999969482421875,0.09317922592163086,3
1771110308893,-0.3444845676422119,0.1763601303100586,-0.44976806640625,3
1771110309010,0.2261759489774704,0.22428035736083984,0.46592187881469727,3
1771110309128,0.03197033703327179,0.4805126190185547,0.284883975982666,3
1771110309228,-0.052668243646621704,-0.7361936569213867,-0.4100162982940674,3
1771110309343,0.003500431776046753,0.06375789642333984,-0.4104042053222656,3
1771110309443,-0.16095110774040222,-0.4985523223876953,0.4807884693145752,3
1771110309560,0.412290096282959,0.167755126953125,-0.44209909439086914,3
1771110309678,-0.48665851354599,0.4028053283691406,-0.3203392028808594,3
1771110309797,-0.20089992880821228,0.28079700469970703,-0.2067258358001709,3
1771110309911,0.24706445634365082,0.05763530731201172,0.09836697578430176,3
1771110310030,0.012481123208999634,0.10616302490234375,-0.11577486991882324,3
1771110310158,-0.1231193095445633,0.17431259155273438,0.6521396636962891,3
1771110310260,0.193655863404274,-0.11754989624023438,-0.10774469375610352,3
1771110310363,-0.04813556373119354,0.1070699691772461,-1.1231828927993774,3
1771110310478,0.4736625552177429,0.35515785217285156,0.6261167526245117,3
1771110310638,0.2912442088127136,-0.07236862182617188,-0.27130866050720215,3
1771110310714,0.04638824984431267,0.5348672866821289,0.31119823455810547,3
1771110310831,-0.17094314098358154,0.46807193756103516,-0.47403931617736816,3
1771110310946,0.13343538343906403,0.42401981353759766,-0.41250360012054443,3
1771110311063,-0.2088119387626648,0.24355030059814453,0.23593664169311523,3
1771110311179,0.112142413854599,0.019407272338867188,-0.4254782199859619,3
1771110311282,0.10017742216587067,-0.26695728302001953,-0.3205745220184326,3
1771110311400,0.05572095513343811,-0.19840431213378906,-0.29354357719421387,3
1771110311513,-0.2913248836994171,-0.2562990188598633,-0.388702392578125,3
1771110311633,-0.19836069643497467,0.5497903823852539,-1.4129663705825806,3
1771110311747,0.10094867646694183,0.2590341567993164,0.23407626152038574,3
1771110311869,-0.5310550332069397,0.08512687683105469,0.0023114681243896484,3
1771110311964,0.049266517162323,-0.07447052001953125,-0.12168025970458984,3
1771110312080,-0.25958117842674255,-0.1379375457763672,-0.2467513084411621,3
1771110312197,0.33384934067726135,-0.04165935516357422,0.4127926826477051,3
1771110312298,-0.35662245750427246,-0.1916961669921875,0.11797285079956055,3
1771110312417,0.169516921043396,-0.4936962127685547,1.1183617115020752,3
1771110312531,0.38472095131874084,0.10984420776367188,1.3445713520050049,3
1771110312651,0.25491178035736084,-0.28908538818359375,0.9555940628051758,3
1771110312765,-0.04360520467162132,0.28430843353271484,-0.7629070281982422,3
1771110312881,0.631287157535553,0.17365074157714844,0.43062758445739746,3
1771110312999,0.24263687431812286,-0.553187370300293,0.289020299911499,3
1771110313119,-0.44803184270858765,-0.4026603698730469,0.2901339530944824,3
1771110313223,-0.24658933281898499,-0.34738826751708984,0.7538771629333496,3
1771110313333,0.04792039096355438,0.26402950286865234,-0.2787318229675293,3
1771110313435,-0.16745547950267792,-0.1306438446044922,0.1750621795654297,3
1771110313551,0.11880672723054886,-0.11943721771240234,1.1720349788665771,3
1771110313668,0.14115554094314575,-0.2615928649902344,-0.030570030212402344,3
1771110313768,-0.45125335454940796,0.178436279296875,0.19381117820739746,3
1771110313886,0.4438839554786682,0.41597461700439453,-0.8496781587600708,3
1771110314003,0.18300844728946686,-0.12506961822509766,-0.4071861505508423,3
1771110314118,-0.20944395661354065,-0.2027120590209961,-0.1181952953338623,3
1771110314237,-0.2592262625694275,0.1815786361694336,-0.08011674880981445,3
1771110314352,0.23778632283210754,-0.0841054916381836,0.060001373291015625,3
1771110314468,-0.22693656384944916,-0.16602134704589844,-0.3916051387786865,3
1771110314569,-0.2855291962623596,0.10175514221191406,-0.4910930395126343,3
1771110314685,0.3104947805404663,-0.14400005340576172,0.5077219009399414,3
1771110314805,0.42148467898368835,-0.02159595489501953,-0.07556009292602539,3
1771110314918,-0.13294121623039246,-0.2590475082397461,0.26546454429626465,3
1771110315019,0.24361830949783325,0.2453746795654297,-0.3180732727050781,3
1771110315135,0.005763784050941467,0.10808086395263672,-0.5554534196853638,3
1771110315254,0.13537079095840454,0.032684326171875,0.5854897499084473,3
1771110315371,0.03840222954750061,-0.1512765884399414,-0.5370960235595703,3
1771110315490,-0.03554978966712952,-0.2765331268310547,-0.008738040924072266,3
1771110315633,-0.07157778739929199,0.29457855224609375,0.16739749908447266,3
1771110315722,-0.22747349739074707,-0.3416328430175781,-0.1772768497467041,3
1771110315837,-0.3356654644012451,0.07320594787597656,-0.24301433563232422,3
1771110315941,0.22335350513458252,-0.10663700103759766,0.5702340602874756,3
1771110316053,-0.036043040454387665,-0.03338623046875,0.23748111724853516,3
1771110316169,-0.395153671503067,0.038921356201171875,-0.3845689296722412,3
1771110316272,-0.2884465456008911,-0.07339763641357422,-0.2771594524383545,3
1771110316388,0.08076161891222,0.24312686920166016,0.26050829887390137,3
1771110316490,-0.006452485918998718,-0.011521339416503906,-0.7192013263702393,3
1771110316637,-0.11836814135313034,-0.21625614166259766,-0.3665810823440552,3
1771110316721,-0.19093957543373108,-0.026520729064941406,-0.7473349571228027,3
1771110316823,0.3713565766811371,0.21043682098388672,0.6335165500640869,3
1771110316938,0.08091124147176743,-0.10259628295898438,0.24767184257507324,3
1771110317038,0.028462961316108704,-0.019536972045898438,0.23485589027404785,3
1771110317142,-0.10330404341220856,-0.17355728149414062,0.28094482421875,3
1771110317255,0.43170949816703796,-0.18979740142822266,0.38509392738342285,3
1771110317356,0.45839130878448486,0.3653116226196289,-0.14228439331054688,3
1771110317475,-0.5153235197067261,0.2890758514404297,-0.37297534942626953,3
1771110317590,-0.32331958413124084,0.37436676025390625,0.19768190383911133,3
1771110317708,0.2212936282157898,0.08228206634521484,-0.018193960189819336,3
1771110317808,0.0031807497143745422,0.023619651794433594,-0.17946863174438477,3
1771110317923,0.05211349204182625,-0.15419578552246094,-0.15334749221801758,3
1771110318026,0.23833362758159637,0.2402935028076172,0.41758906841278076,3
1771110318125,0.052957430481910706,0.1398630142211914,-0.5571563243865967,3
1771110318244,0.3253431022167206,0.21065616607666016,-0.471433162689209,3
1771110318357,0.09104974567890167,0.23062801361083984,-0.41278791427612305,3
1771110318458,-0.1692713052034378,0.16162967681884766,-0.12176036834716797,3
1771110318577,-0.1953212320804596,0.060868263244628906,-0.1952066421508789,3
1771110318735,0.04544574022293091,-0.17136573791503906,0.8118767738342285,3
1771110318796,-0.28529369831085205,-0.17377281188964844,-0.31854939460754395,3
1771110318908,0.05721435695886612,0.03638172149658203,0.41155505180358887,3
1771110319027,-0.26846542954444885,-0.26683616638183594,-0.07311105728149414,3
1771110319183,-0.5077030658721924,-0.207061767578125,-0.584784984588623,3
1771110319247,-0.2643943428993225,-0.027942657470703125,-0.34103691577911377,3
1771110319362,0.5325786471366882,0.13959980010986328,0.3709144592285156,3
1771110319476,-0.06676945090293884,-0.03948020935058594,0.492504358291626,3
1771110319594,-0.2692316770553589,0.019361495971679688,0.1992950439453125,3
1771110319709,0.4064006507396698,-0.04507637023925781,0.5865678787231445,3
1771110319826,0.40996095538139343,0.044106483459472656,0.5591177940368652,3
1771110319945,0.41616034507751465,-0.19872474670410156,-0.16651701927185059,3
1771110320063,-0.5216779708862305,-0.3398923873901367,0.1095573902130127,3
1771110320179,-0.13493075966835022,-0.11272525787353516,0.49192261695861816,3
1771110320296,-0.0031919158063828945,-0.324920654296875,0.30439209938049316,3
1771110320413,0.11443197727203369,0.057906150817871094,0.5263340473175049,3
1771110320529,0.11227840930223465,-0.2899055480957031,-0.26008033752441406,3
1771110320644,-0.320306658744812,0.12904071807861328,0.11509346961975098,3
1771110320760,-0.047802381217479706,-0.03307914733886719,-0.07855987548828125,3
1771110320861,-0.3052351176738739,0.13190364837646484,-0.20467424392700195,3
1771110320978,0.3630010783672333,0.17351531982421875,0.7531225681304932,3
1771110321094,-0.2904232144355774,-0.17136764526367188,-0.414003849029541,3
1771110321214,-0.10319910943508148,0.2416706085205078,0.2228696346282959,3
1771110321329,-0.35047659277915955,0.20423507690429688,-0.5784870386123657,3
1771110321449,-0.35240641236305237,0.42948055267333984,-0.1031041145324707,3
1771110321563,0.3385767936706543,0.3344411849975586,0.00445866584777832,3
1771110321663,-0.34362906217575073,0.07271480560302734,-0.38900232315063477,3
1771110321778,-0.26522257924079895,0.27248573303222656,-0.3389148712158203,3
1771110321879,0.15890242159366608,-0.07969951629638672,0.17150473594665527,3
1771110321996,0.2681402266025543,0.23739147186279297,0.22858786582946777,3
1771110322116,0.2310156524181366,-0.3915853500366211,0.20945239067077637,3
1771110322217,0.3347342610359192,-0.052870750427246094,0.5486805438995361,3
1771110322329,0.3522704541683197,-0.21190166473388672,0.015057086944580078,3
1771110322430,-0.4040883183479309,0.40734195709228516,0.2038590908050537,3
1771110322547,-0.14581339061260223,0.229339599609375,0.15813183784484863,3
1771110322648,-0.35374966263771057,-0.27015209197998047,-0.1221468448638916,3
1771110322764,-0.07623699307441711,0.02706623077392578,0.6450364589691162,3
1771110322882,0.047396205365657806,0.062267303466796875,0.8338611125946045,3
1771110322985,-0.05735256150364876,-0.19855499267578125,0.3141477108001709,3
1771110323098,0.09264152497053146,0.27228355407714844,0.13535094261169434,3
1771110323225,0.17187359929084778,0.043068885803222656,0.15809035301208496,3
1771110323332,0.18065549433231354,-0.02252197265625,0.5151407718658447,3
1771110323449,0.0809401199221611,-0.025656700134277344,0.280214786529541,3
1771110323566,-0.40430936217308044,-0.08195209503173828,-0.7247607707977295,3
1771110323682,-0.18124528229236603,0.10570144653320312,0.3227348327636719,3
1771110323784,-0.15822269022464752,0.27336788177490234,-0.5974394083023071,3
1771110323901,-0.22607678174972534,0.2717456817626953,0.026225805282592773,3
1771110324018,-0.7161171436309814,0.18817901611328125,-0.6573684215545654,3
1771110324133,0.3529375493526459,0.45329761505126953,0.09967255592346191,3
1771110324251,-0.556988000869751,0.03003215789794922,-0.45609474182128906,3
1771110324350,-0.5029945373535156,-0.3017721176147461,-0.6498790979385376,3
1771110324468,0.17542727291584015,0.3624687194824219,0.29647016525268555,3
1771110324568,-0.1708456426858902,-0.14104366302490234,-0.11931395530700684,3
1771110324685,-0.056942909955978394,0.16978740692138672,0.23069310188293457,3
1771110324787,-0.07059431076049805,0.20275306701660156,-0.005162239074707031,3
1771110324904,0.2779882252216339,-0.22122573852539062,0.3413381576538086,3
1771110325002,-0.19558891654014587,0.3260822296142578,-0.1052088737487793,3
1771110325105,-0.19134056568145752,-0.04696178436279297,0.0023903846740722656,3
1771110325220,0.12573054432868958,-0.24044132232666016,0.11636209487915039,3
1771110325336,-0.054249998182058334,0.18892478942871094,-0.08956193923950195,3
1771110325453,0.031874626874923706,-0.03728008270263672,0.4165987968444824,3
1771110325572,-0.20315611362457275,0.1038665771484375,-0.3171865940093994,3
1771110325684,-0.13495516777038574,-0.14259719848632812,-0.4707918167114258,3
1771110325788,-0.1266373246908188,0.27826786041259766,-0.10725927352905273,3
1771110325887,-0.30557316541671753,-0.38817310333251953,-0.5125250816345215,3
1771110326002,-0.019880129024386406,0.19313907623291016,-0.08066272735595703,3
1771110326120,-0.2849477231502533,0.07886791229248047,-0.03815722465515137,3
1771110326235,-0.20464685559272766,0.15204334259033203,-0.46479177474975586,3
1771110326336,0.18313930928707123,0.03748035430908203,-0.21041369438171387,3
1771110326440,0.3283683657646179,-0.024102210998535156,0.1167750358581543,3
1771110326553,0.4781557619571686,-0.0856781005859375,0.9333682060241699,3
1771110326656,0.11657553911209106,-0.23529434204101562,0.247666597366333,3
1771110326772,0.10781780630350113,-0.2516450881958008,0.08551740646362305,3
1771110326888,-0.2549050450325012,-0.47510623931884766,-0.10215973854064941,3
1771110326990,-0.26556316018104553,0.1575307846069336,-0.4825870990753174,3
1771110327106,-0.07252739369869232,-0.09046363830566406,-0.26619505882263184,3
1771110327239,-0.23268865048885345,-0.39591407775878906,-0.2740190029144287,3
1771110327356,-0.24996733665466309,0.07201194763183594,0.12221217155456543,3
1771110327472,0.3561748266220093,-0.31316661834716797,0.8494846820831299,3
1771110327588,-0.46470263600349426,0.11633682250976562,0.013550281524658203,3
1771110327707,-0.46128880977630615,-0.14215564727783203,0.5525650978088379,3
1771110327806,0.18118487298488617,-0.1651611328125,0.10287737846374512,3
1771110327923,-0.7077186703681946,0.11876773834228516,0.19479680061340332,3
1771110328023,-0.05631989985704422,-0.23082256317138672,-0.3842644691467285,3
1771110328139,-0.21435397863388062,0.013855934143066406,-0.6769590377807617,3
1771110328240,-0.3779345452785492,0.01522064208984375,-0.4917001724243164,3
1771110328356,-0.5829750299453735,0.24054431915283203,-0.5736422538757324,3
1771110328457,0.31856316328048706,0.4410829544067383,0.5061604976654053,3
1771110328574,-0.21686071157455444,-0.013592720031738281,-0.29108643531799316,3
1771110328690,0.34444716572761536,0.39759349822998047,0.6173198223114014,3
1771110328809,0.332645446062088,-0.3654642105102539,-0.346668004989624,3
1771110328925,0.12451470643281937,0.1377248764038086,0.5038793087005615,3
1771110329042,0.23322589695453644,-0.10322761535644531,0.7471952438354492,3
1771110329186,0.22392450273036957,-0.038249969482421875,0.17581558227539062,3
1771110329276,0.3395494222640991,-0.36284923553466797,-0.248626708984375,3
1771110329391,0.4608062505722046,0.370025634765625,-0.07942032814025879,3
1771110329509,0.17359286546707153,-0.2033090591430664,0.36025452613830566,3
1771110329659,0.26047641038894653,0.5180568695068359,0.06817817687988281,3
1771110329742,-0.44886136054992676,-0.3711366653442383,-0.20870018005371094,3
1771110329843,0.39303654432296753,0.5499944686889648,0.3991587162017822,3
1771110329960,0.09376467764377594,0.005448341369628906,0.8131144046783447,3
1771110330076,-0.4541628360748291,-0.3833780288696289,-0.3349628448486328,3
1771110330191,-0.01450994610786438,0.005764007568359375,0.1791400909423828,3
1771110330293,-0.29157981276512146,0.1118459701538086,-0.6418321132659912,3
1771110330393,-0.21242931485176086,-0.1524209976196289,-0.43870997428894043,3
1771110330510,-0.13194170594215393,-0.058635711669921875,-0.2191305160522461,3
1771110330611,0.27045392990112305,0.30416107177734375,-0.15491032600402832,3
1771110330727,-0.2587791681289673,0.23402118682861328,0.0326383113861084,3
1771110330827,0.13114714622497559,0.07391071319580078,-0.7025532722473145,3
1771110330944,0.2966621220111847,0.15440845489501953,0.514979362487793,3
1771110331061,-0.5200405120849609,0.3373270034790039,-0.2131047248840332,3
1771110331208,-0.16822218894958496,-0.13097095489501953,0.16220927238464355,3
1771110331294,-0.2674676179885864,0.21833229064941406,-0.23888254165649414,3
1771110331394,0.009428605437278748,-0.4054727554321289,0.31571006774902344,3
1771110331511,-0.09626749157905579,-0.018037796020507812,0.6386144161224365,3
1771110331614,-0.04150950908660889,-0.3051271438598633,0.5132381916046143,3
1771110331728,0.3676585555076599,-0.03737926483154297,0.720073938369751,3
1771110331845,0.23137202858924866,-0.1613912582397461,-0.5115604400634766,3
1771110331963,-0.3904518187046051,-0.08569145202636719,-0.6205573081970215,3
1771110332080,-0.17429879307746887,-0.2612638473510742,0.41555094718933105,3
1771110332195,0.1587468683719635,-0.12844276428222656,0.2580752372741699,3
1771110332297,0.11016619205474854,-0.07752227783203125,0.7353684902191162,3
1771110332414,0.18148517608642578,0.2695341110229492,0.766838788986206,3
1771110332529,-0.30846601724624634,-0.03341102600097656,0.3674280643463135,3
1771110332687,0.15458115935325623,-0.12193965911865234,0.8075957298278809,3
1771110332746,-0.00872182846069336,-0.23232460021972656,0.16643428802490234,3
1771110332865,-0.07331651449203491,-0.29390716552734375,0.2551441192626953,3
1771110332984,-0.1345740556716919,-0.03504753112792969,0.6215393543243408,3
1771110333081,0.05593147873878479,0.11665153503417969,0.5940980911254883,3
1771110333200,-0.03592035174369812,-0.1609792709350586,0.28878283500671387,3
1771110333298,0.1543416976928711,0.1847209930419922,0.6561880111694336,3
1771110333414,0.11310470104217529,-0.013241767883300781,0.3304784297943115,3
1771110333515,0.0678521990776062,-0.22732257843017578,0.08992838859558105,3
1771110333667,-0.07150405645370483,0.054381370544433594,0.11945652961730957,3
1771110333748,-0.05524185299873352,0.04963111877441406,0.07956123352050781,3
1771110333865,0.09574729204177856,-0.04013633728027344,0.05496501922607422,3
1771110333967,-0.17670084536075592,-0.015114784240722656,0.4133186340332031,3
1771110334082,0.2511066496372223,-0.24248313903808594,0.1430211067199707,3
1771110334199,0.17130419611930847,0.048320770263671875,-0.10484600067138672,3
1771110334317,-0.8655175566673279,-0.07916259765625,-0.395557165145874,3
1771110334435,-0.6125191450119019,-0.020646095275878906,0.1937568187713623,3
1771110334549,0.44203314185142517,-0.1166982650756836,0.15247297286987305,3
1771110334672,0.7132362723350525,-0.44113731384277344,-0.610954761505127,3
1771110334769,0.5290840268135071,0.5432500839233398,-0.3930385112762451,3
1771110334884,0.4415524899959564,0.20051860809326172,-0.2032158374786377,3
1771110335001,0.03837674856185913,0.6484251022338867,-0.38542675971984863,3
1771110335118,0.3575083315372467,0.16065502166748047,-0.40653467178344727,3
1771110335238,0.05294710397720337,0.06412220001220703,-0.4195718765258789,3
1771110335351,0.4790906310081482,0.20064735412597656,-0.1699376106262207,3
1771110335451,-0.2751423120498657,-0.09847640991210938,-0.5761353969573975,3
1771110335567,0.025383129715919495,0.18343162536621094,-0.2799351215362549,3
1771110335669,0.7085912227630615,0.19117069244384766,-0.47069764137268066,3
1771110335786,-0.04977041482925415,0.45415592193603516,-0.8896980285644531,3
1771110335902,-0.12080061435699463,0.3272390365600586,-0.4036121368408203,3
1771110336022,-0.30116701126098633,0.4182395935058594,-0.7387807369232178,3
1771110336140,0.692477822303772,0.40471649169921875,-0.32195281982421875,3
1771110336262,0.0910431295633316,0.31511974334716797,-0.6340839862823486,3
1771110336353,0.6534746289253235,-0.051383018493652344,-0.25467896461486816,3
1771110336471,0.49809443950653076,-0.4137306213378906,0.16033411026000977,3
1771110336587,-0.009691759943962097,0.09431171417236328,-0.38043713569641113,3
1771110336687,0.3155740797519684,0.19539356231689453,-0.503394603729248,3
1771110336804,0.016427218914031982,0.24468612670898438,-0.0497593879699707,3
1771110336920,-0.024981975555419922,0.1214609146118164,-0.28635263442993164,3
1771110337036,0.20643039047718048,0.14837265014648438,0.14352750778198242,3
1771110337137,-0.13183417916297913,-0.18897438049316406,-0.2962315082550049,3
1771110337256,0.38458436727523804,-0.02465343475341797,-0.2891712188720703,3
1771110337371,0.03828880190849304,0.12261772155761719,-0.3224020004272461,3
1771110337489,-0.1853349208831787,-0.27210521697998047,-0.4285874366760254,3
1771110337605,-0.22542543709278107,-0.19087886810302734,0.19773340225219727,3
1771110337707,0.4500950574874878,0.23115253448486328,0.32633256912231445,3
1771110337822,-0.0630045235157013,0.17136001586914062,-0.30637145042419434,3
1771110337923,0.22094018757343292,-0.06969928741455078,0.2123401165008545,3
1771110338038,0.24469830095767975,0.2658538818359375,0.22791051864624023,3
1771110338139,0.1388988494873047,0.22216796875,0.22386550903320312,3
1771110338240,0.33552488684654236,-0.09346675872802734,0.03395342826843262,3
1771110338356,-0.10870562493801117,-0.04475212097167969,0.11514425277709961,3
1771110338456,-0.017298325896263123,-0.03823375701904297,0.32964611053466797,3
1771110338572,0.005640164017677307,-0.13280963897705078,0.03845620155334473,3
1771110338690,-0.13121464848518372,0.0016946792602539062,-0.14819049835205078,3
1771110338807,0.5818758010864258,0.17214393615722656,0.8977766036987305,3
1771110338923,-0.1600250005722046,-0.3633384704589844,-1.191359519958496,3
1771110339040,0.21729940176010132,0.1644916534423828,0.30986928939819336,3
1771110339162,0.0027546584606170654,-0.3311452865600586,0.1920456886291504,3
1771110339274,-0.08233330398797989,0.08807659149169922,0.39530444145202637,3
1771110339393,0.177694171667099,-0.01610279083251953,0.030119657516479492,3
1771110339508,-0.10742024332284927,-0.08887863159179688,0.08754134178161621,3
1771110339608,0.008614853024482727,0.33437156677246094,0.6717612743377686,3
1771110339724,-0.03327971696853638,-0.27898216247558594,0.016053438186645508,3
1771110339842,0.09565408527851105,0.22010517120361328,0.4375028610229492,3
1771110339957,0.04516606032848358,-0.29491138458251953,-0.007647275924682617,3
1771110340074,-0.04987764358520508,0.0940542221069336,0.015405893325805664,3
1771110340175,-0.15763336420059204,-0.1858978271484375,0.050653696060180664,3
1771110340292,-0.05791260302066803,-0.07859230041503906,0.1744213104248047,3
1771110340409,-0.18533778190612793,0.13479232788085938,-0.448559045791626,3
1771110340511,0.2977503538131714,-0.4049196243286133,0.27614259719848633,3
1771110340626,0.6148471832275391,-0.06174468994140625,0.38057827949523926,3
1771110340744,0.3852708339691162,-0.3082761764526367,-0.028176307678222656,3
1771110340844,-0.4725787937641144,0.14490890502929688,-0.0637364387512207,3
1771110340967,-0.6802510619163513,-0.05092048645019531,-0.5975794792175293,3
1771110341076,-0.49863511323928833,-0.08022308349609375,-0.5230169296264648,3
1771110341196,0.3805444836616516,0.09484577178955078,0.2177431583404541,3
1771110341311,-0.665057897567749,0.009371757507324219,-0.5825784206390381,3
1771110341427,-0.19608011841773987,0.1233367919921875,0.4090745449066162,3
1771110341527,-0.10268454998731613,-0.0503082275390625,-0.24474096298217773,3
1771110341680,-0.026599615812301636,0.12459087371826172,-0.032099246978759766,3
1771110341761,0.11532582342624664,0.16667842864990234,0.5951707363128662,3
1771110341863,0.1013580858707428,0.17112350463867188,0.3348085880279541,3
1771110341977,0.04551689326763153,0.2945442199707031,0.17563176155090332,3
1771110342100,0.44084835052490234,0.19895267486572266,0.3220946788787842,3
1771110342197,0.23706968128681183,0.07964706420898438,0.5479927062988281,3
1771110342313,0.109158456325531,0.08644390106201172,0.49591875076293945,3
1771110342430,-0.5424341559410095,-0.009210586547851562,0.04849100112915039,3
1771110342528,0.5509482026100159,-0.15107154846191406,0.5943140983581543,3
1771110342678,0.5293227434158325,-0.014388084411621094,0.4578232765197754,3
1771110342763,0.2828877568244934,-0.007992744445800781,-0.0006074905395507812,3
1771110342879,0.30196255445480347,0.2782449722290039,0.7157957553863525,3
1771110342979,0.07512252032756805,-0.16961383819580078,-0.3510780334472656,3
1771110343096,-0.10646243393421173,0.1283864974975586,0.18507885932922363,3
1771110343217,-0.04942810535430908,0.18178176879882812,0.02057814598083496,3
1771110343331,-0.10766996443271637,0.11712646484375,-0.7070140838623047,3
1771110343447,0.04985643923282623,0.3777437210083008,-0.292055606842041,3
1771110343564,-0.27000051736831665,0.20645523071289062,-0.538794994354248,3
1771110343684,0.4179671108722687,0.45745277404785156,0.5143997669219971,3
1771110343807,-0.15104296803474426,-0.01971721649169922,-0.41800832748413086,3
1771110343915,0.19323591887950897,-0.01471710205078125,0.7005715370178223,3
1771110344033,0.42727571725845337,0.1564798355102539,0.8144562244415283,3
1771110344162,0.1876770555973053,-0.12886619567871094,0.42751646041870117,3
1771110344264,0.1658991575241089,0.04010486602783203,0.9283735752105713,3
1771110344365,0.03077825903892517,0.07616329193115234,-0.07477879524230957,3
1771110344481,-0.10124626755714417,-0.07860183715820312,0.05323147773742676,3
1771110344600,-0.012499094009399414,0.15674400329589844,0.14632701873779297,3
1771110344715,0.0889802873134613,-0.10332965850830078,0.1759335994720459,3
1771110344832,-0.09153895080089569,-0.07017993927001953,0.3463864326477051,3
1771110344951,-0.25575074553489685,-0.11423301696777344,-0.06387472152709961,3
1771110345067,-0.15651677548885345,0.11567401885986328,-0.11707592010498047,3
1771110345193,-0.42102551460266113,0.08252906799316406,0.24951934814453125,3
1771110345300,-0.4058724641799927,0.16328048706054688,0.2902343273162842,3
1771110345415,0.48437997698783875,0.0225982666015625,0.30834174156188965,3
1771110345516,-0.7782951593399048,0.27925777435302734,-0.604079008102417,3
1771110345634,0.2667921185493469,0.0026788711547851562,-0.22680425643920898,3
1771110345752,0.6971504092216492,0.1849508285522461,0.1634376049041748,3
1771110345868,0.37547242641448975,0.01485443115234375,0.0476987361907959,3
1771110345970,0.2843104600906372,-0.03737831115722656,-0.022069215774536133,3
1771110346083,0.6355827450752258,-0.03502082824707031,-0.02909564971923828,3
1771110346184,-0.1540323942899704,0.20374679565429688,-0.0345759391784668,3
1771110346285,-0.43078380823135376,-0.08560752868652344,0.3894462585449219,3
1771110346401,0.4334698021411896,-0.1929178237915039,-0.08400416374206543,3
1771110346521,0.2904742658138275,-0.041095733642578125,-0.3611760139465332,3
1771110346635,0.6715506315231323,-0.042181968688964844,-0.04375958442687988,3
1771110346737,-0.35671889781951904,0.1838235855102539,-0.27498912811279297,3
1771110346852,-0.8059609532356262,0.33001708984375,-0.36150097846984863,3
1771110346953,0.07427182793617249,0.08855724334716797,-0.338653564453125,3
1771110347073,-1.0116159915924072,0.3819103240966797,-0.4453892707824707,3
1771110347188,0.770166277885437,0.21427059173583984,0.23026680946350098,3
1771110347288,-0.7062638998031616,0.04089546203613281,0.08864760398864746,3
1771110347403,-0.27101144194602966,0.09035968780517578,0.09308195114135742,3
1771110347519,0.7945461273193359,-0.19565105438232422,0.07456803321838379,3
1771110347620,-0.3571593761444092,0.061229705810546875,0.19661426544189453,3
1771110347737,0.7923542261123657,-0.13529396057128906,-0.1823725700378418,3
1771110347837,-0.8332483768463135,0.0202484130859375,-0.2149181365966797,3
1771110347958,0.6363710165023804,0.11664676666259766,0.6668293476104736,3
1771110348075,0.8122912645339966,-0.16976165771484375,0.17661547660827637,3
1771110348191,0.6817023754119873,0.08196640014648438,-0.3259773254394531,3
1771110348312,-0.4316062331199646,-0.04126548767089844,-0.47753286361694336,3
1771110348421,0.34059345722198486,-0.09090518951416016,0.1814432144165039,3
1771110348539,-0.14492182433605194,0.019433975219726562,-0.43450474739074707,3
1771110348684,0.07424420118331909,0.050683021545410156,-0.3019390106201172,3
1771110348755,-0.16292861104011536,0.23777198791503906,-0.4283832311630249,3
1771110348872,0.06978297233581543,0.2861948013305664,0.02148580551147461,3
1771110348989,-0.3575591444969177,0.16518783569335938,-0.247422456741333,3
1771110349090,-0.21714921295642853,-0.03954124450683594,-0.21571850776672363,3
1771110349207,0.19758108258247375,0.08989238739013672,0.03248095512390137,3
1771110349308,0.27484115958213806,-0.07526397705078125,0.24670791625976562,3
1771110349424,0.14542920887470245,0.17966079711914062,0.5628294944763184,3
1771110349541,0.1692533642053604,-0.13136959075927734,-0.053929805755615234,3
1771110349700,-0.010027721524238586,0.12797832489013672,-0.25676989555358887,3
1771110349773,-0.18444208800792694,-0.031052589416503906,-0.04846692085266113,3
1771110349892,0.2533136308193207,0.05410194396972656,0.41376686096191406,3
1771110350008,0.43306219577789307,0.19390010833740234,0.37746524810791016,3
1771110350123,0.035230278968811035,0.2651052474975586,0.17538952827453613,3
1771110350226,-0.4956713318824768,-0.12784099578857422,-0.5874330997467041,3
1771110350341,0.26947665214538574,-0.057064056396484375,0.40868163108825684,3
1771110350443,0.4287642538547516,-0.010010719299316406,0.6640834808349609,3
1771110350561,-0.20944857597351074,0.15607833862304688,0.22008371353149414,3
1771110350688,-0.4038545489311218,-0.2667989730834961,-0.30909061431884766,3
1771110350780,-0.08365532010793686,0.1768016815185547,0.1465463638305664,3
1771110350892,0.28017908334732056,-0.06371593475341797,-0.2812368869781494,3
1771110351009,0.1298428624868393,0.37436962127685547,0.41579127311706543,3
1771110351125,0.27142584323883057,0.15278148651123047,0.49910831451416016,3
1771110351241,0.2366519719362259,0.30266857147216797,0.14493894577026367,3
1771110351347,0.137536883354187,-0.3381624221801758,0.4240989685058594,3
1771110351461,0.23071430623531342,-0.1582040786743164,0.5544576644897461,3
1771110351577,-0.23656627535820007,0.075439453125,-0.09722232818603516,3
1771110351701,0.019924506545066833,0.032753944396972656,-0.029071807861328125,3
1771110351811,-0.0517205148935318,-0.007557868957519531,0.080535888671875,3
1771110351911,-0.42146414518356323,-0.05755329132080078,-0.5604820251464844,3
1771110352027,0.0193815678358078,0.2151956558227539,-0.3197355270385742,3
1771110352127,0.22119176387786865,0.0067386627197265625,0.2156517505645752,3
1771110352251,-0.04010938107967377,-0.1707916259765625,-0.029445409774780273,3
1771110352361,0.121867835521698,0.06103038787841797,0.34995174407958984,3
1771110352487,0.1477976143360138,0.007819175720214844,0.15623760223388672,3
1771110352578,0.3032972812652588,0.21156978607177734,0.0907738208770752,3
1771110352696,-0.37637096643447876,-0.09656906127929688,-1.1082744598388672,3
1771110352796,-0.03001195192337036,-0.0154571533203125,-0.6031988859176636,3
1771110352913,0.12642185389995575,0.17515850067138672,-0.3058030605316162,3
1771110353012,0.12557154893875122,0.07138442993164062,-0.11784887313842773,3
1771110353133,-0.17255988717079163,0.39604854583740234,0.13092994689941406,3
1771110353250,0.1413833498954773,0.05854988098144531,0.5677719116210938,3
1771110353364,0.5213778614997864,0.3393526077270508,0.5297539234161377,3
1771110353481,-0.1506495177745819,-0.2794609069824219,0.1774153709411621,3
1771110353596,0.32950305938720703,0.03555107116699219,0.13321185111999512,3
1771110353698,-0.07238185405731201,-0.1266641616821289,-0.029754161834716797,3
1771110353815,0.30029618740081787,-0.1849966049194336,0.08855032920837402,3
1771110353931,0.363659143447876,0.30408191680908203,0.22327709197998047,3
1771110354049,0.21455493569374084,0.04373455047607422,0.004933595657348633,3
1771110354150,0.22267650067806244,0.0715169906616211,0.6229681968688965,3
1771110354247,-0.07545733451843262,-0.006197929382324219,-0.1630387306213379,3
1771110354363,-0.14839699864387512,-0.1637277603149414,0.04589676856994629,3
1771110354466,0.05471499264240265,0.2519512176513672,-0.11882233619689941,3
1771110354580,0.3066147267818451,-0.33838558197021484,0.655789852142334,3
1771110354699,-0.23662327229976654,0.30509185791015625,0.10675835609436035,3
1771110354817,0.17769649624824524,0.0700693130493164,0.3176133632659912,3
1771110354930,0.05125889182090759,0.23970603942871094,0.34669017791748047,3
1771110355047,-0.2848733961582184,0.07903766632080078,-0.1795191764831543,3
1771110355149,0.07192647457122803,-0.27106189727783203,0.3841695785522461,3
1771110355284,-0.15264606475830078,0.06273269653320312,0.45708274841308594,3
1771110355401,0.18868950009346008,0.18564796447753906,0.038741350173950195,3
1771110355516,-0.13894012570381165,0.04462432861328125,0.22086000442504883,3
1771110355634,-0.10753808915615082,0.09017753601074219,0.2706778049468994,3
1771110355748,0.13266825675964355,0.13004302978515625,0.600940465927124,3
1771110355866,-0.27135658264160156,0.04369640350341797,0.5576515197753906,3
1771110355989,0.1694311797618866,-0.27175045013427734,0.03999805450439453,3
1771110356085,-0.02453559637069702,-0.02539539337158203,0.21725678443908691,3
1771110356200,0.18147501349449158,0.059021949768066406,0.09495687484741211,3
1771110356300,0.14733615517616272,-0.04955291748046875,0.3848695755004883,3
1771110356401,-0.31865018606185913,0.04500102996826172,0.36053013801574707,3
1771110356516,-0.31631365418434143,0.026597023010253906,-0.34752655029296875,3
1771110356618,0.2480943500995636,0.023858070373535156,0.487351655960083,3
1771110356720,0.05962833762168884,-0.024166107177734375,0.33936095237731934,3
1771110356839,0.22678670287132263,0.22691917419433594,0.39090418815612793,3
1771110356937,-0.0004443228244781494,-0.09546375274658203,0.49056148529052734,3
1771110357053,0.06529811024665833,0.23456192016601562,0.15812993049621582,3
1771110357167,-0.2371792495250702,-0.11343002319335938,0.2373044490814209,3
1771110357272,0.432766854763031,-0.2018289566040039,0.29709625244140625,3
1771110357385,0.10419812798500061,0.28034210205078125,0.5175464153289795,3
1771110357502,-0.5137121081352234,-0.07396221160888672,-0.2720527648925781,3
1771110357619,-0.6072468161582947,0.2749652862548828,0.013240337371826172,3
1771110357735,-0.16276796162128448,0.026050567626953125,0.22637414932250977,3
1771110357836,0.6057351231575012,-0.03476428985595703,0.06494283676147461,3
1771110357954,-0.8126580715179443,0.06614303588867188,-0.015018701553344727,3
1771110358069,-0.3496930003166199,0.16228675842285156,0.3237624168395996,3
1771110358212,-0.9873998165130615,-0.16920757293701172,0.2539694309234619,3
1771110358287,-0.7838799357414246,0.03065013885498047,0.5202541351318359,3
1771110358405,0.3646848201751709,-0.2649822235107422,0.7003707885742188,3
1771110358503,0.3789740204811096,-0.23636627197265625,0.16214656829833984,3
1771110358620,-0.3134438395500183,0.008532524108886719,0.689694881439209,3
1771110358722,0.029183149337768555,0.006412506103515625,0.4902186393737793,3
1771110358836,0.3999439477920532,-0.055286407470703125,0.3638577461242676,3
1771110358955,-0.4307546615600586,0.1403675079345703,0.17409515380859375,3
1771110359056,-0.43327224254608154,0.15106201171875,0.11017608642578125,3
1771110359170,-0.13495677709579468,-0.07345294952392578,0.4973576068878174,3
1771110359271,-0.25382697582244873,-0.08698272705078125,0.17260408401489258,3
1771110359374,-0.1044003963470459,-0.1282672882080078,0.34107422828674316,3
1771110359488,0.008531570434570312,0.0421905517578125,-0.16558837890625,3
1771110359590,-0.1550629436969757,0.17011642456054688,-0.23687005043029785,3
1771110359712,0.011663734912872314,0.01247406005859375,0.19328761100769043,3
1771110359821,0.09446710348129272,0.37899017333984375,-0.6618270874023438,3
1771110359921,-0.06680428981781006,0.06738471984863281,-0.8196070194244385,3
1771110360027,-0.45119309425354004,0.23809242248535156,-0.12090063095092773,3
1771110360139,-0.08359736204147339,0.1941967010498047,-0.31806159019470215,3
1771110360249,0.1775740087032318,-0.25269508361816406,-0.30479860305786133,3
1771110360356,-0.5531848669052124,0.1663360595703125,-0.1941666603088379,3
1771110360457,-0.36815327405929565,0.13980770111083984,-0.40647149085998535,3
1771110360576,0.34731608629226685,-0.019806861877441406,-0.1748652458190918,3
1771110360710,0.3542228937149048,0.18476581573486328,-0.47400569915771484,3
1771110360807,-0.06755644083023071,0.0963888168334961,-0.46512627601623535,3
1771110360924,-0.4185212552547455,0.08338451385498047,-0.012377023696899414,3
1771110361042,0.09636563062667847,0.032024383544921875,-0.25701332092285156,3
1771110361145,-0.17763596773147583,0.23997974395751953,-0.32507944107055664,3
1771110361256,-0.16348475217819214,0.07483577728271484,-0.1728525161743164,3
1771110361361,0.0796317458152771,-0.15588665008544922,-0.1073756217956543,3
1771110361474,-0.2878905236721039,0.1810903549194336,-0.33979320526123047,3
1771110361590,0.25233346223831177,-0.05144977569580078,-0.02352595329284668,3
1771110361711,-0.3862839937210083,0.17370319366455078,-0.38379764556884766,3
1771110361826,0.06959199905395508,0.021287918090820312,-0.1302173137664795,3
1771110361927,0.2473190724849701,-0.11967658996582031,0.1324455738067627,3
1771110362046,-0.38756343722343445,0.08577156066894531,-0.27995944023132324,3
1771110362157,0.06041571497917175,0.054999351501464844,0.07896137237548828,3
1771110362261,0.21740493178367615,-0.046408653259277344,0.0660400390625,3
1771110362377,0.0018121898174285889,-0.04423999786376953,-0.0005497932434082031,3
1771110362492,0.020917832851409912,-0.04243755340576172,0.133514404296875,3
1771110362612,0.22658681869506836,0.07125377655029297,-0.1780095100402832,3
1771110362719,-0.14230024814605713,0.18524646759033203,-0.3400084972381592,3
1771110362826,-0.30000364780426025,-0.007370948791503906,-0.22638940811157227,3
1771110362943,0.22237035632133484,-0.09349632263183594,0.25530338287353516,3
1771110363065,-0.2597898244857788,0.22876930236816406,-0.35814571380615234,3
1771110363177,0.21684768795967102,-0.03459739685058594,0.2057199478149414,3
1771110363278,0.23696976900100708,-0.10942840576171875,0.18978071212768555,3
1771110363393,0.08436039090156555,0.17954444885253906,-0.2937655448913574,3
1771110363496,0.03818535804748535,0.15993118286132812,-0.35756421089172363,3
1771110363614,-0.20218542218208313,-0.03429222106933594,0.08765244483947754,3
1771110363711,-0.1825079619884491,-0.01676464080810547,0.020985841751098633,3
1771110363828,0.263340026140213,-0.16471385955810547,0.29543304443359375,3
1771110363929,0.15413647890090942,0.07765483856201172,-0.22074580192565918,3
1771110364047,-0.31268465518951416,0.13439464569091797,-0.3560206890106201,3
1771110364164,-0.04324069619178772,-0.18403148651123047,0.13637852668762207,3
1771110364281,0.14222493767738342,0.05611228942871094,-0.20820164680480957,3
1771110364395,-0.23302316665649414,0.2087850570678711,-0.4649851322174072,3
1771110364495,-0.19279992580413818,0.23740673065185547,-0.45509958267211914,3
1771110364597,-0.24759048223495483,0.04627704620361328,0.12445402145385742,3
1771110364723,0.25059962272644043,-0.10090255737304688,0.3078739643096924,3
1771110364829,0.25422170758247375,0.08900642395019531,-0.23320674896240234,3
1771110364951,0.3165590763092041,-0.034560203552246094,0.05542874336242676,3
1771110365065,-0.03015914559364319,-0.08033561706542969,-0.06541323661804199,3
1771110365179,-0.0031696557998657227,0.32316017150878906,-0.5512232780456543,3
1771110365280,0.013791203498840332,0.15890121459960938,-0.6868076324462891,3
1771110365397,-0.25219208002090454,0.022066116333007812,-0.026587963104248047,3
1771110365514,0.17931488156318665,-0.0048580169677734375,0.0834512710571289,3
1771110365618,0.3313838541507721,-0.08520317077636719,-0.2898404598236084,3
1771110365736,-0.3427712619304657,0.11245918273925781,-0.3075447082519531,3
1771110365848,0.31804028153419495,-0.06106758117675781,-0.33580493927001953,3
1771110365964,-0.6404169201850891,0.2668323516845703,-0.394980788230896,3
1771110366065,0.5581406354904175,0.11708545684814453,-0.28316688537597656,3
1771110366182,0.6657223105430603,0.17035198211669922,-0.25290560722351074,3
1771110366299,0.6002852916717529,0.008710861206054688,-0.06367635726928711,3
1771110366418,0.3832695186138153,0.02979564666748047,-0.1049509048461914,3
1771110366533,0.2628259062767029,-0.05522346496582031,-0.14850616455078125,3
1771110366632,-0.15707240998744965,0.07724285125732422,-0.38150691986083984,3
1771110366733,-0.05141022801399231,0.15067672729492188,0.011883735656738281,3
1771110366848,0.27130746841430664,-0.05922126770019531,0.09582662582397461,3
1771110366953,0.3340469002723694,-0.05515098571777344,-0.05488014221191406,3
1771110367066,0.431668758392334,0.1362752914428711,0.08099555969238281,3
1771110367167,0.36415088176727295,0.0495147705078125,-0.2091515064239502,3
1771110367283,-0.19129157066345215,0.11933612823486328,-0.30502963066101074,3
1771110367383,0.306160569190979,-0.08042335510253906,-0.058295249938964844,3
1771110367485,0.04820409417152405,-0.24671268463134766,0.18599438667297363,3
1771110367602,0.3663637638092041,0.02164745330810547,0.3636910915374756,3
1771110367719,0.19755150377750397,0.08718395233154297,0.05723142623901367,3
1771110367835,0.2826164960861206,0.05456733703613281,0.4930605888366699,3
1771110367952,0.36415910720825195,0.013453483581542969,-0.03378129005432129,3
1771110368052,0.0018407106399536133,0.03193855285644531,-0.03525900840759277,3
1771110368170,-0.15947593748569489,0.17057323455810547,-0.12282013893127441,3
1771110368269,0.11860112845897675,0.16339492797851562,0.22174072265625,3
1771110368385,0.05927537381649017,0.17101383209228516,-0.5029768943786621,3
1771110368506,0.1848900318145752,0.26248645782470703,0.1408674716949463,3
1771110368603,0.10658302903175354,-0.21340560913085938,0.5141856670379639,3
1771110368722,0.35212600231170654,0.049193382263183594,0.1580367088317871,3
1771110368836,0.0700441300868988,0.08633041381835938,0.04094886779785156,3
1771110368937,0.3663918972015381,-0.23387718200683594,-0.34441232681274414,3
1771110369054,-0.004339545965194702,0.3950157165527344,0.23269224166870117,3
1771110369172,0.005776852369308472,0.20692729949951172,-0.5174978971481323,3
1771110369294,0.06593593955039978,-0.07256698608398438,-0.3806217908859253,3
1771110369406,-0.25156307220458984,0.11703109741210938,-0.24371325969696045,3
1771110369503,-0.2382529377937317,0.0752573013305664,-0.03314566612243652,3
1771110369620,0.3557077944278717,-0.10381603240966797,-0.11826395988464355,3
1771110369721,0.4417051672935486,0.12811660766601562,0.3487393856048584,3
1771110369837,-0.018781065940856934,0.040024757385253906,0.022747039794921875,3
1771110369953,-0.037447333335876465,-0.2869424819946289,0.08077430725097656,3
1771110370072,0.2922041416168213,0.23556137084960938,0.7458603382110596,3
1771110370190,0.12141591310501099,-0.08990001678466797,0.46651434898376465,3
1771110370304,0.139993816614151,0.15759944915771484,0.1943352222442627,3
1771110370406,0.34509140253067017,-0.17386341094970703,0.4097278118133545,3
1771110370521,-0.14957445859909058,-0.1945323944091797,0.31511783599853516,3
1771110370640,0.2781866490840912,0.3327159881591797,1.0194785594940186,3
1771110370757,-0.18765252828598022,-0.34977149963378906,-0.5017895698547363,3
1771110370874,0.38403886556625366,0.21473217010498047,0.34819841384887695,3
1771110370989,0.0740126371383667,0.015208244323730469,0.2564406394958496,3
1771110371109,-0.0517255961894989,0.1686267852783203,0.3819315433502197,3
1771110371222,0.29424989223480225,0.2242870330810547,0.46383094787597656,3
1771110371345,-0.03905847668647766,0.20990562438964844,0.30040812492370605,3
1771110371444,0.09801140427589417,0.22832679748535156,0.41104626655578613,3
1771110371560,0.21653121709823608,-0.25701236724853516,0.4110391139984131,3
1771110371672,-0.18021336197853088,0.10372447967529297,-0.1612241268157959,3
1771110371792,0.2510988712310791,-0.06835746765136719,-0.07853245735168457,3
1771110371907,-0.16276055574417114,0.20111656188964844,0.17659378051757812,3
1771110372024,0.23796117305755615,0.011775016784667969,-0.10175132751464844,3
1771110372125,0.12109363079071045,-0.13509273529052734,0.38013243675231934,3
1771110372241,-0.030773073434829712,-0.09225177764892578,0.24688243865966797,3
1771110372358,-0.09181463718414307,-0.10686111450195312,-0.1330430507659912,3
1771110372459,0.30601489543914795,0.030714035034179688,0.20247793197631836,3
1771110372577,-0.13988760113716125,-0.2798757553100586,-0.40639758110046387,3
1771110372697,0.004243344068527222,0.44181251525878906,0.38129496574401855,3
1771110372809,-0.13340353965759277,-0.043381690979003906,-0.11368536949157715,3
1771110372925,-0.045993536710739136,-0.033023834228515625,-0.6063802242279053,3
1771110373042,-0.19122283160686493,-0.14565563201904297,0.18224740028381348,3
1771110373159,0.09116196632385254,0.06036090850830078,0.10563230514526367,3
1771110373276,-0.053702980279922485,-0.1677379608154297,-0.32055115699768066,3
1771110373377,-0.07723739743232727,0.03038311004638672,0.10622262954711914,3
1771110373492,0.18294867873191833,-0.00030040740966796875,0.35188770294189453,3
1771110373593,0.2360362410545349,-0.013730049133300781,0.2547340393066406,3
1771110373724,0.10042330622673035,0.07894515991210938,0.4172403812408447,3
1771110373796,-0.2721197009086609,-0.11075878143310547,-0.3818178176879883,3
1771110373909,0.2086954116821289,0.18002891540527344,0.6165087223052979,3
1771110374029,-0.198268324136734,-0.42156505584716797,-0.1879887580871582,3
1771110374143,0.09275010228157043,-0.12052345275878906,0.5810613632202148,3
1771110374265,-0.14266708493232727,-0.15078163146972656,-0.5708918571472168,3
1771110374378,-0.16750675439834595,-0.06992530822753906,0.23460984230041504,3
1771110374477,-0.04566723108291626,0.2122335433959961,0.45090794563293457,3
1771110374594,0.05012011528015137,-0.038482666015625,0.062530517578125,3
1771110374729,-0.09713128209114075,0.22678184509277344,-1.048288345336914,3
1771110374828,-0.08008971810340881,-0.28211307525634766,-0.13318157196044922,3
1771110374929,-0.08974966406822205,0.12865543365478516,-0.12162137031555176,3
1771110375044,0.010703325271606445,0.21066951751708984,-0.18806147575378418,3
1771110375147,-0.07196536660194397,0.4749717712402344,-0.17928385734558105,3
1771110375248,-0.024349600076675415,0.10141754150390625,0.2728896141052246,3
1771110375362,-0.06953379511833191,0.0472869873046875,-0.14565539360046387,3
1771110375480,-0.038346707820892334,0.07134246826171875,-0.27963924407958984,3
1771110375580,-0.02614051103591919,-0.10093402862548828,0.14440011978149414,3
1771110375739,0.4442494809627533,0.19037246704101562,0.498732328414917,3
1771110375797,-0.3167210519313812,-0.060352325439453125,-0.44014406204223633,3
1771110375915,0.04895615577697754,-0.2499990463256836,-0.03828573226928711,3
1771110376033,0.36673158407211304,0.1085214614868164,0.3126797676086426,3
1771110376186,0.045283108949661255,-0.10626029968261719,0.19056940078735352,3
1771110376264,-0.25516194105148315,0.15526485443115234,-0.11124157905578613,3
1771110376379,0.3745085895061493,-0.5969266891479492,0.009205341339111328,3
1771110376480,-0.08223441243171692,0.38106441497802734,-0.07024765014648438,3
1771110376597,0.15538358688354492,0.4557209014892578,0.11690211296081543,3
1771110376725,-0.7443713545799255,0.1188201904296875,0.15471267700195312,3
1771110376830,0.3095968961715698,0.5206365585327148,0.06850290298461914,3
1771110376948,0.22924157977104187,-0.10951042175292969,-0.3227698802947998,3
1771110377049,-0.08566480875015259,-0.010860443115234375,0.07288169860839844,3
1771110377164,-0.34347400069236755,0.06589603424072266,-0.06665992736816406,3
1771110377265,0.3801243007183075,-0.017557144165039062,-0.024863243103027344,3
1771110377367,-0.32530859112739563,0.169281005859375,0.16583871841430664,3
1771110377482,-0.04826119542121887,0.01153564453125,-0.15851807594299316,3
1771110377583,0.10188150405883789,-0.37973594665527344,0.11890292167663574,3
1771110377745,-0.2980768084526062,-0.11204051971435547,-0.2733970880508423,3
1771110377817,0.07227158546447754,-0.4156665802001953,-0.2444237470626831,3
1771110377935,-0.24298961460590363,0.22746562957763672,0.4310941696166992,3
1771110378050,0.06159880757331848,-0.07724857330322266,0.1754300594329834,3
1771110378181,-0.07573932409286499,0.16437721252441406,0.13186931610107422,3
1771110378266,0.25017786026000977,-0.1644153594970703,0.3390846252441406,3
1771110378368,0.25508904457092285,-0.09225845336914062,-0.03642106056213379,3
1771110378486,0.1398063600063324,-0.23794174194335938,-0.6283682584762573,3
1771110378603,-0.06832590699195862,0.13462066650390625,0.9524943828582764,3
1771110378730,0.12995591759681702,-0.18740177154541016,-0.005519866943359375,3
1771110378833,0.37992656230926514,0.3880281448364258,0.573636531829834,3
1771110378935,-0.0008804202079772949,-0.2089986801147461,0.9884223937988281,3
1771110379054,-0.07316672801971436,-0.299530029296875,0.009504318237304688,3
1771110379170,0.17010104656219482,0.2362079620361328,0.17351722717285156,3
1771110379284,0.14496296644210815,0.2684507369995117,0.4222249984741211,3
1771110379401,-0.32586824893951416,-0.40178585052490234,0.07969045639038086,3
1771110379519,0.1153753399848938,-0.48299598693847656,0.49865055084228516,3
1771110379634,-0.17174386978149414,-0.07860374450683594,0.39342522621154785,3
1771110379736,0.26135873794555664,0.36350059509277344,-0.09357929229736328,3
1771110379852,-0.39788609743118286,0.17792606353759766,-0.17513418197631836,3
1771110379952,0.3990231156349182,0.012293815612792969,0.7755227088928223,3
1771110380073,0.00214463472366333,-0.2985525131225586,0.32043027877807617,3
1771110380189,-0.16104426980018616,0.10034751892089844,-0.48182058334350586,3
1771110380303,0.11183947324752808,0.26706695556640625,-0.0438542366027832,3
1771110380422,0.4019429683685303,-0.011277198791503906,0.5950934886932373,3
1771110380537,0.030096471309661865,-0.12091350555419922,0.4884300231933594,3
1771110380655,-0.2485952377319336,-0.23627662658691406,0.023044586181640625,3
1771110380769,-0.07191479206085205,-0.05410289764404297,-0.1785871982574463,3
1771110380871,-0.17369979619979858,0.1793832778930664,-0.2637624740600586,3
1771110380988,-0.11650204658508301,0.20963764190673828,0.19170856475830078,3
1771110381104,0.0612485408782959,0.38165760040283203,0.24776887893676758,3
1771110381220,0.31067442893981934,-0.26264286041259766,0.4674346446990967,3
1771110381343,0.22027802467346191,0.0004730224609375,0.03682231903076172,3
1771110381455,0.20029878616333008,-0.02590656280517578,-0.13987517356872559,3
1771110381574,-0.034188687801361084,-0.09669780731201172,0.6382887363433838,3
1771110381672,0.07082974910736084,0.10034847259521484,0.8788750171661377,3
1771110381780,0.31254369020462036,-0.4093971252441406,0.11296868324279785,3
1771110381889,0.2148754596710205,0.12569332122802734,0.30474090576171875,3
1771110382005,-0.0936126708984375,-0.08634757995605469,-0.25055623054504395,3
1771110382116,0.11124008893966675,0.06313800811767578,0.48148441314697266,3
1771110382238,0.43237411975860596,0.2346487045288086,-0.10712790489196777,3
1771110382339,0.38511788845062256,0.07208061218261719,-0.02646613121032715,3
1771110382458,-0.29192379117012024,0.2577838897705078,0.2057938575744629,3
1771110382559,-0.1788286566734314,0.09464073181152344,0.2668161392211914,3
1771110382674,0.38169872760772705,-0.3061046600341797,0.6504979133605957,3
1771110382793,0.18537276983261108,-0.1820049285888672,0.011080503463745117,3
1771110382910,-0.07569438219070435,0.014186859130859375,-0.0675039291381836,3
1771110383011,-0.1597689390182495,-0.34748268127441406,0.004227399826049805,3
1771110383124,0.3948853015899658,-0.3268156051635742,0.34578871726989746,3
1771110383257,-0.07009226083755493,0.17421722412109375,-0.6066334247589111,3
1771110383360,-0.22672784328460693,-0.31166553497314453,-0.05810379981994629,3
1771110383474,0.12561821937561035,0.016793251037597656,0.22583746910095215,3
1771110383593,0.13209539651870728,-0.23908138275146484,0.18665671348571777,3
1771110383740,0.06882256269454956,0.3604764938354492,-0.06441569328308105,3
1771110383825,-0.09220421314239502,-0.2796783447265625,0.005993843078613281,3
1771110383929,0.1707959771156311,0.10930824279785156,-0.11858272552490234,3
1771110384030,-0.3818739354610443,0.4273815155029297,0.3903825283050537,3
1771110384193,0.26415562629699707,-0.2107677459716797,0.2638530731201172,3
1771110384261,0.1584111452102661,0.07057952880859375,0.07076787948608398,3
1771110384378,0.2135707139968872,-0.2597999572753906,-0.1989428997039795,3
1771110384494,0.1896316409111023,0.02729034423828125,0.7819111347198486,3
1771110384611,0.10613512992858887,-0.044335365295410156,-0.1923046112060547,3
1771110384742,0.00024831295013427734,0.011018753051757812,-0.16330647468566895,3
1771110384847,0.41509777307510376,0.24840259552001953,0.17716336250305176,3
1771110384962,-0.06677037477493286,0.07947158813476562,-0.2218334674835205,3
1771110385079,-0.1237611174583435,-0.17626094818115234,0.2474212646484375,3
1771110385194,-0.10001331567764282,0.03981494903564453,-0.02582073211669922,3
1771110385296,-0.36025744676589966,-0.15526103973388672,-0.4287288188934326,3
1771110385396,-0.2676875591278076,0.1348438262939453,-0.5986654758453369,3
1771110385511,0.38488781452178955,0.012492179870605469,-0.5382804870605469,3
1771110385628,-0.1266832947731018,0.41606616973876953,-0.5897966623306274,3
1771110385747,-0.008785068988800049,0.07946014404296875,-0.34526562690734863,3
1771110385846,0.19648617506027222,-0.09901809692382812,0.12147068977355957,3
1771110385946,0.10064584016799927,0.009076118469238281,0.3516519069671631,3
1771110386066,-0.09545272588729858,-0.24248790740966797,-0.6903984546661377,3
1771110386220,-0.16270333528518677,-0.30626678466796875,-0.5013372898101807,3
1771110386297,-0.1294102966785431,-0.07120132446289062,-0.6778037548065186,3
1771110386415,0.05694049596786499,-0.0029773712158203125,0.42737245559692383,3
1771110386534,0.18458455801010132,-0.08665084838867188,-0.08664369583129883,3
1771110386651,-0.1260996162891388,0.09335613250732422,-0.08768677711486816,3
1771110386765,0.2033284306526184,0.05159568786621094,-0.15068459510803223,3
1771110386881,-0.24574100971221924,0.16942882537841797,0.23530197143554688,3
1771110387001,-0.30021995306015015,0.2741508483886719,-0.6034022569656372,3
1771110387105,-0.052250444889068604,-0.11226177215576172,0.26865148544311523,3
1771110387214,0.05498784780502319,-0.02508831024169922,0.31206607818603516,3
1771110387315,0.025951623916625977,0.1768817901611328,0.19179177284240723,3
1771110387432,-0.3231310248374939,-0.14344024658203125,-0.47132301330566406,3
1771110387549,0.03526109457015991,0.1263904571533203,-0.17027997970581055,3
1771110387666,-0.018363356590270996,0.04083061218261719,-0.060709476470947266,3
1771110387771,0.07480984926223755,0.4889841079711914,0.2604043483734131,3
1771110387882,-0.17559677362442017,-0.10097408294677734,-0.4650893211364746,3
1771110388000,-0.20701482892036438,0.23824310302734375,-0.08268904685974121,3
1771110388118,0.2584373950958252,0.42818641662597656,0.11202526092529297,3
1771110388233,-0.02526301145553589,-0.3800697326660156,-0.2182309627532959,3
1771110388351,0.3933565020561218,0.2523927688598633,0.6830422878265381,3
1771110388469,-0.3060474991798401,-0.15588665008544922,0.01262664794921875,3
1771110388584,0.3856980800628662,0.019303321838378906,0.6752853393554688,3
1771110388701,0.012838244438171387,-0.3016700744628906,-0.1543271541595459,3
1771110388820,0.5016443133354187,-0.02676677703857422,0.9481921195983887,3
1771110388936,0.03658825159072876,0.027191162109375,0.43816494941711426,3
1771110389051,-0.01809793710708618,-0.15445709228515625,0.3740837574005127,3
1771110389168,0.144026517868042,-0.09310722351074219,0.5304243564605713,3
1771110389289,0.12495589256286621,-0.3702726364135742,0.5362000465393066,3
1771110389403,0.0035052895545959473,-0.0744466781616211,0.7706174850463867,3
1771110389518,0.06535881757736206,-0.14909934997558594,0.480283260345459,3
1771110389635,0.2740846276283264,-0.18243122100830078,0.28414130210876465,3
1771110389747,-0.23511597514152527,0.024347305297851562,0.08347296714782715,3
1771110389852,0.3961472511291504,0.23215103149414062,0.49007201194763184,3
1771110389969,-0.1904309093952179,0.2931833267211914,-0.08855581283569336,3
1771110390070,-0.07859611511230469,-0.041716575622558594,0.38214707374572754,3
1771110390210,-0.2746926546096802,-0.09934425354003906,-0.6954094171524048,3
1771110390287,0.25942331552505493,-0.03162384033203125,0.558147668838501,3
1771110390407,0.11088979244232178,0.037941932678222656,0.39045214653015137,3
1771110390503,-0.1490909457206726,-0.07962226867675781,-0.08962011337280273,3
1771110390604,-0.061998724937438965,-0.11251258850097656,-0.014090299606323242,3
1771110390706,-0.2156650424003601,-0.03136920928955078,0.10128331184387207,3
1771110390806,-0.1563195288181305,0.06651496887207031,-0.07279014587402344,3
1771110390924,-0.2507476806640625,-0.3130617141723633,-0.4126887321472168,3
1771110391039,0.13572049140930176,0.23578834533691406,0.8825128078460693,3
1771110391154,0.040127575397491455,-0.3200054168701172,-0.6070955991744995,3
1771110391256,-0.04591703414916992,-0.1181020736694336,-0.34860992431640625,3
1771110391372,-0.146753191947937,-0.05771446228027344,-0.17339205741882324,3
1771110391473,0.05950963497161865,-0.3070821762084961,-0.1732332706451416,3
1771110391590,-0.009518265724182129,0.19269371032714844,0.30881524085998535,3
1771110391706,-0.2940807342529297,-0.2633047103881836,-0.2804749011993408,3
1771110391807,-0.22501158714294434,0.29344654083251953,-0.3332202434539795,3
1771110391924,-0.17979252338409424,0.33339691162109375,-0.1279599666595459,3
1771110392040,0.05796891450881958,-0.04680824279785156,-0.5467971563339233,3
1771110392156,-0.06278499960899353,-0.033469200134277344,-0.4300057888031006,3
1771110392274,-0.03353351354598999,-0.06137561798095703,0.5135056972503662,3
1771110392374,0.09739428758621216,0.12362384796142578,-0.0009403228759765625,3
1771110392493,-0.3301452100276947,-0.2500123977661133,-0.40076255798339844,3
1771110392608,0.5065444707870483,-0.0720376968383789,0.24902820587158203,3
1771110392707,0.28540924191474915,0.32465648651123047,0.2532370090484619,3
1771110392824,0.1597956120967865,0.033629417419433594,0.2588326930999756,3
1771110392925,0.247228741645813,0.12449264526367188,0.815086841583252,3
1771110393041,0.0575374960899353,-0.2581977844238281,0.2829253673553467,3
1771110393162,0.38725560903549194,0.13847637176513672,0.5448720455169678,3
1771110393276,-0.07430601119995117,-0.09787654876708984,-0.49887537956237793,3
1771110393394,0.32715967297554016,0.2517852783203125,0.5950400829315186,3
1771110393493,0.2123694121837616,0.13219833374023438,0.23144912719726562,3
1771110393593,-0.08739447593688965,-0.019118309020996094,0.07907676696777344,3
1771110393711,0.14553219079971313,0.28850460052490234,0.10988378524780273,3
1771110393827,0.06870037317276001,-0.12847423553466797,-1.0289306640625,3
1771110393944,-0.2129260003566742,0.20742511749267578,0.33954310417175293,3
1771110394060,0.25254493951797485,-0.08845901489257812,1.0513412952423096,3
1771110394191,0.16495010256767273,-0.1073293685913086,0.007770538330078125,3
1771110394280,-0.11826181411743164,0.1139535903930664,-0.3586726188659668,3
1771110394394,-0.07693284749984741,-0.11053466796875,-0.32151055335998535,3
1771110394510,0.1489206850528717,0.003962516784667969,0.24111080169677734,3
1771110394629,0.06535157561302185,-0.07367420196533203,0.45712804794311523,3
1771110394759,0.05524951219558716,0.08230304718017578,0.683337926864624,3
1771110394845,-0.01992097496986389,-0.034140586853027344,0.11197638511657715,3
1771110394961,0.2572593092918396,-0.03954029083251953,0.3017113208770752,3
1771110395080,-0.1677819788455963,0.12226295471191406,-0.15564393997192383,3
1771110395180,0.09466999769210815,-0.28275203704833984,0.10892820358276367,3
1771110395301,0.1299690306186676,-0.0969228744506836,-0.32120442390441895,3
1771110395412,0.02494838833808899,0.0047817230224609375,-0.3606259822845459,3
1771110395533,0.17714524269104004,0.015779495239257812,0.0067920684814453125,3
1771110395645,0.2657754421234131,0.045342445373535156,0.4388899803161621,3
1771110395759,-0.33073878288269043,-0.14538288116455078,-0.08074617385864258,3
1771110395862,-0.3178623914718628,0.0628213882446289,-0.037691354751586914,3
1771110395981,0.23691090941429138,0.017383575439453125,0.34341907501220703,3
1771110396096,-0.026359230279922485,-0.22480297088623047,0.5276477336883545,3
1771110396236,0.15136843919754028,0.18181324005126953,-0.1487562656402588,3
1771110396312,0.24522215127944946,-0.3526344299316406,-0.07777571678161621,3
1771110396415,-0.16521117091178894,-0.017149925231933594,0.17136716842651367,3
1771110396515,-0.03715705871582031,0.09741020202636719,-0.05649518966674805,3
1771110396620,0.01563364267349243,0.09629440307617188,-0.7436449527740479,3
1771110396716,-0.2656841576099396,-0.030257225036621094,0.09027576446533203,3
1771110396832,0.051448434591293335,0.08281612396240234,0.7143815755844116,3
1771110396949,0.10751515626907349,0.02074432373046875,0.579931378364563,3
1771110397064,0.07147955894470215,-0.18857288360595703,0.5078637599945068,3
1771110397167,0.03730723261833191,0.08595943450927734,0.38701462745666504,3
1771110397281,-0.0896700918674469,0.10955524444580078,-0.21132993698120117,3
1771110397400,-0.0843251645565033,-0.14507389068603516,0.25199902057647705,3
1771110397516,-0.30309295654296875,-0.013211250305175781,-0.7651598453521729,3
1771110397633,-0.2028799057006836,0.04666614532470703,-0.34864890575408936,3
1771110397772,-0.5259956121444702,0.026605606079101562,-0.3502422571182251,3
1771110397866,0.6347022652626038,0.10282516479492188,0.45813167095184326,3
1771110397988,0.14723527431488037,-0.22723102569580078,0.47235405445098877,3
1771110398083,0.19319167733192444,-0.1300363540649414,0.7518099546432495,3
1771110398195,0.29585346579551697,-0.20056533813476562,0.5265560150146484,3
1771110398302,0.2196904718875885,0.00036144256591796875,0.8031439781188965,3
1771110398404,0.19235309958457947,-0.19040679931640625,0.5305646657943726,3
1771110398518,-0.02979680895805359,0.011059761047363281,-0.1573019027709961,3
1771110398635,-0.4186686873435974,0.0020608901977539062,-0.2848120927810669,3
1771110398765,0.4463500380516052,0.23878097534179688,-0.026995420455932617,3
1771110398851,0.04719230532646179,-0.2008190155029297,0.20678067207336426,3
1771110398957,-0.35132813453674316,0.1844034194946289,-0.03786766529083252,3
1771110399068,0.15262532234191895,0.14240550994873047,0.017747998237609863,3
1771110399170,0.10864201188087463,0.053374290466308594,0.6669073104858398,3
1771110399295,-0.19355809688568115,0.13861465454101562,-0.11005222797393799,3
1771110399407,0.05160000920295715,-0.05272197723388672,0.04289650917053223,3
1771110399520,-0.08898013830184937,0.26436519622802734,0.3486891984939575,3
1771110399640,0.5018160939216614,0.32138729095458984,0.38858306407928467,3
1771110399766,0.3346654772758484,0.09827709197998047,0.3063408136367798,3
1771110399856,0.1355629861354828,0.05080699920654297,0.3244746923446655,3
1771110399970,0.3233240842819214,0.1896219253540039,0.3176538944244385,3
1771110400074,-0.0017529726028442383,0.21749496459960938,0.1865905523300171,3
1771110400187,-0.18375006318092346,0.18697166442871094,-0.280001163482666,3
1771110400307,-0.15996626019477844,-0.34780311584472656,0.3139333724975586,3
1771110400424,-0.010413378477096558,-0.04850959777832031,-0.9660248756408691,3
1771110400537,-0.03631705045700073,0.26248931884765625,0.059519290924072266,3
1771110400655,0.23029586672782898,-0.18992233276367188,0.24741530418395996,3
1771110400776,0.17628568410873413,0.20647907257080078,0.2825922966003418,3
1771110400872,-0.006133973598480225,0.14478111267089844,0.07853269577026367,3
1771110400989,-0.38893601298332214,-0.20719623565673828,-0.32148540019989014,3
1771110401104,-0.4188374876976013,0.06897544860839844,0.09789466857910156,3
1771110401221,0.10902667045593262,-0.19258975982666016,-0.6050286293029785,3
1771110401325,0.052127063274383545,0.1482858657836914,0.20814871788024902,3
1771110401429,0.20185014605522156,0.245819091796875,-0.04030442237854004,3
1771110401540,0.17282533645629883,-0.030783653259277344,-0.23828363418579102,3
1771110401657,0.16481438279151917,-0.058274269104003906,0.48638319969177246,3
1771110401774,0.12927043437957764,-0.3174476623535156,-0.3899587392807007,3
1771110401890,-0.43881815671920776,0.5700464248657227,-0.20790207386016846,3
1771110402005,0.00902673602104187,0.20527076721191406,-0.5007083415985107,3
1771110402127,0.2728414237499237,0.6002712249755859,-0.03606104850769043,3
1771110402258,-0.15773604810237885,-0.19847488403320312,-0.16477620601654053,3
1771110402381,0.12906157970428467,-0.31007957458496094,0.24726438522338867,3
1771110402475,0.3022942841053009,0.08707523345947266,-0.21288847923278809,3
1771110402591,0.21889570355415344,-0.2268047332763672,-0.08711361885070801,3
1771110402710,0.062003493309020996,0.3198871612548828,0.7194657325744629,3
1771110402827,0.2784634530544281,-0.2232656478881836,-0.3636660575866699,3
1771110402928,0.4352199137210846,0.30130767822265625,0.21118712425231934,3
1771110403041,0.02981439232826233,0.34667396545410156,-0.2307734489440918,3
1771110403142,-0.1835598647594452,-0.18416500091552734,0.2166728973388672,3
1771110403262,0.02342325448989868,-0.122100830078125,-0.9130005836486816,3
1771110403359,-0.03008955717086792,-0.05428600311279297,0.06924557685852051,3
1771110403477,-0.025218307971954346,-0.0008363723754882812,0.44306111335754395,3
1771110403594,0.16374149918556213,-0.35906410217285156,-0.38398098945617676,3
1771110403693,0.22626039385795593,0.42757225036621094,0.05415606498718262,3
1771110403810,-0.05421137809753418,-0.11610698699951172,0.05303955078125,3
1771110403929,-0.2608574330806732,0.27718353271484375,-0.5197252035140991,3
1771110404031,0.014352262020111084,0.24690723419189453,-0.38225579261779785,3
1771110404144,0.2022896409034729,-0.1930704116821289,-0.4844496250152588,3
1771110404245,0.154902845621109,0.13251113891601562,0.8040759563446045,3
1771110404360,0.5204983949661255,0.015542030334472656,0.4183022975921631,3
1771110404460,-0.32073500752449036,-0.10479450225830078,-0.20573711395263672,3
1771110404566,0.4529827833175659,0.19706153869628906,0.21810364723205566,3
1771110404678,0.08105945587158203,0.3179149627685547,-0.12572801113128662,3
1771110404790,0.15227609872817993,0.29526615142822266,-0.36209774017333984,3
1771110404882,-0.5447680950164795,0.4367485046386719,0.052422404289245605,3
1771110404997,0.17276674509048462,-0.8405790328979492,0.6434214115142822,3
1771110405115,0.4595174789428711,0.057198524475097656,1.418189525604248,3
1771110405247,0.19557702541351318,-0.3333396911621094,0.5876529216766357,3
1771110405362,0.4410455524921417,0.0366668701171875,0.02758049964904785,3
1771110405479,-0.4174365997314453,-0.05787849426269531,0.22459125518798828,3
1771110405579,0.24017390608787537,-0.35769081115722656,0.12782692909240723,3
1771110405698,0.6938304901123047,0.40201854705810547,1.113382339477539,3
1771110405814,-0.13264399766921997,0.04824066162109375,0.3578300476074219,3
1771110405932,0.016360700130462646,0.2299814224243164,0.5449619293212891,3
1771110406049,0.009862303733825684,-0.11745262145996094,0.37905192375183105,3
1771110406187,-0.20713505148887634,-0.24956321716308594,0.11041879653930664,3
1771110406264,0.7316166162490845,0.31150054931640625,0.16073846817016602,3
1771110406381,0.3447631001472473,-0.19120216369628906,-0.4726543426513672,3
1771110406484,-0.13604874908924103,0.38115692138671875,0.021184682846069336,3
1771110406597,0.3021080493927002,0.20598793029785156,0.6413793563842773,3
1771110406702,0.2992986738681793,-0.013592720031738281,0.13166403770446777,3
1771110406806,0.3033950626850128,-0.17344188690185547,-0.3610877990722656,3
1771110406916,-0.22388722002506256,-0.2114543914794922,-0.6276342868804932,3
1771110407031,0.5047404766082764,-0.001224517822265625,0.46813011169433594,3
1771110407149,0.02072674036026001,-0.12604713439941406,-0.030669212341308594,3
1771110407272,0.022826015949249268,0.09001445770263672,0.15354394912719727,3
1771110407367,0.36987727880477905,0.08232879638671875,0.5432736873626709,3
1771110407470,0.20954087376594543,-0.4755239486694336,0.8499467372894287,3
1771110407583,0.2846313416957855,0.18238162994384766,0.7790439128875732,3
1771110407700,0.5847609043121338,-0.4163331985473633,0.3211371898651123,3
1771110407816,0.1862325668334961,-0.19889259338378906,0.7344086170196533,3
1771110407933,-0.3479524552822113,-0.09756278991699219,0.24725651741027832,3
1771110408049,0.10576459765434265,0.069976806640625,0.6876215934753418,3
1771110408167,0.06416484713554382,-0.0717020034790039,-0.5210402011871338,3
1771110408283,0.3802639842033386,0.21909713745117188,0.27761149406433105,3
1771110408401,-0.24558649957180023,0.0025424957275390625,-0.2821016311645508,3
1771110408502,-0.06378626823425293,-0.4086894989013672,0.23331189155578613,3
1771110408620,0.22061577439308167,0.3428030014038086,1.2892804145812988,3
1771110408719,0.3528467118740082,0.08363723754882812,0.3585245609283447,3
1771110408828,-0.09937179088592529,-0.1716136932373047,0.18736863136291504,3
1771110408934,0.05882945656776428,0.2938728332519531,-0.25797462463378906,3
1771110409052,-0.3173874020576477,-0.08648204803466797,-0.6018595695495605,3
1771110409192,0.012336254119873047,0.24326801300048828,-0.31018900871276855,3
1771110409270,-0.03301048278808594,0.39718055725097656,0.11312246322631836,3
1771110409385,0.04915565252304077,0.16926193237304688,-0.0627739429473877,3
1771110409503,0.01966482400894165,0.2301025390625,-0.21234130859375,3
1771110409607,-0.30098357796669006,0.0842123031616211,0.13757038116455078,3
1771110409720,-0.04218602180480957,0.13006877899169922,-0.34238314628601074,3
1771110409837,0.02118968963623047,-0.03830528259277344,-0.4117870330810547,3
1771110409953,0.14190876483917236,-0.11984539031982422,-0.3043477535247803,3
1771110410071,0.14780059456825256,0.049205780029296875,0.2992439270019531,3
1771110410188,-0.21836701035499573,0.16411781311035156,-0.30821704864501953,3
1771110410304,0.048606157302856445,0.07466506958007812,-0.02743220329284668,3
1771110410422,-0.1749616265296936,0.009469985961914062,-0.5433914661407471,3
1771110410538,-0.22951246798038483,0.1512775421142578,-0.3904860019683838,3
1771110410658,-0.2620929777622223,0.1292724609375,-0.3934297561645508,3
1771110410799,-0.4189831018447876,0.061496734619140625,-0.5284895896911621,3
1771110410873,0.21555593609809875,0.05489540100097656,0.06582427024841309,3
1771110410990,-0.3538132607936859,-0.08012104034423828,-0.5508894920349121,3
1771110411090,0.157615065574646,0.1452474594116211,-0.12026786804199219,3
1771110411224,0.21809333562850952,0.2126302719116211,-0.4685482978820801,3
1771110411341,0.40465083718299866,0.0847921371459961,0.1597442626953125,3
1771110411455,0.34422892332077026,-0.10496330261230469,-0.4236106872558594,3
1771110411557,-0.21336841583251953,0.07598018646240234,-0.3196136951446533,3
1771110411675,-0.3706391453742981,0.16735458374023438,0.24877214431762695,3
1771110411791,-0.5215850472450256,-0.033768653869628906,-0.05863380432128906,3
1771110411908,-0.519314169883728,0.06921195983886719,-0.1737658977508545,3
1771110412007,0.16431215405464172,0.06011009216308594,-0.009258747100830078,3
1771110412111,0.6937392950057983,0.0025634765625,-0.16590213775634766,3
1771110412225,0.29015791416168213,0.13010311126708984,-0.24830031394958496,3
1771110412343,0.6009210348129272,-0.03411579132080078,-0.3160858154296875,3
1771110412445,-0.63792884349823,0.3523540496826172,-0.14298605918884277,3
1771110412558,-0.0014913678169250488,-0.06676673889160156,-0.024123668670654297,3
1771110412675,0.5458070039749146,0.10711956024169922,0.18917322158813477,3
1771110412801,0.7902332544326782,-0.21271800994873047,0.26590633392333984,3
1771110412892,0.19377222657203674,0.08776187896728516,0.23258161544799805,3
1771110413008,0.5420437455177307,0.23456478118896484,-0.5457098484039307,3
1771110413108,-0.9747400879859924,0.02883434295654297,-0.5829271078109741,3
1771110413226,0.7726292014122009,0.2756977081298828,0.21762943267822266,3
1771110413327,-0.8139275312423706,0.042227745056152344,-0.4387383460998535,3
1771110413446,-0.6713825464248657,0.2170429229736328,-0.1725623607635498,3
1771110413559,0.9165586829185486,0.16704845428466797,-0.026534318923950195,3
1771110413678,0.7710015773773193,0.09519481658935547,-0.20141315460205078,3
1771110413795,0.556508481502533,0.18265724182128906,-0.021194934844970703,3
1771110413893,0.45605409145355225,0.017993927001953125,0.23859000205993652,3
1771110414011,0.0777929276227951,0.0697488784790039,-0.033005714416503906,3
1771110414129,-0.22506916522979736,0.12611770629882812,-0.061118125915527344,3
1771110414228,0.050571516156196594,-0.17214298248291016,-0.17876672744750977,3
1771110414343,-0.30566367506980896,-0.05407142639160156,-0.2313699722290039,3
1771110414444,0.11542220413684845,0.1470623016357422,-0.17956042289733887,3
1771110414561,0.4020256996154785,0.08324527740478516,0.03123927116394043,3
1771110414679,0.16866125166416168,0.09396934509277344,0.09660959243774414,3
1771110414807,0.04993952810764313,0.17189407348632812,-0.3167315721511841,3
1771110414895,0.14173442125320435,0.0074710845947265625,-0.4198697805404663,3
1771110415017,-0.15149065852165222,0.11337947845458984,-0.5206301212310791,3
1771110415127,0.05640001595020294,0.06099224090576172,0.1501624584197998,3
1771110415228,0.17036569118499756,0.18377208709716797,-0.17419719696044922,3
1771110415344,0.04568794369697571,0.2306499481201172,-0.44623637199401855,3
1771110415448,0.08465665578842163,-0.13191509246826172,0.10000205039978027,3
1771110415563,-0.028437934815883636,-0.1349048614501953,0.24606871604919434,3
1771110415680,0.21227394044399261,0.10880088806152344,0.17705869674682617,3
1771110415797,-0.1103348433971405,-0.07947731018066406,-0.1937861442565918,3
1771110415912,0.32518500089645386,0.09790515899658203,0.7272160053253174,3
1771110416030,0.05130603909492493,0.0861196517944336,0.11266922950744629,3
1771110416145,0.22434917092323303,0.24954891204833984,0.15514111518859863,3
1771110416250,0.15390732884407043,-0.04952239990234375,0.10736250877380371,3
1771110416365,0.12195418775081635,-0.006267547607421875,0.3801310062408447,3
1771110416481,-0.08386179804801941,-0.13324832916259766,-0.5435948371887207,3
1771110416597,0.07184064388275146,0.1558704376220703,0.3936793804168701,3
1771110416715,-0.15629692375659943,0.1399555206298828,-0.2596855163574219,3
1771110416838,0.2801375985145569,0.1632404327392578,-0.1328728199005127,3
1771110416932,0.16857466101646423,0.08789730072021484,0.29086971282958984,3
1771110417050,-0.30075788497924805,0.009812355041503906,-0.3865821361541748,3
1771110417196,0.25935056805610657,-0.03371906280517578,0.4906952381134033,3
1771110417282,-0.13719025254249573,0.1511373519897461,-0.28117144107818604,3
1771110417386,0.16243211925029755,0.10377025604248047,0.16039609909057617,3
1771110417499,0.3740413188934326,-0.029512405395507812,0.18748021125793457,3
1771110417601,0.08173421770334244,0.07032585144042969,-0.040047407150268555,3
1771110417720,0.14764441549777985,0.032683372497558594,0.1413557529449463,3
1771110417833,0.043538033962249756,0.03357505798339844,-0.24271106719970703,3
1771110417936,-0.08222894370555878,0.19967079162597656,0.11552143096923828,3
1771110418049,-0.2586134076118469,-0.13689041137695312,-0.4045034646987915,3
1771110418168,0.15117457509040833,0.08597564697265625,-0.02376699447631836,3
1771110418285,0.12231530994176865,-0.013851165771484375,0.0816035270690918,3
1771110418400,-0.058748021721839905,0.350799560546875,0.09502792358398438,3
1771110418519,-0.2750544548034668,-0.09882926940917969,-0.3993654251098633,3
1771110418633,0.0460691973567009,0.12254142761230469,-0.05374407768249512,3
1771110418735,0.07721836864948273,-0.06119060516357422,-0.23107051849365234,3
1771110418854,-0.3604225516319275,-0.006195068359375,-0.1763150691986084,3
1771110418969,-0.01768609881401062,-0.016065597534179688,-0.1902625560760498,3
1771110419083,0.008887000381946564,-0.0607147216796875,-0.01239013671875,3
1771110419187,-0.07734227180480957,0.1474628448486328,-0.09358882904052734,3
1771110419302,0.3565099835395813,0.052809715270996094,0.4529304504394531,3
1771110419403,0.08339715003967285,0.1608419418334961,0.10010480880737305,3
1771110419520,-0.04374837130308151,0.10687255859375,-0.6200994253158569,3
1771110419620,-0.17675474286079407,0.038146018981933594,-0.33591723442077637,3
1771110419739,-0.025132201611995697,-0.03853416442871094,0.07491087913513184,3
1771110419854,0.07247492671012878,-0.08228683471679688,-0.3447294235229492,3
1771110419972,0.16383568942546844,-0.15967845916748047,0.16370320320129395,3
1771110420088,-0.39976292848587036,-0.19848251342773438,-0.3667616844177246,3
1771110420225,-0.13227345049381256,0.46900177001953125,0.007972955703735352,3
1771110420337,0.3375334143638611,-0.15132808685302734,0.2380378246307373,3
1771110420437,-0.13781845569610596,0.2125997543334961,-0.36943042278289795,3
1771110420555,-0.038820818066596985,0.07836532592773438,0.04891538619995117,3
1771110420671,0.030718296766281128,0.3260536193847656,0.40862369537353516,3
1771110420814,0.010456770658493042,0.04908466339111328,0.20132184028625488,3
1771110420905,0.04188375174999237,-0.07810688018798828,0.1464827060699463,3
1771110421025,0.037204742431640625,0.20243167877197266,0.18315744400024414,3
1771110421141,0.34069913625717163,-0.03226947784423828,0.6108760833740234,3
1771110421256,-0.24155887961387634,-0.18963050842285156,-0.24327921867370605,3
1771110421373,0.5167100429534912,0.2032337188720703,0.42301177978515625,3
1771110421488,-0.03963150084018707,-0.3590078353881836,-0.44689130783081055,3
1771110421589,-0.04649616777896881,0.07590866088867188,-0.3010737895965576,3
1771110421708,0.2745054364204407,0.042507171630859375,0.10750460624694824,3
1771110421822,-0.11352741718292236,0.0672445297241211,-0.25427961349487305,3
1771110421924,0.07401596009731293,-0.05307483673095703,-0.3806476593017578,3
1771110422041,-0.3473282754421234,0.12955951690673828,-0.4368189573287964,3
1771110422158,0.2076852023601532,0.3743762969970703,0.6260483264923096,3
1771110422275,-0.13845321536064148,0.11347103118896484,-0.06403613090515137,3
1771110422391,0.22070783376693726,0.09018898010253906,0.3953115940093994,3
1771110422506,0.11980769038200378,-0.044437408447265625,0.1354198455810547,3
1771110422624,0.2627294361591339,-0.16418838500976562,0.2817375659942627,3
1771110422744,-0.3181993365287781,0.006768226623535156,-0.44377124309539795,3
1771110422859,-0.10993000119924545,0.05290031433105469,-0.4686872959136963,3
1771110422959,0.0590636283159256,0.029237747192382812,-0.14801812171936035,3
1771110423065,-0.023874878883361816,-0.0330657958984375,-0.12893342971801758,3
1771110423191,-0.05694068968296051,-0.19295787811279297,-0.08735466003417969,3
1771110423293,-0.05598399043083191,0.16710758209228516,-0.06640124320983887,3
1771110423409,-0.0437442809343338,-0.15620708465576172,-0.14916586875915527,3
1771110423526,-0.1471225768327713,-0.0023298263549804688,-0.1290874481201172,3
1771110423629,-0.2612687945365906,0.0891580581665039,-0.20226430892944336,3
1771110423744,0.13176578283309937,-0.2690773010253906,-0.10187077522277832,3
1771110423859,-0.23218472301959991,0.032517433166503906,-0.7288132905960083,3
1771110423960,-0.13710834085941315,0.1498851776123047,-0.2813286781311035,3
1771110424076,0.252307653427124,0.07422065734863281,0.40365052223205566,3
1771110424196,-0.3026719093322754,0.009450912475585938,-0.20520830154418945,3
1771110424311,0.1357502043247223,-0.11402416229248047,-0.013017416000366211,3
1771110424428,-0.09744936972856522,0.08061504364013672,-0.14628958702087402,3
1771110424548,-0.20245544612407684,0.05929088592529297,0.15009808540344238,3
1771110424661,-0.0820435881614685,-0.11177253723144531,-0.6259591579437256,3
1771110424805,-0.42767834663391113,-0.12405681610107422,-0.1720569133758545,3
1771110424879,-0.029051154851913452,0.0026769638061523438,0.36293745040893555,3
1771110424997,0.19482797384262085,0.1293783187866211,-0.04591178894042969,3
1771110425112,-0.039311185479164124,-0.037975311279296875,-0.23609137535095215,3
1771110425215,-0.2328948676586151,0.037006378173828125,-0.11407089233398438,3
1771110425328,0.002377033233642578,0.19739627838134766,-0.05043435096740723,3
1771110425428,-0.27505338191986084,-0.0960397720336914,-0.048073768615722656,3
1771110425545,-0.005278274416923523,-0.08287906646728516,-0.5918295383453369,3
1771110425646,0.43696096539497375,0.035172462463378906,0.4586918354034424,3
1771110425765,-0.09532105922698975,0.016355514526367188,0.4067823886871338,3
1771110425884,0.21028243005275726,0.15692710876464844,0.5584471225738525,3
1771110425995,-0.10018068552017212,0.19479656219482422,0.14486932754516602,3
1771110426112,0.17897732555866241,0.2490072250366211,0.44409871101379395,3
1771110426237,-0.0003054589033126831,-0.07695388793945312,0.18730640411376953,3
1771110426346,-0.014722585678100586,-0.17196369171142578,0.019731521606445312,3
1771110426464,0.19158367812633514,0.3327293395996094,0.38621997833251953,3
1771110426581,-0.32697200775146484,0.00010013580322265625,-0.3983621597290039,3
1771110426698,-0.06739604473114014,0.17416763305664062,-0.09964680671691895,3
1771110426885,-0.1785697191953659,-0.25281429290771484,-0.4914987087249756,3
1771110426932,0.019603684544563293,0.31144142150878906,0.435955286026001,3
1771110427033,-0.23413947224617004,-0.10008430480957031,-0.07265138626098633,3
1771110427133,0.12435150146484375,0.0015811920166015625,-0.1745615005493164,3
1771110427248,0.1766221672296524,0.1266469955444336,0.5472664833068848,3
1771110427365,-0.22116562724113464,-0.18528366088867188,0.2260420322418213,3
1771110427483,0.244088277220726,0.1360158920288086,0.4092276096343994,3
1771110427587,0.38988375663757324,-0.17204666137695312,0.2886357307434082,3
1771110427700,-0.1346748173236847,-0.04860210418701172,0.0014541149139404297,3
1771110427810,0.2863948345184326,0.06318187713623047,0.32283735275268555,3
1771110427916,0.19977271556854248,-0.022199630737304688,0.28547167778015137,3
1771110428018,0.017920613288879395,0.06960678100585938,0.047891855239868164,3
1771110428133,-0.04890395700931549,0.06932735443115234,-0.21800971031188965,3
1771110428254,-0.04980260133743286,0.2789640426635742,-0.21796703338623047,3
1771110428367,0.16663843393325806,0.14757442474365234,-0.1549232006072998,3
1771110428486,-0.20583881437778473,0.11487483978271484,-0.049321651458740234,3
1771110428602,-0.20213167369365692,0.19435882568359375,-0.052680253982543945,3
1771110428717,-0.09379842877388,-0.1960430145263672,-0.5806772708892822,3
1771110428834,0.16821081936359406,0.32082080841064453,0.516632080078125,3
1771110428952,0.20474450290203094,0.11505889892578125,0.5618886947631836,3
1771110429055,-0.13315191864967346,0.21819305419921875,-0.26797378063201904,3
1771110429256,-0.09712058305740356,-0.08730411529541016,-0.9738506078720093,3
1771110429287,-0.21755951642990112,-0.013082504272460938,-0.09927868843078613,3
1771110429386,0.047375619411468506,0.22107505798339844,0.2161719799041748,3
1771110429502,0.03734004497528076,-0.21979141235351562,-0.26295900344848633,3
1771110429618,0.07981818914413452,0.5543603897094727,0.26060938835144043,3
1771110429721,-0.05036541819572449,-0.008805274963378906,0.1660289764404297,3
1771110429836,0.08142641186714172,0.18373966217041016,-0.13698792457580566,3
1771110429954,0.20040078461170197,0.18939590454101562,0.3304293155670166,3
1771110430071,-0.10818855464458466,-0.38059520721435547,-0.611713171005249,3
1771110430186,0.06955745816230774,0.4836769104003906,0.5600056648254395,3
1771110430287,-0.1165291965007782,-0.3652915954589844,-0.26680946350097656,3
1771110430403,0.0022021234035491943,0.0209503173828125,0.44954705238342285,3
1771110430503,-0.09050406515598297,0.18692874908447266,-0.6408921480178833,3
1771110430622,0.09658418595790863,0.151092529296875,-0.044118642807006836,3
1771110430721,-0.033051177859306335,0.1943044662475586,0.6156513690948486,3
1771110430823,-0.28360915184020996,-0.23670482635498047,-0.04189109802246094,3
1771110430940,-0.21942506730556488,-0.22066974639892578,0.002813577651977539,3
1771110431055,0.19725197553634644,0.07050514221191406,0.12085103988647461,3
1771110431174,0.009491145610809326,0.16916942596435547,-0.17446470260620117,3
1771110431275,-0.15795911848545074,-0.4904804229736328,0.6321315765380859,3
1771110431389,0.33056363463401794,-0.05711936950683594,-0.01571178436279297,3
1771110431505,0.6610275506973267,0.03882598876953125,1.0722746849060059,3
1771110431605,-0.41007906198501587,-0.3455791473388672,0.38289523124694824,3
1771110431725,0.04949679970741272,0.14914226531982422,0.2863759994506836,3
1771110431823,0.05956616997718811,0.2468280792236328,-0.3783900737762451,3
1771110431926,-0.10152673721313477,0.3854837417602539,0.172926664352417,3
1771110432040,0.0753803551197052,0.2065877914428711,-0.2859039306640625,3
1771110432142,-0.22803227603435516,-0.3595914840698242,0.2809915542602539,3
1771110432261,0.1328323632478714,-0.14419269561767578,0.5373530387878418,3
1771110432373,0.08921903371810913,-0.26693153381347656,0.20236515998840332,3
1771110432493,0.07859855890274048,-0.3986520767211914,0.246201753616333,3
1771110432606,-0.024078041315078735,0.1229848861694336,0.23131585121154785,3
1771110432709,-0.24763545393943787,-0.3618659973144531,0.09079551696777344,3
1771110432837,-0.251046359539032,0.11721992492675781,0.10007596015930176,3
1771110432941,0.02620556950569153,-0.4066619873046875,0.11399388313293457,3
1771110433056,-0.11626258492469788,0.03577423095703125,0.31934165954589844,3
1771110433157,-0.24328508973121643,0.09838485717773438,-0.5594576597213745,3
1771110433284,0.16093337535858154,-0.10662651062011719,0.14456701278686523,3
1771110433395,-0.4655836522579193,-0.04819011688232422,-0.24141955375671387,3
1771110433509,0.006911799311637878,-0.003734588623046875,0.12147641181945801,3
1771110433626,0.2729842960834503,0.1214151382446289,-0.0005106925964355469,3
1771110433727,0.18535959720611572,0.07196712493896484,-0.07026815414428711,3
1771110433841,-0.2159658968448639,-0.09368705749511719,0.43887996673583984,3
1771110433959,-0.16493140161037445,-0.15381240844726562,0.2405562400817871,3
1771110434081,0.20554296672344208,0.15623950958251953,-0.12710046768188477,3
1771110434178,0.225729838013649,-0.12084579467773438,0.5051259994506836,3
1771110434292,-0.18031644821166992,-0.20037174224853516,-0.3522050380706787,3
1771110434396,0.13964445888996124,0.05847740173339844,0.2948334217071533,3
1771110434515,0.09001712501049042,-0.17987537384033203,0.1061391830444336,3
1771110434628,0.033328503370285034,0.050685882568359375,0.05130887031555176,3
1771110434745,-0.293612539768219,0.08164215087890625,-0.004742622375488281,3
1771110434844,0.11989820003509521,-0.10872650146484375,0.009790182113647461,3
1771110434964,0.025648191571235657,-0.057518959045410156,0.2528223991394043,3
1771110435060,0.2038099467754364,0.6710567474365234,-0.2813985347747803,3
1771110435210,-0.11813029646873474,-0.6838264465332031,-0.17261123657226562,3
1771110435277,0.009524524211883545,0.17993450164794922,0.6905548572540283,3
1771110435394,-0.3497123122215271,-0.053322792053222656,-0.027754545211791992,3
1771110435496,0.4597604274749756,-0.1421833038330078,0.5923004150390625,3
1771110435619,-0.008660048246383667,-0.3625965118408203,0.3293027877807617,3
1771110435728,-0.1559094339609146,-0.5318193435668945,0.4006173610687256,3
1771110435846,0.04498597979545593,-0.22352886199951172,0.9478933811187744,3
1771110435962,0.1282176524400711,-0.1806964874267578,0.6704583168029785,3
1771110436083,0.1688171923160553,-0.11649799346923828,0.5457379817962646,3
1771110436195,0.039858877658843994,-0.022139549255371094,0.2775893211364746,3
1771110436314,-0.0355762243270874,-0.01932811737060547,0.12249469757080078,3
1771110436430,-0.159410297870636,-0.010727882385253906,-0.11474323272705078,3
1771110436532,-0.03866104781627655,0.16711807250976562,0.03999686241149902,3
1771110436634,-0.36845213174819946,-0.21062278747558594,-0.6861894130706787,3
1771110436747,0.16333085298538208,0.43660831451416016,0.17279434204101562,3
1771110436864,0.28847646713256836,0.14696216583251953,0.37224388122558594,3
1771110436966,0.06104889512062073,0.0010747909545898438,0.2743706703186035,3
1771110437088,-0.016348913311958313,0.3235483169555664,0.060556650161743164,3
1771110437202,-0.22591117024421692,-0.2141876220703125,-0.3867473602294922,3
1771110437299,-0.3202947974205017,0.020409584045410156,-0.10486745834350586,3
1771110437416,-0.08512172847986221,-0.09506893157958984,-0.24226689338684082,3
1771110437515,-0.04136072099208832,0.20403003692626953,-0.018587112426757812,3
1771110437632,0.18433251976966858,-0.03941535949707031,-0.03834891319274902,3
1771110437732,0.02560959756374359,0.016043663024902344,0.0544133186340332,3
1771110437852,-0.1597859114408493,0.3290719985961914,-0.0590362548828125,3
1771110437965,0.12983280420303345,0.03159523010253906,-0.15255308151245117,3
1771110438085,-0.18447932600975037,-0.2049703598022461,0.022890806198120117,3
1771110438198,0.09072338044643402,-0.05451393127441406,0.368990421295166,3
1771110438315,-0.08724747598171234,-0.00667572021484375,0.5184998512268066,3
1771110438432,-0.04326833784580231,0.051133155822753906,-0.6497592926025391,3
1771110438533,-0.09826145321130753,0.11969184875488281,-0.013329267501831055,3
1771110438636,-0.2187459021806717,-0.18340206146240234,-0.3136777877807617,3
1771110438750,0.33454129099845886,0.21330738067626953,0.055960655212402344,3
1771110438867,-0.02781490981578827,0.004764556884765625,-0.5187573432922363,3
1771110438969,0.18384471535682678,0.02002429962158203,0.18685460090637207,3
1771110439083,-0.43708306550979614,0.3382444381713867,0.07697820663452148,3
1771110439202,0.017191767692565918,-0.20892906188964844,-0.2281036376953125,3
1771110439318,-0.16858816146850586,0.014043807983398438,-0.12165451049804688,3
1771110439436,-0.06461548805236816,0.07857608795166016,-0.09301090240478516,3
1771110439539,0.12854956090450287,-0.1297464370727539,-0.39021778106689453,3
1771110439652,0.10779592394828796,0.70245361328125,0.07428932189941406,3
1771110439769,-0.013735204935073853,0.21817874908447266,-0.595329761505127,3
1771110439885,-0.28639304637908936,0.11309337615966797,-0.6752030849456787,3
1771110439986,0.04900828003883362,0.2773151397705078,-0.1358492374420166,3
1771110440102,-0.18667437136173248,-0.15143489837646484,-0.4521160125732422,3
1771110440222,-0.11029461026191711,0.2519979476928711,-0.48771655559539795,3
1771110440338,0.09248460829257965,0.14177894592285156,0.003300189971923828,3
1771110440455,-0.11451387405395508,0.2670145034790039,-0.4266231060028076,3
1771110440571,0.04739157855510712,0.30184364318847656,0.052367448806762695,3
1771110440687,-0.4300113320350647,-0.13510417938232422,0.009836435317993164,3
1771110440834,0.21786336600780487,0.36440563201904297,-0.15271997451782227,3
1771110440920,0.19538505375385284,-0.030391693115234375,-0.10098862648010254,3
1771110441022,-0.24259501695632935,-0.04724693298339844,-0.7891476154327393,3
1771110441138,0.20365968346595764,0.07845401763916016,0.4153040647506714,3
1771110441239,0.19707469642162323,0.023430824279785156,0.9737621545791626,3
1771110441357,-0.0987967699766159,-0.3949546813964844,-0.033977508544921875,3
1771110441473,0.43371954560279846,-0.04466819763183594,1.0130183696746826,3
1771110441589,0.00019819289445877075,-0.4633951187133789,0.28730881214141846,3
1771110441705,-0.2120947688817978,-0.06523895263671875,0.3436974287033081,3
1771110441849,0.32697397470474243,0.0892629623413086,-0.07994258403778076,3
1771110441926,0.07013409584760666,0.11055660247802734,0.4112818241119385,3
1771110442039,-0.10889089852571487,-0.03959369659423828,0.15267419815063477,3
1771110442183,0.34634560346603394,0.041808128356933594,0.44404006004333496,3
1771110442258,0.17428557574748993,-0.2764320373535156,-0.12511658668518066,3
1771110442373,0.18773752450942993,0.07512474060058594,0.2999892234802246,3
1771110442491,0.36215323209762573,0.00032520294189453125,0.7060823440551758,3
1771110442607,0.3306439518928528,-0.2130279541015625,0.7183682918548584,3
1771110442725,0.355649471282959,0.0016584396362304688,0.552741289138794,3
1771110442841,-0.038585323840379715,-0.427337646484375,0.15452265739440918,3
1771110442956,0.04333994537591934,0.000133514404296875,0.450286865234375,3
1771110443057,-0.15923237800598145,-0.1438922882080078,-0.3909335136413574,3
1771110443174,0.25430768728256226,0.10163307189941406,-0.19882988929748535,3
1771110443292,-0.07729485630989075,-0.08568096160888672,-0.02271556854248047,3
1771110443408,0.3795178234577179,0.6211032867431641,0.6082301139831543,3
1771110443525,0.1316249668598175,-0.32465362548828125,-0.35836803913116455,3
1771110443646,-0.16066457331180573,0.16753387451171875,0.09326934814453125,3
1771110443760,-0.08760102838277817,-0.0896615982055664,-0.1411271095275879,3
1771110443877,0.0247843936085701,0.10682964324951172,-0.15517354011535645,3
1771110443993,0.07334696501493454,0.15878868103027344,0.04560065269470215,3
1771110444109,-0.006731688976287842,-0.15459823608398438,-0.19332921504974365,3
1771110444243,-0.07541356235742569,0.15035438537597656,-0.10526299476623535,3
1771110444343,-0.06658506393432617,0.23029518127441406,-0.6144622564315796,3
1771110444462,-0.05053868889808655,0.037731170654296875,-0.8553376197814941,3
1771110444576,-0.19637203216552734,0.05669975280761719,-0.2555001974105835,3
1771110444694,-0.27636682987213135,0.020430564880371094,-0.6203552484512329,3
1771110444844,0.0014288797974586487,-0.1444683074951172,-0.6346349716186523,3
1771110444930,0.013895176351070404,0.33377742767333984,0.014714241027832031,3
1771110445027,0.023698635399341583,1.9073486328125e-06,-0.12305140495300293,3
1771110445145,-0.04853397235274315,0.10678863525390625,-0.2885763645172119,3
1771110445262,-0.17189988493919373,0.09832954406738281,-0.12199234962463379,3
1771110445378,-0.03151550143957138,-0.22739601135253906,-0.2379845380783081,3
1771110445497,0.09221281111240387,0.14928340911865234,0.3420131206512451,3
1771110445604,-0.06480372697114944,-0.3621683120727539,0.040513038635253906,3
1771110445712,0.2633737325668335,-0.055174827575683594,0.168290376663208,3
1771110445862,-0.05898458883166313,0.04790306091308594,-0.15447497367858887,3
1771110445950,-0.11383410543203354,-0.08907413482666016,0.1916496753692627,3
1771110446064,-0.1519736349582672,-0.1312103271484375,0.518843412399292,3
1771110446240,0.263090044260025,-0.14264678955078125,0.02135300636291504,3
1771110446289,0.12239434570074081,-0.05229377746582031,-0.317676305770874,3
1771110446397,-0.011350423097610474,0.2941627502441406,0.2530179023742676,3
1771110446497,0.015610143542289734,-0.033333778381347656,0.12013125419616699,3
1771110446618,-0.06769801676273346,-0.19587421417236328,-0.030315637588500977,3
1771110446731,-0.1617966592311859,-0.07078361511230469,-0.07091236114501953,3
1771110446847,0.11794514954090118,0.014434814453125,0.53861403465271,3
1771110446965,-0.0035560354590415955,-0.21803665161132812,-0.22274470329284668,3
1771110447088,-0.085603266954422,-0.27633190155029297,0.13727498054504395,3
1771110447199,0.04757082462310791,-0.14670085906982422,0.18970918655395508,3
1771110447316,-0.03567827120423317,0.2682838439941406,0.1352851390838623,3
1771110447434,-0.01797962188720703,-0.11041927337646484,0.10958099365234375,3
1771110447548,-0.14346958696842194,0.22844982147216797,-0.0970144271850586,3
1771110447665,-0.28189024329185486,0.027956008911132812,-0.3094637393951416,3
1771110447782,0.12633094191551208,-0.08442974090576172,0.7446339130401611,3
1771110447883,0.03761952370405197,-0.1618185043334961,0.2580552101135254,3
1771110448000,0.017931967973709106,-0.04041099548339844,0.1475069522857666,3
1771110448103,-0.1310736984014511,0.18915176391601562,-0.01607036590576172,3
1771110448218,0.014568492770195007,-0.1911001205444336,-0.2678189277648926,3
1771110448333,0.13549362123012543,0.04540729522705078,-0.2539398670196533,3
1771110448452,0.013096779584884644,0.08405685424804688,0.05859971046447754,3
1771110448566,0.07935948669910431,-0.007735252380371094,-0.028997182846069336,3
1771110448683,0.11939531564712524,-0.16709423065185547,-0.12164640426635742,3
1771110448785,-0.040750373154878616,-0.08407783508300781,0.6356515884399414,3
1771110448899,0.003731243312358856,-0.35977935791015625,0.5684299468994141,3
1771110449018,-0.06957489252090454,0.1857318878173828,-0.1466667652130127,3
1771110449133,0.14393211901187897,0.18157958984375,0.34148526191711426,3
1771110449238,0.3143199682235718,-0.18260765075683594,-0.2703883647918701,3
1771110449356,-0.23963774740695953,0.2931814193725586,-0.4998955726623535,3
1771110449470,0.21555830538272858,0.13010406494140625,0.01814746856689453,3
1771110449584,0.39126208424568176,0.08989238739013672,-0.010203838348388672,3
1771110449685,-0.16991564631462097,-0.25770092010498047,0.3655555248260498,3
1771110449802,0.13402679562568665,-0.27635860443115234,-0.2508866786956787,3
1771110449921,0.12464667111635208,-0.06229972839355469,-0.17368483543395996,3
1771110450041,0.29739317297935486,-0.2578153610229492,0.5658597946166992,3
1771110450194,-0.26856496930122375,-0.017625808715820312,-0.9024441242218018,3
1771110450271,0.463902086019516,0.2656431198120117,0.29110074043273926,3
1771110450387,0.3940178155899048,0.2184123992919922,-0.07989048957824707,3
1771110450503,0.10411809384822845,-0.06864070892333984,0.07405972480773926,3
1771110450603,-0.24871186912059784,0.3608217239379883,-0.22110295295715332,3
1771110450720,0.3524647057056427,-0.09276008605957031,0.6587560176849365,3
1771110450850,0.20373965799808502,0.3371467590332031,-0.42813897132873535,3
1771110450938,-0.283862441778183,-0.1725444793701172,-0.21636223793029785,3
1771110451059,-0.28492122888565063,0.05930614471435547,0.4630727767944336,3
1771110451172,0.0734642744064331,0.1862010955810547,-0.7940133810043335,3
1771110451290,0.15893670916557312,0.1748676300048828,-0.5503677129745483,3
1771110451405,-0.19746582210063934,0.2956562042236328,-0.267991304397583,3
1771110451506,-0.062055088579654694,-0.046237945556640625,-0.15382838249206543,3
1771110451624,0.08276163041591644,0.36636829376220703,0.3230457305908203,3
1771110451741,0.13637514412403107,-0.26491641998291016,0.05864286422729492,3
1771110451862,-0.3322597146034241,0.24892044067382812,-0.48667454719543457,3
1771110451956,-0.10174218565225601,0.22821521759033203,0.04278445243835449,3
1771110452057,0.04146414250135422,0.5096673965454102,0.24049043655395508,3
1771110452194,-0.05346041917800903,-0.4401426315307617,0.6057484149932861,3
1771110452293,0.03646518290042877,0.7448005676269531,-0.23295092582702637,3
1771110452407,0.3411668539047241,0.39210987091064453,0.049041032791137695,3
1771110452523,0.046748075634241104,0.4909811019897461,-0.31461966037750244,3
1771110452625,-0.28319260478019714,0.0726470947265625,0.09315252304077148,3
1771110452739,0.0023388443514704704,0.07684612274169922,-0.19351601600646973,3
1771110452857,0.08197708427906036,0.018817901611328125,0.04458737373352051,3
1771110452973,-0.18844208121299744,-0.04565620422363281,-0.10635852813720703,3
1771110453076,0.02858031913638115,-0.0019235610961914062,0.11916995048522949,3
1771110453177,-0.043662481009960175,0.42115116119384766,-0.47668206691741943,3
1771110453292,0.04346638172864914,0.1401386260986328,-0.4177839756011963,3
1771110453409,0.014758840203285217,0.7169189453125,-0.20938444137573242,3
1771110453524,0.05345875024795532,0.23047161102294922,0.12961387634277344,3
1771110453641,-0.036815643310546875,0.4693641662597656,-0.5711305141448975,3
1771110453741,0.1139429360628128,0.030297279357910156,0.05622744560241699,3
1771110453862,-0.06484381854534149,0.1573038101196289,0.48440074920654297,3
1771110453976,0.12277907133102417,-0.3138427734375,0.6585273742675781,3
1771110454092,0.39595794677734375,-0.045981407165527344,0.7215297222137451,3
1771110454208,-0.41869106888771057,-0.20250892639160156,-0.28475332260131836,3
1771110454308,-0.22846199572086334,-0.24836444854736328,0.48102259635925293,3
1771110454428,0.00776459276676178,-0.2264566421508789,-0.423071026802063,3
1771110454542,0.02815212681889534,-0.17703819274902344,0.043068885803222656,3
1771110454659,0.07801108062267303,0.13182926177978516,-0.10257458686828613,3
1771110454776,0.039777398109436035,-0.17909908294677734,0.3122727870941162,3
1771110454896,0.09717448800802231,0.044986724853515625,0.15406417846679688,3
1771110455010,-0.04230485111474991,-0.3050718307495117,0.618818998336792,3
1771110455115,-0.04606745392084122,-0.02198028564453125,0.09114217758178711,3
1771110455227,0.16231340169906616,0.3376646041870117,-0.0015521049499511719,3
1771110455345,0.09117115288972855,-0.026350021362304688,0.04237222671508789,3
1771110455460,-0.1712077558040619,0.12327003479003906,0.036438941955566406,3
1771110455579,0.09193293005228043,0.28227996826171875,0.33469533920288086,3
1771110455695,0.1851833462715149,-0.1615886688232422,0.025786399841308594,3
1771110455814,0.0855359137058258,0.5836601257324219,0.14121556282043457,3
1771110455928,0.11505883932113647,0.08614826202392578,-0.214385986328125,3
1771110456044,0.015228457748889923,0.5244884490966797,0.14954280853271484,3
1771110456168,-0.09040193259716034,0.3282346725463867,-0.4164550304412842,3
1771110456279,0.03664194792509079,0.19450855255126953,-0.3414456844329834,3
1771110456394,-0.007631633430719376,0.6011037826538086,-0.26484203338623047,3
1771110456496,-0.007794097065925598,-0.41780948638916016,-0.3840301036834717,3
1771110456612,0.1679547131061554,0.35408782958984375,0.39356493949890137,3
1771110456730,-0.15060466527938843,0.011347770690917969,-0.33402347564697266,3
1771110456877,-0.27919867634773254,-0.14477062225341797,0.45444226264953613,3
1771110456949,0.18893128633499146,-0.020269393920898438,0.5287857055664062,3
1771110457064,0.11896240711212158,-0.2248077392578125,0.6086840629577637,3
1771110457180,0.0646556094288826,-0.08262825012207031,0.28321099281311035,3
1771110457297,0.10062780231237411,-0.2551603317260742,0.8703980445861816,3
1771110457413,0.23699790239334106,-0.21883392333984375,0.42141246795654297,3
1771110457513,0.14645624160766602,0.33045482635498047,-0.12410783767700195,3
1771110457631,-0.18332675099372864,-0.4287605285644531,-0.406177282333374,3
1771110457747,0.20432546734809875,0.19037342071533203,0.3378152847290039,3
1771110457866,0.3030451536178589,-0.3495464324951172,0.12456417083740234,3
1771110457982,-0.1346539407968521,-0.015503883361816406,-0.07304525375366211,3
1771110458100,0.1964861899614334,0.18604373931884766,0.5289371013641357,3
1771110458215,0.07648153603076935,0.03302478790283203,-0.3339803218841553,3
1771110458332,-0.028962749987840652,-0.17533493041992188,0.2315826416015625,3
1771110458432,-0.3945342004299164,-0.1498546600341797,-0.4741647243499756,3
1771110458549,0.0880359411239624,0.30083179473876953,-0.0006520748138427734,3
1771110458667,-0.03069610893726349,-0.26110363006591797,-0.13650751113891602,3
1771110458784,-0.32323822379112244,-0.10554981231689453,0.5678341388702393,3
1771110458901,-0.12208513170480728,-0.025055885314941406,-0.20975875854492188,3
1771110459016,0.15142938494682312,-0.29681968688964844,0.04966926574707031,3
1771110459133,-0.2840264141559601,0.33632850646972656,0.3342750072479248,3
1771110459250,-0.12519259750843048,-0.2563028335571289,-0.10534214973449707,3
1771110459366,0.38913726806640625,0.1321258544921875,0.5757532119750977,3
1771110459483,0.1607576161623001,-0.3754615783691406,-0.09952044486999512,3
1771110459601,-0.3496454358100891,-0.16069698333740234,0.32460451126098633,3
1771110459718,0.3280298411846161,0.15582656860351562,0.0337064266204834,3
1771110459818,0.16881214082241058,-0.6025447845458984,-0.2796497344970703,3
1771110459934,-0.3402564525604248,0.03555011749267578,-0.044484615325927734,3
1771110460051,-0.023345259949564934,-0.20333576202392578,0.11411714553833008,3
1771110460247,0.30760666728019714,0.46283626556396484,-0.3357480764389038,3
1771110460293,0.4110843539237976,-0.058165550231933594,-0.01141357421875,3
1771110460388,-0.07167127728462219,-0.21641063690185547,0.2216048240661621,3
1771110460501,-0.1370709091424942,-0.059116363525390625,-0.37998878955841064,3
1771110460619,-0.016034727916121483,-0.17625141143798828,-0.25897789001464844,3
1771110460738,-0.5113691687583923,-0.298492431640625,0.1053166389465332,3
1771110460862,0.20587868988513947,-0.13199710845947266,0.30175113677978516,3
1771110460969,-0.07521641254425049,-0.33011913299560547,-0.13783764839172363,3
1771110461089,-0.04784257709980011,-0.09949302673339844,0.6207265853881836,3
1771110461206,-0.24449311196804047,-0.2806711196899414,0.3446035385131836,3
1771110461321,0.011823214590549469,-0.09321117401123047,-0.1754627227783203,3
1771110461420,0.304480642080307,0.2800121307373047,-0.36374688148498535,3
1771110461537,-0.22596028447151184,-0.1695404052734375,0.03980207443237305,3
1771110461639,0.1725311428308487,0.3442678451538086,-0.13187193870544434,3
1771110461756,0.02965942770242691,-0.3693580627441406,-0.05202317237854004,3
1771110461885,-0.18550926446914673,0.09070301055908203,-0.2444303035736084,3
1771110461991,-0.15059497952461243,-0.10944652557373047,-0.3551502227783203,3
1771110462106,-0.24294991791248322,-0.008900642395019531,-0.10871553421020508,3
1771110462231,-0.44509565830230713,0.13793277740478516,-0.373671293258667,3
1771110462321,-0.12434128671884537,0.027923583984375,-0.6554253101348877,3
1771110462439,-0.08240500092506409,0.47074222564697266,0.04744863510131836,3
1771110462555,0.23983341455459595,0.34795379638671875,0.2789790630340576,3
1771110462659,0.08791891485452652,0.2585411071777344,-0.3551483154296875,3
1771110462772,-0.09446875751018524,0.002346038818359375,-0.702096700668335,3
1771110462876,-0.0925184041261673,-0.054271697998046875,-0.22876834869384766,3
1771110462995,-0.3203144073486328,-0.33505725860595703,0.0855557918548584,3
1771110463109,0.15307602286338806,-0.19067668914794922,0.09609222412109375,3
1771110463224,0.42156195640563965,-0.08333969116210938,0.12490582466125488,3
1771110463340,-0.48060858249664307,-0.3597097396850586,-0.22475767135620117,3
1771110463444,0.08678620308637619,0.2163839340209961,-0.15378165245056152,3
1771110463560,0.2735186517238617,-0.06932544708251953,-0.29796552658081055,3
1771110463674,0.06467082351446152,0.19123077392578125,-0.2876584529876709,3
1771110463790,-0.3065732419490814,0.2472848892211914,-0.4278841018676758,3
1771110463907,0.27652764320373535,0.14943790435791016,-0.15245532989501953,3
1771110464025,-0.271949827671051,0.4541149139404297,-0.25645923614501953,3
1771110464125,-0.2109309434890747,0.03562736511230469,-0.689150333404541,3
1771110464269,0.21727392077445984,0.3057241439819336,0.3081812858581543,3
1771110464360,0.12648449838161469,-0.028252601623535156,-0.07439494132995605,3
1771110464476,-0.3827465772628784,-0.2224130630493164,-0.30357813835144043,3
1771110464592,0.3032832145690918,0.20053386688232422,0.284010648727417,3
1771110464710,-0.05804194137454033,-0.02909088134765625,-0.21674156188964844,3
1771110464826,0.1407020092010498,0.05597400665283203,0.27984142303466797,3
1771110464971,0.07290635257959366,0.10463333129882812,0.21570968627929688,3
1771110465060,0.016944922506809235,-0.2164936065673828,-0.07181262969970703,3
1771110465177,-0.10242143273353577,0.021689414978027344,-0.0559237003326416,3
1771110465293,-0.09977205842733383,-0.029610633850097656,0.018370866775512695,3
1771110465396,-0.11061932146549225,-0.004973411560058594,0.17380523681640625,3
1771110465510,0.1910041868686676,0.31571292877197266,0.02163839340209961,3
1771110465627,0.010012507438659668,-0.019084930419921875,0.13717365264892578,3
1771110465744,0.14866529405117035,0.3074007034301758,0.18427228927612305,3
1771110465899,-0.13778188824653625,-0.03689289093017578,-0.5885653495788574,3
1771110465961,-0.03289376199245453,0.18538761138916016,-0.02015995979309082,3
1771110466077,-0.16307511925697327,0.090667724609375,-0.1967635154724121,3
1771110466177,0.10755077004432678,0.07744407653808594,0.1576075553894043,3
1771110466294,0.04117850586771965,0.2627086639404297,0.3298518657684326,3
1771110466411,-0.1692277193069458,-0.05174732208251953,-0.6731715202331543,3
1771110466532,-0.1941094696521759,0.2451324462890625,-0.5403941869735718,3
1771110466645,-0.1145312488079071,0.20751953125,-0.30531907081604004,3
1771110466746,-0.1634308248758316,0.08568954467773438,-0.6589703559875488,3
1771110466878,-0.25886815786361694,0.13988971710205078,-0.2403404712677002,3
1771110466962,-0.25453364849090576,-0.18903446197509766,-0.19051337242126465,3
1771110467063,-0.027782712131738663,-0.06432723999023438,0.17517590522766113,3
1771110467184,0.16874346137046814,-0.005791664123535156,0.47019457817077637,3
1771110467279,0.014494555070996284,-0.10697746276855469,0.1264944076538086,3
1771110467397,0.06491945683956146,0.04771900177001953,-0.23169589042663574,3
1771110467496,0.3012208938598633,0.1210641860961914,0.2319812774658203,3
1771110467613,-0.10167458653450012,0.09133720397949219,-0.05317974090576172,3
1771110467730,-0.10764887183904648,0.06837749481201172,-0.2980360984802246,3
1771110467885,-0.10953684151172638,-0.048004150390625,-0.5912666320800781,3
1771110467966,-0.2268204540014267,0.032904624938964844,-0.7562406063079834,3
1771110468065,-0.30544722080230713,0.016178131103515625,-0.12178492546081543,3
1771110468181,0.15524718165397644,0.15820980072021484,-0.2636280059814453,3
1771110468283,0.19229920208454132,-0.06075000762939453,0.013124465942382812,3
1771110468397,-0.16363389790058136,-0.00373077392578125,-0.06829977035522461,3
1771110468498,-0.06157136708498001,-0.039549827575683594,-0.2983124256134033,3
1771110468615,0.38331693410873413,0.14963722229003906,0.07267642021179199,3
1771110468731,-0.17991021275520325,-0.21400928497314453,-0.5179653167724609,3
1771110468883,0.20620779693126678,0.12600040435791016,0.1794590950012207,3
1771110468965,-0.2628222703933716,-0.016681671142578125,-0.6395359039306641,3
1771110469086,0.2502005994319916,0.3329582214355469,0.15999341011047363,3
1771110469202,-0.2584918141365051,0.17926692962646484,-0.008723258972167969,3
1771110469318,-0.09001657366752625,0.13980484008789062,-0.21947932243347168,3
1771110469416,-0.3905869722366333,0.08140182495117188,-0.3665868043899536,3
1771110469519,0.22061371803283691,-0.18185710906982422,0.023024320602416992,3
1771110469633,0.17724725604057312,0.08902263641357422,0.5246515274047852,3
1771110469750,0.027528826147317886,-0.09660911560058594,-0.08978104591369629,3
1771110469893,-0.0973251461982727,0.21809005737304688,-0.10326600074768066,3
1771110469983,0.22457946836948395,0.13454532623291016,0.4616243839263916,3
1771110470100,-0.05317062884569168,0.029020309448242188,-0.17470526695251465,3
1771110470239,-0.010198686271905899,0.3278970718383789,0.17440438270568848,3
1771110470353,0.36160871386528015,0.094757080078125,0.2771453857421875,3
1771110470467,-0.005634970963001251,0.09972763061523438,-0.3476593494415283,3
1771110470570,-0.5544673800468445,0.13195228576660156,0.1716296672821045,3
1771110470685,0.17347979545593262,-0.012944221496582031,0.5178170204162598,3
1771110470803,0.5558524131774902,-0.05879974365234375,0.3205246925354004,3
1771110470918,0.5409517288208008,-0.29761409759521484,0.05097079277038574,3
1771110471024,-0.06384755671024323,0.10940933227539062,0.040258169174194336,3
1771110471141,0.7179239392280579,-0.15543365478515625,0.33594846725463867,3
1771110471251,-0.31129059195518494,0.048549652099609375,-0.5067839622497559,3
1771110471369,-1.049572229385376,0.15705490112304688,-0.21063899993896484,3
1771110471486,0.5802876949310303,-0.00348663330078125,-0.2163381576538086,3
1771110471603,0.2858063876628876,0.19382667541503906,-0.08774018287658691,3
1771110471720,-0.7752652764320374,0.019730567932128906,-0.3665735721588135,3
1771110471836,0.14376896619796753,0.00403594970703125,-0.039052724838256836,3
1771110471953,0.39129626750946045,0.11745548248291016,-0.027920007705688477,3
1771110472071,-0.4689909517765045,-0.12180805206298828,-0.5032315254211426,3
1771110472186,-0.05213329195976257,0.18981266021728516,0.07403731346130371,3
1771110472305,0.11115241050720215,0.0035276412963867188,-0.10157132148742676,3
1771110472420,0.15792852640151978,0.04012012481689453,-0.25084424018859863,3
1771110472537,-0.04803639277815819,-0.1115570068359375,-0.24293732643127441,3
1771110472654,-0.01610664278268814,0.03519439697265625,0.02528977394104004,3
1771110472771,-0.20109964907169342,-0.03862762451171875,-0.4929842948913574,3
1771110472895,0.051696475595235825,0.007279396057128906,-0.14356780052185059,3
1771110473007,0.12578994035720825,0.2121572494506836,-0.3754481077194214,3
1771110473125,0.06668317317962646,0.23317241668701172,-0.3964073657989502,3
1771110473230,0.39075928926467896,0.1815185546875,-0.16436386108398438,3
1771110473338,0.04855479300022125,-0.11495304107666016,0.07524871826171875,3
1771110473455,-0.0142713263630867,0.14998817443847656,-0.38508057594299316,3
1771110473556,0.4686519503593445,-0.21871185302734375,0.3600897789001465,3
1771110473674,0.044393762946128845,0.053920745849609375,-0.13726091384887695,3
1771110473789,-0.24810343980789185,0.20781898498535156,-0.2354273796081543,3
1771110473906,0.09238643199205399,0.0752716064453125,-0.10881710052490234,3
1771110474025,0.22361865639686584,0.32297611236572266,-0.06230497360229492,3
1771110474123,-0.013614840805530548,-0.039811134338378906,-0.1551685333251953,3
1771110474241,-0.10684315860271454,0.20288944244384766,-0.6164451837539673,3
1771110474359,0.041147589683532715,-0.1721954345703125,-0.5448877811431885,3
1771110474475,-0.05183172971010208,0.08888721466064453,-0.0953676700592041,3
1771110474608,0.06375668197870255,0.3545217514038086,-0.1872541904449463,3
1771110474707,-0.00901062786579132,0.06203651428222656,-0.7969937324523926,3
1771110474823,-0.09625104814767838,0.04485321044921875,-0.27046895027160645,3
1771110474941,-0.2432878166437149,-0.06226348876953125,-0.6459417343139648,3
1771110475057,-0.20089152455329895,0.059012413024902344,-0.3928006887435913,3
1771110475157,0.2166195511817932,-0.02960205078125,0.005049228668212891,3
1771110475258,0.21082589030265808,0.08870124816894531,0.08594346046447754,3
1771110475374,-0.13591715693473816,-0.019524574279785156,-0.2637711763381958,3
1771110475475,0.08342568576335907,0.00811767578125,0.10837793350219727,3
1771110475576,0.22205275297164917,0.2219095230102539,-0.06452322006225586,3
1771110475692,-0.05575314164161682,-0.3187122344970703,-0.17511320114135742,3
1771110475792,0.08597852289676666,0.03509807586669922,0.1209104061126709,3
1771110475910,0.00032147765159606934,-0.03195476531982422,-0.3257218599319458,3
1771110476026,0.14493325352668762,0.1233510971069336,0.41954565048217773,3
1771110476203,0.0563829131424427,0.17570972442626953,0.051828861236572266,3
1771110476261,0.21536095440387726,0.15561294555664062,0.09197020530700684,3
1771110476362,-0.08000399172306061,-0.059327125549316406,-0.019167184829711914,3
1771110476476,0.20657487213611603,0.1582164764404297,0.21784651279449463,3
1771110476594,0.2010551244020462,0.09074687957763672,-0.5848653316497803,3
1771110476710,0.21808618307113647,0.23367023468017578,0.0860440731048584,3
1771110476810,0.16584211587905884,-0.008134841918945312,0.24310851097106934,3
1771110476927,0.09419407695531845,-0.1438312530517578,0.08760678768157959,3
1771110477034,-0.04457257688045502,0.039760589599609375,-0.15650904178619385,3
1771110477149,0.07196959108114243,-0.057346343994140625,-0.1675635576248169,3
1771110477261,-0.25482624769210815,0.11498641967773438,-0.23949837684631348,3
1771110477363,-0.0928628221154213,0.10521221160888672,-0.4753098487854004,3
1771110477478,0.38274672627449036,-0.023558616638183594,0.027660369873046875,3
1771110477579,-0.43322813510894775,0.009276390075683594,-0.9703618884086609,3
1771110477694,0.02648312598466873,0.016836166381835938,0.24246525764465332,3
1771110477810,0.27804654836654663,-0.13573360443115234,0.039008378982543945,3
1771110477912,0.10323398560285568,0.2334613800048828,0.42070186138153076,3
1771110478029,0.004182733595371246,-0.32933521270751953,-0.09313702583312988,3
1771110478200,0.051262304186820984,-0.06893062591552734,0.34188926219940186,3
1771110478262,0.025756441056728363,-0.013257026672363281,0.6197803020477295,3
1771110478379,0.35675570368766785,-0.11172676086425781,0.931821346282959,3
1771110478481,0.07656418532133102,0.24591732025146484,0.30817973613739014,3
1771110478596,0.13033151626586914,-0.08727836608886719,0.07352781295776367,3
1771110478699,0.027734607458114624,0.31566905975341797,0.5493605136871338,3
1771110478813,-0.13813257217407227,-0.1774892807006836,0.019625306129455566,3
1771110478914,0.14456495642662048,-0.25398921966552734,-0.3707845211029053,3
1771110479030,0.19084209203720093,0.3153190612792969,0.2454380989074707,3
1771110479151,-0.0701950415968895,-0.12836551666259766,-0.09223318099975586,3
1771110479265,0.09741507470607758,0.2729768753051758,-0.10759532451629639,3
1771110479386,-0.15948614478111267,-0.22397804260253906,-0.39178466796875,3
1771110479482,0.010952785611152649,-0.21665000915527344,-0.22513842582702637,3
1771110479597,0.14993508160114288,-0.08968162536621094,0.14075279235839844,3
1771110479698,-0.024599142372608185,0.08762931823730469,0.377233624458313,3
1771110479814,0.37620556354522705,0.01613140106201172,-0.27591514587402344,3
1771110479915,-0.1845741868019104,-0.2432727813720703,0.24223566055297852,3
1771110480036,-0.2998312711715698,-0.12553024291992188,-0.12895607948303223,3
1771110480148,0.03864201530814171,-0.08650970458984375,-0.07857847213745117,3
1771110480287,-0.11395828425884247,-0.22614002227783203,-0.3111569881439209,3
1771110480401,-0.2969285249710083,0.12073326110839844,0.06487476825714111,3
1771110480516,0.09201209247112274,-0.32642650604248047,-0.02735590934753418,3
1771110480617,-0.1986965388059616,-0.4569282531738281,-0.168198823928833,3
1771110480732,-0.010136827826499939,0.10681819915771484,0.4055917263031006,3
1771110480853,0.0612284317612648,-0.1173257827758789,-0.27430546283721924,3
1771110480966,-0.01052752137184143,-0.056560516357421875,0.27887678146362305,3
1771110481084,0.08327890932559967,-0.1964406967163086,0.05333149433135986,3
1771110481190,0.1787908375263214,0.07944107055664062,0.12059319019317627,3
1771110481302,0.24653175473213196,0.10186290740966797,0.350757360458374,3
1771110481418,0.3449656367301941,-0.0436553955078125,0.10478973388671875,3
1771110481517,-0.20056958496570587,-0.20467185974121094,-0.44793701171875,3
1771110481635,0.2994667589664459,0.13778114318847656,0.41227054595947266,3
1771110481736,-0.15384313464164734,0.1404132843017578,0.5629632472991943,3
1771110481852,-0.15365469455718994,-0.3022422790527344,0.05666160583496094,3
1771110481968,-0.40637004375457764,-0.020328521728515625,-0.02154064178466797,3
1771110482068,-0.29521772265434265,0.24488162994384766,0.028500080108642578,3
1771110482217,0.10803814977407455,-0.1965770721435547,-0.082619309425354,3
1771110482305,0.187782883644104,0.20937156677246094,0.26123714447021484,3
1771110482405,-0.29458194971084595,-0.09665966033935547,0.11432480812072754,3
1771110482518,-0.37782737612724304,-0.5001840591430664,-0.25193607807159424,3
1771110482621,-0.2326117753982544,-0.20145893096923828,0.05877256393432617,3
1771110482737,0.07267606258392334,0.03194904327392578,0.16462016105651855,3
1771110482838,0.11586939543485641,-0.2616586685180664,0.07951855659484863,3
1771110482953,-0.035894013941287994,0.03020954132080078,0.3946664333343506,3
1771110483055,0.07286365330219269,-0.11087989807128906,0.0833284854888916,3
1771110483169,0.4009210169315338,0.23355484008789062,0.46245789527893066,3
1771110483287,0.44813424348831177,-0.023321151733398438,0.22585535049438477,3
1771110483405,-0.09583115577697754,0.17780685424804688,0.5718493461608887,3
1771110483521,0.19597521424293518,-0.3754310607910156,0.41295433044433594,3
1771110483638,0.30454039573669434,0.4045686721801758,-0.13587546348571777,3
1771110483754,-0.26323696970939636,-0.2302570343017578,-0.375606894493103,3
1771110483915,-0.1981174498796463,0.1451873779296875,0.331742525100708,3
1771110483988,-0.1907176524400711,-0.1637716293334961,-0.24075555801391602,3
1771110484109,-0.22645403444766998,0.18137454986572266,-0.6218124628067017,3
1771110484224,-0.17548133432865143,-0.14750099182128906,-0.3720872402191162,3
1771110484337,-0.05511108785867691,0.13022232055664062,-0.1503429412841797,3
1771110484455,-0.018639205023646355,0.0075664520263671875,-0.14075803756713867,3
1771110484573,0.09854413568973541,0.1024322509765625,0.10965967178344727,3
1771110484688,0.0939449891448021,0.18070316314697266,0.2788879871368408,3
1771110484806,-0.28737521171569824,0.15572834014892578,-0.3615354299545288,3
1771110484907,0.3385259807109833,0.04753684997558594,0.2180110216140747,3
1771110485022,-0.23116591572761536,-0.09281253814697266,0.1531996726989746,3
1771110485138,-0.09862302243709564,-0.07699203491210938,0.45244407653808594,3
1771110485257,-0.6535852551460266,-0.2611885070800781,-0.7332668304443359,3
1771110485374,-0.15088346600532532,0.4214773178100586,0.5389857292175293,3
1771110485489,0.13189269602298737,-0.014308929443359375,-0.5078002214431763,3
1771110485591,-0.14387567341327667,0.048127174377441406,-0.1961454153060913,3
1771110485707,0.06463488936424255,0.01480865478515625,-0.2796773910522461,3
1771110485823,-0.1694783866405487,-0.19643497467041016,-0.2518482208251953,3
1771110485940,-0.009931644424796104,-0.00452423095703125,-0.5634963512420654,3
1771110486040,0.037489794194698334,0.3470172882080078,0.47364377975463867,3
1771110486157,-0.045891087502241135,0.27336692810058594,0.11211812496185303,3
1771110486265,0.2534988820552826,-0.08974742889404297,0.6356104612350464,3
1771110486375,0.03724071383476257,-0.06608390808105469,0.6054224967956543,3
1771110486494,-0.31876644492149353,-0.03491497039794922,-0.415602445602417,3
1771110486593,-0.07304339110851288,-0.09210014343261719,-0.3389449119567871,3
1771110486709,0.017573002725839615,-0.14983844757080078,0.20908594131469727,3
1771110486826,-0.11677250266075134,0.06795406341552734,-0.7817745208740234,3
1771110486941,0.034290559589862823,-0.24552536010742188,0.4803502559661865,3
1771110487058,-0.10004422813653946,0.30388641357421875,-0.023476839065551758,3
1771110487180,-0.321892648935318,-0.0033740997314453125,-0.46349143981933594,3
1771110487299,0.31410595774650574,-0.1164407730102539,0.24593472480773926,3
1771110487409,0.2254626303911209,0.20482349395751953,-0.08141756057739258,3
1771110487527,-0.13457541167736053,-0.2597494125366211,-0.32164764404296875,3
1771110487644,-0.36026710271835327,0.23291492462158203,0.30769407749176025,3
1771110487745,-0.03822699934244156,-0.22031688690185547,0.05403470993041992,3
1771110487863,0.1839691400527954,0.16092777252197266,0.5113385915756226,3
1771110487966,-0.01813151314854622,-0.04523468017578125,0.38863086700439453,3
1771110488077,-0.5717363357543945,0.1016530990600586,-0.5903856754302979,3
1771110488197,-0.06044821813702583,0.26610660552978516,0.3350989818572998,3
1771110488320,0.0815926045179367,0.025712013244628906,0.3378927707672119,3
1771110488428,0.2637629210948944,0.07272529602050781,0.44582104682922363,3
1771110488544,0.15749934315681458,-0.11120891571044922,-0.03630185127258301,3
1771110488660,-0.036752015352249146,0.2941722869873047,0.691522479057312,3
1771110488766,-0.09810227155685425,-0.25406742095947266,0.2923593521118164,3
1771110488907,-0.0413731187582016,2.765655517578125e-05,0.47383642196655273,3
1771110488995,0.13156720995903015,-0.09530353546142578,0.18451380729675293,3
1771110489099,0.3637060523033142,0.2867460250854492,0.7678251266479492,3
1771110489229,0.051461536437273026,-0.20254898071289062,0.07948446273803711,3
1771110489330,0.323995441198349,0.3262157440185547,0.4323287010192871,3
1771110489446,0.012167993932962418,-0.29442405700683594,0.10541939735412598,3
1771110489546,-0.06380432844161987,0.4682731628417969,0.20699679851531982,3
1771110489664,0.31753432750701904,-0.04236125946044922,0.30200958251953125,3
1771110489766,-0.1808139681816101,0.0855560302734375,0.742295503616333,3
1771110489918,-0.23473656177520752,0.21039962768554688,0.3657529354095459,3
1771110489996,-0.10875806212425232,-0.25293636322021484,0.42400527000427246,3
1771110490119,0.1302577257156372,0.03007984161376953,-0.5056397914886475,3
1771110490220,0.333712637424469,-0.059004783630371094,-0.0006148815155029297,3
1771110490330,-0.04805129021406174,0.12825965881347656,0.1578965187072754,3
1771110490446,-0.10034989565610886,-0.1447162628173828,0.3039584159851074,3
1771110490569,-0.32496702671051025,0.33361339569091797,0.4090917110443115,3
1771110490681,-0.1522567719221115,-0.07630157470703125,-0.7549363374710083,3
1771110490783,0.6464594006538391,0.19986724853515625,0.47879505157470703,3
1771110490912,0.0409642830491066,-0.2285451889038086,0.1681116819381714,3
1771110491015,-0.02979987859725952,-0.07409954071044922,0.3618658781051636,3
1771110491135,0.3044638931751251,-0.09689140319824219,-0.009999275207519531,3
1771110491240,0.06278858333826065,-0.034712791442871094,0.03778183460235596,3
1771110491350,-0.08645782619714737,0.32832908630371094,0.5767033100128174,3
1771110491453,0.4282742738723755,-0.14286231994628906,-0.05571401119232178,3
1771110491565,-0.141230508685112,0.30339813232421875,0.2850003242492676,3
1771110491667,0.18469730019569397,-0.2664175033569336,0.1931617259979248,3
1771110491785,-0.14373011887073517,0.3387947082519531,-0.42368102073669434,3
1771110491911,-0.5567484498023987,0.7237377166748047,-0.6476178169250488,3
1771110492002,0.25519442558288574,-0.07182979583740234,0.89528489112854,3
1771110492175,0.2670884132385254,-0.10130691528320312,0.3523390293121338,3
1771110492233,0.3264790177345276,0.022538185119628906,0.20238995552062988,3
1771110492350,-0.07565057277679443,-0.06545162200927734,-0.05577075481414795,3
1771110492468,-0.23568038642406464,0.03427886962890625,-0.5293077230453491,3
1771110492584,-0.18992877006530762,0.04644775390625,-0.16011977195739746,3
1771110492701,-0.32506370544433594,-0.03603172302246094,-0.012233972549438477,3
1771110492817,-0.07795800268650055,-0.7079172134399414,0.03354966640472412,3
1771110492937,-0.10726650059223175,-0.1772918701171875,-0.10132956504821777,3
1771110493053,0.1106901690363884,-0.25123119354248047,0.4226820468902588,3
1771110493210,0.18849149346351624,0.5262346267700195,0.6453033685684204,3
1771110493270,-0.026270564645528793,0.15898990631103516,-0.35268890857696533,3
1771110493384,0.043814681470394135,-0.29254722595214844,0.3116648197174072,3
1771110493485,0.006179094314575195,-0.08352184295654297,0.7207106351852417,3
1771110493602,0.4457590878009796,-0.34358787536621094,0.6066305637359619,3
1771110493719,0.42668718099594116,-0.011523246765136719,0.594022274017334,3
1771110493836,-0.17629246413707733,-0.21223163604736328,-0.40990352630615234,3
1771110493955,-0.2818906903266907,-0.11853790283203125,-0.16822433471679688,3
1771110494072,0.2976529002189636,0.0896310806274414,0.45847439765930176,3
1771110494212,0.5073654055595398,0.30368995666503906,0.5087568759918213,3
1771110494288,-0.2844226360321045,-0.35539913177490234,0.3466830253601074,3
1771110494404,0.33318477869033813,-0.2611217498779297,0.8846595287322998,3
1771110494504,0.19288480281829834,0.09574508666992188,0.7750771045684814,3
1771110494620,-0.7863190770149231,-0.2349233627319336,-0.2238936424255371,3
1771110494737,0.025691792368888855,-0.3527517318725586,-0.23546552658081055,3
1771110494854,0.4829726815223694,0.18630409240722656,0.1804037094116211,3
1771110494970,0.3853805363178253,0.05953502655029297,0.16899633407592773,3
1771110495089,0.04292786121368408,0.06287193298339844,0.06973528861999512,3
1771110495211,-0.05749339610338211,-0.2110271453857422,0.39532971382141113,3
1771110495322,0.4177686274051666,0.36172962188720703,-0.2898900508880615,3
1771110495438,0.1274930089712143,0.021363258361816406,0.13560962677001953,3
1771110495538,-0.39358484745025635,0.015923500061035156,-0.23916101455688477,3
1771110495656,0.36022287607192993,-0.021989822387695312,-0.23855137825012207,3
1771110495773,-0.2875857949256897,0.06646442413330078,-0.7303235530853271,3
1771110495933,-0.3475953936576843,0.21050262451171875,-0.1932680606842041,3
1771110496005,-0.1607976257801056,-0.12058448791503906,0.06740784645080566,3
1771110496123,-0.34285908937454224,0.14457130432128906,0.16205477714538574,3
1771110496245,-0.20313133299350739,-0.35838985443115234,0.15498733520507812,3
1771110496356,-0.8355681896209717,-0.1448688507080078,-0.2514352798461914,3
1771110496473,0.08475944399833679,0.28866004943847656,0.31656670570373535,3
1771110496590,-0.09239093959331512,-0.3137989044189453,-0.14881634712219238,3
1771110496691,-0.17933137714862823,-0.22464370727539062,0.36562037467956543,3
1771110496806,-0.6010274291038513,-0.06235027313232422,-0.42105984687805176,3
1771110496920,-0.08626605570316315,-0.007023811340332031,-0.2275221347808838,3
1771110497027,-0.351132869720459,0.7316312789916992,-0.7221457958221436,3
1771110497210,-0.3969009518623352,0.3934192657470703,-0.09357023239135742,3
1771110497241,-0.2788855731487274,-0.07946968078613281,0.519139289855957,3
1771110497357,0.2546963095664978,-0.20133590698242188,-0.06876707077026367,3
1771110497476,-0.1307215690612793,0.25260448455810547,-0.21474123001098633,3
1771110497592,-0.068831667304039,0.4343395233154297,0.3540058135986328,3
1771110497707,-0.3365321159362793,0.4525337219238281,-0.003929853439331055,3
1771110497826,0.17250561714172363,0.2942781448364258,0.13362789154052734,3
1771110497925,0.07460528612136841,0.12389850616455078,0.4658658504486084,3
1771110498044,-0.024184390902519226,-0.16804218292236328,-0.010675430297851562,3
1771110498160,0.16889773309230804,0.2513704299926758,0.3181595802307129,3
1771110498277,-0.1948288083076477,0.19955158233642578,-0.15448760986328125,3
1771110498380,-0.2772834300994873,-0.03744316101074219,-0.7981836795806885,3
1771110498494,0.27048608660697937,0.2685050964355469,0.20258021354675293,3
1771110498618,-0.19857355952262878,0.24571704864501953,-0.18879294395446777,3
1771110498726,-0.05225818604230881,0.3942089080810547,0.12979865074157715,3
1771110498826,0.024306520819664,0.1971139907836914,0.44524216651916504,3
1771110498947,-0.36795711517333984,-0.27987003326416016,-0.5703603029251099,3
1771110499062,0.610918402671814,0.30550289154052734,0.790046215057373,3
1771110499187,-0.23379208147525787,-0.26158618927001953,-0.521756649017334,3
1771110499278,-0.11647596955299377,-0.4918994903564453,-0.042292118072509766,3
1771110499378,-0.2567746937274933,0.4720497131347656,-0.11703085899353027,3
1771110499493,-0.2766927480697632,-0.4133644104003906,-0.1163032054901123,3
1771110499595,-0.09951954334974289,0.1759510040283203,-0.1823258399963379,3
1771110499712,-0.1397216022014618,0.32855796813964844,0.2010481357574463,3
1771110499828,0.11117292195558548,-0.12445735931396484,0.12229609489440918,3
1771110499935,0.26820695400238037,0.5109472274780273,-0.06704878807067871,3
1771110500044,0.04453468322753906,0.1516590118408203,-0.09834933280944824,3
1771110500161,-0.07503095269203186,0.3696174621582031,-0.3301844596862793,3
1771110500281,-0.285547137260437,-0.056484222412109375,-0.5565388202667236,3
1771110500395,-0.36854374408721924,0.23020362854003906,-0.5542154312133789,3
1771110500495,-0.16558058559894562,0.4416217803955078,-0.22110819816589355,3
1771110500611,-0.08227202296257019,0.009843826293945312,-0.07638883590698242,3
1771110500713,-0.008448809385299683,0.14755916595458984,0.4933815002441406,3
1771110500814,0.47259941697120667,-0.09905719757080078,0.5539534091949463,3
1771110500952,0.254923939704895,0.2026224136352539,0.3394005298614502,3
1771110501045,-0.06969015300273895,-0.2294902801513672,0.29689788818359375,3
1771110501195,0.13875475525856018,0.10829353332519531,0.4226243495941162,3
1771110501312,-0.23656697571277618,-0.1514120101928711,-0.3252530097961426,3
1771110501363,0.1683761328458786,0.15870380401611328,0.28508567810058594,3
1771110501482,-0.4157090485095978,0.04588890075683594,-0.5123517513275146,3
1771110501596,0.1201387345790863,-0.30788421630859375,0.19567584991455078,3
1771110501697,0.2671816945075989,0.6540908813476562,0.3478264808654785,3
1771110501818,0.28365087509155273,0.18044662475585938,0.475100040435791,3
1771110501936,-0.11745158582925797,0.3306875228881836,0.08433914184570312,3
1771110502048,-0.06895409524440765,0.21382904052734375,-0.18888139724731445,3
1771110502166,-0.23358802497386932,-0.28029918670654297,-0.45326876640319824,3
1771110502280,-0.07878783345222473,0.5325279235839844,-0.7429549694061279,3
1771110502382,-0.02584671974182129,0.14712142944335938,-0.05315065383911133,3
1771110502497,-0.26638299226760864,0.10563850402832031,-0.8805067539215088,3
1771110502604,-0.16954557597637177,-0.11648845672607422,-0.5664387941360474,3
1771110502714,0.13478346168994904,0.13210678100585938,1.1291848421096802,3
1771110502816,0.02379220724105835,0.06464099884033203,-0.32566726207733154,3
1771110502943,-0.11436516046524048,-0.034404754638671875,0.5827153921127319,3
1771110503033,0.06828129291534424,-0.041675567626953125,0.5075110197067261,3
1771110503149,-0.21138669550418854,-0.083709716796875,-0.7727750539779663,3
1771110503285,0.565021276473999,0.3750581741333008,1.0703381299972534,3
1771110503400,0.03191882371902466,-0.06615638732910156,0.23275697231292725,3
1771110503517,0.2122630476951599,0.21286392211914062,0.4422187805175781,3
1771110503633,0.09130938351154327,-0.23200225830078125,0.27734220027923584,3
1771110503749,0.10259097069501877,0.060477256774902344,0.3568514585494995,3
1771110503850,-0.15186329185962677,0.19675064086914062,-0.21909809112548828,3
1771110503951,0.07184244692325592,-0.22136402130126953,-0.16241943836212158,3
1771110504066,-0.11958928406238556,0.2787952423095703,0.4108535051345825,3
1771110504169,-0.25527381896972656,-0.01644611358642578,-0.7482579946517944,3
1771110504285,0.04809141159057617,-0.0751962661743164,-0.018930792808532715,3
1771110504384,0.046766698360443115,0.4049072265625,-0.6224985122680664,3
1771110504488,-0.1442221850156784,-0.13327980041503906,-0.038906216621398926,3
1771110504600,0.029233574867248535,0.21785640716552734,0.38852477073669434,3
1771110504717,0.007922813296318054,-0.036293983459472656,0.09887158870697021,3
1771110504818,0.07113605737686157,0.11318778991699219,0.1923309564590454,3
1771110504935,-0.060210853815078735,-0.1921367645263672,-0.5231122970581055,3
1771110505051,-0.05772137641906738,0.09057235717773438,0.03247880935668945,3
1771110505200,-0.17649567127227783,-0.009296417236328125,0.43601083755493164,3
1771110505269,0.014307081699371338,0.0064792633056640625,0.1345585584640503,3
1771110505385,0.26362186670303345,-0.09079647064208984,0.6967768669128418,3
1771110505505,-0.02745707333087921,0.07130908966064453,0.4005279541015625,3
1771110505618,-0.04807743430137634,-0.32422637939453125,0.48701906204223633,3
1771110505736,0.3707812428474426,-0.08225822448730469,0.856611967086792,3
1771110505852,-0.034413114190101624,-0.44536590576171875,0.4189746379852295,3
1771110505954,-0.06534843146800995,0.3516836166381836,0.0690770149230957,3
1771110506069,-0.26723843812942505,-0.20290851593017578,-0.11104178428649902,3
1771110506186,-0.10009278357028961,0.1754741668701172,0.543978214263916,3
1771110506302,0.1192556619644165,0.02841949462890625,0.40709614753723145,3
1771110506405,-0.018341735005378723,-0.11482810974121094,0.41377949714660645,3
1771110506520,0.13710695505142212,0.19441890716552734,0.7725872993469238,3
1771110506623,-0.12567122280597687,-0.21436595916748047,0.1052238941192627,3
1771110506736,0.0854637399315834,0.024320602416992188,0.02022099494934082,3
1771110506837,0.2692388892173767,0.11725139617919922,0.4070241451263428,3
1771110506954,-0.33640292286872864,-0.15520668029785156,-0.6234581470489502,3
1771110507054,-0.23101510107517242,0.2158498764038086,0.2343144416809082,3
1771110507171,0.030742794275283813,-0.16240215301513672,0.15148711204528809,3
1771110507292,-0.26974231004714966,0.3522462844848633,-0.7601313591003418,3
1771110507395,-0.21045427024364471,0.14337825775146484,-0.596343994140625,3
1771110507507,-0.032695457339286804,0.01861858367919922,0.314816951751709,3
1771110507621,-0.030671417713165283,0.4302225112915039,-0.4782693386077881,3
1771110507723,0.09899148344993591,-0.24836063385009766,0.37673497200012207,3
1771110507840,-0.009095907211303711,0.26848411560058594,0.089103102684021,3
1771110507940,0.3281117379665375,-0.3083209991455078,0.22471070289611816,3
1771110508056,0.18908491730690002,0.1923809051513672,0.74855637550354,3
1771110508172,0.22135965526103973,-0.1645822525024414,0.1212761402130127,3
1771110508289,0.16820311546325684,0.013017654418945312,0.20573866367340088,3
1771110508389,0.06901493668556213,0.06454277038574219,0.2609560489654541,3
1771110508505,0.09712737798690796,-0.520115852355957,0.5429589748382568,3
1771110508606,0.33777666091918945,-0.027558326721191406,1.1549434661865234,3
1771110508708,0.12304750084877014,-0.2396554946899414,-0.2082538604736328,3
1771110508824,0.3174995481967926,0.18195629119873047,0.7013568878173828,3
1771110508942,-0.27727586030960083,-0.4411430358886719,-0.030703306198120117,3
1771110509044,0.27101582288742065,0.2647972106933594,0.21914076805114746,3
1771110509205,0.12114013731479645,-0.33843421936035156,0.06380105018615723,3
1771110509258,-0.05784685164690018,-0.48050403594970703,0.4282698631286621,3
1771110509374,0.3333493173122406,-0.0017976760864257812,0.8796830177307129,3
1771110509493,0.09000217914581299,-0.2927055358886719,0.5533735752105713,3
1771110509609,0.05772406607866287,-0.3454551696777344,0.621056318283081,3
1771110509726,-0.16884687542915344,-0.4641256332397461,0.3545541763305664,3
1771110509842,-0.03356027603149414,-0.3428764343261719,0.06442713737487793,3
1771110509942,0.07698595523834229,0.2638864517211914,-0.0009810924530029297,3
1771110510043,0.4132724702358246,-0.25438976287841797,0.5199489593505859,3
1771110510158,0.15393775701522827,-0.12955570220947266,0.9808294773101807,3
1771110510259,0.08232172578573227,-0.28433799743652344,0.20038247108459473,3
1771110510376,0.055342525243759155,-0.3542594909667969,0.1984858512878418,3
1771110510481,0.10169748216867447,0.22345638275146484,-0.010520219802856445,3
1771110510594,0.03274834528565407,0.022727012634277344,0.21048927307128906,3
1771110510710,0.1631227731704712,0.43186378479003906,0.39795827865600586,3
1771110510827,0.18062588572502136,0.012436866760253906,-0.388775110244751,3
1771110510944,-0.3254510760307312,-0.030672073364257812,-0.3029446601867676,3
1771110511060,-0.23802822828292847,0.3258523941040039,-0.27714967727661133,3
1771110511198,0.15954627096652985,-0.1345653533935547,-0.09039044380187988,3
1771110511296,-0.29602211713790894,0.2852926254272461,-0.22673559188842773,3
1771110511412,-0.07967066019773483,-0.05775165557861328,-0.13038349151611328,3
1771110511511,-0.16694125533103943,0.0037431716918945312,-0.3252682685852051,3
1771110511629,-0.26621726155281067,0.22658634185791016,-0.27806663513183594,3
1771110511745,-0.23691868782043457,-0.0612945556640625,-0.7816644906997681,3
1771110511862,-0.06821626424789429,0.2247180938720703,0.4871504306793213,3
1771110511982,-0.10924313962459564,-0.13501453399658203,-0.31754541397094727,3
1771110512096,0.17900316417217255,0.024331092834472656,0.09258484840393066,3
1771110512215,0.15127773582935333,-0.23766613006591797,0.3027918338775635,3
1771110512318,-0.13554221391677856,-0.154327392578125,0.017679214477539062,3
1771110512432,-0.260294109582901,-0.13653850555419922,-0.251788854598999,3
1771110512546,-0.5294018387794495,0.127655029296875,0.30319714546203613,3
1771110512664,0.5881845951080322,0.11368656158447266,0.46633052825927734,3
1771110512780,0.5151379108428955,-0.07685470581054688,0.13894104957580566,3
1771110512897,0.1730879843235016,-0.0563201904296875,-0.07367658615112305,3
1771110513013,0.22401994466781616,-0.05106830596923828,0.058716535568237305,3
1771110513134,-0.2261521816253662,0.2664604187011719,0.050195932388305664,3
1771110513231,-0.30471909046173096,0.1617879867553711,-0.05312490463256836,3
1771110513348,0.1118646040558815,-0.1466541290283203,0.5535268783569336,3
1771110513466,0.10432446002960205,0.1786031723022461,0.015398979187011719,3
1771110513583,-0.18372029066085815,0.2238454818725586,-0.3456284999847412,3
1771110513699,-0.39209726452827454,-0.24865436553955078,0.10988068580627441,3
1771110513816,0.31825265288352966,-0.22846603393554688,0.7268307209014893,3
1771110513961,0.0025598183274269104,-0.06941032409667969,0.25722289085388184,3
1771110514032,0.12022687494754791,0.03073406219482422,-0.15053462982177734,3
1771110514184,-0.20460189878940582,0.2128458023071289,-0.34277796745300293,3
1771110514266,-0.4054664969444275,-0.029172897338867188,-0.06076478958129883,3
1771110514385,-0.05046438053250313,0.05978870391845703,-0.33910608291625977,3
1771110514483,-0.22945305705070496,0.19870281219482422,-0.4092864990234375,3
1771110514600,0.21411733329296112,0.023270606994628906,0.29683780670166016,3
1771110514701,0.3698104918003082,-0.06505680084228516,0.012358665466308594,3
1771110514818,-0.30111679434776306,0.12486076354980469,-0.39379262924194336,3
1771110514950,-0.38846105337142944,0.1607036590576172,-0.7256203889846802,3
1771110515049,-0.5701136589050293,0.22682857513427734,-0.5649950504302979,3
1771110515151,-0.41681164503097534,0.1408834457397461,-0.5874557495117188,3
1771110515252,-0.08420850336551666,0.12247657775878906,-0.2648131847381592,3
1771110515368,0.1903761774301529,0.12541866302490234,-0.5917601585388184,3
1771110515471,-0.3148288130760193,0.1776723861694336,-0.40566349029541016,3
1771110515585,0.36167067289352417,0.043677330017089844,-0.2676222324371338,3
1771110515701,-0.5701583623886108,-0.12502574920654297,-0.19351768493652344,3
1771110515803,0.7772238254547119,-0.052208900451660156,-0.1243743896484375,3
1771110515992,-0.5825105905532837,0.16036605834960938,-0.5103366374969482,3
1771110516023,-0.38891032338142395,0.13826751708984375,-0.3454761505126953,3
1771110516138,-0.3354816436767578,0.13211631774902344,-0.36915552616119385,3
1771110516297,0.11965256929397583,0.07349205017089844,0.035085439682006836,3
1771110516368,0.5465217232704163,0.031310081481933594,-0.10658502578735352,3
1771110516474,-0.3451220393180847,0.05486774444580078,-0.381435751914978,3
1771110516587,0.00850147008895874,0.1377086639404297,-0.1270763874053955,3
1771110516687,-0.11852365732192993,0.07740306854248047,-0.10755038261413574,3
1771110516789,0.4369603991508484,0.14672088623046875,-0.24785161018371582,3
1771110516904,0.2446715533733368,0.16344738006591797,0.04492831230163574,3
1771110517004,-0.27936306595802307,-0.07824993133544922,-0.19710767269134521,3
1771110517120,-0.2423478662967682,-0.177978515625,-0.6657955646514893,3
1771110517220,0.28911900520324707,0.17557716369628906,-0.005124568939208984,3
1771110517347,0.28911900520324707,0.17557716369628906,-0.005124568939208984,3
1771110517454,-0.2649070918560028,-0.033982276916503906,-0.08473467826843262,3
1771110517570,0.3854665458202362,0.10449886322021484,-0.1064145565032959,3
1771110517670,0.39320290088653564,0.1568756103515625,0.1806182861328125,3
1771110517771,-0.18385466933250427,-0.08259391784667969,-0.3732593059539795,3
1771110517899,0.05019614100456238,-0.04005146026611328,-0.13298702239990234,3
1771110518141,-0.05593264102935791,-0.02038860321044922,-0.1892538070678711,3
1771110518142,-0.05593264102935791,-0.02038860321044922,-0.1892538070678711,3
1771110518205,-0.07606887817382812,-0.0040340423583984375,0.12398338317871094,3
1771110518361,0.07890024781227112,0.1916065216064453,-0.009217977523803711,3
1771110518428,0.4528235197067261,0.033843994140625,0.18706154823303223,3
1771110518541,0.43604665994644165,0.038570404052734375,0.036672115325927734,3
1771110518655,-0.23319876194000244,0.3160734176635742,-0.36559486389160156,3
1771110518774,-0.035657912492752075,-0.028898239135742188,-0.019422292709350586,3
1771110518888,-0.04120415449142456,0.1170797348022461,-0.15593338012695312,3
1771110519047,0.14794506132602692,0.4360818862915039,-0.3280155658721924,3
1771110519137,0.00925108790397644,0.5579319000244141,-0.3247063159942627,3
1771110519328,-0.007300019264221191,0.1280221939086914,-0.08939266204833984,3
1771110519499,-0.08121228218078613,0.2467327117919922,-0.4104347229003906,3
1771110519503,-0.03376629948616028,0.04113006591796875,-0.3318479061126709,3
1771110519565,0.062086254358291626,-0.04639720916748047,-0.3569941520690918,3
1771110519675,-0.07531711459159851,0.025422096252441406,-0.5324993133544922,3
1771110519791,-0.18100440502166748,0.060115814208984375,-0.28886687755584717,3
1771110519906,-0.19340091943740845,-0.09064674377441406,-0.6146397590637207,3
1771110520038,0.16123215854167938,0.1360177993774414,0.03382587432861328,3
1771110520388,0.1503669023513794,-0.03388404846191406,0.12434959411621094,3
1771110520393,0.1503669023513794,-0.03388404846191406,0.12434959411621094,3
1771110520394,0.06584945321083069,0.08243560791015625,0.06801629066467285,3
1771110520592,0.14335310459136963,-0.03681182861328125,-0.3238558769226074,3
1771110520596,0.14335310459136963,-0.03681182861328125,-0.3238558769226074,3
1771110520691,0.0541512668132782,0.17794036865234375,0.0777134895324707,3
1771110520811,0.18144163489341736,0.29269886016845703,0.17902207374572754,3
1771110520963,0.08042864501476288,0.008545875549316406,-0.07036113739013672,3
1771110521045,0.07504984736442566,-0.009892463684082031,0.37095439434051514,3
1771110521144,0.14440390467643738,0.06866741180419922,0.2457503080368042,3
1771110521244,-0.0934441089630127,0.1318826675415039,-0.035112738609313965,3
1771110521360,-0.07525694370269775,0.07024192810058594,-0.17282092571258545,3
1771110521482,0.09031182527542114,-0.08228683471679688,-0.0452427864074707,3
1771110521592,0.1980377733707428,0.14656639099121094,-0.06341671943664551,3
1771110521712,0.22095368802547455,0.2842864990234375,0.09236502647399902,3
1771110521838,-0.029473453760147095,-0.21535110473632812,-0.32727324962615967,3
1771110521964,-0.11155736446380615,-0.13382816314697266,0.19492006301879883,3
1771110522046,0.24053701758384705,0.2172842025756836,0.4517967700958252,3
1771110522145,-0.009358912706375122,0.013287544250488281,0.2795604467391968,3
1771110522262,-0.12650829553604126,-0.20343971252441406,-0.06628072261810303,3
1771110522378,-0.18483594059944153,0.07412528991699219,0.18869554996490479,3
1771110522494,0.2122284471988678,-0.19136333465576172,0.3717219829559326,3
1771110522612,0.5193212032318115,0.1285228729248047,0.47403979301452637,3
1771110522727,0.174687922000885,-0.10579872131347656,0.3615541458129883,3
1771110522837,-0.03909096121788025,-0.2225818634033203,0.7519268989562988,3
1771110522967,0.017457693815231323,0.07158279418945312,0.06143474578857422,3
1771110523063,0.1664288341999054,-0.017076492309570312,0.38906192779541016,3
1771110523178,-0.1723593771457672,-0.00589752197265625,0.052700042724609375,3
1771110523298,0.2619548738002777,0.20597076416015625,0.6979501247406006,3
1771110523415,0.3055625557899475,-0.29143714904785156,0.19829893112182617,3
1771110523529,-0.17534157633781433,-0.0652151107788086,-0.24889302253723145,3
1771110523631,-0.0014011263847351074,-0.15207386016845703,0.1825268268585205,3
1771110523745,0.13731417059898376,0.09774398803710938,0.43591761589050293,3
1771110523847,0.16973908245563507,-0.09998321533203125,-0.10855841636657715,3
1771110523967,-0.24710127711296082,-0.1060638427734375,-0.09647727012634277,3
1771110524064,0.34383535385131836,0.03415107727050781,0.6832349300384521,3
1771110524166,0.5080990195274353,0.07234954833984375,0.5802876949310303,3
1771110524319,-0.2260650247335434,0.1443004608154297,0.1390388011932373,3
1771110524387,-0.24701721966266632,0.02048206329345703,0.2087414264678955,3
1771110524500,0.15452547371387482,0.21613788604736328,0.2575562000274658,3
1771110524600,0.2979089617729187,0.4048118591308594,0.052964210510253906,3
1771110524714,0.05302494764328003,-0.042595863342285156,-0.3301422595977783,3
1771110524816,-0.19342492520809174,0.14745235443115234,0.007497072219848633,3
1771110524928,0.0761081799864769,0.17133808135986328,-0.08902835845947266,3
1771110525035,0.11134694516658783,-0.0645761489868164,0.03373074531555176,3
1771110525147,-0.264939546585083,0.07498550415039062,-0.7222903966903687,3
1771110525248,0.04608733952045441,-0.14635086059570312,-0.15846657752990723,3
1771110525351,-0.16688969731330872,0.26210689544677734,-1.0433504581451416,3
1771110525469,0.022860318422317505,0.26931095123291016,-0.23454511165618896,3
1771110525581,-0.1516394317150116,-0.013978004455566406,-0.8224310874938965,3
1771110525691,-0.18681660294532776,0.08592700958251953,-0.12525522708892822,3
1771110525814,0.2320501059293747,-0.056548118591308594,0.7977068424224854,3
1771110525933,0.15706172585487366,-0.130279541015625,-0.26168203353881836,3
1771110526043,0.15828807651996613,-0.03878498077392578,-0.23006188869476318,3
1771110526178,-0.08021020889282227,0.05851936340332031,-0.2409665584564209,3
1771110526258,0.33493226766586304,-0.1410808563232422,0.8305773735046387,3
1771110526374,0.020231038331985474,0.20181655883789062,0.27002429962158203,3
1771110526500,0.265985369682312,-0.3520059585571289,0.4548678398132324,3
1771110526608,0.2694094181060791,0.11967849731445312,0.47902941703796387,3
1771110526725,0.416903018951416,0.19253921508789062,0.8138459920883179,3
1771110526841,0.21850824356079102,0.11713695526123047,0.9560754299163818,3
1771110526971,0.1685311496257782,-0.23717975616455078,0.7142883539199829,3
1771110527043,0.1461058109998703,0.1324462890625,0.5767922401428223,3
1771110527162,0.19425570964813232,0.0037012100219726562,0.8084222078323364,3
1771110527260,0.08235296607017517,-0.07883548736572266,0.5291705131530762,3
1771110527386,-0.10765346884727478,-0.06354618072509766,0.4242119789123535,3
1771110527494,0.37329208850860596,-0.38861083984375,0.6039445400238037,3
1771110527611,0.3312870264053345,0.053702354431152344,0.5919651985168457,3
1771110527729,-0.29328423738479614,-0.4550199508666992,-0.03809809684753418,3
1771110527828,0.22862277925014496,-0.0073680877685546875,0.07014226913452148,3
1771110527937,0.3346445560455322,0.11607551574707031,1.213599443435669,3
1771110528039,0.19548958539962769,-0.27403736114501953,0.5059740543365479,3
1771110528154,0.035499706864356995,-0.038382530212402344,0.17975425720214844,3
1771110528269,0.09213532507419586,0.02974224090576172,0.46333932876586914,3
1771110528396,-0.1477004736661911,-0.08107280731201172,0.18253564834594727,3
1771110528503,-0.0316845178604126,-0.2968158721923828,0.3265876770019531,3
1771110528621,0.10158034414052963,-0.35077762603759766,0.33339691162109375,3
1771110528812,0.002139672636985779,-0.0809030532836914,0.20679926872253418,3
1771110528937,0.07565607875585556,-0.2120046615600586,0.20676565170288086,3
1771110528988,0.40268173813819885,-0.1603078842163086,0.39629197120666504,3
1771110529057,0.021076396107673645,-0.1287975311279297,0.30189013481140137,3
1771110529232,-0.48693305253982544,-0.43056392669677734,-0.30956268310546875,3
1771110529357,-0.2391509860754013,0.02397918701171875,0.16451096534729004,3
1771110529467,0.28735217452049255,-0.20870208740234375,-0.007524013519287109,3
1771110529509,0.28735217452049255,-0.20870208740234375,-0.007524013519287109,3
1771110529604,0.34320104122161865,0.21476268768310547,0.967738151550293,3
1771110529721,-0.19437053799629211,-0.5024433135986328,0.1782999038696289,3
1771110529825,-0.20145952701568604,-0.21839427947998047,0.1168813705444336,3
1771110529943,0.23168158531188965,0.1777639389038086,0.36373281478881836,3
1771110530060,0.2860713601112366,0.035025596618652344,0.14303016662597656,3
1771110530172,0.10937682539224625,0.1474313735961914,-0.05835294723510742,3
1771110530297,-0.22631171345710754,-0.11120128631591797,-0.5030388832092285,3
1771110530564,-0.5535950660705566,-0.13189697265625,0.4606015682220459,3
1771110530566,-0.5535950660705566,-0.13189697265625,0.4606015682220459,3
1771110530710,0.23618009686470032,-0.13544273376464844,0.20840740203857422,3
1771110530844,-0.8097679615020752,-0.2808351516723633,0.38231468200683594,3
1771110530944,-0.3013248145580292,0.042324066162109375,0.2132434844970703,3
1771110531033,-0.05104778707027435,0.0995016098022461,-0.053038835525512695,3
1771110531097,-0.2446933388710022,0.5700016021728516,-0.5154120922088623,3
1771110531218,-0.015072062611579895,-0.11180305480957031,0.6439738273620605,3
1771110531500,-0.18796290457248688,0.0005779266357421875,0.3694779872894287,3
1771110531617,-0.18796290457248688,0.0005779266357421875,0.3694779872894287,3
1771110531733,-0.18796290457248688,0.0005779266357421875,0.3694779872894287,3
1771110531841,-0.18796290457248688,0.0005779266357421875,0.3694779872894287,3
1771110531983,-0.18796290457248688,0.0005779266357421875,0.3694779872894287,3
1771110532130,-0.18796290457248688,0.0005779266357421875,0.3694779872894287,3
1771110532192,-0.18796290457248688,0.0005779266357421875,0.3694779872894287,3
1771110532728,-0.18796290457248688,0.0005779266357421875,0.3694779872894287,3
1771110532734,-0.18796290457248688,0.0005779266357421875,0.3694779872894287,3
1771110532736,-0.18796290457248688,0.0005779266357421875,0.3694779872894287,3
1771110532878,-0.18796290457248688,0.0005779266357421875,0.3694779872894287,3
1771110533081,-0.18796290457248688,0.0005779266357421875,0.3694779872894287,3
1771110533086,-0.18796290457248688,0.0005779266357421875,0.3694779872894287,3
1771110533313,-0.18796290457248688,0.0005779266357421875,0.3694779872894287,3
1771110534305,-0.18796290457248688,0.0005779266357421875,0.3694779872894287,3
1771110534315,-0.18796290457248688,0.0005779266357421875,0.3694779872894287,3
1771110534316,-0.18796290457248688,0.0005779266357421875,0.3694779872894287,3
1771110534317,-0.18796290457248688,0.0005779266357421875,0.3694779872894287,3
1771110534319,-0.18796290457248688,0.0005779266357421875,0.3694779872894287,3
1771110534321,-0.18796290457248688,0.0005779266357421875,0.3694779872894287,3
1771110534322,-0.18796290457248688,0.0005779266357421875,0.3694779872894287,3
1771110534323,-0.18796290457248688,0.0005779266357421875,0.3694779872894287,3
1771110534325,-0.18796290457248688,0.0005779266357421875,0.3694779872894287,3
1771110534644,-0.18796290457248688,0.0005779266357421875,0.3694779872894287,3
1771110534648,-0.18796290457248688,0.0005779266357421875,0.3694779872894287,3
1771110534658,-0.18796290457248688,0.0005779266357421875,0.3694779872894287,3
1771110535321,-0.18796290457248688,0.0005779266357421875,0.3694779872894287,3
1771110535332,-0.18796290457248688,0.0005779266357421875,0.3694779872894287,3
1771110535344,-0.18796290457248688,0.0005779266357421875,0.3694779872894287,3
1771110535348,-0.18796290457248688,0.0005779266357421875,0.3694779872894287,3
1771110535351,-0.18796290457248688,0.0005779266357421875,0.3694779872894287,3
1771110536349,-0.18796290457248688,0.0005779266357421875,0.3694779872894287,3
1771110536352,-0.18796290457248688,0.0005779266357421875,0.3694779872894287,3
1771110536370,-0.18796290457248688,0.0005779266357421875,0.3694779872894287,3
1771110536390,-0.18796290457248688,0.0005779266357421875,0.3694779872894287,3
1771110536452,-0.18796290457248688,0.0005779266357421875,0.3694779872894287,3
1771110536454,-0.18796290457248688,0.0005779266357421875,0.3694779872894287,3
1771110536465,-0.18796290457248688,0.0005779266357421875,0.3694779872894287,3
1771110536468,-0.18796290457248688,0.0005779266357421875,0.3694779872894287,3
1771110537186,-0.18796290457248688,0.0005779266357421875,0.3694779872894287,3
1771110537202,-0.18796290457248688,0.0005779266357421875,0.3694779872894287,3
1771110537257,-0.18796290457248688,0.0005779266357421875,0.3694779872894287,3
1771110537260,-0.18796290457248688,0.0005779266357421875,0.3694779872894287,3
1771110537270,-0.18796290457248688,0.0005779266357421875,0.3694779872894287,3
1771110537272,-0.18796290457248688,0.0005779266357421875,0.3694779872894287,3
1771110538251,-0.18796290457248688,0.0005779266357421875,0.3694779872894287,3
1771110538253,-0.18796290457248688,0.0005779266357421875,0.3694779872894287,3
1771110538261,-0.18796290457248688,0.0005779266357421875,0.3694779872894287,3
1771110538264,-0.18796290457248688,0.0005779266357421875,0.3694779872894287,3
1771110538266,-0.18796290457248688,0.0005779266357421875,0.3694779872894287,3
1771110538267,-0.18796290457248688,0.0005779266357421875,0.3694779872894287,3
1771110538269,-0.18796290457248688,0.0005779266357421875,0.3694779872894287,3
1771110538272,-0.18796290457248688,0.0005779266357421875,0.3694779872894287,3
1771110538273,-0.18796290457248688,0.0005779266357421875,0.3694779872894287,3
1771110538276,-0.18796290457248688,0.0005779266357421875,0.3694779872894287,3
1771110538561,-0.18796290457248688,0.0005779266357421875,0.3694779872894287,3
1771110538564,-0.18796290457248688,0.0005779266357421875,0.3694779872894287,3
1771110538568,-0.18796290457248688,0.0005779266357421875,0.3694779872894287,3
1771110538859,-0.18796290457248688,0.0005779266357421875,0.3694779872894287,3
1771110538868,-0.18796290457248688,0.0005779266357421875,0.3694779872894287,3
1771110538869,-0.18796290457248688,0.0005779266357421875,0.3694779872894287,3
1771110539038,-0.18796290457248688,0.0005779266357421875,0.3694779872894287,3
1771110539233,-0.18796290457248688,0.0005779266357421875,0.3694779872894287,3
1771110539236,-0.18796290457248688,0.0005779266357421875,0.3694779872894287,3
1771110539506,-0.18796290457248688,0.0005779266357421875,0.3694779872894287,3
1771110539659,-0.18796290457248688,0.0005779266357421875,0.3694779872894287,3
1771110539853,-0.18796290457248688,0.0005779266357421875,0.3694779872894287,3
1771110540052,-0.18796290457248688,0.0005779266357421875,0.3694779872894287,3
1771110540056,-0.18796290457248688,0.0005779266357421875,0.3694779872894287,3
1771110540424,-0.18796290457248688,0.0005779266357421875,0.3694779872894287,3
1771110540427,-0.18796290457248688,0.0005779266357421875,0.3694779872894287,3
1771110540429,-0.18796290457248688,0.0005779266357421875,0.3694779872894287,3
1771110540877,-0.18796290457248688,0.0005779266357421875,0.3694779872894287,3
1771110540878,-0.18796290457248688,0.0005779266357421875,0.3694779872894287,3
1771110540878,-0.18796290457248688,0.0005779266357421875,0.3694779872894287,3
1771110540879,-0.18796290457248688,0.0005779266357421875,0.3694779872894287,3
1771110541131,-0.05632190406322479,-0.10596084594726562,0.15920019149780273,3
1771110541317,0.3125881552696228,-0.1082010269165039,0.7619311809539795,3
1771110541384,-0.254905104637146,-0.1255474090576172,0.31024885177612305,3
1771110541457,-0.23499652743339539,-0.1800403594970703,0.08176422119140625,3
1771110541573,-0.3752872347831726,-0.08895111083984375,0.15058636665344238,3
1771110541697,-0.33429884910583496,-0.16167449951171875,0.030165910720825195,3
1771110541790,-0.37433552742004395,0.07952880859375,-0.2526581287384033,3
1771110541908,-0.13253480195999146,0.032441139221191406,0.039789438247680664,3
1771110542024,0.6037905812263489,-0.10619068145751953,0.05466032028198242,3
1771110542168,0.2842784821987152,-0.0656595230102539,0.18368911743164062,3
1771110542255,-0.17551115155220032,-0.2780475616455078,0.34196043014526367,3
1771110542357,-0.1507205218076706,0.2210407257080078,-0.07604289054870605,3
1771110542473,-0.3330020308494568,0.11619281768798828,0.17424249649047852,3
1771110542573,0.12219750881195068,0.08791446685791016,0.031032085418701172,3
1771110542674,-0.44156450033187866,0.015187263488769531,-0.07631230354309082,3
1771110542792,0.25041311979293823,0.07951545715332031,0.16286015510559082,3
1771110542895,0.3117177486419678,-0.03159523010253906,0.013585567474365234,3
1771110543019,-0.3612925708293915,0.0488433837890625,-0.1325821876525879,3
1771110543142,-0.6411119103431702,-0.06875038146972656,-0.48832249641418457,3
1771110543397,-0.38716644048690796,0.19034099578857422,-0.5556271076202393,3
1771110543399,-0.38716644048690796,0.19034099578857422,-0.5556271076202393,3
1771110543538,0.49028781056404114,0.03145122528076172,-0.3470578193664551,3
1771110543602,0.00674186646938324,0.2544269561767578,-0.1465775966644287,3
1771110543710,-0.15898838639259338,0.0769033432006836,-0.14084148406982422,3
1771110543826,-0.024089157581329346,0.012974739074707031,-0.48865413665771484,3
1771110543945,0.1419004648923874,0.15106582641601562,-0.06969642639160156,3
1771110544134,0.1548745334148407,0.029573440551757812,0.09413623809814453,3
1771110544180,0.06672239303588867,0.019598960876464844,-0.26792049407958984,3
1771110544278,0.19520041346549988,0.1093130111694336,0.15948820114135742,3
1771110544393,-0.1803518533706665,0.06006050109863281,-0.1116180419921875,3
1771110544494,-0.06304720044136047,0.08633041381835938,-0.24657082557678223,3
1771110544615,-0.019230574369430542,0.08619403839111328,-0.5730489492416382,3
1771110544727,0.11000625789165497,0.1587810516357422,-0.5138113498687744,3
1771110544835,-0.1468317210674286,0.051245689392089844,-0.29589104652404785,3
1771110544945,-0.17430379986763,0.24104976654052734,-0.6482510566711426,3
1771110545063,-0.17025873064994812,0.013294219970703125,-0.7880890369415283,3
1771110545164,0.13344839215278625,0.1697549819946289,-0.6812289953231812,3
1771110545277,-0.05623629689216614,0.1820516586303711,-0.6269320249557495,3
1771110545417,-0.12960872054100037,-0.0047245025634765625,-0.13366317749023438,3
